ts,equity
2023-01-01 00:00:00+00:00,1000.0
2023-01-01 08:00:00+00:00,1000.0
2023-01-01 16:00:00+00:00,1000.0
2023-01-02 00:00:00+00:00,1000.0
2023-01-02 08:00:00+00:00,1000.0
2023-01-02 16:00:00+00:00,1000.0
2023-01-03 00:00:00+00:00,1000.0
2023-01-03 08:00:00+00:00,1000.0
2023-01-03 16:00:00+00:00,1000.0
2023-01-04 00:00:00+00:00,1000.0
2023-01-04 08:00:00+00:00,1000.0
2023-01-04 16:00:00+00:00,1000.0
2023-01-05 00:00:00+00:00,1000.0
2023-01-05 08:00:00+00:00,1000.0
2023-01-05 16:00:00+00:00,1000.0
2023-01-06 00:00:00+00:00,1000.0
2023-01-06 08:00:00+00:00,1000.0
2023-01-06 16:00:00+00:00,1000.0
2023-01-07 00:00:00+00:00,1000.0
2023-01-07 08:00:00+00:00,1000.0
2023-01-07 16:00:00+00:00,1000.0
2023-01-08 00:00:00+00:00,1000.0
2023-01-08 08:00:00+00:00,1000.0
2023-01-08 16:00:00+00:00,1000.0
2023-01-09 00:00:00+00:00,1000.0
2023-01-09 08:00:00+00:00,1000.0
2023-01-09 16:00:00+00:00,1000.0
2023-01-10 00:00:00+00:00,1000.0
2023-01-10 08:00:00+00:00,1000.0
2023-01-10 16:00:00+00:00,1000.0
2023-01-11 00:00:00+00:00,1000.0
2023-01-11 08:00:00+00:00,1000.0
2023-01-11 16:00:00+00:00,1000.0
2023-01-12 00:00:00+00:00,1000.0
2023-01-12 08:00:00+00:00,1000.0
2023-01-12 16:00:00+00:00,1000.0
2023-01-13 00:00:00+00:00,1000.0
2023-01-13 08:00:00+00:00,1000.0
2023-01-13 16:00:00+00:00,1000.0
2023-01-14 00:00:00+00:00,1000.0
2023-01-14 08:00:00+00:00,1000.0
2023-01-14 16:00:00+00:00,1000.0
2023-01-15 00:00:00+00:00,1000.0
2023-01-15 08:00:00+00:00,1000.0
2023-01-15 16:00:00+00:00,1000.0
2023-01-16 00:00:00+00:00,1000.0
2023-01-16 08:00:00+00:00,1000.0
2023-01-16 16:00:00+00:00,1000.0
2023-01-17 00:00:00+00:00,1000.0
2023-01-17 08:00:00+00:00,1000.0
2023-01-17 16:00:00+00:00,1000.0
2023-01-18 00:00:00+00:00,1000.0
2023-01-18 08:00:00+00:00,1000.0
2023-01-18 16:00:00+00:00,1000.0
2023-01-19 00:00:00+00:00,1000.0
2023-01-19 08:00:00+00:00,1000.0
2023-01-19 16:00:00+00:00,1000.0
2023-01-20 00:00:00+00:00,1000.0
2023-01-20 08:00:00+00:00,1000.0
2023-01-20 16:00:00+00:00,1000.0
2023-01-21 00:00:00+00:00,1000.0
2023-01-21 08:00:00+00:00,1000.0
2023-01-21 16:00:00+00:00,1000.0
2023-01-22 00:00:00+00:00,1000.0
2023-01-22 08:00:00+00:00,1000.0
2023-01-22 16:00:00+00:00,1000.0
2023-01-23 00:00:00+00:00,1000.0
2023-01-23 08:00:00+00:00,1000.0
2023-01-23 16:00:00+00:00,1000.0
2023-01-24 00:00:00+00:00,1000.0
2023-01-24 08:00:00+00:00,1000.0
2023-01-24 16:00:00+00:00,1000.0
2023-01-25 00:00:00+00:00,1000.0
2023-01-25 08:00:00+00:00,1000.0
2023-01-25 16:00:00+00:00,1000.0
2023-01-26 00:00:00+00:00,1000.0
2023-01-26 08:00:00+00:00,1000.0
2023-01-26 16:00:00+00:00,1000.0
2023-01-27 00:00:00+00:00,1000.0
2023-01-27 08:00:00+00:00,1000.0
2023-01-27 16:00:00+00:00,1000.0
2023-01-28 00:00:00+00:00,1000.0
2023-01-28 08:00:00+00:00,1000.0
2023-01-28 16:00:00+00:00,1000.0
2023-01-29 00:00:00+00:00,1000.0
2023-01-29 08:00:00+00:00,1000.0
2023-01-29 16:00:00+00:00,1000.0
2023-01-30 00:00:00+00:00,1000.0
2023-01-30 08:00:00+00:00,1000.0
2023-01-30 16:00:00+00:00,1000.0
2023-01-31 00:00:00+00:00,1000.0
2023-01-31 08:00:00+00:00,1000.0
2023-01-31 16:00:00+00:00,1000.0
2023-02-01 00:00:00+00:00,1000.0
2023-02-01 08:00:00+00:00,1000.0
2023-02-01 16:00:00+00:00,1000.0
2023-02-02 00:00:00+00:00,1000.0
2023-02-02 08:00:00+00:00,1000.0
2023-02-02 16:00:00+00:00,1000.0
2023-02-03 00:00:00+00:00,1000.0
2023-02-03 08:00:00+00:00,1000.0
2023-02-03 16:00:00+00:00,1000.0
2023-02-04 00:00:00+00:00,1000.0
2023-02-04 08:00:00+00:00,1000.0
2023-02-04 16:00:00+00:00,1000.0
2023-02-05 00:00:00+00:00,1000.0
2023-02-05 08:00:00+00:00,1000.0
2023-02-05 16:00:00+00:00,1000.0
2023-02-06 00:00:00+00:00,1000.0
2023-02-06 08:00:00+00:00,1000.0
2023-02-06 16:00:00+00:00,1000.0
2023-02-07 00:00:00+00:00,1000.0
2023-02-07 08:00:00+00:00,1000.0
2023-02-07 16:00:00+00:00,1000.0
2023-02-08 00:00:00+00:00,1000.0
2023-02-08 08:00:00+00:00,1000.0
2023-02-08 16:00:00+00:00,1000.0
2023-02-09 00:00:00+00:00,1000.0
2023-02-09 08:00:00+00:00,1000.0
2023-02-09 16:00:00+00:00,1000.0
2023-02-10 00:00:00+00:00,1000.0
2023-02-10 08:00:00+00:00,1000.0
2023-02-10 16:00:00+00:00,1000.0
2023-02-11 00:00:00+00:00,1000.0
2023-02-11 08:00:00+00:00,1000.0
2023-02-11 16:00:00+00:00,1000.0
2023-02-12 00:00:00+00:00,1000.0
2023-02-12 08:00:00+00:00,1000.0
2023-02-12 16:00:00+00:00,1000.0
2023-02-13 00:00:00+00:00,1000.0
2023-02-13 08:00:00+00:00,1000.0
2023-02-13 16:00:00+00:00,1000.0
2023-02-14 00:00:00+00:00,1000.0
2023-02-14 08:00:00+00:00,1000.0
2023-02-14 16:00:00+00:00,1000.0
2023-02-15 00:00:00+00:00,1000.0
2023-02-15 08:00:00+00:00,1000.0
2023-02-15 16:00:00+00:00,1000.0
2023-02-16 00:00:00+00:00,1000.0
2023-02-16 08:00:00+00:00,1000.0
2023-02-16 16:00:00+00:00,1000.0
2023-02-17 00:00:00+00:00,1000.0
2023-02-17 08:00:00+00:00,1000.0
2023-02-17 16:00:00+00:00,1000.0
2023-02-18 00:00:00+00:00,1000.0
2023-02-18 08:00:00+00:00,1000.0
2023-02-18 16:00:00+00:00,1000.0
2023-02-19 00:00:00+00:00,1000.0
2023-02-19 08:00:00+00:00,1000.0
2023-02-19 16:00:00+00:00,1000.0
2023-02-20 00:00:00+00:00,1000.0
2023-02-20 08:00:00+00:00,1000.0
2023-02-20 16:00:00+00:00,1000.0
2023-02-21 00:00:00+00:00,1000.0
2023-02-21 08:00:00+00:00,1000.0
2023-02-21 16:00:00+00:00,1000.0
2023-02-22 00:00:00+00:00,1000.0
2023-02-22 08:00:00+00:00,1000.0
2023-02-22 16:00:00+00:00,1000.0
2023-02-23 00:00:00+00:00,1000.0
2023-02-23 08:00:00+00:00,1000.0
2023-02-23 16:00:00+00:00,1000.0
2023-02-24 00:00:00+00:00,1000.0
2023-02-24 08:00:00+00:00,1000.0
2023-02-24 16:00:00+00:00,1000.0
2023-02-25 00:00:00+00:00,1000.0
2023-02-25 08:00:00+00:00,1000.0
2023-02-25 16:00:00+00:00,1000.0
2023-02-26 00:00:00+00:00,1000.0
2023-02-26 08:00:00+00:00,1000.0
2023-02-26 16:00:00+00:00,1000.0
2023-02-27 00:00:00+00:00,1000.0
2023-02-27 08:00:00+00:00,1000.0
2023-02-27 16:00:00+00:00,1000.0
2023-02-28 00:00:00+00:00,1000.0
2023-02-28 08:00:00+00:00,1000.0
2023-02-28 16:00:00+00:00,1000.0
2023-03-01 00:00:00+00:00,1000.0
2023-03-01 08:00:00+00:00,1000.0
2023-03-01 16:00:00+00:00,1000.0
2023-03-02 00:00:00+00:00,1000.0
2023-03-02 08:00:00+00:00,1000.0
2023-03-02 16:00:00+00:00,1000.0
2023-03-03 00:00:00+00:00,1000.0
2023-03-03 08:00:00+00:00,1000.0
2023-03-03 16:00:00+00:00,1000.0
2023-03-04 00:00:00+00:00,1000.0
2023-03-04 08:00:00+00:00,1000.0
2023-03-04 16:00:00+00:00,1000.0
2023-03-05 00:00:00+00:00,1000.0
2023-03-05 08:00:00+00:00,1000.0
2023-03-05 16:00:00+00:00,1000.0
2023-03-06 00:00:00+00:00,1000.0
2023-03-06 08:00:00+00:00,1000.0
2023-03-06 16:00:00+00:00,1000.0
2023-03-07 00:00:00+00:00,1000.0
2023-03-07 08:00:00+00:00,1000.0
2023-03-07 16:00:00+00:00,1000.0
2023-03-08 00:00:00+00:00,1000.0
2023-03-08 08:00:00+00:00,1000.0
2023-03-08 16:00:00+00:00,1000.0
2023-03-09 00:00:00+00:00,1000.0
2023-03-09 08:00:00+00:00,1000.0
2023-03-09 16:00:00+00:00,1000.0
2023-03-10 00:00:00+00:00,1000.0
2023-03-10 08:00:00+00:00,1000.0
2023-03-10 16:00:00+00:00,996.648112810718
2023-03-11 00:00:00+00:00,1000.8076916543829
2023-03-11 08:00:00+00:00,999.9895549218176
2023-03-11 16:00:00+00:00,996.394374323777
2023-03-12 00:00:00+00:00,997.5608841241822
2023-03-12 08:00:00+00:00,997.9891383446335
2023-03-12 16:00:00+00:00,986.0537529640303
2023-03-13 00:00:00+00:00,985.7463010730054
2023-03-13 08:00:00+00:00,984.7748603996903
2023-03-13 16:00:00+00:00,984.7748603996903
2023-03-14 00:00:00+00:00,984.7748603996903
2023-03-14 08:00:00+00:00,984.7748603996903
2023-03-14 16:00:00+00:00,984.7748603996903
2023-03-15 00:00:00+00:00,978.3716248867372
2023-03-15 08:00:00+00:00,969.5481190257104
2023-03-15 16:00:00+00:00,969.6838011277833
2023-03-16 00:00:00+00:00,971.1215622155361
2023-03-16 08:00:00+00:00,972.030238420382
2023-03-16 16:00:00+00:00,973.0622078083601
2023-03-17 00:00:00+00:00,979.5554367789107
2023-03-17 08:00:00+00:00,979.6716649169679
2023-03-17 16:00:00+00:00,988.1492967086127
2023-03-18 00:00:00+00:00,990.779590532384
2023-03-18 08:00:00+00:00,986.6017795680835
2023-03-18 16:00:00+00:00,983.4633080667028
2023-03-19 00:00:00+00:00,985.0093519940259
2023-03-19 08:00:00+00:00,987.6485186602249
2023-03-19 16:00:00+00:00,988.0736736352129
2023-03-20 00:00:00+00:00,988.8111833546055
2023-03-20 08:00:00+00:00,985.3518708892708
2023-03-20 16:00:00+00:00,980.6799528177162
2023-03-21 00:00:00+00:00,974.4310935380208
2023-03-21 08:00:00+00:00,986.5154766833
2023-03-21 16:00:00+00:00,986.3555831048088
2023-03-22 00:00:00+00:00,985.7268948405729
2023-03-22 08:00:00+00:00,990.0002618133782
2023-03-22 16:00:00+00:00,979.0132546902847
2023-03-23 00:00:00+00:00,981.0483593554687
2023-03-23 08:00:00+00:00,992.5718581609862
2023-03-23 16:00:00+00:00,991.518474131718
2023-03-24 00:00:00+00:00,989.0666761027404
2023-03-24 08:00:00+00:00,981.9435276441567
2023-03-24 16:00:00+00:00,976.4355499553692
2023-03-25 00:00:00+00:00,975.2133591380549
2023-03-25 08:00:00+00:00,976.3237707506156
2023-03-25 16:00:00+00:00,972.7796214115659
2023-03-26 00:00:00+00:00,975.159095427757
2023-03-26 08:00:00+00:00,977.0329166674803
2023-03-26 16:00:00+00:00,979.1854304422873
2023-03-27 00:00:00+00:00,974.7960100444872
2023-03-27 08:00:00+00:00,965.7483589090548
2023-03-27 16:00:00+00:00,966.4164533086438
2023-03-28 00:00:00+00:00,966.2843596530148
2023-03-28 08:00:00+00:00,967.2218372825396
2023-03-28 16:00:00+00:00,970.0601669584711
2023-03-29 00:00:00+00:00,982.0738767622065
2023-03-29 08:00:00+00:00,983.6189283407938
2023-03-29 16:00:00+00:00,982.7339903175339
2023-03-30 00:00:00+00:00,983.8289140167964
2023-03-30 08:00:00+00:00,980.2948783098308
2023-03-30 16:00:00+00:00,979.3132789546106
2023-03-31 00:00:00+00:00,981.3832596454122
2023-03-31 08:00:00+00:00,985.3043739173469
2023-03-31 16:00:00+00:00,985.6728760601062
2023-04-01 00:00:00+00:00,982.4750262148066
2023-04-01 08:00:00+00:00,981.8645648950138
2023-04-01 16:00:00+00:00,982.2783472504798
2023-04-02 00:00:00+00:00,982.2154883962751
2023-04-02 08:00:00+00:00,976.6771979284895
2023-04-02 16:00:00+00:00,975.7951702068244
2023-04-03 00:00:00+00:00,973.9696743067068
2023-04-03 08:00:00+00:00,972.9359834867151
2023-04-03 16:00:00+00:00,989.1245044733901
2023-04-04 00:00:00+00:00,992.2902918112942
2023-04-04 08:00:00+00:00,993.8322119053976
2023-04-04 16:00:00+00:00,993.9370350571946
2023-04-05 00:00:00+00:00,1001.9790318765137
2023-04-05 08:00:00+00:00,994.3374131275401
2023-04-05 16:00:00+00:00,991.1645456514418
2023-04-06 00:00:00+00:00,987.638312263033
2023-04-06 08:00:00+00:00,989.1229739110319
2023-04-06 16:00:00+00:00,987.8578162140674
2023-04-07 00:00:00+00:00,986.1860294892277
2023-04-07 08:00:00+00:00,987.8517282943913
2023-04-07 16:00:00+00:00,988.7203207549582
2023-04-08 00:00:00+00:00,989.3231605865722
2023-04-08 08:00:00+00:00,988.4506289189975
2023-04-08 16:00:00+00:00,986.0802531263954
2023-04-09 00:00:00+00:00,985.2017383473847
2023-04-09 08:00:00+00:00,984.9155672951554
2023-04-09 16:00:00+00:00,988.3583405920409
2023-04-10 00:00:00+00:00,988.6253452740748
2023-04-10 08:00:00+00:00,988.7510134553912
2023-04-10 16:00:00+00:00,996.8969183948005
2023-04-11 00:00:00+00:00,999.9758456153801
2023-04-11 08:00:00+00:00,999.2236897517795
2023-04-11 16:00:00+00:00,999.2176738413622
2023-04-12 00:00:00+00:00,998.4591073395638
2023-04-12 08:00:00+00:00,1000.421320472048
2023-04-12 16:00:00+00:00,1001.065884256608
2023-04-13 00:00:00+00:00,1003.5330612755951
2023-04-13 08:00:00+00:00,1011.5141655810776
2023-04-13 16:00:00+00:00,1011.9722027352584
2023-04-14 00:00:00+00:00,1023.6970282910794
2023-04-14 08:00:00+00:00,1012.305932423283
2023-04-14 16:00:00+00:00,1020.9197394917949
2023-04-15 00:00:00+00:00,1019.0352712477195
2023-04-15 08:00:00+00:00,1020.8286357647415
2023-04-15 16:00:00+00:00,1019.4330904256985
2023-04-16 00:00:00+00:00,1021.4106098403648
2023-04-16 08:00:00+00:00,1020.343596001023
2023-04-16 16:00:00+00:00,1027.4643376404786
2023-04-17 00:00:00+00:00,1022.4353543077003
2023-04-17 08:00:00+00:00,1020.6084998656397
2023-04-17 16:00:00+00:00,1021.3998229094736
2023-04-18 00:00:00+00:00,1031.8637537261827
2023-04-18 08:00:00+00:00,1032.669541285978
2023-04-18 16:00:00+00:00,1032.8925790421583
2023-04-19 00:00:00+00:00,1024.6709596621013
2023-04-19 08:00:00+00:00,1008.2862593244191
2023-04-19 16:00:00+00:00,1002.6575296881252
2023-04-20 00:00:00+00:00,1002.7949936507094
2023-04-20 08:00:00+00:00,1001.5916600702592
2023-04-20 16:00:00+00:00,1000.9540429605742
2023-04-21 00:00:00+00:00,1000.9540429605742
2023-04-21 08:00:00+00:00,1000.9540429605742
2023-04-21 16:00:00+00:00,1000.9540429605742
2023-04-22 00:00:00+00:00,1000.9540429605742
2023-04-22 08:00:00+00:00,1000.9540429605742
2023-04-22 16:00:00+00:00,1000.9540429605742
2023-04-23 00:00:00+00:00,1000.9540429605742
2023-04-23 08:00:00+00:00,1000.9540429605742
2023-04-23 16:00:00+00:00,1000.9540429605742
2023-04-24 00:00:00+00:00,1000.9540429605742
2023-04-24 08:00:00+00:00,1000.9540429605742
2023-04-24 16:00:00+00:00,1000.9540429605742
2023-04-25 00:00:00+00:00,1000.9540429605742
2023-04-25 08:00:00+00:00,1000.9540429605742
2023-04-25 16:00:00+00:00,1000.9540429605742
2023-04-26 00:00:00+00:00,1000.9540429605742
2023-04-26 08:00:00+00:00,1000.9540429605742
2023-04-26 16:00:00+00:00,1000.9540429605742
2023-04-27 00:00:00+00:00,1000.9540429605742
2023-04-27 08:00:00+00:00,1000.9540429605742
2023-04-27 16:00:00+00:00,1000.9540429605742
2023-04-28 00:00:00+00:00,1000.9540429605742
2023-04-28 08:00:00+00:00,1000.9540429605742
2023-04-28 16:00:00+00:00,1000.9540429605742
2023-04-29 00:00:00+00:00,1000.9540429605742
2023-04-29 08:00:00+00:00,1000.9540429605742
2023-04-29 16:00:00+00:00,1000.9540429605742
2023-04-30 00:00:00+00:00,1000.9540429605742
2023-04-30 08:00:00+00:00,1000.9540429605742
2023-04-30 16:00:00+00:00,1000.9540429605742
2023-05-01 00:00:00+00:00,1000.9540429605742
2023-05-01 08:00:00+00:00,1000.9540429605742
2023-05-01 16:00:00+00:00,1000.9540429605742
2023-05-02 00:00:00+00:00,1000.9540429605742
2023-05-02 08:00:00+00:00,1000.9540429605742
2023-05-02 16:00:00+00:00,1000.9540429605742
2023-05-03 00:00:00+00:00,1000.9540429605742
2023-05-03 08:00:00+00:00,1000.9540429605742
2023-05-03 16:00:00+00:00,1000.9540429605742
2023-05-04 00:00:00+00:00,1000.9540429605742
2023-05-04 08:00:00+00:00,1000.9540429605742
2023-05-04 16:00:00+00:00,1000.9540429605742
2023-05-05 00:00:00+00:00,1000.9540429605742
2023-05-05 08:00:00+00:00,1000.9540429605742
2023-05-05 16:00:00+00:00,1000.9540429605742
2023-05-06 00:00:00+00:00,1000.9540429605742
2023-05-06 08:00:00+00:00,1000.9540429605742
2023-05-06 16:00:00+00:00,1000.9540429605742
2023-05-07 00:00:00+00:00,1000.9540429605742
2023-05-07 08:00:00+00:00,1000.9540429605742
2023-05-07 16:00:00+00:00,1000.9540429605742
2023-05-08 00:00:00+00:00,1000.9540429605742
2023-05-08 08:00:00+00:00,1000.9540429605742
2023-05-08 16:00:00+00:00,1000.9540429605742
2023-05-09 00:00:00+00:00,1000.9540429605742
2023-05-09 08:00:00+00:00,1000.9540429605742
2023-05-09 16:00:00+00:00,1000.9540429605742
2023-05-10 00:00:00+00:00,1000.9540429605742
2023-05-10 08:00:00+00:00,1000.9540429605742
2023-05-10 16:00:00+00:00,1000.9540429605742
2023-05-11 00:00:00+00:00,1000.9540429605742
2023-05-11 08:00:00+00:00,1000.9540429605742
2023-05-11 16:00:00+00:00,1000.9540429605742
2023-05-12 00:00:00+00:00,1000.9540429605742
2023-05-12 08:00:00+00:00,1000.9540429605742
2023-05-12 16:00:00+00:00,1000.9540429605742
2023-05-13 00:00:00+00:00,1000.9540429605742
2023-05-13 08:00:00+00:00,1000.9540429605742
2023-05-13 16:00:00+00:00,1000.9540429605742
2023-05-14 00:00:00+00:00,1000.9540429605742
2023-05-14 08:00:00+00:00,1000.9540429605742
2023-05-14 16:00:00+00:00,1000.9540429605742
2023-05-15 00:00:00+00:00,1000.9540429605742
2023-05-15 08:00:00+00:00,1000.9540429605742
2023-05-15 16:00:00+00:00,1000.9540429605742
2023-05-16 00:00:00+00:00,1000.9540429605742
2023-05-16 08:00:00+00:00,1000.9540429605742
2023-05-16 16:00:00+00:00,1000.9540429605742
2023-05-17 00:00:00+00:00,1000.9540429605742
2023-05-17 08:00:00+00:00,1000.9540429605742
2023-05-17 16:00:00+00:00,1000.9540429605742
2023-05-18 00:00:00+00:00,1000.9540429605742
2023-05-18 08:00:00+00:00,1000.9540429605742
2023-05-18 16:00:00+00:00,1000.9540429605742
2023-05-19 00:00:00+00:00,1000.9540429605742
2023-05-19 08:00:00+00:00,1000.9540429605742
2023-05-19 16:00:00+00:00,1000.9540429605742
2023-05-20 00:00:00+00:00,1000.9540429605742
2023-05-20 08:00:00+00:00,1000.9540429605742
2023-05-20 16:00:00+00:00,1000.9540429605742
2023-05-21 00:00:00+00:00,1000.9540429605742
2023-05-21 08:00:00+00:00,1000.9540429605742
2023-05-21 16:00:00+00:00,1000.9540429605742
2023-05-22 00:00:00+00:00,1000.9540429605742
2023-05-22 08:00:00+00:00,1000.9540429605742
2023-05-22 16:00:00+00:00,1000.9540429605742
2023-05-23 00:00:00+00:00,1000.9540429605742
2023-05-23 08:00:00+00:00,1000.9540429605742
2023-05-23 16:00:00+00:00,1000.9540429605742
2023-05-24 00:00:00+00:00,1000.9540429605742
2023-05-24 08:00:00+00:00,1000.9540429605742
2023-05-24 16:00:00+00:00,1000.9540429605742
2023-05-25 00:00:00+00:00,1000.9540429605742
2023-05-25 08:00:00+00:00,1000.9540429605742
2023-05-25 16:00:00+00:00,1000.9540429605742
2023-05-26 00:00:00+00:00,1000.9540429605742
2023-05-26 08:00:00+00:00,1000.9540429605742
2023-05-26 16:00:00+00:00,1000.9540429605742
2023-05-27 00:00:00+00:00,1000.9540429605742
2023-05-27 08:00:00+00:00,1000.9540429605742
2023-05-27 16:00:00+00:00,1000.9540429605742
2023-05-28 00:00:00+00:00,1000.9540429605742
2023-05-28 08:00:00+00:00,1000.9540429605742
2023-05-28 16:00:00+00:00,1000.9540429605742
2023-05-29 00:00:00+00:00,1000.9540429605742
2023-05-29 08:00:00+00:00,1000.9540429605742
2023-05-29 16:00:00+00:00,1000.9540429605742
2023-05-30 00:00:00+00:00,1000.9540429605742
2023-05-30 08:00:00+00:00,1000.9540429605742
2023-05-30 16:00:00+00:00,1000.9540429605742
2023-05-31 00:00:00+00:00,1000.9540429605742
2023-05-31 08:00:00+00:00,1000.9540429605742
2023-05-31 16:00:00+00:00,1000.9540429605742
2023-06-01 00:00:00+00:00,1000.9540429605742
2023-06-01 08:00:00+00:00,1000.9540429605742
2023-06-01 16:00:00+00:00,1000.9540429605742
2023-06-02 00:00:00+00:00,1000.9540429605742
2023-06-02 08:00:00+00:00,1000.9540429605742
2023-06-02 16:00:00+00:00,1000.9540429605742
2023-06-03 00:00:00+00:00,1000.9540429605742
2023-06-03 08:00:00+00:00,1000.9540429605742
2023-06-03 16:00:00+00:00,1000.9540429605742
2023-06-04 00:00:00+00:00,1000.9540429605742
2023-06-04 08:00:00+00:00,1000.9540429605742
2023-06-04 16:00:00+00:00,1000.9540429605742
2023-06-05 00:00:00+00:00,1000.9540429605742
2023-06-05 08:00:00+00:00,1000.9540429605742
2023-06-05 16:00:00+00:00,1000.9540429605742
2023-06-06 00:00:00+00:00,1000.9540429605742
2023-06-06 08:00:00+00:00,1000.9540429605742
2023-06-06 16:00:00+00:00,1000.9540429605742
2023-06-07 00:00:00+00:00,1000.9540429605742
2023-06-07 08:00:00+00:00,1000.9540429605742
2023-06-07 16:00:00+00:00,1000.9540429605742
2023-06-08 00:00:00+00:00,1000.9540429605742
2023-06-08 08:00:00+00:00,1000.9540429605742
2023-06-08 16:00:00+00:00,1000.9540429605742
2023-06-09 00:00:00+00:00,1000.9540429605742
2023-06-09 08:00:00+00:00,1000.9540429605742
2023-06-09 16:00:00+00:00,1000.9540429605742
2023-06-10 00:00:00+00:00,1000.9540429605742
2023-06-10 08:00:00+00:00,1023.9496824532671
2023-06-10 16:00:00+00:00,1014.6747271918965
2023-06-11 00:00:00+00:00,1016.8054300714098
2023-06-11 08:00:00+00:00,1019.5798944146578
2023-06-11 16:00:00+00:00,1013.6516924499442
2023-06-12 00:00:00+00:00,1018.5713103070289
2023-06-12 08:00:00+00:00,1017.706189892723
2023-06-12 16:00:00+00:00,1015.8091580281283
2023-06-13 00:00:00+00:00,1012.3724306399569
2023-06-13 08:00:00+00:00,1019.317128397441
2023-06-13 16:00:00+00:00,1014.5138320879832
2023-06-14 00:00:00+00:00,1013.7201546020051
2023-06-14 08:00:00+00:00,1012.6436586301855
2023-06-14 16:00:00+00:00,1026.5195018656896
2023-06-15 00:00:00+00:00,1025.550692491056
2023-06-15 08:00:00+00:00,1026.2842961132972
2023-06-15 16:00:00+00:00,1020.9644405068278
2023-06-16 00:00:00+00:00,1021.0155854267413
2023-06-16 08:00:00+00:00,1019.9704224285858
2023-06-16 16:00:00+00:00,1014.2375904825008
2023-06-17 00:00:00+00:00,1006.3741990168941
2023-06-17 08:00:00+00:00,1006.702559752024
2023-06-17 16:00:00+00:00,1007.2309335298739
2023-06-18 00:00:00+00:00,1008.0063242624791
2023-06-18 08:00:00+00:00,1005.8098854814197
2023-06-18 16:00:00+00:00,1009.8399199426705
2023-06-19 00:00:00+00:00,1009.713124520399
2023-06-19 08:00:00+00:00,1010.6078946663589
2023-06-19 16:00:00+00:00,1006.4964975621339
2023-06-20 00:00:00+00:00,1008.0598844039936
2023-06-20 08:00:00+00:00,1008.8320652053486
2023-06-20 16:00:00+00:00,998.5862907568462
2023-06-21 00:00:00+00:00,994.3087680281338
2023-06-21 08:00:00+00:00,990.8286107151824
2023-06-21 16:00:00+00:00,992.7761461629326
2023-06-22 00:00:00+00:00,986.8244372355089
2023-06-22 08:00:00+00:00,985.6807252583715
2023-06-22 16:00:00+00:00,983.3083033913521
2023-06-23 00:00:00+00:00,984.0968452235389
2023-06-23 08:00:00+00:00,992.3840439198727
2023-06-23 16:00:00+00:00,988.2853182860739
2023-06-24 00:00:00+00:00,987.1562295373012
2023-06-24 08:00:00+00:00,985.7875441802213
2023-06-24 16:00:00+00:00,985.0301704487349
2023-06-25 00:00:00+00:00,989.7578687927626
2023-06-25 08:00:00+00:00,986.4374145980555
2023-06-25 16:00:00+00:00,983.8138786617071
2023-06-26 00:00:00+00:00,993.0790835562982
2023-06-26 08:00:00+00:00,994.7313771787484
2023-06-26 16:00:00+00:00,983.8738133183235
2023-06-27 00:00:00+00:00,987.7483096610664
2023-06-27 08:00:00+00:00,984.8749968192319
2023-06-27 16:00:00+00:00,989.038175401915
2023-06-28 00:00:00+00:00,976.6781725495813
2023-06-28 08:00:00+00:00,979.8351834282471
2023-06-28 16:00:00+00:00,968.8428816107748
2023-06-29 00:00:00+00:00,971.2232431712453
2023-06-29 08:00:00+00:00,972.1447423241755
2023-06-29 16:00:00+00:00,972.0513575517455
2023-06-30 00:00:00+00:00,975.6907557508179
2023-06-30 08:00:00+00:00,970.2738100484905
2023-06-30 16:00:00+00:00,977.4627555908537
2023-07-01 00:00:00+00:00,975.2205211189164
2023-07-01 08:00:00+00:00,975.8927862361023
2023-07-01 16:00:00+00:00,976.891357009258
2023-07-02 00:00:00+00:00,977.5693265064839
2023-07-02 08:00:00+00:00,977.5447070433137
2023-07-02 16:00:00+00:00,980.5876421534356
2023-07-03 00:00:00+00:00,983.5197110767612
2023-07-03 08:00:00+00:00,984.9011750900789
2023-07-03 16:00:00+00:00,984.4392983003545
2023-07-04 00:00:00+00:00,980.7233959349556
2023-07-04 08:00:00+00:00,984.1083292359059
2023-07-04 16:00:00+00:00,977.0939123930476
2023-07-05 00:00:00+00:00,979.3524437715676
2023-07-05 08:00:00+00:00,966.687568420325
2023-07-05 16:00:00+00:00,969.8211863567653
2023-07-06 00:00:00+00:00,975.2534373384523
2023-07-06 08:00:00+00:00,968.0398459950085
2023-07-06 16:00:00+00:00,960.5079231775719
2023-07-07 00:00:00+00:00,960.9976560111398
2023-07-07 08:00:00+00:00,970.3348879742595
2023-07-07 16:00:00+00:00,970.456365229925
2023-07-08 00:00:00+00:00,970.66836003037
2023-07-08 08:00:00+00:00,969.3741478911788
2023-07-08 16:00:00+00:00,971.092575626473
2023-07-09 00:00:00+00:00,970.4226090288064
2023-07-09 08:00:00+00:00,969.3991727729452
2023-07-09 16:00:00+00:00,966.3855608457526
2023-07-10 00:00:00+00:00,962.080571520315
2023-07-10 08:00:00+00:00,965.7492360830453
2023-07-10 16:00:00+00:00,967.557044056779
2023-07-11 00:00:00+00:00,971.7703675410219
2023-07-11 08:00:00+00:00,970.6174354207461
2023-07-11 16:00:00+00:00,970.6137380326472
2023-07-12 00:00:00+00:00,972.129853152067
2023-07-12 08:00:00+00:00,970.8259482321824
2023-07-12 16:00:00+00:00,967.9022334152296
2023-07-13 00:00:00+00:00,967.8122197525022
2023-07-13 08:00:00+00:00,987.9002375483086
2023-07-13 16:00:00+00:00,1008.5727649631664
2023-07-14 00:00:00+00:00,1020.6915745123176
2023-07-14 08:00:00+00:00,1022.0451540706625
2023-07-14 16:00:00+00:00,999.0839438680158
2023-07-15 00:00:00+00:00,1002.0083990261605
2023-07-15 08:00:00+00:00,1002.035319105819
2023-07-15 16:00:00+00:00,998.5216680461044
2023-07-16 00:00:00+00:00,994.7061174525815
2023-07-16 08:00:00+00:00,995.8240901346046
2023-07-16 16:00:00+00:00,988.4184034269254
2023-07-17 00:00:00+00:00,993.2440311564975
2023-07-17 08:00:00+00:00,987.8914935157923
2023-07-17 16:00:00+00:00,991.7272511911818
2023-07-18 00:00:00+00:00,986.4734834130014
2023-07-18 08:00:00+00:00,984.3109880688166
2023-07-18 16:00:00+00:00,982.6428903683191
2023-07-19 00:00:00+00:00,983.3907307587662
2023-07-19 08:00:00+00:00,986.4368303821714
2023-07-19 16:00:00+00:00,983.813032163527
2023-07-20 00:00:00+00:00,991.2246198525173
2023-07-20 08:00:00+00:00,995.9383340773046
2023-07-20 16:00:00+00:00,998.9538484121151
2023-07-21 00:00:00+00:00,996.8699859327219
2023-07-21 08:00:00+00:00,1001.0389513747623
2023-07-21 16:00:00+00:00,1000.0427489286847
2023-07-22 00:00:00+00:00,999.5754752624409
2023-07-22 08:00:00+00:00,997.1413317436508
2023-07-22 16:00:00+00:00,992.5845654815264
2023-07-23 00:00:00+00:00,995.9645557210441
2023-07-23 08:00:00+00:00,996.0436508104921
2023-07-23 16:00:00+00:00,995.6952686724211
2023-07-24 00:00:00+00:00,999.4608120794292
2023-07-24 08:00:00+00:00,993.1945397521041
2023-07-24 16:00:00+00:00,993.3474773777858
2023-07-25 00:00:00+00:00,995.1094806147173
2023-07-25 08:00:00+00:00,996.0886825795584
2023-07-25 16:00:00+00:00,1001.5694316057062
2023-07-26 00:00:00+00:00,998.747283778305
2023-07-26 08:00:00+00:00,997.0866738480809
2023-07-26 16:00:00+00:00,996.8285154267642
2023-07-27 00:00:00+00:00,997.8006761092694
2023-07-27 08:00:00+00:00,997.6448834383442
2023-07-27 16:00:00+00:00,995.7507010684135
2023-07-28 00:00:00+00:00,993.916077787241
2023-07-28 08:00:00+00:00,995.9100438149329
2023-07-28 16:00:00+00:00,995.9647325277357
2023-07-29 00:00:00+00:00,996.6747792433433
2023-07-29 08:00:00+00:00,996.8981155595397
2023-07-29 16:00:00+00:00,1000.2373869357071
2023-07-30 00:00:00+00:00,999.4798881417903
2023-07-30 08:00:00+00:00,998.7536437070228
2023-07-30 16:00:00+00:00,996.2854513235729
2023-07-31 00:00:00+00:00,997.2289815283788
2023-07-31 08:00:00+00:00,996.0809969128233
2023-07-31 16:00:00+00:00,995.7563225714052
2023-08-01 00:00:00+00:00,992.6938625447606
2023-08-01 08:00:00+00:00,993.0627949586087
2023-08-01 16:00:00+00:00,997.1450827345201
2023-08-02 00:00:00+00:00,994.3654751072622
2023-08-02 08:00:00+00:00,991.7066629787012
2023-08-02 16:00:00+00:00,990.015151569355
2023-08-03 00:00:00+00:00,989.436720235432
2023-08-03 08:00:00+00:00,990.0149320710415
2023-08-03 16:00:00+00:00,988.9928709704177
2023-08-04 00:00:00+00:00,990.1104349096644
2023-08-04 08:00:00+00:00,990.8240317008664
2023-08-04 16:00:00+00:00,988.5225315932248
2023-08-05 00:00:00+00:00,991.1246176001263
2023-08-05 08:00:00+00:00,990.9781230202644
2023-08-05 16:00:00+00:00,991.7223014779971
2023-08-06 00:00:00+00:00,991.0950197020934
2023-08-06 08:00:00+00:00,989.6669249069963
2023-08-06 16:00:00+00:00,989.5289650991178
2023-08-07 00:00:00+00:00,990.7217366853432
2023-08-07 08:00:00+00:00,987.9666601784578
2023-08-07 16:00:00+00:00,986.8084014348279
2023-08-08 00:00:00+00:00,986.9238253712634
2023-08-08 08:00:00+00:00,987.7002786729715
2023-08-08 16:00:00+00:00,988.5164616466166
2023-08-09 00:00:00+00:00,988.5164616466166
2023-08-09 08:00:00+00:00,988.5164616466166
2023-08-09 16:00:00+00:00,988.5164616466166
2023-08-10 00:00:00+00:00,988.5164616466166
2023-08-10 08:00:00+00:00,988.5164616466166
2023-08-10 16:00:00+00:00,988.5164616466166
2023-08-11 00:00:00+00:00,988.5164616466166
2023-08-11 08:00:00+00:00,988.5164616466166
2023-08-11 16:00:00+00:00,988.5164616466166
2023-08-12 00:00:00+00:00,988.5164616466166
2023-08-12 08:00:00+00:00,988.5164616466166
2023-08-12 16:00:00+00:00,988.5164616466166
2023-08-13 00:00:00+00:00,988.5164616466166
2023-08-13 08:00:00+00:00,988.5164616466166
2023-08-13 16:00:00+00:00,988.5164616466166
2023-08-14 00:00:00+00:00,988.5164616466166
2023-08-14 08:00:00+00:00,988.5164616466166
2023-08-14 16:00:00+00:00,988.5164616466166
2023-08-15 00:00:00+00:00,988.5164616466166
2023-08-15 08:00:00+00:00,988.5164616466166
2023-08-15 16:00:00+00:00,988.5164616466166
2023-08-16 00:00:00+00:00,988.5164616466166
2023-08-16 08:00:00+00:00,988.5164616466166
2023-08-16 16:00:00+00:00,988.5164616466166
2023-08-17 00:00:00+00:00,988.5164616466166
2023-08-17 08:00:00+00:00,988.5164616466166
2023-08-17 16:00:00+00:00,988.5164616466166
2023-08-18 00:00:00+00:00,988.5164616466166
2023-08-18 08:00:00+00:00,988.5164616466166
2023-08-18 16:00:00+00:00,988.5164616466166
2023-08-19 00:00:00+00:00,988.5164616466166
2023-08-19 08:00:00+00:00,988.5164616466166
2023-08-19 16:00:00+00:00,988.5164616466166
2023-08-20 00:00:00+00:00,988.5164616466166
2023-08-20 08:00:00+00:00,988.5164616466166
2023-08-20 16:00:00+00:00,988.5164616466166
2023-08-21 00:00:00+00:00,988.5164616466166
2023-08-21 08:00:00+00:00,988.5164616466166
2023-08-21 16:00:00+00:00,988.5164616466166
2023-08-22 00:00:00+00:00,988.5164616466166
2023-08-22 08:00:00+00:00,988.5164616466166
2023-08-22 16:00:00+00:00,988.5164616466166
2023-08-23 00:00:00+00:00,988.5164616466166
2023-08-23 08:00:00+00:00,988.5164616466166
2023-08-23 16:00:00+00:00,988.5164616466166
2023-08-24 00:00:00+00:00,988.5164616466166
2023-08-24 08:00:00+00:00,988.5164616466166
2023-08-24 16:00:00+00:00,988.5164616466166
2023-08-25 00:00:00+00:00,988.5164616466166
2023-08-25 08:00:00+00:00,988.5164616466166
2023-08-25 16:00:00+00:00,988.5164616466166
2023-08-26 00:00:00+00:00,988.5164616466166
2023-08-26 08:00:00+00:00,988.5164616466166
2023-08-26 16:00:00+00:00,988.5164616466166
2023-08-27 00:00:00+00:00,988.5164616466166
2023-08-27 08:00:00+00:00,988.5164616466166
2023-08-27 16:00:00+00:00,988.5164616466166
2023-08-28 00:00:00+00:00,988.5164616466166
2023-08-28 08:00:00+00:00,988.5164616466166
2023-08-28 16:00:00+00:00,988.5164616466166
2023-08-29 00:00:00+00:00,988.5164616466166
2023-08-29 08:00:00+00:00,988.5164616466166
2023-08-29 16:00:00+00:00,988.5164616466166
2023-08-30 00:00:00+00:00,988.5164616466166
2023-08-30 08:00:00+00:00,988.5164616466166
2023-08-30 16:00:00+00:00,988.5164616466166
2023-08-31 00:00:00+00:00,988.5164616466166
2023-08-31 08:00:00+00:00,988.5164616466166
2023-08-31 16:00:00+00:00,988.5164616466166
2023-09-01 00:00:00+00:00,988.5164616466166
2023-09-01 08:00:00+00:00,988.5164616466166
2023-09-01 16:00:00+00:00,988.5164616466166
2023-09-02 00:00:00+00:00,988.5164616466166
2023-09-02 08:00:00+00:00,988.5164616466166
2023-09-02 16:00:00+00:00,988.5164616466166
2023-09-03 00:00:00+00:00,988.5164616466166
2023-09-03 08:00:00+00:00,988.5164616466166
2023-09-03 16:00:00+00:00,988.5164616466166
2023-09-04 00:00:00+00:00,988.5164616466166
2023-09-04 08:00:00+00:00,988.5164616466166
2023-09-04 16:00:00+00:00,988.5164616466166
2023-09-05 00:00:00+00:00,988.5164616466166
2023-09-05 08:00:00+00:00,988.5164616466166
2023-09-05 16:00:00+00:00,988.5164616466166
2023-09-06 00:00:00+00:00,988.5164616466166
2023-09-06 08:00:00+00:00,988.5164616466166
2023-09-06 16:00:00+00:00,988.5164616466166
2023-09-07 00:00:00+00:00,988.5164616466166
2023-09-07 08:00:00+00:00,988.5164616466166
2023-09-07 16:00:00+00:00,988.5164616466166
2023-09-08 00:00:00+00:00,988.5164616466166
2023-09-08 08:00:00+00:00,988.5164616466166
2023-09-08 16:00:00+00:00,988.5164616466166
2023-09-09 00:00:00+00:00,988.5164616466166
2023-09-09 08:00:00+00:00,988.5164616466166
2023-09-09 16:00:00+00:00,988.5164616466166
2023-09-10 00:00:00+00:00,988.5164616466166
2023-09-10 08:00:00+00:00,988.5164616466166
2023-09-10 16:00:00+00:00,988.5164616466166
2023-09-11 00:00:00+00:00,988.5164616466166
2023-09-11 08:00:00+00:00,988.5164616466166
2023-09-11 16:00:00+00:00,988.5164616466166
2023-09-12 00:00:00+00:00,988.5164616466166
2023-09-12 08:00:00+00:00,988.5164616466166
2023-09-12 16:00:00+00:00,988.5164616466166
2023-09-13 00:00:00+00:00,988.5164616466166
2023-09-13 08:00:00+00:00,988.5164616466166
2023-09-13 16:00:00+00:00,988.5164616466166
2023-09-14 00:00:00+00:00,988.5164616466166
2023-09-14 08:00:00+00:00,988.5164616466166
2023-09-14 16:00:00+00:00,988.5164616466166
2023-09-15 00:00:00+00:00,988.5164616466166
2023-09-15 08:00:00+00:00,988.5164616466166
2023-09-15 16:00:00+00:00,988.5164616466166
2023-09-16 00:00:00+00:00,988.5164616466166
2023-09-16 08:00:00+00:00,988.5164616466166
2023-09-16 16:00:00+00:00,988.5164616466166
2023-09-17 00:00:00+00:00,988.5164616466166
2023-09-17 08:00:00+00:00,988.5164616466166
2023-09-17 16:00:00+00:00,988.5164616466166
2023-09-18 00:00:00+00:00,988.5164616466166
2023-09-18 08:00:00+00:00,988.5164616466166
2023-09-18 16:00:00+00:00,988.5164616466166
2023-09-19 00:00:00+00:00,988.5164616466166
2023-09-19 08:00:00+00:00,988.5164616466166
2023-09-19 16:00:00+00:00,988.5164616466166
2023-09-20 00:00:00+00:00,988.5164616466166
2023-09-20 08:00:00+00:00,988.5164616466166
2023-09-20 16:00:00+00:00,988.5164616466166
2023-09-21 00:00:00+00:00,988.5164616466166
2023-09-21 08:00:00+00:00,988.5164616466166
2023-09-21 16:00:00+00:00,988.5164616466166
2023-09-22 00:00:00+00:00,988.5164616466166
2023-09-22 08:00:00+00:00,988.5164616466166
2023-09-22 16:00:00+00:00,988.5164616466166
2023-09-23 00:00:00+00:00,988.5164616466166
2023-09-23 08:00:00+00:00,988.5164616466166
2023-09-23 16:00:00+00:00,988.5164616466166
2023-09-24 00:00:00+00:00,988.5164616466166
2023-09-24 08:00:00+00:00,988.5164616466166
2023-09-24 16:00:00+00:00,988.5164616466166
2023-09-25 00:00:00+00:00,988.5164616466166
2023-09-25 08:00:00+00:00,988.5164616466166
2023-09-25 16:00:00+00:00,988.5164616466166
2023-09-26 00:00:00+00:00,988.5164616466166
2023-09-26 08:00:00+00:00,988.5164616466166
2023-09-26 16:00:00+00:00,988.5164616466166
2023-09-27 00:00:00+00:00,988.5164616466166
2023-09-27 08:00:00+00:00,988.5164616466166
2023-09-27 16:00:00+00:00,988.5164616466166
2023-09-28 00:00:00+00:00,988.5164616466166
2023-09-28 08:00:00+00:00,988.5164616466166
2023-09-28 16:00:00+00:00,988.5164616466166
2023-09-29 00:00:00+00:00,988.5164616466166
2023-09-29 08:00:00+00:00,988.5164616466166
2023-09-29 16:00:00+00:00,988.5164616466166
2023-09-30 00:00:00+00:00,988.5164616466166
2023-09-30 08:00:00+00:00,988.5164616466166
2023-09-30 16:00:00+00:00,988.5164616466166
2023-10-01 00:00:00+00:00,988.5164616466166
2023-10-01 08:00:00+00:00,988.5164616466166
2023-10-01 16:00:00+00:00,988.5164616466166
2023-10-02 00:00:00+00:00,988.5164616466166
2023-10-02 08:00:00+00:00,988.5164616466166
2023-10-02 16:00:00+00:00,988.5164616466166
2023-10-03 00:00:00+00:00,988.5164616466166
2023-10-03 08:00:00+00:00,988.5164616466166
2023-10-03 16:00:00+00:00,988.5164616466166
2023-10-04 00:00:00+00:00,988.5164616466166
2023-10-04 08:00:00+00:00,988.5164616466166
2023-10-04 16:00:00+00:00,988.5164616466166
2023-10-05 00:00:00+00:00,988.5164616466166
2023-10-05 08:00:00+00:00,988.5164616466166
2023-10-05 16:00:00+00:00,988.5164616466166
2023-10-06 00:00:00+00:00,988.5164616466166
2023-10-06 08:00:00+00:00,988.5164616466166
2023-10-06 16:00:00+00:00,988.5164616466166
2023-10-07 00:00:00+00:00,988.5164616466166
2023-10-07 08:00:00+00:00,988.5164616466166
2023-10-07 16:00:00+00:00,988.5164616466166
2023-10-08 00:00:00+00:00,988.5164616466166
2023-10-08 08:00:00+00:00,988.5164616466166
2023-10-08 16:00:00+00:00,988.5164616466166
2023-10-09 00:00:00+00:00,988.5164616466166
2023-10-09 08:00:00+00:00,988.5164616466166
2023-10-09 16:00:00+00:00,988.5164616466166
2023-10-10 00:00:00+00:00,988.5164616466166
2023-10-10 08:00:00+00:00,988.5164616466166
2023-10-10 16:00:00+00:00,988.5164616466166
2023-10-11 00:00:00+00:00,988.5164616466166
2023-10-11 08:00:00+00:00,988.5164616466166
2023-10-11 16:00:00+00:00,988.5164616466166
2023-10-12 00:00:00+00:00,988.5164616466166
2023-10-12 08:00:00+00:00,988.5164616466166
2023-10-12 16:00:00+00:00,988.5164616466166
2023-10-13 00:00:00+00:00,988.5164616466166
2023-10-13 08:00:00+00:00,988.5164616466166
2023-10-13 16:00:00+00:00,988.5164616466166
2023-10-14 00:00:00+00:00,988.5164616466166
2023-10-14 08:00:00+00:00,988.5164616466166
2023-10-14 16:00:00+00:00,988.5164616466166
2023-10-15 00:00:00+00:00,988.5164616466166
2023-10-15 08:00:00+00:00,988.5164616466166
2023-10-15 16:00:00+00:00,988.5164616466166
2023-10-16 00:00:00+00:00,988.5164616466166
2023-10-16 08:00:00+00:00,988.5164616466166
2023-10-16 16:00:00+00:00,988.5164616466166
2023-10-17 00:00:00+00:00,988.5164616466166
2023-10-17 08:00:00+00:00,988.5164616466166
2023-10-17 16:00:00+00:00,988.5164616466166
2023-10-18 00:00:00+00:00,988.5164616466166
2023-10-18 08:00:00+00:00,988.5164616466166
2023-10-18 16:00:00+00:00,988.5164616466166
2023-10-19 00:00:00+00:00,988.5164616466166
2023-10-19 08:00:00+00:00,988.5164616466166
2023-10-19 16:00:00+00:00,988.5164616466166
2023-10-20 00:00:00+00:00,988.5164616466166
2023-10-20 08:00:00+00:00,988.5164616466166
2023-10-20 16:00:00+00:00,990.7394429023879
2023-10-21 00:00:00+00:00,993.8018631473383
2023-10-21 08:00:00+00:00,996.6284905090517
2023-10-21 16:00:00+00:00,997.481424776868
2023-10-22 00:00:00+00:00,1002.6112831348523
2023-10-22 08:00:00+00:00,999.7888839334666
2023-10-22 16:00:00+00:00,1013.7485590268182
2023-10-23 00:00:00+00:00,1017.8793712624993
2023-10-23 08:00:00+00:00,1008.7950282781375
2023-10-23 16:00:00+00:00,1040.4717296713409
2023-10-24 00:00:00+00:00,1035.3963992043725
2023-10-24 08:00:00+00:00,1026.2079153484913
2023-10-24 16:00:00+00:00,1034.0486271897532
2023-10-25 00:00:00+00:00,1039.8673570803287
2023-10-25 08:00:00+00:00,1061.1523035709006
2023-10-25 16:00:00+00:00,1058.1399617354311
2023-10-26 00:00:00+00:00,1072.3636383042883
2023-10-26 08:00:00+00:00,1040.6180756294245
2023-10-26 16:00:00+00:00,1058.3536216831355
2023-10-27 00:00:00+00:00,1045.6066519455899
2023-10-27 08:00:00+00:00,1055.382417735826
2023-10-27 16:00:00+00:00,1051.9770188014274
2023-10-28 00:00:00+00:00,1061.1158193918345
2023-10-28 08:00:00+00:00,1059.0625173081762
2023-10-28 16:00:00+00:00,1056.2089426034681
2023-10-29 00:00:00+00:00,1058.7980301773698
2023-10-29 08:00:00+00:00,1062.8987953330482
2023-10-29 16:00:00+00:00,1065.1514991126194
2023-10-30 00:00:00+00:00,1059.978932596354
2023-10-30 08:00:00+00:00,1079.8023035264641
2023-10-30 16:00:00+00:00,1076.6486760411633
2023-10-31 00:00:00+00:00,1082.681106672553
2023-10-31 08:00:00+00:00,1075.0835401552458
2023-10-31 16:00:00+00:00,1089.6080424960285
2023-11-01 00:00:00+00:00,1082.1645758321488
2023-11-01 08:00:00+00:00,1081.788982860964
2023-11-01 16:00:00+00:00,1112.848214691382
2023-11-02 00:00:00+00:00,1109.2432957499839
2023-11-02 08:00:00+00:00,1085.577774949279
2023-11-02 16:00:00+00:00,1090.2749055902734
2023-11-03 00:00:00+00:00,1085.7309176125077
2023-11-03 08:00:00+00:00,1093.9406741057398
2023-11-03 16:00:00+00:00,1097.749878883959
2023-11-04 00:00:00+00:00,1103.1909827394159
2023-11-04 08:00:00+00:00,1103.1342479334896
2023-11-04 16:00:00+00:00,1113.4490778798286
2023-11-05 00:00:00+00:00,1123.9634416713454
2023-11-05 08:00:00+00:00,1111.7330164004193
2023-11-05 16:00:00+00:00,1119.9928067890949
2023-11-06 00:00:00+00:00,1120.5871979686067
2023-11-06 08:00:00+00:00,1133.9677120088572
2023-11-06 16:00:00+00:00,1145.2799222413237
2023-11-07 00:00:00+00:00,1141.708284547965
2023-11-07 08:00:00+00:00,1126.411980107637
2023-11-07 16:00:00+00:00,1142.0988149007144
2023-11-08 00:00:00+00:00,1145.4985456024822
2023-11-08 08:00:00+00:00,1147.65429699903
2023-11-08 16:00:00+00:00,1164.6404951100035
2023-11-09 00:00:00+00:00,1167.9877954246615
2023-11-09 08:00:00+00:00,1196.4389226913227
2023-11-09 16:00:00+00:00,1163.9457245546378
2023-11-10 00:00:00+00:00,1163.373119634097
2023-11-10 08:00:00+00:00,1178.9034450188647
2023-11-10 16:00:00+00:00,1207.6688069856925
2023-11-11 00:00:00+00:00,1190.0486552326477
2023-11-11 08:00:00+00:00,1225.7117717079348
2023-11-11 16:00:00+00:00,1234.9293098562814
2023-11-12 00:00:00+00:00,1242.6313366063089
2023-11-12 08:00:00+00:00,1237.2593055490079
2023-11-12 16:00:00+00:00,1240.8166832195993
2023-11-13 00:00:00+00:00,1228.396903653141
2023-11-13 08:00:00+00:00,1229.1600042151974
2023-11-13 16:00:00+00:00,1205.4325256806799
2023-11-14 00:00:00+00:00,1217.7051223099945
2023-11-14 08:00:00+00:00,1206.0268103538256
2023-11-14 16:00:00+00:00,1183.3845335673905
2023-11-15 00:00:00+00:00,1197.9883982772465
2023-11-15 08:00:00+00:00,1210.413086200796
2023-11-15 16:00:00+00:00,1213.221150334123
2023-11-16 00:00:00+00:00,1227.3665410273065
2023-11-16 08:00:00+00:00,1213.4800350383227
2023-11-16 16:00:00+00:00,1199.2795393302886
2023-11-17 00:00:00+00:00,1208.5451591982667
2023-11-17 08:00:00+00:00,1181.7965304447362
2023-11-17 16:00:00+00:00,1203.7759718896668
2023-11-18 00:00:00+00:00,1190.201457967427
2023-11-18 08:00:00+00:00,1201.1372513225613
2023-11-18 16:00:00+00:00,1201.6675592212162
2023-11-19 00:00:00+00:00,1208.2360989809442
2023-11-19 08:00:00+00:00,1206.234232350722
2023-11-19 16:00:00+00:00,1224.849454720751
2023-11-20 00:00:00+00:00,1226.7420288372227
2023-11-20 08:00:00+00:00,1223.669193025408
2023-11-20 16:00:00+00:00,1207.7350093307916
2023-11-21 00:00:00+00:00,1199.5177351625257
2023-11-21 08:00:00+00:00,1206.0365493000702
2023-11-21 16:00:00+00:00,1177.2501121206853
2023-11-22 00:00:00+00:00,1192.6187919923395
2023-11-22 08:00:00+00:00,1191.8371470801997
2023-11-22 16:00:00+00:00,1196.7896952064013
2023-11-23 00:00:00+00:00,1201.5271364700013
2023-11-23 08:00:00+00:00,1193.7322390543497
2023-11-23 16:00:00+00:00,1197.332694891592
2023-11-24 00:00:00+00:00,1197.697641830472
2023-11-24 08:00:00+00:00,1206.1979849479512
2023-11-24 16:00:00+00:00,1200.266598450735
2023-11-25 00:00:00+00:00,1203.5683157490064
2023-11-25 08:00:00+00:00,1201.6910217743805
2023-11-25 16:00:00+00:00,1205.0896189128578
2023-11-26 00:00:00+00:00,1206.609618124724
2023-11-26 08:00:00+00:00,1196.2811112756729
2023-11-26 16:00:00+00:00,1199.1203334350478
2023-11-27 00:00:00+00:00,1199.1203334350478
2023-11-27 08:00:00+00:00,1199.1203334350478
2023-11-27 16:00:00+00:00,1199.1203334350478
2023-11-28 00:00:00+00:00,1199.1203334350478
2023-11-28 08:00:00+00:00,1199.1203334350478
2023-11-28 16:00:00+00:00,1199.1203334350478
2023-11-29 00:00:00+00:00,1199.1203334350478
2023-11-29 08:00:00+00:00,1199.1203334350478
2023-11-29 16:00:00+00:00,1199.1203334350478
2023-11-30 00:00:00+00:00,1199.1203334350478
2023-11-30 08:00:00+00:00,1199.1203334350478
2023-11-30 16:00:00+00:00,1199.1203334350478
2023-12-01 00:00:00+00:00,1199.1203334350478
2023-12-01 08:00:00+00:00,1199.1203334350478
2023-12-01 16:00:00+00:00,1199.1203334350478
2023-12-02 00:00:00+00:00,1199.1203334350478
2023-12-02 08:00:00+00:00,1199.1203334350478
2023-12-02 16:00:00+00:00,1199.1203334350478
2023-12-03 00:00:00+00:00,1199.1203334350478
2023-12-03 08:00:00+00:00,1199.1203334350478
2023-12-03 16:00:00+00:00,1199.1203334350478
2023-12-04 00:00:00+00:00,1199.1203334350478
2023-12-04 08:00:00+00:00,1199.1203334350478
2023-12-04 16:00:00+00:00,1199.1203334350478
2023-12-05 00:00:00+00:00,1199.1203334350478
2023-12-05 08:00:00+00:00,1199.1203334350478
2023-12-05 16:00:00+00:00,1199.1203334350478
2023-12-06 00:00:00+00:00,1199.1203334350478
2023-12-06 08:00:00+00:00,1199.1203334350478
2023-12-06 16:00:00+00:00,1199.1203334350478
2023-12-07 00:00:00+00:00,1199.1203334350478
2023-12-07 08:00:00+00:00,1199.1203334350478
2023-12-07 16:00:00+00:00,1198.2677004268048
2023-12-08 00:00:00+00:00,1199.4801010962965
2023-12-08 08:00:00+00:00,1210.478042021283
2023-12-08 16:00:00+00:00,1217.1207839060025
2023-12-09 00:00:00+00:00,1227.2256114464667
2023-12-09 08:00:00+00:00,1219.4971680059002
2023-12-09 16:00:00+00:00,1206.7272984406532
2023-12-10 00:00:00+00:00,1209.2068180593935
2023-12-10 08:00:00+00:00,1208.0013190129857
2023-12-10 16:00:00+00:00,1212.8474218893155
2023-12-11 00:00:00+00:00,1164.7086258145146
2023-12-11 08:00:00+00:00,1162.314287951875
2023-12-11 16:00:00+00:00,1166.38907570188
2023-12-12 00:00:00+00:00,1175.9414079794922
2023-12-12 08:00:00+00:00,1176.9550961692084
2023-12-12 16:00:00+00:00,1177.3604763227013
2023-12-13 00:00:00+00:00,1166.8477511479966
2023-12-13 08:00:00+00:00,1172.83601802147
2023-12-13 16:00:00+00:00,1174.8876005715942
2023-12-14 00:00:00+00:00,1173.000717725693
2023-12-14 08:00:00+00:00,1170.727275760834
2023-12-14 16:00:00+00:00,1173.8658647795774
2023-12-15 00:00:00+00:00,1171.729469229282
2023-12-15 08:00:00+00:00,1174.4633816491141
2023-12-15 16:00:00+00:00,1172.7069639481988
2023-12-16 00:00:00+00:00,1176.5395794646302
2023-12-16 08:00:00+00:00,1182.143358032751
2023-12-16 16:00:00+00:00,1176.062648587066
2023-12-17 00:00:00+00:00,1173.983606062761
2023-12-17 08:00:00+00:00,1175.62900914549
2023-12-17 16:00:00+00:00,1172.4732619042272
2023-12-18 00:00:00+00:00,1167.6904748627567
2023-12-18 08:00:00+00:00,1167.379252975213
2023-12-18 16:00:00+00:00,1171.8617739032702
2023-12-19 00:00:00+00:00,1171.9899897010143
2023-12-19 08:00:00+00:00,1169.6371000133017
2023-12-19 16:00:00+00:00,1171.623661810476
2023-12-20 00:00:00+00:00,1176.0074933121098
2023-12-20 08:00:00+00:00,1179.098962715998
2023-12-20 16:00:00+00:00,1175.9402425267153
2023-12-21 00:00:00+00:00,1182.9589460187929
2023-12-21 08:00:00+00:00,1191.5584155027836
2023-12-21 16:00:00+00:00,1201.7041832524567
2023-12-22 00:00:00+00:00,1195.1523667420684
2023-12-22 08:00:00+00:00,1202.120955780562
2023-12-22 16:00:00+00:00,1207.2849740055353
2023-12-23 00:00:00+00:00,1206.1391105743103
2023-12-23 08:00:00+00:00,1207.5860435825834
2023-12-23 16:00:00+00:00,1233.435468355977
2023-12-24 00:00:00+00:00,1235.7912418966241
2023-12-24 08:00:00+00:00,1234.4856585163
2023-12-24 16:00:00+00:00,1231.1629914344421
2023-12-25 00:00:00+00:00,1234.430667712581
2023-12-25 08:00:00+00:00,1257.2701343298695
2023-12-25 16:00:00+00:00,1263.6530955496175
2023-12-26 00:00:00+00:00,1255.0914647106174
2023-12-26 08:00:00+00:00,1247.4384264129583
2023-12-26 16:00:00+00:00,1260.7154765748346
2023-12-27 00:00:00+00:00,1245.4013342358892
2023-12-27 08:00:00+00:00,1245.588338927107
2023-12-27 16:00:00+00:00,1240.6368687124832
2023-12-28 00:00:00+00:00,1237.7694991553979
2023-12-28 08:00:00+00:00,1222.2323946243412
2023-12-28 16:00:00+00:00,1219.6525073000532
2023-12-29 00:00:00+00:00,1223.5482304816712
2023-12-29 08:00:00+00:00,1224.7764413266962
2023-12-29 16:00:00+00:00,1221.9163993333702
2023-12-30 00:00:00+00:00,1216.2548050175812
2023-12-30 08:00:00+00:00,1217.8194306690289
2023-12-30 16:00:00+00:00,1214.4895917156446
2023-12-31 00:00:00+00:00,1220.2617295574832
2023-12-31 08:00:00+00:00,1216.9480095042359
2023-12-31 16:00:00+00:00,1209.0695779250777
2024-01-01 00:00:00+00:00,1208.8597087921808
2024-01-01 08:00:00+00:00,1216.7130017743468
2024-01-01 16:00:00+00:00,1224.6032821031888
2024-01-02 00:00:00+00:00,1232.9708773620455
2024-01-02 08:00:00+00:00,1226.8423703086812
2024-01-02 16:00:00+00:00,1227.6572616100989
2024-01-03 00:00:00+00:00,1225.4617782505013
2024-01-03 08:00:00+00:00,1191.555759186644
2024-01-03 16:00:00+00:00,1191.555759186644
2024-01-04 00:00:00+00:00,1191.555759186644
2024-01-04 08:00:00+00:00,1191.555759186644
2024-01-04 16:00:00+00:00,1191.555759186644
2024-01-05 00:00:00+00:00,1191.555759186644
2024-01-05 08:00:00+00:00,1191.555759186644
2024-01-05 16:00:00+00:00,1191.555759186644
2024-01-06 00:00:00+00:00,1191.555759186644
2024-01-06 08:00:00+00:00,1191.555759186644
2024-01-06 16:00:00+00:00,1191.555759186644
2024-01-07 00:00:00+00:00,1191.555759186644
2024-01-07 08:00:00+00:00,1191.555759186644
2024-01-07 16:00:00+00:00,1191.555759186644
2024-01-08 00:00:00+00:00,1191.555759186644
2024-01-08 08:00:00+00:00,1191.555759186644
2024-01-08 16:00:00+00:00,1191.555759186644
2024-01-09 00:00:00+00:00,1191.555759186644
2024-01-09 08:00:00+00:00,1191.555759186644
2024-01-09 16:00:00+00:00,1191.555759186644
2024-01-10 00:00:00+00:00,1191.555759186644
2024-01-10 08:00:00+00:00,1191.555759186644
2024-01-10 16:00:00+00:00,1191.555759186644
2024-01-11 00:00:00+00:00,1197.3885683938327
2024-01-11 08:00:00+00:00,1198.4595628863785
2024-01-11 16:00:00+00:00,1203.6098903934203
2024-01-12 00:00:00+00:00,1203.929042801433
2024-01-12 08:00:00+00:00,1208.0210007335154
2024-01-12 16:00:00+00:00,1202.8642988574702
2024-01-13 00:00:00+00:00,1207.972540209416
2024-01-13 08:00:00+00:00,1209.1963234272098
2024-01-13 16:00:00+00:00,1210.4461958637396
2024-01-14 00:00:00+00:00,1209.6696810150174
2024-01-14 08:00:00+00:00,1207.6350364511297
2024-01-14 16:00:00+00:00,1204.3842150723522
2024-01-15 00:00:00+00:00,1213.8454430345369
2024-01-15 08:00:00+00:00,1211.5113660044171
2024-01-15 16:00:00+00:00,1211.2346395970237
2024-01-16 00:00:00+00:00,1209.2359062989383
2024-01-16 08:00:00+00:00,1208.8935387299448
2024-01-16 16:00:00+00:00,1210.0162528500146
2024-01-17 00:00:00+00:00,1206.3890885011617
2024-01-17 08:00:00+00:00,1207.8675169966932
2024-01-17 16:00:00+00:00,1208.6351055017537
2024-01-18 00:00:00+00:00,1207.1557045293598
2024-01-18 08:00:00+00:00,1200.7391069012283
2024-01-18 16:00:00+00:00,1193.7461821554311
2024-01-19 00:00:00+00:00,1193.5187747945033
2024-01-19 08:00:00+00:00,1195.0919098512782
2024-01-19 16:00:00+00:00,1201.4726492159798
2024-01-20 00:00:00+00:00,1199.8954467125452
2024-01-20 08:00:00+00:00,1194.3521526446427
2024-01-20 16:00:00+00:00,1196.3602437237794
2024-01-21 00:00:00+00:00,1196.169714357354
2024-01-21 08:00:00+00:00,1194.039449218425
2024-01-21 16:00:00+00:00,1192.2561240056941
2024-01-22 00:00:00+00:00,1191.007858604833
2024-01-22 08:00:00+00:00,1186.6340204403664
2024-01-22 16:00:00+00:00,1181.7148233513087
2024-01-23 00:00:00+00:00,1181.9862413122257
2024-01-23 08:00:00+00:00,1176.1339971082532
2024-01-23 16:00:00+00:00,1176.1339971082532
2024-01-24 00:00:00+00:00,1176.1339971082532
2024-01-24 08:00:00+00:00,1176.1339971082532
2024-01-24 16:00:00+00:00,1176.1339971082532
2024-01-25 00:00:00+00:00,1176.1339971082532
2024-01-25 08:00:00+00:00,1176.1339971082532
2024-01-25 16:00:00+00:00,1176.1339971082532
2024-01-26 00:00:00+00:00,1176.1339971082532
2024-01-26 08:00:00+00:00,1176.1339971082532
2024-01-26 16:00:00+00:00,1176.1339971082532
2024-01-27 00:00:00+00:00,1176.1339971082532
2024-01-27 08:00:00+00:00,1176.1339971082532
2024-01-27 16:00:00+00:00,1176.1339971082532
2024-01-28 00:00:00+00:00,1176.1339971082532
2024-01-28 08:00:00+00:00,1176.1339971082532
2024-01-28 16:00:00+00:00,1176.1339971082532
2024-01-29 00:00:00+00:00,1176.1339971082532
2024-01-29 08:00:00+00:00,1176.1339971082532
2024-01-29 16:00:00+00:00,1176.1339971082532
2024-01-30 00:00:00+00:00,1176.1339971082532
2024-01-30 08:00:00+00:00,1176.1339971082532
2024-01-30 16:00:00+00:00,1172.4431664652438
2024-01-31 00:00:00+00:00,1175.3517123382937
2024-01-31 08:00:00+00:00,1174.5212442749048
2024-01-31 16:00:00+00:00,1167.9963225865679
2024-02-01 00:00:00+00:00,1165.0363810102192
2024-02-01 08:00:00+00:00,1165.4431396015952
2024-02-01 16:00:00+00:00,1168.8931995414111
2024-02-02 00:00:00+00:00,1171.0457033111952
2024-02-02 08:00:00+00:00,1169.9789057084624
2024-02-02 16:00:00+00:00,1169.1333957156223
2024-02-03 00:00:00+00:00,1165.857253514734
2024-02-03 08:00:00+00:00,1165.7640899584103
2024-02-03 16:00:00+00:00,1162.016356088199
2024-02-04 00:00:00+00:00,1160.0319833835958
2024-02-04 08:00:00+00:00,1163.568652030083
2024-02-04 16:00:00+00:00,1158.1037809858685
2024-02-05 00:00:00+00:00,1162.3958546675794
2024-02-05 08:00:00+00:00,1160.8007834635694
2024-02-05 16:00:00+00:00,1159.8508974397353
2024-02-06 00:00:00+00:00,1159.2592196783587
2024-02-06 08:00:00+00:00,1159.0475314728408
2024-02-06 16:00:00+00:00,1158.9581023201617
2024-02-07 00:00:00+00:00,1157.843809060738
2024-02-07 08:00:00+00:00,1158.0122364922015
2024-02-07 16:00:00+00:00,1163.1516288170133
2024-02-08 00:00:00+00:00,1162.9130267491591
2024-02-08 08:00:00+00:00,1166.3912328553956
2024-02-08 16:00:00+00:00,1164.00178327715
2024-02-09 00:00:00+00:00,1167.2113096067299
2024-02-09 08:00:00+00:00,1170.7967023200072
2024-02-09 16:00:00+00:00,1175.01849544385
2024-02-10 00:00:00+00:00,1176.394878099604
2024-02-10 08:00:00+00:00,1175.7702461319961
2024-02-10 16:00:00+00:00,1178.4071316842833
2024-02-11 00:00:00+00:00,1181.026858093943
2024-02-11 08:00:00+00:00,1176.0512545935237
2024-02-11 16:00:00+00:00,1172.4939494738699
2024-02-12 00:00:00+00:00,1170.3354864983637
2024-02-12 08:00:00+00:00,1181.4087033635465
2024-02-12 16:00:00+00:00,1192.9867888972062
2024-02-13 00:00:00+00:00,1193.78991384699
2024-02-13 08:00:00+00:00,1184.4924646194927
2024-02-13 16:00:00+00:00,1189.840364487064
2024-02-14 00:00:00+00:00,1192.9970272237363
2024-02-14 08:00:00+00:00,1208.4781173927365
2024-02-14 16:00:00+00:00,1212.0595288233371
2024-02-15 00:00:00+00:00,1209.4598367501687
2024-02-15 08:00:00+00:00,1209.1081810972976
2024-02-15 16:00:00+00:00,1208.2603326525573
2024-02-16 00:00:00+00:00,1202.238544789519
2024-02-16 08:00:00+00:00,1194.031843605803
2024-02-16 16:00:00+00:00,1197.6798162459577
2024-02-17 00:00:00+00:00,1196.0855084937793
2024-02-17 08:00:00+00:00,1186.8198911968284
2024-02-17 16:00:00+00:00,1194.7811239578393
2024-02-18 00:00:00+00:00,1196.0112395057884
2024-02-18 08:00:00+00:00,1200.37047237946
2024-02-18 16:00:00+00:00,1206.8399104779753
2024-02-19 00:00:00+00:00,1212.2529154603192
2024-02-19 08:00:00+00:00,1205.8468635984948
2024-02-19 16:00:00+00:00,1206.695938157805
2024-02-20 00:00:00+00:00,1200.7344087765387
2024-02-20 08:00:00+00:00,1188.1151734172813
2024-02-20 16:00:00+00:00,1198.9215627138271
2024-02-21 00:00:00+00:00,1185.8875982435932
2024-02-21 08:00:00+00:00,1177.015929429442
2024-02-21 16:00:00+00:00,1180.6416317501073
2024-02-22 00:00:00+00:00,1182.4641267643863
2024-02-22 08:00:00+00:00,1181.9200015229023
2024-02-22 16:00:00+00:00,1180.870999087206
2024-02-23 00:00:00+00:00,1178.302555753741
2024-02-23 08:00:00+00:00,1177.0820491046234
2024-02-23 16:00:00+00:00,1177.5173593872828
2024-02-24 00:00:00+00:00,1180.3695691293653
2024-02-24 08:00:00+00:00,1179.774475236947
2024-02-24 16:00:00+00:00,1182.386992748604
2024-02-25 00:00:00+00:00,1184.997441918438
2024-02-25 08:00:00+00:00,1183.5347132799534
2024-02-25 16:00:00+00:00,1188.1654827197633
2024-02-26 00:00:00+00:00,1188.4791248701001
2024-02-26 08:00:00+00:00,1196.8996003058708
2024-02-26 16:00:00+00:00,1198.5460595148757
2024-02-27 00:00:00+00:00,1199.6040981663507
2024-02-27 08:00:00+00:00,1206.2643758802826
2024-02-27 16:00:00+00:00,1216.0463047134385
2024-02-28 00:00:00+00:00,1222.8609027244013
2024-02-28 08:00:00+00:00,1239.534958360758
2024-02-28 16:00:00+00:00,1256.5837241995923
2024-02-29 00:00:00+00:00,1284.2099269679584
2024-02-29 08:00:00+00:00,1292.2481516538874
2024-02-29 16:00:00+00:00,1253.501363075252
2024-03-01 00:00:00+00:00,1258.0684598855055
2024-03-01 08:00:00+00:00,1266.4233407376778
2024-03-01 16:00:00+00:00,1294.3883427429512
2024-03-02 00:00:00+00:00,1307.0649291667903
2024-03-02 08:00:00+00:00,1294.6569517339642
2024-03-02 16:00:00+00:00,1305.7062134604096
2024-03-03 00:00:00+00:00,1278.3442764211059
2024-03-03 08:00:00+00:00,1298.4488065744354
2024-03-03 16:00:00+00:00,1324.9523968160536
2024-03-04 00:00:00+00:00,1343.3935321587812
2024-03-04 08:00:00+00:00,1366.1485677061203
2024-03-04 16:00:00+00:00,1385.6975695251058
2024-03-05 00:00:00+00:00,1385.2381525999847
2024-03-05 08:00:00+00:00,1396.0830003781637
2024-03-05 16:00:00+00:00,1332.7370504457424
2024-03-06 00:00:00+00:00,1326.5422650925407
2024-03-06 08:00:00+00:00,1321.694034605831
2024-03-06 16:00:00+00:00,1323.9439304782047
2024-03-07 00:00:00+00:00,1328.1584505788962
2024-03-07 08:00:00+00:00,1330.4496985935102
2024-03-07 16:00:00+00:00,1330.0584338511644
2024-03-08 00:00:00+00:00,1328.7161319276563
2024-03-08 08:00:00+00:00,1326.8652299211506
2024-03-08 16:00:00+00:00,1332.0070459225087
2024-03-09 00:00:00+00:00,1341.5897496974123
2024-03-09 08:00:00+00:00,1338.6056547694293
2024-03-09 16:00:00+00:00,1336.5738335958652
2024-03-10 00:00:00+00:00,1339.5393437677453
2024-03-10 08:00:00+00:00,1329.5394328525601
2024-03-10 16:00:00+00:00,1331.1566751148157
2024-03-11 00:00:00+00:00,1347.8141582070066
2024-03-11 08:00:00+00:00,1347.8538238169258
2024-03-11 16:00:00+00:00,1351.307336474964
2024-03-12 00:00:00+00:00,1353.972898126835
2024-03-12 08:00:00+00:00,1354.291925725844
2024-03-12 16:00:00+00:00,1361.255051916896
2024-03-13 00:00:00+00:00,1365.653430915325
2024-03-13 08:00:00+00:00,1360.5050615917125
2024-03-13 16:00:00+00:00,1365.0671342178355
2024-03-14 00:00:00+00:00,1366.4581491296342
2024-03-14 08:00:00+00:00,1361.1882899178627
2024-03-14 16:00:00+00:00,1379.9171984109303
2024-03-15 00:00:00+00:00,1356.9385751060956
2024-03-15 08:00:00+00:00,1348.2066660382814
2024-03-15 16:00:00+00:00,1366.3680719303838
2024-03-16 00:00:00+00:00,1366.3680719303838
2024-03-16 08:00:00+00:00,1366.3680719303838
2024-03-16 16:00:00+00:00,1366.3680719303838
2024-03-17 00:00:00+00:00,1366.3680719303838
2024-03-17 08:00:00+00:00,1366.3680719303838
2024-03-17 16:00:00+00:00,1366.3680719303838
2024-03-18 00:00:00+00:00,1366.3680719303838
2024-03-18 08:00:00+00:00,1366.3680719303838
2024-03-18 16:00:00+00:00,1366.3680719303838
2024-03-19 00:00:00+00:00,1366.3680719303838
2024-03-19 08:00:00+00:00,1366.3680719303838
2024-03-19 16:00:00+00:00,1366.3680719303838
2024-03-20 00:00:00+00:00,1366.3680719303838
2024-03-20 08:00:00+00:00,1366.3680719303838
2024-03-20 16:00:00+00:00,1366.3680719303838
2024-03-21 00:00:00+00:00,1366.3680719303838
2024-03-21 08:00:00+00:00,1366.3680719303838
2024-03-21 16:00:00+00:00,1366.3680719303838
2024-03-22 00:00:00+00:00,1366.3680719303838
2024-03-22 08:00:00+00:00,1366.3680719303838
2024-03-22 16:00:00+00:00,1366.3680719303838
2024-03-23 00:00:00+00:00,1366.3680719303838
2024-03-23 08:00:00+00:00,1366.3680719303838
2024-03-23 16:00:00+00:00,1366.3680719303838
2024-03-24 00:00:00+00:00,1366.3680719303838
2024-03-24 08:00:00+00:00,1366.3680719303838
2024-03-24 16:00:00+00:00,1366.3680719303838
2024-03-25 00:00:00+00:00,1366.3680719303838
2024-03-25 08:00:00+00:00,1366.3680719303838
2024-03-25 16:00:00+00:00,1366.3680719303838
2024-03-26 00:00:00+00:00,1366.3680719303838
2024-03-26 08:00:00+00:00,1366.3680719303838
2024-03-26 16:00:00+00:00,1366.3680719303838
2024-03-27 00:00:00+00:00,1366.3680719303838
2024-03-27 08:00:00+00:00,1366.3680719303838
2024-03-27 16:00:00+00:00,1366.3680719303838
2024-03-28 00:00:00+00:00,1366.3680719303838
2024-03-28 08:00:00+00:00,1366.3680719303838
2024-03-28 16:00:00+00:00,1366.3680719303838
2024-03-29 00:00:00+00:00,1366.3680719303838
2024-03-29 08:00:00+00:00,1366.3680719303838
2024-03-29 16:00:00+00:00,1366.3680719303838
2024-03-30 00:00:00+00:00,1366.3680719303838
2024-03-30 08:00:00+00:00,1366.3680719303838
2024-03-30 16:00:00+00:00,1366.3680719303838
2024-03-31 00:00:00+00:00,1366.3680719303838
2024-03-31 08:00:00+00:00,1366.3680719303838
2024-03-31 16:00:00+00:00,1366.3680719303838
2024-04-01 00:00:00+00:00,1366.3680719303838
2024-04-01 08:00:00+00:00,1366.3680719303838
2024-04-01 16:00:00+00:00,1366.3680719303838
2024-04-02 00:00:00+00:00,1366.3680719303838
2024-04-02 08:00:00+00:00,1366.3680719303838
2024-04-02 16:00:00+00:00,1366.3680719303838
2024-04-03 00:00:00+00:00,1366.3680719303838
2024-04-03 08:00:00+00:00,1366.3680719303838
2024-04-03 16:00:00+00:00,1366.3680719303838
2024-04-04 00:00:00+00:00,1366.3680719303838
2024-04-04 08:00:00+00:00,1366.3680719303838
2024-04-04 16:00:00+00:00,1366.3680719303838
2024-04-05 00:00:00+00:00,1366.3680719303838
2024-04-05 08:00:00+00:00,1366.3680719303838
2024-04-05 16:00:00+00:00,1366.3680719303838
2024-04-06 00:00:00+00:00,1366.3680719303838
2024-04-06 08:00:00+00:00,1366.3680719303838
2024-04-06 16:00:00+00:00,1366.3680719303838
2024-04-07 00:00:00+00:00,1366.3680719303838
2024-04-07 08:00:00+00:00,1366.3680719303838
2024-04-07 16:00:00+00:00,1366.3680719303838
2024-04-08 00:00:00+00:00,1366.3680719303838
2024-04-08 08:00:00+00:00,1366.3680719303838
2024-04-08 16:00:00+00:00,1366.3680719303838
2024-04-09 00:00:00+00:00,1366.3680719303838
2024-04-09 08:00:00+00:00,1366.3680719303838
2024-04-09 16:00:00+00:00,1366.3680719303838
2024-04-10 00:00:00+00:00,1366.3680719303838
2024-04-10 08:00:00+00:00,1366.3680719303838
2024-04-10 16:00:00+00:00,1366.3680719303838
2024-04-11 00:00:00+00:00,1366.3680719303838
2024-04-11 08:00:00+00:00,1366.3680719303838
2024-04-11 16:00:00+00:00,1366.3680719303838
2024-04-12 00:00:00+00:00,1366.3680719303838
2024-04-12 08:00:00+00:00,1366.3680719303838
2024-04-12 16:00:00+00:00,1366.3680719303838
2024-04-13 00:00:00+00:00,1366.3680719303838
2024-04-13 08:00:00+00:00,1366.3680719303838
2024-04-13 16:00:00+00:00,1366.3680719303838
2024-04-14 00:00:00+00:00,1366.3680719303838
2024-04-14 08:00:00+00:00,1366.3680719303838
2024-04-14 16:00:00+00:00,1366.3680719303838
2024-04-15 00:00:00+00:00,1366.3680719303838
2024-04-15 08:00:00+00:00,1366.3680719303838
2024-04-15 16:00:00+00:00,1366.3680719303838
2024-04-16 00:00:00+00:00,1366.3680719303838
2024-04-16 08:00:00+00:00,1366.3680719303838
2024-04-16 16:00:00+00:00,1366.3680719303838
2024-04-17 00:00:00+00:00,1366.3680719303838
2024-04-17 08:00:00+00:00,1366.3680719303838
2024-04-17 16:00:00+00:00,1366.3680719303838
2024-04-18 00:00:00+00:00,1366.3680719303838
2024-04-18 08:00:00+00:00,1366.3680719303838
2024-04-18 16:00:00+00:00,1366.3680719303838
2024-04-19 00:00:00+00:00,1366.3680719303838
2024-04-19 08:00:00+00:00,1366.3680719303838
2024-04-19 16:00:00+00:00,1366.3680719303838
2024-04-20 00:00:00+00:00,1366.3680719303838
2024-04-20 08:00:00+00:00,1366.3680719303838
2024-04-20 16:00:00+00:00,1366.3680719303838
2024-04-21 00:00:00+00:00,1366.3680719303838
2024-04-21 08:00:00+00:00,1366.3680719303838
2024-04-21 16:00:00+00:00,1366.3680719303838
2024-04-22 00:00:00+00:00,1366.3680719303838
2024-04-22 08:00:00+00:00,1366.3680719303838
2024-04-22 16:00:00+00:00,1366.3680719303838
2024-04-23 00:00:00+00:00,1366.3680719303838
2024-04-23 08:00:00+00:00,1366.3680719303838
2024-04-23 16:00:00+00:00,1366.3680719303838
2024-04-24 00:00:00+00:00,1366.3680719303838
2024-04-24 08:00:00+00:00,1366.3680719303838
2024-04-24 16:00:00+00:00,1366.3680719303838
2024-04-25 00:00:00+00:00,1366.3680719303838
2024-04-25 08:00:00+00:00,1366.3680719303838
2024-04-25 16:00:00+00:00,1366.3680719303838
2024-04-26 00:00:00+00:00,1366.3680719303838
2024-04-26 08:00:00+00:00,1366.3680719303838
2024-04-26 16:00:00+00:00,1366.3680719303838
2024-04-27 00:00:00+00:00,1366.3680719303838
2024-04-27 08:00:00+00:00,1366.3680719303838
2024-04-27 16:00:00+00:00,1366.3680719303838
2024-04-28 00:00:00+00:00,1366.3680719303838
2024-04-28 08:00:00+00:00,1366.3680719303838
2024-04-28 16:00:00+00:00,1366.3680719303838
2024-04-29 00:00:00+00:00,1366.3680719303838
2024-04-29 08:00:00+00:00,1366.3680719303838
2024-04-29 16:00:00+00:00,1366.3680719303838
2024-04-30 00:00:00+00:00,1366.3680719303838
2024-04-30 08:00:00+00:00,1366.3680719303838
2024-04-30 16:00:00+00:00,1366.3680719303838
2024-05-01 00:00:00+00:00,1366.3680719303838
2024-05-01 08:00:00+00:00,1366.3680719303838
2024-05-01 16:00:00+00:00,1366.3680719303838
2024-05-02 00:00:00+00:00,1366.3680719303838
2024-05-02 08:00:00+00:00,1366.3680719303838
2024-05-02 16:00:00+00:00,1366.3680719303838
2024-05-03 00:00:00+00:00,1366.3680719303838
2024-05-03 08:00:00+00:00,1366.3680719303838
2024-05-03 16:00:00+00:00,1366.3680719303838
2024-05-04 00:00:00+00:00,1366.3680719303838
2024-05-04 08:00:00+00:00,1366.3680719303838
2024-05-04 16:00:00+00:00,1366.3680719303838
2024-05-05 00:00:00+00:00,1366.3680719303838
2024-05-05 08:00:00+00:00,1366.3680719303838
2024-05-05 16:00:00+00:00,1366.3680719303838
2024-05-06 00:00:00+00:00,1366.3680719303838
2024-05-06 08:00:00+00:00,1366.3680719303838
2024-05-06 16:00:00+00:00,1366.3680719303838
2024-05-07 00:00:00+00:00,1366.3680719303838
2024-05-07 08:00:00+00:00,1366.3680719303838
2024-05-07 16:00:00+00:00,1366.3680719303838
2024-05-08 00:00:00+00:00,1366.3680719303838
2024-05-08 08:00:00+00:00,1366.3680719303838
2024-05-08 16:00:00+00:00,1366.3680719303838
2024-05-09 00:00:00+00:00,1366.3680719303838
2024-05-09 08:00:00+00:00,1366.3680719303838
2024-05-09 16:00:00+00:00,1366.3680719303838
2024-05-10 00:00:00+00:00,1366.3680719303838
2024-05-10 08:00:00+00:00,1366.3680719303838
2024-05-10 16:00:00+00:00,1366.3680719303838
2024-05-11 00:00:00+00:00,1366.3680719303838
2024-05-11 08:00:00+00:00,1366.3680719303838
2024-05-11 16:00:00+00:00,1366.3680719303838
2024-05-12 00:00:00+00:00,1366.3680719303838
2024-05-12 08:00:00+00:00,1366.3680719303838
2024-05-12 16:00:00+00:00,1366.3680719303838
2024-05-13 00:00:00+00:00,1366.3680719303838
2024-05-13 08:00:00+00:00,1366.3680719303838
2024-05-13 16:00:00+00:00,1366.3680719303838
2024-05-14 00:00:00+00:00,1366.3680719303838
2024-05-14 08:00:00+00:00,1366.3680719303838
2024-05-14 16:00:00+00:00,1366.3680719303838
2024-05-15 00:00:00+00:00,1366.3680719303838
2024-05-15 08:00:00+00:00,1366.3680719303838
2024-05-15 16:00:00+00:00,1366.3680719303838
2024-05-16 00:00:00+00:00,1366.3680719303838
2024-05-16 08:00:00+00:00,1366.3680719303838
2024-05-16 16:00:00+00:00,1366.3680719303838
2024-05-17 00:00:00+00:00,1366.3680719303838
2024-05-17 08:00:00+00:00,1366.3680719303838
2024-05-17 16:00:00+00:00,1366.3680719303838
2024-05-18 00:00:00+00:00,1366.3680719303838
2024-05-18 08:00:00+00:00,1366.3680719303838
2024-05-18 16:00:00+00:00,1366.3680719303838
2024-05-19 00:00:00+00:00,1366.3680719303838
2024-05-19 08:00:00+00:00,1366.3680719303838
2024-05-19 16:00:00+00:00,1366.3680719303838
2024-05-20 00:00:00+00:00,1366.3680719303838
2024-05-20 08:00:00+00:00,1366.3680719303838
2024-05-20 16:00:00+00:00,1366.3680719303838
2024-05-21 00:00:00+00:00,1366.3680719303838
2024-05-21 08:00:00+00:00,1366.3680719303838
2024-05-21 16:00:00+00:00,1366.3680719303838
2024-05-22 00:00:00+00:00,1365.3026971875647
2024-05-22 08:00:00+00:00,1365.734809119119
2024-05-22 16:00:00+00:00,1364.9743614902197
2024-05-23 00:00:00+00:00,1367.4514446563367
2024-05-23 08:00:00+00:00,1367.4494786221728
2024-05-23 16:00:00+00:00,1366.4526913091736
2024-05-24 00:00:00+00:00,1363.0298897662603
2024-05-24 08:00:00+00:00,1363.5261535524162
2024-05-24 16:00:00+00:00,1364.643084733638
2024-05-25 00:00:00+00:00,1365.2575263538527
2024-05-25 08:00:00+00:00,1365.1776542179507
2024-05-25 16:00:00+00:00,1365.3832326601969
2024-05-26 00:00:00+00:00,1366.5198002070294
2024-05-26 08:00:00+00:00,1368.0694826805093
2024-05-26 16:00:00+00:00,1367.8632488935418
2024-05-27 00:00:00+00:00,1370.7184260037643
2024-05-27 08:00:00+00:00,1372.3918487494248
2024-05-27 16:00:00+00:00,1370.0948175494611
2024-05-28 00:00:00+00:00,1368.6453402733518
2024-05-28 08:00:00+00:00,1369.763506000892
2024-05-28 16:00:00+00:00,1371.2241643557975
2024-05-29 00:00:00+00:00,1369.1164527610572
2024-05-29 08:00:00+00:00,1370.4040176973085
2024-05-29 16:00:00+00:00,1368.26413205279
2024-05-30 00:00:00+00:00,1366.0639899634473
2024-05-30 08:00:00+00:00,1367.6331537737306
2024-05-30 16:00:00+00:00,1364.7742291780305
2024-05-31 00:00:00+00:00,1363.7942159449235
2024-05-31 08:00:00+00:00,1362.6036824942744
2024-05-31 16:00:00+00:00,1367.8518203951633
2024-06-01 00:00:00+00:00,1368.7427628919158
2024-06-01 08:00:00+00:00,1370.0561861977071
2024-06-01 16:00:00+00:00,1369.72335557172
2024-06-02 00:00:00+00:00,1368.8463534027471
2024-06-02 08:00:00+00:00,1368.7412290946784
2024-06-02 16:00:00+00:00,1366.9908508268975
2024-06-03 00:00:00+00:00,1368.102020135732
2024-06-03 08:00:00+00:00,1366.3344285761498
2024-06-03 16:00:00+00:00,1363.6172418991732
2024-06-04 00:00:00+00:00,1364.1111294744
2024-06-04 08:00:00+00:00,1365.9292028052782
2024-06-04 16:00:00+00:00,1365.5783218067147
2024-06-05 00:00:00+00:00,1368.9833115748909
2024-06-05 08:00:00+00:00,1368.9944927663694
2024-06-05 16:00:00+00:00,1369.394270155829
2024-06-06 00:00:00+00:00,1366.4662838406657
2024-06-06 08:00:00+00:00,1367.16036238299
2024-06-06 16:00:00+00:00,1361.1929375419006
2024-06-07 00:00:00+00:00,1365.164683276061
2024-06-07 08:00:00+00:00,1363.616261899875
2024-06-07 16:00:00+00:00,1337.7671250088215
2024-06-08 00:00:00+00:00,1338.4375803981084
2024-06-08 08:00:00+00:00,1337.983154093868
2024-06-08 16:00:00+00:00,1337.647043446561
2024-06-09 00:00:00+00:00,1337.6240866773053
2024-06-09 08:00:00+00:00,1338.2333240152439
2024-06-09 16:00:00+00:00,1338.6238834101446
2024-06-10 00:00:00+00:00,1337.6605820540706
2024-06-10 08:00:00+00:00,1339.8235217625297
2024-06-10 16:00:00+00:00,1338.3233851869393
2024-06-11 00:00:00+00:00,1332.501489640194
2024-06-11 08:00:00+00:00,1330.5979570091615
2024-06-11 16:00:00+00:00,1330.5979570091615
2024-06-12 00:00:00+00:00,1330.5979570091615
2024-06-12 08:00:00+00:00,1330.5979570091615
2024-06-12 16:00:00+00:00,1330.5979570091615
2024-06-13 00:00:00+00:00,1330.5979570091615
2024-06-13 08:00:00+00:00,1330.5979570091615
2024-06-13 16:00:00+00:00,1330.5979570091615
2024-06-14 00:00:00+00:00,1330.5979570091615
2024-06-14 08:00:00+00:00,1330.5979570091615
2024-06-14 16:00:00+00:00,1330.5979570091615
2024-06-15 00:00:00+00:00,1330.5979570091615
2024-06-15 08:00:00+00:00,1330.5979570091615
2024-06-15 16:00:00+00:00,1330.5979570091615
2024-06-16 00:00:00+00:00,1330.5979570091615
2024-06-16 08:00:00+00:00,1330.5979570091615
2024-06-16 16:00:00+00:00,1330.5979570091615
2024-06-17 00:00:00+00:00,1330.5979570091615
2024-06-17 08:00:00+00:00,1330.5979570091615
2024-06-17 16:00:00+00:00,1330.5979570091615
2024-06-18 00:00:00+00:00,1330.5979570091615
2024-06-18 08:00:00+00:00,1330.5979570091615
2024-06-18 16:00:00+00:00,1330.5979570091615
2024-06-19 00:00:00+00:00,1330.5979570091615
2024-06-19 08:00:00+00:00,1330.5979570091615
2024-06-19 16:00:00+00:00,1330.5979570091615
2024-06-20 00:00:00+00:00,1330.5979570091615
2024-06-20 08:00:00+00:00,1330.5979570091615
2024-06-20 16:00:00+00:00,1330.5979570091615
2024-06-21 00:00:00+00:00,1330.5979570091615
2024-06-21 08:00:00+00:00,1330.5979570091615
2024-06-21 16:00:00+00:00,1330.5979570091615
2024-06-22 00:00:00+00:00,1330.5979570091615
2024-06-22 08:00:00+00:00,1330.5979570091615
2024-06-22 16:00:00+00:00,1330.5979570091615
2024-06-23 00:00:00+00:00,1330.5979570091615
2024-06-23 08:00:00+00:00,1330.5979570091615
2024-06-23 16:00:00+00:00,1330.5979570091615
2024-06-24 00:00:00+00:00,1330.9214662589673
2024-06-24 08:00:00+00:00,1340.583159492497
2024-06-24 16:00:00+00:00,1335.4715398320272
2024-06-25 00:00:00+00:00,1327.8597554836415
2024-06-25 08:00:00+00:00,1316.477036425427
2024-06-25 16:00:00+00:00,1318.1250099040378
2024-06-26 00:00:00+00:00,1316.1326515783494
2024-06-26 08:00:00+00:00,1317.9701986808432
2024-06-26 16:00:00+00:00,1317.9448449198028
2024-06-27 00:00:00+00:00,1317.1510462446279
2024-06-27 08:00:00+00:00,1309.2477346701805
2024-06-27 16:00:00+00:00,1308.3519763600557
2024-06-28 00:00:00+00:00,1309.1415135445363
2024-06-28 08:00:00+00:00,1309.912975206447
2024-06-28 16:00:00+00:00,1311.308852820556
2024-06-29 00:00:00+00:00,1310.5163714391529
2024-06-29 08:00:00+00:00,1308.6349221888001
2024-06-29 16:00:00+00:00,1311.988922014716
2024-06-30 00:00:00+00:00,1308.9719476089597
2024-06-30 08:00:00+00:00,1306.9877999505993
2024-06-30 16:00:00+00:00,1301.1033385628941
2024-07-01 00:00:00+00:00,1296.0917364953043
2024-07-01 08:00:00+00:00,1298.3030062949747
2024-07-01 16:00:00+00:00,1299.17430794827
2024-07-02 00:00:00+00:00,1298.390840337774
2024-07-02 08:00:00+00:00,1295.9821449347876
2024-07-02 16:00:00+00:00,1294.0058732169769
2024-07-03 00:00:00+00:00,1297.9730123541515
2024-07-03 08:00:00+00:00,1302.6451524624554
2024-07-03 16:00:00+00:00,1305.650541754475
2024-07-04 00:00:00+00:00,1305.650541754475
2024-07-04 08:00:00+00:00,1305.650541754475
2024-07-04 16:00:00+00:00,1305.650541754475
2024-07-05 00:00:00+00:00,1305.650541754475
2024-07-05 08:00:00+00:00,1305.650541754475
2024-07-05 16:00:00+00:00,1305.650541754475
2024-07-06 00:00:00+00:00,1305.650541754475
2024-07-06 08:00:00+00:00,1305.650541754475
2024-07-06 16:00:00+00:00,1305.650541754475
2024-07-07 00:00:00+00:00,1305.650541754475
2024-07-07 08:00:00+00:00,1305.650541754475
2024-07-07 16:00:00+00:00,1305.650541754475
2024-07-08 00:00:00+00:00,1305.650541754475
2024-07-08 08:00:00+00:00,1305.650541754475
2024-07-08 16:00:00+00:00,1305.650541754475
2024-07-09 00:00:00+00:00,1305.650541754475
2024-07-09 08:00:00+00:00,1305.650541754475
2024-07-09 16:00:00+00:00,1305.650541754475
2024-07-10 00:00:00+00:00,1305.650541754475
2024-07-10 08:00:00+00:00,1305.650541754475
2024-07-10 16:00:00+00:00,1305.650541754475
2024-07-11 00:00:00+00:00,1305.650541754475
2024-07-11 08:00:00+00:00,1305.650541754475
2024-07-11 16:00:00+00:00,1305.650541754475
2024-07-12 00:00:00+00:00,1305.650541754475
2024-07-12 08:00:00+00:00,1305.650541754475
2024-07-12 16:00:00+00:00,1305.650541754475
2024-07-13 00:00:00+00:00,1305.650541754475
2024-07-13 08:00:00+00:00,1305.650541754475
2024-07-13 16:00:00+00:00,1305.650541754475
2024-07-14 00:00:00+00:00,1305.650541754475
2024-07-14 08:00:00+00:00,1305.650541754475
2024-07-14 16:00:00+00:00,1305.650541754475
2024-07-15 00:00:00+00:00,1305.650541754475
2024-07-15 08:00:00+00:00,1305.650541754475
2024-07-15 16:00:00+00:00,1305.650541754475
2024-07-16 00:00:00+00:00,1305.650541754475
2024-07-16 08:00:00+00:00,1305.650541754475
2024-07-16 16:00:00+00:00,1305.650541754475
2024-07-17 00:00:00+00:00,1305.650541754475
2024-07-17 08:00:00+00:00,1305.650541754475
2024-07-17 16:00:00+00:00,1305.650541754475
2024-07-18 00:00:00+00:00,1305.650541754475
2024-07-18 08:00:00+00:00,1305.650541754475
2024-07-18 16:00:00+00:00,1305.650541754475
2024-07-19 00:00:00+00:00,1305.650541754475
2024-07-19 08:00:00+00:00,1305.650541754475
2024-07-19 16:00:00+00:00,1305.650541754475
2024-07-20 00:00:00+00:00,1305.650541754475
2024-07-20 08:00:00+00:00,1305.650541754475
2024-07-20 16:00:00+00:00,1305.650541754475
2024-07-21 00:00:00+00:00,1305.650541754475
2024-07-21 08:00:00+00:00,1305.650541754475
2024-07-21 16:00:00+00:00,1305.650541754475
2024-07-22 00:00:00+00:00,1305.650541754475
2024-07-22 08:00:00+00:00,1305.650541754475
2024-07-22 16:00:00+00:00,1305.650541754475
2024-07-23 00:00:00+00:00,1305.650541754475
2024-07-23 08:00:00+00:00,1305.650541754475
2024-07-23 16:00:00+00:00,1305.650541754475
2024-07-24 00:00:00+00:00,1305.650541754475
2024-07-24 08:00:00+00:00,1305.650541754475
2024-07-24 16:00:00+00:00,1305.650541754475
2024-07-25 00:00:00+00:00,1305.650541754475
2024-07-25 08:00:00+00:00,1305.650541754475
2024-07-25 16:00:00+00:00,1305.650541754475
2024-07-26 00:00:00+00:00,1305.650541754475
2024-07-26 08:00:00+00:00,1305.650541754475
2024-07-26 16:00:00+00:00,1305.650541754475
2024-07-27 00:00:00+00:00,1305.650541754475
2024-07-27 08:00:00+00:00,1305.650541754475
2024-07-27 16:00:00+00:00,1305.650541754475
2024-07-28 00:00:00+00:00,1305.650541754475
2024-07-28 08:00:00+00:00,1305.650541754475
2024-07-28 16:00:00+00:00,1305.650541754475
2024-07-29 00:00:00+00:00,1305.650541754475
2024-07-29 08:00:00+00:00,1305.650541754475
2024-07-29 16:00:00+00:00,1305.650541754475
2024-07-30 00:00:00+00:00,1305.650541754475
2024-07-30 08:00:00+00:00,1305.650541754475
2024-07-30 16:00:00+00:00,1305.650541754475
2024-07-31 00:00:00+00:00,1305.650541754475
2024-07-31 08:00:00+00:00,1305.650541754475
2024-07-31 16:00:00+00:00,1305.650541754475
2024-08-01 00:00:00+00:00,1305.650541754475
2024-08-01 08:00:00+00:00,1305.650541754475
2024-08-01 16:00:00+00:00,1305.650541754475
2024-08-02 00:00:00+00:00,1305.650541754475
2024-08-02 08:00:00+00:00,1305.650541754475
2024-08-02 16:00:00+00:00,1305.650541754475
2024-08-03 00:00:00+00:00,1305.650541754475
2024-08-03 08:00:00+00:00,1305.650541754475
2024-08-03 16:00:00+00:00,1305.650541754475
2024-08-04 00:00:00+00:00,1305.650541754475
2024-08-04 08:00:00+00:00,1305.650541754475
2024-08-04 16:00:00+00:00,1305.650541754475
2024-08-05 00:00:00+00:00,1305.650541754475
2024-08-05 08:00:00+00:00,1305.650541754475
2024-08-05 16:00:00+00:00,1305.650541754475
2024-08-06 00:00:00+00:00,1305.650541754475
2024-08-06 08:00:00+00:00,1305.650541754475
2024-08-06 16:00:00+00:00,1305.650541754475
2024-08-07 00:00:00+00:00,1305.650541754475
2024-08-07 08:00:00+00:00,1305.650541754475
2024-08-07 16:00:00+00:00,1305.650541754475
2024-08-08 00:00:00+00:00,1305.650541754475
2024-08-08 08:00:00+00:00,1305.650541754475
2024-08-08 16:00:00+00:00,1305.650541754475
2024-08-09 00:00:00+00:00,1305.650541754475
2024-08-09 08:00:00+00:00,1305.650541754475
2024-08-09 16:00:00+00:00,1305.650541754475
2024-08-10 00:00:00+00:00,1305.650541754475
2024-08-10 08:00:00+00:00,1305.650541754475
2024-08-10 16:00:00+00:00,1305.650541754475
2024-08-11 00:00:00+00:00,1305.650541754475
2024-08-11 08:00:00+00:00,1305.650541754475
2024-08-11 16:00:00+00:00,1305.650541754475
2024-08-12 00:00:00+00:00,1305.650541754475
2024-08-12 08:00:00+00:00,1305.650541754475
2024-08-12 16:00:00+00:00,1305.650541754475
2024-08-13 00:00:00+00:00,1305.650541754475
2024-08-13 08:00:00+00:00,1305.650541754475
2024-08-13 16:00:00+00:00,1305.650541754475
2024-08-14 00:00:00+00:00,1305.650541754475
2024-08-14 08:00:00+00:00,1305.650541754475
2024-08-14 16:00:00+00:00,1305.650541754475
2024-08-15 00:00:00+00:00,1305.650541754475
2024-08-15 08:00:00+00:00,1305.650541754475
2024-08-15 16:00:00+00:00,1305.650541754475
2024-08-16 00:00:00+00:00,1305.650541754475
2024-08-16 08:00:00+00:00,1305.650541754475
2024-08-16 16:00:00+00:00,1305.650541754475
2024-08-17 00:00:00+00:00,1305.650541754475
2024-08-17 08:00:00+00:00,1305.650541754475
2024-08-17 16:00:00+00:00,1305.650541754475
2024-08-18 00:00:00+00:00,1305.650541754475
2024-08-18 08:00:00+00:00,1305.650541754475
2024-08-18 16:00:00+00:00,1305.650541754475
2024-08-19 00:00:00+00:00,1305.650541754475
2024-08-19 08:00:00+00:00,1305.650541754475
2024-08-19 16:00:00+00:00,1305.650541754475
2024-08-20 00:00:00+00:00,1305.650541754475
2024-08-20 08:00:00+00:00,1305.650541754475
2024-08-20 16:00:00+00:00,1305.650541754475
2024-08-21 00:00:00+00:00,1305.650541754475
2024-08-21 08:00:00+00:00,1305.650541754475
2024-08-21 16:00:00+00:00,1305.650541754475
2024-08-22 00:00:00+00:00,1305.650541754475
2024-08-22 08:00:00+00:00,1305.650541754475
2024-08-22 16:00:00+00:00,1305.650541754475
2024-08-23 00:00:00+00:00,1305.650541754475
2024-08-23 08:00:00+00:00,1305.650541754475
2024-08-23 16:00:00+00:00,1305.650541754475
2024-08-24 00:00:00+00:00,1305.650541754475
2024-08-24 08:00:00+00:00,1305.650541754475
2024-08-24 16:00:00+00:00,1305.650541754475
2024-08-25 00:00:00+00:00,1305.650541754475
2024-08-25 08:00:00+00:00,1305.650541754475
2024-08-25 16:00:00+00:00,1305.650541754475
2024-08-26 00:00:00+00:00,1305.650541754475
2024-08-26 08:00:00+00:00,1305.650541754475
2024-08-26 16:00:00+00:00,1305.650541754475
2024-08-27 00:00:00+00:00,1305.650541754475
2024-08-27 08:00:00+00:00,1305.650541754475
2024-08-27 16:00:00+00:00,1305.650541754475
2024-08-28 00:00:00+00:00,1305.650541754475
2024-08-28 08:00:00+00:00,1305.650541754475
2024-08-28 16:00:00+00:00,1305.650541754475
2024-08-29 00:00:00+00:00,1305.650541754475
2024-08-29 08:00:00+00:00,1305.650541754475
2024-08-29 16:00:00+00:00,1305.650541754475
2024-08-30 00:00:00+00:00,1305.650541754475
2024-08-30 08:00:00+00:00,1305.650541754475
2024-08-30 16:00:00+00:00,1305.650541754475
2024-08-31 00:00:00+00:00,1305.650541754475
2024-08-31 08:00:00+00:00,1305.650541754475
2024-08-31 16:00:00+00:00,1305.650541754475
2024-09-01 00:00:00+00:00,1305.650541754475
2024-09-01 08:00:00+00:00,1305.650541754475
2024-09-01 16:00:00+00:00,1305.650541754475
2024-09-02 00:00:00+00:00,1305.650541754475
2024-09-02 08:00:00+00:00,1305.650541754475
2024-09-02 16:00:00+00:00,1305.650541754475
2024-09-03 00:00:00+00:00,1305.650541754475
2024-09-03 08:00:00+00:00,1305.650541754475
2024-09-03 16:00:00+00:00,1305.650541754475
2024-09-04 00:00:00+00:00,1305.650541754475
2024-09-04 08:00:00+00:00,1305.650541754475
2024-09-04 16:00:00+00:00,1305.650541754475
2024-09-05 00:00:00+00:00,1305.650541754475
2024-09-05 08:00:00+00:00,1305.650541754475
2024-09-05 16:00:00+00:00,1305.650541754475
2024-09-06 00:00:00+00:00,1305.650541754475
2024-09-06 08:00:00+00:00,1305.650541754475
2024-09-06 16:00:00+00:00,1305.650541754475
2024-09-07 00:00:00+00:00,1305.650541754475
2024-09-07 08:00:00+00:00,1305.650541754475
2024-09-07 16:00:00+00:00,1305.650541754475
2024-09-08 00:00:00+00:00,1305.650541754475
2024-09-08 08:00:00+00:00,1305.650541754475
2024-09-08 16:00:00+00:00,1305.650541754475
2024-09-09 00:00:00+00:00,1305.650541754475
2024-09-09 08:00:00+00:00,1305.650541754475
2024-09-09 16:00:00+00:00,1305.650541754475
2024-09-10 00:00:00+00:00,1305.650541754475
2024-09-10 08:00:00+00:00,1305.650541754475
2024-09-10 16:00:00+00:00,1305.650541754475
2024-09-11 00:00:00+00:00,1305.650541754475
2024-09-11 08:00:00+00:00,1305.650541754475
2024-09-11 16:00:00+00:00,1305.650541754475
2024-09-12 00:00:00+00:00,1305.650541754475
2024-09-12 08:00:00+00:00,1305.650541754475
2024-09-12 16:00:00+00:00,1305.650541754475
2024-09-13 00:00:00+00:00,1305.650541754475
2024-09-13 08:00:00+00:00,1305.650541754475
2024-09-13 16:00:00+00:00,1305.650541754475
2024-09-14 00:00:00+00:00,1305.650541754475
2024-09-14 08:00:00+00:00,1305.650541754475
2024-09-14 16:00:00+00:00,1305.650541754475
2024-09-15 00:00:00+00:00,1305.650541754475
2024-09-15 08:00:00+00:00,1305.650541754475
2024-09-15 16:00:00+00:00,1305.650541754475
2024-09-16 00:00:00+00:00,1305.650541754475
2024-09-16 08:00:00+00:00,1305.650541754475
2024-09-16 16:00:00+00:00,1305.650541754475
2024-09-17 00:00:00+00:00,1305.650541754475
2024-09-17 08:00:00+00:00,1305.650541754475
2024-09-17 16:00:00+00:00,1305.650541754475
2024-09-18 00:00:00+00:00,1305.650541754475
2024-09-18 08:00:00+00:00,1305.650541754475
2024-09-18 16:00:00+00:00,1305.650541754475
2024-09-19 00:00:00+00:00,1305.650541754475
2024-09-19 08:00:00+00:00,1305.650541754475
2024-09-19 16:00:00+00:00,1308.0264030169883
2024-09-20 00:00:00+00:00,1329.091589440434
2024-09-20 08:00:00+00:00,1320.8271852730056
2024-09-20 16:00:00+00:00,1320.2222686918324
2024-09-21 00:00:00+00:00,1318.731572958542
2024-09-21 08:00:00+00:00,1323.4436766849503
2024-09-21 16:00:00+00:00,1329.205046232874
2024-09-22 00:00:00+00:00,1320.920245088834
2024-09-22 08:00:00+00:00,1315.355282052403
2024-09-22 16:00:00+00:00,1326.1876036370177
2024-09-23 00:00:00+00:00,1333.1544560754437
2024-09-23 08:00:00+00:00,1337.1726290273787
2024-09-23 16:00:00+00:00,1336.0045980531595
2024-09-24 00:00:00+00:00,1339.984467792668
2024-09-24 08:00:00+00:00,1339.0108448156477
2024-09-24 16:00:00+00:00,1362.247400591942
2024-09-25 00:00:00+00:00,1352.8069401193977
2024-09-25 08:00:00+00:00,1350.7335148952461
2024-09-25 16:00:00+00:00,1345.0272469772965
2024-09-26 00:00:00+00:00,1357.791525466264
2024-09-26 08:00:00+00:00,1379.077396641618
2024-09-26 16:00:00+00:00,1368.1958981204662
2024-09-27 00:00:00+00:00,1377.356839566137
2024-09-27 08:00:00+00:00,1377.549325658088
2024-09-27 16:00:00+00:00,1375.3903615980073
2024-09-28 00:00:00+00:00,1368.4665524155243
2024-09-28 08:00:00+00:00,1371.4626808172175
2024-09-28 16:00:00+00:00,1373.9428403866743
2024-09-29 00:00:00+00:00,1363.389030534132
2024-09-29 08:00:00+00:00,1375.7790879545125
2024-09-29 16:00:00+00:00,1376.121368140931
2024-09-30 00:00:00+00:00,1370.3441065580087
2024-09-30 08:00:00+00:00,1358.9492381714329
2024-09-30 16:00:00+00:00,1357.2000103409762
2024-10-01 00:00:00+00:00,1373.4890986904002
2024-10-01 08:00:00+00:00,1344.9991502071664
2024-10-01 16:00:00+00:00,1333.3891989147392
2024-10-02 00:00:00+00:00,1339.9234635605985
2024-10-02 08:00:00+00:00,1339.8034366567435
2024-10-02 16:00:00+00:00,1338.0798503173876
2024-10-03 00:00:00+00:00,1338.435129952798
2024-10-03 08:00:00+00:00,1331.2863275592015
2024-10-03 16:00:00+00:00,1328.837778720562
2024-10-04 00:00:00+00:00,1330.3021069475915
2024-10-04 08:00:00+00:00,1333.0675268124078
2024-10-04 16:00:00+00:00,1334.1285646424851
2024-10-05 00:00:00+00:00,1331.617601813841
2024-10-05 08:00:00+00:00,1330.9550533045622
2024-10-05 16:00:00+00:00,1333.2451666301133
2024-10-06 00:00:00+00:00,1331.9728814492516
2024-10-06 08:00:00+00:00,1333.0723278885623
2024-10-06 16:00:00+00:00,1337.3932964273376
2024-10-07 00:00:00+00:00,1341.3253777976233
2024-10-07 08:00:00+00:00,1349.0119007204898
2024-10-07 16:00:00+00:00,1345.9056044487254
2024-10-08 00:00:00+00:00,1344.292442860916
2024-10-08 08:00:00+00:00,1343.7115126462586
2024-10-08 16:00:00+00:00,1344.3980665363083
2024-10-09 00:00:00+00:00,1341.166942284535
2024-10-09 08:00:00+00:00,1344.2876417847617
2024-10-09 16:00:00+00:00,1339.0400655482265
2024-10-10 00:00:00+00:00,1337.873404042757
2024-10-10 08:00:00+00:00,1335.9817800380044
2024-10-10 16:00:00+00:00,1337.0812264773147
2024-10-11 00:00:00+00:00,1337.6141459304308
2024-10-11 08:00:00+00:00,1346.529744348771
2024-10-11 16:00:00+00:00,1347.6435940165443
2024-10-12 00:00:00+00:00,1346.0544378095055
2024-10-12 08:00:00+00:00,1354.979638380154
2024-10-12 16:00:00+00:00,1356.6504128818142
2024-10-13 00:00:00+00:00,1356.208713875628
2024-10-13 08:00:00+00:00,1351.3167033083464
2024-10-13 16:00:00+00:00,1363.3775670388673
2024-10-14 00:00:00+00:00,1358.2783474158107
2024-10-14 08:00:00+00:00,1358.0512891601104
2024-10-14 16:00:00+00:00,1358.8030300783396
2024-10-15 00:00:00+00:00,1358.3790853305861
2024-10-15 08:00:00+00:00,1351.2654523085012
2024-10-15 16:00:00+00:00,1351.7025260272392
2024-10-16 00:00:00+00:00,1348.223638550147
2024-10-16 08:00:00+00:00,1343.682437687414
2024-10-16 16:00:00+00:00,1349.7013291135447
2024-10-17 00:00:00+00:00,1348.102508600593
2024-10-17 08:00:00+00:00,1346.4582597934248
2024-10-17 16:00:00+00:00,1348.9158521024697
2024-10-18 00:00:00+00:00,1354.540995433145
2024-10-18 08:00:00+00:00,1358.0897699240254
2024-10-18 16:00:00+00:00,1360.276793863908
2024-10-19 00:00:00+00:00,1360.001541933508
2024-10-19 08:00:00+00:00,1359.0463591319785
2024-10-19 16:00:00+00:00,1359.4544283028092
2024-10-20 00:00:00+00:00,1359.0407510220618
2024-10-20 08:00:00+00:00,1362.2476898704906
2024-10-20 16:00:00+00:00,1371.2367336844848
2024-10-21 00:00:00+00:00,1373.516388503087
2024-10-21 08:00:00+00:00,1359.6687096923142
2024-10-21 16:00:00+00:00,1361.8457793251978
2024-10-22 00:00:00+00:00,1361.8457793251978
2024-10-22 08:00:00+00:00,1361.8457793251978
2024-10-22 16:00:00+00:00,1361.8457793251978
2024-10-23 00:00:00+00:00,1361.8457793251978
2024-10-23 08:00:00+00:00,1361.8457793251978
2024-10-23 16:00:00+00:00,1361.8457793251978
2024-10-24 00:00:00+00:00,1361.8457793251978
2024-10-24 08:00:00+00:00,1361.8457793251978
2024-10-24 16:00:00+00:00,1361.8457793251978
2024-10-25 00:00:00+00:00,1361.8457793251978
2024-10-25 08:00:00+00:00,1361.8457793251978
2024-10-25 16:00:00+00:00,1361.8457793251978
2024-10-26 00:00:00+00:00,1361.8457793251978
2024-10-26 08:00:00+00:00,1361.8457793251978
2024-10-26 16:00:00+00:00,1361.8457793251978
2024-10-27 00:00:00+00:00,1361.8457793251978
2024-10-27 08:00:00+00:00,1361.8457793251978
2024-10-27 16:00:00+00:00,1361.8457793251978
2024-10-28 00:00:00+00:00,1361.8457793251978
2024-10-28 08:00:00+00:00,1361.8457793251978
2024-10-28 16:00:00+00:00,1361.8457793251978
2024-10-29 00:00:00+00:00,1361.8457793251978
2024-10-29 08:00:00+00:00,1361.8457793251978
2024-10-29 16:00:00+00:00,1361.8457793251978
2024-10-30 00:00:00+00:00,1361.8457793251978
2024-10-30 08:00:00+00:00,1361.8457793251978
2024-10-30 16:00:00+00:00,1361.8457793251978
2024-10-31 00:00:00+00:00,1361.8457793251978
2024-10-31 08:00:00+00:00,1361.8457793251978
2024-10-31 16:00:00+00:00,1361.8457793251978
2024-11-01 00:00:00+00:00,1361.8457793251978
2024-11-01 08:00:00+00:00,1361.8457793251978
2024-11-01 16:00:00+00:00,1361.8457793251978
2024-11-02 00:00:00+00:00,1361.8457793251978
2024-11-02 08:00:00+00:00,1361.8457793251978
2024-11-02 16:00:00+00:00,1361.8457793251978
2024-11-03 00:00:00+00:00,1361.8457793251978
2024-11-03 08:00:00+00:00,1361.8457793251978
2024-11-03 16:00:00+00:00,1361.8457793251978
2024-11-04 00:00:00+00:00,1361.8457793251978
2024-11-04 08:00:00+00:00,1361.8457793251978
2024-11-04 16:00:00+00:00,1361.8457793251978
2024-11-05 00:00:00+00:00,1361.8457793251978
2024-11-05 08:00:00+00:00,1361.8457793251978
2024-11-05 16:00:00+00:00,1361.8457793251978
2024-11-06 00:00:00+00:00,1361.8457793251978
2024-11-06 08:00:00+00:00,1361.8457793251978
2024-11-06 16:00:00+00:00,1361.8457793251978
2024-11-07 00:00:00+00:00,1361.8457793251978
2024-11-07 08:00:00+00:00,1361.8457793251978
2024-11-07 16:00:00+00:00,1364.6638367181101
2024-11-08 00:00:00+00:00,1367.92938352654
2024-11-08 08:00:00+00:00,1369.574107230275
2024-11-08 16:00:00+00:00,1377.2280374459415
2024-11-09 00:00:00+00:00,1382.6438886331562
2024-11-09 08:00:00+00:00,1379.523184573901
2024-11-09 16:00:00+00:00,1393.8753639710915
2024-11-10 00:00:00+00:00,1414.6386330277614
2024-11-10 08:00:00+00:00,1427.4955998742648
2024-11-10 16:00:00+00:00,1417.271085879991
2024-11-11 00:00:00+00:00,1406.1132373318494
2024-11-11 08:00:00+00:00,1426.8940514078772
2024-11-11 16:00:00+00:00,1457.258885482242
2024-11-12 00:00:00+00:00,1457.4579900513904
2024-11-12 08:00:00+00:00,1446.3893883155683
2024-11-12 16:00:00+00:00,1452.4363428139297
2024-11-13 00:00:00+00:00,1424.4290449018824
2024-11-13 08:00:00+00:00,1464.6958489365031
2024-11-13 16:00:00+00:00,1441.758470797253
2024-11-14 00:00:00+00:00,1449.8774294590305
2024-11-14 08:00:00+00:00,1431.998292591793
2024-11-14 16:00:00+00:00,1442.9677341583042
2024-11-15 00:00:00+00:00,1447.357518652115
2024-11-15 08:00:00+00:00,1464.8020623867924
2024-11-15 16:00:00+00:00,1490.0191806785754
2024-11-16 00:00:00+00:00,1515.0699272472914
2024-11-16 08:00:00+00:00,1555.067688328583
2024-11-16 16:00:00+00:00,1569.100616245128
2024-11-17 00:00:00+00:00,1580.8538333314696
2024-11-17 08:00:00+00:00,1574.2868357447664
2024-11-17 16:00:00+00:00,1566.201096481071
2024-11-18 00:00:00+00:00,1590.5817152122322
2024-11-18 08:00:00+00:00,1592.5383487903282
2024-11-18 16:00:00+00:00,1590.6880883074173
2024-11-19 00:00:00+00:00,1583.3970506355977
2024-11-19 08:00:00+00:00,1578.0847579095089
2024-11-19 16:00:00+00:00,1575.200941913789
2024-11-20 00:00:00+00:00,1571.3008314826886
2024-11-20 08:00:00+00:00,1582.978510565989
2024-11-20 16:00:00+00:00,1567.5980880338275
2024-11-21 00:00:00+00:00,1579.488537867764
2024-11-21 08:00:00+00:00,1592.078491563578
2024-11-21 16:00:00+00:00,1611.4243687099201
2024-11-22 00:00:00+00:00,1622.53193120911
2024-11-22 08:00:00+00:00,1638.6781475248931
2024-11-22 16:00:00+00:00,1663.5405281742126
2024-11-23 00:00:00+00:00,1671.7388913963878
2024-11-23 08:00:00+00:00,1686.0504291522368
2024-11-23 16:00:00+00:00,1665.2745249568948
2024-11-24 00:00:00+00:00,1673.3604989408952
2024-11-24 08:00:00+00:00,1628.4471215067927
2024-11-24 16:00:00+00:00,1667.0194972971997
2024-11-25 00:00:00+00:00,1685.203619459305
2024-11-25 08:00:00+00:00,1677.4440428793184
2024-11-25 16:00:00+00:00,1651.614329344352
2024-11-26 00:00:00+00:00,1650.9359483014914
2024-11-26 08:00:00+00:00,1634.895918932943
2024-11-26 16:00:00+00:00,1650.230828931733
2024-11-27 00:00:00+00:00,1665.1400458510304
2024-11-27 08:00:00+00:00,1679.4941982737146
2024-11-27 16:00:00+00:00,1687.566067192681
2024-11-28 00:00:00+00:00,1672.7489052181925
2024-11-28 08:00:00+00:00,1659.978501961498
2024-11-28 16:00:00+00:00,1677.5964208200405
2024-11-29 00:00:00+00:00,1675.5538304068969
2024-11-29 08:00:00+00:00,1698.5203773820915
2024-11-29 16:00:00+00:00,1706.6610245118368
2024-11-30 00:00:00+00:00,1723.3505309586417
2024-11-30 08:00:00+00:00,1720.3649997209652
2024-11-30 16:00:00+00:00,1723.220913192303
2024-12-01 00:00:00+00:00,1712.3084838591915
2024-12-01 08:00:00+00:00,1721.7805543412082
2024-12-01 16:00:00+00:00,1744.5104787835355
2024-12-02 00:00:00+00:00,1767.0199528656722
2024-12-02 08:00:00+00:00,1801.0642525662072
2024-12-02 16:00:00+00:00,1839.93352308059
2024-12-03 00:00:00+00:00,1827.0786165675158
2024-12-03 08:00:00+00:00,1803.5911829607476
2024-12-03 16:00:00+00:00,1811.1630318423747
2024-12-04 00:00:00+00:00,1837.801244698795
2024-12-04 08:00:00+00:00,1847.9710391612987
2024-12-04 16:00:00+00:00,1817.98583300819
2024-12-05 00:00:00+00:00,1816.7575067283683
2024-12-05 08:00:00+00:00,1824.3128798440114
2024-12-05 16:00:00+00:00,1794.1454994022906
2024-12-06 00:00:00+00:00,1820.1177189396951
2024-12-06 08:00:00+00:00,1819.3856948259258
2024-12-06 16:00:00+00:00,1846.9867986757554
2024-12-07 00:00:00+00:00,1834.9178474638825
2024-12-07 08:00:00+00:00,1845.2068021953141
2024-12-07 16:00:00+00:00,1843.4383681369773
2024-12-08 00:00:00+00:00,1843.4641753964888
2024-12-08 08:00:00+00:00,1852.3555112079712
2024-12-08 16:00:00+00:00,1863.168142838134
2024-12-09 00:00:00+00:00,1837.3566086554238
2024-12-09 08:00:00+00:00,1804.5707363100678
2024-12-09 16:00:00+00:00,1726.2606858342915
2024-12-10 00:00:00+00:00,1726.2606858342915
2024-12-10 08:00:00+00:00,1726.2606858342915
2024-12-10 16:00:00+00:00,1726.2606858342915
2024-12-11 00:00:00+00:00,1726.2606858342915
2024-12-11 08:00:00+00:00,1726.2606858342915
2024-12-11 16:00:00+00:00,1726.2606858342915
2024-12-12 00:00:00+00:00,1726.2606858342915
2024-12-12 08:00:00+00:00,1726.2606858342915
2024-12-12 16:00:00+00:00,1723.5127906397515
2024-12-13 00:00:00+00:00,1723.568735537739
2024-12-13 08:00:00+00:00,1722.4437850314555
2024-12-13 16:00:00+00:00,1725.2813367529307
2024-12-14 00:00:00+00:00,1725.8533037158152
2024-12-14 08:00:00+00:00,1725.258912689723
2024-12-14 16:00:00+00:00,1721.1899105957982
2024-12-15 00:00:00+00:00,1719.3690865902356
2024-12-15 08:00:00+00:00,1723.2588694286112
2024-12-15 16:00:00+00:00,1726.145244798402
2024-12-16 00:00:00+00:00,1726.5456372867052
2024-12-16 08:00:00+00:00,1728.0820673378894
2024-12-16 16:00:00+00:00,1722.854667641768
2024-12-17 00:00:00+00:00,1723.4670166818225
2024-12-17 08:00:00+00:00,1722.3898136558519
2024-12-17 16:00:00+00:00,1721.228779302797
2024-12-18 00:00:00+00:00,1717.879221450836
2024-12-18 08:00:00+00:00,1718.5477504853525
2024-12-18 16:00:00+00:00,1710.7754987747553
2024-12-19 00:00:00+00:00,1711.4616760372135
2024-12-19 08:00:00+00:00,1710.4468969460493
2024-12-19 16:00:00+00:00,1700.200374280056
2024-12-20 00:00:00+00:00,1700.200374280056
2024-12-20 08:00:00+00:00,1700.200374280056
2024-12-20 16:00:00+00:00,1700.200374280056
2024-12-21 00:00:00+00:00,1700.200374280056
2024-12-21 08:00:00+00:00,1700.200374280056
2024-12-21 16:00:00+00:00,1700.200374280056
2024-12-22 00:00:00+00:00,1700.200374280056
2024-12-22 08:00:00+00:00,1700.200374280056
2024-12-22 16:00:00+00:00,1700.200374280056
2024-12-23 00:00:00+00:00,1700.200374280056
2024-12-23 08:00:00+00:00,1700.200374280056
2024-12-23 16:00:00+00:00,1700.200374280056
2024-12-24 00:00:00+00:00,1700.200374280056
2024-12-24 08:00:00+00:00,1700.200374280056
2024-12-24 16:00:00+00:00,1700.200374280056
2024-12-25 00:00:00+00:00,1700.200374280056
2024-12-25 08:00:00+00:00,1700.200374280056
2024-12-25 16:00:00+00:00,1700.200374280056
2024-12-26 00:00:00+00:00,1700.200374280056
2024-12-26 08:00:00+00:00,1700.200374280056
2024-12-26 16:00:00+00:00,1700.200374280056
2024-12-27 00:00:00+00:00,1700.200374280056
2024-12-27 08:00:00+00:00,1700.200374280056
2024-12-27 16:00:00+00:00,1700.200374280056
2024-12-28 00:00:00+00:00,1700.200374280056
2024-12-28 08:00:00+00:00,1700.200374280056
2024-12-28 16:00:00+00:00,1700.200374280056
2024-12-29 00:00:00+00:00,1700.200374280056
2024-12-29 08:00:00+00:00,1700.200374280056
2024-12-29 16:00:00+00:00,1700.200374280056
2024-12-30 00:00:00+00:00,1700.200374280056
2024-12-30 08:00:00+00:00,1700.200374280056
2024-12-30 16:00:00+00:00,1700.200374280056
2024-12-31 00:00:00+00:00,1700.200374280056
2024-12-31 08:00:00+00:00,1700.200374280056
2024-12-31 16:00:00+00:00,1700.200374280056
2025-01-01 00:00:00+00:00,1700.200374280056
2025-01-01 08:00:00+00:00,1700.200374280056
2025-01-01 16:00:00+00:00,1700.200374280056
2025-01-02 00:00:00+00:00,1700.200374280056
2025-01-02 08:00:00+00:00,1700.200374280056
2025-01-02 16:00:00+00:00,1700.200374280056
2025-01-03 00:00:00+00:00,1700.200374280056
2025-01-03 08:00:00+00:00,1700.200374280056
2025-01-03 16:00:00+00:00,1700.200374280056
2025-01-04 00:00:00+00:00,1700.200374280056
2025-01-04 08:00:00+00:00,1704.1021345722356
2025-01-04 16:00:00+00:00,1706.3861279106893
2025-01-05 00:00:00+00:00,1703.9556453879266
2025-01-05 08:00:00+00:00,1705.1275588623994
2025-01-05 16:00:00+00:00,1705.4886237533024
2025-01-06 00:00:00+00:00,1704.0670596971195
2025-01-06 08:00:00+00:00,1710.477982833764
2025-01-06 16:00:00+00:00,1704.8707675276014
2025-01-07 00:00:00+00:00,1703.6452155508923
2025-01-07 08:00:00+00:00,1691.7486723459365
2025-01-07 16:00:00+00:00,1684.7413607976403
2025-01-08 00:00:00+00:00,1678.8992587972668
2025-01-08 08:00:00+00:00,1679.5264800934635
2025-01-08 16:00:00+00:00,1685.320024171492
2025-01-09 00:00:00+00:00,1680.0154651171433
2025-01-09 08:00:00+00:00,1682.6543336626555
2025-01-09 16:00:00+00:00,1682.3510391542973
2025-01-10 00:00:00+00:00,1689.6693086859093
2025-01-10 08:00:00+00:00,1687.0469459639812
2025-01-10 16:00:00+00:00,1690.02212066502
2025-01-11 00:00:00+00:00,1687.434832818208
2025-01-11 08:00:00+00:00,1686.399092388304
2025-01-11 16:00:00+00:00,1686.8798245001922
2025-01-12 00:00:00+00:00,1684.3049160210683
2025-01-12 08:00:00+00:00,1684.2327030428876
2025-01-12 16:00:00+00:00,1681.9920374913424
2025-01-13 00:00:00+00:00,1677.6324368371852
2025-01-13 08:00:00+00:00,1674.384772087627
2025-01-13 16:00:00+00:00,1674.384772087627
2025-01-14 00:00:00+00:00,1674.384772087627
2025-01-14 08:00:00+00:00,1674.384772087627
2025-01-14 16:00:00+00:00,1674.384772087627
2025-01-15 00:00:00+00:00,1674.384772087627
2025-01-15 08:00:00+00:00,1674.384772087627
2025-01-15 16:00:00+00:00,1674.384772087627
2025-01-16 00:00:00+00:00,1674.384772087627
2025-01-16 08:00:00+00:00,1674.384772087627
2025-01-16 16:00:00+00:00,1674.384772087627
2025-01-17 00:00:00+00:00,1674.384772087627
2025-01-17 08:00:00+00:00,1674.384772087627
2025-01-17 16:00:00+00:00,1674.384772087627
2025-01-18 00:00:00+00:00,1674.384772087627
2025-01-18 08:00:00+00:00,1674.384772087627
2025-01-18 16:00:00+00:00,1688.5614228055738
2025-01-19 00:00:00+00:00,1693.2221140567467
2025-01-19 08:00:00+00:00,1692.8349582507637
2025-01-19 16:00:00+00:00,1684.13595495464
2025-01-20 00:00:00+00:00,1674.6284836119187
2025-01-20 08:00:00+00:00,1674.6284836119187
2025-01-20 16:00:00+00:00,1667.7217555939992
2025-01-21 00:00:00+00:00,1667.3367892113688
2025-01-21 08:00:00+00:00,1670.0427183283764
2025-01-21 16:00:00+00:00,1673.0861994221334
2025-01-22 00:00:00+00:00,1671.604774903511
2025-01-22 08:00:00+00:00,1670.3612494097438
2025-01-22 16:00:00+00:00,1669.717709115973
2025-01-23 00:00:00+00:00,1668.3144356675086
2025-01-23 08:00:00+00:00,1671.8661054661561
2025-01-23 16:00:00+00:00,1670.0039873747353
2025-01-24 00:00:00+00:00,1671.5426124120802
2025-01-24 08:00:00+00:00,1672.6805581532178
2025-01-24 16:00:00+00:00,1671.3036107266234
2025-01-25 00:00:00+00:00,1670.6422900306472
2025-01-25 08:00:00+00:00,1671.332831232573
2025-01-25 16:00:00+00:00,1671.1528218893168
2025-01-26 00:00:00+00:00,1671.4794850926226
2025-01-26 08:00:00+00:00,1671.4710773055335
2025-01-26 16:00:00+00:00,1668.1927295035764
2025-01-27 00:00:00+00:00,1661.859672405279
2025-01-27 08:00:00+00:00,1661.859672405279
2025-01-27 16:00:00+00:00,1661.859672405279
2025-01-28 00:00:00+00:00,1661.859672405279
2025-01-28 08:00:00+00:00,1661.859672405279
2025-01-28 16:00:00+00:00,1661.859672405279
2025-01-29 00:00:00+00:00,1661.859672405279
2025-01-29 08:00:00+00:00,1661.859672405279
2025-01-29 16:00:00+00:00,1661.859672405279
2025-01-30 00:00:00+00:00,1661.859672405279
2025-01-30 08:00:00+00:00,1661.859672405279
2025-01-30 16:00:00+00:00,1661.859672405279
2025-01-31 00:00:00+00:00,1661.859672405279
2025-01-31 08:00:00+00:00,1661.859672405279
2025-01-31 16:00:00+00:00,1661.859672405279
2025-02-01 00:00:00+00:00,1661.859672405279
2025-02-01 08:00:00+00:00,1661.859672405279
2025-02-01 16:00:00+00:00,1661.859672405279
2025-02-02 00:00:00+00:00,1661.859672405279
2025-02-02 08:00:00+00:00,1661.859672405279
2025-02-02 16:00:00+00:00,1661.859672405279
2025-02-03 00:00:00+00:00,1661.859672405279
2025-02-03 08:00:00+00:00,1661.859672405279
2025-02-03 16:00:00+00:00,1661.859672405279
2025-02-04 00:00:00+00:00,1661.859672405279
2025-02-04 08:00:00+00:00,1661.859672405279
2025-02-04 16:00:00+00:00,1661.859672405279
2025-02-05 00:00:00+00:00,1661.859672405279
2025-02-05 08:00:00+00:00,1661.859672405279
2025-02-05 16:00:00+00:00,1661.859672405279
2025-02-06 00:00:00+00:00,1661.859672405279
2025-02-06 08:00:00+00:00,1661.859672405279
2025-02-06 16:00:00+00:00,1661.859672405279
2025-02-07 00:00:00+00:00,1661.859672405279
2025-02-07 08:00:00+00:00,1661.859672405279
2025-02-07 16:00:00+00:00,1661.859672405279
2025-02-08 00:00:00+00:00,1661.859672405279
2025-02-08 08:00:00+00:00,1661.859672405279
2025-02-08 16:00:00+00:00,1661.859672405279
2025-02-09 00:00:00+00:00,1661.859672405279
2025-02-09 08:00:00+00:00,1661.859672405279
2025-02-09 16:00:00+00:00,1661.859672405279
2025-02-10 00:00:00+00:00,1661.859672405279
2025-02-10 08:00:00+00:00,1661.859672405279
2025-02-10 16:00:00+00:00,1661.859672405279
2025-02-11 00:00:00+00:00,1661.859672405279
2025-02-11 08:00:00+00:00,1661.859672405279
2025-02-11 16:00:00+00:00,1661.859672405279
2025-02-12 00:00:00+00:00,1661.859672405279
2025-02-12 08:00:00+00:00,1661.859672405279
2025-02-12 16:00:00+00:00,1661.859672405279
2025-02-13 00:00:00+00:00,1661.859672405279
2025-02-13 08:00:00+00:00,1661.859672405279
2025-02-13 16:00:00+00:00,1661.859672405279
2025-02-14 00:00:00+00:00,1661.859672405279
2025-02-14 08:00:00+00:00,1661.859672405279
2025-02-14 16:00:00+00:00,1661.859672405279
2025-02-15 00:00:00+00:00,1661.859672405279
2025-02-15 08:00:00+00:00,1661.859672405279
2025-02-15 16:00:00+00:00,1661.859672405279
2025-02-16 00:00:00+00:00,1661.859672405279
2025-02-16 08:00:00+00:00,1661.859672405279
2025-02-16 16:00:00+00:00,1661.859672405279
2025-02-17 00:00:00+00:00,1661.859672405279
2025-02-17 08:00:00+00:00,1661.859672405279
2025-02-17 16:00:00+00:00,1661.859672405279
2025-02-18 00:00:00+00:00,1661.859672405279
2025-02-18 08:00:00+00:00,1661.859672405279
2025-02-18 16:00:00+00:00,1661.859672405279
2025-02-19 00:00:00+00:00,1661.859672405279
2025-02-19 08:00:00+00:00,1661.859672405279
2025-02-19 16:00:00+00:00,1661.859672405279
2025-02-20 00:00:00+00:00,1661.859672405279
2025-02-20 08:00:00+00:00,1661.859672405279
2025-02-20 16:00:00+00:00,1661.859672405279
2025-02-21 00:00:00+00:00,1661.859672405279
2025-02-21 08:00:00+00:00,1661.859672405279
2025-02-21 16:00:00+00:00,1661.859672405279
2025-02-22 00:00:00+00:00,1661.859672405279
2025-02-22 08:00:00+00:00,1661.859672405279
2025-02-22 16:00:00+00:00,1661.859672405279
2025-02-23 00:00:00+00:00,1661.859672405279
2025-02-23 08:00:00+00:00,1661.859672405279
2025-02-23 16:00:00+00:00,1661.859672405279
2025-02-24 00:00:00+00:00,1661.859672405279
2025-02-24 08:00:00+00:00,1661.859672405279
2025-02-24 16:00:00+00:00,1661.859672405279
2025-02-25 00:00:00+00:00,1661.859672405279
2025-02-25 08:00:00+00:00,1661.859672405279
2025-02-25 16:00:00+00:00,1634.9367927388878
2025-02-26 00:00:00+00:00,1641.5805964662459
2025-02-26 08:00:00+00:00,1650.676947698424
2025-02-26 16:00:00+00:00,1679.487780617763
2025-02-27 00:00:00+00:00,1662.0186090728787
2025-02-27 08:00:00+00:00,1668.8484273049319
2025-02-27 16:00:00+00:00,1675.6715868275548
2025-02-28 00:00:00+00:00,1739.419388506268
2025-02-28 08:00:00+00:00,1685.8078142726656
2025-02-28 16:00:00+00:00,1678.9694709850432
2025-03-01 00:00:00+00:00,1679.9078847367068
2025-03-01 08:00:00+00:00,1687.1332809984885
2025-03-01 16:00:00+00:00,1672.1303958922767
2025-03-02 00:00:00+00:00,1666.3755041760824
2025-03-02 08:00:00+00:00,1646.8817208737319
2025-03-02 16:00:00+00:00,1609.6659813075735
2025-03-03 00:00:00+00:00,1617.7277331897496
2025-03-03 08:00:00+00:00,1623.8229303536536
2025-03-03 16:00:00+00:00,1632.313792257765
2025-03-04 00:00:00+00:00,1636.5307201393414
2025-03-04 08:00:00+00:00,1636.868491626683
2025-03-04 16:00:00+00:00,1631.0672905228444
2025-03-05 00:00:00+00:00,1625.519446511638
2025-03-05 08:00:00+00:00,1625.011595387995
2025-03-05 16:00:00+00:00,1611.562797959901
2025-03-06 00:00:00+00:00,1604.3360734479231
2025-03-06 08:00:00+00:00,1604.91148538534
2025-03-06 16:00:00+00:00,1612.5303913927335
2025-03-07 00:00:00+00:00,1614.2966832375623
2025-03-07 08:00:00+00:00,1613.3063475625386
2025-03-07 16:00:00+00:00,1619.9959523165337
2025-03-08 00:00:00+00:00,1621.758164081963
2025-03-08 08:00:00+00:00,1616.0794391909367
2025-03-08 16:00:00+00:00,1614.6424685635693
2025-03-09 00:00:00+00:00,1617.3485834526703
2025-03-09 08:00:00+00:00,1627.0030795987705
2025-03-09 16:00:00+00:00,1636.9835912024676
2025-03-10 00:00:00+00:00,1633.5183372869808
2025-03-10 08:00:00+00:00,1647.4885201457187
2025-03-10 16:00:00+00:00,1677.7233817837966
2025-03-11 00:00:00+00:00,1662.9132872677858
2025-03-11 08:00:00+00:00,1655.8837922039106
2025-03-11 16:00:00+00:00,1647.881310545136
2025-03-12 00:00:00+00:00,1648.2791172037462
2025-03-12 08:00:00+00:00,1649.8361616919856
2025-03-12 16:00:00+00:00,1633.9523322756725
2025-03-13 00:00:00+00:00,1639.4369935602174
2025-03-13 08:00:00+00:00,1644.964524055945
2025-03-13 16:00:00+00:00,1646.971504801804
2025-03-14 00:00:00+00:00,1638.9632366736191
2025-03-14 08:00:00+00:00,1625.0208916839856
2025-03-14 16:00:00+00:00,1630.0144804439174
2025-03-15 00:00:00+00:00,1624.7662014771827
2025-03-15 08:00:00+00:00,1620.2725969848511
2025-03-15 16:00:00+00:00,1616.9906624172706
2025-03-16 00:00:00+00:00,1618.2025480681914
2025-03-16 08:00:00+00:00,1629.9244386223174
2025-03-16 16:00:00+00:00,1632.9120882218003
2025-03-17 00:00:00+00:00,1626.0168353151182
2025-03-17 08:00:00+00:00,1625.8739339588647
2025-03-17 16:00:00+00:00,1622.3275822421901
2025-03-18 00:00:00+00:00,1628.3722930913407
2025-03-18 08:00:00+00:00,1636.8497167906687
2025-03-18 16:00:00+00:00,1626.7941231735342
2025-03-19 00:00:00+00:00,1626.4935312466014
2025-03-19 08:00:00+00:00,1610.0461172123396
2025-03-19 16:00:00+00:00,1603.878499605242
2025-03-20 00:00:00+00:00,1608.579017668693
2025-03-20 08:00:00+00:00,1612.6403117485759
2025-03-20 16:00:00+00:00,1612.8549153233942
2025-03-21 00:00:00+00:00,1613.3967893945453
2025-03-21 08:00:00+00:00,1616.2095342281948
2025-03-21 16:00:00+00:00,1612.170445966401
2025-03-22 00:00:00+00:00,1610.4411526129334
2025-03-22 08:00:00+00:00,1610.1590080105996
2025-03-22 16:00:00+00:00,1611.0538235183055
2025-03-23 00:00:00+00:00,1609.1691240753614
2025-03-23 08:00:00+00:00,1608.2354068309642
2025-03-23 16:00:00+00:00,1606.4438251508907
2025-03-24 00:00:00+00:00,1599.074110931624
2025-03-24 08:00:00+00:00,1594.3796063480736
2025-03-24 16:00:00+00:00,1594.6278467414195
2025-03-25 00:00:00+00:00,1594.5892284637303
2025-03-25 08:00:00+00:00,1590.3525946093348
2025-03-25 16:00:00+00:00,1590.3691499970034
2025-03-26 00:00:00+00:00,1585.5942269713278
2025-03-26 08:00:00+00:00,1585.5942269713278
2025-03-26 16:00:00+00:00,1585.5942269713278
2025-03-27 00:00:00+00:00,1585.5942269713278
2025-03-27 08:00:00+00:00,1586.199678282969
2025-03-27 16:00:00+00:00,1586.113860823985
2025-03-28 00:00:00+00:00,1596.444584947838
2025-03-28 08:00:00+00:00,1600.0311410209042
2025-03-28 16:00:00+00:00,1597.6458248027923
2025-03-29 00:00:00+00:00,1604.8876113731935
2025-03-29 08:00:00+00:00,1606.1660767126925
2025-03-29 16:00:00+00:00,1603.832230512889
2025-03-30 00:00:00+00:00,1600.2971444581312
2025-03-30 08:00:00+00:00,1603.5490840409473
2025-03-30 16:00:00+00:00,1603.6434730172884
2025-03-31 00:00:00+00:00,1615.5921960790492
2025-03-31 08:00:00+00:00,1607.7320848564984
2025-03-31 16:00:00+00:00,1604.561290807508
2025-04-01 00:00:00+00:00,1596.9960864396423
2025-04-01 08:00:00+00:00,1577.4510972413618
2025-04-01 16:00:00+00:00,1580.9801463923418
2025-04-02 00:00:00+00:00,1597.7824638899554
2025-04-02 08:00:00+00:00,1576.5923417938368
2025-04-02 16:00:00+00:00,1599.6925649888094
2025-04-03 00:00:00+00:00,1593.929198572079
2025-04-03 08:00:00+00:00,1609.8364344845686
2025-04-03 16:00:00+00:00,1591.9480263600528
2025-04-04 00:00:00+00:00,1581.7731656859867
2025-04-04 08:00:00+00:00,1590.3798507709662
2025-04-04 16:00:00+00:00,1579.6603772933236
2025-04-05 00:00:00+00:00,1582.4819957677341
2025-04-05 08:00:00+00:00,1595.182202891079
2025-04-05 16:00:00+00:00,1587.4447418708767
2025-04-06 00:00:00+00:00,1602.639408874626
2025-04-06 08:00:00+00:00,1613.5602762606509
2025-04-06 16:00:00+00:00,1664.1710872643428
2025-04-07 00:00:00+00:00,1720.8119971324977
2025-04-07 08:00:00+00:00,1665.6008638593255
2025-04-07 16:00:00+00:00,1660.1468534055746
2025-04-08 00:00:00+00:00,1657.7536574392614
2025-04-08 08:00:00+00:00,1658.2666093422206
2025-04-08 16:00:00+00:00,1689.461086895599
2025-04-09 00:00:00+00:00,1674.7965692277771
2025-04-09 08:00:00+00:00,1675.881474485572
2025-04-09 16:00:00+00:00,1604.2176121506918
2025-04-10 00:00:00+00:00,1613.8049809961262
2025-04-10 08:00:00+00:00,1628.9528896867312
2025-04-10 16:00:00+00:00,1620.908445823626
2025-04-11 00:00:00+00:00,1611.9089429318174
2025-04-11 08:00:00+00:00,1605.9223418303152
2025-04-11 16:00:00+00:00,1601.570407719426
2025-04-12 00:00:00+00:00,1598.5103939700568
2025-04-12 08:00:00+00:00,1592.3358275713342
2025-04-12 16:00:00+00:00,1592.025614791922
2025-04-13 00:00:00+00:00,1593.84257837586
2025-04-13 08:00:00+00:00,1594.9504902159015
2025-04-13 16:00:00+00:00,1597.2549295152264
2025-04-14 00:00:00+00:00,1595.9254416466745
2025-04-14 08:00:00+00:00,1596.5458777713295
2025-04-14 16:00:00+00:00,1596.3686042695251
2025-04-15 00:00:00+00:00,1596.1913413335508
2025-04-15 08:00:00+00:00,1598.5401042912417
2025-04-15 16:00:00+00:00,1599.7366423163553
2025-04-16 00:00:00+00:00,1601.1547669358092
2025-04-16 08:00:00+00:00,1600.7116043129586
2025-04-16 16:00:00+00:00,1602.9274227101266
2025-04-17 00:00:00+00:00,1600.268441690108
2025-04-17 08:00:00+00:00,1599.8695921597937
2025-04-17 16:00:00+00:00,1599.1162167575305
2025-04-18 00:00:00+00:00,1598.1412653267578
2025-04-18 08:00:00+00:00,1598.9832669140926
2025-04-18 16:00:00+00:00,1599.0275905724588
2025-04-19 00:00:00+00:00,1596.4572410204273
2025-04-19 08:00:00+00:00,1595.969765305041
2025-04-19 16:00:00+00:00,1593.6522249357856
2025-04-20 00:00:00+00:00,1593.6522249357856
2025-04-20 08:00:00+00:00,1593.6522249357856
2025-04-20 16:00:00+00:00,1593.6522249357856
2025-04-21 00:00:00+00:00,1593.6522249357856
2025-04-21 08:00:00+00:00,1593.6522249357856
2025-04-21 16:00:00+00:00,1593.6522249357856
2025-04-22 00:00:00+00:00,1593.6522249357856
2025-04-22 08:00:00+00:00,1593.6522249357856
2025-04-22 16:00:00+00:00,1613.2934847889298
2025-04-23 00:00:00+00:00,1644.5340090871998
2025-04-23 08:00:00+00:00,1643.0726952034777
2025-04-23 16:00:00+00:00,1646.1390013776977
2025-04-24 00:00:00+00:00,1617.4795697061259
2025-04-24 08:00:00+00:00,1643.0165304318757
2025-04-24 16:00:00+00:00,1654.658726204756
2025-04-25 00:00:00+00:00,1659.6919760117855
2025-04-25 08:00:00+00:00,1666.4549854776524
2025-04-25 16:00:00+00:00,1656.6063370552172
2025-04-26 00:00:00+00:00,1665.3134871796767
2025-04-26 08:00:00+00:00,1651.7025893600483
2025-04-26 16:00:00+00:00,1655.934677523517
2025-04-27 00:00:00+00:00,1642.7227113830063
2025-04-27 08:00:00+00:00,1636.2171352207988
2025-04-27 16:00:00+00:00,1632.548323588613
2025-04-28 00:00:00+00:00,1655.4033445198065
2025-04-28 08:00:00+00:00,1629.0851358240266
2025-04-28 16:00:00+00:00,1651.1007248854658
2025-04-29 00:00:00+00:00,1657.0500128699935
2025-04-29 08:00:00+00:00,1649.1394548565922
2025-04-29 16:00:00+00:00,1634.5488187762335
2025-04-30 00:00:00+00:00,1634.3222532590296
2025-04-30 08:00:00+00:00,1610.1415759305469
2025-04-30 16:00:00+00:00,1622.3618354578737
2025-05-01 00:00:00+00:00,1639.1335677096388
2025-05-01 08:00:00+00:00,1655.369653486836
2025-05-01 16:00:00+00:00,1652.49436435743
2025-05-02 00:00:00+00:00,1642.98681194731
2025-05-02 08:00:00+00:00,1656.1344962041544
2025-05-02 16:00:00+00:00,1644.6118249528877
2025-05-03 00:00:00+00:00,1633.719570769861
2025-05-03 08:00:00+00:00,1633.5588741906522
2025-05-03 16:00:00+00:00,1621.8010361806416
2025-05-04 00:00:00+00:00,1616.9983487835593
2025-05-04 08:00:00+00:00,1610.0604607621287
2025-05-04 16:00:00+00:00,1596.2000446175643
2025-05-05 00:00:00+00:00,1609.842253178835
2025-05-05 08:00:00+00:00,1589.7366160642778
2025-05-05 16:00:00+00:00,1596.140148494986
2025-05-06 00:00:00+00:00,1591.3608365283044
2025-05-06 08:00:00+00:00,1585.0087195431756
2025-05-06 16:00:00+00:00,1598.6767909565992
2025-05-07 00:00:00+00:00,1599.6936573044493
2025-05-07 08:00:00+00:00,1597.7467364036186
2025-05-07 16:00:00+00:00,1600.0242478614696
2025-05-08 00:00:00+00:00,1614.1096137667043
2025-05-08 08:00:00+00:00,1630.8020915988723
2025-05-08 16:00:00+00:00,1646.0655891647693
2025-05-09 00:00:00+00:00,1678.8394776956939
2025-05-09 08:00:00+00:00,1677.2206993800592
2025-05-09 16:00:00+00:00,1683.0201253448013
2025-05-10 00:00:00+00:00,1710.9411941172514
2025-05-10 08:00:00+00:00,1709.3265010097086
2025-05-10 16:00:00+00:00,1765.8716222632288
2025-05-11 00:00:00+00:00,1716.1502490766502
2025-05-11 08:00:00+00:00,1714.1051765626503
2025-05-11 16:00:00+00:00,1731.278338006128
2025-05-12 00:00:00+00:00,1760.4537131317038
2025-05-12 08:00:00+00:00,1720.9616131466446
2025-05-12 16:00:00+00:00,1719.982794217924
2025-05-13 00:00:00+00:00,1704.8872935009435
2025-05-13 08:00:00+00:00,1731.0969116525687
2025-05-13 16:00:00+00:00,1758.7591936852016
2025-05-14 00:00:00+00:00,1746.013444268883
2025-05-14 08:00:00+00:00,1730.276878519039
2025-05-14 16:00:00+00:00,1729.4843201436022
2025-05-15 00:00:00+00:00,1688.728644766598
2025-05-15 08:00:00+00:00,1704.1289796461865
2025-05-15 16:00:00+00:00,1693.2346507165034
2025-05-16 00:00:00+00:00,1708.4217257024109
2025-05-16 08:00:00+00:00,1712.0667073834243
2025-05-16 16:00:00+00:00,1686.0359938937513
2025-05-17 00:00:00+00:00,1679.6247879200296
2025-05-17 08:00:00+00:00,1671.875296528101
2025-05-17 16:00:00+00:00,1671.4396067650132
2025-05-18 00:00:00+00:00,1694.5967176946174
2025-05-18 08:00:00+00:00,1735.1764609781783
2025-05-18 16:00:00+00:00,1714.5775211888244
2025-05-19 00:00:00+00:00,1663.971923532806
2025-05-19 08:00:00+00:00,1678.184455960025
2025-05-19 16:00:00+00:00,1690.6878188892285
2025-05-20 00:00:00+00:00,1688.1715832130976
2025-05-20 08:00:00+00:00,1686.258011789944
2025-05-20 16:00:00+00:00,1700.2314019471044
2025-05-21 00:00:00+00:00,1699.1439204399073
2025-05-21 08:00:00+00:00,1722.7126934457651
2025-05-21 16:00:00+00:00,1728.2250990108112
2025-05-22 00:00:00+00:00,1755.185323918042
2025-05-22 08:00:00+00:00,1749.211980076848
2025-05-22 16:00:00+00:00,1754.737188010389
2025-05-23 00:00:00+00:00,1749.4360067485288
2025-05-23 08:00:00+00:00,1720.066585511085
2025-05-23 16:00:00+00:00,1690.8238814527458
2025-05-24 00:00:00+00:00,1697.6370912056932
2025-05-24 08:00:00+00:00,1706.1360627129775
2025-05-24 16:00:00+00:00,1696.4870850848506
2025-05-25 00:00:00+00:00,1685.313639726694
2025-05-25 08:00:00+00:00,1672.3462237288281
2025-05-25 16:00:00+00:00,1693.7020933898843
2025-05-26 00:00:00+00:00,1706.1376456976625
2025-05-26 08:00:00+00:00,1702.0315008988505
2025-05-26 16:00:00+00:00,1695.5577375779446
2025-05-27 00:00:00+00:00,1698.5177537690215
2025-05-27 08:00:00+00:00,1705.6421104621727
2025-05-27 16:00:00+00:00,1695.8360817523208
2025-05-28 00:00:00+00:00,1688.343563135713
2025-05-28 08:00:00+00:00,1674.576258441658
2025-05-28 16:00:00+00:00,1680.2444234062368
2025-05-29 00:00:00+00:00,1680.704456017417
2025-05-29 08:00:00+00:00,1674.3020439692207
2025-05-29 16:00:00+00:00,1664.8360248502354
2025-05-30 00:00:00+00:00,1664.8360248502354
2025-05-30 08:00:00+00:00,1664.8360248502354
2025-05-30 16:00:00+00:00,1664.8360248502354
2025-05-31 00:00:00+00:00,1664.8360248502354
2025-05-31 08:00:00+00:00,1664.8360248502354
2025-05-31 16:00:00+00:00,1664.8360248502354
2025-06-01 00:00:00+00:00,1664.8360248502354
2025-06-01 08:00:00+00:00,1664.8360248502354
2025-06-01 16:00:00+00:00,1664.8360248502354
2025-06-02 00:00:00+00:00,1664.8360248502354
2025-06-02 08:00:00+00:00,1664.8360248502354
2025-06-02 16:00:00+00:00,1664.8360248502354
2025-06-03 00:00:00+00:00,1664.8360248502354
2025-06-03 08:00:00+00:00,1664.8360248502354
2025-06-03 16:00:00+00:00,1664.8360248502354
2025-06-04 00:00:00+00:00,1664.8360248502354
2025-06-04 08:00:00+00:00,1664.8360248502354
2025-06-04 16:00:00+00:00,1664.8360248502354
2025-06-05 00:00:00+00:00,1664.8360248502354
2025-06-05 08:00:00+00:00,1664.8360248502354
2025-06-05 16:00:00+00:00,1664.8360248502354
2025-06-06 00:00:00+00:00,1664.8360248502354
2025-06-06 08:00:00+00:00,1664.8360248502354
2025-06-06 16:00:00+00:00,1664.8360248502354
2025-06-07 00:00:00+00:00,1664.8360248502354
2025-06-07 08:00:00+00:00,1664.8360248502354
2025-06-07 16:00:00+00:00,1664.8360248502354
2025-06-08 00:00:00+00:00,1664.8360248502354
2025-06-08 08:00:00+00:00,1664.8360248502354
2025-06-08 16:00:00+00:00,1664.8360248502354
2025-06-09 00:00:00+00:00,1664.8360248502354
2025-06-09 08:00:00+00:00,1664.8360248502354
2025-06-09 16:00:00+00:00,1664.8360248502354
2025-06-10 00:00:00+00:00,1664.8360248502354
2025-06-10 08:00:00+00:00,1664.8360248502354
2025-06-10 16:00:00+00:00,1664.8360248502354
2025-06-11 00:00:00+00:00,1664.8360248502354
2025-06-11 08:00:00+00:00,1664.8360248502354
2025-06-11 16:00:00+00:00,1664.8360248502354
2025-06-12 00:00:00+00:00,1664.8360248502354
2025-06-12 08:00:00+00:00,1664.8360248502354
2025-06-12 16:00:00+00:00,1664.8360248502354
2025-06-13 00:00:00+00:00,1664.8360248502354
2025-06-13 08:00:00+00:00,1664.8360248502354
2025-06-13 16:00:00+00:00,1664.8360248502354
2025-06-14 00:00:00+00:00,1664.8360248502354
2025-06-14 08:00:00+00:00,1664.8360248502354
2025-06-14 16:00:00+00:00,1664.8360248502354
2025-06-15 00:00:00+00:00,1664.8360248502354
2025-06-15 08:00:00+00:00,1664.8360248502354
2025-06-15 16:00:00+00:00,1664.8360248502354
2025-06-16 00:00:00+00:00,1664.8360248502354
2025-06-16 08:00:00+00:00,1664.8360248502354
2025-06-16 16:00:00+00:00,1664.8360248502354
2025-06-17 00:00:00+00:00,1664.8360248502354
2025-06-17 08:00:00+00:00,1664.8360248502354
2025-06-17 16:00:00+00:00,1664.8360248502354
2025-06-18 00:00:00+00:00,1664.8360248502354
2025-06-18 08:00:00+00:00,1664.8360248502354
2025-06-18 16:00:00+00:00,1664.8360248502354
2025-06-19 00:00:00+00:00,1664.8360248502354
2025-06-19 08:00:00+00:00,1664.8360248502354
2025-06-19 16:00:00+00:00,1664.8360248502354
2025-06-20 00:00:00+00:00,1664.8360248502354
2025-06-20 08:00:00+00:00,1664.8360248502354
2025-06-20 16:00:00+00:00,1664.8360248502354
2025-06-21 00:00:00+00:00,1664.8360248502354
2025-06-21 08:00:00+00:00,1664.8360248502354
2025-06-21 16:00:00+00:00,1664.8360248502354
2025-06-22 00:00:00+00:00,1664.8360248502354
2025-06-22 08:00:00+00:00,1664.8360248502354
2025-06-22 16:00:00+00:00,1664.8360248502354
2025-06-23 00:00:00+00:00,1664.8360248502354
2025-06-23 08:00:00+00:00,1664.8360248502354
2025-06-23 16:00:00+00:00,1664.8360248502354
2025-06-24 00:00:00+00:00,1664.8360248502354
2025-06-24 08:00:00+00:00,1664.8360248502354
2025-06-24 16:00:00+00:00,1664.8360248502354
2025-06-25 00:00:00+00:00,1664.8360248502354
2025-06-25 08:00:00+00:00,1664.8360248502354
2025-06-25 16:00:00+00:00,1664.8360248502354
2025-06-26 00:00:00+00:00,1664.8360248502354
2025-06-26 08:00:00+00:00,1664.8360248502354
2025-06-26 16:00:00+00:00,1664.8360248502354
2025-06-27 00:00:00+00:00,1664.8360248502354
2025-06-27 08:00:00+00:00,1664.8360248502354
2025-06-27 16:00:00+00:00,1664.8360248502354
2025-06-28 00:00:00+00:00,1664.8360248502354
2025-06-28 08:00:00+00:00,1664.8360248502354
2025-06-28 16:00:00+00:00,1664.8360248502354
2025-06-29 00:00:00+00:00,1664.8360248502354
2025-06-29 08:00:00+00:00,1664.8360248502354
2025-06-29 16:00:00+00:00,1664.8360248502354
2025-06-30 00:00:00+00:00,1664.8360248502354
2025-06-30 08:00:00+00:00,1664.8360248502354
2025-06-30 16:00:00+00:00,1664.8360248502354
2025-07-01 00:00:00+00:00,1664.8360248502354
2025-07-01 08:00:00+00:00,1664.8360248502354
2025-07-01 16:00:00+00:00,1664.8360248502354
2025-07-02 00:00:00+00:00,1664.8360248502354
2025-07-02 08:00:00+00:00,1664.8360248502354
2025-07-02 16:00:00+00:00,1664.8360248502354
2025-07-03 00:00:00+00:00,1664.8360248502354
2025-07-03 08:00:00+00:00,1664.8360248502354
2025-07-03 16:00:00+00:00,1664.8360248502354
2025-07-04 00:00:00+00:00,1664.8360248502354
2025-07-04 08:00:00+00:00,1664.8360248502354
2025-07-04 16:00:00+00:00,1664.8360248502354
2025-07-05 00:00:00+00:00,1664.8360248502354
2025-07-05 08:00:00+00:00,1664.8360248502354
2025-07-05 16:00:00+00:00,1664.8360248502354
2025-07-06 00:00:00+00:00,1664.8360248502354
2025-07-06 08:00:00+00:00,1664.8360248502354
2025-07-06 16:00:00+00:00,1664.8360248502354
2025-07-07 00:00:00+00:00,1664.8360248502354
2025-07-07 08:00:00+00:00,1664.8360248502354
2025-07-07 16:00:00+00:00,1664.8360248502354
2025-07-08 00:00:00+00:00,1664.8360248502354
2025-07-08 08:00:00+00:00,1664.8360248502354
2025-07-08 16:00:00+00:00,1664.8360248502354
2025-07-09 00:00:00+00:00,1664.8360248502354
2025-07-09 08:00:00+00:00,1664.8360248502354
2025-07-09 16:00:00+00:00,1664.8360248502354
2025-07-10 00:00:00+00:00,1664.8360248502354
2025-07-10 08:00:00+00:00,1664.8360248502354
2025-07-10 16:00:00+00:00,1664.8360248502354
2025-07-11 00:00:00+00:00,1664.8360248502354
2025-07-11 08:00:00+00:00,1664.8360248502354
2025-07-11 16:00:00+00:00,1664.8360248502354
2025-07-12 00:00:00+00:00,1664.8360248502354
2025-07-12 08:00:00+00:00,1664.8360248502354
2025-07-12 16:00:00+00:00,1664.8360248502354
2025-07-13 00:00:00+00:00,1664.8360248502354
2025-07-13 08:00:00+00:00,1664.8360248502354
2025-07-13 16:00:00+00:00,1664.8360248502354
2025-07-14 00:00:00+00:00,1664.8360248502354
2025-07-14 08:00:00+00:00,1664.8360248502354
2025-07-14 16:00:00+00:00,1664.8360248502354
2025-07-15 00:00:00+00:00,1664.8360248502354
2025-07-15 08:00:00+00:00,1664.8360248502354
2025-07-15 16:00:00+00:00,1664.8360248502354
2025-07-16 00:00:00+00:00,1664.8360248502354
2025-07-16 08:00:00+00:00,1664.8360248502354
2025-07-16 16:00:00+00:00,1664.8360248502354
2025-07-17 00:00:00+00:00,1664.8360248502354
2025-07-17 08:00:00+00:00,1664.8360248502354
2025-07-17 16:00:00+00:00,1664.8360248502354
2025-07-18 00:00:00+00:00,1664.8360248502354
2025-07-18 08:00:00+00:00,1664.8360248502354
2025-07-18 16:00:00+00:00,1664.8360248502354
2025-07-19 00:00:00+00:00,1664.8360248502354
2025-07-19 08:00:00+00:00,1664.8360248502354
2025-07-19 16:00:00+00:00,1664.8360248502354
2025-07-20 00:00:00+00:00,1664.8360248502354
2025-07-20 08:00:00+00:00,1664.8360248502354
2025-07-20 16:00:00+00:00,1664.8360248502354
2025-07-21 00:00:00+00:00,1664.8360248502354
2025-07-21 08:00:00+00:00,1664.8360248502354
2025-07-21 16:00:00+00:00,1664.8360248502354
2025-07-22 00:00:00+00:00,1664.8360248502354
2025-07-22 08:00:00+00:00,1664.8360248502354
2025-07-22 16:00:00+00:00,1664.8360248502354
2025-07-23 00:00:00+00:00,1664.8360248502354
2025-07-23 08:00:00+00:00,1664.8360248502354
2025-07-23 16:00:00+00:00,1664.8360248502354
2025-07-24 00:00:00+00:00,1664.8360248502354
2025-07-24 08:00:00+00:00,1664.8360248502354
2025-07-24 16:00:00+00:00,1664.8360248502354
2025-07-25 00:00:00+00:00,1664.8360248502354
2025-07-25 08:00:00+00:00,1664.8360248502354
2025-07-25 16:00:00+00:00,1664.8360248502354
2025-07-26 00:00:00+00:00,1664.8360248502354
2025-07-26 08:00:00+00:00,1664.8360248502354
2025-07-26 16:00:00+00:00,1664.8360248502354
2025-07-27 00:00:00+00:00,1664.8360248502354
2025-07-27 08:00:00+00:00,1664.8360248502354
2025-07-27 16:00:00+00:00,1664.8360248502354
2025-07-28 00:00:00+00:00,1664.8360248502354
2025-07-28 08:00:00+00:00,1664.8360248502354
2025-07-28 16:00:00+00:00,1664.8360248502354
2025-07-29 00:00:00+00:00,1664.8360248502354
2025-07-29 08:00:00+00:00,1664.8360248502354
2025-07-29 16:00:00+00:00,1664.8360248502354
2025-07-30 00:00:00+00:00,1664.8360248502354
2025-07-30 08:00:00+00:00,1664.8360248502354
2025-07-30 16:00:00+00:00,1664.8360248502354
2025-07-31 00:00:00+00:00,1664.8360248502354
2025-07-31 08:00:00+00:00,1664.8360248502354
2025-07-31 16:00:00+00:00,1664.8360248502354
2025-08-01 00:00:00+00:00,1664.8360248502354
2025-08-01 08:00:00+00:00,1664.8360248502354
2025-08-01 16:00:00+00:00,1664.8360248502354
2025-08-02 00:00:00+00:00,1664.8360248502354
2025-08-02 08:00:00+00:00,1664.8360248502354
2025-08-02 16:00:00+00:00,1664.8360248502354
2025-08-03 00:00:00+00:00,1664.8360248502354
2025-08-03 08:00:00+00:00,1664.8360248502354
2025-08-03 16:00:00+00:00,1664.8360248502354
2025-08-04 00:00:00+00:00,1664.8360248502354
2025-08-04 08:00:00+00:00,1664.8360248502354
2025-08-04 16:00:00+00:00,1664.8360248502354
2025-08-05 00:00:00+00:00,1664.8360248502354
2025-08-05 08:00:00+00:00,1664.8360248502354
2025-08-05 16:00:00+00:00,1664.8360248502354
2025-08-06 00:00:00+00:00,1664.8360248502354
2025-08-06 08:00:00+00:00,1664.8360248502354
2025-08-06 16:00:00+00:00,1664.8360248502354
2025-08-07 00:00:00+00:00,1664.8360248502354
2025-08-07 08:00:00+00:00,1664.8360248502354
2025-08-07 16:00:00+00:00,1664.8360248502354
2025-08-08 00:00:00+00:00,1664.8360248502354
2025-08-08 08:00:00+00:00,1664.8360248502354
2025-08-08 16:00:00+00:00,1664.8360248502354
2025-08-09 00:00:00+00:00,1664.8360248502354
2025-08-09 08:00:00+00:00,1664.8360248502354
2025-08-09 16:00:00+00:00,1674.1740344711097
2025-08-10 00:00:00+00:00,1671.175612628588
2025-08-10 08:00:00+00:00,1675.5291778450583
2025-08-10 16:00:00+00:00,1674.4305712008563
2025-08-11 00:00:00+00:00,1674.6624772340929
2025-08-11 08:00:00+00:00,1676.6819793941381
2025-08-11 16:00:00+00:00,1659.949689455777
2025-08-12 00:00:00+00:00,1666.3883123057096
2025-08-12 08:00:00+00:00,1688.283783863456
2025-08-12 16:00:00+00:00,1690.8991901886054
2025-08-13 00:00:00+00:00,1689.6522372353643
2025-08-13 08:00:00+00:00,1695.9189991134301
2025-08-13 16:00:00+00:00,1709.161202234501
2025-08-14 00:00:00+00:00,1705.3988230137493
2025-08-14 08:00:00+00:00,1672.5943077551813
2025-08-14 16:00:00+00:00,1664.4245774867259
2025-08-15 00:00:00+00:00,1675.01442262778
2025-08-15 08:00:00+00:00,1643.8042978489032
2025-08-15 16:00:00+00:00,1645.0775783881238
2025-08-16 00:00:00+00:00,1649.379152971753
2025-08-16 08:00:00+00:00,1647.0925783080882
2025-08-16 16:00:00+00:00,1651.78782687237
2025-08-17 00:00:00+00:00,1663.9186133456546
2025-08-17 08:00:00+00:00,1680.6339495392538
2025-08-17 16:00:00+00:00,1670.9801092387363
2025-08-18 00:00:00+00:00,1651.2589452744648
2025-08-18 08:00:00+00:00,1657.4792537309258
2025-08-18 16:00:00+00:00,1658.5488350167805
2025-08-19 00:00:00+00:00,1646.9806305733523
2025-08-19 08:00:00+00:00,1646.9151738333942
2025-08-19 16:00:00+00:00,1642.993564001088
2025-08-20 00:00:00+00:00,1647.7005922938783
2025-08-20 08:00:00+00:00,1656.0292342317246
2025-08-20 16:00:00+00:00,1658.8109064070593
2025-08-21 00:00:00+00:00,1654.692947161217
2025-08-21 08:00:00+00:00,1651.3004008965072
2025-08-21 16:00:00+00:00,1649.8277490854766
2025-08-22 00:00:00+00:00,1651.0331330792367
2025-08-22 08:00:00+00:00,1658.8381835164319
2025-08-22 16:00:00+00:00,1660.6980828939286
2025-08-23 00:00:00+00:00,1655.6419866652584
2025-08-23 08:00:00+00:00,1656.291040385219
2025-08-23 16:00:00+00:00,1657.8618669030182
2025-08-24 00:00:00+00:00,1654.163883593621
2025-08-24 08:00:00+00:00,1653.940257070712
2025-08-24 16:00:00+00:00,1655.3638163267742
2025-08-25 00:00:00+00:00,1650.7549731439217
2025-08-25 08:00:00+00:00,1647.6569509995163
2025-08-25 16:00:00+00:00,1642.044524497047
2025-08-26 00:00:00+00:00,1640.713688687146
2025-08-26 08:00:00+00:00,1646.277022634647
2025-08-26 16:00:00+00:00,1647.4387861403836
2025-08-27 00:00:00+00:00,1646.277022634647
2025-08-27 08:00:00+00:00,1646.9806305733523
2025-08-27 16:00:00+00:00,1644.2207738436139
2025-08-28 00:00:00+00:00,1646.6042855281
2025-08-28 08:00:00+00:00,1649.6750305631329
2025-08-28 16:00:00+00:00,1651.807638615338
2025-08-29 00:00:00+00:00,1642.8899380337132
2025-08-29 08:00:00+00:00,1642.360874466117
2025-08-29 16:00:00+00:00,1642.2081559437734
2025-08-30 00:00:00+00:00,1639.3585253751116
2025-08-30 08:00:00+00:00,1639.3585253751116
2025-08-30 16:00:00+00:00,1639.3585253751116
2025-08-31 00:00:00+00:00,1639.3585253751116
2025-08-31 08:00:00+00:00,1639.3585253751116
2025-08-31 16:00:00+00:00,1639.3585253751116
2025-09-01 00:00:00+00:00,1639.3585253751116
2025-09-01 08:00:00+00:00,1639.3585253751116
2025-09-01 16:00:00+00:00,1639.3585253751116
2025-09-02 00:00:00+00:00,1639.3585253751116
2025-09-02 08:00:00+00:00,1639.3585253751116
2025-09-02 16:00:00+00:00,1639.3585253751116
2025-09-03 00:00:00+00:00,1639.3585253751116
2025-09-03 08:00:00+00:00,1639.3585253751116
2025-09-03 16:00:00+00:00,1639.3585253751116
2025-09-04 00:00:00+00:00,1639.3585253751116
2025-09-04 08:00:00+00:00,1639.3585253751116
2025-09-04 16:00:00+00:00,1639.3585253751116
2025-09-05 00:00:00+00:00,1639.3585253751116
2025-09-05 08:00:00+00:00,1639.3585253751116
2025-09-05 16:00:00+00:00,1639.3585253751116
2025-09-06 00:00:00+00:00,1639.3585253751116
2025-09-06 08:00:00+00:00,1639.3585253751116
2025-09-06 16:00:00+00:00,1639.3585253751116
2025-09-07 00:00:00+00:00,1639.3585253751116
2025-09-07 08:00:00+00:00,1639.3585253751116
2025-09-07 16:00:00+00:00,1639.3585253751116
2025-09-08 00:00:00+00:00,1639.3585253751116
2025-09-08 08:00:00+00:00,1639.3585253751116
2025-09-08 16:00:00+00:00,1639.3585253751116
2025-09-09 00:00:00+00:00,1639.3585253751116
2025-09-09 08:00:00+00:00,1639.3585253751116
2025-09-09 16:00:00+00:00,1639.3585253751116
2025-09-10 00:00:00+00:00,1639.3585253751116
2025-09-10 08:00:00+00:00,1639.3585253751116
2025-09-10 16:00:00+00:00,1639.3585253751116
2025-09-11 00:00:00+00:00,1639.3585253751116
2025-09-11 08:00:00+00:00,1639.3585253751116
2025-09-11 16:00:00+00:00,1639.3585253751116
2025-09-12 00:00:00+00:00,1639.3585253751116
2025-09-12 08:00:00+00:00,1639.3585253751116
2025-09-12 16:00:00+00:00,1639.3585253751116
2025-09-13 00:00:00+00:00,1639.3585253751116
2025-09-13 08:00:00+00:00,1639.3585253751116
2025-09-13 16:00:00+00:00,1639.3585253751116
2025-09-14 00:00:00+00:00,1639.3585253751116
2025-09-14 08:00:00+00:00,1639.3585253751116
2025-09-14 16:00:00+00:00,1639.3585253751116
2025-09-15 00:00:00+00:00,1639.3585253751116
2025-09-15 08:00:00+00:00,1639.3585253751116
2025-09-15 16:00:00+00:00,1639.3585253751116
2025-09-16 00:00:00+00:00,1639.3585253751116
2025-09-16 08:00:00+00:00,1639.3585253751116
2025-09-16 16:00:00+00:00,1639.3585253751116
2025-09-17 00:00:00+00:00,1639.3585253751116
2025-09-17 08:00:00+00:00,1639.3585253751116
2025-09-17 16:00:00+00:00,1639.3585253751116
2025-09-18 00:00:00+00:00,1639.3585253751116
2025-09-18 08:00:00+00:00,1639.3585253751116
2025-09-18 16:00:00+00:00,1639.3585253751116
2025-09-19 00:00:00+00:00,1639.3585253751116
2025-09-19 08:00:00+00:00,1639.3585253751116
2025-09-19 16:00:00+00:00,1639.3585253751116
2025-09-20 00:00:00+00:00,1639.3585253751116
2025-09-20 08:00:00+00:00,1639.3585253751116
2025-09-20 16:00:00+00:00,1639.3585253751116
2025-09-21 00:00:00+00:00,1639.3585253751116
2025-09-21 08:00:00+00:00,1639.3585253751116
2025-09-21 16:00:00+00:00,1639.3585253751116
2025-09-22 00:00:00+00:00,1639.3585253751116
2025-09-22 08:00:00+00:00,1639.3585253751116
2025-09-22 16:00:00+00:00,1639.3585253751116
2025-09-23 00:00:00+00:00,1639.3585253751116
2025-09-23 08:00:00+00:00,1639.3585253751116
2025-09-23 16:00:00+00:00,1639.3585253751116
2025-09-24 00:00:00+00:00,1639.3585253751116
2025-09-24 08:00:00+00:00,1639.3585253751116
2025-09-24 16:00:00+00:00,1639.3585253751116
2025-09-25 00:00:00+00:00,1639.3585253751116
2025-09-25 08:00:00+00:00,1639.3585253751116
2025-09-25 16:00:00+00:00,1639.3585253751116
2025-09-26 00:00:00+00:00,1639.3585253751116
2025-09-26 08:00:00+00:00,1639.3585253751116
2025-09-26 16:00:00+00:00,1639.3585253751116
2025-09-27 00:00:00+00:00,1639.3585253751116
2025-09-27 08:00:00+00:00,1639.3585253751116
2025-09-27 16:00:00+00:00,1639.3585253751116
2025-09-28 00:00:00+00:00,1639.3585253751116
2025-09-28 08:00:00+00:00,1639.3585253751116
2025-09-28 16:00:00+00:00,1639.3585253751116
2025-09-29 00:00:00+00:00,1639.3585253751116
2025-09-29 08:00:00+00:00,1639.3585253751116
2025-09-29 16:00:00+00:00,1639.3585253751116
2025-09-30 00:00:00+00:00,1639.3585253751116
2025-09-30 08:00:00+00:00,1639.3585253751116
2025-09-30 16:00:00+00:00,1639.3585253751116
2025-10-01 00:00:00+00:00,1639.3585253751116
2025-10-01 08:00:00+00:00,1639.3585253751116
2025-10-01 16:00:00+00:00,1639.3585253751116
2025-10-02 00:00:00+00:00,1639.3585253751116
2025-10-02 08:00:00+00:00,1639.3585253751116
2025-10-02 16:00:00+00:00,1639.3585253751116
2025-10-03 00:00:00+00:00,1639.3585253751116
2025-10-03 08:00:00+00:00,1639.3585253751116
2025-10-03 16:00:00+00:00,1639.3585253751116
2025-10-04 00:00:00+00:00,1642.8674073071197
2025-10-04 08:00:00+00:00,1631.8177378763753
2025-10-04 16:00:00+00:00,1634.8464385565599
2025-10-05 00:00:00+00:00,1650.7376233142409
2025-10-05 08:00:00+00:00,1643.3379539949544
2025-10-05 16:00:00+00:00,1644.1713101439673
2025-10-06 00:00:00+00:00,1641.4628771276307
2025-10-06 08:00:00+00:00,1646.5401228672815
2025-10-06 16:00:00+00:00,1642.92349908027
2025-10-07 00:00:00+00:00,1641.9712725343907
2025-10-07 08:00:00+00:00,1628.0123494109507
2025-10-07 16:00:00+00:00,1625.4554206591235
2025-10-08 00:00:00+00:00,1626.197799770017
2025-10-08 08:00:00+00:00,1625.193768624744
2025-10-08 16:00:00+00:00,1630.4013307625899
2025-10-09 00:00:00+00:00,1619.4264426392333
2025-10-09 08:00:00+00:00,1611.040773000585
2025-10-09 16:00:00+00:00,1612.4431533977124
2025-10-10 00:00:00+00:00,1610.5413795985462
2025-10-10 08:00:00+00:00,1605.3757036236707
2025-10-10 16:00:00+00:00,1601.5361619729256
2025-10-11 00:00:00+00:00,1601.5361619729256
2025-10-11 08:00:00+00:00,1601.5361619729256
2025-10-11 16:00:00+00:00,1601.5361619729256
2025-10-12 00:00:00+00:00,1601.5361619729256
2025-10-12 08:00:00+00:00,1601.5361619729256
2025-10-12 16:00:00+00:00,1601.5361619729256
2025-10-13 00:00:00+00:00,1601.5361619729256
2025-10-13 08:00:00+00:00,1601.5361619729256
2025-10-13 16:00:00+00:00,1601.5361619729256
2025-10-14 00:00:00+00:00,1601.5361619729256
2025-10-14 08:00:00+00:00,1601.5361619729256
2025-10-14 16:00:00+00:00,1601.5361619729256
2025-10-15 00:00:00+00:00,1601.5361619729256
2025-10-15 08:00:00+00:00,1601.5361619729256
2025-10-15 16:00:00+00:00,1601.5361619729256
2025-10-16 00:00:00+00:00,1601.5361619729256
2025-10-16 08:00:00+00:00,1601.5361619729256
2025-10-16 16:00:00+00:00,1601.5361619729256
2025-10-17 00:00:00+00:00,1601.5361619729256
2025-10-17 08:00:00+00:00,1601.5361619729256
2025-10-17 16:00:00+00:00,1601.5361619729256
2025-10-18 00:00:00+00:00,1601.5361619729256
2025-10-18 08:00:00+00:00,1601.5361619729256
2025-10-18 16:00:00+00:00,1601.5361619729256
2025-10-19 00:00:00+00:00,1601.5361619729256
2025-10-19 08:00:00+00:00,1601.5361619729256
2025-10-19 16:00:00+00:00,1601.5361619729256
2025-10-20 00:00:00+00:00,1601.5361619729256
2025-10-20 08:00:00+00:00,1601.5361619729256
2025-10-20 16:00:00+00:00,1601.5361619729256
2025-10-21 00:00:00+00:00,1601.5361619729256
2025-10-21 08:00:00+00:00,1601.5361619729256
2025-10-21 16:00:00+00:00,1601.5361619729256
2025-10-22 00:00:00+00:00,1601.5361619729256
2025-10-22 08:00:00+00:00,1601.5361619729256
2025-10-22 16:00:00+00:00,1601.5361619729256
2025-10-23 00:00:00+00:00,1601.5361619729256
2025-10-23 08:00:00+00:00,1601.5361619729256
2025-10-23 16:00:00+00:00,1601.5361619729256
2025-10-24 00:00:00+00:00,1601.5361619729256
2025-10-24 08:00:00+00:00,1601.5361619729256
2025-10-24 16:00:00+00:00,1601.5361619729256
2025-10-25 00:00:00+00:00,1601.5361619729256
2025-10-25 08:00:00+00:00,1601.5361619729256
2025-10-25 16:00:00+00:00,1601.5361619729256
2025-10-26 00:00:00+00:00,1601.5361619729256
2025-10-26 08:00:00+00:00,1601.5361619729256
2025-10-26 16:00:00+00:00,1601.5361619729256
2025-10-27 00:00:00+00:00,1601.5361619729256
2025-10-27 08:00:00+00:00,1601.5361619729256
2025-10-27 16:00:00+00:00,1601.5361619729256
2025-10-28 00:00:00+00:00,1601.5361619729256
2025-10-28 08:00:00+00:00,1601.5361619729256
2025-10-28 16:00:00+00:00,1601.5361619729256
2025-10-29 00:00:00+00:00,1601.5361619729256
2025-10-29 08:00:00+00:00,1601.5361619729256
2025-10-29 16:00:00+00:00,1601.5361619729256
2025-10-30 00:00:00+00:00,1601.5361619729256
2025-10-30 08:00:00+00:00,1601.5361619729256
2025-10-30 16:00:00+00:00,1601.5361619729256
2025-10-31 00:00:00+00:00,1601.3493896649984
2025-10-31 08:00:00+00:00,1601.2325005323275
2025-10-31 16:00:00+00:00,1601.6340027795475
2025-11-01 00:00:00+00:00,1600.0381336175687
2025-11-01 08:00:00+00:00,1599.3825055938537
2025-11-01 16:00:00+00:00,1598.945417013408
2025-11-02 00:00:00+00:00,1597.7408908839338
2025-11-02 08:00:00+00:00,1601.2274112310627
2025-11-02 16:00:00+00:00,1598.5032488256047
2025-11-03 00:00:00+00:00,1605.2882471085532
2025-11-03 08:00:00+00:00,1610.9449618419299
2025-11-03 16:00:00+00:00,1629.5789830217286
2025-11-04 00:00:00+00:00,1647.7265268711162
2025-11-04 08:00:00+00:00,1638.3331522355163
2025-11-04 16:00:00+00:00,1650.1269017218087
2025-11-05 00:00:00+00:00,1641.2753697505912
2025-11-05 08:00:00+00:00,1634.594745915673
2025-11-05 16:00:00+00:00,1634.6635800196402
2025-11-06 00:00:00+00:00,1643.6482759688145
2025-11-06 08:00:00+00:00,1654.9895059888104
2025-11-06 16:00:00+00:00,1649.5801257691337
2025-11-07 00:00:00+00:00,1636.1168330672533
2025-11-07 08:00:00+00:00,1636.0851840437624
2025-11-07 16:00:00+00:00,1613.2946543257879
2025-11-08 00:00:00+00:00,1612.1622403915533
2025-11-08 08:00:00+00:00,1628.9839769639664
2025-11-08 16:00:00+00:00,1621.2082731358512
2025-11-09 00:00:00+00:00,1624.3766649619395
2025-11-09 08:00:00+00:00,1614.3194334438913
2025-11-09 16:00:00+00:00,1610.3613984985475
2025-11-10 00:00:00+00:00,1602.547734680459
2025-11-10 08:00:00+00:00,1607.4105110664245
2025-11-10 16:00:00+00:00,1601.8196756567731
2025-11-11 00:00:00+00:00,1615.8502912110098
2025-11-11 08:00:00+00:00,1618.8238490080837
2025-11-11 16:00:00+00:00,1634.370909215262
2025-11-12 00:00:00+00:00,1633.3351215666112
2025-11-12 08:00:00+00:00,1633.810568895501
2025-11-12 16:00:00+00:00,1639.6397005420315
2025-11-13 00:00:00+00:00,1625.5133293090905
2025-11-13 08:00:00+00:00,1635.3574343150713
2025-11-13 16:00:00+00:00,1660.0202821280031
2025-11-14 00:00:00+00:00,1663.0110931347117
2025-11-14 08:00:00+00:00,1669.5169812486224
2025-11-14 16:00:00+00:00,1682.0097113153447
2025-11-15 00:00:00+00:00,1670.2402745315892
2025-11-15 08:00:00+00:00,1670.4555396769756
2025-11-15 16:00:00+00:00,1672.987104554591
2025-11-16 00:00:00+00:00,1668.653129584674
2025-11-16 08:00:00+00:00,1685.4514674422878
2025-11-16 16:00:00+00:00,1685.2683137761576
2025-11-17 00:00:00+00:00,1674.1093920591218
2025-11-17 08:00:00+00:00,1685.9673841355807
2025-11-17 16:00:00+00:00,1701.1658239815943
2025-11-18 00:00:00+00:00,1694.2009519543428
2025-11-18 08:00:00+00:00,1685.9173323122384
2025-11-18 16:00:00+00:00,1683.8406426404247
2025-11-19 00:00:00+00:00,1689.280093486672
2025-11-19 08:00:00+00:00,1702.8713761756892
2025-11-19 16:00:00+00:00,1696.279464194288
2025-11-20 00:00:00+00:00,1685.5179925762827
2025-11-20 08:00:00+00:00,1695.4434037344843
2025-11-20 16:00:00+00:00,1712.163406292203
2025-11-21 00:00:00+00:00,1732.7328031193972
2025-11-21 08:00:00+00:00,1739.7154890674606
2025-11-21 16:00:00+00:00,1732.3647091522196
2025-11-22 00:00:00+00:00,1734.6957830205706
2025-11-22 08:00:00+00:00,1739.0012048959456
2025-11-22 16:00:00+00:00,1734.8050864320908
2025-11-23 00:00:00+00:00,1730.3824139732028
2025-11-23 08:00:00+00:00,1722.0847903296642
2025-11-23 16:00:00+00:00,1726.8201567617843
2025-11-24 00:00:00+00:00,1723.975167909547
2025-11-24 08:00:00+00:00,1721.8127940674437
2025-11-24 16:00:00+00:00,1705.4588738727812
2025-11-25 00:00:00+00:00,1709.384122998474
2025-11-25 08:00:00+00:00,1713.032666567991
2025-11-25 16:00:00+00:00,1700.8370409489553
2025-11-26 00:00:00+00:00,1702.027215006764
2025-11-26 08:00:00+00:00,1709.3353302370076
2025-11-26 16:00:00+00:00,1694.4701086508794
2025-11-27 00:00:00+00:00,1691.4788438708558
2025-11-27 08:00:00+00:00,1690.5391286480715
2025-11-27 16:00:00+00:00,1694.3745541913288
2025-11-28 00:00:00+00:00,1701.3867590366578
2025-11-28 08:00:00+00:00,1692.6844425756344
2025-11-28 16:00:00+00:00,1700.5380313112448
2025-11-29 00:00:00+00:00,1703.4026564162425
2025-11-29 08:00:00+00:00,1705.2315472960802
2025-11-29 16:00:00+00:00,1707.375832607537
2025-11-30 00:00:00+00:00,1705.6126188101805
2025-11-30 08:00:00+00:00,1703.4937897462096
2025-11-30 16:00:00+00:00,1709.0334316393387
2025-12-01 00:00:00+00:00,1724.5089710191996
2025-12-01 08:00:00+00:00,1728.298062844481
2025-12-01 16:00:00+00:00,1727.8348461274716
2025-12-02 00:00:00+00:00,1722.223889969205
2025-12-02 08:00:00+00:00,1696.1321598998836
2025-12-02 16:00:00+00:00,1698.6070601505444
2025-12-03 00:00:00+00:00,1692.742028583405
2025-12-03 08:00:00+00:00,1694.1055309024994
2025-12-03 16:00:00+00:00,1690.8288891519676
2025-12-04 00:00:00+00:00,1691.0688264018324
2025-12-04 08:00:00+00:00,1692.2581733348711
2025-12-04 16:00:00+00:00,1696.1756686862323
2025-12-05 00:00:00+00:00,1697.5659354523398
2025-12-05 08:00:00+00:00,1704.7576111525325
2025-12-05 16:00:00+00:00,1708.7359802368023
2025-12-06 00:00:00+00:00,1709.2793856423832
2025-12-06 08:00:00+00:00,1706.9276441528934
2025-12-06 16:00:00+00:00,1706.9617615726356
2025-12-07 00:00:00+00:00,1707.9170045892554
2025-12-07 08:00:00+00:00,1708.5957421401445
2025-12-07 16:00:00+00:00,1708.913717998346
2025-12-08 00:00:00+00:00,1702.8636933784326
2025-12-08 08:00:00+00:00,1704.021378046955
2025-12-08 16:00:00+00:00,1703.9154493665371
2025-12-09 00:00:00+00:00,1704.5783618855528
2025-12-09 08:00:00+00:00,1697.8348918819206
2025-12-09 16:00:00+00:00,1697.147866134538
2025-12-10 00:00:00+00:00,1700.7826283803295
2025-12-10 08:00:00+00:00,1703.0636798751098
2025-12-10 16:00:00+00:00,1703.5047370883874
2025-12-11 00:00:00+00:00,1710.3126653799673
2025-12-11 08:00:00+00:00,1711.9430654593602
2025-12-11 16:00:00+00:00,1709.8874372654855
2025-12-12 00:00:00+00:00,1708.740690124731
2025-12-12 08:00:00+00:00,1716.6342895142614
2025-12-12 16:00:00+00:00,1714.9124662773845
2025-12-13 00:00:00+00:00,1713.2236373069106
2025-12-13 08:00:00+00:00,1712.0246764219662
2025-12-13 16:00:00+00:00,1711.2643300880225
2025-12-14 00:00:00+00:00,1713.5868560421968
2025-12-14 08:00:00+00:00,1716.245638041671
2025-12-14 16:00:00+00:00,1717.9552001749184
2025-12-15 00:00:00+00:00,1715.3780291380494
2025-12-15 08:00:00+00:00,1723.02302315515
2025-12-15 16:00:00+00:00,1721.8849400700374
2025-12-16 00:00:00+00:00,1732.5832164660928
2025-12-16 08:00:00+00:00,1717.8077890790464
2025-12-16 16:00:00+00:00,1719.4176234002266
2025-12-17 00:00:00+00:00,1723.7288976438833
2025-12-17 08:00:00+00:00,1727.2855311246976
2025-12-17 16:00:00+00:00,1742.6033855552287
2025-12-18 00:00:00+00:00,1747.617636399535
2025-12-18 08:00:00+00:00,1725.7218940423722
2025-12-18 16:00:00+00:00,1759.773932620107
2025-12-19 00:00:00+00:00,1738.8645522757731
2025-12-19 08:00:00+00:00,1731.0378583214112
2025-12-19 16:00:00+00:00,1721.503976254197
2025-12-20 00:00:00+00:00,1720.7149327468553
2025-12-20 08:00:00+00:00,1722.9359818869405
2025-12-20 16:00:00+00:00,1721.9995985278345
2025-12-21 00:00:00+00:00,1723.8144794557936
2025-12-21 08:00:00+00:00,1732.4843108188277
2025-12-21 16:00:00+00:00,1726.2761671649894
2025-12-22 00:00:00+00:00,1720.9895481466303
2025-12-22 08:00:00+00:00,1714.7116930105753
2025-12-22 16:00:00+00:00,1722.553750421154
2025-12-23 00:00:00+00:00,1730.8319564716169
2025-12-23 08:00:00+00:00,1733.9796980881688
2025-12-23 16:00:00+00:00,1731.7300432673958
2025-12-24 00:00:00+00:00,1740.7056986340965
2025-12-24 08:00:00+00:00,1736.686543560518
2025-12-24 16:00:00+00:00,1734.7308720977671
2025-12-25 00:00:00+00:00,1729.5332660837967
2025-12-25 08:00:00+00:00,1728.8470490419072
2025-12-25 16:00:00+00:00,1745.0168164644306
2025-12-26 00:00:00+00:00,1729.314311543615
2025-12-26 08:00:00+00:00,1737.115139365657
2025-12-26 16:00:00+00:00,1735.1642498610336
2025-12-27 00:00:00+00:00,1733.2359823078448
2025-12-27 08:00:00+00:00,1730.0120986833908
2025-12-27 16:00:00+00:00,1723.1967695813996
2025-12-28 00:00:00+00:00,1722.0195218396302
2025-12-28 08:00:00+00:00,1723.563977014331
2025-12-28 16:00:00+00:00,1725.4932405210136
2025-12-29 00:00:00+00:00,1715.7070181711122
2025-12-29 08:00:00+00:00,1727.9096269453264
2025-12-29 16:00:00+00:00,1733.4026354679588
2025-12-30 00:00:00+00:00,1730.8852945826854
2025-12-30 08:00:00+00:00,1726.209925318575
2025-12-30 16:00:00+00:00,1729.1756989484027
2025-12-31 00:00:00+00:00,1729.603139234106
2025-12-31 08:00:00+00:00,1734.2301194009056
2025-12-31 16:00:00+00:00,1740.5481373154087
2026-01-01 00:00:00+00:00,1739.9059926720543
2026-01-01 08:00:00+00:00,1726.3789995637496
2026-01-01 16:00:00+00:00,1710.519522901452
2026-01-02 00:00:00+00:00,1710.6410469469965
2026-01-02 08:00:00+00:00,1707.2764145782394
2026-01-02 16:00:00+00:00,1691.4736032553044
2026-01-03 00:00:00+00:00,1693.6555356990943
2026-01-03 08:00:00+00:00,1692.1246950457805
2026-01-03 16:00:00+00:00,1689.5650787859904
2026-01-04 00:00:00+00:00,1684.376324895322
2026-01-04 08:00:00+00:00,1683.1187471897226
2026-01-04 16:00:00+00:00,1683.537941840414
2026-01-05 00:00:00+00:00,1683.537941840414
2026-01-05 08:00:00+00:00,1683.537941840414
2026-01-05 16:00:00+00:00,1683.537941840414
2026-01-06 00:00:00+00:00,1683.537941840414
2026-01-06 08:00:00+00:00,1683.537941840414
2026-01-06 16:00:00+00:00,1683.537941840414
2026-01-07 00:00:00+00:00,1683.537941840414
2026-01-07 08:00:00+00:00,1683.537941840414
2026-01-07 16:00:00+00:00,1683.537941840414
2026-01-08 00:00:00+00:00,1683.537941840414
2026-01-08 08:00:00+00:00,1683.537941840414
2026-01-08 16:00:00+00:00,1683.537941840414
2026-01-09 00:00:00+00:00,1683.537941840414
2026-01-09 08:00:00+00:00,1683.537941840414
2026-01-09 16:00:00+00:00,1683.537941840414
2026-01-10 00:00:00+00:00,1683.537941840414
2026-01-10 08:00:00+00:00,1683.537941840414
2026-01-10 16:00:00+00:00,1683.537941840414
2026-01-11 00:00:00+00:00,1683.537941840414
2026-01-11 08:00:00+00:00,1683.537941840414
2026-01-11 16:00:00+00:00,1683.537941840414
2026-01-12 00:00:00+00:00,1683.537941840414
2026-01-12 08:00:00+00:00,1683.537941840414
2026-01-12 16:00:00+00:00,1683.537941840414
2026-01-13 00:00:00+00:00,1683.537941840414
2026-01-13 08:00:00+00:00,1683.537941840414
2026-01-13 16:00:00+00:00,1683.537941840414
2026-01-14 00:00:00+00:00,1683.537941840414
2026-01-14 08:00:00+00:00,1683.537941840414
2026-01-14 16:00:00+00:00,1683.537941840414
2026-01-15 00:00:00+00:00,1683.537941840414
2026-01-15 08:00:00+00:00,1683.537941840414
2026-01-15 16:00:00+00:00,1683.537941840414
2026-01-16 00:00:00+00:00,1683.537941840414
2026-01-16 08:00:00+00:00,1683.537941840414
2026-01-16 16:00:00+00:00,1683.537941840414
2026-01-17 00:00:00+00:00,1683.537941840414
2026-01-17 08:00:00+00:00,1683.537941840414
2026-01-17 16:00:00+00:00,1683.537941840414
2026-01-18 00:00:00+00:00,1683.537941840414
2026-01-18 08:00:00+00:00,1683.537941840414
2026-01-18 16:00:00+00:00,1683.537941840414
2026-01-19 00:00:00+00:00,1683.537941840414
2026-01-19 08:00:00+00:00,1683.537941840414
2026-01-19 16:00:00+00:00,1683.537941840414
2026-01-20 00:00:00+00:00,1683.537941840414
2026-01-20 08:00:00+00:00,1683.537941840414
2026-01-20 16:00:00+00:00,1683.537941840414
2026-01-21 00:00:00+00:00,1683.537941840414
2026-01-21 08:00:00+00:00,1683.537941840414
2026-01-21 16:00:00+00:00,1683.537941840414
2026-01-22 00:00:00+00:00,1683.537941840414
2026-01-22 08:00:00+00:00,1683.537941840414
2026-01-22 16:00:00+00:00,1683.537941840414
2026-01-23 00:00:00+00:00,1683.537941840414
2026-01-23 08:00:00+00:00,1683.537941840414
2026-01-23 16:00:00+00:00,1683.537941840414
2026-01-24 00:00:00+00:00,1683.537941840414
2026-01-24 08:00:00+00:00,1683.537941840414
2026-01-24 16:00:00+00:00,1683.537941840414
2026-01-25 00:00:00+00:00,1683.537941840414
2026-01-25 08:00:00+00:00,1683.537941840414
2026-01-25 16:00:00+00:00,1683.537941840414
2026-01-26 00:00:00+00:00,1683.537941840414
2026-01-26 08:00:00+00:00,1683.537941840414
2026-01-26 16:00:00+00:00,1683.537941840414
2026-01-27 00:00:00+00:00,1683.537941840414
2026-01-27 08:00:00+00:00,1683.537941840414
2026-01-27 16:00:00+00:00,1683.537941840414
2026-01-28 00:00:00+00:00,1683.537941840414
2026-01-28 08:00:00+00:00,1683.537941840414
2026-01-28 16:00:00+00:00,1683.537941840414
2026-01-29 00:00:00+00:00,1683.537941840414
2026-01-29 08:00:00+00:00,1683.537941840414
2026-01-29 16:00:00+00:00,1683.537941840414
2026-01-30 00:00:00+00:00,1683.537941840414
2026-01-30 08:00:00+00:00,1683.537941840414
2026-01-30 16:00:00+00:00,1683.537941840414
2026-01-31 00:00:00+00:00,1683.537941840414
2026-01-31 08:00:00+00:00,1683.537941840414
2026-01-31 16:00:00+00:00,1683.537941840414
2026-02-01 00:00:00+00:00,1683.537941840414
2026-02-01 08:00:00+00:00,1683.537941840414
2026-02-01 16:00:00+00:00,1683.537941840414
2026-02-02 00:00:00+00:00,1683.537941840414
2026-02-02 08:00:00+00:00,1683.537941840414
2026-02-02 16:00:00+00:00,1683.537941840414
2026-02-03 00:00:00+00:00,1683.537941840414
2026-02-03 08:00:00+00:00,1683.537941840414
2026-02-03 16:00:00+00:00,1683.537941840414
2026-02-04 00:00:00+00:00,1683.537941840414
2026-02-04 08:00:00+00:00,1683.537941840414
2026-02-04 16:00:00+00:00,1683.537941840414
2026-02-05 00:00:00+00:00,1683.537941840414
2026-02-05 08:00:00+00:00,1683.537941840414
2026-02-05 16:00:00+00:00,1683.537941840414
2026-02-06 00:00:00+00:00,1683.537941840414
2026-02-06 08:00:00+00:00,1683.537941840414
2026-02-06 16:00:00+00:00,1683.537941840414
2026-02-07 00:00:00+00:00,1683.537941840414
2026-02-07 08:00:00+00:00,1683.537941840414
2026-02-07 16:00:00+00:00,1683.537941840414
2026-02-08 00:00:00+00:00,1683.537941840414
2026-02-08 08:00:00+00:00,1683.537941840414
2026-02-08 16:00:00+00:00,1683.537941840414
2026-02-09 00:00:00+00:00,1683.537941840414
2026-02-09 08:00:00+00:00,1683.537941840414
2026-02-09 16:00:00+00:00,1683.537941840414
2026-02-10 00:00:00+00:00,1683.537941840414
2026-02-10 08:00:00+00:00,1683.537941840414
2026-02-10 16:00:00+00:00,1683.537941840414
2026-02-11 00:00:00+00:00,1683.537941840414
2026-02-11 08:00:00+00:00,1683.537941840414
2026-02-11 16:00:00+00:00,1683.537941840414
2026-02-12 00:00:00+00:00,1683.537941840414
2026-02-12 08:00:00+00:00,1683.537941840414
2026-02-12 16:00:00+00:00,1683.537941840414
2026-02-13 00:00:00+00:00,1683.537941840414
2026-02-13 08:00:00+00:00,1683.537941840414
2026-02-13 16:00:00+00:00,1683.537941840414
2026-02-14 00:00:00+00:00,1683.537941840414
2026-02-14 08:00:00+00:00,1683.537941840414
2026-02-14 16:00:00+00:00,1683.537941840414
2026-02-15 00:00:00+00:00,1683.537941840414
2026-02-15 08:00:00+00:00,1683.537941840414
2026-02-15 16:00:00+00:00,1683.537941840414
2026-02-16 00:00:00+00:00,1683.537941840414
2026-02-16 08:00:00+00:00,1683.537941840414
2026-02-16 16:00:00+00:00,1683.537941840414
2026-02-17 00:00:00+00:00,1683.537941840414
2026-02-17 08:00:00+00:00,1683.537941840414
2026-02-17 16:00:00+00:00,1683.537941840414
2026-02-18 00:00:00+00:00,1683.537941840414
2026-02-18 08:00:00+00:00,1683.537941840414
2026-02-18 16:00:00+00:00,1683.537941840414
2026-02-19 00:00:00+00:00,1683.537941840414
2026-02-19 08:00:00+00:00,1683.537941840414
2026-02-19 16:00:00+00:00,1683.537941840414
2026-02-20 00:00:00+00:00,1683.537941840414
2026-02-20 08:00:00+00:00,1683.537941840414
2026-02-20 16:00:00+00:00,1683.537941840414
2026-02-21 00:00:00+00:00,1683.537941840414
2026-02-21 08:00:00+00:00,1683.537941840414
2026-02-21 16:00:00+00:00,1683.537941840414
2026-02-22 00:00:00+00:00,1683.537941840414
2026-02-22 08:00:00+00:00,1683.537941840414
2026-02-22 16:00:00+00:00,1683.537941840414
2026-02-23 00:00:00+00:00,1683.537941840414
2026-02-23 08:00:00+00:00,1683.537941840414
2026-02-23 16:00:00+00:00,1683.537941840414
2026-02-24 00:00:00+00:00,1683.537941840414
2026-02-24 08:00:00+00:00,1683.537941840414
2026-02-24 16:00:00+00:00,1683.537941840414
2026-02-25 00:00:00+00:00,1683.537941840414
2026-02-25 08:00:00+00:00,1683.537941840414
2026-02-25 16:00:00+00:00,1683.537941840414
2026-02-26 00:00:00+00:00,1683.537941840414
2026-02-26 08:00:00+00:00,1683.537941840414
2026-02-26 16:00:00+00:00,1683.537941840414
2026-02-27 00:00:00+00:00,1683.537941840414
2026-02-27 08:00:00+00:00,1683.537941840414
2026-02-27 16:00:00+00:00,1683.537941840414
2026-02-28 00:00:00+00:00,1683.537941840414
2026-02-28 08:00:00+00:00,1683.537941840414
2026-02-28 16:00:00+00:00,1683.537941840414
2026-03-01 00:00:00+00:00,1683.537941840414
2026-03-01 08:00:00+00:00,1683.537941840414
2026-03-01 16:00:00+00:00,1683.537941840414
2026-03-02 00:00:00+00:00,1683.537941840414
2026-03-02 08:00:00+00:00,1683.537941840414
2026-03-02 16:00:00+00:00,1683.537941840414
2026-03-03 00:00:00+00:00,1683.537941840414
2026-03-03 08:00:00+00:00,1683.537941840414
2026-03-03 16:00:00+00:00,1683.537941840414
2026-03-04 00:00:00+00:00,1683.537941840414
2026-03-04 08:00:00+00:00,1683.537941840414
2026-03-04 16:00:00+00:00,1683.537941840414
2026-03-05 00:00:00+00:00,1683.537941840414
2026-03-05 08:00:00+00:00,1683.537941840414
2026-03-05 16:00:00+00:00,1683.537941840414
2026-03-06 00:00:00+00:00,1683.537941840414
2026-03-06 08:00:00+00:00,1683.537941840414
2026-03-06 16:00:00+00:00,1683.537941840414
2026-03-07 00:00:00+00:00,1683.537941840414
2026-03-07 08:00:00+00:00,1683.537941840414
2026-03-07 16:00:00+00:00,1683.537941840414
2026-03-08 00:00:00+00:00,1683.537941840414
2026-03-08 08:00:00+00:00,1683.537941840414
2026-03-08 16:00:00+00:00,1683.537941840414
2026-03-09 00:00:00+00:00,1683.537941840414
2026-03-09 08:00:00+00:00,1683.537941840414
2026-03-09 16:00:00+00:00,1683.537941840414
2026-03-10 00:00:00+00:00,1683.537941840414
2026-03-10 08:00:00+00:00,1683.537941840414
2026-03-10 16:00:00+00:00,1683.537941840414
2026-03-11 00:00:00+00:00,1683.537941840414
2026-03-11 08:00:00+00:00,1683.537941840414
2026-03-11 16:00:00+00:00,1683.537941840414
2026-03-12 00:00:00+00:00,1683.537941840414
2026-03-12 08:00:00+00:00,1683.537941840414
2026-03-12 16:00:00+00:00,1683.537941840414
2026-03-13 00:00:00+00:00,1683.537941840414
2026-03-13 08:00:00+00:00,1683.537941840414
2026-03-13 16:00:00+00:00,1683.537941840414
2026-03-14 00:00:00+00:00,1683.537941840414
2026-03-14 08:00:00+00:00,1683.537941840414
2026-03-14 16:00:00+00:00,1683.537941840414
2026-03-15 00:00:00+00:00,1683.537941840414
2026-03-15 08:00:00+00:00,1683.537941840414
2026-03-15 16:00:00+00:00,1683.537941840414
2026-03-16 00:00:00+00:00,1683.537941840414
2026-03-16 08:00:00+00:00,1683.537941840414
2026-03-16 16:00:00+00:00,1683.537941840414
2026-03-17 00:00:00+00:00,1683.537941840414
2026-03-17 08:00:00+00:00,1683.537941840414
2026-03-17 16:00:00+00:00,1683.537941840414
2026-03-18 00:00:00+00:00,1683.537941840414
2026-03-18 08:00:00+00:00,1683.537941840414
2026-03-18 16:00:00+00:00,1683.537941840414
2026-03-19 00:00:00+00:00,1683.537941840414
2026-03-19 08:00:00+00:00,1683.537941840414
2026-03-19 16:00:00+00:00,1683.537941840414
2026-03-20 00:00:00+00:00,1683.537941840414
2026-03-20 08:00:00+00:00,1683.537941840414
2026-03-20 16:00:00+00:00,1683.537941840414
2026-03-21 00:00:00+00:00,1683.537941840414
2026-03-21 08:00:00+00:00,1683.537941840414
2026-03-21 16:00:00+00:00,1683.537941840414
2026-03-22 00:00:00+00:00,1683.537941840414
2026-03-22 08:00:00+00:00,1683.537941840414
2026-03-22 16:00:00+00:00,1683.537941840414
2026-03-23 00:00:00+00:00,1683.537941840414
2026-03-23 08:00:00+00:00,1683.537941840414
2026-03-23 16:00:00+00:00,1683.537941840414
2026-03-24 00:00:00+00:00,1683.537941840414
2026-03-24 08:00:00+00:00,1683.537941840414
2026-03-24 16:00:00+00:00,1683.537941840414
2026-03-25 00:00:00+00:00,1683.537941840414
2026-03-25 08:00:00+00:00,1683.537941840414
2026-03-25 16:00:00+00:00,1683.537941840414
2026-03-26 00:00:00+00:00,1683.537941840414
2026-03-26 08:00:00+00:00,1683.537941840414
2026-03-26 16:00:00+00:00,1683.537941840414
2026-03-27 00:00:00+00:00,1683.537941840414
2026-03-27 08:00:00+00:00,1683.537941840414
2026-03-27 16:00:00+00:00,1683.537941840414
2026-03-28 00:00:00+00:00,1683.537941840414
2026-03-28 08:00:00+00:00,1683.537941840414
2026-03-28 16:00:00+00:00,1683.537941840414
2026-03-29 00:00:00+00:00,1683.537941840414
2026-03-29 08:00:00+00:00,1685.3854404713693
2026-03-29 16:00:00+00:00,1685.472601078132
2026-03-30 00:00:00+00:00,1668.7241035200077
2026-03-30 08:00:00+00:00,1664.2392812161447
2026-03-30 16:00:00+00:00,1675.1075506640345
2026-03-31 00:00:00+00:00,1667.248849753844
2026-03-31 08:00:00+00:00,1675.5424119184743
2026-03-31 16:00:00+00:00,1665.0646432268243
2026-04-01 00:00:00+00:00,1644.6980587511227
2026-04-01 08:00:00+00:00,1645.6785495054446
2026-04-01 16:00:00+00:00,1650.341289925692
2026-04-02 00:00:00+00:00,1656.2656569651344
2026-04-02 08:00:00+00:00,1658.1022477079182
2026-04-02 16:00:00+00:00,1657.9513957617528
2026-04-03 00:00:00+00:00,1649.8793850626012
2026-04-03 08:00:00+00:00,1652.559328721259
2026-04-03 16:00:00+00:00,1651.6377918658518
2026-04-04 00:00:00+00:00,1649.7073786104331
2026-04-04 08:00:00+00:00,1645.7630016255034
2026-04-04 16:00:00+00:00,1645.127351292648
2026-04-05 00:00:00+00:00,1649.995464164981
2026-04-05 08:00:00+00:00,1649.9190875744246
2026-04-05 16:00:00+00:00,1645.2592640677944
2026-04-06 00:00:00+00:00,1642.1771038278664
2026-04-06 08:00:00+00:00,1639.3086337142192
2026-04-06 16:00:00+00:00,1646.7770988384018
2026-04-07 00:00:00+00:00,1646.878569575612
2026-04-07 08:00:00+00:00,1649.3547060149806
2026-04-07 16:00:00+00:00,1631.5885088889017
2026-04-08 00:00:00+00:00,1630.9288128399305
2026-04-08 08:00:00+00:00,1634.9109676820997
2026-04-08 16:00:00+00:00,1636.4102703849987
2026-04-09 00:00:00+00:00,1637.105948554961
2026-04-09 08:00:00+00:00,1634.4671715083157
2026-04-09 16:00:00+00:00,1634.6470892625114
2026-04-10 00:00:00+00:00,1635.990467058035
2026-04-10 08:00:00+00:00,1633.111804438621
2026-04-10 16:00:00+00:00,1632.0203086392758
2026-04-11 00:00:00+00:00,1633.963407515959
2026-04-11 08:00:00+00:00,1633.3996685557906
2026-04-11 16:00:00+00:00,1632.596036873615
2026-04-12 00:00:00+00:00,1636.8660558329539
2026-04-12 08:00:00+00:00,1637.7296553337017
2026-04-12 16:00:00+00:00,1638.8931153750298
2026-04-13 00:00:00+00:00,1638.1134765396744
2026-04-13 08:00:00+00:00,1634.2512716331287
2026-04-13 16:00:00+00:00,1631.3726090137147
2026-04-14 00:00:00+00:00,1632.488090510641
2026-04-14 08:00:00+00:00,1631.276651924912
2026-04-14 16:00:00+00:00,1633.0398330473993
2026-04-15 00:00:00+00:00,1633.6395541285588
2026-04-15 08:00:00+00:00,1627.8102646477487
2026-04-15 16:00:00+00:00,1628.7338319670694
2026-04-16 00:00:00+00:00,1625.0875269357102
2026-04-16 08:00:00+00:00,1619.5280874401085
2026-04-16 16:00:00+00:00,1619.5280874401085
2026-04-17 00:00:00+00:00,1619.5280874401085
2026-04-17 08:00:00+00:00,1619.5280874401085
2026-04-17 16:00:00+00:00,1619.5280874401085
2026-04-18 00:00:00+00:00,1619.5280874401085
2026-04-18 08:00:00+00:00,1619.5280874401085
2026-04-18 16:00:00+00:00,1619.5280874401085
2026-04-19 00:00:00+00:00,1619.5280874401085
2026-04-19 08:00:00+00:00,1619.5280874401085
2026-04-19 16:00:00+00:00,1619.5280874401085
2026-04-20 00:00:00+00:00,1619.5280874401085
2026-04-20 08:00:00+00:00,1619.5280874401085
2026-04-20 16:00:00+00:00,1619.5280874401085
2026-04-21 00:00:00+00:00,1619.5280874401085
2026-04-21 08:00:00+00:00,1619.5280874401085
2026-04-21 16:00:00+00:00,1619.5280874401085
2026-04-22 00:00:00+00:00,1619.5280874401085
2026-04-22 08:00:00+00:00,1619.5280874401085
2026-04-22 16:00:00+00:00,1619.5280874401085
2026-04-23 00:00:00+00:00,1615.9818993364806
2026-04-23 08:00:00+00:00,1616.8854440078205
2026-04-23 16:00:00+00:00,1616.5497549395807
2026-04-24 00:00:00+00:00,1614.9301103973405
2026-04-24 08:00:00+00:00,1615.989629018973
2026-04-24 16:00:00+00:00,1614.2780564670916
2026-04-25 00:00:00+00:00,1614.2780564670916
2026-04-25 08:00:00+00:00,1614.2780564670916
2026-04-25 16:00:00+00:00,1614.2780564670916
2026-04-26 00:00:00+00:00,1614.2780564670916
2026-04-26 08:00:00+00:00,1614.2780564670916
2026-04-26 16:00:00+00:00,1614.2780564670916
2026-04-27 00:00:00+00:00,1614.2780564670916
2026-04-27 08:00:00+00:00,1614.2780564670916
2026-04-27 16:00:00+00:00,1614.2780564670916
2026-04-28 00:00:00+00:00,1614.2780564670916
2026-04-28 08:00:00+00:00,1614.2780564670916
2026-04-28 16:00:00+00:00,1614.2780564670916
2026-04-29 00:00:00+00:00,1614.2780564670916
2026-04-29 08:00:00+00:00,1614.2780564670916
2026-04-29 16:00:00+00:00,1614.2780564670916
2026-04-30 00:00:00+00:00,1614.2780564670916
2026-04-30 08:00:00+00:00,1614.2780564670916
2026-04-30 16:00:00+00:00,1614.2780564670916
2026-05-01 00:00:00+00:00,1614.2780564670916
2026-05-01 08:00:00+00:00,1614.2780564670916
2026-05-01 16:00:00+00:00,1614.2780564670916
2026-05-02 00:00:00+00:00,1614.2780564670916
2026-05-02 08:00:00+00:00,1614.2780564670916
2026-05-02 16:00:00+00:00,1614.2780564670916
2026-05-03 00:00:00+00:00,1614.2780564670916
2026-05-03 08:00:00+00:00,1614.2780564670916
2026-05-03 16:00:00+00:00,1614.2780564670916
2026-05-04 00:00:00+00:00,1614.2780564670916
2026-05-04 08:00:00+00:00,1614.2780564670916
2026-05-04 16:00:00+00:00,1614.2780564670916
2026-05-05 00:00:00+00:00,1614.2780564670916
2026-05-05 08:00:00+00:00,1614.2780564670916
2026-05-05 16:00:00+00:00,1614.2780564670916
2026-05-06 00:00:00+00:00,1614.2780564670916
2026-05-06 08:00:00+00:00,1614.2780564670916
2026-05-06 16:00:00+00:00,1614.2780564670916
2026-05-07 00:00:00+00:00,1614.2780564670916
2026-05-07 08:00:00+00:00,1614.2780564670916
2026-05-07 16:00:00+00:00,1614.2780564670916
2026-05-08 00:00:00+00:00,1614.2780564670916
2026-05-08 08:00:00+00:00,1614.2780564670916
2026-05-08 16:00:00+00:00,1614.2780564670916
2026-05-09 00:00:00+00:00,1614.2780564670916
2026-05-09 08:00:00+00:00,1614.2780564670916
2026-05-09 16:00:00+00:00,1614.2780564670916
2026-05-10 00:00:00+00:00,1614.2780564670916
2026-05-10 08:00:00+00:00,1614.2780564670916
2026-05-10 16:00:00+00:00,1614.2780564670916
2026-05-11 00:00:00+00:00,1614.2780564670916
2026-05-11 08:00:00+00:00,1614.2780564670916
2026-05-11 16:00:00+00:00,1614.2780564670916
2026-05-12 00:00:00+00:00,1614.2780564670916
2026-05-12 08:00:00+00:00,1614.2780564670916
2026-05-12 16:00:00+00:00,1614.2780564670916
2026-05-13 00:00:00+00:00,1614.2780564670916
2026-05-13 08:00:00+00:00,1614.2780564670916
2026-05-13 16:00:00+00:00,1614.2780564670916
2026-05-14 00:00:00+00:00,1614.2780564670916
2026-05-14 08:00:00+00:00,1614.2780564670916
2026-05-14 16:00:00+00:00,1614.2780564670916
2026-05-15 00:00:00+00:00,1614.2780564670916
2026-05-15 08:00:00+00:00,1614.2780564670916
2026-05-15 16:00:00+00:00,1614.2780564670916
2026-05-16 00:00:00+00:00,1614.2780564670916
2026-05-16 08:00:00+00:00,1614.2780564670916
2026-05-16 16:00:00+00:00,1614.2780564670916
2026-05-17 00:00:00+00:00,1614.2780564670916
2026-05-17 08:00:00+00:00,1614.2780564670916
2026-05-17 16:00:00+00:00,1614.2780564670916
2026-05-18 00:00:00+00:00,1614.2780564670916
2026-05-18 08:00:00+00:00,1614.2780564670916
2026-05-18 16:00:00+00:00,1614.2780564670916
2026-05-19 00:00:00+00:00,1614.2780564670916
2026-05-19 08:00:00+00:00,1614.2780564670916
2026-05-19 16:00:00+00:00,1614.2780564670916
2026-05-20 00:00:00+00:00,1614.2780564670916
2026-05-20 08:00:00+00:00,1614.2780564670916
2026-05-20 16:00:00+00:00,1614.2780564670916
2026-05-21 00:00:00+00:00,1614.2780564670916
2026-05-21 08:00:00+00:00,1614.2780564670916
2026-05-21 16:00:00+00:00,1614.2780564670916
2026-05-22 00:00:00+00:00,1614.2780564670916
2026-05-22 08:00:00+00:00,1614.2780564670916
2026-05-22 16:00:00+00:00,1614.2780564670916
2026-05-23 00:00:00+00:00,1614.2780564670916
2026-05-23 08:00:00+00:00,1614.2780564670916
2026-05-23 16:00:00+00:00,1614.2780564670916
2026-05-24 00:00:00+00:00,1614.2780564670916
2026-05-24 08:00:00+00:00,1614.2780564670916
2026-05-24 16:00:00+00:00,1614.2780564670916
2026-05-25 00:00:00+00:00,1614.2780564670916
2026-05-25 08:00:00+00:00,1614.2780564670916
2026-05-25 16:00:00+00:00,1614.2780564670916
2026-05-26 00:00:00+00:00,1614.2780564670916
2026-05-26 08:00:00+00:00,1614.2780564670916
2026-05-26 16:00:00+00:00,1614.2780564670916
2026-05-27 00:00:00+00:00,1614.2780564670916
2026-05-27 08:00:00+00:00,1614.2780564670916
2026-05-27 16:00:00+00:00,1614.2780564670916
2026-05-28 00:00:00+00:00,1614.2780564670916
2026-05-28 08:00:00+00:00,1614.2780564670916
2026-05-28 16:00:00+00:00,1614.2780564670916
2026-05-29 00:00:00+00:00,1614.2780564670916
2026-05-29 08:00:00+00:00,1614.2780564670916
2026-05-29 16:00:00+00:00,1614.2780564670916
2026-05-30 00:00:00+00:00,1614.2780564670916
2026-05-30 08:00:00+00:00,1614.2780564670916
2026-05-30 16:00:00+00:00,1614.2780564670916
2026-05-31 00:00:00+00:00,1614.2780564670916
2026-05-31 08:00:00+00:00,1614.2780564670916
2026-05-31 16:00:00+00:00,1614.2780564670916
2026-06-01 00:00:00+00:00,1614.2780564670916
2026-06-01 08:00:00+00:00,1614.2780564670916
2026-06-01 16:00:00+00:00,1614.2780564670916
2026-06-02 00:00:00+00:00,1614.2780564670916
2026-06-02 08:00:00+00:00,1614.2780564670916
2026-06-02 16:00:00+00:00,1614.2780564670916
2026-06-03 00:00:00+00:00,1614.2780564670916
2026-06-03 08:00:00+00:00,1614.2780564670916
2026-06-03 16:00:00+00:00,1614.2780564670916
2026-06-04 00:00:00+00:00,1614.2780564670916
2026-06-04 08:00:00+00:00,1614.2780564670916
2026-06-04 16:00:00+00:00,1614.2780564670916
2026-06-05 00:00:00+00:00,1614.2780564670916
2026-06-05 08:00:00+00:00,1614.2780564670916
2026-06-05 16:00:00+00:00,1614.2780564670916
2026-06-06 00:00:00+00:00,1614.2780564670916
2026-06-06 08:00:00+00:00,1614.2780564670916
2026-06-06 16:00:00+00:00,1614.2780564670916
2026-06-07 00:00:00+00:00,1614.2780564670916
2026-06-07 08:00:00+00:00,1614.2780564670916
2026-06-07 16:00:00+00:00,1614.2780564670916
2026-06-08 00:00:00+00:00,1614.2780564670916
2026-06-08 08:00:00+00:00,1614.2780564670916
2026-06-08 16:00:00+00:00,1614.2780564670916
2026-06-09 00:00:00+00:00,1614.2780564670916
2026-06-09 08:00:00+00:00,1614.2780564670916
2026-06-09 16:00:00+00:00,1614.2780564670916
2026-06-10 00:00:00+00:00,1614.2780564670916
2026-06-10 08:00:00+00:00,1614.2780564670916
2026-06-10 16:00:00+00:00,1614.2780564670916
2026-06-11 00:00:00+00:00,1614.2780564670916
2026-06-11 08:00:00+00:00,1614.2780564670916
2026-06-11 16:00:00+00:00,1614.2780564670916
2026-06-12 00:00:00+00:00,1614.2780564670916
2026-06-12 08:00:00+00:00,1614.2780564670916
2026-06-12 16:00:00+00:00,1614.2780564670916
2026-06-13 00:00:00+00:00,1614.2780564670916
2026-06-13 08:00:00+00:00,1614.2780564670916
2026-06-13 16:00:00+00:00,1614.2780564670916
2026-06-14 00:00:00+00:00,1614.2780564670916
2026-06-14 08:00:00+00:00,1614.2780564670916
2026-06-14 16:00:00+00:00,1614.2780564670916
2026-06-15 00:00:00+00:00,1614.2780564670916
2026-06-15 08:00:00+00:00,1614.2780564670916
2026-06-15 16:00:00+00:00,1614.2780564670916
2026-06-16 00:00:00+00:00,1614.2780564670916
2026-06-16 08:00:00+00:00,1614.2780564670916
2026-06-16 16:00:00+00:00,1614.2780564670916
2026-06-17 00:00:00+00:00,1614.2780564670916
2026-06-17 08:00:00+00:00,1614.2780564670916
2026-06-17 16:00:00+00:00,1614.2780564670916
2026-06-18 00:00:00+00:00,1614.2780564670916
2026-06-18 08:00:00+00:00,1614.2780564670916
2026-06-18 16:00:00+00:00,1614.2780564670916
2026-06-19 00:00:00+00:00,1614.2780564670916
2026-06-19 08:00:00+00:00,1614.2780564670916
2026-06-19 16:00:00+00:00,1614.2780564670916
2026-06-20 00:00:00+00:00,1614.2780564670916
2026-06-20 08:00:00+00:00,1614.2780564670916
2026-06-20 16:00:00+00:00,1614.2780564670916
2026-06-21 00:00:00+00:00,1614.2780564670916
2026-06-21 08:00:00+00:00,1614.2780564670916
2026-06-21 16:00:00+00:00,1614.2780564670916
2026-06-22 00:00:00+00:00,1614.2780564670916
2026-06-22 08:00:00+00:00,1614.2780564670916
2026-06-22 16:00:00+00:00,1614.2780564670916
2026-06-23 00:00:00+00:00,1614.2780564670916
2026-06-23 08:00:00+00:00,1614.2780564670916
2026-06-23 16:00:00+00:00,1614.2780564670916
2026-06-24 00:00:00+00:00,1614.2780564670916
2026-06-24 08:00:00+00:00,1614.2780564670916
2026-06-24 16:00:00+00:00,1614.2780564670916
2026-06-25 00:00:00+00:00,1614.2780564670916
2026-06-25 08:00:00+00:00,1614.2780564670916
2026-06-25 16:00:00+00:00,1614.2780564670916
2026-06-26 00:00:00+00:00,1614.2780564670916
2026-06-26 08:00:00+00:00,1614.2780564670916
2026-06-26 16:00:00+00:00,1614.2780564670916
2026-06-27 00:00:00+00:00,1614.2780564670916
2026-06-27 08:00:00+00:00,1614.2780564670916
2026-06-27 16:00:00+00:00,1614.2780564670916
2026-06-28 00:00:00+00:00,1614.2780564670916
2026-06-28 08:00:00+00:00,1614.2780564670916
2026-06-28 16:00:00+00:00,1614.2780564670916
2026-06-29 00:00:00+00:00,1614.2780564670916
2026-06-29 08:00:00+00:00,1614.2780564670916
2026-06-29 16:00:00+00:00,1614.2780564670916
2026-06-30 00:00:00+00:00,1614.2780564670916
2026-06-30 08:00:00+00:00,1614.2780564670916
2026-06-30 16:00:00+00:00,1614.2780564670916
2026-07-01 00:00:00+00:00,1612.7019480111335
2026-07-01 08:00:00+00:00,1609.1053361610284
2026-07-01 16:00:00+00:00,1611.2979213784336
2026-07-02 00:00:00+00:00,1610.6632369706633
2026-07-02 08:00:00+00:00,1606.8550445448038
2026-07-02 16:00:00+00:00,1607.547449681266
2026-07-03 00:00:00+00:00,1605.3740951535094
2026-07-03 08:00:00+00:00,1601.9549570305628
2026-07-03 16:00:00+00:00,1601.9549570305628
2026-07-04 00:00:00+00:00,1601.9549570305628
2026-07-04 08:00:00+00:00,1601.9549570305628
2026-07-04 16:00:00+00:00,1601.9549570305628
2026-07-05 00:00:00+00:00,1601.9549570305628
2026-07-05 08:00:00+00:00,1601.9549570305628
2026-07-05 16:00:00+00:00,1601.9549570305628
2026-07-06 00:00:00+00:00,1601.9549570305628
2026-07-06 08:00:00+00:00,1601.9549570305628
2026-07-06 16:00:00+00:00,1601.9549570305628
2026-07-07 00:00:00+00:00,1601.9549570305628
2026-07-07 08:00:00+00:00,1601.9549570305628
2026-07-07 16:00:00+00:00,1601.9549570305628
2026-07-08 00:00:00+00:00,1601.9549570305628
2026-07-08 08:00:00+00:00,1601.9549570305628
2026-07-08 16:00:00+00:00,1601.9549570305628
2026-07-09 00:00:00+00:00,1601.9549570305628
2026-07-09 08:00:00+00:00,1601.9549570305628
2026-07-09 16:00:00+00:00,1601.9549570305628
2026-07-10 00:00:00+00:00,1601.9549570305628
2026-07-10 08:00:00+00:00,1601.9549570305628
2026-07-10 16:00:00+00:00,1601.9549570305628
2026-07-11 00:00:00+00:00,1601.9549570305628
2026-07-11 08:00:00+00:00,1601.9549570305628
2026-07-11 16:00:00+00:00,1601.9549570305628
2026-07-12 00:00:00+00:00,1601.9549570305628
2026-07-12 08:00:00+00:00,1601.9549570305628
2026-07-12 16:00:00+00:00,1601.9549570305628
2026-07-13 00:00:00+00:00,1601.9549570305628
2026-07-13 08:00:00+00:00,1601.9549570305628
2026-07-13 16:00:00+00:00,1601.9549570305628
2026-07-14 00:00:00+00:00,1601.9549570305628
2026-07-14 08:00:00+00:00,1601.9549570305628
2026-07-14 16:00:00+00:00,1601.9549570305628
2026-07-15 00:00:00+00:00,1601.9549570305628
2026-07-15 08:00:00+00:00,1601.9549570305628
2026-07-15 16:00:00+00:00,1601.9549570305628
2026-07-16 00:00:00+00:00,1601.9549570305628
2026-07-16 08:00:00+00:00,1601.9549570305628
2026-07-16 16:00:00+00:00,1601.9549570305628
2026-07-17 00:00:00+00:00,1601.9549570305628
2026-07-17 08:00:00+00:00,1601.9549570305628
2026-07-17 16:00:00+00:00,1601.9549570305628
2026-07-18 00:00:00+00:00,1601.9549570305628
2026-07-18 08:00:00+00:00,1601.9549570305628
2026-07-18 16:00:00+00:00,1601.9549570305628
2026-07-19 00:00:00+00:00,1601.9549570305628
2026-07-19 08:00:00+00:00,1601.9549570305628
2026-07-19 16:00:00+00:00,1601.9549570305628
2026-07-20 00:00:00+00:00,1601.9549570305628
2026-07-20 08:00:00+00:00,1601.9549570305628
2026-07-20 16:00:00+00:00,1601.9549570305628
2026-07-21 00:00:00+00:00,1601.9549570305628
2026-07-21 08:00:00+00:00,1601.9549570305628
2026-07-21 16:00:00+00:00,1601.9549570305628
2026-07-22 00:00:00+00:00,1601.9549570305628
2026-07-22 08:00:00+00:00,1601.9549570305628
2026-07-22 16:00:00+00:00,1601.9549570305628
2026-07-23 00:00:00+00:00,1601.9549570305628
2026-07-23 08:00:00+00:00,1601.9549570305628
2026-07-23 16:00:00+00:00,1601.9549570305628
2026-07-24 00:00:00+00:00,1601.9549570305628
2026-07-24 08:00:00+00:00,1601.9549570305628
2026-07-24 16:00:00+00:00,1601.9549570305628
2026-07-25 00:00:00+00:00,1601.9549570305628
2026-07-25 08:00:00+00:00,1601.9549570305628
2026-07-25 16:00:00+00:00,1601.9549570305628
2026-07-26 00:00:00+00:00,1601.9549570305628
2026-07-26 08:00:00+00:00,1601.9549570305628
2026-07-26 16:00:00+00:00,1601.9549570305628
2026-07-27 00:00:00+00:00,1601.9549570305628
2026-07-27 08:00:00+00:00,1601.9549570305628
2026-07-27 16:00:00+00:00,1601.9549570305628
2026-07-28 00:00:00+00:00,1601.9549570305628
2026-07-28 08:00:00+00:00,1601.9549570305628
2026-07-28 16:00:00+00:00,1601.9549570305628
2026-07-29 00:00:00+00:00,1601.9549570305628
2026-07-29 08:00:00+00:00,1601.9549570305628
2026-07-29 16:00:00+00:00,1601.9549570305628
2026-07-30 00:00:00+00:00,1601.9549570305628
2026-07-30 08:00:00+00:00,1601.9549570305628
2026-07-30 16:00:00+00:00,1601.9549570305628
2026-07-31 00:00:00+00:00,1601.9549570305628
2026-07-31 08:00:00+00:00,1601.9549570305628
2026-07-31 16:00:00+00:00,1601.9549570305628
2026-08-01 00:00:00+00:00,1601.9549570305628
2026-08-01 08:00:00+00:00,1601.9549570305628
2026-08-01 16:00:00+00:00,1601.9549570305628
2026-08-02 00:00:00+00:00,1601.9549570305628
2026-08-02 08:00:00+00:00,1601.9549570305628
2026-08-02 16:00:00+00:00,1601.9549570305628
2026-08-03 00:00:00+00:00,1601.9549570305628
2026-08-03 08:00:00+00:00,1601.9549570305628
2026-08-03 16:00:00+00:00,1601.9549570305628
2026-08-04 00:00:00+00:00,1601.9549570305628
2026-08-04 08:00:00+00:00,1601.9549570305628
2026-08-04 16:00:00+00:00,1601.9549570305628
2026-08-05 00:00:00+00:00,1601.9549570305628
2026-08-05 08:00:00+00:00,1601.9549570305628
2026-08-05 16:00:00+00:00,1601.9549570305628
2026-08-06 00:00:00+00:00,1601.9549570305628
2026-08-06 08:00:00+00:00,1601.9549570305628
2026-08-06 16:00:00+00:00,1601.9549570305628
2026-08-07 00:00:00+00:00,1601.9549570305628
2026-08-07 08:00:00+00:00,1601.9549570305628
2026-08-07 16:00:00+00:00,1601.9549570305628
2026-08-08 00:00:00+00:00,1601.9549570305628
2026-08-08 08:00:00+00:00,1601.9549570305628
2026-08-08 16:00:00+00:00,1601.9549570305628
2026-08-09 00:00:00+00:00,1601.9549570305628
2026-08-09 08:00:00+00:00,1601.9549570305628
2026-08-09 16:00:00+00:00,1601.9549570305628
2026-08-10 00:00:00+00:00,1601.9549570305628
2026-08-10 08:00:00+00:00,1601.9549570305628
2026-08-10 16:00:00+00:00,1601.9549570305628
2026-08-11 00:00:00+00:00,1601.9549570305628
2026-08-11 08:00:00+00:00,1601.9549570305628
2026-08-11 16:00:00+00:00,1601.9549570305628
2026-08-12 00:00:00+00:00,1601.9549570305628
2026-08-12 08:00:00+00:00,1601.9549570305628
2026-08-12 16:00:00+00:00,1601.9549570305628
