ts,equity
2023-01-01 00:00:00+00:00,1000.0
2023-01-01 08:00:00+00:00,1000.0
2023-01-01 16:00:00+00:00,1000.0
2023-01-02 00:00:00+00:00,1000.0
2023-01-02 08:00:00+00:00,1000.0
2023-01-02 16:00:00+00:00,1000.0
2023-01-03 00:00:00+00:00,1000.0
2023-01-03 08:00:00+00:00,1000.0
2023-01-03 16:00:00+00:00,1000.0
2023-01-04 00:00:00+00:00,1000.0
2023-01-04 08:00:00+00:00,1000.0
2023-01-04 16:00:00+00:00,1000.0
2023-01-05 00:00:00+00:00,1000.0
2023-01-05 08:00:00+00:00,1000.0
2023-01-05 16:00:00+00:00,1000.0
2023-01-06 00:00:00+00:00,1000.0
2023-01-06 08:00:00+00:00,1000.0
2023-01-06 16:00:00+00:00,1000.0
2023-01-07 00:00:00+00:00,1000.0
2023-01-07 08:00:00+00:00,1000.0
2023-01-07 16:00:00+00:00,1000.0
2023-01-08 00:00:00+00:00,1000.0
2023-01-08 08:00:00+00:00,1000.0
2023-01-08 16:00:00+00:00,1000.0
2023-01-09 00:00:00+00:00,1000.0
2023-01-09 08:00:00+00:00,1000.0
2023-01-09 16:00:00+00:00,1000.0
2023-01-10 00:00:00+00:00,1000.0
2023-01-10 08:00:00+00:00,1000.0
2023-01-10 16:00:00+00:00,1000.0
2023-01-11 00:00:00+00:00,1000.0
2023-01-11 08:00:00+00:00,1000.0
2023-01-11 16:00:00+00:00,1000.0
2023-01-12 00:00:00+00:00,1000.0
2023-01-12 08:00:00+00:00,1000.0
2023-01-12 16:00:00+00:00,1000.0
2023-01-13 00:00:00+00:00,1000.0
2023-01-13 08:00:00+00:00,1000.0
2023-01-13 16:00:00+00:00,1000.0
2023-01-14 00:00:00+00:00,1000.0
2023-01-14 08:00:00+00:00,1000.0
2023-01-14 16:00:00+00:00,1000.0
2023-01-15 00:00:00+00:00,1000.0
2023-01-15 08:00:00+00:00,1000.0
2023-01-15 16:00:00+00:00,1000.0
2023-01-16 00:00:00+00:00,1000.0
2023-01-16 08:00:00+00:00,1000.0
2023-01-16 16:00:00+00:00,1000.0
2023-01-17 00:00:00+00:00,1000.0
2023-01-17 08:00:00+00:00,1000.0
2023-01-17 16:00:00+00:00,1000.0
2023-01-18 00:00:00+00:00,1000.0
2023-01-18 08:00:00+00:00,1000.0
2023-01-18 16:00:00+00:00,1000.0
2023-01-19 00:00:00+00:00,1000.0
2023-01-19 08:00:00+00:00,1000.0
2023-01-19 16:00:00+00:00,1000.0
2023-01-20 00:00:00+00:00,1000.0
2023-01-20 08:00:00+00:00,1000.0
2023-01-20 16:00:00+00:00,1000.0
2023-01-21 00:00:00+00:00,1000.0
2023-01-21 08:00:00+00:00,1008.1204900552965
2023-01-21 16:00:00+00:00,999.449418174606
2023-01-22 00:00:00+00:00,1011.8987132398294
2023-01-22 08:00:00+00:00,1009.4830007340943
2023-01-22 16:00:00+00:00,1005.1135733766823
2023-01-23 00:00:00+00:00,1009.470890381063
2023-01-23 08:00:00+00:00,1006.8226342425302
2023-01-23 16:00:00+00:00,1005.0376887310217
2023-01-24 00:00:00+00:00,1010.8485854358589
2023-01-24 08:00:00+00:00,1006.5398455924302
2023-01-24 16:00:00+00:00,986.6241076982457
2023-01-25 00:00:00+00:00,988.1644378633895
2023-01-25 08:00:00+00:00,987.0330478602878
2023-01-25 16:00:00+00:00,994.5694711135932
2023-01-26 00:00:00+00:00,994.5358334087887
2023-01-26 08:00:00+00:00,995.465250934502
2023-01-26 16:00:00+00:00,993.6233145057822
2023-01-27 00:00:00+00:00,992.2796765516217
2023-01-27 08:00:00+00:00,991.7525012050063
2023-01-27 16:00:00+00:00,995.1147660498427
2023-01-28 00:00:00+00:00,994.5683927924009
2023-01-28 08:00:00+00:00,988.2647726399989
2023-01-28 16:00:00+00:00,987.8152815835407
2023-01-29 00:00:00+00:00,991.8079700217559
2023-01-29 08:00:00+00:00,995.3877371222184
2023-01-29 16:00:00+00:00,999.1238959234609
2023-01-30 00:00:00+00:00,993.8133027222979
2023-01-30 08:00:00+00:00,984.1807960881321
2023-01-30 16:00:00+00:00,971.398366703102
2023-01-31 00:00:00+00:00,972.5571222703618
2023-01-31 08:00:00+00:00,974.2027855315528
2023-01-31 16:00:00+00:00,974.6999210736577
2023-02-01 00:00:00+00:00,968.4797555649138
2023-02-01 08:00:00+00:00,964.9555138013459
2023-02-01 16:00:00+00:00,974.450159549725
2023-02-02 00:00:00+00:00,973.9381120071599
2023-02-02 08:00:00+00:00,974.2780348078305
2023-02-02 16:00:00+00:00,969.8335069064487
2023-02-03 00:00:00+00:00,969.9314625685751
2023-02-03 08:00:00+00:00,969.56913842471
2023-02-03 16:00:00+00:00,970.1761986922778
2023-02-04 00:00:00+00:00,970.8766619466475
2023-02-04 08:00:00+00:00,971.2502391017111
2023-02-04 16:00:00+00:00,972.725871299663
2023-02-05 00:00:00+00:00,972.688511496628
2023-02-05 08:00:00+00:00,969.2796121284391
2023-02-05 16:00:00+00:00,969.3449935233574
2023-02-06 00:00:00+00:00,970.3723289601757
2023-02-06 08:00:00+00:00,969.6812108753862
2023-02-06 16:00:00+00:00,967.0007893950217
2023-02-07 00:00:00+00:00,968.214916888586
2023-02-07 08:00:00+00:00,968.0187866206883
2023-02-07 16:00:00+00:00,969.7839451149109
2023-02-08 00:00:00+00:00,969.4570659740338
2023-02-08 08:00:00+00:00,967.6078566210181
2023-02-08 16:00:00+00:00,967.6078566210181
2023-02-09 00:00:00+00:00,964.7850542396709
2023-02-09 08:00:00+00:00,964.7850542396709
2023-02-09 16:00:00+00:00,964.7850542396709
2023-02-10 00:00:00+00:00,964.7850542396709
2023-02-10 08:00:00+00:00,964.7850542396709
2023-02-10 16:00:00+00:00,964.7850542396709
2023-02-11 00:00:00+00:00,964.7850542396709
2023-02-11 08:00:00+00:00,964.7850542396709
2023-02-11 16:00:00+00:00,964.7850542396709
2023-02-12 00:00:00+00:00,964.7850542396709
2023-02-12 08:00:00+00:00,964.7850542396709
2023-02-12 16:00:00+00:00,964.7850542396709
2023-02-13 00:00:00+00:00,964.7850542396709
2023-02-13 08:00:00+00:00,964.7850542396709
2023-02-13 16:00:00+00:00,964.7850542396709
2023-02-14 00:00:00+00:00,964.7850542396709
2023-02-14 08:00:00+00:00,964.7850542396709
2023-02-14 16:00:00+00:00,964.7850542396709
2023-02-15 00:00:00+00:00,964.7850542396709
2023-02-15 08:00:00+00:00,964.7850542396709
2023-02-15 16:00:00+00:00,964.7850542396709
2023-02-16 00:00:00+00:00,964.7850542396709
2023-02-16 08:00:00+00:00,970.1024547585164
2023-02-16 16:00:00+00:00,958.5092750288449
2023-02-17 00:00:00+00:00,949.855152530661
2023-02-17 08:00:00+00:00,949.855152530661
2023-02-17 16:00:00+00:00,949.855152530661
2023-02-18 00:00:00+00:00,949.855152530661
2023-02-18 08:00:00+00:00,949.855152530661
2023-02-18 16:00:00+00:00,949.855152530661
2023-02-19 00:00:00+00:00,949.0035700888202
2023-02-19 08:00:00+00:00,949.2884973951917
2023-02-19 16:00:00+00:00,947.8045113862619
2023-02-20 00:00:00+00:00,956.321845790923
2023-02-20 08:00:00+00:00,953.6242371676157
2023-02-20 16:00:00+00:00,951.3299250145861
2023-02-21 00:00:00+00:00,949.9442782179502
2023-02-21 08:00:00+00:00,943.5889535780466
2023-02-21 16:00:00+00:00,941.4024430919989
2023-02-22 00:00:00+00:00,937.1345263896447
2023-02-22 08:00:00+00:00,935.3375442053504
2023-02-22 16:00:00+00:00,935.3375442053504
2023-02-23 00:00:00+00:00,935.3375442053504
2023-02-23 08:00:00+00:00,935.3375442053504
2023-02-23 16:00:00+00:00,935.3375442053504
2023-02-24 00:00:00+00:00,935.3375442053504
2023-02-24 08:00:00+00:00,935.3375442053504
2023-02-24 16:00:00+00:00,935.3375442053504
2023-02-25 00:00:00+00:00,935.3375442053504
2023-02-25 08:00:00+00:00,935.3375442053504
2023-02-25 16:00:00+00:00,935.3375442053504
2023-02-26 00:00:00+00:00,935.3375442053504
2023-02-26 08:00:00+00:00,935.3375442053504
2023-02-26 16:00:00+00:00,935.3375442053504
2023-02-27 00:00:00+00:00,935.3375442053504
2023-02-27 08:00:00+00:00,935.3375442053504
2023-02-27 16:00:00+00:00,935.3375442053504
2023-02-28 00:00:00+00:00,935.3375442053504
2023-02-28 08:00:00+00:00,935.3375442053504
2023-02-28 16:00:00+00:00,935.3375442053504
2023-03-01 00:00:00+00:00,935.3375442053504
2023-03-01 08:00:00+00:00,935.3375442053504
2023-03-01 16:00:00+00:00,935.3375442053504
2023-03-02 00:00:00+00:00,935.3375442053504
2023-03-02 08:00:00+00:00,935.3375442053504
2023-03-02 16:00:00+00:00,935.3375442053504
2023-03-03 00:00:00+00:00,935.3375442053504
2023-03-03 08:00:00+00:00,935.3375442053504
2023-03-03 16:00:00+00:00,935.3375442053504
2023-03-04 00:00:00+00:00,935.3375442053504
2023-03-04 08:00:00+00:00,935.3375442053504
2023-03-04 16:00:00+00:00,935.3375442053504
2023-03-05 00:00:00+00:00,935.3375442053504
2023-03-05 08:00:00+00:00,935.3375442053504
2023-03-05 16:00:00+00:00,935.3375442053504
2023-03-06 00:00:00+00:00,935.3375442053504
2023-03-06 08:00:00+00:00,935.3375442053504
2023-03-06 16:00:00+00:00,935.3375442053504
2023-03-07 00:00:00+00:00,935.3375442053504
2023-03-07 08:00:00+00:00,935.3375442053504
2023-03-07 16:00:00+00:00,935.3375442053504
2023-03-08 00:00:00+00:00,935.3375442053504
2023-03-08 08:00:00+00:00,935.3375442053504
2023-03-08 16:00:00+00:00,935.3375442053504
2023-03-09 00:00:00+00:00,935.3375442053504
2023-03-09 08:00:00+00:00,935.3375442053504
2023-03-09 16:00:00+00:00,935.3375442053504
2023-03-10 00:00:00+00:00,935.3375442053504
2023-03-10 08:00:00+00:00,935.3375442053504
2023-03-10 16:00:00+00:00,935.3375442053504
2023-03-11 00:00:00+00:00,935.3375442053504
2023-03-11 08:00:00+00:00,935.3375442053504
2023-03-11 16:00:00+00:00,935.3375442053504
2023-03-12 00:00:00+00:00,935.3375442053504
2023-03-12 08:00:00+00:00,935.3375442053504
2023-03-12 16:00:00+00:00,935.3375442053504
2023-03-13 00:00:00+00:00,935.3375442053504
2023-03-13 08:00:00+00:00,935.3375442053504
2023-03-13 16:00:00+00:00,935.3375442053504
2023-03-14 00:00:00+00:00,935.3375442053504
2023-03-14 08:00:00+00:00,935.3375442053504
2023-03-14 16:00:00+00:00,935.3375442053504
2023-03-15 00:00:00+00:00,926.2149766422265
2023-03-15 08:00:00+00:00,915.1037098549651
2023-03-15 16:00:00+00:00,913.9087158834119
2023-03-16 00:00:00+00:00,913.9087158834119
2023-03-16 08:00:00+00:00,913.9087158834119
2023-03-16 16:00:00+00:00,913.9087158834119
2023-03-17 00:00:00+00:00,913.9087158834119
2023-03-17 08:00:00+00:00,913.9087158834119
2023-03-17 16:00:00+00:00,913.9087158834119
2023-03-18 00:00:00+00:00,913.9087158834119
2023-03-18 08:00:00+00:00,912.9710113205383
2023-03-18 16:00:00+00:00,910.2119608593935
2023-03-19 00:00:00+00:00,911.4056751285348
2023-03-19 08:00:00+00:00,914.5138265739839
2023-03-19 16:00:00+00:00,915.3486338643019
2023-03-20 00:00:00+00:00,916.6740923502432
2023-03-20 08:00:00+00:00,913.3028451951311
2023-03-20 16:00:00+00:00,908.7640419756664
2023-03-21 00:00:00+00:00,901.2832564856274
2023-03-21 08:00:00+00:00,915.7283545017341
2023-03-21 16:00:00+00:00,915.6813609817641
2023-03-22 00:00:00+00:00,921.8899398455098
2023-03-22 08:00:00+00:00,922.1539879936709
2023-03-22 16:00:00+00:00,900.8760007346228
2023-03-23 00:00:00+00:00,911.3036525274322
2023-03-23 08:00:00+00:00,925.9486948094722
2023-03-23 16:00:00+00:00,922.2552974212757
2023-03-24 00:00:00+00:00,917.6106727792971
2023-03-24 08:00:00+00:00,908.1523138317575
2023-03-24 16:00:00+00:00,901.9650134645631
2023-03-25 00:00:00+00:00,905.6729088994116
2023-03-25 08:00:00+00:00,909.482168272479
2023-03-25 16:00:00+00:00,903.9141748400237
2023-03-26 00:00:00+00:00,908.645971935503
2023-03-26 08:00:00+00:00,908.588915519117
2023-03-26 16:00:00+00:00,911.0992163931921
2023-03-27 00:00:00+00:00,910.3365268301031
2023-03-27 08:00:00+00:00,900.0482265368199
2023-03-27 16:00:00+00:00,905.9047667565022
2023-03-28 00:00:00+00:00,906.8381732421052
2023-03-28 08:00:00+00:00,911.4229721066265
2023-03-28 16:00:00+00:00,917.9378925145869
2023-03-29 00:00:00+00:00,932.5017612522653
2023-03-29 08:00:00+00:00,931.0660751114702
2023-03-29 16:00:00+00:00,929.3600771890993
2023-03-30 00:00:00+00:00,928.6774481795445
2023-03-30 08:00:00+00:00,926.1982449588542
2023-03-30 16:00:00+00:00,925.4404826241396
2023-03-31 00:00:00+00:00,924.5261403085337
2023-03-31 08:00:00+00:00,929.292448882338
2023-03-31 16:00:00+00:00,928.6731970899526
2023-04-01 00:00:00+00:00,928.690776769376
2023-04-01 08:00:00+00:00,928.4022282800956
2023-04-01 16:00:00+00:00,928.5992219054822
2023-04-02 00:00:00+00:00,928.4179260232256
2023-04-02 08:00:00+00:00,926.0975251101825
2023-04-02 16:00:00+00:00,918.8618901504893
2023-04-03 00:00:00+00:00,918.084445012114
2023-04-03 08:00:00+00:00,918.5666594994995
2023-04-03 16:00:00+00:00,918.4720120226143
2023-04-04 00:00:00+00:00,919.3703333026771
2023-04-04 08:00:00+00:00,922.5821362202511
2023-04-04 16:00:00+00:00,922.6531669553112
2023-04-05 00:00:00+00:00,927.43953377851
2023-04-05 08:00:00+00:00,923.9317557123686
2023-04-05 16:00:00+00:00,923.1152024033146
2023-04-06 00:00:00+00:00,919.1986648770918
2023-04-06 08:00:00+00:00,918.1575860633842
2023-04-06 16:00:00+00:00,915.1724211532644
2023-04-07 00:00:00+00:00,914.4593994658608
2023-04-07 08:00:00+00:00,914.8380236901855
2023-04-07 16:00:00+00:00,914.7261983019946
2023-04-08 00:00:00+00:00,915.361913049009
2023-04-08 08:00:00+00:00,915.1458131830839
2023-04-08 16:00:00+00:00,914.8329897498811
2023-04-09 00:00:00+00:00,914.7172091228796
2023-04-09 08:00:00+00:00,914.6568018392267
2023-04-09 16:00:00+00:00,916.2176829007592
2023-04-10 00:00:00+00:00,916.0896769901613
2023-04-10 08:00:00+00:00,916.6182407221246
2023-04-10 16:00:00+00:00,920.9441932794381
2023-04-11 00:00:00+00:00,922.5809430127014
2023-04-11 08:00:00+00:00,922.9426675802899
2023-04-11 16:00:00+00:00,922.9437462817837
2023-04-12 00:00:00+00:00,922.1879361017926
2023-04-12 08:00:00+00:00,922.0973251763131
2023-04-12 16:00:00+00:00,921.8614491163349
2023-04-13 00:00:00+00:00,922.4910512215512
2023-04-13 08:00:00+00:00,922.2589848495894
2023-04-13 16:00:00+00:00,922.3149140850555
2023-04-14 00:00:00+00:00,936.1284182679561
2023-04-14 08:00:00+00:00,919.7952861512586
2023-04-14 16:00:00+00:00,929.8998487501368
2023-04-15 00:00:00+00:00,930.8476943609146
2023-04-15 08:00:00+00:00,934.0705366357126
2023-04-15 16:00:00+00:00,930.4081040402489
2023-04-16 00:00:00+00:00,934.759292017578
2023-04-16 08:00:00+00:00,931.7402538792513
2023-04-16 16:00:00+00:00,949.8288008856005
2023-04-17 00:00:00+00:00,946.6218939084328
2023-04-17 08:00:00+00:00,941.8742550833558
2023-04-17 16:00:00+00:00,944.7804107986991
2023-04-18 00:00:00+00:00,963.0968683580874
2023-04-18 08:00:00+00:00,964.9517557337174
2023-04-18 16:00:00+00:00,963.2050592356185
2023-04-19 00:00:00+00:00,951.5942630043252
2023-04-19 08:00:00+00:00,929.0615274282601
2023-04-19 16:00:00+00:00,924.1919218586931
2023-04-20 00:00:00+00:00,924.1919218586931
2023-04-20 08:00:00+00:00,924.1919218586931
2023-04-20 16:00:00+00:00,924.1919218586931
2023-04-21 00:00:00+00:00,924.1919218586931
2023-04-21 08:00:00+00:00,924.1919218586931
2023-04-21 16:00:00+00:00,924.1919218586931
2023-04-22 00:00:00+00:00,924.1919218586931
2023-04-22 08:00:00+00:00,924.1919218586931
2023-04-22 16:00:00+00:00,924.1919218586931
2023-04-23 00:00:00+00:00,924.1919218586931
2023-04-23 08:00:00+00:00,924.1919218586931
2023-04-23 16:00:00+00:00,924.1919218586931
2023-04-24 00:00:00+00:00,924.1919218586931
2023-04-24 08:00:00+00:00,924.1919218586931
2023-04-24 16:00:00+00:00,924.1919218586931
2023-04-25 00:00:00+00:00,924.1919218586931
2023-04-25 08:00:00+00:00,924.1919218586931
2023-04-25 16:00:00+00:00,924.1919218586931
2023-04-26 00:00:00+00:00,924.1919218586931
2023-04-26 08:00:00+00:00,924.1919218586931
2023-04-26 16:00:00+00:00,924.1919218586931
2023-04-27 00:00:00+00:00,924.1919218586931
2023-04-27 08:00:00+00:00,924.1919218586931
2023-04-27 16:00:00+00:00,924.1919218586931
2023-04-28 00:00:00+00:00,924.1919218586931
2023-04-28 08:00:00+00:00,924.1919218586931
2023-04-28 16:00:00+00:00,924.1919218586931
2023-04-29 00:00:00+00:00,924.1919218586931
2023-04-29 08:00:00+00:00,924.1919218586931
2023-04-29 16:00:00+00:00,924.1919218586931
2023-04-30 00:00:00+00:00,924.1919218586931
2023-04-30 08:00:00+00:00,924.1919218586931
2023-04-30 16:00:00+00:00,924.1919218586931
2023-05-01 00:00:00+00:00,924.1919218586931
2023-05-01 08:00:00+00:00,924.1919218586931
2023-05-01 16:00:00+00:00,924.1919218586931
2023-05-02 00:00:00+00:00,924.1919218586931
2023-05-02 08:00:00+00:00,924.1919218586931
2023-05-02 16:00:00+00:00,924.1919218586931
2023-05-03 00:00:00+00:00,924.1919218586931
2023-05-03 08:00:00+00:00,924.1919218586931
2023-05-03 16:00:00+00:00,924.1919218586931
2023-05-04 00:00:00+00:00,924.1919218586931
2023-05-04 08:00:00+00:00,924.1919218586931
2023-05-04 16:00:00+00:00,924.1919218586931
2023-05-05 00:00:00+00:00,924.1919218586931
2023-05-05 08:00:00+00:00,924.1919218586931
2023-05-05 16:00:00+00:00,924.1919218586931
2023-05-06 00:00:00+00:00,924.1919218586931
2023-05-06 08:00:00+00:00,924.1919218586931
2023-05-06 16:00:00+00:00,924.1919218586931
2023-05-07 00:00:00+00:00,924.1919218586931
2023-05-07 08:00:00+00:00,924.1919218586931
2023-05-07 16:00:00+00:00,924.1919218586931
2023-05-08 00:00:00+00:00,924.1919218586931
2023-05-08 08:00:00+00:00,924.1919218586931
2023-05-08 16:00:00+00:00,924.1919218586931
2023-05-09 00:00:00+00:00,924.1919218586931
2023-05-09 08:00:00+00:00,924.1919218586931
2023-05-09 16:00:00+00:00,924.1919218586931
2023-05-10 00:00:00+00:00,924.1919218586931
2023-05-10 08:00:00+00:00,924.1919218586931
2023-05-10 16:00:00+00:00,924.1919218586931
2023-05-11 00:00:00+00:00,924.1919218586931
2023-05-11 08:00:00+00:00,924.1919218586931
2023-05-11 16:00:00+00:00,924.1919218586931
2023-05-12 00:00:00+00:00,924.1919218586931
2023-05-12 08:00:00+00:00,924.1919218586931
2023-05-12 16:00:00+00:00,924.1919218586931
2023-05-13 00:00:00+00:00,924.1919218586931
2023-05-13 08:00:00+00:00,924.1919218586931
2023-05-13 16:00:00+00:00,924.1919218586931
2023-05-14 00:00:00+00:00,924.1919218586931
2023-05-14 08:00:00+00:00,924.1919218586931
2023-05-14 16:00:00+00:00,924.1919218586931
2023-05-15 00:00:00+00:00,924.1919218586931
2023-05-15 08:00:00+00:00,924.1919218586931
2023-05-15 16:00:00+00:00,924.1919218586931
2023-05-16 00:00:00+00:00,924.1919218586931
2023-05-16 08:00:00+00:00,924.1919218586931
2023-05-16 16:00:00+00:00,924.1919218586931
2023-05-17 00:00:00+00:00,924.1919218586931
2023-05-17 08:00:00+00:00,924.1919218586931
2023-05-17 16:00:00+00:00,924.1919218586931
2023-05-18 00:00:00+00:00,924.1919218586931
2023-05-18 08:00:00+00:00,924.1919218586931
2023-05-18 16:00:00+00:00,924.1919218586931
2023-05-19 00:00:00+00:00,924.1919218586931
2023-05-19 08:00:00+00:00,924.1919218586931
2023-05-19 16:00:00+00:00,924.1919218586931
2023-05-20 00:00:00+00:00,924.1919218586931
2023-05-20 08:00:00+00:00,924.1919218586931
2023-05-20 16:00:00+00:00,924.1919218586931
2023-05-21 00:00:00+00:00,924.1919218586931
2023-05-21 08:00:00+00:00,924.1919218586931
2023-05-21 16:00:00+00:00,924.1919218586931
2023-05-22 00:00:00+00:00,924.1919218586931
2023-05-22 08:00:00+00:00,924.1919218586931
2023-05-22 16:00:00+00:00,924.1919218586931
2023-05-23 00:00:00+00:00,924.1919218586931
2023-05-23 08:00:00+00:00,924.1919218586931
2023-05-23 16:00:00+00:00,924.1919218586931
2023-05-24 00:00:00+00:00,924.1919218586931
2023-05-24 08:00:00+00:00,924.1919218586931
2023-05-24 16:00:00+00:00,924.1919218586931
2023-05-25 00:00:00+00:00,924.1919218586931
2023-05-25 08:00:00+00:00,924.1919218586931
2023-05-25 16:00:00+00:00,924.1919218586931
2023-05-26 00:00:00+00:00,924.1919218586931
2023-05-26 08:00:00+00:00,924.1919218586931
2023-05-26 16:00:00+00:00,924.1919218586931
2023-05-27 00:00:00+00:00,924.1919218586931
2023-05-27 08:00:00+00:00,924.1919218586931
2023-05-27 16:00:00+00:00,924.1919218586931
2023-05-28 00:00:00+00:00,924.1919218586931
2023-05-28 08:00:00+00:00,924.1919218586931
2023-05-28 16:00:00+00:00,924.1919218586931
2023-05-29 00:00:00+00:00,924.1919218586931
2023-05-29 08:00:00+00:00,924.1919218586931
2023-05-29 16:00:00+00:00,924.1919218586931
2023-05-30 00:00:00+00:00,924.1919218586931
2023-05-30 08:00:00+00:00,924.1919218586931
2023-05-30 16:00:00+00:00,924.1919218586931
2023-05-31 00:00:00+00:00,924.1919218586931
2023-05-31 08:00:00+00:00,924.1919218586931
2023-05-31 16:00:00+00:00,924.1919218586931
2023-06-01 00:00:00+00:00,924.1919218586931
2023-06-01 08:00:00+00:00,924.1919218586931
2023-06-01 16:00:00+00:00,924.1919218586931
2023-06-02 00:00:00+00:00,924.1919218586931
2023-06-02 08:00:00+00:00,924.1919218586931
2023-06-02 16:00:00+00:00,924.1919218586931
2023-06-03 00:00:00+00:00,924.1919218586931
2023-06-03 08:00:00+00:00,924.1919218586931
2023-06-03 16:00:00+00:00,924.1919218586931
2023-06-04 00:00:00+00:00,924.1919218586931
2023-06-04 08:00:00+00:00,924.1919218586931
2023-06-04 16:00:00+00:00,924.1919218586931
2023-06-05 00:00:00+00:00,924.1919218586931
2023-06-05 08:00:00+00:00,924.1919218586931
2023-06-05 16:00:00+00:00,924.1919218586931
2023-06-06 00:00:00+00:00,924.1919218586931
2023-06-06 08:00:00+00:00,924.1919218586931
2023-06-06 16:00:00+00:00,924.1919218586931
2023-06-07 00:00:00+00:00,924.1919218586931
2023-06-07 08:00:00+00:00,924.1919218586931
2023-06-07 16:00:00+00:00,924.1919218586931
2023-06-08 00:00:00+00:00,924.1919218586931
2023-06-08 08:00:00+00:00,924.1919218586931
2023-06-08 16:00:00+00:00,924.1919218586931
2023-06-09 00:00:00+00:00,924.1919218586931
2023-06-09 08:00:00+00:00,924.1919218586931
2023-06-09 16:00:00+00:00,924.1919218586931
2023-06-10 00:00:00+00:00,924.1919218586931
2023-06-10 08:00:00+00:00,924.1919218586931
2023-06-10 16:00:00+00:00,924.1919218586931
2023-06-11 00:00:00+00:00,924.1919218586931
2023-06-11 08:00:00+00:00,924.1919218586931
2023-06-11 16:00:00+00:00,924.1919218586931
2023-06-12 00:00:00+00:00,924.1919218586931
2023-06-12 08:00:00+00:00,924.1919218586931
2023-06-12 16:00:00+00:00,924.1919218586931
2023-06-13 00:00:00+00:00,924.1919218586931
2023-06-13 08:00:00+00:00,924.1919218586931
2023-06-13 16:00:00+00:00,924.1919218586931
2023-06-14 00:00:00+00:00,924.1919218586931
2023-06-14 08:00:00+00:00,924.1919218586931
2023-06-14 16:00:00+00:00,924.1919218586931
2023-06-15 00:00:00+00:00,924.1919218586931
2023-06-15 08:00:00+00:00,924.1919218586931
2023-06-15 16:00:00+00:00,924.1919218586931
2023-06-16 00:00:00+00:00,924.1919218586931
2023-06-16 08:00:00+00:00,924.1919218586931
2023-06-16 16:00:00+00:00,924.1919218586931
2023-06-17 00:00:00+00:00,924.1919218586931
2023-06-17 08:00:00+00:00,924.1919218586931
2023-06-17 16:00:00+00:00,924.1919218586931
2023-06-18 00:00:00+00:00,924.1919218586931
2023-06-18 08:00:00+00:00,924.1919218586931
2023-06-18 16:00:00+00:00,924.1919218586931
2023-06-19 00:00:00+00:00,924.1919218586931
2023-06-19 08:00:00+00:00,924.1919218586931
2023-06-19 16:00:00+00:00,924.1919218586931
2023-06-20 00:00:00+00:00,924.1919218586931
2023-06-20 08:00:00+00:00,924.1919218586931
2023-06-20 16:00:00+00:00,924.1919218586931
2023-06-21 00:00:00+00:00,924.1919218586931
2023-06-21 08:00:00+00:00,924.1919218586931
2023-06-21 16:00:00+00:00,924.1919218586931
2023-06-22 00:00:00+00:00,924.1919218586931
2023-06-22 08:00:00+00:00,924.1919218586931
2023-06-22 16:00:00+00:00,924.1919218586931
2023-06-23 00:00:00+00:00,924.1919218586931
2023-06-23 08:00:00+00:00,924.1919218586931
2023-06-23 16:00:00+00:00,924.1919218586931
2023-06-24 00:00:00+00:00,924.1919218586931
2023-06-24 08:00:00+00:00,924.1919218586931
2023-06-24 16:00:00+00:00,924.1919218586931
2023-06-25 00:00:00+00:00,924.1919218586931
2023-06-25 08:00:00+00:00,924.1919218586931
2023-06-25 16:00:00+00:00,924.1919218586931
2023-06-26 00:00:00+00:00,924.1919218586931
2023-06-26 08:00:00+00:00,924.1919218586931
2023-06-26 16:00:00+00:00,924.1919218586931
2023-06-27 00:00:00+00:00,924.1919218586931
2023-06-27 08:00:00+00:00,924.1919218586931
2023-06-27 16:00:00+00:00,924.1919218586931
2023-06-28 00:00:00+00:00,924.1919218586931
2023-06-28 08:00:00+00:00,924.1919218586931
2023-06-28 16:00:00+00:00,924.1919218586931
2023-06-29 00:00:00+00:00,924.1919218586931
2023-06-29 08:00:00+00:00,924.1919218586931
2023-06-29 16:00:00+00:00,924.1919218586931
2023-06-30 00:00:00+00:00,924.1919218586931
2023-06-30 08:00:00+00:00,924.1919218586931
2023-06-30 16:00:00+00:00,924.3648621550228
2023-07-01 00:00:00+00:00,923.0912813421189
2023-07-01 08:00:00+00:00,923.085299680074
2023-07-01 16:00:00+00:00,923.8715717640048
2023-07-02 00:00:00+00:00,925.4142190261457
2023-07-02 08:00:00+00:00,925.2784347942634
2023-07-02 16:00:00+00:00,926.4638543479308
2023-07-03 00:00:00+00:00,927.2622800178791
2023-07-03 08:00:00+00:00,926.8065866731155
2023-07-03 16:00:00+00:00,926.0061663299272
2023-07-04 00:00:00+00:00,923.5726015724886
2023-07-04 08:00:00+00:00,926.5055094373681
2023-07-04 16:00:00+00:00,923.5817983544088
2023-07-05 00:00:00+00:00,924.25847574478
2023-07-05 08:00:00+00:00,917.7012502120606
2023-07-05 16:00:00+00:00,919.5568338554017
2023-07-06 00:00:00+00:00,922.7525215717521
2023-07-06 08:00:00+00:00,919.5480000005507
2023-07-06 16:00:00+00:00,915.7682819872443
2023-07-07 00:00:00+00:00,915.2698019006089
2023-07-07 08:00:00+00:00,921.5635475008736
2023-07-07 16:00:00+00:00,921.9057725406119
2023-07-08 00:00:00+00:00,923.3527531257967
2023-07-08 08:00:00+00:00,922.1914504822364
2023-07-08 16:00:00+00:00,923.1673106636997
2023-07-09 00:00:00+00:00,922.4728553140284
2023-07-09 08:00:00+00:00,921.2313924181963
2023-07-09 16:00:00+00:00,919.3529269330741
2023-07-10 00:00:00+00:00,915.8235258645234
2023-07-10 08:00:00+00:00,917.628675760127
2023-07-10 16:00:00+00:00,918.3064723945434
2023-07-11 00:00:00+00:00,921.6358082237048
2023-07-11 08:00:00+00:00,920.9692710861757
2023-07-11 16:00:00+00:00,920.4755993211813
2023-07-12 00:00:00+00:00,920.6352962326484
2023-07-12 08:00:00+00:00,920.750927885294
2023-07-12 16:00:00+00:00,919.2729132533856
2023-07-13 00:00:00+00:00,919.389036938417
2023-07-13 08:00:00+00:00,932.3971932353301
2023-07-13 16:00:00+00:00,945.3833280450906
2023-07-14 00:00:00+00:00,980.1446591246046
2023-07-14 08:00:00+00:00,980.7041858529647
2023-07-14 16:00:00+00:00,953.0489111991683
2023-07-15 00:00:00+00:00,953.3264159583321
2023-07-15 08:00:00+00:00,952.7688800876042
2023-07-15 16:00:00+00:00,948.9873469065585
2023-07-16 00:00:00+00:00,945.5016931033412
2023-07-16 08:00:00+00:00,952.6953500441164
2023-07-16 16:00:00+00:00,941.8522461686889
2023-07-17 00:00:00+00:00,948.7813657592559
2023-07-17 08:00:00+00:00,942.1358758981872
2023-07-17 16:00:00+00:00,949.7170899938288
2023-07-18 00:00:00+00:00,943.8029078028504
2023-07-18 08:00:00+00:00,944.669054690063
2023-07-18 16:00:00+00:00,945.1899499021305
2023-07-19 00:00:00+00:00,947.5403275358548
2023-07-19 08:00:00+00:00,951.141316990056
2023-07-19 16:00:00+00:00,951.5050721045271
2023-07-20 00:00:00+00:00,961.457599409499
2023-07-20 08:00:00+00:00,961.9022376817876
2023-07-20 16:00:00+00:00,965.7062721006652
2023-07-21 00:00:00+00:00,960.2925654063065
2023-07-21 08:00:00+00:00,963.8883114989018
2023-07-21 16:00:00+00:00,961.7753586152172
2023-07-22 00:00:00+00:00,961.4401618152172
2023-07-22 08:00:00+00:00,957.9479648053778
2023-07-22 16:00:00+00:00,950.0720312617117
2023-07-23 00:00:00+00:00,953.6432289200468
2023-07-23 08:00:00+00:00,953.8844834382846
2023-07-23 16:00:00+00:00,952.7920480823495
2023-07-24 00:00:00+00:00,954.8939702385408
2023-07-24 08:00:00+00:00,946.8852467806507
2023-07-24 16:00:00+00:00,946.6665420085417
2023-07-25 00:00:00+00:00,948.2610088262239
2023-07-25 08:00:00+00:00,948.7843180410432
2023-07-25 16:00:00+00:00,953.9688260508534
2023-07-26 00:00:00+00:00,951.5324845579538
2023-07-26 08:00:00+00:00,949.5688801834181
2023-07-26 16:00:00+00:00,948.6292401789837
2023-07-27 00:00:00+00:00,949.5688801834181
2023-07-27 08:00:00+00:00,949.5688801834181
2023-07-27 16:00:00+00:00,948.2196544309433
2023-07-28 00:00:00+00:00,946.6174555814677
2023-07-28 08:00:00+00:00,947.5570866104509
2023-07-28 16:00:00+00:00,947.6775551188042
2023-07-29 00:00:00+00:00,948.4364923607085
2023-07-29 08:00:00+00:00,948.6533392659252
2023-07-29 16:00:00+00:00,951.3517817954239
2023-07-30 00:00:00+00:00,950.9301509916384
2023-07-30 08:00:00+00:00,950.1953038612239
2023-07-30 16:00:00+00:00,948.7015194889054
2023-07-31 00:00:00+00:00,949.4002314520845
2023-07-31 08:00:00+00:00,948.7617537430821
2023-07-31 16:00:00+00:00,948.4967266148851
2023-08-01 00:00:00+00:00,946.9908971868217
2023-08-01 08:00:00+00:00,947.2679693707636
2023-08-01 16:00:00+00:00,948.834033053004
2023-08-02 00:00:00+00:00,947.1475008624103
2023-08-02 08:00:00+00:00,945.4971128145032
2023-08-02 16:00:00+00:00,944.0997068390478
2023-08-03 00:00:00+00:00,943.955139243753
2023-08-03 08:00:00+00:00,944.0756077521063
2023-08-03 16:00:00+00:00,943.3407606216921
2023-08-04 00:00:00+00:00,944.3165447688133
2023-08-04 08:00:00+00:00,944.412914190225
2023-08-04 16:00:00+00:00,943.2203010887902
2023-08-05 00:00:00+00:00,945.6537164900918
2023-08-05 08:00:00+00:00,945.3525541946595
2023-08-05 16:00:00+00:00,945.9066985625436
2023-08-06 00:00:00+00:00,945.3766443061497
2023-08-06 08:00:00+00:00,944.3767790229899
2023-08-06 16:00:00+00:00,944.1840312047149
2023-08-07 00:00:00+00:00,944.8947792481874
2023-08-07 08:00:00+00:00,943.413039931614
2023-08-07 16:00:00+00:00,941.7029309269205
2023-08-08 00:00:00+00:00,941.7029309269205
2023-08-08 08:00:00+00:00,941.7029309269205
2023-08-08 16:00:00+00:00,941.7029309269205
2023-08-09 00:00:00+00:00,941.7029309269205
2023-08-09 08:00:00+00:00,941.7029309269205
2023-08-09 16:00:00+00:00,941.7029309269205
2023-08-10 00:00:00+00:00,941.7029309269205
2023-08-10 08:00:00+00:00,941.7029309269205
2023-08-10 16:00:00+00:00,941.7029309269205
2023-08-11 00:00:00+00:00,941.7029309269205
2023-08-11 08:00:00+00:00,941.7029309269205
2023-08-11 16:00:00+00:00,941.7029309269205
2023-08-12 00:00:00+00:00,941.7029309269205
2023-08-12 08:00:00+00:00,941.7029309269205
2023-08-12 16:00:00+00:00,941.7029309269205
2023-08-13 00:00:00+00:00,941.7029309269205
2023-08-13 08:00:00+00:00,941.7029309269205
2023-08-13 16:00:00+00:00,941.7029309269205
2023-08-14 00:00:00+00:00,941.7029309269205
2023-08-14 08:00:00+00:00,941.7029309269205
2023-08-14 16:00:00+00:00,941.7029309269205
2023-08-15 00:00:00+00:00,941.7029309269205
2023-08-15 08:00:00+00:00,941.7029309269205
2023-08-15 16:00:00+00:00,941.7029309269205
2023-08-16 00:00:00+00:00,941.7029309269205
2023-08-16 08:00:00+00:00,941.7029309269205
2023-08-16 16:00:00+00:00,941.7029309269205
2023-08-17 00:00:00+00:00,941.7029309269205
2023-08-17 08:00:00+00:00,941.7029309269205
2023-08-17 16:00:00+00:00,941.7029309269205
2023-08-18 00:00:00+00:00,941.7029309269205
2023-08-18 08:00:00+00:00,941.7029309269205
2023-08-18 16:00:00+00:00,941.7029309269205
2023-08-19 00:00:00+00:00,941.7029309269205
2023-08-19 08:00:00+00:00,941.7029309269205
2023-08-19 16:00:00+00:00,941.7029309269205
2023-08-20 00:00:00+00:00,941.7029309269205
2023-08-20 08:00:00+00:00,941.7029309269205
2023-08-20 16:00:00+00:00,941.7029309269205
2023-08-21 00:00:00+00:00,941.7029309269205
2023-08-21 08:00:00+00:00,941.7029309269205
2023-08-21 16:00:00+00:00,941.7029309269205
2023-08-22 00:00:00+00:00,941.7029309269205
2023-08-22 08:00:00+00:00,941.7029309269205
2023-08-22 16:00:00+00:00,941.7029309269205
2023-08-23 00:00:00+00:00,941.7029309269205
2023-08-23 08:00:00+00:00,941.7029309269205
2023-08-23 16:00:00+00:00,941.7029309269205
2023-08-24 00:00:00+00:00,941.7029309269205
2023-08-24 08:00:00+00:00,941.7029309269205
2023-08-24 16:00:00+00:00,941.7029309269205
2023-08-25 00:00:00+00:00,941.7029309269205
2023-08-25 08:00:00+00:00,941.7029309269205
2023-08-25 16:00:00+00:00,941.7029309269205
2023-08-26 00:00:00+00:00,941.7029309269205
2023-08-26 08:00:00+00:00,941.7029309269205
2023-08-26 16:00:00+00:00,941.7029309269205
2023-08-27 00:00:00+00:00,941.7029309269205
2023-08-27 08:00:00+00:00,941.7029309269205
2023-08-27 16:00:00+00:00,941.7029309269205
2023-08-28 00:00:00+00:00,941.7029309269205
2023-08-28 08:00:00+00:00,941.7029309269205
2023-08-28 16:00:00+00:00,941.7029309269205
2023-08-29 00:00:00+00:00,941.7029309269205
2023-08-29 08:00:00+00:00,941.7029309269205
2023-08-29 16:00:00+00:00,941.7029309269205
2023-08-30 00:00:00+00:00,941.7029309269205
2023-08-30 08:00:00+00:00,941.7029309269205
2023-08-30 16:00:00+00:00,941.7029309269205
2023-08-31 00:00:00+00:00,941.7029309269205
2023-08-31 08:00:00+00:00,941.7029309269205
2023-08-31 16:00:00+00:00,941.7029309269205
2023-09-01 00:00:00+00:00,941.7029309269205
2023-09-01 08:00:00+00:00,941.7029309269205
2023-09-01 16:00:00+00:00,941.7029309269205
2023-09-02 00:00:00+00:00,941.7029309269205
2023-09-02 08:00:00+00:00,941.7029309269205
2023-09-02 16:00:00+00:00,941.7029309269205
2023-09-03 00:00:00+00:00,941.7029309269205
2023-09-03 08:00:00+00:00,941.7029309269205
2023-09-03 16:00:00+00:00,941.7029309269205
2023-09-04 00:00:00+00:00,941.7029309269205
2023-09-04 08:00:00+00:00,941.7029309269205
2023-09-04 16:00:00+00:00,941.7029309269205
2023-09-05 00:00:00+00:00,941.7029309269205
2023-09-05 08:00:00+00:00,941.7029309269205
2023-09-05 16:00:00+00:00,941.7029309269205
2023-09-06 00:00:00+00:00,941.7029309269205
2023-09-06 08:00:00+00:00,941.7029309269205
2023-09-06 16:00:00+00:00,941.7029309269205
2023-09-07 00:00:00+00:00,941.7029309269205
2023-09-07 08:00:00+00:00,941.7029309269205
2023-09-07 16:00:00+00:00,941.7029309269205
2023-09-08 00:00:00+00:00,941.7029309269205
2023-09-08 08:00:00+00:00,941.7029309269205
2023-09-08 16:00:00+00:00,941.7029309269205
2023-09-09 00:00:00+00:00,941.7029309269205
2023-09-09 08:00:00+00:00,941.7029309269205
2023-09-09 16:00:00+00:00,941.7029309269205
2023-09-10 00:00:00+00:00,941.7029309269205
2023-09-10 08:00:00+00:00,941.7029309269205
2023-09-10 16:00:00+00:00,941.7029309269205
2023-09-11 00:00:00+00:00,941.7029309269205
2023-09-11 08:00:00+00:00,941.7029309269205
2023-09-11 16:00:00+00:00,941.7029309269205
2023-09-12 00:00:00+00:00,941.7029309269205
2023-09-12 08:00:00+00:00,941.7029309269205
2023-09-12 16:00:00+00:00,941.7029309269205
2023-09-13 00:00:00+00:00,941.7029309269205
2023-09-13 08:00:00+00:00,941.7029309269205
2023-09-13 16:00:00+00:00,941.7029309269205
2023-09-14 00:00:00+00:00,941.7029309269205
2023-09-14 08:00:00+00:00,941.7029309269205
2023-09-14 16:00:00+00:00,941.7029309269205
2023-09-15 00:00:00+00:00,941.7029309269205
2023-09-15 08:00:00+00:00,941.7029309269205
2023-09-15 16:00:00+00:00,941.7029309269205
2023-09-16 00:00:00+00:00,941.7029309269205
2023-09-16 08:00:00+00:00,941.7029309269205
2023-09-16 16:00:00+00:00,941.7029309269205
2023-09-17 00:00:00+00:00,941.7029309269205
2023-09-17 08:00:00+00:00,941.7029309269205
2023-09-17 16:00:00+00:00,941.7029309269205
2023-09-18 00:00:00+00:00,941.7029309269205
2023-09-18 08:00:00+00:00,941.7029309269205
2023-09-18 16:00:00+00:00,941.7029309269205
2023-09-19 00:00:00+00:00,941.7029309269205
2023-09-19 08:00:00+00:00,941.7029309269205
2023-09-19 16:00:00+00:00,941.7029309269205
2023-09-20 00:00:00+00:00,941.7029309269205
2023-09-20 08:00:00+00:00,941.7029309269205
2023-09-20 16:00:00+00:00,941.7029309269205
2023-09-21 00:00:00+00:00,941.7029309269205
2023-09-21 08:00:00+00:00,941.7029309269205
2023-09-21 16:00:00+00:00,941.7029309269205
2023-09-22 00:00:00+00:00,941.7029309269205
2023-09-22 08:00:00+00:00,941.7029309269205
2023-09-22 16:00:00+00:00,941.7029309269205
2023-09-23 00:00:00+00:00,941.7029309269205
2023-09-23 08:00:00+00:00,941.7029309269205
2023-09-23 16:00:00+00:00,941.7029309269205
2023-09-24 00:00:00+00:00,941.7029309269205
2023-09-24 08:00:00+00:00,941.7029309269205
2023-09-24 16:00:00+00:00,941.7029309269205
2023-09-25 00:00:00+00:00,941.7029309269205
2023-09-25 08:00:00+00:00,941.7029309269205
2023-09-25 16:00:00+00:00,941.7029309269205
2023-09-26 00:00:00+00:00,941.7029309269205
2023-09-26 08:00:00+00:00,941.7029309269205
2023-09-26 16:00:00+00:00,941.7029309269205
2023-09-27 00:00:00+00:00,941.7029309269205
2023-09-27 08:00:00+00:00,941.7029309269205
2023-09-27 16:00:00+00:00,941.7029309269205
2023-09-28 00:00:00+00:00,941.7029309269205
2023-09-28 08:00:00+00:00,941.7029309269205
2023-09-28 16:00:00+00:00,941.7029309269205
2023-09-29 00:00:00+00:00,941.7029309269205
2023-09-29 08:00:00+00:00,941.7029309269205
2023-09-29 16:00:00+00:00,941.7029309269205
2023-09-30 00:00:00+00:00,941.7029309269205
2023-09-30 08:00:00+00:00,941.7029309269205
2023-09-30 16:00:00+00:00,941.7029309269205
2023-10-01 00:00:00+00:00,941.7029309269205
2023-10-01 08:00:00+00:00,941.7029309269205
2023-10-01 16:00:00+00:00,941.7029309269205
2023-10-02 00:00:00+00:00,941.7029309269205
2023-10-02 08:00:00+00:00,941.7029309269205
2023-10-02 16:00:00+00:00,941.7029309269205
2023-10-03 00:00:00+00:00,941.7029309269205
2023-10-03 08:00:00+00:00,941.7029309269205
2023-10-03 16:00:00+00:00,941.7029309269205
2023-10-04 00:00:00+00:00,941.7029309269205
2023-10-04 08:00:00+00:00,941.7029309269205
2023-10-04 16:00:00+00:00,941.7029309269205
2023-10-05 00:00:00+00:00,941.7029309269205
2023-10-05 08:00:00+00:00,940.1996939124135
2023-10-05 16:00:00+00:00,941.9556824196013
2023-10-06 00:00:00+00:00,946.1490793540105
2023-10-06 08:00:00+00:00,947.241110847122
2023-10-06 16:00:00+00:00,946.5160003360404
2023-10-07 00:00:00+00:00,947.6167716136692
2023-10-07 08:00:00+00:00,945.1793548549091
2023-10-07 16:00:00+00:00,943.8252381362818
2023-10-08 00:00:00+00:00,942.7594176651837
2023-10-08 08:00:00+00:00,941.1606786269975
2023-10-08 16:00:00+00:00,941.5188681560489
2023-10-09 00:00:00+00:00,939.8502441678795
2023-10-09 08:00:00+00:00,936.731399157547
2023-10-09 16:00:00+00:00,934.5149006397402
2023-10-10 00:00:00+00:00,934.5149006397402
2023-10-10 08:00:00+00:00,934.5149006397402
2023-10-10 16:00:00+00:00,934.5149006397402
2023-10-11 00:00:00+00:00,934.5149006397402
2023-10-11 08:00:00+00:00,934.5149006397402
2023-10-11 16:00:00+00:00,934.5149006397402
2023-10-12 00:00:00+00:00,934.5149006397402
2023-10-12 08:00:00+00:00,934.5149006397402
2023-10-12 16:00:00+00:00,934.5149006397402
2023-10-13 00:00:00+00:00,934.5149006397402
2023-10-13 08:00:00+00:00,934.5149006397402
2023-10-13 16:00:00+00:00,934.5149006397402
2023-10-14 00:00:00+00:00,934.5149006397402
2023-10-14 08:00:00+00:00,934.5149006397402
2023-10-14 16:00:00+00:00,934.5149006397402
2023-10-15 00:00:00+00:00,934.5149006397402
2023-10-15 08:00:00+00:00,934.5149006397402
2023-10-15 16:00:00+00:00,934.5149006397402
2023-10-16 00:00:00+00:00,934.5149006397402
2023-10-16 08:00:00+00:00,934.5149006397402
2023-10-16 16:00:00+00:00,934.5149006397402
2023-10-17 00:00:00+00:00,934.5149006397402
2023-10-17 08:00:00+00:00,934.5149006397402
2023-10-17 16:00:00+00:00,934.5149006397402
2023-10-18 00:00:00+00:00,934.5149006397402
2023-10-18 08:00:00+00:00,934.5149006397402
2023-10-18 16:00:00+00:00,934.5149006397402
2023-10-19 00:00:00+00:00,934.5149006397402
2023-10-19 08:00:00+00:00,934.5149006397402
2023-10-19 16:00:00+00:00,934.5149006397402
2023-10-20 00:00:00+00:00,934.5149006397402
2023-10-20 08:00:00+00:00,935.4007559561333
2023-10-20 16:00:00+00:00,935.5409122352306
2023-10-21 00:00:00+00:00,938.97536365744
2023-10-21 08:00:00+00:00,942.9895596417456
2023-10-21 16:00:00+00:00,943.2430722414766
2023-10-22 00:00:00+00:00,947.0575989260784
2023-10-22 08:00:00+00:00,944.8781952918144
2023-10-22 16:00:00+00:00,959.0186058926434
2023-10-23 00:00:00+00:00,963.1799977757717
2023-10-23 08:00:00+00:00,957.3973345250678
2023-10-23 16:00:00+00:00,985.5532071698509
2023-10-24 00:00:00+00:00,980.324618277509
2023-10-24 08:00:00+00:00,976.4907624279466
2023-10-24 16:00:00+00:00,984.1656112856214
2023-10-25 00:00:00+00:00,987.0873729954943
2023-10-25 08:00:00+00:00,1007.910180613843
2023-10-25 16:00:00+00:00,1004.4772636930221
2023-10-26 00:00:00+00:00,1011.4646280246126
2023-10-26 08:00:00+00:00,986.2150585504002
2023-10-26 16:00:00+00:00,999.942692835629
2023-10-27 00:00:00+00:00,989.7457039645376
2023-10-27 08:00:00+00:00,1000.1359567021351
2023-10-27 16:00:00+00:00,995.3981078455766
2023-10-28 00:00:00+00:00,1002.1686939568095
2023-10-28 08:00:00+00:00,1000.9882860606706
2023-10-28 16:00:00+00:00,996.5910616134657
2023-10-29 00:00:00+00:00,999.1967008680184
2023-10-29 08:00:00+00:00,1003.8805046065069
2023-10-29 16:00:00+00:00,1004.0775089616492
2023-10-30 00:00:00+00:00,999.9994524829704
2023-10-30 08:00:00+00:00,1020.7882880942801
2023-10-30 16:00:00+00:00,1019.1111361780679
2023-10-31 00:00:00+00:00,1022.7503665092474
2023-10-31 08:00:00+00:00,1023.4020706301025
2023-10-31 16:00:00+00:00,1037.3119864432335
2023-11-01 00:00:00+00:00,1032.2653046977746
2023-11-01 08:00:00+00:00,1031.654663845319
2023-11-01 16:00:00+00:00,1053.6882317288332
2023-11-02 00:00:00+00:00,1051.309115203675
2023-11-02 08:00:00+00:00,1032.760742311768
2023-11-02 16:00:00+00:00,1034.5307858023327
2023-11-03 00:00:00+00:00,1029.025543613213
2023-11-03 08:00:00+00:00,1038.2243075778404
2023-11-03 16:00:00+00:00,1041.099492695992
2023-11-04 00:00:00+00:00,1047.5920262059906
2023-11-04 08:00:00+00:00,1046.1731765591805
2023-11-04 16:00:00+00:00,1055.7611020902418
2023-11-05 00:00:00+00:00,1065.7788306987234
2023-11-05 08:00:00+00:00,1060.1299477040834
2023-11-05 16:00:00+00:00,1070.886715935079
2023-11-06 00:00:00+00:00,1073.672518585021
2023-11-06 08:00:00+00:00,1091.3262470986776
2023-11-06 16:00:00+00:00,1100.6339871130608
2023-11-07 00:00:00+00:00,1093.0056188366511
2023-11-07 08:00:00+00:00,1078.2050795235261
2023-11-07 16:00:00+00:00,1093.2073830518232
2023-11-08 00:00:00+00:00,1094.216884332427
2023-11-08 08:00:00+00:00,1098.6615581389703
2023-11-08 16:00:00+00:00,1113.5713578214838
2023-11-09 00:00:00+00:00,1115.8704507515986
2023-11-09 08:00:00+00:00,1137.2821299141501
2023-11-09 16:00:00+00:00,1111.1550929667403
2023-11-10 00:00:00+00:00,1110.5647093064638
2023-11-10 08:00:00+00:00,1125.2666747983224
2023-11-10 16:00:00+00:00,1152.5509466497801
2023-11-11 00:00:00+00:00,1135.8547365651598
2023-11-11 08:00:00+00:00,1169.6208808628198
2023-11-11 16:00:00+00:00,1178.4306432843898
2023-11-12 00:00:00+00:00,1185.8119136637806
2023-11-12 08:00:00+00:00,1180.7079558346227
2023-11-12 16:00:00+00:00,1184.1143994319207
2023-11-13 00:00:00+00:00,1172.3127600912692
2023-11-13 08:00:00+00:00,1173.0002611480043
2023-11-13 16:00:00+00:00,1150.449871553771
2023-11-14 00:00:00+00:00,1162.1307679464214
2023-11-14 08:00:00+00:00,1151.06436706939
2023-11-14 16:00:00+00:00,1129.5550079347363
2023-11-15 00:00:00+00:00,1143.4508066603692
2023-11-15 08:00:00+00:00,1155.3001156028147
2023-11-15 16:00:00+00:00,1157.96979731249
2023-11-16 00:00:00+00:00,1171.497408885123
2023-11-16 08:00:00+00:00,1158.3125436591768
2023-11-16 16:00:00+00:00,1144.7697433134033
2023-11-17 00:00:00+00:00,1153.63068115262
2023-11-17 08:00:00+00:00,1128.149271756678
2023-11-17 16:00:00+00:00,1149.079136879428
2023-11-18 00:00:00+00:00,1136.144416686239
2023-11-18 08:00:00+00:00,1146.5763681490719
2023-11-18 16:00:00+00:00,1147.0622811854635
2023-11-19 00:00:00+00:00,1153.284443122003
2023-11-19 08:00:00+00:00,1151.3786808758198
2023-11-19 16:00:00+00:00,1169.0981186642937
2023-11-20 00:00:00+00:00,1170.8739476435333
2023-11-20 08:00:00+00:00,1167.9448277888953
2023-11-20 16:00:00+00:00,1152.7821066858587
2023-11-21 00:00:00+00:00,1144.9675400198635
2023-11-21 08:00:00+00:00,1151.1852175766824
2023-11-21 16:00:00+00:00,1123.7630719361944
2023-11-22 00:00:00+00:00,1138.375846166033
2023-11-22 08:00:00+00:00,1137.6187724140086
2023-11-22 16:00:00+00:00,1142.3553457183575
2023-11-23 00:00:00+00:00,1146.8507141066923
2023-11-23 08:00:00+00:00,1139.4401877692203
2023-11-23 16:00:00+00:00,1142.855729070528
2023-11-24 00:00:00+00:00,1143.2060477447442
2023-11-24 08:00:00+00:00,1151.3098954544541
2023-11-24 16:00:00+00:00,1145.6501977534283
2023-11-25 00:00:00+00:00,1148.7809407638024
2023-11-25 08:00:00+00:00,1146.9837539169214
2023-11-25 16:00:00+00:00,1150.233442825677
2023-11-26 00:00:00+00:00,1151.653479554062
2023-11-26 08:00:00+00:00,1141.814819822824
2023-11-26 16:00:00+00:00,1144.531961578478
2023-11-27 00:00:00+00:00,1144.531961578478
2023-11-27 08:00:00+00:00,1144.531961578478
2023-11-27 16:00:00+00:00,1144.531961578478
2023-11-28 00:00:00+00:00,1144.531961578478
2023-11-28 08:00:00+00:00,1144.531961578478
2023-11-28 16:00:00+00:00,1144.531961578478
2023-11-29 00:00:00+00:00,1144.531961578478
2023-11-29 08:00:00+00:00,1144.531961578478
2023-11-29 16:00:00+00:00,1144.531961578478
2023-11-30 00:00:00+00:00,1144.531961578478
2023-11-30 08:00:00+00:00,1144.531961578478
2023-11-30 16:00:00+00:00,1144.531961578478
2023-12-01 00:00:00+00:00,1144.531961578478
2023-12-01 08:00:00+00:00,1144.531961578478
2023-12-01 16:00:00+00:00,1144.531961578478
2023-12-02 00:00:00+00:00,1144.531961578478
2023-12-02 08:00:00+00:00,1144.531961578478
2023-12-02 16:00:00+00:00,1144.531961578478
2023-12-03 00:00:00+00:00,1144.531961578478
2023-12-03 08:00:00+00:00,1144.531961578478
2023-12-03 16:00:00+00:00,1144.531961578478
2023-12-04 00:00:00+00:00,1144.531961578478
2023-12-04 08:00:00+00:00,1144.531961578478
2023-12-04 16:00:00+00:00,1144.531961578478
2023-12-05 00:00:00+00:00,1144.531961578478
2023-12-05 08:00:00+00:00,1144.531961578478
2023-12-05 16:00:00+00:00,1144.531961578478
2023-12-06 00:00:00+00:00,1144.531961578478
2023-12-06 08:00:00+00:00,1144.531961578478
2023-12-06 16:00:00+00:00,1144.531961578478
2023-12-07 00:00:00+00:00,1144.531961578478
2023-12-07 08:00:00+00:00,1144.531961578478
2023-12-07 16:00:00+00:00,1143.7181435635375
2023-12-08 00:00:00+00:00,1144.875351291387
2023-12-08 08:00:00+00:00,1155.3726254591434
2023-12-08 16:00:00+00:00,1161.7129652795834
2023-12-09 00:00:00+00:00,1171.357783871867
2023-12-09 08:00:00+00:00,1163.9811676271563
2023-12-09 16:00:00+00:00,1151.7926295337813
2023-12-10 00:00:00+00:00,1154.1592722917103
2023-12-10 08:00:00+00:00,1153.0086519996553
2023-12-10 16:00:00+00:00,1157.6341424332697
2023-12-11 00:00:00+00:00,1111.6868015674147
2023-12-11 08:00:00+00:00,1109.4014627784725
2023-12-11 16:00:00+00:00,1113.2907511897274
2023-12-12 00:00:00+00:00,1122.4082261374049
2023-12-12 08:00:00+00:00,1123.3757675090715
2023-12-12 16:00:00+00:00,1123.762693265666
2023-12-13 00:00:00+00:00,1113.7285460410312
2023-12-13 08:00:00+00:00,1119.4442049620322
2023-12-13 16:00:00+00:00,1121.4023919220579
2023-12-14 00:00:00+00:00,1119.6014069294163
2023-12-14 08:00:00+00:00,1117.4314604119377
2023-12-14 16:00:00+00:00,1120.427169304573
2023-12-15 00:00:00+00:00,1118.388030344363
2023-12-15 08:00:00+00:00,1120.997485006591
2023-12-15 16:00:00+00:00,1119.3210259052587
2023-12-16 00:00:00+00:00,1122.9791666545123
2023-12-16 08:00:00+00:00,1128.3278405932235
2023-12-16 16:00:00+00:00,1122.5239474262034
2023-12-17 00:00:00+00:00,1120.5395505711092
2023-12-17 08:00:00+00:00,1122.1100488483494
2023-12-17 16:00:00+00:00,1119.0979628386476
2023-12-18 00:00:00+00:00,1114.532905870007
2023-12-18 08:00:00+00:00,1114.2358519484742
2023-12-18 16:00:00+00:00,1118.514312022543
2023-12-19 00:00:00+00:00,1118.6366909651776
2023-12-19 08:00:00+00:00,1116.3909134776582
2023-12-19 16:00:00+00:00,1118.2870396687663
2023-12-20 00:00:00+00:00,1122.4713030224043
2023-12-20 08:00:00+00:00,1125.4220373585122
2023-12-20 16:00:00+00:00,1122.407113740329
2023-12-21 00:00:00+00:00,1129.106300011746
2023-12-21 08:00:00+00:00,1137.3142899879076
2023-12-21 16:00:00+00:00,1146.998185040365
2023-12-22 00:00:00+00:00,1140.7446313364962
2023-12-22 08:00:00+00:00,1147.3959845487414
2023-12-22 16:00:00+00:00,1152.324917653999
2023-12-23 00:00:00+00:00,1151.2312181443892
2023-12-23 08:00:00+00:00,1152.6122814355833
2023-12-23 16:00:00+00:00,1177.2849452347334
2023-12-24 00:00:00+00:00,1179.5334752915855
2023-12-24 08:00:00+00:00,1178.2873268729309
2023-12-24 16:00:00+00:00,1175.1159198282544
2023-12-25 00:00:00+00:00,1178.2348394530331
2023-12-25 08:00:00+00:00,1200.0345694717946
2023-12-25 16:00:00+00:00,1206.1269547994539
2023-12-26 00:00:00+00:00,1197.9550809138689
2023-12-26 08:00:00+00:00,1190.6504370923742
2023-12-26 16:00:00+00:00,1203.3230670545543
2023-12-27 00:00:00+00:00,1188.7060808502797
2023-12-27 08:00:00+00:00,1188.8845723995396
2023-12-27 16:00:00+00:00,1184.1585113367548
2023-12-28 00:00:00+00:00,1181.4216749974526
2023-12-28 08:00:00+00:00,1166.5918766608343
2023-12-28 16:00:00+00:00,1164.1294353047945
2023-12-29 00:00:00+00:00,1167.8478108259994
2023-12-29 08:00:00+00:00,1169.0201089919904
2023-12-29 16:00:00+00:00,1166.2902666387704
2023-12-30 00:00:00+00:00,1160.88640893806
2023-12-30 08:00:00+00:00,1162.3798070700536
2023-12-30 16:00:00+00:00,1159.2015546438438
2023-12-31 00:00:00+00:00,1164.7109235223584
2023-12-31 08:00:00+00:00,1161.5480562046132
2023-12-31 16:00:00+00:00,1154.0282798335256
2024-01-01 00:00:00+00:00,1153.8279647161417
2024-01-01 08:00:00+00:00,1161.3237468917143
2024-01-01 16:00:00+00:00,1168.8548326137818
2024-01-02 00:00:00+00:00,1176.8415041331275
2024-01-02 08:00:00+00:00,1170.991989281485
2024-01-02 16:00:00+00:00,1171.7697837310322
2024-01-03 00:00:00+00:00,1169.6742468561179
2024-01-03 08:00:00+00:00,1137.3117545970572
2024-01-03 16:00:00+00:00,1137.3117545970572
2024-01-04 00:00:00+00:00,1137.3117545970572
2024-01-04 08:00:00+00:00,1137.3117545970572
2024-01-04 16:00:00+00:00,1137.3117545970572
2024-01-05 00:00:00+00:00,1137.3117545970572
2024-01-05 08:00:00+00:00,1137.3117545970572
2024-01-05 16:00:00+00:00,1137.3117545970572
2024-01-06 00:00:00+00:00,1137.3117545970572
2024-01-06 08:00:00+00:00,1137.3117545970572
2024-01-06 16:00:00+00:00,1137.3117545970572
2024-01-07 00:00:00+00:00,1137.3117545970572
2024-01-07 08:00:00+00:00,1137.3117545970572
2024-01-07 16:00:00+00:00,1137.3117545970572
2024-01-08 00:00:00+00:00,1137.3117545970572
2024-01-08 08:00:00+00:00,1137.3117545970572
2024-01-08 16:00:00+00:00,1137.3117545970572
2024-01-09 00:00:00+00:00,1137.3117545970572
2024-01-09 08:00:00+00:00,1137.3117545970572
2024-01-09 16:00:00+00:00,1137.3117545970572
2024-01-10 00:00:00+00:00,1137.3117545970572
2024-01-10 08:00:00+00:00,1137.3117545970572
2024-01-10 16:00:00+00:00,1137.3117545970572
2024-01-11 00:00:00+00:00,1142.8790328570235
2024-01-11 08:00:00+00:00,1143.9012717376552
2024-01-11 16:00:00+00:00,1148.8171373768607
2024-01-12 00:00:00+00:00,1149.1217607923766
2024-01-12 08:00:00+00:00,1153.0274377358128
2024-01-12 16:00:00+00:00,1148.1054879123465
2024-01-13 00:00:00+00:00,1152.9811833131662
2024-01-13 08:00:00+00:00,1154.149255413817
2024-01-13 16:00:00+00:00,1155.3422290559254
2024-01-14 00:00:00+00:00,1154.6010640216732
2024-01-14 08:00:00+00:00,1152.6590439683976
2024-01-14 16:00:00+00:00,1149.556211945914
2024-01-15 00:00:00+00:00,1158.5867299819815
2024-01-15 08:00:00+00:00,1156.3589087306268
2024-01-15 16:00:00+00:00,1156.094779928001
2024-01-16 00:00:00+00:00,1154.1870363275093
2024-01-16 08:00:00+00:00,1153.860254590602
2024-01-16 16:00:00+00:00,1154.931858630919
2024-01-17 00:00:00+00:00,1151.4698161557756
2024-01-17 08:00:00+00:00,1152.8809411437048
2024-01-17 16:00:00+00:00,1153.613586194319
2024-01-18 00:00:00+00:00,1152.2015330002541
2024-01-18 08:00:00+00:00,1146.0770425173455
2024-01-18 16:00:00+00:00,1139.4024614487798
2024-01-19 00:00:00+00:00,1139.185406508068
2024-01-19 08:00:00+00:00,1140.6869266659328
2024-01-19 16:00:00+00:00,1146.7771912855665
2024-01-20 00:00:00+00:00,1145.2717888461873
2024-01-20 08:00:00+00:00,1139.980845930585
2024-01-20 16:00:00+00:00,1141.8975213114857
2024-01-21 00:00:00+00:00,1141.715665543209
2024-01-21 08:00:00+00:00,1139.6823779154727
2024-01-21 16:00:00+00:00,1137.9802362313162
2024-01-22 00:00:00+00:00,1136.788796466697
2024-01-22 08:00:00+00:00,1132.61407151673
2024-01-22 16:00:00+00:00,1127.91881438803
2024-01-23 00:00:00+00:00,1128.1778764042049
2024-01-23 08:00:00+00:00,1122.5920479000533
2024-01-23 16:00:00+00:00,1122.5920479000533
2024-01-24 00:00:00+00:00,1122.5920479000533
2024-01-24 08:00:00+00:00,1122.5920479000533
2024-01-24 16:00:00+00:00,1122.5920479000533
2024-01-25 00:00:00+00:00,1122.5920479000533
2024-01-25 08:00:00+00:00,1122.5920479000533
2024-01-25 16:00:00+00:00,1122.5920479000533
2024-01-26 00:00:00+00:00,1122.5920479000533
2024-01-26 08:00:00+00:00,1122.5920479000533
2024-01-26 16:00:00+00:00,1122.5920479000533
2024-01-27 00:00:00+00:00,1122.5920479000533
2024-01-27 08:00:00+00:00,1122.5920479000533
2024-01-27 16:00:00+00:00,1122.5920479000533
2024-01-28 00:00:00+00:00,1122.5920479000533
2024-01-28 08:00:00+00:00,1122.5920479000533
2024-01-28 16:00:00+00:00,1122.5920479000533
2024-01-29 00:00:00+00:00,1122.5920479000533
2024-01-29 08:00:00+00:00,1122.5920479000533
2024-01-29 16:00:00+00:00,1122.5920479000533
2024-01-30 00:00:00+00:00,1122.5920479000533
2024-01-30 08:00:00+00:00,1122.5920479000533
2024-01-30 16:00:00+00:00,1119.0692374548362
2024-01-31 00:00:00+00:00,1121.8453756126194
2024-01-31 08:00:00+00:00,1121.052713512648
2024-01-31 16:00:00+00:00,1114.8248302795241
2024-02-01 00:00:00+00:00,1111.9996361400574
2024-02-01 08:00:00+00:00,1112.3878775829683
2024-02-01 16:00:00+00:00,1115.6808780937417
2024-02-02 00:00:00+00:00,1117.7353919679906
2024-02-02 08:00:00+00:00,1116.7171589192978
2024-02-02 16:00:00+00:00,1115.9101396538774
2024-02-03 00:00:00+00:00,1112.7831395063183
2024-02-03 08:00:00+00:00,1112.694217098038
2024-02-03 16:00:00+00:00,1109.1170938699968
2024-02-04 00:00:00+00:00,1107.223057115907
2024-02-04 08:00:00+00:00,1110.598723586195
2024-02-04 16:00:00+00:00,1105.3826335895467
2024-02-05 00:00:00+00:00,1109.4793162770093
2024-02-05 08:00:00+00:00,1107.9568585860843
2024-02-05 16:00:00+00:00,1107.0502148708363
2024-02-06 00:00:00+00:00,1106.4854724592797
2024-02-06 08:00:00+00:00,1106.283421080157
2024-02-06 16:00:00+00:00,1106.1980630717203
2024-02-07 00:00:00+00:00,1105.1344965434732
2024-02-07 08:00:00+00:00,1105.2952565382307
2024-02-07 16:00:00+00:00,1110.2006848049568
2024-02-08 00:00:00+00:00,1109.9729447815885
2024-02-08 08:00:00+00:00,1113.292810141674
2024-02-08 16:00:00+00:00,1111.012137104425
2024-02-09 00:00:00+00:00,1114.0755539803683
2024-02-09 08:00:00+00:00,1117.49772641856
2024-02-09 16:00:00+00:00,1121.52732797787
2024-02-10 00:00:00+00:00,1122.8410526283062
2024-02-10 08:00:00+00:00,1122.2448562072989
2024-02-10 16:00:00+00:00,1124.7617010221738
2024-02-11 00:00:00+00:00,1127.2621678417613
2024-02-11 08:00:00+00:00,1122.5130721291914
2024-02-11 16:00:00+00:00,1119.1177086339637
2024-02-12 00:00:00+00:00,1117.0575068389749
2024-02-12 08:00:00+00:00,1127.626630109019
2024-02-12 16:00:00+00:00,1138.6776385671963
2024-02-13 00:00:00+00:00,1139.4442023127508
2024-02-13 08:00:00+00:00,1130.5700072004552
2024-02-13 16:00:00+00:00,1135.6744509790228
2024-02-14 00:00:00+00:00,1138.6874108074126
2024-02-14 08:00:00+00:00,1153.4637447619389
2024-02-14 16:00:00+00:00,1156.8821171600976
2024-02-15 00:00:00+00:00,1154.4007726402526
2024-02-15 08:00:00+00:00,1154.0651256472374
2024-02-15 16:00:00+00:00,1153.2558743848558
2024-02-16 00:00:00+00:00,1147.5082204731343
2024-02-16 08:00:00+00:00,1139.6751185383355
2024-02-16 16:00:00+00:00,1143.1570220347596
2024-02-17 00:00:00+00:00,1141.6352930405283
2024-02-17 08:00:00+00:00,1132.7914807521186
2024-02-17 16:00:00+00:00,1140.3902888904481
2024-02-18 00:00:00+00:00,1141.5644050502744
2024-02-18 08:00:00+00:00,1145.7251895960492
2024-02-18 16:00:00+00:00,1151.9001150566098
2024-02-19 00:00:00+00:00,1157.0667001254567
2024-02-19 08:00:00+00:00,1150.9522753267513
2024-02-19 16:00:00+00:00,1151.7626968864538
2024-02-20 00:00:00+00:00,1146.0725582685868
2024-02-20 08:00:00+00:00,1134.0277969576205
2024-02-20 16:00:00+00:00,1144.342239632215
2024-02-21 00:00:00+00:00,1131.901629206131
2024-02-21 08:00:00+00:00,1123.4338314153558
2024-02-21 16:00:00+00:00,1126.8944784192167
2024-02-22 00:00:00+00:00,1128.6340067513604
2024-02-22 08:00:00+00:00,1128.1146520939374
2024-02-22 16:00:00+00:00,1127.1134041107691
2024-02-23 00:00:00+00:00,1124.6618857729616
2024-02-23 08:00:00+00:00,1123.4969410795188
2024-02-23 16:00:00+00:00,1123.9124344356196
2024-02-24 00:00:00+00:00,1126.6348010905053
2024-02-24 08:00:00+00:00,1126.0667980627677
2024-02-24 16:00:00+00:00,1128.560384159927
2024-02-25 00:00:00+00:00,1131.0519960737977
2024-02-25 08:00:00+00:00,1129.655856227627
2024-02-25 16:00:00+00:00,1134.0758159954519
2024-02-26 00:00:00+00:00,1134.3751800005057
2024-02-26 08:00:00+00:00,1142.4123243964464
2024-02-26 16:00:00+00:00,1143.9838307212062
2024-02-27 00:00:00+00:00,1144.9937035583464
2024-02-27 08:00:00+00:00,1151.350780912499
2024-02-27 16:00:00+00:00,1160.6874003353066
2024-02-28 00:00:00+00:00,1167.1917727584753
2024-02-28 08:00:00+00:00,1183.1067640006631
2024-02-28 16:00:00+00:00,1199.3794072575045
2024-02-29 00:00:00+00:00,1225.7479635765067
2024-02-29 08:00:00+00:00,1233.4202586839044
2024-02-29 16:00:00+00:00,1196.4373665585292
2024-03-01 00:00:00+00:00,1200.7965523092907
2024-03-01 08:00:00+00:00,1208.7710882285494
2024-03-01 16:00:00+00:00,1235.4630203959855
2024-03-02 00:00:00+00:00,1247.5625219399492
2024-03-02 08:00:00+00:00,1235.719401316907
2024-03-02 16:00:00+00:00,1246.265659974314
2024-03-03 00:00:00+00:00,1220.1493390355554
2024-03-03 08:00:00+00:00,1239.338636966221
2024-03-03 16:00:00+00:00,1264.635686213326
2024-03-04 00:00:00+00:00,1282.2373131885638
2024-03-04 08:00:00+00:00,1303.956455750493
2024-03-04 16:00:00+00:00,1322.61551504164
2024-03-05 00:00:00+00:00,1322.1770124661857
2024-03-05 08:00:00+00:00,1332.5281628507532
2024-03-05 16:00:00+00:00,1272.0659537524255
2024-03-06 00:00:00+00:00,1266.1531778331423
2024-03-06 08:00:00+00:00,1261.5256566458045
2024-03-06 16:00:00+00:00,1263.673128975607
2024-03-07 00:00:00+00:00,1267.6957886065536
2024-03-07 08:00:00+00:00,1269.8827305768532
2024-03-07 16:00:00+00:00,1269.509277645928
2024-03-08 00:00:00+00:00,1268.2280822473458
2024-03-08 08:00:00+00:00,1266.4614401138351
2024-03-08 16:00:00+00:00,1271.369181722429
2024-03-09 00:00:00+00:00,1280.5156455450358
2024-03-09 08:00:00+00:00,1277.667397603416
2024-03-09 16:00:00+00:00,1275.7280724093428
2024-03-10 00:00:00+00:00,1278.558581641373
2024-03-10 08:00:00+00:00,1269.0139034833596
2024-03-10 16:00:00+00:00,1270.5575229243418
2024-03-11 00:00:00+00:00,1286.456696065582
2024-03-11 08:00:00+00:00,1286.4945559509179
2024-03-11 16:00:00+00:00,1289.79085199947
2024-03-12 00:00:00+00:00,1292.3350674723117
2024-03-12 08:00:00+00:00,1292.639571760589
2024-03-12 16:00:00+00:00,1299.285710814318
2024-03-13 00:00:00+00:00,1303.4838594091439
2024-03-13 08:00:00+00:00,1298.5698628096493
2024-03-13 16:00:00+00:00,1302.924253095637
2024-03-14 00:00:00+00:00,1304.2519438879576
2024-03-14 08:00:00+00:00,1299.2219880672492
2024-03-14 16:00:00+00:00,1317.0982876996543
2024-03-15 00:00:00+00:00,1295.1657359180363
2024-03-15 08:00:00+00:00,1286.8313354954519
2024-03-15 16:00:00+00:00,1304.165967334415
2024-03-16 00:00:00+00:00,1304.165967334415
2024-03-16 08:00:00+00:00,1304.165967334415
2024-03-16 16:00:00+00:00,1304.165967334415
2024-03-17 00:00:00+00:00,1304.165967334415
2024-03-17 08:00:00+00:00,1304.165967334415
2024-03-17 16:00:00+00:00,1304.165967334415
2024-03-18 00:00:00+00:00,1304.165967334415
2024-03-18 08:00:00+00:00,1304.165967334415
2024-03-18 16:00:00+00:00,1304.165967334415
2024-03-19 00:00:00+00:00,1304.165967334415
2024-03-19 08:00:00+00:00,1304.165967334415
2024-03-19 16:00:00+00:00,1304.165967334415
2024-03-20 00:00:00+00:00,1304.165967334415
2024-03-20 08:00:00+00:00,1304.165967334415
2024-03-20 16:00:00+00:00,1304.165967334415
2024-03-21 00:00:00+00:00,1304.165967334415
2024-03-21 08:00:00+00:00,1304.165967334415
2024-03-21 16:00:00+00:00,1304.165967334415
2024-03-22 00:00:00+00:00,1304.165967334415
2024-03-22 08:00:00+00:00,1304.165967334415
2024-03-22 16:00:00+00:00,1304.165967334415
2024-03-23 00:00:00+00:00,1304.165967334415
2024-03-23 08:00:00+00:00,1304.165967334415
2024-03-23 16:00:00+00:00,1304.165967334415
2024-03-24 00:00:00+00:00,1304.165967334415
2024-03-24 08:00:00+00:00,1304.165967334415
2024-03-24 16:00:00+00:00,1304.165967334415
2024-03-25 00:00:00+00:00,1304.165967334415
2024-03-25 08:00:00+00:00,1304.165967334415
2024-03-25 16:00:00+00:00,1304.165967334415
2024-03-26 00:00:00+00:00,1304.165967334415
2024-03-26 08:00:00+00:00,1304.165967334415
2024-03-26 16:00:00+00:00,1304.165967334415
2024-03-27 00:00:00+00:00,1304.165967334415
2024-03-27 08:00:00+00:00,1304.165967334415
2024-03-27 16:00:00+00:00,1304.165967334415
2024-03-28 00:00:00+00:00,1304.165967334415
2024-03-28 08:00:00+00:00,1304.165967334415
2024-03-28 16:00:00+00:00,1304.165967334415
2024-03-29 00:00:00+00:00,1304.165967334415
2024-03-29 08:00:00+00:00,1304.165967334415
2024-03-29 16:00:00+00:00,1304.165967334415
2024-03-30 00:00:00+00:00,1304.165967334415
2024-03-30 08:00:00+00:00,1304.165967334415
2024-03-30 16:00:00+00:00,1304.165967334415
2024-03-31 00:00:00+00:00,1304.165967334415
2024-03-31 08:00:00+00:00,1304.165967334415
2024-03-31 16:00:00+00:00,1304.165967334415
2024-04-01 00:00:00+00:00,1304.165967334415
2024-04-01 08:00:00+00:00,1304.165967334415
2024-04-01 16:00:00+00:00,1304.165967334415
2024-04-02 00:00:00+00:00,1304.165967334415
2024-04-02 08:00:00+00:00,1304.165967334415
2024-04-02 16:00:00+00:00,1304.165967334415
2024-04-03 00:00:00+00:00,1304.165967334415
2024-04-03 08:00:00+00:00,1304.165967334415
2024-04-03 16:00:00+00:00,1304.165967334415
2024-04-04 00:00:00+00:00,1304.165967334415
2024-04-04 08:00:00+00:00,1304.165967334415
2024-04-04 16:00:00+00:00,1304.165967334415
2024-04-05 00:00:00+00:00,1304.165967334415
2024-04-05 08:00:00+00:00,1304.165967334415
2024-04-05 16:00:00+00:00,1304.165967334415
2024-04-06 00:00:00+00:00,1304.165967334415
2024-04-06 08:00:00+00:00,1304.165967334415
2024-04-06 16:00:00+00:00,1304.165967334415
2024-04-07 00:00:00+00:00,1304.165967334415
2024-04-07 08:00:00+00:00,1304.165967334415
2024-04-07 16:00:00+00:00,1304.165967334415
2024-04-08 00:00:00+00:00,1304.165967334415
2024-04-08 08:00:00+00:00,1304.165967334415
2024-04-08 16:00:00+00:00,1304.165967334415
2024-04-09 00:00:00+00:00,1304.165967334415
2024-04-09 08:00:00+00:00,1304.165967334415
2024-04-09 16:00:00+00:00,1304.165967334415
2024-04-10 00:00:00+00:00,1304.165967334415
2024-04-10 08:00:00+00:00,1304.165967334415
2024-04-10 16:00:00+00:00,1304.165967334415
2024-04-11 00:00:00+00:00,1304.165967334415
2024-04-11 08:00:00+00:00,1304.165967334415
2024-04-11 16:00:00+00:00,1304.165967334415
2024-04-12 00:00:00+00:00,1304.165967334415
2024-04-12 08:00:00+00:00,1304.165967334415
2024-04-12 16:00:00+00:00,1304.165967334415
2024-04-13 00:00:00+00:00,1304.165967334415
2024-04-13 08:00:00+00:00,1304.165967334415
2024-04-13 16:00:00+00:00,1304.165967334415
2024-04-14 00:00:00+00:00,1304.165967334415
2024-04-14 08:00:00+00:00,1304.165967334415
2024-04-14 16:00:00+00:00,1304.165967334415
2024-04-15 00:00:00+00:00,1304.165967334415
2024-04-15 08:00:00+00:00,1304.165967334415
2024-04-15 16:00:00+00:00,1304.165967334415
2024-04-16 00:00:00+00:00,1304.165967334415
2024-04-16 08:00:00+00:00,1304.165967334415
2024-04-16 16:00:00+00:00,1304.165967334415
2024-04-17 00:00:00+00:00,1304.165967334415
2024-04-17 08:00:00+00:00,1304.165967334415
2024-04-17 16:00:00+00:00,1304.165967334415
2024-04-18 00:00:00+00:00,1304.165967334415
2024-04-18 08:00:00+00:00,1304.165967334415
2024-04-18 16:00:00+00:00,1304.165967334415
2024-04-19 00:00:00+00:00,1304.165967334415
2024-04-19 08:00:00+00:00,1304.165967334415
2024-04-19 16:00:00+00:00,1304.165967334415
2024-04-20 00:00:00+00:00,1304.165967334415
2024-04-20 08:00:00+00:00,1304.165967334415
2024-04-20 16:00:00+00:00,1304.165967334415
2024-04-21 00:00:00+00:00,1304.165967334415
2024-04-21 08:00:00+00:00,1304.165967334415
2024-04-21 16:00:00+00:00,1304.165967334415
2024-04-22 00:00:00+00:00,1304.165967334415
2024-04-22 08:00:00+00:00,1304.165967334415
2024-04-22 16:00:00+00:00,1304.165967334415
2024-04-23 00:00:00+00:00,1304.165967334415
2024-04-23 08:00:00+00:00,1304.165967334415
2024-04-23 16:00:00+00:00,1304.165967334415
2024-04-24 00:00:00+00:00,1304.165967334415
2024-04-24 08:00:00+00:00,1304.165967334415
2024-04-24 16:00:00+00:00,1304.165967334415
2024-04-25 00:00:00+00:00,1304.165967334415
2024-04-25 08:00:00+00:00,1304.165967334415
2024-04-25 16:00:00+00:00,1304.165967334415
2024-04-26 00:00:00+00:00,1304.165967334415
2024-04-26 08:00:00+00:00,1304.165967334415
2024-04-26 16:00:00+00:00,1304.165967334415
2024-04-27 00:00:00+00:00,1304.165967334415
2024-04-27 08:00:00+00:00,1304.165967334415
2024-04-27 16:00:00+00:00,1304.165967334415
2024-04-28 00:00:00+00:00,1304.165967334415
2024-04-28 08:00:00+00:00,1304.165967334415
2024-04-28 16:00:00+00:00,1304.165967334415
2024-04-29 00:00:00+00:00,1304.165967334415
2024-04-29 08:00:00+00:00,1304.165967334415
2024-04-29 16:00:00+00:00,1304.165967334415
2024-04-30 00:00:00+00:00,1304.165967334415
2024-04-30 08:00:00+00:00,1304.165967334415
2024-04-30 16:00:00+00:00,1304.165967334415
2024-05-01 00:00:00+00:00,1304.165967334415
2024-05-01 08:00:00+00:00,1304.165967334415
2024-05-01 16:00:00+00:00,1304.165967334415
2024-05-02 00:00:00+00:00,1304.165967334415
2024-05-02 08:00:00+00:00,1304.165967334415
2024-05-02 16:00:00+00:00,1304.165967334415
2024-05-03 00:00:00+00:00,1304.165967334415
2024-05-03 08:00:00+00:00,1304.165967334415
2024-05-03 16:00:00+00:00,1304.165967334415
2024-05-04 00:00:00+00:00,1304.165967334415
2024-05-04 08:00:00+00:00,1304.165967334415
2024-05-04 16:00:00+00:00,1304.165967334415
2024-05-05 00:00:00+00:00,1304.165967334415
2024-05-05 08:00:00+00:00,1304.165967334415
2024-05-05 16:00:00+00:00,1304.165967334415
2024-05-06 00:00:00+00:00,1304.165967334415
2024-05-06 08:00:00+00:00,1304.165967334415
2024-05-06 16:00:00+00:00,1304.165967334415
2024-05-07 00:00:00+00:00,1304.165967334415
2024-05-07 08:00:00+00:00,1304.165967334415
2024-05-07 16:00:00+00:00,1304.165967334415
2024-05-08 00:00:00+00:00,1304.165967334415
2024-05-08 08:00:00+00:00,1304.165967334415
2024-05-08 16:00:00+00:00,1304.165967334415
2024-05-09 00:00:00+00:00,1304.165967334415
2024-05-09 08:00:00+00:00,1304.165967334415
2024-05-09 16:00:00+00:00,1304.165967334415
2024-05-10 00:00:00+00:00,1304.165967334415
2024-05-10 08:00:00+00:00,1304.165967334415
2024-05-10 16:00:00+00:00,1304.165967334415
2024-05-11 00:00:00+00:00,1304.165967334415
2024-05-11 08:00:00+00:00,1304.165967334415
2024-05-11 16:00:00+00:00,1304.165967334415
2024-05-12 00:00:00+00:00,1304.165967334415
2024-05-12 08:00:00+00:00,1304.165967334415
2024-05-12 16:00:00+00:00,1304.165967334415
2024-05-13 00:00:00+00:00,1304.165967334415
2024-05-13 08:00:00+00:00,1304.165967334415
2024-05-13 16:00:00+00:00,1304.165967334415
2024-05-14 00:00:00+00:00,1304.165967334415
2024-05-14 08:00:00+00:00,1304.165967334415
2024-05-14 16:00:00+00:00,1304.165967334415
2024-05-15 00:00:00+00:00,1304.165967334415
2024-05-15 08:00:00+00:00,1304.165967334415
2024-05-15 16:00:00+00:00,1304.165967334415
2024-05-16 00:00:00+00:00,1304.165967334415
2024-05-16 08:00:00+00:00,1304.165967334415
2024-05-16 16:00:00+00:00,1304.165967334415
2024-05-17 00:00:00+00:00,1304.165967334415
2024-05-17 08:00:00+00:00,1304.165967334415
2024-05-17 16:00:00+00:00,1304.165967334415
2024-05-18 00:00:00+00:00,1304.165967334415
2024-05-18 08:00:00+00:00,1304.165967334415
2024-05-18 16:00:00+00:00,1304.165967334415
2024-05-19 00:00:00+00:00,1304.165967334415
2024-05-19 08:00:00+00:00,1304.165967334415
2024-05-19 16:00:00+00:00,1304.165967334415
2024-05-20 00:00:00+00:00,1304.165967334415
2024-05-20 08:00:00+00:00,1304.165967334415
2024-05-20 16:00:00+00:00,1304.165967334415
2024-05-21 00:00:00+00:00,1304.165967334415
2024-05-21 08:00:00+00:00,1304.165967334415
2024-05-21 16:00:00+00:00,1304.165967334415
2024-05-22 00:00:00+00:00,1303.1490923718147
2024-05-22 08:00:00+00:00,1303.5615329775264
2024-05-22 16:00:00+00:00,1302.8357037241035
2024-05-23 00:00:00+00:00,1305.2000209457015
2024-05-23 08:00:00+00:00,1305.1981444126502
2024-05-23 16:00:00+00:00,1304.2467345275759
2024-05-24 00:00:00+00:00,1300.9797515111325
2024-05-24 08:00:00+00:00,1301.4534235428644
2024-05-24 16:00:00+00:00,1302.5195079049984
2024-05-25 00:00:00+00:00,1303.1059778807391
2024-05-25 08:00:00+00:00,1303.0297418184937
2024-05-25 16:00:00+00:00,1303.2259615732603
2024-05-26 00:00:00+00:00,1304.3107883813557
2024-05-26 08:00:00+00:00,1305.7899236038525
2024-05-26 16:00:00+00:00,1305.5930783380686
2024-05-27 00:00:00+00:00,1308.318277275573
2024-05-27 08:00:00+00:00,1309.91551965754
2024-05-27 16:00:00+00:00,1307.723057773777
2024-05-28 00:00:00+00:00,1306.339566039185
2024-05-28 08:00:00+00:00,1307.406828746544
2024-05-28 16:00:00+00:00,1308.800992556065
2024-05-29 00:00:00+00:00,1306.7892317521605
2024-05-29 08:00:00+00:00,1308.018181992647
2024-05-29 16:00:00+00:00,1305.9757118201512
2024-05-30 00:00:00+00:00,1303.8757282980193
2024-05-30 08:00:00+00:00,1305.3734579951522
2024-05-30 16:00:00+00:00,1302.6446821715049
2024-05-31 00:00:00+00:00,1301.7092827484562
2024-05-31 08:00:00+00:00,1300.5729467631488
2024-05-31 16:00:00+00:00,1305.5821701070079
2024-06-01 00:00:00+00:00,1306.4325536215135
2024-06-01 08:00:00+00:00,1307.686185063367
2024-06-01 16:00:00+00:00,1307.3685061127123
2024-06-02 00:00:00+00:00,1306.5314283109476
2024-06-02 08:00:00+00:00,1306.4310896483728
2024-06-02 16:00:00+00:00,1304.760395042946
2024-06-03 00:00:00+00:00,1305.8209798343344
2024-06-03 08:00:00+00:00,1304.1338555495158
2024-06-03 16:00:00+00:00,1301.5403652127568
2024-06-04 00:00:00+00:00,1302.0117692074286
2024-06-04 08:00:00+00:00,1303.7470771474773
2024-06-04 16:00:00+00:00,1303.4121695436538
2024-06-05 00:00:00+00:00,1304.6741462892285
2024-06-05 08:00:00+00:00,1306.4365225402246
2024-06-05 16:00:00+00:00,1306.7489870939357
2024-06-06 00:00:00+00:00,1304.6951344999454
2024-06-06 08:00:00+00:00,1305.1020869853614
2024-06-06 16:00:00+00:00,1301.6046518440103
2024-06-07 00:00:00+00:00,1303.9509244334674
2024-06-07 08:00:00+00:00,1303.9356227813037
2024-06-07 16:00:00+00:00,1287.54806214407
2024-06-08 00:00:00+00:00,1289.1283624602304
2024-06-08 08:00:00+00:00,1288.0189988808013
2024-06-08 16:00:00+00:00,1287.5127948671307
2024-06-09 00:00:00+00:00,1287.61374459079
2024-06-09 08:00:00+00:00,1288.3563439426832
2024-06-09 16:00:00+00:00,1289.2275352057197
2024-06-10 00:00:00+00:00,1286.499770187185
2024-06-10 08:00:00+00:00,1290.2449283555156
2024-06-10 16:00:00+00:00,1287.7608610012553
2024-06-11 00:00:00+00:00,1277.93168183315
2024-06-11 08:00:00+00:00,1274.2318157682903
2024-06-11 16:00:00+00:00,1274.2318157682903
2024-06-12 00:00:00+00:00,1274.2318157682903
2024-06-12 08:00:00+00:00,1274.2318157682903
2024-06-12 16:00:00+00:00,1274.2318157682903
2024-06-13 00:00:00+00:00,1274.2318157682903
2024-06-13 08:00:00+00:00,1274.2318157682903
2024-06-13 16:00:00+00:00,1274.2318157682903
2024-06-14 00:00:00+00:00,1274.2318157682903
2024-06-14 08:00:00+00:00,1274.2318157682903
2024-06-14 16:00:00+00:00,1274.2318157682903
2024-06-15 00:00:00+00:00,1274.2318157682903
2024-06-15 08:00:00+00:00,1274.2318157682903
2024-06-15 16:00:00+00:00,1274.2318157682903
2024-06-16 00:00:00+00:00,1274.2318157682903
2024-06-16 08:00:00+00:00,1274.2318157682903
2024-06-16 16:00:00+00:00,1274.2318157682903
2024-06-17 00:00:00+00:00,1274.2318157682903
2024-06-17 08:00:00+00:00,1274.2318157682903
2024-06-17 16:00:00+00:00,1274.2318157682903
2024-06-18 00:00:00+00:00,1274.2318157682903
2024-06-18 08:00:00+00:00,1274.2318157682903
2024-06-18 16:00:00+00:00,1274.2318157682903
2024-06-19 00:00:00+00:00,1274.2318157682903
2024-06-19 08:00:00+00:00,1274.2318157682903
2024-06-19 16:00:00+00:00,1274.2318157682903
2024-06-20 00:00:00+00:00,1274.2318157682903
2024-06-20 08:00:00+00:00,1274.2318157682903
2024-06-20 16:00:00+00:00,1274.2318157682903
2024-06-21 00:00:00+00:00,1274.2318157682903
2024-06-21 08:00:00+00:00,1274.2318157682903
2024-06-21 16:00:00+00:00,1274.2318157682903
2024-06-22 00:00:00+00:00,1274.2318157682903
2024-06-22 08:00:00+00:00,1274.2318157682903
2024-06-22 16:00:00+00:00,1274.2318157682903
2024-06-23 00:00:00+00:00,1274.2318157682903
2024-06-23 08:00:00+00:00,1274.2318157682903
2024-06-23 16:00:00+00:00,1274.2318157682903
2024-06-24 00:00:00+00:00,1274.2318157682903
2024-06-24 08:00:00+00:00,1274.2318157682903
2024-06-24 16:00:00+00:00,1274.2318157682903
2024-06-25 00:00:00+00:00,1274.2318157682903
2024-06-25 08:00:00+00:00,1274.2318157682903
2024-06-25 16:00:00+00:00,1274.2318157682903
2024-06-26 00:00:00+00:00,1274.2318157682903
2024-06-26 08:00:00+00:00,1274.2318157682903
2024-06-26 16:00:00+00:00,1274.2318157682903
2024-06-27 00:00:00+00:00,1274.2318157682903
2024-06-27 08:00:00+00:00,1274.2318157682903
2024-06-27 16:00:00+00:00,1274.2318157682903
2024-06-28 00:00:00+00:00,1274.2318157682903
2024-06-28 08:00:00+00:00,1274.2318157682903
2024-06-28 16:00:00+00:00,1274.2318157682903
2024-06-29 00:00:00+00:00,1274.2318157682903
2024-06-29 08:00:00+00:00,1274.2318157682903
2024-06-29 16:00:00+00:00,1274.2318157682903
2024-06-30 00:00:00+00:00,1274.2318157682903
2024-06-30 08:00:00+00:00,1274.2318157682903
2024-06-30 16:00:00+00:00,1274.2318157682903
2024-07-01 00:00:00+00:00,1274.2318157682903
2024-07-01 08:00:00+00:00,1274.2318157682903
2024-07-01 16:00:00+00:00,1274.2318157682903
2024-07-02 00:00:00+00:00,1274.2318157682903
2024-07-02 08:00:00+00:00,1274.2318157682903
2024-07-02 16:00:00+00:00,1274.2318157682903
2024-07-03 00:00:00+00:00,1274.2318157682903
2024-07-03 08:00:00+00:00,1274.2318157682903
2024-07-03 16:00:00+00:00,1274.2318157682903
2024-07-04 00:00:00+00:00,1274.2318157682903
2024-07-04 08:00:00+00:00,1274.2318157682903
2024-07-04 16:00:00+00:00,1274.2318157682903
2024-07-05 00:00:00+00:00,1274.2318157682903
2024-07-05 08:00:00+00:00,1274.2318157682903
2024-07-05 16:00:00+00:00,1274.2318157682903
2024-07-06 00:00:00+00:00,1274.2318157682903
2024-07-06 08:00:00+00:00,1274.2318157682903
2024-07-06 16:00:00+00:00,1274.2318157682903
2024-07-07 00:00:00+00:00,1274.2318157682903
2024-07-07 08:00:00+00:00,1274.2318157682903
2024-07-07 16:00:00+00:00,1274.2318157682903
2024-07-08 00:00:00+00:00,1274.2318157682903
2024-07-08 08:00:00+00:00,1274.2318157682903
2024-07-08 16:00:00+00:00,1274.2318157682903
2024-07-09 00:00:00+00:00,1274.2318157682903
2024-07-09 08:00:00+00:00,1274.2318157682903
2024-07-09 16:00:00+00:00,1274.2318157682903
2024-07-10 00:00:00+00:00,1274.2318157682903
2024-07-10 08:00:00+00:00,1274.2318157682903
2024-07-10 16:00:00+00:00,1274.2318157682903
2024-07-11 00:00:00+00:00,1274.2318157682903
2024-07-11 08:00:00+00:00,1274.2318157682903
2024-07-11 16:00:00+00:00,1274.2318157682903
2024-07-12 00:00:00+00:00,1274.2318157682903
2024-07-12 08:00:00+00:00,1274.2318157682903
2024-07-12 16:00:00+00:00,1274.2318157682903
2024-07-13 00:00:00+00:00,1274.2318157682903
2024-07-13 08:00:00+00:00,1274.2318157682903
2024-07-13 16:00:00+00:00,1274.2318157682903
2024-07-14 00:00:00+00:00,1274.2318157682903
2024-07-14 08:00:00+00:00,1274.2318157682903
2024-07-14 16:00:00+00:00,1274.2318157682903
2024-07-15 00:00:00+00:00,1274.2318157682903
2024-07-15 08:00:00+00:00,1274.2318157682903
2024-07-15 16:00:00+00:00,1274.2318157682903
2024-07-16 00:00:00+00:00,1274.2318157682903
2024-07-16 08:00:00+00:00,1274.2318157682903
2024-07-16 16:00:00+00:00,1274.2318157682903
2024-07-17 00:00:00+00:00,1274.2318157682903
2024-07-17 08:00:00+00:00,1274.2318157682903
2024-07-17 16:00:00+00:00,1274.2318157682903
2024-07-18 00:00:00+00:00,1274.2318157682903
2024-07-18 08:00:00+00:00,1274.2318157682903
2024-07-18 16:00:00+00:00,1274.2318157682903
2024-07-19 00:00:00+00:00,1274.2318157682903
2024-07-19 08:00:00+00:00,1274.2318157682903
2024-07-19 16:00:00+00:00,1274.2318157682903
2024-07-20 00:00:00+00:00,1274.2318157682903
2024-07-20 08:00:00+00:00,1274.2318157682903
2024-07-20 16:00:00+00:00,1274.2318157682903
2024-07-21 00:00:00+00:00,1274.2318157682903
2024-07-21 08:00:00+00:00,1274.2318157682903
2024-07-21 16:00:00+00:00,1274.2318157682903
2024-07-22 00:00:00+00:00,1274.2318157682903
2024-07-22 08:00:00+00:00,1274.2318157682903
2024-07-22 16:00:00+00:00,1274.2318157682903
2024-07-23 00:00:00+00:00,1274.2318157682903
2024-07-23 08:00:00+00:00,1274.2318157682903
2024-07-23 16:00:00+00:00,1274.2318157682903
2024-07-24 00:00:00+00:00,1274.2318157682903
2024-07-24 08:00:00+00:00,1274.2318157682903
2024-07-24 16:00:00+00:00,1274.2318157682903
2024-07-25 00:00:00+00:00,1274.2318157682903
2024-07-25 08:00:00+00:00,1274.2318157682903
2024-07-25 16:00:00+00:00,1274.2318157682903
2024-07-26 00:00:00+00:00,1274.2318157682903
2024-07-26 08:00:00+00:00,1274.2318157682903
2024-07-26 16:00:00+00:00,1274.2318157682903
2024-07-27 00:00:00+00:00,1274.2318157682903
2024-07-27 08:00:00+00:00,1274.2318157682903
2024-07-27 16:00:00+00:00,1274.2318157682903
2024-07-28 00:00:00+00:00,1274.2318157682903
2024-07-28 08:00:00+00:00,1274.2318157682903
2024-07-28 16:00:00+00:00,1274.2318157682903
2024-07-29 00:00:00+00:00,1274.2318157682903
2024-07-29 08:00:00+00:00,1274.2318157682903
2024-07-29 16:00:00+00:00,1262.7583515696224
2024-07-30 00:00:00+00:00,1262.9741711057723
2024-07-30 08:00:00+00:00,1260.6297468652842
2024-07-30 16:00:00+00:00,1257.6636801453253
2024-07-31 00:00:00+00:00,1259.6704450437198
2024-07-31 08:00:00+00:00,1258.1742220902804
2024-07-31 16:00:00+00:00,1251.232287786782
2024-08-01 00:00:00+00:00,1249.059615481362
2024-08-01 08:00:00+00:00,1245.13431623798
2024-08-01 16:00:00+00:00,1245.13431623798
2024-08-02 00:00:00+00:00,1245.13431623798
2024-08-02 08:00:00+00:00,1245.13431623798
2024-08-02 16:00:00+00:00,1245.13431623798
2024-08-03 00:00:00+00:00,1245.13431623798
2024-08-03 08:00:00+00:00,1245.13431623798
2024-08-03 16:00:00+00:00,1245.13431623798
2024-08-04 00:00:00+00:00,1245.13431623798
2024-08-04 08:00:00+00:00,1245.13431623798
2024-08-04 16:00:00+00:00,1245.13431623798
2024-08-05 00:00:00+00:00,1245.13431623798
2024-08-05 08:00:00+00:00,1245.13431623798
2024-08-05 16:00:00+00:00,1245.13431623798
2024-08-06 00:00:00+00:00,1245.13431623798
2024-08-06 08:00:00+00:00,1245.13431623798
2024-08-06 16:00:00+00:00,1245.13431623798
2024-08-07 00:00:00+00:00,1245.13431623798
2024-08-07 08:00:00+00:00,1245.13431623798
2024-08-07 16:00:00+00:00,1245.13431623798
2024-08-08 00:00:00+00:00,1245.13431623798
2024-08-08 08:00:00+00:00,1245.13431623798
2024-08-08 16:00:00+00:00,1245.13431623798
2024-08-09 00:00:00+00:00,1245.13431623798
2024-08-09 08:00:00+00:00,1245.13431623798
2024-08-09 16:00:00+00:00,1245.13431623798
2024-08-10 00:00:00+00:00,1245.13431623798
2024-08-10 08:00:00+00:00,1245.13431623798
2024-08-10 16:00:00+00:00,1245.13431623798
2024-08-11 00:00:00+00:00,1245.13431623798
2024-08-11 08:00:00+00:00,1245.13431623798
2024-08-11 16:00:00+00:00,1245.13431623798
2024-08-12 00:00:00+00:00,1245.13431623798
2024-08-12 08:00:00+00:00,1245.13431623798
2024-08-12 16:00:00+00:00,1245.13431623798
2024-08-13 00:00:00+00:00,1245.13431623798
2024-08-13 08:00:00+00:00,1245.13431623798
2024-08-13 16:00:00+00:00,1245.13431623798
2024-08-14 00:00:00+00:00,1245.13431623798
2024-08-14 08:00:00+00:00,1245.13431623798
2024-08-14 16:00:00+00:00,1245.13431623798
2024-08-15 00:00:00+00:00,1245.13431623798
2024-08-15 08:00:00+00:00,1245.13431623798
2024-08-15 16:00:00+00:00,1245.13431623798
2024-08-16 00:00:00+00:00,1245.13431623798
2024-08-16 08:00:00+00:00,1245.13431623798
2024-08-16 16:00:00+00:00,1245.13431623798
2024-08-17 00:00:00+00:00,1245.13431623798
2024-08-17 08:00:00+00:00,1245.13431623798
2024-08-17 16:00:00+00:00,1245.13431623798
2024-08-18 00:00:00+00:00,1245.13431623798
2024-08-18 08:00:00+00:00,1245.13431623798
2024-08-18 16:00:00+00:00,1245.13431623798
2024-08-19 00:00:00+00:00,1245.13431623798
2024-08-19 08:00:00+00:00,1245.13431623798
2024-08-19 16:00:00+00:00,1245.13431623798
2024-08-20 00:00:00+00:00,1245.13431623798
2024-08-20 08:00:00+00:00,1245.13431623798
2024-08-20 16:00:00+00:00,1245.13431623798
2024-08-21 00:00:00+00:00,1245.13431623798
2024-08-21 08:00:00+00:00,1245.13431623798
2024-08-21 16:00:00+00:00,1245.13431623798
2024-08-22 00:00:00+00:00,1245.13431623798
2024-08-22 08:00:00+00:00,1245.13431623798
2024-08-22 16:00:00+00:00,1245.13431623798
2024-08-23 00:00:00+00:00,1245.13431623798
2024-08-23 08:00:00+00:00,1245.13431623798
2024-08-23 16:00:00+00:00,1245.13431623798
2024-08-24 00:00:00+00:00,1245.13431623798
2024-08-24 08:00:00+00:00,1245.13431623798
2024-08-24 16:00:00+00:00,1245.13431623798
2024-08-25 00:00:00+00:00,1245.13431623798
2024-08-25 08:00:00+00:00,1245.13431623798
2024-08-25 16:00:00+00:00,1245.13431623798
2024-08-26 00:00:00+00:00,1245.13431623798
2024-08-26 08:00:00+00:00,1245.13431623798
2024-08-26 16:00:00+00:00,1245.13431623798
2024-08-27 00:00:00+00:00,1245.13431623798
2024-08-27 08:00:00+00:00,1245.13431623798
2024-08-27 16:00:00+00:00,1245.13431623798
2024-08-28 00:00:00+00:00,1245.13431623798
2024-08-28 08:00:00+00:00,1245.13431623798
2024-08-28 16:00:00+00:00,1245.13431623798
2024-08-29 00:00:00+00:00,1245.13431623798
2024-08-29 08:00:00+00:00,1245.13431623798
2024-08-29 16:00:00+00:00,1245.13431623798
2024-08-30 00:00:00+00:00,1245.13431623798
2024-08-30 08:00:00+00:00,1245.13431623798
2024-08-30 16:00:00+00:00,1245.13431623798
2024-08-31 00:00:00+00:00,1245.13431623798
2024-08-31 08:00:00+00:00,1245.13431623798
2024-08-31 16:00:00+00:00,1245.13431623798
2024-09-01 00:00:00+00:00,1245.13431623798
2024-09-01 08:00:00+00:00,1245.13431623798
2024-09-01 16:00:00+00:00,1245.13431623798
2024-09-02 00:00:00+00:00,1245.13431623798
2024-09-02 08:00:00+00:00,1245.13431623798
2024-09-02 16:00:00+00:00,1245.13431623798
2024-09-03 00:00:00+00:00,1245.13431623798
2024-09-03 08:00:00+00:00,1245.13431623798
2024-09-03 16:00:00+00:00,1245.13431623798
2024-09-04 00:00:00+00:00,1245.13431623798
2024-09-04 08:00:00+00:00,1245.13431623798
2024-09-04 16:00:00+00:00,1245.13431623798
2024-09-05 00:00:00+00:00,1245.13431623798
2024-09-05 08:00:00+00:00,1245.13431623798
2024-09-05 16:00:00+00:00,1245.13431623798
2024-09-06 00:00:00+00:00,1245.13431623798
2024-09-06 08:00:00+00:00,1245.13431623798
2024-09-06 16:00:00+00:00,1245.13431623798
2024-09-07 00:00:00+00:00,1245.13431623798
2024-09-07 08:00:00+00:00,1245.13431623798
2024-09-07 16:00:00+00:00,1245.13431623798
2024-09-08 00:00:00+00:00,1245.13431623798
2024-09-08 08:00:00+00:00,1245.13431623798
2024-09-08 16:00:00+00:00,1245.13431623798
2024-09-09 00:00:00+00:00,1245.13431623798
2024-09-09 08:00:00+00:00,1245.13431623798
2024-09-09 16:00:00+00:00,1245.13431623798
2024-09-10 00:00:00+00:00,1245.13431623798
2024-09-10 08:00:00+00:00,1245.13431623798
2024-09-10 16:00:00+00:00,1245.13431623798
2024-09-11 00:00:00+00:00,1245.13431623798
2024-09-11 08:00:00+00:00,1245.13431623798
2024-09-11 16:00:00+00:00,1245.13431623798
2024-09-12 00:00:00+00:00,1245.13431623798
2024-09-12 08:00:00+00:00,1245.13431623798
2024-09-12 16:00:00+00:00,1245.13431623798
2024-09-13 00:00:00+00:00,1245.13431623798
2024-09-13 08:00:00+00:00,1245.13431623798
2024-09-13 16:00:00+00:00,1245.13431623798
2024-09-14 00:00:00+00:00,1245.13431623798
2024-09-14 08:00:00+00:00,1245.13431623798
2024-09-14 16:00:00+00:00,1245.13431623798
2024-09-15 00:00:00+00:00,1245.13431623798
2024-09-15 08:00:00+00:00,1245.13431623798
2024-09-15 16:00:00+00:00,1245.13431623798
2024-09-16 00:00:00+00:00,1245.13431623798
2024-09-16 08:00:00+00:00,1245.13431623798
2024-09-16 16:00:00+00:00,1245.13431623798
2024-09-17 00:00:00+00:00,1245.13431623798
2024-09-17 08:00:00+00:00,1245.13431623798
2024-09-17 16:00:00+00:00,1245.13431623798
2024-09-18 00:00:00+00:00,1245.13431623798
2024-09-18 08:00:00+00:00,1245.13431623798
2024-09-18 16:00:00+00:00,1245.13431623798
2024-09-19 00:00:00+00:00,1245.13431623798
2024-09-19 08:00:00+00:00,1245.13431623798
2024-09-19 16:00:00+00:00,1245.7911996985483
2024-09-20 00:00:00+00:00,1250.8190931940896
2024-09-20 08:00:00+00:00,1251.510543028176
2024-09-20 16:00:00+00:00,1248.0132807388238
2024-09-21 00:00:00+00:00,1247.1118932064421
2024-09-21 08:00:00+00:00,1248.5368328156078
2024-09-21 16:00:00+00:00,1248.9557897149978
2024-09-22 00:00:00+00:00,1243.940734189921
2024-09-22 08:00:00+00:00,1237.722228784261
2024-09-22 16:00:00+00:00,1244.821399054168
2024-09-23 00:00:00+00:00,1247.6959817262136
2024-09-23 08:00:00+00:00,1249.25129944189
2024-09-23 16:00:00+00:00,1248.1514906340071
2024-09-24 00:00:00+00:00,1247.3130855421516
2024-09-24 08:00:00+00:00,1246.0482638006188
2024-09-24 16:00:00+00:00,1265.5668163494443
2024-09-25 00:00:00+00:00,1260.4705748422566
2024-09-25 08:00:00+00:00,1255.7163357918564
2024-09-25 16:00:00+00:00,1252.9520671412308
2024-09-26 00:00:00+00:00,1267.39056772816
2024-09-26 08:00:00+00:00,1275.9888829894296
2024-09-26 16:00:00+00:00,1270.8856851924265
2024-09-27 00:00:00+00:00,1284.1350362920064
2024-09-27 08:00:00+00:00,1291.100941384499
2024-09-27 16:00:00+00:00,1289.6082326189648
2024-09-28 00:00:00+00:00,1279.0711300837113
2024-09-28 08:00:00+00:00,1289.147433973329
2024-09-28 16:00:00+00:00,1287.1163098670118
2024-09-29 00:00:00+00:00,1276.0328662105348
2024-09-29 08:00:00+00:00,1287.3956665016947
2024-09-29 16:00:00+00:00,1284.4629757486032
2024-09-30 00:00:00+00:00,1282.5043518406178
2024-09-30 08:00:00+00:00,1268.2159312780261
2024-09-30 16:00:00+00:00,1267.3758883641522
2024-10-01 00:00:00+00:00,1281.2760057564872
2024-10-01 08:00:00+00:00,1263.9108755907832
2024-10-01 16:00:00+00:00,1248.8836759518128
2024-10-02 00:00:00+00:00,1257.6156685584265
2024-10-02 08:00:00+00:00,1257.192442137552
2024-10-02 16:00:00+00:00,1255.6274029319154
2024-10-03 00:00:00+00:00,1259.4269065914875
2024-10-03 08:00:00+00:00,1251.525898331157
2024-10-03 16:00:00+00:00,1253.3889622654383
2024-10-04 00:00:00+00:00,1253.9593197832053
2024-10-04 08:00:00+00:00,1260.1938741443887
2024-10-04 16:00:00+00:00,1258.48951599609
2024-10-05 00:00:00+00:00,1258.024956220522
2024-10-05 08:00:00+00:00,1256.9813799130864
2024-10-05 16:00:00+00:00,1253.8188951572886
2024-10-06 00:00:00+00:00,1255.1038965188832
2024-10-06 08:00:00+00:00,1255.1442930211065
2024-10-06 16:00:00+00:00,1254.746097617379
2024-10-07 00:00:00+00:00,1255.1394773617815
2024-10-07 08:00:00+00:00,1253.845826158771
2024-10-07 16:00:00+00:00,1254.4806309573326
2024-10-08 00:00:00+00:00,1254.4728623940293
2024-10-08 08:00:00+00:00,1255.7969004934562
2024-10-08 16:00:00+00:00,1258.247140586089
2024-10-09 00:00:00+00:00,1255.245528042514
2024-10-09 08:00:00+00:00,1256.6516562484928
2024-10-09 16:00:00+00:00,1247.8782358798155
2024-10-10 00:00:00+00:00,1244.7527279229093
2024-10-10 08:00:00+00:00,1242.8621686579936
2024-10-10 16:00:00+00:00,1243.4636230239755
2024-10-11 00:00:00+00:00,1243.7551576729884
2024-10-11 08:00:00+00:00,1248.6324535578285
2024-10-11 16:00:00+00:00,1249.2417872386486
2024-10-12 00:00:00+00:00,1248.3724361681682
2024-10-12 08:00:00+00:00,1253.2549849295672
2024-10-12 16:00:00+00:00,1254.1689854507972
2024-10-13 00:00:00+00:00,1253.9273531290926
2024-10-13 08:00:00+00:00,1250.9080795275206
2024-10-13 16:00:00+00:00,1258.5804376427911
2024-10-14 00:00:00+00:00,1255.3040150174384
2024-10-14 08:00:00+00:00,1255.1889288838627
2024-10-14 16:00:00+00:00,1256.051140808174
2024-10-15 00:00:00+00:00,1256.0299875845499
2024-10-15 08:00:00+00:00,1252.2806390622552
2024-10-15 16:00:00+00:00,1253.0045649188803
2024-10-16 00:00:00+00:00,1250.353738668149
2024-10-16 08:00:00+00:00,1246.6481378593205
2024-10-16 16:00:00+00:00,1250.6478538703434
2024-10-17 00:00:00+00:00,1251.809695267214
2024-10-17 08:00:00+00:00,1250.4518597036263
2024-10-17 16:00:00+00:00,1248.4858515389496
2024-10-18 00:00:00+00:00,1249.5618946210595
2024-10-18 08:00:00+00:00,1250.0282280727652
2024-10-18 16:00:00+00:00,1253.2254058744059
2024-10-19 00:00:00+00:00,1253.4891339945382
2024-10-19 08:00:00+00:00,1252.5701153859034
2024-10-19 16:00:00+00:00,1252.9178444238075
2024-10-20 00:00:00+00:00,1252.5721814599867
2024-10-20 08:00:00+00:00,1254.7095960913116
2024-10-20 16:00:00+00:00,1257.0387252452672
2024-10-21 00:00:00+00:00,1258.4124486276687
2024-10-21 08:00:00+00:00,1245.6156943263607
2024-10-21 16:00:00+00:00,1246.2436702965822
2024-10-22 00:00:00+00:00,1246.2436702965822
2024-10-22 08:00:00+00:00,1246.2436702965822
2024-10-22 16:00:00+00:00,1246.2436702965822
2024-10-23 00:00:00+00:00,1246.2436702965822
2024-10-23 08:00:00+00:00,1246.2436702965822
2024-10-23 16:00:00+00:00,1246.2436702965822
2024-10-24 00:00:00+00:00,1246.2436702965822
2024-10-24 08:00:00+00:00,1246.2436702965822
2024-10-24 16:00:00+00:00,1246.2436702965822
2024-10-25 00:00:00+00:00,1246.2436702965822
2024-10-25 08:00:00+00:00,1246.2436702965822
2024-10-25 16:00:00+00:00,1246.2436702965822
2024-10-26 00:00:00+00:00,1246.2436702965822
2024-10-26 08:00:00+00:00,1246.2436702965822
2024-10-26 16:00:00+00:00,1246.2436702965822
2024-10-27 00:00:00+00:00,1246.2436702965822
2024-10-27 08:00:00+00:00,1246.2436702965822
2024-10-27 16:00:00+00:00,1246.2436702965822
2024-10-28 00:00:00+00:00,1246.2436702965822
2024-10-28 08:00:00+00:00,1246.2436702965822
2024-10-28 16:00:00+00:00,1246.2436702965822
2024-10-29 00:00:00+00:00,1246.2436702965822
2024-10-29 08:00:00+00:00,1246.2436702965822
2024-10-29 16:00:00+00:00,1246.2436702965822
2024-10-30 00:00:00+00:00,1246.2436702965822
2024-10-30 08:00:00+00:00,1246.2436702965822
2024-10-30 16:00:00+00:00,1246.2436702965822
2024-10-31 00:00:00+00:00,1246.2436702965822
2024-10-31 08:00:00+00:00,1246.2436702965822
2024-10-31 16:00:00+00:00,1246.2436702965822
2024-11-01 00:00:00+00:00,1246.2436702965822
2024-11-01 08:00:00+00:00,1246.2436702965822
2024-11-01 16:00:00+00:00,1246.2436702965822
2024-11-02 00:00:00+00:00,1246.2436702965822
2024-11-02 08:00:00+00:00,1246.2436702965822
2024-11-02 16:00:00+00:00,1246.2436702965822
2024-11-03 00:00:00+00:00,1246.2436702965822
2024-11-03 08:00:00+00:00,1246.2436702965822
2024-11-03 16:00:00+00:00,1246.2436702965822
2024-11-04 00:00:00+00:00,1246.2436702965822
2024-11-04 08:00:00+00:00,1246.2436702965822
2024-11-04 16:00:00+00:00,1246.2436702965822
2024-11-05 00:00:00+00:00,1246.2436702965822
2024-11-05 08:00:00+00:00,1246.2436702965822
2024-11-05 16:00:00+00:00,1246.2436702965822
2024-11-06 00:00:00+00:00,1246.2436702965822
2024-11-06 08:00:00+00:00,1246.2436702965822
2024-11-06 16:00:00+00:00,1246.2436702965822
2024-11-07 00:00:00+00:00,1246.2436702965822
2024-11-07 08:00:00+00:00,1246.2436702965822
2024-11-07 16:00:00+00:00,1248.822513100787
2024-11-08 00:00:00+00:00,1251.8108595801364
2024-11-08 08:00:00+00:00,1253.3159687020973
2024-11-08 16:00:00+00:00,1260.3201847660428
2024-11-09 00:00:00+00:00,1265.276304147401
2024-11-09 08:00:00+00:00,1262.4205052458233
2024-11-09 16:00:00+00:00,1275.5543806084006
2024-11-10 00:00:00+00:00,1294.55513166948
2024-11-10 08:00:00+00:00,1306.320717608005
2024-11-10 16:00:00+00:00,1296.9641252238537
2024-11-11 00:00:00+00:00,1286.7534256436566
2024-11-11 08:00:00+00:00,1305.7702323915485
2024-11-11 16:00:00+00:00,1333.557506721197
2024-11-12 00:00:00+00:00,1333.739710031436
2024-11-12 08:00:00+00:00,1323.6106814279644
2024-11-12 16:00:00+00:00,1329.1443320678252
2024-11-13 00:00:00+00:00,1303.514471275295
2024-11-13 08:00:00+00:00,1340.3631735388394
2024-11-13 16:00:00+00:00,1319.372865566226
2024-11-14 00:00:00+00:00,1326.8026355117283
2024-11-14 08:00:00+00:00,1310.4411932034798
2024-11-14 16:00:00+00:00,1320.4794789818643
2024-11-15 00:00:00+00:00,1324.4966307199184
2024-11-15 08:00:00+00:00,1340.460370917671
2024-11-15 16:00:00+00:00,1363.536900236451
2024-11-16 00:00:00+00:00,1386.4611805194472
2024-11-16 08:00:00+00:00,1423.0636779022961
2024-11-16 16:00:00+00:00,1435.9054018751738
2024-11-17 00:00:00+00:00,1446.6609313351487
2024-11-17 08:00:00+00:00,1440.651382163335
2024-11-17 16:00:00+00:00,1433.2520117426682
2024-11-18 00:00:00+00:00,1455.5630488901193
2024-11-18 08:00:00+00:00,1457.353590997611
2024-11-18 16:00:00+00:00,1455.6603923621751
2024-11-19 00:00:00+00:00,1448.9882642208365
2024-11-19 08:00:00+00:00,1444.1269126014693
2024-11-19 16:00:00+00:00,1441.4878932018225
2024-11-20 00:00:00+00:00,1437.9188488856412
2024-11-20 08:00:00+00:00,1448.6052524874713
2024-11-20 16:00:00+00:00,1434.5304177901894
2024-11-21 00:00:00+00:00,1445.411530811566
2024-11-21 08:00:00+00:00,1456.9327693695104
2024-11-21 16:00:00+00:00,1474.6364457372638
2024-11-22 00:00:00+00:00,1484.8011278673494
2024-11-22 08:00:00+00:00,1499.5767509138552
2024-11-22 16:00:00+00:00,1522.328654971649
2024-11-23 00:00:00+00:00,1529.831089114736
2024-11-23 08:00:00+00:00,1542.927772756312
2024-11-23 16:00:00+00:00,1523.9154591072856
2024-11-24 00:00:00+00:00,1531.315044323709
2024-11-24 08:00:00+00:00,1490.2141992877705
2024-11-24 16:00:00+00:00,1525.512307125587
2024-11-25 00:00:00+00:00,1542.1528456421088
2024-11-25 08:00:00+00:00,1535.051951147446
2024-11-25 16:00:00+00:00,1511.4148275559069
2024-11-26 00:00:00+00:00,1510.7940317994792
2024-11-26 08:00:00+00:00,1496.1155818784976
2024-11-26 16:00:00+00:00,1510.148767434963
2024-11-27 00:00:00+00:00,1523.7923954410358
2024-11-27 08:00:00+00:00,1536.9280763461868
2024-11-27 16:00:00+00:00,1544.3147538249762
2024-11-28 00:00:00+00:00,1530.7553665560185
2024-11-28 08:00:00+00:00,1519.0689961406576
2024-11-28 16:00:00+00:00,1535.1913942819044
2024-11-29 00:00:00+00:00,1533.3221919008165
2024-11-29 08:00:00+00:00,1554.3391926735385
2024-11-29 16:00:00+00:00,1561.7888100322602
2024-11-30 00:00:00+00:00,1577.0616052969417
2024-11-30 08:00:00+00:00,1574.3295048903374
2024-11-30 16:00:00+00:00,1576.9429903088794
2024-12-01 00:00:00+00:00,1566.9568772038494
2024-12-01 08:00:00+00:00,1575.6248982544164
2024-12-01 16:00:00+00:00,1596.425362515947
2024-12-02 00:00:00+00:00,1617.0240896423531
2024-12-02 08:00:00+00:00,1648.1784932140224
2024-12-02 16:00:00+00:00,1683.7482934682023
2024-12-03 00:00:00+00:00,1671.984592968935
2024-12-03 08:00:00+00:00,1650.4909217263291
2024-12-03 16:00:00+00:00,1657.4200240405762
2024-12-04 00:00:00+00:00,1681.7970164022051
2024-12-04 08:00:00+00:00,1691.1035341955726
2024-12-04 16:00:00+00:00,1663.6636625609399
2024-12-05 00:00:00+00:00,1662.5396044080078
2024-12-05 08:00:00+00:00,1669.4536295238067
2024-12-05 16:00:00+00:00,1641.8470477098567
2024-12-06 00:00:00+00:00,1665.6145804903174
2024-12-06 08:00:00+00:00,1664.9446952271408
2024-12-06 16:00:00+00:00,1690.2028422862686
2024-12-07 00:00:00+00:00,1679.158380216292
2024-12-07 08:00:00+00:00,1688.5739431990319
2024-12-07 16:00:00+00:00,1686.9556250421615
2024-12-08 00:00:00+00:00,1686.9792416177697
2024-12-08 08:00:00+00:00,1695.1158244407027
2024-12-08 16:00:00+00:00,1705.010611304907
2024-12-09 00:00:00+00:00,1681.390123886878
2024-12-09 08:00:00+00:00,1651.387324373267
2024-12-09 16:00:00+00:00,1579.7247277653014
2024-12-10 00:00:00+00:00,1579.7247277653014
2024-12-10 08:00:00+00:00,1579.7247277653014
2024-12-10 16:00:00+00:00,1579.7247277653014
2024-12-11 00:00:00+00:00,1579.7247277653014
2024-12-11 08:00:00+00:00,1579.7247277653014
2024-12-11 16:00:00+00:00,1579.7247277653014
2024-12-12 00:00:00+00:00,1579.7247277653014
2024-12-12 08:00:00+00:00,1579.7247277653014
2024-12-12 16:00:00+00:00,1577.210091346976
2024-12-13 00:00:00+00:00,1577.2612872871189
2024-12-13 08:00:00+00:00,1576.2318297162715
2024-12-13 16:00:00+00:00,1578.8285120467626
2024-12-14 00:00:00+00:00,1579.3519268253926
2024-12-14 08:00:00+00:00,1578.807991480294
2024-12-14 16:00:00+00:00,1575.0843920970435
2024-12-15 00:00:00+00:00,1573.4181311840193
2024-12-15 08:00:00+00:00,1576.977724579063
2024-12-15 16:00:00+00:00,1579.619086096873
2024-12-16 00:00:00+00:00,1579.9854907307586
2024-12-16 08:00:00+00:00,1581.3914988523907
2024-12-16 16:00:00+00:00,1576.607834004063
2024-12-17 00:00:00+00:00,1577.1682029729768
2024-12-17 08:00:00+00:00,1576.182439773413
2024-12-17 16:00:00+00:00,1575.119961381617
2024-12-18 00:00:00+00:00,1572.054735249061
2024-12-18 08:00:00+00:00,1572.666515298112
2024-12-18 16:00:00+00:00,1565.5540216183335
2024-12-19 00:00:00+00:00,1566.181951801782
2024-12-19 08:00:00+00:00,1565.2533135974331
2024-12-19 16:00:00+00:00,1555.8765807772365
2024-12-20 00:00:00+00:00,1555.8765807772365
2024-12-20 08:00:00+00:00,1555.8765807772365
2024-12-20 16:00:00+00:00,1555.8765807772365
2024-12-21 00:00:00+00:00,1555.8765807772365
2024-12-21 08:00:00+00:00,1555.8765807772365
2024-12-21 16:00:00+00:00,1555.8765807772365
2024-12-22 00:00:00+00:00,1555.8765807772365
2024-12-22 08:00:00+00:00,1555.8765807772365
2024-12-22 16:00:00+00:00,1555.8765807772365
2024-12-23 00:00:00+00:00,1555.8765807772365
2024-12-23 08:00:00+00:00,1555.8765807772365
2024-12-23 16:00:00+00:00,1555.8765807772365
2024-12-24 00:00:00+00:00,1555.8765807772365
2024-12-24 08:00:00+00:00,1555.8765807772365
2024-12-24 16:00:00+00:00,1555.8765807772365
2024-12-25 00:00:00+00:00,1555.8765807772365
2024-12-25 08:00:00+00:00,1555.8765807772365
2024-12-25 16:00:00+00:00,1555.8765807772365
2024-12-26 00:00:00+00:00,1555.8765807772365
2024-12-26 08:00:00+00:00,1555.8765807772365
2024-12-26 16:00:00+00:00,1555.8765807772365
2024-12-27 00:00:00+00:00,1555.8765807772365
2024-12-27 08:00:00+00:00,1555.8765807772365
2024-12-27 16:00:00+00:00,1555.8765807772365
2024-12-28 00:00:00+00:00,1555.8765807772365
2024-12-28 08:00:00+00:00,1555.8765807772365
2024-12-28 16:00:00+00:00,1555.8765807772365
2024-12-29 00:00:00+00:00,1555.8765807772365
2024-12-29 08:00:00+00:00,1555.8765807772365
2024-12-29 16:00:00+00:00,1555.8765807772365
2024-12-30 00:00:00+00:00,1555.8765807772365
2024-12-30 08:00:00+00:00,1555.8765807772365
2024-12-30 16:00:00+00:00,1555.8765807772365
2024-12-31 00:00:00+00:00,1555.8765807772365
2024-12-31 08:00:00+00:00,1555.8765807772365
2024-12-31 16:00:00+00:00,1555.8765807772365
2025-01-01 00:00:00+00:00,1555.8765807772365
2025-01-01 08:00:00+00:00,1555.8765807772365
2025-01-01 16:00:00+00:00,1555.8765807772365
2025-01-02 00:00:00+00:00,1555.8765807772365
2025-01-02 08:00:00+00:00,1555.8765807772365
2025-01-02 16:00:00+00:00,1555.8765807772365
2025-01-03 00:00:00+00:00,1555.8765807772365
2025-01-03 08:00:00+00:00,1555.8765807772365
2025-01-03 16:00:00+00:00,1555.8765807772365
2025-01-04 00:00:00+00:00,1555.8765807772365
2025-01-04 08:00:00+00:00,1559.4471349038226
2025-01-04 16:00:00+00:00,1561.5372483985077
2025-01-05 00:00:00+00:00,1559.313080650776
2025-01-05 08:00:00+00:00,1560.3855146751491
2025-01-05 16:00:00+00:00,1560.715930087588
2025-01-06 00:00:00+00:00,1559.4150374066144
2025-01-06 08:00:00+00:00,1565.2817607177958
2025-01-06 16:00:00+00:00,1560.150521417882
2025-01-07 00:00:00+00:00,1559.0290020676146
2025-01-07 08:00:00+00:00,1548.1423129192056
2025-01-07 16:00:00+00:00,1541.7298264281235
2025-01-08 00:00:00+00:00,1536.383639106678
2025-01-08 08:00:00+00:00,1536.957617880286
2025-01-08 16:00:00+00:00,1542.2593691838767
2025-01-09 00:00:00+00:00,1537.4050947531318
2025-01-09 08:00:00+00:00,1539.8199593960423
2025-01-09 16:00:00+00:00,1539.5424104495937
2025-01-10 00:00:00+00:00,1546.2394588377122
2025-01-10 08:00:00+00:00,1543.8396988993702
2025-01-10 16:00:00+00:00,1546.562321897867
2025-01-11 00:00:00+00:00,1544.194659456733
2025-01-11 08:00:00+00:00,1543.2468392450512
2025-01-11 16:00:00+00:00,1543.686763765613
2025-01-12 00:00:00+00:00,1541.330429852906
2025-01-12 08:00:00+00:00,1541.2643467704181
2025-01-12 16:00:00+00:00,1539.213883125226
2025-01-13 00:00:00+00:00,1535.2243530310354
2025-01-13 08:00:00+00:00,1532.2523706679606
2025-01-13 16:00:00+00:00,1532.2523706679606
2025-01-14 00:00:00+00:00,1532.2523706679606
2025-01-14 08:00:00+00:00,1532.2523706679606
2025-01-14 16:00:00+00:00,1532.2523706679606
2025-01-15 00:00:00+00:00,1532.2523706679606
2025-01-15 08:00:00+00:00,1532.2523706679606
2025-01-15 16:00:00+00:00,1532.2523706679606
2025-01-16 00:00:00+00:00,1532.2523706679606
2025-01-16 08:00:00+00:00,1532.2523706679606
2025-01-16 16:00:00+00:00,1532.2523706679606
2025-01-17 00:00:00+00:00,1532.2523706679606
2025-01-17 08:00:00+00:00,1532.2523706679606
2025-01-17 16:00:00+00:00,1532.2523706679606
2025-01-18 00:00:00+00:00,1532.2523706679606
2025-01-18 08:00:00+00:00,1532.2523706679606
2025-01-18 16:00:00+00:00,1545.2256173391079
2025-01-19 00:00:00+00:00,1549.4906795503805
2025-01-19 08:00:00+00:00,1549.136387985249
2025-01-19 16:00:00+00:00,1541.1758112736518
2025-01-20 00:00:00+00:00,1532.4753944120127
2025-01-20 08:00:00+00:00,1532.4753944120127
2025-01-20 16:00:00+00:00,1526.1549532831668
2025-01-21 00:00:00+00:00,1525.8026652892445
2025-01-21 08:00:00+00:00,1528.2788979769227
2025-01-21 16:00:00+00:00,1531.0640290882016
2025-01-22 00:00:00+00:00,1529.708357280583
2025-01-22 08:00:00+00:00,1528.5703901194058
2025-01-22 16:00:00+00:00,1527.9814776082624
2025-01-23 00:00:00+00:00,1526.697322912192
2025-01-23 08:00:00+00:00,1529.9475044472415
2025-01-23 16:00:00+00:00,1528.2434547523285
2025-01-24 00:00:00+00:00,1529.6514715357714
2025-01-24 08:00:00+00:00,1530.692821223499
2025-01-24 16:00:00+00:00,1529.4327578295556
2025-01-25 00:00:00+00:00,1528.8275742295411
2025-01-25 08:00:00+00:00,1529.459497913591
2025-01-25 16:00:00+00:00,1529.2947689053337
2025-01-26 00:00:00+00:00,1529.5937028636565
2025-01-26 08:00:00+00:00,1529.586008782873
2025-01-26 16:00:00+00:00,1526.5859479395342
2025-01-27 00:00:00+00:00,1520.7904809033982
2025-01-27 08:00:00+00:00,1520.7904809033982
2025-01-27 16:00:00+00:00,1520.7904809033982
2025-01-28 00:00:00+00:00,1520.7904809033982
2025-01-28 08:00:00+00:00,1520.7904809033982
2025-01-28 16:00:00+00:00,1520.7904809033982
2025-01-29 00:00:00+00:00,1520.7904809033982
2025-01-29 08:00:00+00:00,1520.7904809033982
2025-01-29 16:00:00+00:00,1520.7904809033982
2025-01-30 00:00:00+00:00,1520.7904809033982
2025-01-30 08:00:00+00:00,1520.7904809033982
2025-01-30 16:00:00+00:00,1520.7904809033982
2025-01-31 00:00:00+00:00,1520.7904809033982
2025-01-31 08:00:00+00:00,1520.7904809033982
2025-01-31 16:00:00+00:00,1520.7904809033982
2025-02-01 00:00:00+00:00,1520.7904809033982
2025-02-01 08:00:00+00:00,1520.7904809033982
2025-02-01 16:00:00+00:00,1520.7904809033982
2025-02-02 00:00:00+00:00,1520.7904809033982
2025-02-02 08:00:00+00:00,1520.7904809033982
2025-02-02 16:00:00+00:00,1520.7904809033982
2025-02-03 00:00:00+00:00,1520.7904809033982
2025-02-03 08:00:00+00:00,1520.7904809033982
2025-02-03 16:00:00+00:00,1520.7904809033982
2025-02-04 00:00:00+00:00,1520.7904809033982
2025-02-04 08:00:00+00:00,1520.7904809033982
2025-02-04 16:00:00+00:00,1520.7904809033982
2025-02-05 00:00:00+00:00,1520.7904809033982
2025-02-05 08:00:00+00:00,1520.7904809033982
2025-02-05 16:00:00+00:00,1520.7904809033982
2025-02-06 00:00:00+00:00,1520.7904809033982
2025-02-06 08:00:00+00:00,1520.7904809033982
2025-02-06 16:00:00+00:00,1520.7904809033982
2025-02-07 00:00:00+00:00,1520.7904809033982
2025-02-07 08:00:00+00:00,1520.7904809033982
2025-02-07 16:00:00+00:00,1520.7904809033982
2025-02-08 00:00:00+00:00,1520.7904809033982
2025-02-08 08:00:00+00:00,1520.7904809033982
2025-02-08 16:00:00+00:00,1520.7904809033982
2025-02-09 00:00:00+00:00,1520.7904809033982
2025-02-09 08:00:00+00:00,1520.7904809033982
2025-02-09 16:00:00+00:00,1520.7904809033982
2025-02-10 00:00:00+00:00,1520.7904809033982
2025-02-10 08:00:00+00:00,1520.7904809033982
2025-02-10 16:00:00+00:00,1520.7904809033982
2025-02-11 00:00:00+00:00,1520.7904809033982
2025-02-11 08:00:00+00:00,1520.7904809033982
2025-02-11 16:00:00+00:00,1520.7904809033982
2025-02-12 00:00:00+00:00,1520.7904809033982
2025-02-12 08:00:00+00:00,1520.7904809033982
2025-02-12 16:00:00+00:00,1520.7904809033982
2025-02-13 00:00:00+00:00,1520.7904809033982
2025-02-13 08:00:00+00:00,1520.7904809033982
2025-02-13 16:00:00+00:00,1520.7904809033982
2025-02-14 00:00:00+00:00,1520.7904809033982
2025-02-14 08:00:00+00:00,1520.7904809033982
2025-02-14 16:00:00+00:00,1520.7904809033982
2025-02-15 00:00:00+00:00,1520.7904809033982
2025-02-15 08:00:00+00:00,1520.7904809033982
2025-02-15 16:00:00+00:00,1520.7904809033982
2025-02-16 00:00:00+00:00,1520.7904809033982
2025-02-16 08:00:00+00:00,1520.7904809033982
2025-02-16 16:00:00+00:00,1520.7904809033982
2025-02-17 00:00:00+00:00,1520.7904809033982
2025-02-17 08:00:00+00:00,1520.7904809033982
2025-02-17 16:00:00+00:00,1520.7904809033982
2025-02-18 00:00:00+00:00,1520.7904809033982
2025-02-18 08:00:00+00:00,1520.7904809033982
2025-02-18 16:00:00+00:00,1520.7904809033982
2025-02-19 00:00:00+00:00,1520.7904809033982
2025-02-19 08:00:00+00:00,1520.7904809033982
2025-02-19 16:00:00+00:00,1520.7904809033982
2025-02-20 00:00:00+00:00,1520.7904809033982
2025-02-20 08:00:00+00:00,1520.7904809033982
2025-02-20 16:00:00+00:00,1520.7904809033982
2025-02-21 00:00:00+00:00,1520.7904809033982
2025-02-21 08:00:00+00:00,1520.7904809033982
2025-02-21 16:00:00+00:00,1520.7904809033982
2025-02-22 00:00:00+00:00,1520.7904809033982
2025-02-22 08:00:00+00:00,1520.7904809033982
2025-02-22 16:00:00+00:00,1520.7904809033982
2025-02-23 00:00:00+00:00,1520.7904809033982
2025-02-23 08:00:00+00:00,1520.7904809033982
2025-02-23 16:00:00+00:00,1520.7904809033982
2025-02-24 00:00:00+00:00,1520.7904809033982
2025-02-24 08:00:00+00:00,1520.7904809033982
2025-02-24 16:00:00+00:00,1520.7904809033982
2025-02-25 00:00:00+00:00,1520.7904809033982
2025-02-25 08:00:00+00:00,1520.7904809033982
2025-02-25 16:00:00+00:00,1520.7904809033982
2025-02-26 00:00:00+00:00,1520.7904809033982
2025-02-26 08:00:00+00:00,1520.7904809033982
2025-02-26 16:00:00+00:00,1520.7904809033982
2025-02-27 00:00:00+00:00,1520.7904809033982
2025-02-27 08:00:00+00:00,1520.7904809033982
2025-02-27 16:00:00+00:00,1520.7904809033982
2025-02-28 00:00:00+00:00,1520.7904809033982
2025-02-28 08:00:00+00:00,1520.7904809033982
2025-02-28 16:00:00+00:00,1520.7904809033982
2025-03-01 00:00:00+00:00,1520.7904809033982
2025-03-01 08:00:00+00:00,1520.7904809033982
2025-03-01 16:00:00+00:00,1520.7904809033982
2025-03-02 00:00:00+00:00,1520.7904809033982
2025-03-02 08:00:00+00:00,1520.7904809033982
2025-03-02 16:00:00+00:00,1520.7904809033982
2025-03-03 00:00:00+00:00,1520.7904809033982
2025-03-03 08:00:00+00:00,1520.7904809033982
2025-03-03 16:00:00+00:00,1520.7904809033982
2025-03-04 00:00:00+00:00,1520.7904809033982
2025-03-04 08:00:00+00:00,1520.7904809033982
2025-03-04 16:00:00+00:00,1520.7904809033982
2025-03-05 00:00:00+00:00,1520.7904809033982
2025-03-05 08:00:00+00:00,1520.7904809033982
2025-03-05 16:00:00+00:00,1520.7904809033982
2025-03-06 00:00:00+00:00,1520.7904809033982
2025-03-06 08:00:00+00:00,1520.7904809033982
2025-03-06 16:00:00+00:00,1520.7904809033982
2025-03-07 00:00:00+00:00,1520.7904809033982
2025-03-07 08:00:00+00:00,1520.7904809033982
2025-03-07 16:00:00+00:00,1520.7904809033982
2025-03-08 00:00:00+00:00,1520.7904809033982
2025-03-08 08:00:00+00:00,1520.7904809033982
2025-03-08 16:00:00+00:00,1520.7904809033982
2025-03-09 00:00:00+00:00,1520.7904809033982
2025-03-09 08:00:00+00:00,1520.7904809033982
2025-03-09 16:00:00+00:00,1520.7904809033982
2025-03-10 00:00:00+00:00,1520.7904809033982
2025-03-10 08:00:00+00:00,1520.7904809033982
2025-03-10 16:00:00+00:00,1520.7904809033982
2025-03-11 00:00:00+00:00,1520.7904809033982
2025-03-11 08:00:00+00:00,1520.7904809033982
2025-03-11 16:00:00+00:00,1520.7904809033982
2025-03-12 00:00:00+00:00,1520.7904809033982
2025-03-12 08:00:00+00:00,1520.7904809033982
2025-03-12 16:00:00+00:00,1520.7904809033982
2025-03-13 00:00:00+00:00,1520.7904809033982
2025-03-13 08:00:00+00:00,1520.7904809033982
2025-03-13 16:00:00+00:00,1520.7904809033982
2025-03-14 00:00:00+00:00,1520.7904809033982
2025-03-14 08:00:00+00:00,1520.7904809033982
2025-03-14 16:00:00+00:00,1520.7904809033982
2025-03-15 00:00:00+00:00,1520.7904809033982
2025-03-15 08:00:00+00:00,1520.7904809033982
2025-03-15 16:00:00+00:00,1520.7904809033982
2025-03-16 00:00:00+00:00,1520.7904809033982
2025-03-16 08:00:00+00:00,1520.7904809033982
2025-03-16 16:00:00+00:00,1520.7904809033982
2025-03-17 00:00:00+00:00,1520.7904809033982
2025-03-17 08:00:00+00:00,1520.7904809033982
2025-03-17 16:00:00+00:00,1520.7904809033982
2025-03-18 00:00:00+00:00,1520.7904809033982
2025-03-18 08:00:00+00:00,1520.7904809033982
2025-03-18 16:00:00+00:00,1520.7904809033982
2025-03-19 00:00:00+00:00,1520.7904809033982
2025-03-19 08:00:00+00:00,1520.7904809033982
2025-03-19 16:00:00+00:00,1520.7904809033982
2025-03-20 00:00:00+00:00,1520.7904809033982
2025-03-20 08:00:00+00:00,1520.7904809033982
2025-03-20 16:00:00+00:00,1520.7904809033982
2025-03-21 00:00:00+00:00,1520.7904809033982
2025-03-21 08:00:00+00:00,1520.7904809033982
2025-03-21 16:00:00+00:00,1520.7904809033982
2025-03-22 00:00:00+00:00,1520.7904809033982
2025-03-22 08:00:00+00:00,1520.7904809033982
2025-03-22 16:00:00+00:00,1520.7904809033982
2025-03-23 00:00:00+00:00,1520.7904809033982
2025-03-23 08:00:00+00:00,1520.7904809033982
2025-03-23 16:00:00+00:00,1520.7904809033982
2025-03-24 00:00:00+00:00,1520.7904809033982
2025-03-24 08:00:00+00:00,1520.7904809033982
2025-03-24 16:00:00+00:00,1520.7904809033982
2025-03-25 00:00:00+00:00,1520.7904809033982
2025-03-25 08:00:00+00:00,1520.7904809033982
2025-03-25 16:00:00+00:00,1520.7904809033982
2025-03-26 00:00:00+00:00,1520.7904809033982
2025-03-26 08:00:00+00:00,1520.7904809033982
2025-03-26 16:00:00+00:00,1520.7904809033982
2025-03-27 00:00:00+00:00,1520.7904809033982
2025-03-27 08:00:00+00:00,1520.7904809033982
2025-03-27 16:00:00+00:00,1520.7904809033982
2025-03-28 00:00:00+00:00,1520.7904809033982
2025-03-28 08:00:00+00:00,1520.7904809033982
2025-03-28 16:00:00+00:00,1520.7904809033982
2025-03-29 00:00:00+00:00,1520.7904809033982
2025-03-29 08:00:00+00:00,1520.7904809033982
2025-03-29 16:00:00+00:00,1520.7904809033982
2025-03-30 00:00:00+00:00,1520.7904809033982
2025-03-30 08:00:00+00:00,1520.7904809033982
2025-03-30 16:00:00+00:00,1520.7904809033982
2025-03-31 00:00:00+00:00,1520.7904809033982
2025-03-31 08:00:00+00:00,1520.7904809033982
2025-03-31 16:00:00+00:00,1520.7904809033982
2025-04-01 00:00:00+00:00,1520.7904809033982
2025-04-01 08:00:00+00:00,1520.7904809033982
2025-04-01 16:00:00+00:00,1520.7904809033982
2025-04-02 00:00:00+00:00,1520.7904809033982
2025-04-02 08:00:00+00:00,1520.7904809033982
2025-04-02 16:00:00+00:00,1520.7904809033982
2025-04-03 00:00:00+00:00,1520.7904809033982
2025-04-03 08:00:00+00:00,1520.7904809033982
2025-04-03 16:00:00+00:00,1520.7904809033982
2025-04-04 00:00:00+00:00,1520.7904809033982
2025-04-04 08:00:00+00:00,1520.7904809033982
2025-04-04 16:00:00+00:00,1520.7904809033982
2025-04-05 00:00:00+00:00,1520.7904809033982
2025-04-05 08:00:00+00:00,1520.7904809033982
2025-04-05 16:00:00+00:00,1520.7904809033982
2025-04-06 00:00:00+00:00,1520.7904809033982
2025-04-06 08:00:00+00:00,1520.7904809033982
2025-04-06 16:00:00+00:00,1520.7904809033982
2025-04-07 00:00:00+00:00,1520.7904809033982
2025-04-07 08:00:00+00:00,1520.7904809033982
2025-04-07 16:00:00+00:00,1520.7904809033982
2025-04-08 00:00:00+00:00,1520.7904809033982
2025-04-08 08:00:00+00:00,1520.7904809033982
2025-04-08 16:00:00+00:00,1520.7904809033982
2025-04-09 00:00:00+00:00,1520.7904809033982
2025-04-09 08:00:00+00:00,1520.7904809033982
2025-04-09 16:00:00+00:00,1520.7904809033982
2025-04-10 00:00:00+00:00,1520.7904809033982
2025-04-10 08:00:00+00:00,1520.7904809033982
2025-04-10 16:00:00+00:00,1520.7904809033982
2025-04-11 00:00:00+00:00,1520.7904809033982
2025-04-11 08:00:00+00:00,1520.7904809033982
2025-04-11 16:00:00+00:00,1520.7904809033982
2025-04-12 00:00:00+00:00,1520.7904809033982
2025-04-12 08:00:00+00:00,1520.7904809033982
2025-04-12 16:00:00+00:00,1520.7904809033982
2025-04-13 00:00:00+00:00,1520.7904809033982
2025-04-13 08:00:00+00:00,1520.7904809033982
2025-04-13 16:00:00+00:00,1520.7904809033982
2025-04-14 00:00:00+00:00,1520.7904809033982
2025-04-14 08:00:00+00:00,1520.7904809033982
2025-04-14 16:00:00+00:00,1520.7904809033982
2025-04-15 00:00:00+00:00,1520.7904809033982
2025-04-15 08:00:00+00:00,1520.7904809033982
2025-04-15 16:00:00+00:00,1520.7904809033982
2025-04-16 00:00:00+00:00,1520.7904809033982
2025-04-16 08:00:00+00:00,1520.7904809033982
2025-04-16 16:00:00+00:00,1520.7904809033982
2025-04-17 00:00:00+00:00,1520.7904809033982
2025-04-17 08:00:00+00:00,1520.7904809033982
2025-04-17 16:00:00+00:00,1520.7904809033982
2025-04-18 00:00:00+00:00,1520.7904809033982
2025-04-18 08:00:00+00:00,1520.7904809033982
2025-04-18 16:00:00+00:00,1520.7904809033982
2025-04-19 00:00:00+00:00,1520.7904809033982
2025-04-19 08:00:00+00:00,1520.7904809033982
2025-04-19 16:00:00+00:00,1520.7904809033982
2025-04-20 00:00:00+00:00,1520.7904809033982
2025-04-20 08:00:00+00:00,1520.7904809033982
2025-04-20 16:00:00+00:00,1520.7904809033982
2025-04-21 00:00:00+00:00,1520.7904809033982
2025-04-21 08:00:00+00:00,1520.7904809033982
2025-04-21 16:00:00+00:00,1520.7904809033982
2025-04-22 00:00:00+00:00,1520.7904809033982
2025-04-22 08:00:00+00:00,1520.7904809033982
2025-04-22 16:00:00+00:00,1539.5337427959453
2025-04-23 00:00:00+00:00,1569.345951022966
2025-04-23 08:00:00+00:00,1567.9514483772798
2025-04-23 16:00:00+00:00,1570.8775631018882
2025-04-24 00:00:00+00:00,1543.5284400044795
2025-04-24 08:00:00+00:00,1567.8978514577777
2025-04-24 16:00:00+00:00,1579.0077663006623
2025-04-25 00:00:00+00:00,1583.8108960392399
2025-04-25 08:00:00+00:00,1590.2647008637928
2025-04-25 16:00:00+00:00,1580.8663324266593
2025-04-26 00:00:00+00:00,1589.1753918424354
2025-04-26 08:00:00+00:00,1576.1867839662884
2025-04-26 16:00:00+00:00,1580.2253811537057
2025-04-27 00:00:00+00:00,1567.6174658092418
2025-04-27 08:00:00+00:00,1561.409324443471
2025-04-27 16:00:00+00:00,1557.9082507969413
2025-04-28 00:00:00+00:00,1579.718340683025
2025-04-28 08:00:00+00:00,1554.6033998993896
2025-04-28 16:00:00+00:00,1575.6124367220045
2025-04-29 00:00:00+00:00,1581.2897233931205
2025-04-29 08:00:00+00:00,1573.740835914926
2025-04-29 16:00:00+00:00,1559.817283389387
2025-04-30 00:00:00+00:00,1559.601076442556
2025-04-30 08:00:00+00:00,1536.5259391399773
2025-04-30 16:00:00+00:00,1548.1874886754013
2025-05-01 00:00:00+00:00,1564.1924177042379
2025-05-01 08:00:00+00:00,1579.6861900033275
2025-05-01 16:00:00+00:00,1576.9423590285226
2025-05-02 00:00:00+00:00,1567.8694917016608
2025-05-02 08:00:00+00:00,1580.4160641287397
2025-05-02 16:00:00+00:00,1569.4202091490174
2025-05-03 00:00:00+00:00,1559.025948583294
2025-05-03 08:00:00+00:00,1558.8725990480877
2025-05-03 16:00:00+00:00,1547.6523291285644
2025-05-04 00:00:00+00:00,1543.0692204917152
2025-05-04 08:00:00+00:00,1536.4485325552425
2025-05-04 16:00:00+00:00,1523.2218143263874
2025-05-05 00:00:00+00:00,1536.2403014177698
2025-05-05 08:00:00+00:00,1517.0538935818013
2025-05-05 16:00:00+00:00,1523.1646566531922
2025-05-06 00:00:00+00:00,1518.603854722589
2025-05-06 08:00:00+00:00,1512.5421563837574
2025-05-06 16:00:00+00:00,1525.5853238782713
2025-05-07 00:00:00+00:00,1526.5556991194715
2025-05-07 08:00:00+00:00,1524.6977913986232
2025-05-07 16:00:00+00:00,1526.8711750836292
2025-05-08 00:00:00+00:00,1540.3125583751341
2025-05-08 08:00:00+00:00,1556.2418564946627
2025-05-08 16:00:00+00:00,1570.8075072936908
2025-05-09 00:00:00+00:00,1591.8702454593858
2025-05-09 08:00:00+00:00,1599.970452451626
2025-05-09 16:00:00+00:00,1608.5506992349121
2025-05-10 00:00:00+00:00,1635.9389960585054
2025-05-10 08:00:00+00:00,1636.386482592964
2025-05-10 16:00:00+00:00,1692.4437197198185
2025-05-11 00:00:00+00:00,1646.0583184621885
2025-05-11 08:00:00+00:00,1641.1741105058672
2025-05-11 16:00:00+00:00,1656.2556319337373
2025-05-12 00:00:00+00:00,1682.8600914486108
2025-05-12 08:00:00+00:00,1647.3154610223417
2025-05-12 16:00:00+00:00,1648.23974860713
2025-05-13 00:00:00+00:00,1634.6329617591216
2025-05-13 08:00:00+00:00,1663.2735160822983
2025-05-13 16:00:00+00:00,1693.35272278105
2025-05-14 00:00:00+00:00,1680.1210161516121
2025-05-14 08:00:00+00:00,1663.5489211286
2025-05-14 16:00:00+00:00,1663.8543068935078
2025-05-15 00:00:00+00:00,1627.732056408978
2025-05-15 08:00:00+00:00,1642.366676286868
2025-05-15 16:00:00+00:00,1635.49334283868
2025-05-16 00:00:00+00:00,1650.8465095246345
2025-05-16 08:00:00+00:00,1654.8981064262873
2025-05-16 16:00:00+00:00,1630.9333078174527
2025-05-17 00:00:00+00:00,1625.1516895935913
2025-05-17 08:00:00+00:00,1617.398934370153
2025-05-17 16:00:00+00:00,1616.8944584345336
2025-05-18 00:00:00+00:00,1637.0616745163181
2025-05-18 08:00:00+00:00,1674.5912107680126
2025-05-18 16:00:00+00:00,1649.101364153974
2025-05-19 00:00:00+00:00,1600.8081016248295
2025-05-19 08:00:00+00:00,1614.3711290523038
2025-05-19 16:00:00+00:00,1626.3031853741966
2025-05-20 00:00:00+00:00,1623.9019365542845
2025-05-20 08:00:00+00:00,1622.0757294892855
2025-05-20 16:00:00+00:00,1635.4105762647696
2025-05-21 00:00:00+00:00,1634.3728069663596
2025-05-21 08:00:00+00:00,1656.8645653885071
2025-05-21 16:00:00+00:00,1662.1250086616565
2025-05-22 00:00:00+00:00,1687.8534884341116
2025-05-22 08:00:00+00:00,1682.1528124584813
2025-05-22 16:00:00+00:00,1687.4255881031384
2025-05-23 00:00:00+00:00,1682.9497399671209
2025-05-23 08:00:00+00:00,1659.7337205046617
2025-05-23 16:00:00+00:00,1634.1042762934499
2025-05-24 00:00:00+00:00,1639.4902254408814
2025-05-24 08:00:00+00:00,1647.1382034858796
2025-05-24 16:00:00+00:00,1639.320168515461
2025-05-25 00:00:00+00:00,1630.5858504704797
2025-05-25 08:00:00+00:00,1620.1833910897362
2025-05-25 16:00:00+00:00,1640.5632519270657
2025-05-26 00:00:00+00:00,1652.4305465774055
2025-05-26 08:00:00+00:00,1648.5119671280788
2025-05-26 16:00:00+00:00,1642.3341231039092
2025-05-27 00:00:00+00:00,1645.1589150987302
2025-05-27 08:00:00+00:00,1651.9576019966728
2025-05-27 16:00:00+00:00,1642.5997431832573
2025-05-28 00:00:00+00:00,1635.4495819505132
2025-05-28 08:00:00+00:00,1622.3116101011774
2025-05-28 16:00:00+00:00,1627.720626690521
2025-05-29 00:00:00+00:00,1628.1596266210208
2025-05-29 08:00:00+00:00,1622.0499327082784
2025-05-29 16:00:00+00:00,1613.016699771411
2025-05-30 00:00:00+00:00,1613.016699771411
2025-05-30 08:00:00+00:00,1613.016699771411
2025-05-30 16:00:00+00:00,1613.016699771411
2025-05-31 00:00:00+00:00,1613.016699771411
2025-05-31 08:00:00+00:00,1613.016699771411
2025-05-31 16:00:00+00:00,1613.016699771411
2025-06-01 00:00:00+00:00,1613.016699771411
2025-06-01 08:00:00+00:00,1613.016699771411
2025-06-01 16:00:00+00:00,1613.016699771411
2025-06-02 00:00:00+00:00,1613.016699771411
2025-06-02 08:00:00+00:00,1613.016699771411
2025-06-02 16:00:00+00:00,1613.016699771411
2025-06-03 00:00:00+00:00,1613.016699771411
2025-06-03 08:00:00+00:00,1613.016699771411
2025-06-03 16:00:00+00:00,1613.016699771411
2025-06-04 00:00:00+00:00,1613.016699771411
2025-06-04 08:00:00+00:00,1613.016699771411
2025-06-04 16:00:00+00:00,1613.016699771411
2025-06-05 00:00:00+00:00,1613.016699771411
2025-06-05 08:00:00+00:00,1613.016699771411
2025-06-05 16:00:00+00:00,1613.016699771411
2025-06-06 00:00:00+00:00,1613.016699771411
2025-06-06 08:00:00+00:00,1613.016699771411
2025-06-06 16:00:00+00:00,1613.016699771411
2025-06-07 00:00:00+00:00,1613.016699771411
2025-06-07 08:00:00+00:00,1613.016699771411
2025-06-07 16:00:00+00:00,1613.016699771411
2025-06-08 00:00:00+00:00,1613.016699771411
2025-06-08 08:00:00+00:00,1613.016699771411
2025-06-08 16:00:00+00:00,1613.016699771411
2025-06-09 00:00:00+00:00,1613.016699771411
2025-06-09 08:00:00+00:00,1613.016699771411
2025-06-09 16:00:00+00:00,1613.016699771411
2025-06-10 00:00:00+00:00,1613.016699771411
2025-06-10 08:00:00+00:00,1613.016699771411
2025-06-10 16:00:00+00:00,1613.016699771411
2025-06-11 00:00:00+00:00,1613.016699771411
2025-06-11 08:00:00+00:00,1613.016699771411
2025-06-11 16:00:00+00:00,1613.016699771411
2025-06-12 00:00:00+00:00,1613.016699771411
2025-06-12 08:00:00+00:00,1613.016699771411
2025-06-12 16:00:00+00:00,1613.016699771411
2025-06-13 00:00:00+00:00,1613.016699771411
2025-06-13 08:00:00+00:00,1613.016699771411
2025-06-13 16:00:00+00:00,1613.016699771411
2025-06-14 00:00:00+00:00,1613.016699771411
2025-06-14 08:00:00+00:00,1613.016699771411
2025-06-14 16:00:00+00:00,1613.016699771411
2025-06-15 00:00:00+00:00,1613.016699771411
2025-06-15 08:00:00+00:00,1613.016699771411
2025-06-15 16:00:00+00:00,1613.016699771411
2025-06-16 00:00:00+00:00,1613.016699771411
2025-06-16 08:00:00+00:00,1613.016699771411
2025-06-16 16:00:00+00:00,1613.016699771411
2025-06-17 00:00:00+00:00,1613.016699771411
2025-06-17 08:00:00+00:00,1613.016699771411
2025-06-17 16:00:00+00:00,1613.016699771411
2025-06-18 00:00:00+00:00,1613.016699771411
2025-06-18 08:00:00+00:00,1613.016699771411
2025-06-18 16:00:00+00:00,1613.016699771411
2025-06-19 00:00:00+00:00,1613.016699771411
2025-06-19 08:00:00+00:00,1613.016699771411
2025-06-19 16:00:00+00:00,1613.016699771411
2025-06-20 00:00:00+00:00,1613.016699771411
2025-06-20 08:00:00+00:00,1613.016699771411
2025-06-20 16:00:00+00:00,1613.016699771411
2025-06-21 00:00:00+00:00,1613.016699771411
2025-06-21 08:00:00+00:00,1613.016699771411
2025-06-21 16:00:00+00:00,1613.016699771411
2025-06-22 00:00:00+00:00,1613.016699771411
2025-06-22 08:00:00+00:00,1613.016699771411
2025-06-22 16:00:00+00:00,1613.016699771411
2025-06-23 00:00:00+00:00,1613.016699771411
2025-06-23 08:00:00+00:00,1613.016699771411
2025-06-23 16:00:00+00:00,1613.016699771411
2025-06-24 00:00:00+00:00,1613.016699771411
2025-06-24 08:00:00+00:00,1613.016699771411
2025-06-24 16:00:00+00:00,1613.016699771411
2025-06-25 00:00:00+00:00,1613.016699771411
2025-06-25 08:00:00+00:00,1613.016699771411
2025-06-25 16:00:00+00:00,1613.016699771411
2025-06-26 00:00:00+00:00,1613.016699771411
2025-06-26 08:00:00+00:00,1613.016699771411
2025-06-26 16:00:00+00:00,1613.016699771411
2025-06-27 00:00:00+00:00,1613.016699771411
2025-06-27 08:00:00+00:00,1613.016699771411
2025-06-27 16:00:00+00:00,1613.016699771411
2025-06-28 00:00:00+00:00,1613.016699771411
2025-06-28 08:00:00+00:00,1613.016699771411
2025-06-28 16:00:00+00:00,1613.016699771411
2025-06-29 00:00:00+00:00,1613.016699771411
2025-06-29 08:00:00+00:00,1613.016699771411
2025-06-29 16:00:00+00:00,1613.016699771411
2025-06-30 00:00:00+00:00,1613.016699771411
2025-06-30 08:00:00+00:00,1613.016699771411
2025-06-30 16:00:00+00:00,1613.016699771411
2025-07-01 00:00:00+00:00,1613.016699771411
2025-07-01 08:00:00+00:00,1613.016699771411
2025-07-01 16:00:00+00:00,1613.016699771411
2025-07-02 00:00:00+00:00,1613.016699771411
2025-07-02 08:00:00+00:00,1613.016699771411
2025-07-02 16:00:00+00:00,1613.016699771411
2025-07-03 00:00:00+00:00,1613.016699771411
2025-07-03 08:00:00+00:00,1613.016699771411
2025-07-03 16:00:00+00:00,1613.016699771411
2025-07-04 00:00:00+00:00,1613.016699771411
2025-07-04 08:00:00+00:00,1613.016699771411
2025-07-04 16:00:00+00:00,1613.016699771411
2025-07-05 00:00:00+00:00,1613.016699771411
2025-07-05 08:00:00+00:00,1613.016699771411
2025-07-05 16:00:00+00:00,1613.016699771411
2025-07-06 00:00:00+00:00,1613.016699771411
2025-07-06 08:00:00+00:00,1613.016699771411
2025-07-06 16:00:00+00:00,1613.016699771411
2025-07-07 00:00:00+00:00,1613.016699771411
2025-07-07 08:00:00+00:00,1613.016699771411
2025-07-07 16:00:00+00:00,1613.016699771411
2025-07-08 00:00:00+00:00,1613.016699771411
2025-07-08 08:00:00+00:00,1613.016699771411
2025-07-08 16:00:00+00:00,1613.016699771411
2025-07-09 00:00:00+00:00,1613.016699771411
2025-07-09 08:00:00+00:00,1613.016699771411
2025-07-09 16:00:00+00:00,1613.016699771411
2025-07-10 00:00:00+00:00,1613.016699771411
2025-07-10 08:00:00+00:00,1613.016699771411
2025-07-10 16:00:00+00:00,1613.016699771411
2025-07-11 00:00:00+00:00,1613.016699771411
2025-07-11 08:00:00+00:00,1613.016699771411
2025-07-11 16:00:00+00:00,1613.016699771411
2025-07-12 00:00:00+00:00,1613.016699771411
2025-07-12 08:00:00+00:00,1613.016699771411
2025-07-12 16:00:00+00:00,1613.016699771411
2025-07-13 00:00:00+00:00,1613.016699771411
2025-07-13 08:00:00+00:00,1613.016699771411
2025-07-13 16:00:00+00:00,1613.016699771411
2025-07-14 00:00:00+00:00,1613.016699771411
2025-07-14 08:00:00+00:00,1613.016699771411
2025-07-14 16:00:00+00:00,1613.016699771411
2025-07-15 00:00:00+00:00,1613.016699771411
2025-07-15 08:00:00+00:00,1613.016699771411
2025-07-15 16:00:00+00:00,1613.016699771411
2025-07-16 00:00:00+00:00,1613.016699771411
2025-07-16 08:00:00+00:00,1613.016699771411
2025-07-16 16:00:00+00:00,1613.016699771411
2025-07-17 00:00:00+00:00,1613.016699771411
2025-07-17 08:00:00+00:00,1613.016699771411
2025-07-17 16:00:00+00:00,1613.016699771411
2025-07-18 00:00:00+00:00,1613.016699771411
2025-07-18 08:00:00+00:00,1613.016699771411
2025-07-18 16:00:00+00:00,1613.016699771411
2025-07-19 00:00:00+00:00,1613.016699771411
2025-07-19 08:00:00+00:00,1613.016699771411
2025-07-19 16:00:00+00:00,1613.016699771411
2025-07-20 00:00:00+00:00,1613.016699771411
2025-07-20 08:00:00+00:00,1613.016699771411
2025-07-20 16:00:00+00:00,1613.016699771411
2025-07-21 00:00:00+00:00,1613.016699771411
2025-07-21 08:00:00+00:00,1613.016699771411
2025-07-21 16:00:00+00:00,1613.016699771411
2025-07-22 00:00:00+00:00,1613.016699771411
2025-07-22 08:00:00+00:00,1613.016699771411
2025-07-22 16:00:00+00:00,1613.016699771411
2025-07-23 00:00:00+00:00,1613.016699771411
2025-07-23 08:00:00+00:00,1613.016699771411
2025-07-23 16:00:00+00:00,1613.016699771411
2025-07-24 00:00:00+00:00,1613.016699771411
2025-07-24 08:00:00+00:00,1613.016699771411
2025-07-24 16:00:00+00:00,1613.016699771411
2025-07-25 00:00:00+00:00,1613.016699771411
2025-07-25 08:00:00+00:00,1613.016699771411
2025-07-25 16:00:00+00:00,1613.016699771411
2025-07-26 00:00:00+00:00,1613.016699771411
2025-07-26 08:00:00+00:00,1613.016699771411
2025-07-26 16:00:00+00:00,1613.016699771411
2025-07-27 00:00:00+00:00,1613.016699771411
2025-07-27 08:00:00+00:00,1613.016699771411
2025-07-27 16:00:00+00:00,1613.016699771411
2025-07-28 00:00:00+00:00,1613.016699771411
2025-07-28 08:00:00+00:00,1613.016699771411
2025-07-28 16:00:00+00:00,1613.016699771411
2025-07-29 00:00:00+00:00,1613.016699771411
2025-07-29 08:00:00+00:00,1613.016699771411
2025-07-29 16:00:00+00:00,1613.016699771411
2025-07-30 00:00:00+00:00,1613.016699771411
2025-07-30 08:00:00+00:00,1613.016699771411
2025-07-30 16:00:00+00:00,1613.016699771411
2025-07-31 00:00:00+00:00,1613.016699771411
2025-07-31 08:00:00+00:00,1613.016699771411
2025-07-31 16:00:00+00:00,1613.016699771411
2025-08-01 00:00:00+00:00,1613.016699771411
2025-08-01 08:00:00+00:00,1613.016699771411
2025-08-01 16:00:00+00:00,1613.016699771411
2025-08-02 00:00:00+00:00,1613.016699771411
2025-08-02 08:00:00+00:00,1613.016699771411
2025-08-02 16:00:00+00:00,1613.016699771411
2025-08-03 00:00:00+00:00,1613.016699771411
2025-08-03 08:00:00+00:00,1613.016699771411
2025-08-03 16:00:00+00:00,1613.016699771411
2025-08-04 00:00:00+00:00,1613.016699771411
2025-08-04 08:00:00+00:00,1613.016699771411
2025-08-04 16:00:00+00:00,1613.016699771411
2025-08-05 00:00:00+00:00,1613.016699771411
2025-08-05 08:00:00+00:00,1613.016699771411
2025-08-05 16:00:00+00:00,1613.016699771411
2025-08-06 00:00:00+00:00,1613.016699771411
2025-08-06 08:00:00+00:00,1613.016699771411
2025-08-06 16:00:00+00:00,1613.016699771411
2025-08-07 00:00:00+00:00,1613.016699771411
2025-08-07 08:00:00+00:00,1613.016699771411
2025-08-07 16:00:00+00:00,1613.016699771411
2025-08-08 00:00:00+00:00,1613.016699771411
2025-08-08 08:00:00+00:00,1613.016699771411
2025-08-08 16:00:00+00:00,1613.016699771411
2025-08-09 00:00:00+00:00,1613.016699771411
2025-08-09 08:00:00+00:00,1613.016699771411
2025-08-09 16:00:00+00:00,1622.064056529835
2025-08-10 00:00:00+00:00,1619.1589629153557
2025-08-10 08:00:00+00:00,1623.3770200049978
2025-08-10 16:00:00+00:00,1622.312608352963
2025-08-11 00:00:00+00:00,1622.5372961292994
2025-08-11 08:00:00+00:00,1624.4939397030535
2025-08-11 16:00:00+00:00,1608.2824553928062
2025-08-12 00:00:00+00:00,1614.5206710641696
2025-08-12 08:00:00+00:00,1635.734628922387
2025-08-12 16:00:00+00:00,1638.2686286774278
2025-08-13 00:00:00+00:00,1637.0604881113995
2025-08-13 08:00:00+00:00,1643.1321921182373
2025-08-13 16:00:00+00:00,1655.9622212966206
2025-08-14 00:00:00+00:00,1652.3169490755974
2025-08-14 08:00:00+00:00,1620.5335000450923
2025-08-14 16:00:00+00:00,1612.618059029313
2025-08-15 00:00:00+00:00,1622.8782869469844
2025-08-15 08:00:00+00:00,1592.6396017438535
2025-08-15 16:00:00+00:00,1593.8732504291297
2025-08-16 00:00:00+00:00,1598.0409351350936
2025-08-16 08:00:00+00:00,1595.8255318985514
2025-08-16 16:00:00+00:00,1600.3746371742168
2025-08-17 00:00:00+00:00,1612.127843418375
2025-08-17 08:00:00+00:00,1628.322901682443
2025-08-17 16:00:00+00:00,1618.9695447216204
2025-08-18 00:00:00+00:00,1599.8622174302366
2025-08-18 08:00:00+00:00,1605.8889139145967
2025-08-18 16:00:00+00:00,1606.9252036452935
2025-08-19 00:00:00+00:00,1595.7170686247302
2025-08-19 08:00:00+00:00,1595.6536492770654
2025-08-19 16:00:00+00:00,1591.8541026219727
2025-08-20 00:00:00+00:00,1596.4146209728715
2025-08-20 08:00:00+00:00,1604.484027407881
2025-08-20 16:00:00+00:00,1607.1791178583105
2025-08-21 00:00:00+00:00,1603.1893333189475
2025-08-21 08:00:00+00:00,1599.9023827135773
2025-08-21 16:00:00+00:00,1598.4755683434626
2025-08-22 00:00:00+00:00,1599.6434338164281
2025-08-22 08:00:00+00:00,1607.2055459462917
2025-08-22 16:00:00+00:00,1609.0075544990962
2025-08-23 00:00:00+00:00,1604.1088332251918
2025-08-23 08:00:00+00:00,1604.7376846398165
2025-08-23 16:00:00+00:00,1606.2596179520667
2025-08-24 00:00:00+00:00,1602.6767372692257
2025-08-24 08:00:00+00:00,1602.460071296974
2025-08-24 16:00:00+00:00,1603.8393211563402
2025-08-25 00:00:00+00:00,1599.373931826939
2025-08-25 08:00:00+00:00,1596.372338047974
2025-08-25 16:00:00+00:00,1590.9346027157287
2025-08-26 00:00:00+00:00,1589.6451902126464
2025-08-26 08:00:00+00:00,1595.035361034143
2025-08-26 16:00:00+00:00,1596.1609637409363
2025-08-27 00:00:00+00:00,1595.035361034143
2025-08-27 08:00:00+00:00,1595.7170686247302
2025-08-27 16:00:00+00:00,1593.0431145970686
2025-08-28 00:00:00+00:00,1595.3524376137436
2025-08-28 08:00:00+00:00,1598.3276033047273
2025-08-28 16:00:00+00:00,1600.3938322611696
2025-08-29 00:00:00+00:00,1591.7537020939862
2025-08-29 08:00:00+00:00,1591.241106044264
2025-08-29 16:00:00+00:00,1591.0931410055289
2025-08-30 00:00:00+00:00,1588.3322074199862
2025-08-30 08:00:00+00:00,1588.3322074199862
2025-08-30 16:00:00+00:00,1588.3322074199862
2025-08-31 00:00:00+00:00,1588.3322074199862
2025-08-31 08:00:00+00:00,1588.3322074199862
2025-08-31 16:00:00+00:00,1588.3322074199862
2025-09-01 00:00:00+00:00,1588.3322074199862
2025-09-01 08:00:00+00:00,1588.3322074199862
2025-09-01 16:00:00+00:00,1588.3322074199862
2025-09-02 00:00:00+00:00,1588.3322074199862
2025-09-02 08:00:00+00:00,1588.3322074199862
2025-09-02 16:00:00+00:00,1588.3322074199862
2025-09-03 00:00:00+00:00,1588.3322074199862
2025-09-03 08:00:00+00:00,1588.3322074199862
2025-09-03 16:00:00+00:00,1588.3322074199862
2025-09-04 00:00:00+00:00,1588.3322074199862
2025-09-04 08:00:00+00:00,1588.3322074199862
2025-09-04 16:00:00+00:00,1588.3322074199862
2025-09-05 00:00:00+00:00,1588.3322074199862
2025-09-05 08:00:00+00:00,1588.3322074199862
2025-09-05 16:00:00+00:00,1588.3322074199862
2025-09-06 00:00:00+00:00,1588.3322074199862
2025-09-06 08:00:00+00:00,1588.3322074199862
2025-09-06 16:00:00+00:00,1588.3322074199862
2025-09-07 00:00:00+00:00,1588.3322074199862
2025-09-07 08:00:00+00:00,1588.3322074199862
2025-09-07 16:00:00+00:00,1588.3322074199862
2025-09-08 00:00:00+00:00,1588.3322074199862
2025-09-08 08:00:00+00:00,1588.3322074199862
2025-09-08 16:00:00+00:00,1588.3322074199862
2025-09-09 00:00:00+00:00,1588.3322074199862
2025-09-09 08:00:00+00:00,1588.3322074199862
2025-09-09 16:00:00+00:00,1588.3322074199862
2025-09-10 00:00:00+00:00,1588.3322074199862
2025-09-10 08:00:00+00:00,1588.3322074199862
2025-09-10 16:00:00+00:00,1588.3322074199862
2025-09-11 00:00:00+00:00,1588.3322074199862
2025-09-11 08:00:00+00:00,1588.3322074199862
2025-09-11 16:00:00+00:00,1588.3322074199862
2025-09-12 00:00:00+00:00,1588.3322074199862
2025-09-12 08:00:00+00:00,1588.3322074199862
2025-09-12 16:00:00+00:00,1588.3322074199862
2025-09-13 00:00:00+00:00,1588.3322074199862
2025-09-13 08:00:00+00:00,1588.3322074199862
2025-09-13 16:00:00+00:00,1588.3322074199862
2025-09-14 00:00:00+00:00,1588.3322074199862
2025-09-14 08:00:00+00:00,1588.3322074199862
2025-09-14 16:00:00+00:00,1588.3322074199862
2025-09-15 00:00:00+00:00,1588.3322074199862
2025-09-15 08:00:00+00:00,1588.3322074199862
2025-09-15 16:00:00+00:00,1588.3322074199862
2025-09-16 00:00:00+00:00,1588.3322074199862
2025-09-16 08:00:00+00:00,1588.3322074199862
2025-09-16 16:00:00+00:00,1588.3322074199862
2025-09-17 00:00:00+00:00,1588.3322074199862
2025-09-17 08:00:00+00:00,1588.3322074199862
2025-09-17 16:00:00+00:00,1588.3322074199862
2025-09-18 00:00:00+00:00,1588.3322074199862
2025-09-18 08:00:00+00:00,1588.3322074199862
2025-09-18 16:00:00+00:00,1588.3322074199862
2025-09-19 00:00:00+00:00,1588.3322074199862
2025-09-19 08:00:00+00:00,1588.3322074199862
2025-09-19 16:00:00+00:00,1588.3322074199862
2025-09-20 00:00:00+00:00,1588.3322074199862
2025-09-20 08:00:00+00:00,1588.3322074199862
2025-09-20 16:00:00+00:00,1588.3322074199862
2025-09-21 00:00:00+00:00,1588.3322074199862
2025-09-21 08:00:00+00:00,1588.3322074199862
2025-09-21 16:00:00+00:00,1588.3322074199862
2025-09-22 00:00:00+00:00,1588.3322074199862
2025-09-22 08:00:00+00:00,1588.3322074199862
2025-09-22 16:00:00+00:00,1588.3322074199862
2025-09-23 00:00:00+00:00,1588.3322074199862
2025-09-23 08:00:00+00:00,1588.3322074199862
2025-09-23 16:00:00+00:00,1588.3322074199862
2025-09-24 00:00:00+00:00,1588.3322074199862
2025-09-24 08:00:00+00:00,1588.3322074199862
2025-09-24 16:00:00+00:00,1588.3322074199862
2025-09-25 00:00:00+00:00,1588.3322074199862
2025-09-25 08:00:00+00:00,1588.3322074199862
2025-09-25 16:00:00+00:00,1588.3322074199862
2025-09-26 00:00:00+00:00,1588.3322074199862
2025-09-26 08:00:00+00:00,1588.3322074199862
2025-09-26 16:00:00+00:00,1588.3322074199862
2025-09-27 00:00:00+00:00,1588.3322074199862
2025-09-27 08:00:00+00:00,1588.3322074199862
2025-09-27 16:00:00+00:00,1588.3322074199862
2025-09-28 00:00:00+00:00,1588.3322074199862
2025-09-28 08:00:00+00:00,1588.3322074199862
2025-09-28 16:00:00+00:00,1588.3322074199862
2025-09-29 00:00:00+00:00,1588.3322074199862
2025-09-29 08:00:00+00:00,1588.3322074199862
2025-09-29 16:00:00+00:00,1588.3322074199862
2025-09-30 00:00:00+00:00,1588.3322074199862
2025-09-30 08:00:00+00:00,1588.3322074199862
2025-09-30 16:00:00+00:00,1588.3322074199862
2025-10-01 00:00:00+00:00,1588.3322074199862
2025-10-01 08:00:00+00:00,1588.3322074199862
2025-10-01 16:00:00+00:00,1588.3322074199862
2025-10-02 00:00:00+00:00,1588.3322074199862
2025-10-02 08:00:00+00:00,1588.3322074199862
2025-10-02 16:00:00+00:00,1588.3322074199862
2025-10-03 00:00:00+00:00,1588.3322074199862
2025-10-03 08:00:00+00:00,1588.3322074199862
2025-10-03 16:00:00+00:00,1588.3322074199862
2025-10-04 00:00:00+00:00,1591.7318726539027
2025-10-04 08:00:00+00:00,1581.0261328376662
2025-10-04 16:00:00+00:00,1583.9605628372728
2025-10-05 00:00:00+00:00,1599.3571220242945
2025-10-05 08:00:00+00:00,1592.187773207573
2025-10-05 16:00:00+00:00,1592.9951904938105
2025-10-06 00:00:00+00:00,1590.3710595761988
2025-10-06 08:00:00+00:00,1595.2902720659915
2025-10-06 16:00:00+00:00,1591.7862185266856
2025-10-07 00:00:00+00:00,1590.863630777777
2025-10-07 08:00:00+00:00,1577.3391900683928
2025-10-07 16:00:00+00:00,1574.861847726408
2025-10-08 00:00:00+00:00,1575.5811197060855
2025-10-08 08:00:00+00:00,1574.6083398165097
2025-10-08 16:00:00+00:00,1579.653812504547
2025-10-09 00:00:00+00:00,1569.020526368941
2025-10-09 08:00:00+00:00,1560.8958672649778
2025-10-09 16:00:00+00:00,1562.2545974739796
2025-10-10 00:00:00+00:00,1560.4120178736741
2025-10-10 08:00:00+00:00,1555.4071276089817
2025-10-10 16:00:00+00:00,1551.6870946990277
2025-10-11 00:00:00+00:00,1551.6870946990277
2025-10-11 08:00:00+00:00,1551.6870946990277
2025-10-11 16:00:00+00:00,1551.6870946990277
2025-10-12 00:00:00+00:00,1551.6870946990277
2025-10-12 08:00:00+00:00,1551.6870946990277
2025-10-12 16:00:00+00:00,1551.6870946990277
2025-10-13 00:00:00+00:00,1551.6870946990277
2025-10-13 08:00:00+00:00,1551.6870946990277
2025-10-13 16:00:00+00:00,1551.6870946990277
2025-10-14 00:00:00+00:00,1551.6870946990277
2025-10-14 08:00:00+00:00,1551.6870946990277
2025-10-14 16:00:00+00:00,1551.6870946990277
2025-10-15 00:00:00+00:00,1551.6870946990277
2025-10-15 08:00:00+00:00,1551.6870946990277
2025-10-15 16:00:00+00:00,1551.6870946990277
2025-10-16 00:00:00+00:00,1551.6870946990277
2025-10-16 08:00:00+00:00,1551.6870946990277
2025-10-16 16:00:00+00:00,1551.6870946990277
2025-10-17 00:00:00+00:00,1551.6870946990277
2025-10-17 08:00:00+00:00,1551.6870946990277
2025-10-17 16:00:00+00:00,1551.6870946990277
2025-10-18 00:00:00+00:00,1551.6870946990277
2025-10-18 08:00:00+00:00,1551.6870946990277
2025-10-18 16:00:00+00:00,1551.6870946990277
2025-10-19 00:00:00+00:00,1551.6870946990277
2025-10-19 08:00:00+00:00,1551.6870946990277
2025-10-19 16:00:00+00:00,1551.6870946990277
2025-10-20 00:00:00+00:00,1551.6870946990277
2025-10-20 08:00:00+00:00,1551.6870946990277
2025-10-20 16:00:00+00:00,1551.6870946990277
2025-10-21 00:00:00+00:00,1551.6870946990277
2025-10-21 08:00:00+00:00,1551.6870946990277
2025-10-21 16:00:00+00:00,1551.6870946990277
2025-10-22 00:00:00+00:00,1551.6870946990277
2025-10-22 08:00:00+00:00,1551.6870946990277
2025-10-22 16:00:00+00:00,1551.6870946990277
2025-10-23 00:00:00+00:00,1551.6870946990277
2025-10-23 08:00:00+00:00,1551.6870946990277
2025-10-23 16:00:00+00:00,1551.6870946990277
2025-10-24 00:00:00+00:00,1551.6870946990277
2025-10-24 08:00:00+00:00,1551.6870946990277
2025-10-24 16:00:00+00:00,1551.6870946990277
2025-10-25 00:00:00+00:00,1551.6870946990277
2025-10-25 08:00:00+00:00,1551.6870946990277
2025-10-25 16:00:00+00:00,1551.6870946990277
2025-10-26 00:00:00+00:00,1551.6870946990277
2025-10-26 08:00:00+00:00,1551.6870946990277
2025-10-26 16:00:00+00:00,1551.6870946990277
2025-10-27 00:00:00+00:00,1551.6870946990277
2025-10-27 08:00:00+00:00,1551.6870946990277
2025-10-27 16:00:00+00:00,1551.6870946990277
2025-10-28 00:00:00+00:00,1551.6870946990277
2025-10-28 08:00:00+00:00,1551.6870946990277
2025-10-28 16:00:00+00:00,1551.6870946990277
2025-10-29 00:00:00+00:00,1551.6870946990277
2025-10-29 08:00:00+00:00,1551.6870946990277
2025-10-29 16:00:00+00:00,1551.6870946990277
2025-10-30 00:00:00+00:00,1551.6870946990277
2025-10-30 08:00:00+00:00,1551.6870946990277
2025-10-30 16:00:00+00:00,1551.6870946990277
2025-10-31 00:00:00+00:00,1551.6870946990277
2025-10-31 08:00:00+00:00,1551.6870946990277
2025-10-31 16:00:00+00:00,1551.6870946990277
2025-11-01 00:00:00+00:00,1551.6870946990277
2025-11-01 08:00:00+00:00,1551.6870946990277
2025-11-01 16:00:00+00:00,1551.6870946990277
2025-11-02 00:00:00+00:00,1551.6870946990277
2025-11-02 08:00:00+00:00,1551.6870946990277
2025-11-02 16:00:00+00:00,1551.6870946990277
2025-11-03 00:00:00+00:00,1551.6870946990277
2025-11-03 08:00:00+00:00,1551.6870946990277
2025-11-03 16:00:00+00:00,1551.6870946990277
2025-11-04 00:00:00+00:00,1551.6870946990277
2025-11-04 08:00:00+00:00,1551.6870946990277
2025-11-04 16:00:00+00:00,1551.6870946990277
2025-11-05 00:00:00+00:00,1551.6870946990277
2025-11-05 08:00:00+00:00,1551.6870946990277
2025-11-05 16:00:00+00:00,1551.6870946990277
2025-11-06 00:00:00+00:00,1551.6870946990277
2025-11-06 08:00:00+00:00,1551.6870946990277
2025-11-06 16:00:00+00:00,1551.6870946990277
2025-11-07 00:00:00+00:00,1551.6870946990277
2025-11-07 08:00:00+00:00,1551.6870946990277
2025-11-07 16:00:00+00:00,1551.6870946990277
2025-11-08 00:00:00+00:00,1551.6870946990277
2025-11-08 08:00:00+00:00,1551.6870946990277
2025-11-08 16:00:00+00:00,1551.6870946990277
2025-11-09 00:00:00+00:00,1551.6870946990277
2025-11-09 08:00:00+00:00,1551.6870946990277
2025-11-09 16:00:00+00:00,1551.6870946990277
2025-11-10 00:00:00+00:00,1551.6870946990277
2025-11-10 08:00:00+00:00,1551.6870946990277
2025-11-10 16:00:00+00:00,1551.6870946990277
2025-11-11 00:00:00+00:00,1551.6870946990277
2025-11-11 08:00:00+00:00,1551.6870946990277
2025-11-11 16:00:00+00:00,1551.6870946990277
2025-11-12 00:00:00+00:00,1551.6870946990277
2025-11-12 08:00:00+00:00,1551.6870946990277
2025-11-12 16:00:00+00:00,1551.6870946990277
2025-11-13 00:00:00+00:00,1551.6870946990277
2025-11-13 08:00:00+00:00,1551.6870946990277
2025-11-13 16:00:00+00:00,1551.6870946990277
2025-11-14 00:00:00+00:00,1551.6870946990277
2025-11-14 08:00:00+00:00,1551.6870946990277
2025-11-14 16:00:00+00:00,1551.6870946990277
2025-11-15 00:00:00+00:00,1551.6870946990277
2025-11-15 08:00:00+00:00,1551.6870946990277
2025-11-15 16:00:00+00:00,1551.6870946990277
2025-11-16 00:00:00+00:00,1551.6870946990277
2025-11-16 08:00:00+00:00,1551.6870946990277
2025-11-16 16:00:00+00:00,1551.6870946990277
2025-11-17 00:00:00+00:00,1551.6870946990277
2025-11-17 08:00:00+00:00,1551.6870946990277
2025-11-17 16:00:00+00:00,1551.6870946990277
2025-11-18 00:00:00+00:00,1551.6870946990277
2025-11-18 08:00:00+00:00,1551.6870946990277
2025-11-18 16:00:00+00:00,1551.6870946990277
2025-11-19 00:00:00+00:00,1551.6870946990277
2025-11-19 08:00:00+00:00,1551.6870946990277
2025-11-19 16:00:00+00:00,1551.6870946990277
2025-11-20 00:00:00+00:00,1551.6870946990277
2025-11-20 08:00:00+00:00,1551.6870946990277
2025-11-20 16:00:00+00:00,1551.6870946990277
2025-11-21 00:00:00+00:00,1551.6870946990277
2025-11-21 08:00:00+00:00,1551.6870946990277
2025-11-21 16:00:00+00:00,1551.6870946990277
2025-11-22 00:00:00+00:00,1551.6870946990277
2025-11-22 08:00:00+00:00,1551.6870946990277
2025-11-22 16:00:00+00:00,1551.6870946990277
2025-11-23 00:00:00+00:00,1551.6870946990277
2025-11-23 08:00:00+00:00,1551.6870946990277
2025-11-23 16:00:00+00:00,1551.6870946990277
2025-11-24 00:00:00+00:00,1551.6870946990277
2025-11-24 08:00:00+00:00,1551.6870946990277
2025-11-24 16:00:00+00:00,1551.6870946990277
2025-11-25 00:00:00+00:00,1551.6870946990277
2025-11-25 08:00:00+00:00,1551.6870946990277
2025-11-25 16:00:00+00:00,1551.6870946990277
2025-11-26 00:00:00+00:00,1551.6870946990277
2025-11-26 08:00:00+00:00,1551.6870946990277
2025-11-26 16:00:00+00:00,1551.6870946990277
2025-11-27 00:00:00+00:00,1551.6870946990277
2025-11-27 08:00:00+00:00,1551.6870946990277
2025-11-27 16:00:00+00:00,1551.6870946990277
2025-11-28 00:00:00+00:00,1551.6870946990277
2025-11-28 08:00:00+00:00,1551.6870946990277
2025-11-28 16:00:00+00:00,1551.6870946990277
2025-11-29 00:00:00+00:00,1551.6870946990277
2025-11-29 08:00:00+00:00,1551.6870946990277
2025-11-29 16:00:00+00:00,1551.6870946990277
2025-11-30 00:00:00+00:00,1551.6870946990277
2025-11-30 08:00:00+00:00,1551.6870946990277
2025-11-30 16:00:00+00:00,1551.6870946990277
2025-12-01 00:00:00+00:00,1551.6870946990277
2025-12-01 08:00:00+00:00,1551.6870946990277
2025-12-01 16:00:00+00:00,1551.6870946990277
2025-12-02 00:00:00+00:00,1551.6870946990277
2025-12-02 08:00:00+00:00,1551.6870946990277
2025-12-02 16:00:00+00:00,1551.6870946990277
2025-12-03 00:00:00+00:00,1551.6870946990277
2025-12-03 08:00:00+00:00,1551.6870946990277
2025-12-03 16:00:00+00:00,1551.6870946990277
2025-12-04 00:00:00+00:00,1551.6870946990277
2025-12-04 08:00:00+00:00,1551.6870946990277
2025-12-04 16:00:00+00:00,1551.6870946990277
2025-12-05 00:00:00+00:00,1551.6870946990277
2025-12-05 08:00:00+00:00,1551.6870946990277
2025-12-05 16:00:00+00:00,1551.6870946990277
2025-12-06 00:00:00+00:00,1551.6870946990277
2025-12-06 08:00:00+00:00,1551.6870946990277
2025-12-06 16:00:00+00:00,1551.6870946990277
2025-12-07 00:00:00+00:00,1551.6870946990277
2025-12-07 08:00:00+00:00,1551.6870946990277
2025-12-07 16:00:00+00:00,1551.6870946990277
2025-12-08 00:00:00+00:00,1551.6870946990277
2025-12-08 08:00:00+00:00,1551.6870946990277
2025-12-08 16:00:00+00:00,1551.6870946990277
2025-12-09 00:00:00+00:00,1551.6870946990277
2025-12-09 08:00:00+00:00,1551.6870946990277
2025-12-09 16:00:00+00:00,1551.6870946990277
2025-12-10 00:00:00+00:00,1551.6870946990277
2025-12-10 08:00:00+00:00,1551.6870946990277
2025-12-10 16:00:00+00:00,1551.6870946990277
2025-12-11 00:00:00+00:00,1551.6870946990277
2025-12-11 08:00:00+00:00,1551.6870946990277
2025-12-11 16:00:00+00:00,1551.6870946990277
2025-12-12 00:00:00+00:00,1551.6870946990277
2025-12-12 08:00:00+00:00,1551.6870946990277
2025-12-12 16:00:00+00:00,1551.6870946990277
2025-12-13 00:00:00+00:00,1551.6870946990277
2025-12-13 08:00:00+00:00,1551.6870946990277
2025-12-13 16:00:00+00:00,1551.6870946990277
2025-12-14 00:00:00+00:00,1551.6870946990277
2025-12-14 08:00:00+00:00,1551.6870946990277
2025-12-14 16:00:00+00:00,1551.6870946990277
2025-12-15 00:00:00+00:00,1551.6870946990277
2025-12-15 08:00:00+00:00,1551.6870946990277
2025-12-15 16:00:00+00:00,1551.6870946990277
2025-12-16 00:00:00+00:00,1551.6870946990277
2025-12-16 08:00:00+00:00,1551.6870946990277
2025-12-16 16:00:00+00:00,1551.6870946990277
2025-12-17 00:00:00+00:00,1551.6870946990277
2025-12-17 08:00:00+00:00,1551.6870946990277
2025-12-17 16:00:00+00:00,1551.6870946990277
2025-12-18 00:00:00+00:00,1551.6870946990277
2025-12-18 08:00:00+00:00,1551.6870946990277
2025-12-18 16:00:00+00:00,1551.6870946990277
2025-12-19 00:00:00+00:00,1551.6870946990277
2025-12-19 08:00:00+00:00,1551.6870946990277
2025-12-19 16:00:00+00:00,1551.6870946990277
2025-12-20 00:00:00+00:00,1551.6870946990277
2025-12-20 08:00:00+00:00,1551.6870946990277
2025-12-20 16:00:00+00:00,1551.6870946990277
2025-12-21 00:00:00+00:00,1551.6870946990277
2025-12-21 08:00:00+00:00,1551.6870946990277
2025-12-21 16:00:00+00:00,1551.6870946990277
2025-12-22 00:00:00+00:00,1551.6870946990277
2025-12-22 08:00:00+00:00,1551.6870946990277
2025-12-22 16:00:00+00:00,1551.6870946990277
2025-12-23 00:00:00+00:00,1551.6870946990277
2025-12-23 08:00:00+00:00,1551.6870946990277
2025-12-23 16:00:00+00:00,1551.6870946990277
2025-12-24 00:00:00+00:00,1551.6870946990277
2025-12-24 08:00:00+00:00,1551.6870946990277
2025-12-24 16:00:00+00:00,1551.6870946990277
2025-12-25 00:00:00+00:00,1551.6870946990277
2025-12-25 08:00:00+00:00,1551.6870946990277
2025-12-25 16:00:00+00:00,1551.6870946990277
2025-12-26 00:00:00+00:00,1551.6870946990277
2025-12-26 08:00:00+00:00,1551.6870946990277
2025-12-26 16:00:00+00:00,1551.6870946990277
2025-12-27 00:00:00+00:00,1551.6870946990277
2025-12-27 08:00:00+00:00,1551.6870946990277
2025-12-27 16:00:00+00:00,1551.6870946990277
2025-12-28 00:00:00+00:00,1551.6870946990277
2025-12-28 08:00:00+00:00,1551.6870946990277
2025-12-28 16:00:00+00:00,1551.6870946990277
2025-12-29 00:00:00+00:00,1551.6870946990277
2025-12-29 08:00:00+00:00,1551.6870946990277
2025-12-29 16:00:00+00:00,1551.6870946990277
2025-12-30 00:00:00+00:00,1551.6870946990277
2025-12-30 08:00:00+00:00,1551.6870946990277
2025-12-30 16:00:00+00:00,1551.6870946990277
2025-12-31 00:00:00+00:00,1551.6870946990277
2025-12-31 08:00:00+00:00,1551.6870946990277
2025-12-31 16:00:00+00:00,1551.6870946990277
2026-01-01 00:00:00+00:00,1551.6870946990277
2026-01-01 08:00:00+00:00,1551.6870946990277
2026-01-01 16:00:00+00:00,1551.6870946990277
2026-01-02 00:00:00+00:00,1551.6870946990277
2026-01-02 08:00:00+00:00,1551.6870946990277
2026-01-02 16:00:00+00:00,1551.6870946990277
2026-01-03 00:00:00+00:00,1551.6870946990277
2026-01-03 08:00:00+00:00,1551.6870946990277
2026-01-03 16:00:00+00:00,1551.6870946990277
2026-01-04 00:00:00+00:00,1551.6870946990277
2026-01-04 08:00:00+00:00,1551.6870946990277
2026-01-04 16:00:00+00:00,1551.6870946990277
2026-01-05 00:00:00+00:00,1551.6870946990277
2026-01-05 08:00:00+00:00,1551.6870946990277
2026-01-05 16:00:00+00:00,1551.6870946990277
2026-01-06 00:00:00+00:00,1551.6870946990277
2026-01-06 08:00:00+00:00,1551.6870946990277
2026-01-06 16:00:00+00:00,1551.6870946990277
2026-01-07 00:00:00+00:00,1551.6870946990277
2026-01-07 08:00:00+00:00,1551.6870946990277
2026-01-07 16:00:00+00:00,1551.6870946990277
2026-01-08 00:00:00+00:00,1551.6870946990277
2026-01-08 08:00:00+00:00,1551.6870946990277
2026-01-08 16:00:00+00:00,1551.6870946990277
2026-01-09 00:00:00+00:00,1551.6870946990277
2026-01-09 08:00:00+00:00,1551.6870946990277
2026-01-09 16:00:00+00:00,1551.6870946990277
2026-01-10 00:00:00+00:00,1551.6870946990277
2026-01-10 08:00:00+00:00,1551.6870946990277
2026-01-10 16:00:00+00:00,1551.6870946990277
2026-01-11 00:00:00+00:00,1551.6870946990277
2026-01-11 08:00:00+00:00,1551.6870946990277
2026-01-11 16:00:00+00:00,1551.6870946990277
2026-01-12 00:00:00+00:00,1551.6870946990277
2026-01-12 08:00:00+00:00,1551.6870946990277
2026-01-12 16:00:00+00:00,1551.6870946990277
2026-01-13 00:00:00+00:00,1551.6870946990277
2026-01-13 08:00:00+00:00,1551.6870946990277
2026-01-13 16:00:00+00:00,1551.6870946990277
2026-01-14 00:00:00+00:00,1551.6870946990277
2026-01-14 08:00:00+00:00,1551.6870946990277
2026-01-14 16:00:00+00:00,1551.6870946990277
2026-01-15 00:00:00+00:00,1551.6870946990277
2026-01-15 08:00:00+00:00,1551.6870946990277
2026-01-15 16:00:00+00:00,1551.6870946990277
2026-01-16 00:00:00+00:00,1551.6870946990277
2026-01-16 08:00:00+00:00,1551.6870946990277
2026-01-16 16:00:00+00:00,1551.6870946990277
2026-01-17 00:00:00+00:00,1551.6870946990277
2026-01-17 08:00:00+00:00,1551.6870946990277
2026-01-17 16:00:00+00:00,1551.6870946990277
2026-01-18 00:00:00+00:00,1551.6870946990277
2026-01-18 08:00:00+00:00,1551.6870946990277
2026-01-18 16:00:00+00:00,1551.6870946990277
2026-01-19 00:00:00+00:00,1551.6870946990277
2026-01-19 08:00:00+00:00,1551.6870946990277
2026-01-19 16:00:00+00:00,1551.6870946990277
2026-01-20 00:00:00+00:00,1551.6870946990277
2026-01-20 08:00:00+00:00,1551.6870946990277
2026-01-20 16:00:00+00:00,1551.6870946990277
2026-01-21 00:00:00+00:00,1551.6870946990277
2026-01-21 08:00:00+00:00,1551.6870946990277
2026-01-21 16:00:00+00:00,1551.6870946990277
2026-01-22 00:00:00+00:00,1551.6870946990277
2026-01-22 08:00:00+00:00,1551.6870946990277
2026-01-22 16:00:00+00:00,1551.6870946990277
2026-01-23 00:00:00+00:00,1551.6870946990277
2026-01-23 08:00:00+00:00,1551.6870946990277
2026-01-23 16:00:00+00:00,1551.6870946990277
2026-01-24 00:00:00+00:00,1551.6870946990277
2026-01-24 08:00:00+00:00,1551.6870946990277
2026-01-24 16:00:00+00:00,1551.6870946990277
2026-01-25 00:00:00+00:00,1551.6870946990277
2026-01-25 08:00:00+00:00,1551.6870946990277
2026-01-25 16:00:00+00:00,1551.6870946990277
2026-01-26 00:00:00+00:00,1551.6870946990277
2026-01-26 08:00:00+00:00,1551.6870946990277
2026-01-26 16:00:00+00:00,1551.6870946990277
2026-01-27 00:00:00+00:00,1551.6870946990277
2026-01-27 08:00:00+00:00,1551.6870946990277
2026-01-27 16:00:00+00:00,1551.6870946990277
2026-01-28 00:00:00+00:00,1551.6870946990277
2026-01-28 08:00:00+00:00,1551.6870946990277
2026-01-28 16:00:00+00:00,1551.6870946990277
2026-01-29 00:00:00+00:00,1551.6870946990277
2026-01-29 08:00:00+00:00,1551.6870946990277
2026-01-29 16:00:00+00:00,1551.6870946990277
2026-01-30 00:00:00+00:00,1551.6870946990277
2026-01-30 08:00:00+00:00,1551.6870946990277
2026-01-30 16:00:00+00:00,1551.6870946990277
2026-01-31 00:00:00+00:00,1551.6870946990277
2026-01-31 08:00:00+00:00,1551.6870946990277
2026-01-31 16:00:00+00:00,1551.6870946990277
2026-02-01 00:00:00+00:00,1551.6870946990277
2026-02-01 08:00:00+00:00,1551.6870946990277
2026-02-01 16:00:00+00:00,1551.6870946990277
2026-02-02 00:00:00+00:00,1551.6870946990277
2026-02-02 08:00:00+00:00,1551.6870946990277
2026-02-02 16:00:00+00:00,1551.6870946990277
2026-02-03 00:00:00+00:00,1551.6870946990277
2026-02-03 08:00:00+00:00,1551.6870946990277
2026-02-03 16:00:00+00:00,1551.6870946990277
2026-02-04 00:00:00+00:00,1551.6870946990277
2026-02-04 08:00:00+00:00,1551.6870946990277
2026-02-04 16:00:00+00:00,1551.6870946990277
2026-02-05 00:00:00+00:00,1551.6870946990277
2026-02-05 08:00:00+00:00,1551.6870946990277
2026-02-05 16:00:00+00:00,1551.6870946990277
2026-02-06 00:00:00+00:00,1551.6870946990277
2026-02-06 08:00:00+00:00,1551.6870946990277
2026-02-06 16:00:00+00:00,1551.6870946990277
2026-02-07 00:00:00+00:00,1551.6870946990277
2026-02-07 08:00:00+00:00,1551.6870946990277
2026-02-07 16:00:00+00:00,1551.6870946990277
2026-02-08 00:00:00+00:00,1551.6870946990277
2026-02-08 08:00:00+00:00,1551.6870946990277
2026-02-08 16:00:00+00:00,1551.6870946990277
2026-02-09 00:00:00+00:00,1551.6870946990277
2026-02-09 08:00:00+00:00,1551.6870946990277
2026-02-09 16:00:00+00:00,1551.6870946990277
2026-02-10 00:00:00+00:00,1551.6870946990277
2026-02-10 08:00:00+00:00,1551.6870946990277
2026-02-10 16:00:00+00:00,1551.6870946990277
2026-02-11 00:00:00+00:00,1551.6870946990277
2026-02-11 08:00:00+00:00,1551.6870946990277
2026-02-11 16:00:00+00:00,1551.6870946990277
2026-02-12 00:00:00+00:00,1551.6870946990277
2026-02-12 08:00:00+00:00,1551.6870946990277
2026-02-12 16:00:00+00:00,1551.6870946990277
2026-02-13 00:00:00+00:00,1551.6870946990277
2026-02-13 08:00:00+00:00,1551.6870946990277
2026-02-13 16:00:00+00:00,1551.6870946990277
2026-02-14 00:00:00+00:00,1551.6870946990277
2026-02-14 08:00:00+00:00,1551.6870946990277
2026-02-14 16:00:00+00:00,1551.6870946990277
2026-02-15 00:00:00+00:00,1551.6870946990277
2026-02-15 08:00:00+00:00,1551.6870946990277
2026-02-15 16:00:00+00:00,1551.6870946990277
2026-02-16 00:00:00+00:00,1551.6870946990277
2026-02-16 08:00:00+00:00,1551.6870946990277
2026-02-16 16:00:00+00:00,1551.6870946990277
2026-02-17 00:00:00+00:00,1551.6870946990277
2026-02-17 08:00:00+00:00,1551.6870946990277
2026-02-17 16:00:00+00:00,1551.6870946990277
2026-02-18 00:00:00+00:00,1551.6870946990277
2026-02-18 08:00:00+00:00,1551.6870946990277
2026-02-18 16:00:00+00:00,1551.6870946990277
2026-02-19 00:00:00+00:00,1551.6870946990277
2026-02-19 08:00:00+00:00,1551.6870946990277
2026-02-19 16:00:00+00:00,1551.6870946990277
2026-02-20 00:00:00+00:00,1551.6870946990277
2026-02-20 08:00:00+00:00,1551.6870946990277
2026-02-20 16:00:00+00:00,1551.6870946990277
2026-02-21 00:00:00+00:00,1551.6870946990277
2026-02-21 08:00:00+00:00,1551.6870946990277
2026-02-21 16:00:00+00:00,1551.6870946990277
2026-02-22 00:00:00+00:00,1551.6870946990277
2026-02-22 08:00:00+00:00,1551.6870946990277
2026-02-22 16:00:00+00:00,1551.6870946990277
2026-02-23 00:00:00+00:00,1551.6870946990277
2026-02-23 08:00:00+00:00,1551.6870946990277
2026-02-23 16:00:00+00:00,1551.6870946990277
2026-02-24 00:00:00+00:00,1551.6870946990277
2026-02-24 08:00:00+00:00,1551.6870946990277
2026-02-24 16:00:00+00:00,1551.6870946990277
2026-02-25 00:00:00+00:00,1551.6870946990277
2026-02-25 08:00:00+00:00,1551.6870946990277
2026-02-25 16:00:00+00:00,1551.6870946990277
2026-02-26 00:00:00+00:00,1551.6870946990277
2026-02-26 08:00:00+00:00,1551.6870946990277
2026-02-26 16:00:00+00:00,1551.6870946990277
2026-02-27 00:00:00+00:00,1551.6870946990277
2026-02-27 08:00:00+00:00,1551.6870946990277
2026-02-27 16:00:00+00:00,1551.6870946990277
2026-02-28 00:00:00+00:00,1551.6870946990277
2026-02-28 08:00:00+00:00,1551.6870946990277
2026-02-28 16:00:00+00:00,1551.6870946990277
2026-03-01 00:00:00+00:00,1551.6870946990277
2026-03-01 08:00:00+00:00,1551.6870946990277
2026-03-01 16:00:00+00:00,1551.6870946990277
2026-03-02 00:00:00+00:00,1551.6870946990277
2026-03-02 08:00:00+00:00,1551.6870946990277
2026-03-02 16:00:00+00:00,1551.6870946990277
2026-03-03 00:00:00+00:00,1551.6870946990277
2026-03-03 08:00:00+00:00,1551.6870946990277
2026-03-03 16:00:00+00:00,1551.6870946990277
2026-03-04 00:00:00+00:00,1551.6870946990277
2026-03-04 08:00:00+00:00,1551.6870946990277
2026-03-04 16:00:00+00:00,1551.6870946990277
2026-03-05 00:00:00+00:00,1551.6870946990277
2026-03-05 08:00:00+00:00,1551.6870946990277
2026-03-05 16:00:00+00:00,1551.6870946990277
2026-03-06 00:00:00+00:00,1551.6870946990277
2026-03-06 08:00:00+00:00,1551.6870946990277
2026-03-06 16:00:00+00:00,1551.6870946990277
2026-03-07 00:00:00+00:00,1551.6870946990277
2026-03-07 08:00:00+00:00,1551.6870946990277
2026-03-07 16:00:00+00:00,1551.6870946990277
2026-03-08 00:00:00+00:00,1551.6870946990277
2026-03-08 08:00:00+00:00,1551.6870946990277
2026-03-08 16:00:00+00:00,1551.6870946990277
2026-03-09 00:00:00+00:00,1551.6870946990277
2026-03-09 08:00:00+00:00,1551.6870946990277
2026-03-09 16:00:00+00:00,1551.6870946990277
2026-03-10 00:00:00+00:00,1551.6870946990277
2026-03-10 08:00:00+00:00,1551.6870946990277
2026-03-10 16:00:00+00:00,1551.6870946990277
2026-03-11 00:00:00+00:00,1551.6870946990277
2026-03-11 08:00:00+00:00,1551.6870946990277
2026-03-11 16:00:00+00:00,1551.6870946990277
2026-03-12 00:00:00+00:00,1551.6870946990277
2026-03-12 08:00:00+00:00,1551.6870946990277
2026-03-12 16:00:00+00:00,1551.6870946990277
2026-03-13 00:00:00+00:00,1551.6870946990277
2026-03-13 08:00:00+00:00,1551.6870946990277
2026-03-13 16:00:00+00:00,1551.6870946990277
2026-03-14 00:00:00+00:00,1551.6870946990277
2026-03-14 08:00:00+00:00,1551.6870946990277
2026-03-14 16:00:00+00:00,1551.6870946990277
2026-03-15 00:00:00+00:00,1551.6870946990277
2026-03-15 08:00:00+00:00,1551.6870946990277
2026-03-15 16:00:00+00:00,1551.6870946990277
2026-03-16 00:00:00+00:00,1551.6870946990277
2026-03-16 08:00:00+00:00,1551.6870946990277
2026-03-16 16:00:00+00:00,1551.6870946990277
2026-03-17 00:00:00+00:00,1551.6870946990277
2026-03-17 08:00:00+00:00,1551.6870946990277
2026-03-17 16:00:00+00:00,1551.6870946990277
2026-03-18 00:00:00+00:00,1551.6870946990277
2026-03-18 08:00:00+00:00,1551.6870946990277
2026-03-18 16:00:00+00:00,1551.6870946990277
2026-03-19 00:00:00+00:00,1551.6870946990277
2026-03-19 08:00:00+00:00,1551.6870946990277
2026-03-19 16:00:00+00:00,1551.6870946990277
2026-03-20 00:00:00+00:00,1551.6870946990277
2026-03-20 08:00:00+00:00,1551.6870946990277
2026-03-20 16:00:00+00:00,1551.6870946990277
2026-03-21 00:00:00+00:00,1551.6870946990277
2026-03-21 08:00:00+00:00,1551.6870946990277
2026-03-21 16:00:00+00:00,1551.6870946990277
2026-03-22 00:00:00+00:00,1551.6870946990277
2026-03-22 08:00:00+00:00,1551.6870946990277
2026-03-22 16:00:00+00:00,1551.6870946990277
2026-03-23 00:00:00+00:00,1551.6870946990277
2026-03-23 08:00:00+00:00,1551.6870946990277
2026-03-23 16:00:00+00:00,1551.6870946990277
2026-03-24 00:00:00+00:00,1551.6870946990277
2026-03-24 08:00:00+00:00,1551.6870946990277
2026-03-24 16:00:00+00:00,1551.6870946990277
2026-03-25 00:00:00+00:00,1551.6870946990277
2026-03-25 08:00:00+00:00,1551.6870946990277
2026-03-25 16:00:00+00:00,1551.6870946990277
2026-03-26 00:00:00+00:00,1551.6870946990277
2026-03-26 08:00:00+00:00,1551.6870946990277
2026-03-26 16:00:00+00:00,1551.6870946990277
2026-03-27 00:00:00+00:00,1551.6870946990277
2026-03-27 08:00:00+00:00,1551.6870946990277
2026-03-27 16:00:00+00:00,1551.6870946990277
2026-03-28 00:00:00+00:00,1551.6870946990277
2026-03-28 08:00:00+00:00,1551.6870946990277
2026-03-28 16:00:00+00:00,1551.6870946990277
2026-03-29 00:00:00+00:00,1551.6870946990277
2026-03-29 08:00:00+00:00,1551.6870946990277
2026-03-29 16:00:00+00:00,1551.6870946990277
2026-03-30 00:00:00+00:00,1551.6870946990277
2026-03-30 08:00:00+00:00,1551.6870946990277
2026-03-30 16:00:00+00:00,1551.6870946990277
2026-03-31 00:00:00+00:00,1551.6870946990277
2026-03-31 08:00:00+00:00,1551.6870946990277
2026-03-31 16:00:00+00:00,1551.6870946990277
2026-04-01 00:00:00+00:00,1551.6870946990277
2026-04-01 08:00:00+00:00,1551.6870946990277
2026-04-01 16:00:00+00:00,1551.6870946990277
2026-04-02 00:00:00+00:00,1551.6870946990277
2026-04-02 08:00:00+00:00,1551.6870946990277
2026-04-02 16:00:00+00:00,1551.6870946990277
2026-04-03 00:00:00+00:00,1551.6870946990277
2026-04-03 08:00:00+00:00,1551.6870946990277
2026-04-03 16:00:00+00:00,1551.6870946990277
2026-04-04 00:00:00+00:00,1551.6870946990277
2026-04-04 08:00:00+00:00,1551.6870946990277
2026-04-04 16:00:00+00:00,1551.6870946990277
2026-04-05 00:00:00+00:00,1551.6870946990277
2026-04-05 08:00:00+00:00,1551.6870946990277
2026-04-05 16:00:00+00:00,1551.6870946990277
2026-04-06 00:00:00+00:00,1551.6870946990277
2026-04-06 08:00:00+00:00,1551.6870946990277
2026-04-06 16:00:00+00:00,1551.6870946990277
2026-04-07 00:00:00+00:00,1551.6870946990277
2026-04-07 08:00:00+00:00,1551.6870946990277
2026-04-07 16:00:00+00:00,1551.6870946990277
2026-04-08 00:00:00+00:00,1551.6870946990277
2026-04-08 08:00:00+00:00,1551.6870946990277
2026-04-08 16:00:00+00:00,1551.6870946990277
2026-04-09 00:00:00+00:00,1551.6870946990277
2026-04-09 08:00:00+00:00,1551.6870946990277
2026-04-09 16:00:00+00:00,1551.6870946990277
2026-04-10 00:00:00+00:00,1551.6870946990277
2026-04-10 08:00:00+00:00,1551.6870946990277
2026-04-10 16:00:00+00:00,1551.6870946990277
2026-04-11 00:00:00+00:00,1551.6870946990277
2026-04-11 08:00:00+00:00,1551.6870946990277
2026-04-11 16:00:00+00:00,1551.6870946990277
2026-04-12 00:00:00+00:00,1551.6870946990277
2026-04-12 08:00:00+00:00,1551.6870946990277
2026-04-12 16:00:00+00:00,1551.6870946990277
2026-04-13 00:00:00+00:00,1551.6870946990277
2026-04-13 08:00:00+00:00,1551.6870946990277
2026-04-13 16:00:00+00:00,1551.6870946990277
2026-04-14 00:00:00+00:00,1551.6870946990277
2026-04-14 08:00:00+00:00,1551.6870946990277
2026-04-14 16:00:00+00:00,1551.6870946990277
2026-04-15 00:00:00+00:00,1551.6870946990277
2026-04-15 08:00:00+00:00,1551.6870946990277
2026-04-15 16:00:00+00:00,1551.6870946990277
2026-04-16 00:00:00+00:00,1551.6870946990277
2026-04-16 08:00:00+00:00,1551.6870946990277
2026-04-16 16:00:00+00:00,1551.6870946990277
2026-04-17 00:00:00+00:00,1551.6870946990277
2026-04-17 08:00:00+00:00,1551.6870946990277
2026-04-17 16:00:00+00:00,1551.6870946990277
2026-04-18 00:00:00+00:00,1551.6870946990277
2026-04-18 08:00:00+00:00,1551.6870946990277
2026-04-18 16:00:00+00:00,1551.6870946990277
2026-04-19 00:00:00+00:00,1551.6870946990277
2026-04-19 08:00:00+00:00,1551.6870946990277
2026-04-19 16:00:00+00:00,1551.6870946990277
2026-04-20 00:00:00+00:00,1551.6870946990277
2026-04-20 08:00:00+00:00,1551.6870946990277
2026-04-20 16:00:00+00:00,1551.6870946990277
2026-04-21 00:00:00+00:00,1551.6870946990277
2026-04-21 08:00:00+00:00,1551.6870946990277
2026-04-21 16:00:00+00:00,1551.6870946990277
2026-04-22 00:00:00+00:00,1551.6870946990277
2026-04-22 08:00:00+00:00,1551.6870946990277
2026-04-22 16:00:00+00:00,1551.6870946990277
2026-04-23 00:00:00+00:00,1546.5906338610384
2026-04-23 08:00:00+00:00,1547.889177507989
2026-04-23 16:00:00+00:00,1547.4067366052418
2026-04-24 00:00:00+00:00,1545.0790385983187
2026-04-24 08:00:00+00:00,1546.6017426976146
2026-04-24 16:00:00+00:00,1544.1419288842653
2026-04-25 00:00:00+00:00,1544.1419288842653
2026-04-25 08:00:00+00:00,1544.1419288842653
2026-04-25 16:00:00+00:00,1544.1419288842653
2026-04-26 00:00:00+00:00,1544.1419288842653
2026-04-26 08:00:00+00:00,1544.1419288842653
2026-04-26 16:00:00+00:00,1544.1419288842653
2026-04-27 00:00:00+00:00,1544.1419288842653
2026-04-27 08:00:00+00:00,1544.1419288842653
2026-04-27 16:00:00+00:00,1544.1419288842653
2026-04-28 00:00:00+00:00,1544.1419288842653
2026-04-28 08:00:00+00:00,1544.1419288842653
2026-04-28 16:00:00+00:00,1544.1419288842653
2026-04-29 00:00:00+00:00,1544.1419288842653
2026-04-29 08:00:00+00:00,1544.1419288842653
2026-04-29 16:00:00+00:00,1544.1419288842653
2026-04-30 00:00:00+00:00,1544.1419288842653
2026-04-30 08:00:00+00:00,1544.1419288842653
2026-04-30 16:00:00+00:00,1544.1419288842653
2026-05-01 00:00:00+00:00,1544.1419288842653
2026-05-01 08:00:00+00:00,1544.1419288842653
2026-05-01 16:00:00+00:00,1544.1419288842653
2026-05-02 00:00:00+00:00,1544.1419288842653
2026-05-02 08:00:00+00:00,1544.1419288842653
2026-05-02 16:00:00+00:00,1544.1419288842653
2026-05-03 00:00:00+00:00,1544.1419288842653
2026-05-03 08:00:00+00:00,1544.1419288842653
2026-05-03 16:00:00+00:00,1544.1419288842653
2026-05-04 00:00:00+00:00,1544.1419288842653
2026-05-04 08:00:00+00:00,1544.1419288842653
2026-05-04 16:00:00+00:00,1544.1419288842653
2026-05-05 00:00:00+00:00,1544.1419288842653
2026-05-05 08:00:00+00:00,1544.1419288842653
2026-05-05 16:00:00+00:00,1544.1419288842653
2026-05-06 00:00:00+00:00,1544.1419288842653
2026-05-06 08:00:00+00:00,1544.1419288842653
2026-05-06 16:00:00+00:00,1544.1419288842653
2026-05-07 00:00:00+00:00,1544.1419288842653
2026-05-07 08:00:00+00:00,1544.1419288842653
2026-05-07 16:00:00+00:00,1544.1419288842653
2026-05-08 00:00:00+00:00,1544.1419288842653
2026-05-08 08:00:00+00:00,1544.1419288842653
2026-05-08 16:00:00+00:00,1544.1419288842653
2026-05-09 00:00:00+00:00,1544.1419288842653
2026-05-09 08:00:00+00:00,1544.1419288842653
2026-05-09 16:00:00+00:00,1544.1419288842653
2026-05-10 00:00:00+00:00,1544.1419288842653
2026-05-10 08:00:00+00:00,1544.1419288842653
2026-05-10 16:00:00+00:00,1544.1419288842653
2026-05-11 00:00:00+00:00,1544.1419288842653
2026-05-11 08:00:00+00:00,1544.1419288842653
2026-05-11 16:00:00+00:00,1544.1419288842653
2026-05-12 00:00:00+00:00,1544.1419288842653
2026-05-12 08:00:00+00:00,1544.1419288842653
2026-05-12 16:00:00+00:00,1544.1419288842653
2026-05-13 00:00:00+00:00,1544.1419288842653
2026-05-13 08:00:00+00:00,1544.1419288842653
2026-05-13 16:00:00+00:00,1544.1419288842653
2026-05-14 00:00:00+00:00,1544.1419288842653
2026-05-14 08:00:00+00:00,1544.1419288842653
2026-05-14 16:00:00+00:00,1544.1419288842653
2026-05-15 00:00:00+00:00,1544.1419288842653
2026-05-15 08:00:00+00:00,1544.1419288842653
2026-05-15 16:00:00+00:00,1544.1419288842653
2026-05-16 00:00:00+00:00,1544.1419288842653
2026-05-16 08:00:00+00:00,1544.1419288842653
2026-05-16 16:00:00+00:00,1544.1419288842653
2026-05-17 00:00:00+00:00,1544.1419288842653
2026-05-17 08:00:00+00:00,1544.1419288842653
2026-05-17 16:00:00+00:00,1544.1419288842653
2026-05-18 00:00:00+00:00,1544.1419288842653
2026-05-18 08:00:00+00:00,1544.1419288842653
2026-05-18 16:00:00+00:00,1544.1419288842653
2026-05-19 00:00:00+00:00,1544.1419288842653
2026-05-19 08:00:00+00:00,1544.1419288842653
2026-05-19 16:00:00+00:00,1544.1419288842653
2026-05-20 00:00:00+00:00,1544.1419288842653
2026-05-20 08:00:00+00:00,1544.1419288842653
2026-05-20 16:00:00+00:00,1544.1419288842653
2026-05-21 00:00:00+00:00,1544.1419288842653
2026-05-21 08:00:00+00:00,1544.1419288842653
2026-05-21 16:00:00+00:00,1544.1419288842653
2026-05-22 00:00:00+00:00,1544.1419288842653
2026-05-22 08:00:00+00:00,1544.1419288842653
2026-05-22 16:00:00+00:00,1544.1419288842653
2026-05-23 00:00:00+00:00,1544.1419288842653
2026-05-23 08:00:00+00:00,1544.1419288842653
2026-05-23 16:00:00+00:00,1544.1419288842653
2026-05-24 00:00:00+00:00,1544.1419288842653
2026-05-24 08:00:00+00:00,1544.1419288842653
2026-05-24 16:00:00+00:00,1544.1419288842653
2026-05-25 00:00:00+00:00,1544.1419288842653
2026-05-25 08:00:00+00:00,1544.1419288842653
2026-05-25 16:00:00+00:00,1544.1419288842653
2026-05-26 00:00:00+00:00,1544.1419288842653
2026-05-26 08:00:00+00:00,1544.1419288842653
2026-05-26 16:00:00+00:00,1544.1419288842653
2026-05-27 00:00:00+00:00,1544.1419288842653
2026-05-27 08:00:00+00:00,1544.1419288842653
2026-05-27 16:00:00+00:00,1544.1419288842653
2026-05-28 00:00:00+00:00,1544.1419288842653
2026-05-28 08:00:00+00:00,1544.1419288842653
2026-05-28 16:00:00+00:00,1544.1419288842653
2026-05-29 00:00:00+00:00,1544.1419288842653
2026-05-29 08:00:00+00:00,1544.1419288842653
2026-05-29 16:00:00+00:00,1544.1419288842653
2026-05-30 00:00:00+00:00,1544.1419288842653
2026-05-30 08:00:00+00:00,1544.1419288842653
2026-05-30 16:00:00+00:00,1544.1419288842653
2026-05-31 00:00:00+00:00,1544.1419288842653
2026-05-31 08:00:00+00:00,1544.1419288842653
2026-05-31 16:00:00+00:00,1544.1419288842653
2026-06-01 00:00:00+00:00,1544.1419288842653
2026-06-01 08:00:00+00:00,1544.1419288842653
2026-06-01 16:00:00+00:00,1544.1419288842653
2026-06-02 00:00:00+00:00,1544.1419288842653
2026-06-02 08:00:00+00:00,1544.1419288842653
2026-06-02 16:00:00+00:00,1544.1419288842653
2026-06-03 00:00:00+00:00,1544.1419288842653
2026-06-03 08:00:00+00:00,1544.1419288842653
2026-06-03 16:00:00+00:00,1544.1419288842653
2026-06-04 00:00:00+00:00,1544.1419288842653
2026-06-04 08:00:00+00:00,1544.1419288842653
2026-06-04 16:00:00+00:00,1544.1419288842653
2026-06-05 00:00:00+00:00,1544.1419288842653
2026-06-05 08:00:00+00:00,1544.1419288842653
2026-06-05 16:00:00+00:00,1544.1419288842653
2026-06-06 00:00:00+00:00,1544.1419288842653
2026-06-06 08:00:00+00:00,1544.1419288842653
2026-06-06 16:00:00+00:00,1544.1419288842653
2026-06-07 00:00:00+00:00,1544.1419288842653
2026-06-07 08:00:00+00:00,1544.1419288842653
2026-06-07 16:00:00+00:00,1544.1419288842653
2026-06-08 00:00:00+00:00,1544.1419288842653
2026-06-08 08:00:00+00:00,1544.1419288842653
2026-06-08 16:00:00+00:00,1544.1419288842653
2026-06-09 00:00:00+00:00,1544.1419288842653
2026-06-09 08:00:00+00:00,1544.1419288842653
2026-06-09 16:00:00+00:00,1544.1419288842653
2026-06-10 00:00:00+00:00,1544.1419288842653
2026-06-10 08:00:00+00:00,1544.1419288842653
2026-06-10 16:00:00+00:00,1544.1419288842653
2026-06-11 00:00:00+00:00,1544.1419288842653
2026-06-11 08:00:00+00:00,1544.1419288842653
2026-06-11 16:00:00+00:00,1544.1419288842653
2026-06-12 00:00:00+00:00,1544.1419288842653
2026-06-12 08:00:00+00:00,1544.1419288842653
2026-06-12 16:00:00+00:00,1544.1419288842653
2026-06-13 00:00:00+00:00,1544.1419288842653
2026-06-13 08:00:00+00:00,1544.1419288842653
2026-06-13 16:00:00+00:00,1544.1419288842653
2026-06-14 00:00:00+00:00,1544.1419288842653
2026-06-14 08:00:00+00:00,1544.1419288842653
2026-06-14 16:00:00+00:00,1544.1419288842653
2026-06-15 00:00:00+00:00,1544.1419288842653
2026-06-15 08:00:00+00:00,1544.1419288842653
2026-06-15 16:00:00+00:00,1544.1419288842653
2026-06-16 00:00:00+00:00,1544.1419288842653
2026-06-16 08:00:00+00:00,1544.1419288842653
2026-06-16 16:00:00+00:00,1544.1419288842653
2026-06-17 00:00:00+00:00,1544.1419288842653
2026-06-17 08:00:00+00:00,1544.1419288842653
2026-06-17 16:00:00+00:00,1544.1419288842653
2026-06-18 00:00:00+00:00,1544.1419288842653
2026-06-18 08:00:00+00:00,1544.1419288842653
2026-06-18 16:00:00+00:00,1544.1419288842653
2026-06-19 00:00:00+00:00,1544.1419288842653
2026-06-19 08:00:00+00:00,1544.1419288842653
2026-06-19 16:00:00+00:00,1544.1419288842653
2026-06-20 00:00:00+00:00,1544.1419288842653
2026-06-20 08:00:00+00:00,1544.1419288842653
2026-06-20 16:00:00+00:00,1544.1419288842653
2026-06-21 00:00:00+00:00,1544.1419288842653
2026-06-21 08:00:00+00:00,1544.1419288842653
2026-06-21 16:00:00+00:00,1544.1419288842653
2026-06-22 00:00:00+00:00,1544.1419288842653
2026-06-22 08:00:00+00:00,1544.1419288842653
2026-06-22 16:00:00+00:00,1544.1419288842653
2026-06-23 00:00:00+00:00,1544.1419288842653
2026-06-23 08:00:00+00:00,1544.1419288842653
2026-06-23 16:00:00+00:00,1544.1419288842653
2026-06-24 00:00:00+00:00,1544.1419288842653
2026-06-24 08:00:00+00:00,1544.1419288842653
2026-06-24 16:00:00+00:00,1544.1419288842653
2026-06-25 00:00:00+00:00,1544.1419288842653
2026-06-25 08:00:00+00:00,1544.1419288842653
2026-06-25 16:00:00+00:00,1544.1419288842653
2026-06-26 00:00:00+00:00,1544.1419288842653
2026-06-26 08:00:00+00:00,1544.1419288842653
2026-06-26 16:00:00+00:00,1544.1419288842653
2026-06-27 00:00:00+00:00,1544.1419288842653
2026-06-27 08:00:00+00:00,1544.1419288842653
2026-06-27 16:00:00+00:00,1544.1419288842653
2026-06-28 00:00:00+00:00,1544.1419288842653
2026-06-28 08:00:00+00:00,1544.1419288842653
2026-06-28 16:00:00+00:00,1544.1419288842653
2026-06-29 00:00:00+00:00,1544.1419288842653
2026-06-29 08:00:00+00:00,1544.1419288842653
2026-06-29 16:00:00+00:00,1544.1419288842653
2026-06-30 00:00:00+00:00,1544.1419288842653
2026-06-30 08:00:00+00:00,1544.1419288842653
2026-06-30 16:00:00+00:00,1544.1419288842653
2026-07-01 00:00:00+00:00,1544.1419288842653
2026-07-01 08:00:00+00:00,1544.1419288842653
2026-07-01 16:00:00+00:00,1544.1419288842653
2026-07-02 00:00:00+00:00,1544.1419288842653
2026-07-02 08:00:00+00:00,1544.1419288842653
2026-07-02 16:00:00+00:00,1544.1419288842653
2026-07-03 00:00:00+00:00,1544.1419288842653
2026-07-03 08:00:00+00:00,1544.1419288842653
2026-07-03 16:00:00+00:00,1544.1419288842653
2026-07-04 00:00:00+00:00,1544.1419288842653
2026-07-04 08:00:00+00:00,1544.1419288842653
2026-07-04 16:00:00+00:00,1544.1419288842653
2026-07-05 00:00:00+00:00,1544.1419288842653
2026-07-05 08:00:00+00:00,1544.1419288842653
2026-07-05 16:00:00+00:00,1544.1419288842653
2026-07-06 00:00:00+00:00,1544.1419288842653
2026-07-06 08:00:00+00:00,1544.1419288842653
2026-07-06 16:00:00+00:00,1544.1419288842653
2026-07-07 00:00:00+00:00,1544.1419288842653
2026-07-07 08:00:00+00:00,1544.1419288842653
2026-07-07 16:00:00+00:00,1544.1419288842653
2026-07-08 00:00:00+00:00,1544.1419288842653
2026-07-08 08:00:00+00:00,1544.1419288842653
2026-07-08 16:00:00+00:00,1544.1419288842653
2026-07-09 00:00:00+00:00,1544.1419288842653
2026-07-09 08:00:00+00:00,1544.1419288842653
2026-07-09 16:00:00+00:00,1544.1419288842653
2026-07-10 00:00:00+00:00,1544.1419288842653
2026-07-10 08:00:00+00:00,1544.1419288842653
2026-07-10 16:00:00+00:00,1544.1419288842653
2026-07-11 00:00:00+00:00,1544.1419288842653
2026-07-11 08:00:00+00:00,1544.1419288842653
2026-07-11 16:00:00+00:00,1544.1419288842653
2026-07-12 00:00:00+00:00,1544.1419288842653
2026-07-12 08:00:00+00:00,1544.1419288842653
2026-07-12 16:00:00+00:00,1544.1419288842653
2026-07-13 00:00:00+00:00,1544.1419288842653
2026-07-13 08:00:00+00:00,1544.1419288842653
2026-07-13 16:00:00+00:00,1544.1419288842653
2026-07-14 00:00:00+00:00,1544.1419288842653
2026-07-14 08:00:00+00:00,1544.1419288842653
2026-07-14 16:00:00+00:00,1544.1419288842653
2026-07-15 00:00:00+00:00,1544.1419288842653
2026-07-15 08:00:00+00:00,1544.1419288842653
2026-07-15 16:00:00+00:00,1544.1419288842653
2026-07-16 00:00:00+00:00,1544.1419288842653
2026-07-16 08:00:00+00:00,1544.1419288842653
2026-07-16 16:00:00+00:00,1544.1419288842653
2026-07-17 00:00:00+00:00,1544.1419288842653
2026-07-17 08:00:00+00:00,1544.1419288842653
2026-07-17 16:00:00+00:00,1544.1419288842653
2026-07-18 00:00:00+00:00,1544.1419288842653
2026-07-18 08:00:00+00:00,1544.1419288842653
2026-07-18 16:00:00+00:00,1544.1419288842653
2026-07-19 00:00:00+00:00,1544.1419288842653
2026-07-19 08:00:00+00:00,1544.1419288842653
2026-07-19 16:00:00+00:00,1544.1419288842653
2026-07-20 00:00:00+00:00,1544.1419288842653
2026-07-20 08:00:00+00:00,1544.1419288842653
2026-07-20 16:00:00+00:00,1544.1419288842653
2026-07-21 00:00:00+00:00,1544.1419288842653
2026-07-21 08:00:00+00:00,1544.1419288842653
2026-07-21 16:00:00+00:00,1544.1419288842653
2026-07-22 00:00:00+00:00,1544.1419288842653
2026-07-22 08:00:00+00:00,1544.1419288842653
2026-07-22 16:00:00+00:00,1544.1419288842653
2026-07-23 00:00:00+00:00,1544.1419288842653
2026-07-23 08:00:00+00:00,1544.1419288842653
2026-07-23 16:00:00+00:00,1544.1419288842653
2026-07-24 00:00:00+00:00,1544.1419288842653
2026-07-24 08:00:00+00:00,1544.1419288842653
2026-07-24 16:00:00+00:00,1544.1419288842653
2026-07-25 00:00:00+00:00,1544.1419288842653
2026-07-25 08:00:00+00:00,1544.1419288842653
2026-07-25 16:00:00+00:00,1544.1419288842653
2026-07-26 00:00:00+00:00,1544.1419288842653
2026-07-26 08:00:00+00:00,1544.1419288842653
2026-07-26 16:00:00+00:00,1544.1419288842653
2026-07-27 00:00:00+00:00,1544.1419288842653
2026-07-27 08:00:00+00:00,1544.1419288842653
2026-07-27 16:00:00+00:00,1544.1419288842653
2026-07-28 00:00:00+00:00,1544.1419288842653
2026-07-28 08:00:00+00:00,1544.1419288842653
2026-07-28 16:00:00+00:00,1544.1419288842653
2026-07-29 00:00:00+00:00,1544.1419288842653
2026-07-29 08:00:00+00:00,1544.1419288842653
2026-07-29 16:00:00+00:00,1544.1419288842653
2026-07-30 00:00:00+00:00,1544.1419288842653
2026-07-30 08:00:00+00:00,1544.1419288842653
2026-07-30 16:00:00+00:00,1544.1419288842653
2026-07-31 00:00:00+00:00,1544.1419288842653
2026-07-31 08:00:00+00:00,1544.1419288842653
2026-07-31 16:00:00+00:00,1544.1419288842653
2026-08-01 00:00:00+00:00,1544.1419288842653
2026-08-01 08:00:00+00:00,1544.1419288842653
2026-08-01 16:00:00+00:00,1544.1419288842653
2026-08-02 00:00:00+00:00,1544.1419288842653
2026-08-02 08:00:00+00:00,1544.1419288842653
2026-08-02 16:00:00+00:00,1544.1419288842653
2026-08-03 00:00:00+00:00,1544.1419288842653
2026-08-03 08:00:00+00:00,1544.1419288842653
2026-08-03 16:00:00+00:00,1544.1419288842653
2026-08-04 00:00:00+00:00,1544.1419288842653
2026-08-04 08:00:00+00:00,1544.1419288842653
2026-08-04 16:00:00+00:00,1544.1419288842653
2026-08-05 00:00:00+00:00,1544.1419288842653
2026-08-05 08:00:00+00:00,1544.1419288842653
2026-08-05 16:00:00+00:00,1544.1419288842653
2026-08-06 00:00:00+00:00,1544.1419288842653
2026-08-06 08:00:00+00:00,1544.1419288842653
2026-08-06 16:00:00+00:00,1544.1419288842653
2026-08-07 00:00:00+00:00,1544.1419288842653
2026-08-07 08:00:00+00:00,1544.1419288842653
2026-08-07 16:00:00+00:00,1544.1419288842653
2026-08-08 00:00:00+00:00,1544.1419288842653
2026-08-08 08:00:00+00:00,1544.1419288842653
2026-08-08 16:00:00+00:00,1544.1419288842653
2026-08-09 00:00:00+00:00,1544.1419288842653
2026-08-09 08:00:00+00:00,1544.1419288842653
2026-08-09 16:00:00+00:00,1544.1419288842653
2026-08-10 00:00:00+00:00,1544.1419288842653
2026-08-10 08:00:00+00:00,1544.1419288842653
2026-08-10 16:00:00+00:00,1544.1419288842653
2026-08-11 00:00:00+00:00,1544.1419288842653
2026-08-11 08:00:00+00:00,1544.1419288842653
2026-08-11 16:00:00+00:00,1544.1419288842653
2026-08-12 00:00:00+00:00,1544.1419288842653
2026-08-12 08:00:00+00:00,1544.1419288842653
2026-08-12 16:00:00+00:00,1544.1419288842653
