ts,equity
2023-01-01 00:00:00+00:00,1000.0
2023-01-01 08:00:00+00:00,1000.0
2023-01-01 16:00:00+00:00,1000.0
2023-01-02 00:00:00+00:00,1000.0
2023-01-02 08:00:00+00:00,1000.0
2023-01-02 16:00:00+00:00,1000.0
2023-01-03 00:00:00+00:00,1000.0
2023-01-03 08:00:00+00:00,1000.0
2023-01-03 16:00:00+00:00,1000.0
2023-01-04 00:00:00+00:00,1000.0
2023-01-04 08:00:00+00:00,1000.0
2023-01-04 16:00:00+00:00,1000.0
2023-01-05 00:00:00+00:00,1000.0
2023-01-05 08:00:00+00:00,1000.0
2023-01-05 16:00:00+00:00,1000.0
2023-01-06 00:00:00+00:00,1000.0
2023-01-06 08:00:00+00:00,1000.0
2023-01-06 16:00:00+00:00,1000.0
2023-01-07 00:00:00+00:00,1000.0
2023-01-07 08:00:00+00:00,1000.0
2023-01-07 16:00:00+00:00,1000.0
2023-01-08 00:00:00+00:00,1000.0
2023-01-08 08:00:00+00:00,1000.0
2023-01-08 16:00:00+00:00,1000.0
2023-01-09 00:00:00+00:00,1000.0
2023-01-09 08:00:00+00:00,1000.0
2023-01-09 16:00:00+00:00,1000.0
2023-01-10 00:00:00+00:00,1000.0
2023-01-10 08:00:00+00:00,1000.0
2023-01-10 16:00:00+00:00,1000.0
2023-01-11 00:00:00+00:00,1000.0
2023-01-11 08:00:00+00:00,1000.0
2023-01-11 16:00:00+00:00,1000.0
2023-01-12 00:00:00+00:00,1000.0
2023-01-12 08:00:00+00:00,1000.0
2023-01-12 16:00:00+00:00,1000.0
2023-01-13 00:00:00+00:00,1000.0
2023-01-13 08:00:00+00:00,1000.0
2023-01-13 16:00:00+00:00,1000.0
2023-01-14 00:00:00+00:00,1000.0
2023-01-14 08:00:00+00:00,1000.0
2023-01-14 16:00:00+00:00,1000.0
2023-01-15 00:00:00+00:00,1000.0
2023-01-15 08:00:00+00:00,1000.0
2023-01-15 16:00:00+00:00,1000.0
2023-01-16 00:00:00+00:00,1000.0
2023-01-16 08:00:00+00:00,1000.0
2023-01-16 16:00:00+00:00,1000.0
2023-01-17 00:00:00+00:00,1000.0
2023-01-17 08:00:00+00:00,1000.0
2023-01-17 16:00:00+00:00,1000.0
2023-01-18 00:00:00+00:00,1000.0
2023-01-18 08:00:00+00:00,1000.0
2023-01-18 16:00:00+00:00,1000.0
2023-01-19 00:00:00+00:00,1000.0
2023-01-19 08:00:00+00:00,1000.0
2023-01-19 16:00:00+00:00,1000.0
2023-01-20 00:00:00+00:00,1000.0
2023-01-20 08:00:00+00:00,1000.0
2023-01-20 16:00:00+00:00,1000.0
2023-01-21 00:00:00+00:00,1000.0
2023-01-21 08:00:00+00:00,1000.0
2023-01-21 16:00:00+00:00,1000.0
2023-01-22 00:00:00+00:00,1000.0
2023-01-22 08:00:00+00:00,1000.0
2023-01-22 16:00:00+00:00,1000.0
2023-01-23 00:00:00+00:00,1000.0
2023-01-23 08:00:00+00:00,1000.0
2023-01-23 16:00:00+00:00,1000.0
2023-01-24 00:00:00+00:00,1000.0
2023-01-24 08:00:00+00:00,1000.0
2023-01-24 16:00:00+00:00,1000.0
2023-01-25 00:00:00+00:00,1000.0
2023-01-25 08:00:00+00:00,1000.0
2023-01-25 16:00:00+00:00,1000.0
2023-01-26 00:00:00+00:00,1000.0
2023-01-26 08:00:00+00:00,1000.0
2023-01-26 16:00:00+00:00,1000.0
2023-01-27 00:00:00+00:00,1000.0
2023-01-27 08:00:00+00:00,1000.0
2023-01-27 16:00:00+00:00,1000.0
2023-01-28 00:00:00+00:00,1000.0
2023-01-28 08:00:00+00:00,1000.0
2023-01-28 16:00:00+00:00,1000.0
2023-01-29 00:00:00+00:00,1000.0
2023-01-29 08:00:00+00:00,1000.0
2023-01-29 16:00:00+00:00,1000.0
2023-01-30 00:00:00+00:00,1000.0
2023-01-30 08:00:00+00:00,1000.0
2023-01-30 16:00:00+00:00,1000.0
2023-01-31 00:00:00+00:00,1000.0
2023-01-31 08:00:00+00:00,1000.0
2023-01-31 16:00:00+00:00,1000.0
2023-02-01 00:00:00+00:00,1000.0
2023-02-01 08:00:00+00:00,1000.0
2023-02-01 16:00:00+00:00,1000.0
2023-02-02 00:00:00+00:00,1000.0
2023-02-02 08:00:00+00:00,1000.0
2023-02-02 16:00:00+00:00,1000.0
2023-02-03 00:00:00+00:00,1000.0
2023-02-03 08:00:00+00:00,1000.0
2023-02-03 16:00:00+00:00,1000.0
2023-02-04 00:00:00+00:00,1000.0
2023-02-04 08:00:00+00:00,1000.0
2023-02-04 16:00:00+00:00,1000.0
2023-02-05 00:00:00+00:00,1000.0
2023-02-05 08:00:00+00:00,1000.0
2023-02-05 16:00:00+00:00,1000.0
2023-02-06 00:00:00+00:00,1000.0
2023-02-06 08:00:00+00:00,1000.0
2023-02-06 16:00:00+00:00,1000.0
2023-02-07 00:00:00+00:00,1000.0
2023-02-07 08:00:00+00:00,1000.0
2023-02-07 16:00:00+00:00,1000.0
2023-02-08 00:00:00+00:00,1000.0
2023-02-08 08:00:00+00:00,1000.0
2023-02-08 16:00:00+00:00,1000.0
2023-02-09 00:00:00+00:00,1000.0
2023-02-09 08:00:00+00:00,1000.0
2023-02-09 16:00:00+00:00,1000.0
2023-02-10 00:00:00+00:00,1000.0
2023-02-10 08:00:00+00:00,1000.0
2023-02-10 16:00:00+00:00,1000.0
2023-02-11 00:00:00+00:00,1000.0
2023-02-11 08:00:00+00:00,1000.0
2023-02-11 16:00:00+00:00,1000.0
2023-02-12 00:00:00+00:00,1000.0
2023-02-12 08:00:00+00:00,1000.0
2023-02-12 16:00:00+00:00,1000.0
2023-02-13 00:00:00+00:00,1000.0
2023-02-13 08:00:00+00:00,1000.0
2023-02-13 16:00:00+00:00,1000.0
2023-02-14 00:00:00+00:00,1000.0
2023-02-14 08:00:00+00:00,1000.0
2023-02-14 16:00:00+00:00,1000.0
2023-02-15 00:00:00+00:00,1000.0
2023-02-15 08:00:00+00:00,1000.0
2023-02-15 16:00:00+00:00,1000.0
2023-02-16 00:00:00+00:00,1000.0
2023-02-16 08:00:00+00:00,1000.0
2023-02-16 16:00:00+00:00,1000.0
2023-02-17 00:00:00+00:00,1000.0
2023-02-17 08:00:00+00:00,1000.0
2023-02-17 16:00:00+00:00,1000.0
2023-02-18 00:00:00+00:00,1000.0
2023-02-18 08:00:00+00:00,1000.0
2023-02-18 16:00:00+00:00,1000.0
2023-02-19 00:00:00+00:00,1000.0
2023-02-19 08:00:00+00:00,1000.0
2023-02-19 16:00:00+00:00,1000.0
2023-02-20 00:00:00+00:00,1000.0
2023-02-20 08:00:00+00:00,1000.0
2023-02-20 16:00:00+00:00,1000.0
2023-02-21 00:00:00+00:00,1000.0
2023-02-21 08:00:00+00:00,1000.0
2023-02-21 16:00:00+00:00,1000.0
2023-02-22 00:00:00+00:00,1000.0
2023-02-22 08:00:00+00:00,1000.0
2023-02-22 16:00:00+00:00,1000.0
2023-02-23 00:00:00+00:00,1000.0
2023-02-23 08:00:00+00:00,1000.0
2023-02-23 16:00:00+00:00,1000.0
2023-02-24 00:00:00+00:00,1000.0
2023-02-24 08:00:00+00:00,1000.0
2023-02-24 16:00:00+00:00,1000.0
2023-02-25 00:00:00+00:00,1000.0
2023-02-25 08:00:00+00:00,1000.0
2023-02-25 16:00:00+00:00,1000.0
2023-02-26 00:00:00+00:00,1000.0
2023-02-26 08:00:00+00:00,1000.0
2023-02-26 16:00:00+00:00,1000.0
2023-02-27 00:00:00+00:00,1000.0
2023-02-27 08:00:00+00:00,1000.0
2023-02-27 16:00:00+00:00,1000.0
2023-02-28 00:00:00+00:00,1000.0
2023-02-28 08:00:00+00:00,1000.0
2023-02-28 16:00:00+00:00,1000.0
2023-03-01 00:00:00+00:00,1000.0
2023-03-01 08:00:00+00:00,1000.0
2023-03-01 16:00:00+00:00,1000.0
2023-03-02 00:00:00+00:00,1000.0
2023-03-02 08:00:00+00:00,1000.0
2023-03-02 16:00:00+00:00,1000.0
2023-03-03 00:00:00+00:00,1000.0
2023-03-03 08:00:00+00:00,1000.0
2023-03-03 16:00:00+00:00,1000.0
2023-03-04 00:00:00+00:00,1000.0
2023-03-04 08:00:00+00:00,1000.0
2023-03-04 16:00:00+00:00,1000.0
2023-03-05 00:00:00+00:00,1000.0
2023-03-05 08:00:00+00:00,1000.0
2023-03-05 16:00:00+00:00,1000.0
2023-03-06 00:00:00+00:00,1000.0
2023-03-06 08:00:00+00:00,1000.0
2023-03-06 16:00:00+00:00,1000.0
2023-03-07 00:00:00+00:00,1000.0
2023-03-07 08:00:00+00:00,1000.0
2023-03-07 16:00:00+00:00,1000.0
2023-03-08 00:00:00+00:00,1000.0
2023-03-08 08:00:00+00:00,1000.0
2023-03-08 16:00:00+00:00,1000.0
2023-03-09 00:00:00+00:00,1000.0
2023-03-09 08:00:00+00:00,1000.0
2023-03-09 16:00:00+00:00,1000.0
2023-03-10 00:00:00+00:00,1000.0
2023-03-10 08:00:00+00:00,1000.0
2023-03-10 16:00:00+00:00,996.648112810718
2023-03-11 00:00:00+00:00,1000.8076916543829
2023-03-11 08:00:00+00:00,999.9895549218176
2023-03-11 16:00:00+00:00,996.394374323777
2023-03-12 00:00:00+00:00,997.5608841241822
2023-03-12 08:00:00+00:00,997.9891383446335
2023-03-12 16:00:00+00:00,986.0537529640303
2023-03-13 00:00:00+00:00,985.7463010730054
2023-03-13 08:00:00+00:00,984.7748603996903
2023-03-13 16:00:00+00:00,984.7748603996903
2023-03-14 00:00:00+00:00,984.7748603996903
2023-03-14 08:00:00+00:00,984.7748603996903
2023-03-14 16:00:00+00:00,984.7748603996903
2023-03-15 00:00:00+00:00,978.3716248867372
2023-03-15 08:00:00+00:00,969.5481190257104
2023-03-15 16:00:00+00:00,969.6838011277833
2023-03-16 00:00:00+00:00,971.1215622155361
2023-03-16 08:00:00+00:00,972.030238420382
2023-03-16 16:00:00+00:00,973.0622078083601
2023-03-17 00:00:00+00:00,979.5554367789107
2023-03-17 08:00:00+00:00,979.6716649169679
2023-03-17 16:00:00+00:00,988.1492967086127
2023-03-18 00:00:00+00:00,990.779590532384
2023-03-18 08:00:00+00:00,986.6017795680835
2023-03-18 16:00:00+00:00,983.4633080667028
2023-03-19 00:00:00+00:00,985.0093519940259
2023-03-19 08:00:00+00:00,987.6485186602249
2023-03-19 16:00:00+00:00,988.0736736352129
2023-03-20 00:00:00+00:00,988.8111833546055
2023-03-20 08:00:00+00:00,985.3518708892708
2023-03-20 16:00:00+00:00,980.6799528177162
2023-03-21 00:00:00+00:00,974.4310935380208
2023-03-21 08:00:00+00:00,986.5154766833
2023-03-21 16:00:00+00:00,986.3555831048088
2023-03-22 00:00:00+00:00,985.7268948405729
2023-03-22 08:00:00+00:00,990.0002618133782
2023-03-22 16:00:00+00:00,979.0132546902847
2023-03-23 00:00:00+00:00,981.0483593554687
2023-03-23 08:00:00+00:00,992.5718581609862
2023-03-23 16:00:00+00:00,991.518474131718
2023-03-24 00:00:00+00:00,989.0666761027404
2023-03-24 08:00:00+00:00,981.9435276441567
2023-03-24 16:00:00+00:00,976.4355499553692
2023-03-25 00:00:00+00:00,975.2133591380549
2023-03-25 08:00:00+00:00,976.3237707506156
2023-03-25 16:00:00+00:00,972.7796214115659
2023-03-26 00:00:00+00:00,975.159095427757
2023-03-26 08:00:00+00:00,977.0329166674803
2023-03-26 16:00:00+00:00,979.1854304422873
2023-03-27 00:00:00+00:00,974.7960100444872
2023-03-27 08:00:00+00:00,965.7483589090548
2023-03-27 16:00:00+00:00,966.4164533086438
2023-03-28 00:00:00+00:00,966.2843596530148
2023-03-28 08:00:00+00:00,967.2218372825396
2023-03-28 16:00:00+00:00,970.0601669584711
2023-03-29 00:00:00+00:00,982.0738767622065
2023-03-29 08:00:00+00:00,983.6189283407938
2023-03-29 16:00:00+00:00,982.7339903175339
2023-03-30 00:00:00+00:00,983.8289140167964
2023-03-30 08:00:00+00:00,980.2948783098308
2023-03-30 16:00:00+00:00,979.3132789546106
2023-03-31 00:00:00+00:00,981.3832596454122
2023-03-31 08:00:00+00:00,985.3043739173469
2023-03-31 16:00:00+00:00,985.6728760601062
2023-04-01 00:00:00+00:00,982.4750262148066
2023-04-01 08:00:00+00:00,981.8645648950138
2023-04-01 16:00:00+00:00,982.2783472504798
2023-04-02 00:00:00+00:00,982.2154883962751
2023-04-02 08:00:00+00:00,976.6771979284895
2023-04-02 16:00:00+00:00,975.7951702068244
2023-04-03 00:00:00+00:00,973.9696743067068
2023-04-03 08:00:00+00:00,972.9359834867151
2023-04-03 16:00:00+00:00,989.1245044733901
2023-04-04 00:00:00+00:00,992.2902918112942
2023-04-04 08:00:00+00:00,993.8322119053976
2023-04-04 16:00:00+00:00,993.9370350571946
2023-04-05 00:00:00+00:00,1001.9790318765137
2023-04-05 08:00:00+00:00,994.3374131275401
2023-04-05 16:00:00+00:00,991.1645456514418
2023-04-06 00:00:00+00:00,987.638312263033
2023-04-06 08:00:00+00:00,989.1229739110319
2023-04-06 16:00:00+00:00,987.8578162140674
2023-04-07 00:00:00+00:00,986.1860294892277
2023-04-07 08:00:00+00:00,987.8517282943913
2023-04-07 16:00:00+00:00,988.7203207549582
2023-04-08 00:00:00+00:00,989.3231605865722
2023-04-08 08:00:00+00:00,988.4506289189975
2023-04-08 16:00:00+00:00,986.0802531263954
2023-04-09 00:00:00+00:00,985.2017383473847
2023-04-09 08:00:00+00:00,984.9155672951554
2023-04-09 16:00:00+00:00,988.3583405920409
2023-04-10 00:00:00+00:00,988.6253452740748
2023-04-10 08:00:00+00:00,988.7510134553912
2023-04-10 16:00:00+00:00,996.8969183948005
2023-04-11 00:00:00+00:00,999.9758456153801
2023-04-11 08:00:00+00:00,999.2236897517795
2023-04-11 16:00:00+00:00,999.2176738413622
2023-04-12 00:00:00+00:00,998.4591073395638
2023-04-12 08:00:00+00:00,1000.421320472048
2023-04-12 16:00:00+00:00,1001.065884256608
2023-04-13 00:00:00+00:00,1003.5330612755951
2023-04-13 08:00:00+00:00,1011.5141655810776
2023-04-13 16:00:00+00:00,1011.9722027352584
2023-04-14 00:00:00+00:00,1023.6970282910794
2023-04-14 08:00:00+00:00,1012.305932423283
2023-04-14 16:00:00+00:00,1020.9197394917949
2023-04-15 00:00:00+00:00,1019.0352712477195
2023-04-15 08:00:00+00:00,1020.8286357647415
2023-04-15 16:00:00+00:00,1019.4330904256985
2023-04-16 00:00:00+00:00,1021.4106098403648
2023-04-16 08:00:00+00:00,1020.343596001023
2023-04-16 16:00:00+00:00,1027.4643376404786
2023-04-17 00:00:00+00:00,1022.4353543077003
2023-04-17 08:00:00+00:00,1020.6084998656397
2023-04-17 16:00:00+00:00,1021.3998229094736
2023-04-18 00:00:00+00:00,1031.8637537261827
2023-04-18 08:00:00+00:00,1032.669541285978
2023-04-18 16:00:00+00:00,1032.8925790421583
2023-04-19 00:00:00+00:00,1024.6709596621013
2023-04-19 08:00:00+00:00,1008.2862593244191
2023-04-19 16:00:00+00:00,1002.6575296881252
2023-04-20 00:00:00+00:00,1002.7949936507094
2023-04-20 08:00:00+00:00,1001.5916600702592
2023-04-20 16:00:00+00:00,1000.9540429605742
2023-04-21 00:00:00+00:00,1000.9540429605742
2023-04-21 08:00:00+00:00,1000.9540429605742
2023-04-21 16:00:00+00:00,1000.9540429605742
2023-04-22 00:00:00+00:00,1000.9540429605742
2023-04-22 08:00:00+00:00,1000.9540429605742
2023-04-22 16:00:00+00:00,1000.9540429605742
2023-04-23 00:00:00+00:00,1000.9540429605742
2023-04-23 08:00:00+00:00,1000.9540429605742
2023-04-23 16:00:00+00:00,1000.9540429605742
2023-04-24 00:00:00+00:00,1000.9540429605742
2023-04-24 08:00:00+00:00,1000.9540429605742
2023-04-24 16:00:00+00:00,1000.9540429605742
2023-04-25 00:00:00+00:00,1000.9540429605742
2023-04-25 08:00:00+00:00,1000.9540429605742
2023-04-25 16:00:00+00:00,1000.9540429605742
2023-04-26 00:00:00+00:00,1000.9540429605742
2023-04-26 08:00:00+00:00,1000.9540429605742
2023-04-26 16:00:00+00:00,1000.9540429605742
2023-04-27 00:00:00+00:00,1000.9540429605742
2023-04-27 08:00:00+00:00,1000.9540429605742
2023-04-27 16:00:00+00:00,1000.9540429605742
2023-04-28 00:00:00+00:00,1000.9540429605742
2023-04-28 08:00:00+00:00,1000.9540429605742
2023-04-28 16:00:00+00:00,1000.9540429605742
2023-04-29 00:00:00+00:00,1000.9540429605742
2023-04-29 08:00:00+00:00,1000.9540429605742
2023-04-29 16:00:00+00:00,1000.9540429605742
2023-04-30 00:00:00+00:00,1000.9540429605742
2023-04-30 08:00:00+00:00,1000.9540429605742
2023-04-30 16:00:00+00:00,1000.9540429605742
2023-05-01 00:00:00+00:00,1000.9540429605742
2023-05-01 08:00:00+00:00,1000.9540429605742
2023-05-01 16:00:00+00:00,1000.9540429605742
2023-05-02 00:00:00+00:00,1000.9540429605742
2023-05-02 08:00:00+00:00,1000.9540429605742
2023-05-02 16:00:00+00:00,1000.9540429605742
2023-05-03 00:00:00+00:00,1000.9540429605742
2023-05-03 08:00:00+00:00,1000.9540429605742
2023-05-03 16:00:00+00:00,1000.9540429605742
2023-05-04 00:00:00+00:00,1000.9540429605742
2023-05-04 08:00:00+00:00,1000.9540429605742
2023-05-04 16:00:00+00:00,1000.9540429605742
2023-05-05 00:00:00+00:00,1000.9540429605742
2023-05-05 08:00:00+00:00,1000.9540429605742
2023-05-05 16:00:00+00:00,1000.9540429605742
2023-05-06 00:00:00+00:00,1000.9540429605742
2023-05-06 08:00:00+00:00,1000.9540429605742
2023-05-06 16:00:00+00:00,1000.9540429605742
2023-05-07 00:00:00+00:00,1000.9540429605742
2023-05-07 08:00:00+00:00,1000.9540429605742
2023-05-07 16:00:00+00:00,1000.9540429605742
2023-05-08 00:00:00+00:00,1000.9540429605742
2023-05-08 08:00:00+00:00,1000.9540429605742
2023-05-08 16:00:00+00:00,1000.9540429605742
2023-05-09 00:00:00+00:00,1000.9540429605742
2023-05-09 08:00:00+00:00,1000.9540429605742
2023-05-09 16:00:00+00:00,1000.9540429605742
2023-05-10 00:00:00+00:00,1000.9540429605742
2023-05-10 08:00:00+00:00,1000.9540429605742
2023-05-10 16:00:00+00:00,1000.9540429605742
2023-05-11 00:00:00+00:00,1000.9540429605742
2023-05-11 08:00:00+00:00,1000.9540429605742
2023-05-11 16:00:00+00:00,1000.9540429605742
2023-05-12 00:00:00+00:00,1000.9540429605742
2023-05-12 08:00:00+00:00,1000.9540429605742
2023-05-12 16:00:00+00:00,1000.9540429605742
2023-05-13 00:00:00+00:00,1000.9540429605742
2023-05-13 08:00:00+00:00,1000.9540429605742
2023-05-13 16:00:00+00:00,1000.9540429605742
2023-05-14 00:00:00+00:00,1000.9540429605742
2023-05-14 08:00:00+00:00,1000.9540429605742
2023-05-14 16:00:00+00:00,1000.9540429605742
2023-05-15 00:00:00+00:00,1000.9540429605742
2023-05-15 08:00:00+00:00,1000.9540429605742
2023-05-15 16:00:00+00:00,1000.9540429605742
2023-05-16 00:00:00+00:00,1000.9540429605742
2023-05-16 08:00:00+00:00,1000.9540429605742
2023-05-16 16:00:00+00:00,1000.9540429605742
2023-05-17 00:00:00+00:00,1000.9540429605742
2023-05-17 08:00:00+00:00,1000.9540429605742
2023-05-17 16:00:00+00:00,1000.9540429605742
2023-05-18 00:00:00+00:00,1000.9540429605742
2023-05-18 08:00:00+00:00,1000.9540429605742
2023-05-18 16:00:00+00:00,1000.9540429605742
2023-05-19 00:00:00+00:00,1000.9540429605742
2023-05-19 08:00:00+00:00,1000.9540429605742
2023-05-19 16:00:00+00:00,1000.9540429605742
2023-05-20 00:00:00+00:00,1000.9540429605742
2023-05-20 08:00:00+00:00,1000.9540429605742
2023-05-20 16:00:00+00:00,1000.9540429605742
2023-05-21 00:00:00+00:00,1000.9540429605742
2023-05-21 08:00:00+00:00,1000.9540429605742
2023-05-21 16:00:00+00:00,1000.9540429605742
2023-05-22 00:00:00+00:00,1000.9540429605742
2023-05-22 08:00:00+00:00,1000.9540429605742
2023-05-22 16:00:00+00:00,1000.9540429605742
2023-05-23 00:00:00+00:00,1000.9540429605742
2023-05-23 08:00:00+00:00,1000.9540429605742
2023-05-23 16:00:00+00:00,1000.9540429605742
2023-05-24 00:00:00+00:00,1000.9540429605742
2023-05-24 08:00:00+00:00,1000.9540429605742
2023-05-24 16:00:00+00:00,1000.9540429605742
2023-05-25 00:00:00+00:00,1000.9540429605742
2023-05-25 08:00:00+00:00,1000.9540429605742
2023-05-25 16:00:00+00:00,1000.9540429605742
2023-05-26 00:00:00+00:00,1000.9540429605742
2023-05-26 08:00:00+00:00,1000.9540429605742
2023-05-26 16:00:00+00:00,1000.9540429605742
2023-05-27 00:00:00+00:00,1000.9540429605742
2023-05-27 08:00:00+00:00,1000.9540429605742
2023-05-27 16:00:00+00:00,1000.9540429605742
2023-05-28 00:00:00+00:00,1000.9540429605742
2023-05-28 08:00:00+00:00,1000.9540429605742
2023-05-28 16:00:00+00:00,1000.9540429605742
2023-05-29 00:00:00+00:00,1000.9540429605742
2023-05-29 08:00:00+00:00,1000.9540429605742
2023-05-29 16:00:00+00:00,1000.9540429605742
2023-05-30 00:00:00+00:00,1000.9540429605742
2023-05-30 08:00:00+00:00,1000.9540429605742
2023-05-30 16:00:00+00:00,1000.9540429605742
2023-05-31 00:00:00+00:00,1000.9540429605742
2023-05-31 08:00:00+00:00,1000.9540429605742
2023-05-31 16:00:00+00:00,1000.9540429605742
2023-06-01 00:00:00+00:00,1000.9540429605742
2023-06-01 08:00:00+00:00,1000.9540429605742
2023-06-01 16:00:00+00:00,1000.9540429605742
2023-06-02 00:00:00+00:00,1000.9540429605742
2023-06-02 08:00:00+00:00,1000.9540429605742
2023-06-02 16:00:00+00:00,1000.9540429605742
2023-06-03 00:00:00+00:00,1000.9540429605742
2023-06-03 08:00:00+00:00,1000.9540429605742
2023-06-03 16:00:00+00:00,1000.9540429605742
2023-06-04 00:00:00+00:00,1000.9540429605742
2023-06-04 08:00:00+00:00,1000.9540429605742
2023-06-04 16:00:00+00:00,1000.9540429605742
2023-06-05 00:00:00+00:00,1000.9540429605742
2023-06-05 08:00:00+00:00,1000.9540429605742
2023-06-05 16:00:00+00:00,1000.9540429605742
2023-06-06 00:00:00+00:00,1000.9540429605742
2023-06-06 08:00:00+00:00,1000.9540429605742
2023-06-06 16:00:00+00:00,1000.9540429605742
2023-06-07 00:00:00+00:00,1000.9540429605742
2023-06-07 08:00:00+00:00,1000.9540429605742
2023-06-07 16:00:00+00:00,1000.9540429605742
2023-06-08 00:00:00+00:00,1000.9540429605742
2023-06-08 08:00:00+00:00,1000.9540429605742
2023-06-08 16:00:00+00:00,1000.9540429605742
2023-06-09 00:00:00+00:00,1000.9540429605742
2023-06-09 08:00:00+00:00,1000.9540429605742
2023-06-09 16:00:00+00:00,1000.9540429605742
2023-06-10 00:00:00+00:00,1000.9540429605742
2023-06-10 08:00:00+00:00,1023.9496824532671
2023-06-10 16:00:00+00:00,1014.6747271918965
2023-06-11 00:00:00+00:00,1016.8054300714098
2023-06-11 08:00:00+00:00,1019.5798944146578
2023-06-11 16:00:00+00:00,1013.6516924499442
2023-06-12 00:00:00+00:00,1018.5713103070289
2023-06-12 08:00:00+00:00,1017.706189892723
2023-06-12 16:00:00+00:00,1015.8091580281283
2023-06-13 00:00:00+00:00,1012.3724306399569
2023-06-13 08:00:00+00:00,1019.317128397441
2023-06-13 16:00:00+00:00,1014.5138320879832
2023-06-14 00:00:00+00:00,1013.7201546020051
2023-06-14 08:00:00+00:00,1012.6436586301855
2023-06-14 16:00:00+00:00,1026.5195018656896
2023-06-15 00:00:00+00:00,1025.550692491056
2023-06-15 08:00:00+00:00,1026.2842961132972
2023-06-15 16:00:00+00:00,1020.9644405068278
2023-06-16 00:00:00+00:00,1021.0155854267413
2023-06-16 08:00:00+00:00,1019.9704224285858
2023-06-16 16:00:00+00:00,1014.2375904825008
2023-06-17 00:00:00+00:00,1006.3741990168941
2023-06-17 08:00:00+00:00,1006.702559752024
2023-06-17 16:00:00+00:00,1007.2309335298739
2023-06-18 00:00:00+00:00,1008.0063242624791
2023-06-18 08:00:00+00:00,1005.8098854814197
2023-06-18 16:00:00+00:00,1009.8399199426705
2023-06-19 00:00:00+00:00,1009.713124520399
2023-06-19 08:00:00+00:00,1010.6078946663589
2023-06-19 16:00:00+00:00,1006.4964975621339
2023-06-20 00:00:00+00:00,1008.0598844039936
2023-06-20 08:00:00+00:00,1008.8320652053486
2023-06-20 16:00:00+00:00,998.5862907568462
2023-06-21 00:00:00+00:00,994.3087680281338
2023-06-21 08:00:00+00:00,990.8286107151824
2023-06-21 16:00:00+00:00,992.7761461629326
2023-06-22 00:00:00+00:00,986.8244372355089
2023-06-22 08:00:00+00:00,985.6807252583715
2023-06-22 16:00:00+00:00,983.3083033913521
2023-06-23 00:00:00+00:00,984.0968452235389
2023-06-23 08:00:00+00:00,992.3840439198727
2023-06-23 16:00:00+00:00,988.2853182860739
2023-06-24 00:00:00+00:00,987.1562295373012
2023-06-24 08:00:00+00:00,985.7875441802213
2023-06-24 16:00:00+00:00,985.0301704487349
2023-06-25 00:00:00+00:00,989.7578687927626
2023-06-25 08:00:00+00:00,986.4374145980555
2023-06-25 16:00:00+00:00,983.8138786617071
2023-06-26 00:00:00+00:00,993.0790835562982
2023-06-26 08:00:00+00:00,994.7313771787484
2023-06-26 16:00:00+00:00,983.8738133183235
2023-06-27 00:00:00+00:00,987.7483096610664
2023-06-27 08:00:00+00:00,984.8749968192319
2023-06-27 16:00:00+00:00,989.038175401915
2023-06-28 00:00:00+00:00,976.6781725495813
2023-06-28 08:00:00+00:00,979.8351834282471
2023-06-28 16:00:00+00:00,968.8428816107748
2023-06-29 00:00:00+00:00,971.2232431712453
2023-06-29 08:00:00+00:00,972.1447423241755
2023-06-29 16:00:00+00:00,972.0513575517455
2023-06-30 00:00:00+00:00,975.6907557508179
2023-06-30 08:00:00+00:00,970.2738100484905
2023-06-30 16:00:00+00:00,977.4627555908537
2023-07-01 00:00:00+00:00,975.2205211189164
2023-07-01 08:00:00+00:00,975.8927862361023
2023-07-01 16:00:00+00:00,976.891357009258
2023-07-02 00:00:00+00:00,977.5693265064839
2023-07-02 08:00:00+00:00,977.5447070433137
2023-07-02 16:00:00+00:00,980.5876421534356
2023-07-03 00:00:00+00:00,983.5197110767612
2023-07-03 08:00:00+00:00,984.9011750900789
2023-07-03 16:00:00+00:00,984.4392983003545
2023-07-04 00:00:00+00:00,980.7233959349556
2023-07-04 08:00:00+00:00,984.1083292359059
2023-07-04 16:00:00+00:00,977.0939123930476
2023-07-05 00:00:00+00:00,979.3524437715676
2023-07-05 08:00:00+00:00,966.687568420325
2023-07-05 16:00:00+00:00,969.8211863567653
2023-07-06 00:00:00+00:00,975.2534373384523
2023-07-06 08:00:00+00:00,968.0398459950085
2023-07-06 16:00:00+00:00,960.5079231775719
2023-07-07 00:00:00+00:00,960.9976560111398
2023-07-07 08:00:00+00:00,970.3348879742595
2023-07-07 16:00:00+00:00,970.456365229925
2023-07-08 00:00:00+00:00,970.66836003037
2023-07-08 08:00:00+00:00,969.3741478911788
2023-07-08 16:00:00+00:00,971.092575626473
2023-07-09 00:00:00+00:00,970.4226090288064
2023-07-09 08:00:00+00:00,969.3991727729452
2023-07-09 16:00:00+00:00,966.3855608457526
2023-07-10 00:00:00+00:00,962.080571520315
2023-07-10 08:00:00+00:00,965.7492360830453
2023-07-10 16:00:00+00:00,967.557044056779
2023-07-11 00:00:00+00:00,971.7703675410219
2023-07-11 08:00:00+00:00,970.6174354207461
2023-07-11 16:00:00+00:00,970.6137380326472
2023-07-12 00:00:00+00:00,972.129853152067
2023-07-12 08:00:00+00:00,970.8259482321824
2023-07-12 16:00:00+00:00,967.9022334152296
2023-07-13 00:00:00+00:00,967.8122197525022
2023-07-13 08:00:00+00:00,987.9002375483086
2023-07-13 16:00:00+00:00,1008.5727649631664
2023-07-14 00:00:00+00:00,1020.6915745123176
2023-07-14 08:00:00+00:00,1022.0451540706625
2023-07-14 16:00:00+00:00,999.0839438680158
2023-07-15 00:00:00+00:00,1002.0083990261605
2023-07-15 08:00:00+00:00,1002.035319105819
2023-07-15 16:00:00+00:00,998.5216680461044
2023-07-16 00:00:00+00:00,994.7061174525815
2023-07-16 08:00:00+00:00,995.8240901346046
2023-07-16 16:00:00+00:00,988.4184034269254
2023-07-17 00:00:00+00:00,993.2440311564975
2023-07-17 08:00:00+00:00,987.8914935157923
2023-07-17 16:00:00+00:00,991.7272511911818
2023-07-18 00:00:00+00:00,986.4734834130014
2023-07-18 08:00:00+00:00,984.3109880688166
2023-07-18 16:00:00+00:00,982.6428903683191
2023-07-19 00:00:00+00:00,983.3907307587662
2023-07-19 08:00:00+00:00,986.4368303821714
2023-07-19 16:00:00+00:00,983.813032163527
2023-07-20 00:00:00+00:00,991.2246198525173
2023-07-20 08:00:00+00:00,995.9383340773046
2023-07-20 16:00:00+00:00,998.9538484121151
2023-07-21 00:00:00+00:00,996.8699859327219
2023-07-21 08:00:00+00:00,1001.0389513747623
2023-07-21 16:00:00+00:00,1000.0427489286847
2023-07-22 00:00:00+00:00,999.5754752624409
2023-07-22 08:00:00+00:00,997.1413317436508
2023-07-22 16:00:00+00:00,992.5845654815264
2023-07-23 00:00:00+00:00,995.9645557210441
2023-07-23 08:00:00+00:00,996.0436508104921
2023-07-23 16:00:00+00:00,995.6952686724211
2023-07-24 00:00:00+00:00,999.4608120794292
2023-07-24 08:00:00+00:00,993.1945397521041
2023-07-24 16:00:00+00:00,993.3474773777858
2023-07-25 00:00:00+00:00,995.1094806147173
2023-07-25 08:00:00+00:00,996.0886825795584
2023-07-25 16:00:00+00:00,1001.5694316057062
2023-07-26 00:00:00+00:00,998.747283778305
2023-07-26 08:00:00+00:00,997.0866738480809
2023-07-26 16:00:00+00:00,996.8285154267642
2023-07-27 00:00:00+00:00,997.8006761092694
2023-07-27 08:00:00+00:00,997.6448834383442
2023-07-27 16:00:00+00:00,995.7507010684135
2023-07-28 00:00:00+00:00,993.916077787241
2023-07-28 08:00:00+00:00,995.9100438149329
2023-07-28 16:00:00+00:00,995.9647325277357
2023-07-29 00:00:00+00:00,996.6747792433433
2023-07-29 08:00:00+00:00,996.8981155595397
2023-07-29 16:00:00+00:00,1000.2373869357071
2023-07-30 00:00:00+00:00,999.4798881417903
2023-07-30 08:00:00+00:00,998.7536437070228
2023-07-30 16:00:00+00:00,996.2854513235729
2023-07-31 00:00:00+00:00,997.2289815283788
2023-07-31 08:00:00+00:00,996.0809969128233
2023-07-31 16:00:00+00:00,995.7563225714052
2023-08-01 00:00:00+00:00,992.6938625447606
2023-08-01 08:00:00+00:00,993.0627949586087
2023-08-01 16:00:00+00:00,997.1450827345201
2023-08-02 00:00:00+00:00,994.3654751072622
2023-08-02 08:00:00+00:00,991.7066629787012
2023-08-02 16:00:00+00:00,990.015151569355
2023-08-03 00:00:00+00:00,989.436720235432
2023-08-03 08:00:00+00:00,990.0149320710415
2023-08-03 16:00:00+00:00,988.9928709704177
2023-08-04 00:00:00+00:00,990.1104349096644
2023-08-04 08:00:00+00:00,990.8240317008664
2023-08-04 16:00:00+00:00,988.5225315932248
2023-08-05 00:00:00+00:00,991.1246176001263
2023-08-05 08:00:00+00:00,990.9781230202644
2023-08-05 16:00:00+00:00,991.7223014779971
2023-08-06 00:00:00+00:00,991.0950197020934
2023-08-06 08:00:00+00:00,989.6669249069963
2023-08-06 16:00:00+00:00,989.5289650991178
2023-08-07 00:00:00+00:00,990.7217366853432
2023-08-07 08:00:00+00:00,987.9666601784578
2023-08-07 16:00:00+00:00,986.8084014348279
2023-08-08 00:00:00+00:00,986.9238253712634
2023-08-08 08:00:00+00:00,987.7002786729715
2023-08-08 16:00:00+00:00,988.5164616466166
2023-08-09 00:00:00+00:00,988.5164616466166
2023-08-09 08:00:00+00:00,988.5164616466166
2023-08-09 16:00:00+00:00,988.5164616466166
2023-08-10 00:00:00+00:00,988.5164616466166
2023-08-10 08:00:00+00:00,988.5164616466166
2023-08-10 16:00:00+00:00,988.5164616466166
2023-08-11 00:00:00+00:00,988.5164616466166
2023-08-11 08:00:00+00:00,988.5164616466166
2023-08-11 16:00:00+00:00,988.5164616466166
2023-08-12 00:00:00+00:00,988.5164616466166
2023-08-12 08:00:00+00:00,988.5164616466166
2023-08-12 16:00:00+00:00,988.5164616466166
2023-08-13 00:00:00+00:00,988.5164616466166
2023-08-13 08:00:00+00:00,988.5164616466166
2023-08-13 16:00:00+00:00,988.5164616466166
2023-08-14 00:00:00+00:00,988.5164616466166
2023-08-14 08:00:00+00:00,988.5164616466166
2023-08-14 16:00:00+00:00,988.5164616466166
2023-08-15 00:00:00+00:00,988.5164616466166
2023-08-15 08:00:00+00:00,988.5164616466166
2023-08-15 16:00:00+00:00,988.5164616466166
2023-08-16 00:00:00+00:00,988.5164616466166
2023-08-16 08:00:00+00:00,988.5164616466166
2023-08-16 16:00:00+00:00,988.5164616466166
2023-08-17 00:00:00+00:00,988.5164616466166
2023-08-17 08:00:00+00:00,988.5164616466166
2023-08-17 16:00:00+00:00,988.5164616466166
2023-08-18 00:00:00+00:00,988.5164616466166
2023-08-18 08:00:00+00:00,988.5164616466166
2023-08-18 16:00:00+00:00,988.5164616466166
2023-08-19 00:00:00+00:00,988.5164616466166
2023-08-19 08:00:00+00:00,988.5164616466166
2023-08-19 16:00:00+00:00,988.5164616466166
2023-08-20 00:00:00+00:00,988.5164616466166
2023-08-20 08:00:00+00:00,988.5164616466166
2023-08-20 16:00:00+00:00,988.5164616466166
2023-08-21 00:00:00+00:00,988.5164616466166
2023-08-21 08:00:00+00:00,988.5164616466166
2023-08-21 16:00:00+00:00,988.5164616466166
2023-08-22 00:00:00+00:00,988.5164616466166
2023-08-22 08:00:00+00:00,988.5164616466166
2023-08-22 16:00:00+00:00,988.5164616466166
2023-08-23 00:00:00+00:00,988.5164616466166
2023-08-23 08:00:00+00:00,988.5164616466166
2023-08-23 16:00:00+00:00,988.5164616466166
2023-08-24 00:00:00+00:00,988.5164616466166
2023-08-24 08:00:00+00:00,988.5164616466166
2023-08-24 16:00:00+00:00,988.5164616466166
2023-08-25 00:00:00+00:00,988.5164616466166
2023-08-25 08:00:00+00:00,988.5164616466166
2023-08-25 16:00:00+00:00,988.5164616466166
2023-08-26 00:00:00+00:00,988.5164616466166
2023-08-26 08:00:00+00:00,988.5164616466166
2023-08-26 16:00:00+00:00,988.5164616466166
2023-08-27 00:00:00+00:00,988.5164616466166
2023-08-27 08:00:00+00:00,988.5164616466166
2023-08-27 16:00:00+00:00,988.5164616466166
2023-08-28 00:00:00+00:00,988.5164616466166
2023-08-28 08:00:00+00:00,988.5164616466166
2023-08-28 16:00:00+00:00,988.5164616466166
2023-08-29 00:00:00+00:00,988.5164616466166
2023-08-29 08:00:00+00:00,988.5164616466166
2023-08-29 16:00:00+00:00,988.5164616466166
2023-08-30 00:00:00+00:00,988.5164616466166
2023-08-30 08:00:00+00:00,988.5164616466166
2023-08-30 16:00:00+00:00,988.5164616466166
2023-08-31 00:00:00+00:00,988.5164616466166
2023-08-31 08:00:00+00:00,988.5164616466166
2023-08-31 16:00:00+00:00,988.5164616466166
2023-09-01 00:00:00+00:00,988.5164616466166
2023-09-01 08:00:00+00:00,988.5164616466166
2023-09-01 16:00:00+00:00,988.5164616466166
2023-09-02 00:00:00+00:00,988.5164616466166
2023-09-02 08:00:00+00:00,988.5164616466166
2023-09-02 16:00:00+00:00,988.5164616466166
2023-09-03 00:00:00+00:00,988.5164616466166
2023-09-03 08:00:00+00:00,988.5164616466166
2023-09-03 16:00:00+00:00,988.5164616466166
2023-09-04 00:00:00+00:00,988.5164616466166
2023-09-04 08:00:00+00:00,988.5164616466166
2023-09-04 16:00:00+00:00,988.5164616466166
2023-09-05 00:00:00+00:00,988.5164616466166
2023-09-05 08:00:00+00:00,988.5164616466166
2023-09-05 16:00:00+00:00,988.5164616466166
2023-09-06 00:00:00+00:00,988.5164616466166
2023-09-06 08:00:00+00:00,988.5164616466166
2023-09-06 16:00:00+00:00,988.5164616466166
2023-09-07 00:00:00+00:00,988.5164616466166
2023-09-07 08:00:00+00:00,988.5164616466166
2023-09-07 16:00:00+00:00,988.5164616466166
2023-09-08 00:00:00+00:00,988.5164616466166
2023-09-08 08:00:00+00:00,988.5164616466166
2023-09-08 16:00:00+00:00,988.5164616466166
2023-09-09 00:00:00+00:00,988.5164616466166
2023-09-09 08:00:00+00:00,988.5164616466166
2023-09-09 16:00:00+00:00,988.5164616466166
2023-09-10 00:00:00+00:00,988.5164616466166
2023-09-10 08:00:00+00:00,988.5164616466166
2023-09-10 16:00:00+00:00,988.5164616466166
2023-09-11 00:00:00+00:00,988.5164616466166
2023-09-11 08:00:00+00:00,988.5164616466166
2023-09-11 16:00:00+00:00,988.5164616466166
2023-09-12 00:00:00+00:00,988.5164616466166
2023-09-12 08:00:00+00:00,988.5164616466166
2023-09-12 16:00:00+00:00,988.5164616466166
2023-09-13 00:00:00+00:00,988.5164616466166
2023-09-13 08:00:00+00:00,988.5164616466166
2023-09-13 16:00:00+00:00,988.5164616466166
2023-09-14 00:00:00+00:00,988.5164616466166
2023-09-14 08:00:00+00:00,988.5164616466166
2023-09-14 16:00:00+00:00,988.5164616466166
2023-09-15 00:00:00+00:00,988.5164616466166
2023-09-15 08:00:00+00:00,988.5164616466166
2023-09-15 16:00:00+00:00,988.5164616466166
2023-09-16 00:00:00+00:00,988.5164616466166
2023-09-16 08:00:00+00:00,988.5164616466166
2023-09-16 16:00:00+00:00,988.5164616466166
2023-09-17 00:00:00+00:00,988.5164616466166
2023-09-17 08:00:00+00:00,988.5164616466166
2023-09-17 16:00:00+00:00,988.5164616466166
2023-09-18 00:00:00+00:00,988.5164616466166
2023-09-18 08:00:00+00:00,988.5164616466166
2023-09-18 16:00:00+00:00,988.5164616466166
2023-09-19 00:00:00+00:00,988.5164616466166
2023-09-19 08:00:00+00:00,988.5164616466166
2023-09-19 16:00:00+00:00,988.5164616466166
2023-09-20 00:00:00+00:00,988.5164616466166
2023-09-20 08:00:00+00:00,988.5164616466166
2023-09-20 16:00:00+00:00,988.5164616466166
2023-09-21 00:00:00+00:00,988.5164616466166
2023-09-21 08:00:00+00:00,988.5164616466166
2023-09-21 16:00:00+00:00,988.5164616466166
2023-09-22 00:00:00+00:00,988.5164616466166
2023-09-22 08:00:00+00:00,988.5164616466166
2023-09-22 16:00:00+00:00,988.5164616466166
2023-09-23 00:00:00+00:00,988.5164616466166
2023-09-23 08:00:00+00:00,988.5164616466166
2023-09-23 16:00:00+00:00,988.5164616466166
2023-09-24 00:00:00+00:00,988.5164616466166
2023-09-24 08:00:00+00:00,988.5164616466166
2023-09-24 16:00:00+00:00,988.5164616466166
2023-09-25 00:00:00+00:00,988.5164616466166
2023-09-25 08:00:00+00:00,988.5164616466166
2023-09-25 16:00:00+00:00,988.5164616466166
2023-09-26 00:00:00+00:00,988.5164616466166
2023-09-26 08:00:00+00:00,988.5164616466166
2023-09-26 16:00:00+00:00,988.5164616466166
2023-09-27 00:00:00+00:00,988.5164616466166
2023-09-27 08:00:00+00:00,988.5164616466166
2023-09-27 16:00:00+00:00,988.5164616466166
2023-09-28 00:00:00+00:00,988.5164616466166
2023-09-28 08:00:00+00:00,988.5164616466166
2023-09-28 16:00:00+00:00,988.5164616466166
2023-09-29 00:00:00+00:00,988.5164616466166
2023-09-29 08:00:00+00:00,988.5164616466166
2023-09-29 16:00:00+00:00,988.5164616466166
2023-09-30 00:00:00+00:00,988.5164616466166
2023-09-30 08:00:00+00:00,988.5164616466166
2023-09-30 16:00:00+00:00,988.5164616466166
2023-10-01 00:00:00+00:00,988.5164616466166
2023-10-01 08:00:00+00:00,988.5164616466166
2023-10-01 16:00:00+00:00,988.5164616466166
2023-10-02 00:00:00+00:00,988.5164616466166
2023-10-02 08:00:00+00:00,988.5164616466166
2023-10-02 16:00:00+00:00,988.5164616466166
2023-10-03 00:00:00+00:00,988.5164616466166
2023-10-03 08:00:00+00:00,988.5164616466166
2023-10-03 16:00:00+00:00,988.5164616466166
2023-10-04 00:00:00+00:00,988.5164616466166
2023-10-04 08:00:00+00:00,988.5164616466166
2023-10-04 16:00:00+00:00,988.5164616466166
2023-10-05 00:00:00+00:00,988.5164616466166
2023-10-05 08:00:00+00:00,988.5164616466166
2023-10-05 16:00:00+00:00,988.5164616466166
2023-10-06 00:00:00+00:00,988.5164616466166
2023-10-06 08:00:00+00:00,988.5164616466166
2023-10-06 16:00:00+00:00,988.5164616466166
2023-10-07 00:00:00+00:00,988.5164616466166
2023-10-07 08:00:00+00:00,988.5164616466166
2023-10-07 16:00:00+00:00,988.5164616466166
2023-10-08 00:00:00+00:00,988.5164616466166
2023-10-08 08:00:00+00:00,988.5164616466166
2023-10-08 16:00:00+00:00,988.5164616466166
2023-10-09 00:00:00+00:00,988.5164616466166
2023-10-09 08:00:00+00:00,988.5164616466166
2023-10-09 16:00:00+00:00,988.5164616466166
2023-10-10 00:00:00+00:00,988.5164616466166
2023-10-10 08:00:00+00:00,988.5164616466166
2023-10-10 16:00:00+00:00,988.5164616466166
2023-10-11 00:00:00+00:00,988.5164616466166
2023-10-11 08:00:00+00:00,988.5164616466166
2023-10-11 16:00:00+00:00,988.5164616466166
2023-10-12 00:00:00+00:00,988.5164616466166
2023-10-12 08:00:00+00:00,988.5164616466166
2023-10-12 16:00:00+00:00,988.5164616466166
2023-10-13 00:00:00+00:00,988.5164616466166
2023-10-13 08:00:00+00:00,988.5164616466166
2023-10-13 16:00:00+00:00,988.5164616466166
2023-10-14 00:00:00+00:00,988.5164616466166
2023-10-14 08:00:00+00:00,988.5164616466166
2023-10-14 16:00:00+00:00,988.5164616466166
2023-10-15 00:00:00+00:00,988.5164616466166
2023-10-15 08:00:00+00:00,988.5164616466166
2023-10-15 16:00:00+00:00,988.5164616466166
2023-10-16 00:00:00+00:00,988.5164616466166
2023-10-16 08:00:00+00:00,988.5164616466166
2023-10-16 16:00:00+00:00,988.5164616466166
2023-10-17 00:00:00+00:00,988.5164616466166
2023-10-17 08:00:00+00:00,988.5164616466166
2023-10-17 16:00:00+00:00,988.5164616466166
2023-10-18 00:00:00+00:00,988.5164616466166
2023-10-18 08:00:00+00:00,988.5164616466166
2023-10-18 16:00:00+00:00,988.5164616466166
2023-10-19 00:00:00+00:00,988.5164616466166
2023-10-19 08:00:00+00:00,988.5164616466166
2023-10-19 16:00:00+00:00,988.5164616466166
2023-10-20 00:00:00+00:00,988.5164616466166
2023-10-20 08:00:00+00:00,988.5164616466166
2023-10-20 16:00:00+00:00,990.7394429023879
2023-10-21 00:00:00+00:00,993.8018631473383
2023-10-21 08:00:00+00:00,996.6284905090517
2023-10-21 16:00:00+00:00,997.481424776868
2023-10-22 00:00:00+00:00,1002.6112831348523
2023-10-22 08:00:00+00:00,999.7888839334666
2023-10-22 16:00:00+00:00,1013.7485590268182
2023-10-23 00:00:00+00:00,1017.8793712624993
2023-10-23 08:00:00+00:00,1008.7950282781375
2023-10-23 16:00:00+00:00,1040.4717296713409
2023-10-24 00:00:00+00:00,1035.3963992043725
2023-10-24 08:00:00+00:00,1026.2079153484913
2023-10-24 16:00:00+00:00,1034.0486271897532
2023-10-25 00:00:00+00:00,1039.8673570803287
2023-10-25 08:00:00+00:00,1061.1523035709006
2023-10-25 16:00:00+00:00,1058.1399617354311
2023-10-26 00:00:00+00:00,1072.3636383042883
2023-10-26 08:00:00+00:00,1040.6180756294245
2023-10-26 16:00:00+00:00,1058.3536216831355
2023-10-27 00:00:00+00:00,1045.6066519455899
2023-10-27 08:00:00+00:00,1055.382417735826
2023-10-27 16:00:00+00:00,1051.9770188014274
2023-10-28 00:00:00+00:00,1061.1158193918345
2023-10-28 08:00:00+00:00,1059.0625173081762
2023-10-28 16:00:00+00:00,1056.2089426034681
2023-10-29 00:00:00+00:00,1058.7980301773698
2023-10-29 08:00:00+00:00,1062.8987953330482
2023-10-29 16:00:00+00:00,1065.1514991126194
2023-10-30 00:00:00+00:00,1059.978932596354
2023-10-30 08:00:00+00:00,1079.8023035264641
2023-10-30 16:00:00+00:00,1076.6486760411633
2023-10-31 00:00:00+00:00,1082.681106672553
2023-10-31 08:00:00+00:00,1075.0835401552458
2023-10-31 16:00:00+00:00,1089.6080424960285
2023-11-01 00:00:00+00:00,1082.1645758321488
2023-11-01 08:00:00+00:00,1081.788982860964
2023-11-01 16:00:00+00:00,1112.848214691382
2023-11-02 00:00:00+00:00,1109.2432957499839
2023-11-02 08:00:00+00:00,1085.577774949279
2023-11-02 16:00:00+00:00,1090.2749055902734
2023-11-03 00:00:00+00:00,1085.7309176125077
2023-11-03 08:00:00+00:00,1093.9406741057398
2023-11-03 16:00:00+00:00,1097.749878883959
2023-11-04 00:00:00+00:00,1103.1909827394159
2023-11-04 08:00:00+00:00,1103.1342479334896
2023-11-04 16:00:00+00:00,1113.4490778798286
2023-11-05 00:00:00+00:00,1123.9634416713454
2023-11-05 08:00:00+00:00,1111.7330164004193
2023-11-05 16:00:00+00:00,1119.9928067890949
2023-11-06 00:00:00+00:00,1120.5871979686067
2023-11-06 08:00:00+00:00,1133.9677120088572
2023-11-06 16:00:00+00:00,1145.2799222413237
2023-11-07 00:00:00+00:00,1141.708284547965
2023-11-07 08:00:00+00:00,1126.411980107637
2023-11-07 16:00:00+00:00,1142.0988149007144
2023-11-08 00:00:00+00:00,1145.4985456024822
2023-11-08 08:00:00+00:00,1147.65429699903
2023-11-08 16:00:00+00:00,1164.6404951100035
2023-11-09 00:00:00+00:00,1167.9877954246615
2023-11-09 08:00:00+00:00,1196.4389226913227
2023-11-09 16:00:00+00:00,1163.9457245546378
2023-11-10 00:00:00+00:00,1163.373119634097
2023-11-10 08:00:00+00:00,1178.9034450188647
2023-11-10 16:00:00+00:00,1207.6688069856925
2023-11-11 00:00:00+00:00,1190.0486552326477
2023-11-11 08:00:00+00:00,1225.7117717079348
2023-11-11 16:00:00+00:00,1234.9293098562814
2023-11-12 00:00:00+00:00,1242.6313366063089
2023-11-12 08:00:00+00:00,1237.2593055490079
2023-11-12 16:00:00+00:00,1240.8166832195993
2023-11-13 00:00:00+00:00,1228.396903653141
2023-11-13 08:00:00+00:00,1229.1600042151974
2023-11-13 16:00:00+00:00,1205.4325256806799
2023-11-14 00:00:00+00:00,1217.7051223099945
2023-11-14 08:00:00+00:00,1206.0268103538256
2023-11-14 16:00:00+00:00,1183.3845335673905
2023-11-15 00:00:00+00:00,1197.9883982772465
2023-11-15 08:00:00+00:00,1210.413086200796
2023-11-15 16:00:00+00:00,1213.221150334123
2023-11-16 00:00:00+00:00,1227.3665410273065
2023-11-16 08:00:00+00:00,1213.4800350383227
2023-11-16 16:00:00+00:00,1199.2795393302886
2023-11-17 00:00:00+00:00,1208.5451591982667
2023-11-17 08:00:00+00:00,1181.7965304447362
2023-11-17 16:00:00+00:00,1203.7759718896668
2023-11-18 00:00:00+00:00,1190.201457967427
2023-11-18 08:00:00+00:00,1201.1372513225613
2023-11-18 16:00:00+00:00,1201.6675592212162
2023-11-19 00:00:00+00:00,1208.2360989809442
2023-11-19 08:00:00+00:00,1206.234232350722
2023-11-19 16:00:00+00:00,1224.849454720751
2023-11-20 00:00:00+00:00,1226.7420288372227
2023-11-20 08:00:00+00:00,1223.669193025408
2023-11-20 16:00:00+00:00,1207.7350093307916
2023-11-21 00:00:00+00:00,1199.5177351625257
2023-11-21 08:00:00+00:00,1206.0365493000702
2023-11-21 16:00:00+00:00,1177.2501121206853
2023-11-22 00:00:00+00:00,1192.6187919923395
2023-11-22 08:00:00+00:00,1191.8371470801997
2023-11-22 16:00:00+00:00,1196.7896952064013
2023-11-23 00:00:00+00:00,1201.5271364700013
2023-11-23 08:00:00+00:00,1193.7322390543497
2023-11-23 16:00:00+00:00,1197.332694891592
2023-11-24 00:00:00+00:00,1197.697641830472
2023-11-24 08:00:00+00:00,1206.1979849479512
2023-11-24 16:00:00+00:00,1200.266598450735
2023-11-25 00:00:00+00:00,1203.5683157490064
2023-11-25 08:00:00+00:00,1201.6910217743805
2023-11-25 16:00:00+00:00,1205.0896189128578
2023-11-26 00:00:00+00:00,1206.609618124724
2023-11-26 08:00:00+00:00,1196.2811112756729
2023-11-26 16:00:00+00:00,1199.1203334350478
2023-11-27 00:00:00+00:00,1199.1203334350478
2023-11-27 08:00:00+00:00,1199.1203334350478
2023-11-27 16:00:00+00:00,1199.1203334350478
2023-11-28 00:00:00+00:00,1199.1203334350478
2023-11-28 08:00:00+00:00,1199.1203334350478
2023-11-28 16:00:00+00:00,1199.1203334350478
2023-11-29 00:00:00+00:00,1199.1203334350478
2023-11-29 08:00:00+00:00,1199.1203334350478
2023-11-29 16:00:00+00:00,1199.1203334350478
2023-11-30 00:00:00+00:00,1199.1203334350478
2023-11-30 08:00:00+00:00,1199.1203334350478
2023-11-30 16:00:00+00:00,1199.1203334350478
2023-12-01 00:00:00+00:00,1199.1203334350478
2023-12-01 08:00:00+00:00,1199.1203334350478
2023-12-01 16:00:00+00:00,1199.1203334350478
2023-12-02 00:00:00+00:00,1199.1203334350478
2023-12-02 08:00:00+00:00,1199.1203334350478
2023-12-02 16:00:00+00:00,1199.1203334350478
2023-12-03 00:00:00+00:00,1199.1203334350478
2023-12-03 08:00:00+00:00,1199.1203334350478
2023-12-03 16:00:00+00:00,1199.1203334350478
2023-12-04 00:00:00+00:00,1199.1203334350478
2023-12-04 08:00:00+00:00,1199.1203334350478
2023-12-04 16:00:00+00:00,1199.1203334350478
2023-12-05 00:00:00+00:00,1199.1203334350478
2023-12-05 08:00:00+00:00,1199.1203334350478
2023-12-05 16:00:00+00:00,1199.1203334350478
2023-12-06 00:00:00+00:00,1199.1203334350478
2023-12-06 08:00:00+00:00,1199.1203334350478
2023-12-06 16:00:00+00:00,1199.1203334350478
2023-12-07 00:00:00+00:00,1199.1203334350478
2023-12-07 08:00:00+00:00,1199.1203334350478
2023-12-07 16:00:00+00:00,1198.2677004268048
2023-12-08 00:00:00+00:00,1199.4801010962965
2023-12-08 08:00:00+00:00,1210.478042021283
2023-12-08 16:00:00+00:00,1217.1207839060025
2023-12-09 00:00:00+00:00,1227.2256114464667
2023-12-09 08:00:00+00:00,1219.4971680059002
2023-12-09 16:00:00+00:00,1206.7272984406532
2023-12-10 00:00:00+00:00,1209.2068180593935
2023-12-10 08:00:00+00:00,1208.0013190129857
2023-12-10 16:00:00+00:00,1212.8474218893155
2023-12-11 00:00:00+00:00,1164.7086258145146
2023-12-11 08:00:00+00:00,1162.314287951875
2023-12-11 16:00:00+00:00,1166.38907570188
2023-12-12 00:00:00+00:00,1175.9414079794922
2023-12-12 08:00:00+00:00,1176.9550961692084
2023-12-12 16:00:00+00:00,1177.3604763227013
2023-12-13 00:00:00+00:00,1166.8477511479966
2023-12-13 08:00:00+00:00,1172.83601802147
2023-12-13 16:00:00+00:00,1174.8876005715942
2023-12-14 00:00:00+00:00,1173.000717725693
2023-12-14 08:00:00+00:00,1170.727275760834
2023-12-14 16:00:00+00:00,1173.8658647795774
2023-12-15 00:00:00+00:00,1171.729469229282
2023-12-15 08:00:00+00:00,1174.4633816491141
2023-12-15 16:00:00+00:00,1172.7069639481988
2023-12-16 00:00:00+00:00,1176.5395794646302
2023-12-16 08:00:00+00:00,1182.143358032751
2023-12-16 16:00:00+00:00,1176.062648587066
2023-12-17 00:00:00+00:00,1173.983606062761
2023-12-17 08:00:00+00:00,1175.62900914549
2023-12-17 16:00:00+00:00,1172.4732619042272
2023-12-18 00:00:00+00:00,1167.6904748627567
2023-12-18 08:00:00+00:00,1167.379252975213
2023-12-18 16:00:00+00:00,1171.8617739032702
2023-12-19 00:00:00+00:00,1171.9899897010143
2023-12-19 08:00:00+00:00,1169.6371000133017
2023-12-19 16:00:00+00:00,1171.623661810476
2023-12-20 00:00:00+00:00,1176.0074933121098
2023-12-20 08:00:00+00:00,1179.098962715998
2023-12-20 16:00:00+00:00,1175.9402425267153
2023-12-21 00:00:00+00:00,1182.9589460187929
2023-12-21 08:00:00+00:00,1191.5584155027836
2023-12-21 16:00:00+00:00,1201.7041832524567
2023-12-22 00:00:00+00:00,1195.1523667420684
2023-12-22 08:00:00+00:00,1202.120955780562
2023-12-22 16:00:00+00:00,1207.2849740055353
2023-12-23 00:00:00+00:00,1206.1391105743103
2023-12-23 08:00:00+00:00,1207.5860435825834
2023-12-23 16:00:00+00:00,1233.435468355977
2023-12-24 00:00:00+00:00,1235.7912418966241
2023-12-24 08:00:00+00:00,1234.4856585163
2023-12-24 16:00:00+00:00,1231.1629914344421
2023-12-25 00:00:00+00:00,1234.430667712581
2023-12-25 08:00:00+00:00,1257.2701343298695
2023-12-25 16:00:00+00:00,1263.6530955496175
2023-12-26 00:00:00+00:00,1255.0914647106174
2023-12-26 08:00:00+00:00,1247.4384264129583
2023-12-26 16:00:00+00:00,1260.7154765748346
2023-12-27 00:00:00+00:00,1245.4013342358892
2023-12-27 08:00:00+00:00,1245.588338927107
2023-12-27 16:00:00+00:00,1240.6368687124832
2023-12-28 00:00:00+00:00,1237.7694991553979
2023-12-28 08:00:00+00:00,1222.2323946243412
2023-12-28 16:00:00+00:00,1219.6525073000532
2023-12-29 00:00:00+00:00,1223.5482304816712
2023-12-29 08:00:00+00:00,1224.7764413266962
2023-12-29 16:00:00+00:00,1221.9163993333702
2023-12-30 00:00:00+00:00,1216.2548050175812
2023-12-30 08:00:00+00:00,1217.8194306690289
2023-12-30 16:00:00+00:00,1214.4895917156446
2023-12-31 00:00:00+00:00,1220.2617295574832
2023-12-31 08:00:00+00:00,1216.9480095042359
2023-12-31 16:00:00+00:00,1209.0695779250777
2024-01-01 00:00:00+00:00,1208.8597087921808
2024-01-01 08:00:00+00:00,1216.7130017743468
2024-01-01 16:00:00+00:00,1224.6032821031888
2024-01-02 00:00:00+00:00,1232.9708773620455
2024-01-02 08:00:00+00:00,1226.8423703086812
2024-01-02 16:00:00+00:00,1227.6572616100989
2024-01-03 00:00:00+00:00,1225.4617782505013
2024-01-03 08:00:00+00:00,1191.555759186644
2024-01-03 16:00:00+00:00,1191.555759186644
2024-01-04 00:00:00+00:00,1191.555759186644
2024-01-04 08:00:00+00:00,1191.555759186644
2024-01-04 16:00:00+00:00,1191.555759186644
2024-01-05 00:00:00+00:00,1191.555759186644
2024-01-05 08:00:00+00:00,1191.555759186644
2024-01-05 16:00:00+00:00,1191.555759186644
2024-01-06 00:00:00+00:00,1191.555759186644
2024-01-06 08:00:00+00:00,1191.555759186644
2024-01-06 16:00:00+00:00,1191.555759186644
2024-01-07 00:00:00+00:00,1191.555759186644
2024-01-07 08:00:00+00:00,1191.555759186644
2024-01-07 16:00:00+00:00,1191.555759186644
2024-01-08 00:00:00+00:00,1191.555759186644
2024-01-08 08:00:00+00:00,1191.555759186644
2024-01-08 16:00:00+00:00,1191.555759186644
2024-01-09 00:00:00+00:00,1191.555759186644
2024-01-09 08:00:00+00:00,1191.555759186644
2024-01-09 16:00:00+00:00,1191.555759186644
2024-01-10 00:00:00+00:00,1191.555759186644
2024-01-10 08:00:00+00:00,1191.555759186644
2024-01-10 16:00:00+00:00,1191.555759186644
2024-01-11 00:00:00+00:00,1197.3885683938327
2024-01-11 08:00:00+00:00,1198.4595628863785
2024-01-11 16:00:00+00:00,1203.6098903934203
2024-01-12 00:00:00+00:00,1203.929042801433
2024-01-12 08:00:00+00:00,1208.0210007335154
2024-01-12 16:00:00+00:00,1202.8642988574702
2024-01-13 00:00:00+00:00,1207.972540209416
2024-01-13 08:00:00+00:00,1209.1963234272098
2024-01-13 16:00:00+00:00,1210.4461958637396
2024-01-14 00:00:00+00:00,1209.6696810150174
2024-01-14 08:00:00+00:00,1207.6350364511297
2024-01-14 16:00:00+00:00,1204.3842150723522
2024-01-15 00:00:00+00:00,1213.8454430345369
2024-01-15 08:00:00+00:00,1211.5113660044171
2024-01-15 16:00:00+00:00,1211.2346395970237
2024-01-16 00:00:00+00:00,1209.2359062989383
2024-01-16 08:00:00+00:00,1208.8935387299448
2024-01-16 16:00:00+00:00,1210.0162528500146
2024-01-17 00:00:00+00:00,1206.3890885011617
2024-01-17 08:00:00+00:00,1207.8675169966932
2024-01-17 16:00:00+00:00,1208.6351055017537
2024-01-18 00:00:00+00:00,1207.1557045293598
2024-01-18 08:00:00+00:00,1200.7391069012283
2024-01-18 16:00:00+00:00,1193.7461821554311
2024-01-19 00:00:00+00:00,1193.5187747945033
2024-01-19 08:00:00+00:00,1195.0919098512782
2024-01-19 16:00:00+00:00,1201.4726492159798
2024-01-20 00:00:00+00:00,1199.8954467125452
2024-01-20 08:00:00+00:00,1194.3521526446427
2024-01-20 16:00:00+00:00,1196.3602437237794
2024-01-21 00:00:00+00:00,1196.169714357354
2024-01-21 08:00:00+00:00,1194.039449218425
2024-01-21 16:00:00+00:00,1192.2561240056941
2024-01-22 00:00:00+00:00,1191.007858604833
2024-01-22 08:00:00+00:00,1186.6340204403664
2024-01-22 16:00:00+00:00,1181.7148233513087
2024-01-23 00:00:00+00:00,1181.9862413122257
2024-01-23 08:00:00+00:00,1176.1339971082532
2024-01-23 16:00:00+00:00,1176.1339971082532
2024-01-24 00:00:00+00:00,1176.1339971082532
2024-01-24 08:00:00+00:00,1176.1339971082532
2024-01-24 16:00:00+00:00,1176.1339971082532
2024-01-25 00:00:00+00:00,1176.1339971082532
2024-01-25 08:00:00+00:00,1176.1339971082532
2024-01-25 16:00:00+00:00,1176.1339971082532
2024-01-26 00:00:00+00:00,1176.1339971082532
2024-01-26 08:00:00+00:00,1176.1339971082532
2024-01-26 16:00:00+00:00,1176.1339971082532
2024-01-27 00:00:00+00:00,1176.1339971082532
2024-01-27 08:00:00+00:00,1176.1339971082532
2024-01-27 16:00:00+00:00,1176.1339971082532
2024-01-28 00:00:00+00:00,1176.1339971082532
2024-01-28 08:00:00+00:00,1176.1339971082532
2024-01-28 16:00:00+00:00,1176.1339971082532
2024-01-29 00:00:00+00:00,1176.1339971082532
2024-01-29 08:00:00+00:00,1176.1339971082532
2024-01-29 16:00:00+00:00,1176.1339971082532
2024-01-30 00:00:00+00:00,1176.1339971082532
2024-01-30 08:00:00+00:00,1176.1339971082532
2024-01-30 16:00:00+00:00,1172.4431664652438
2024-01-31 00:00:00+00:00,1175.3517123382937
2024-01-31 08:00:00+00:00,1174.5212442749048
2024-01-31 16:00:00+00:00,1167.9963225865679
2024-02-01 00:00:00+00:00,1165.0363810102192
2024-02-01 08:00:00+00:00,1165.4431396015952
2024-02-01 16:00:00+00:00,1168.8931995414111
2024-02-02 00:00:00+00:00,1171.0457033111952
2024-02-02 08:00:00+00:00,1169.9789057084624
2024-02-02 16:00:00+00:00,1169.1333957156223
2024-02-03 00:00:00+00:00,1165.857253514734
2024-02-03 08:00:00+00:00,1165.7640899584103
2024-02-03 16:00:00+00:00,1162.016356088199
2024-02-04 00:00:00+00:00,1160.0319833835958
2024-02-04 08:00:00+00:00,1163.568652030083
2024-02-04 16:00:00+00:00,1158.1037809858685
2024-02-05 00:00:00+00:00,1162.3958546675794
2024-02-05 08:00:00+00:00,1160.8007834635694
2024-02-05 16:00:00+00:00,1159.8508974397353
2024-02-06 00:00:00+00:00,1159.2592196783587
2024-02-06 08:00:00+00:00,1159.0475314728408
2024-02-06 16:00:00+00:00,1158.9581023201617
2024-02-07 00:00:00+00:00,1157.843809060738
2024-02-07 08:00:00+00:00,1158.0122364922015
2024-02-07 16:00:00+00:00,1163.1516288170133
2024-02-08 00:00:00+00:00,1162.9130267491591
2024-02-08 08:00:00+00:00,1166.3912328553956
2024-02-08 16:00:00+00:00,1164.00178327715
2024-02-09 00:00:00+00:00,1167.2113096067299
2024-02-09 08:00:00+00:00,1170.7967023200072
2024-02-09 16:00:00+00:00,1175.01849544385
2024-02-10 00:00:00+00:00,1176.394878099604
2024-02-10 08:00:00+00:00,1175.7702461319961
2024-02-10 16:00:00+00:00,1178.4071316842833
2024-02-11 00:00:00+00:00,1181.026858093943
2024-02-11 08:00:00+00:00,1176.0512545935237
2024-02-11 16:00:00+00:00,1172.4939494738699
2024-02-12 00:00:00+00:00,1170.3354864983637
2024-02-12 08:00:00+00:00,1181.4087033635465
2024-02-12 16:00:00+00:00,1192.9867888972062
2024-02-13 00:00:00+00:00,1193.78991384699
2024-02-13 08:00:00+00:00,1184.4924646194927
2024-02-13 16:00:00+00:00,1189.840364487064
2024-02-14 00:00:00+00:00,1192.9970272237363
2024-02-14 08:00:00+00:00,1208.4781173927365
2024-02-14 16:00:00+00:00,1212.0595288233371
2024-02-15 00:00:00+00:00,1209.4598367501687
2024-02-15 08:00:00+00:00,1209.1081810972976
2024-02-15 16:00:00+00:00,1208.2603326525573
2024-02-16 00:00:00+00:00,1202.238544789519
2024-02-16 08:00:00+00:00,1194.031843605803
2024-02-16 16:00:00+00:00,1197.6798162459577
2024-02-17 00:00:00+00:00,1196.0855084937793
2024-02-17 08:00:00+00:00,1186.8198911968284
2024-02-17 16:00:00+00:00,1194.7811239578393
2024-02-18 00:00:00+00:00,1196.0112395057884
2024-02-18 08:00:00+00:00,1200.37047237946
2024-02-18 16:00:00+00:00,1206.8399104779753
2024-02-19 00:00:00+00:00,1212.2529154603192
2024-02-19 08:00:00+00:00,1205.8468635984948
2024-02-19 16:00:00+00:00,1206.695938157805
2024-02-20 00:00:00+00:00,1200.7344087765387
2024-02-20 08:00:00+00:00,1188.1151734172813
2024-02-20 16:00:00+00:00,1198.9215627138271
2024-02-21 00:00:00+00:00,1185.8875982435932
2024-02-21 08:00:00+00:00,1177.015929429442
2024-02-21 16:00:00+00:00,1180.6416317501073
2024-02-22 00:00:00+00:00,1182.4641267643863
2024-02-22 08:00:00+00:00,1181.9200015229023
2024-02-22 16:00:00+00:00,1180.870999087206
2024-02-23 00:00:00+00:00,1178.302555753741
2024-02-23 08:00:00+00:00,1177.0820491046234
2024-02-23 16:00:00+00:00,1177.5173593872828
2024-02-24 00:00:00+00:00,1180.3695691293653
2024-02-24 08:00:00+00:00,1179.774475236947
2024-02-24 16:00:00+00:00,1182.386992748604
2024-02-25 00:00:00+00:00,1184.997441918438
2024-02-25 08:00:00+00:00,1183.5347132799534
2024-02-25 16:00:00+00:00,1188.1654827197633
2024-02-26 00:00:00+00:00,1188.4791248701001
2024-02-26 08:00:00+00:00,1196.8996003058708
2024-02-26 16:00:00+00:00,1198.5460595148757
2024-02-27 00:00:00+00:00,1199.6040981663507
2024-02-27 08:00:00+00:00,1206.2643758802826
2024-02-27 16:00:00+00:00,1216.0463047134385
2024-02-28 00:00:00+00:00,1222.8609027244013
2024-02-28 08:00:00+00:00,1239.534958360758
2024-02-28 16:00:00+00:00,1256.5837241995923
2024-02-29 00:00:00+00:00,1284.2099269679584
2024-02-29 08:00:00+00:00,1292.2481516538874
2024-02-29 16:00:00+00:00,1253.501363075252
2024-03-01 00:00:00+00:00,1258.0684598855055
2024-03-01 08:00:00+00:00,1266.4233407376778
2024-03-01 16:00:00+00:00,1294.3883427429512
2024-03-02 00:00:00+00:00,1307.0649291667903
2024-03-02 08:00:00+00:00,1294.6569517339642
2024-03-02 16:00:00+00:00,1305.7062134604096
2024-03-03 00:00:00+00:00,1278.3442764211059
2024-03-03 08:00:00+00:00,1298.4488065744354
2024-03-03 16:00:00+00:00,1324.9523968160536
2024-03-04 00:00:00+00:00,1343.3935321587812
2024-03-04 08:00:00+00:00,1366.1485677061203
2024-03-04 16:00:00+00:00,1385.6975695251058
2024-03-05 00:00:00+00:00,1385.2381525999847
2024-03-05 08:00:00+00:00,1396.0830003781637
2024-03-05 16:00:00+00:00,1331.3669899360152
2024-03-06 00:00:00+00:00,1325.1825252896697
2024-03-06 08:00:00+00:00,1320.3342125911129
2024-03-06 16:00:00+00:00,1322.5831391519764
2024-03-07 00:00:00+00:00,1326.790986258233
2024-03-07 08:00:00+00:00,1329.0812305496079
2024-03-07 16:00:00+00:00,1328.6887694062154
2024-03-08 00:00:00+00:00,1327.3474199626792
2024-03-08 08:00:00+00:00,1325.4966749157866
2024-03-08 16:00:00+00:00,1330.6352528435286
2024-03-09 00:00:00+00:00,1340.209658160126
2024-03-09 08:00:00+00:00,1337.2278391730495
2024-03-09 16:00:00+00:00,1335.1969288708096
2024-03-10 00:00:00+00:00,1338.1609118899958
2024-03-10 08:00:00+00:00,1328.166975016142
2024-03-10 16:00:00+00:00,1329.7830492004935
2024-03-11 00:00:00+00:00,1346.4260234024632
2024-03-11 08:00:00+00:00,1346.4650788743804
2024-03-11 16:00:00+00:00,1349.9169611822892
2024-03-12 00:00:00+00:00,1352.5788553084178
2024-03-12 08:00:00+00:00,1352.8961812707892
2024-03-12 16:00:00+00:00,1359.8537711000515
2024-03-13 00:00:00+00:00,1364.2492650402826
2024-03-13 08:00:00+00:00,1359.1024104448231
2024-03-13 16:00:00+00:00,1363.660636774795
2024-03-14 00:00:00+00:00,1365.050507962659
2024-03-14 08:00:00+00:00,1359.7882889360365
2024-03-14 16:00:00+00:00,1378.5017966905912
2024-03-15 00:00:00+00:00,1355.5413803221238
2024-03-15 08:00:00+00:00,1346.8159177490413
2024-03-15 16:00:00+00:00,1364.9713850381454
2024-03-16 00:00:00+00:00,1364.9713850381454
2024-03-16 08:00:00+00:00,1364.9713850381454
2024-03-16 16:00:00+00:00,1364.9713850381454
2024-03-17 00:00:00+00:00,1364.9713850381454
2024-03-17 08:00:00+00:00,1364.9713850381454
2024-03-17 16:00:00+00:00,1364.9713850381454
2024-03-18 00:00:00+00:00,1364.9713850381454
2024-03-18 08:00:00+00:00,1364.9713850381454
2024-03-18 16:00:00+00:00,1364.9713850381454
2024-03-19 00:00:00+00:00,1364.9713850381454
2024-03-19 08:00:00+00:00,1364.9713850381454
2024-03-19 16:00:00+00:00,1364.9713850381454
2024-03-20 00:00:00+00:00,1364.9713850381454
2024-03-20 08:00:00+00:00,1364.9713850381454
2024-03-20 16:00:00+00:00,1364.9713850381454
2024-03-21 00:00:00+00:00,1364.9713850381454
2024-03-21 08:00:00+00:00,1364.9713850381454
2024-03-21 16:00:00+00:00,1364.9713850381454
2024-03-22 00:00:00+00:00,1364.9713850381454
2024-03-22 08:00:00+00:00,1364.9713850381454
2024-03-22 16:00:00+00:00,1364.9713850381454
2024-03-23 00:00:00+00:00,1364.9713850381454
2024-03-23 08:00:00+00:00,1364.9713850381454
2024-03-23 16:00:00+00:00,1364.9713850381454
2024-03-24 00:00:00+00:00,1364.9713850381454
2024-03-24 08:00:00+00:00,1364.9713850381454
2024-03-24 16:00:00+00:00,1364.9713850381454
2024-03-25 00:00:00+00:00,1364.9713850381454
2024-03-25 08:00:00+00:00,1364.9713850381454
2024-03-25 16:00:00+00:00,1364.9713850381454
2024-03-26 00:00:00+00:00,1364.9713850381454
2024-03-26 08:00:00+00:00,1364.9713850381454
2024-03-26 16:00:00+00:00,1364.9713850381454
2024-03-27 00:00:00+00:00,1364.9713850381454
2024-03-27 08:00:00+00:00,1364.9713850381454
2024-03-27 16:00:00+00:00,1364.9713850381454
2024-03-28 00:00:00+00:00,1364.9713850381454
2024-03-28 08:00:00+00:00,1364.9713850381454
2024-03-28 16:00:00+00:00,1364.9713850381454
2024-03-29 00:00:00+00:00,1364.9713850381454
2024-03-29 08:00:00+00:00,1364.9713850381454
2024-03-29 16:00:00+00:00,1364.9713850381454
2024-03-30 00:00:00+00:00,1364.9713850381454
2024-03-30 08:00:00+00:00,1364.9713850381454
2024-03-30 16:00:00+00:00,1364.9713850381454
2024-03-31 00:00:00+00:00,1364.9713850381454
2024-03-31 08:00:00+00:00,1364.9713850381454
2024-03-31 16:00:00+00:00,1364.9713850381454
2024-04-01 00:00:00+00:00,1364.9713850381454
2024-04-01 08:00:00+00:00,1364.9713850381454
2024-04-01 16:00:00+00:00,1364.9713850381454
2024-04-02 00:00:00+00:00,1364.9713850381454
2024-04-02 08:00:00+00:00,1364.9713850381454
2024-04-02 16:00:00+00:00,1364.9713850381454
2024-04-03 00:00:00+00:00,1364.9713850381454
2024-04-03 08:00:00+00:00,1364.9713850381454
2024-04-03 16:00:00+00:00,1364.9713850381454
2024-04-04 00:00:00+00:00,1364.9713850381454
2024-04-04 08:00:00+00:00,1364.9713850381454
2024-04-04 16:00:00+00:00,1364.9713850381454
2024-04-05 00:00:00+00:00,1364.9713850381454
2024-04-05 08:00:00+00:00,1364.9713850381454
2024-04-05 16:00:00+00:00,1364.9713850381454
2024-04-06 00:00:00+00:00,1364.9713850381454
2024-04-06 08:00:00+00:00,1364.9713850381454
2024-04-06 16:00:00+00:00,1364.9713850381454
2024-04-07 00:00:00+00:00,1364.9713850381454
2024-04-07 08:00:00+00:00,1364.9713850381454
2024-04-07 16:00:00+00:00,1364.9713850381454
2024-04-08 00:00:00+00:00,1364.9713850381454
2024-04-08 08:00:00+00:00,1364.9713850381454
2024-04-08 16:00:00+00:00,1364.9713850381454
2024-04-09 00:00:00+00:00,1364.9713850381454
2024-04-09 08:00:00+00:00,1364.9713850381454
2024-04-09 16:00:00+00:00,1364.9713850381454
2024-04-10 00:00:00+00:00,1364.9713850381454
2024-04-10 08:00:00+00:00,1364.9713850381454
2024-04-10 16:00:00+00:00,1364.9713850381454
2024-04-11 00:00:00+00:00,1364.9713850381454
2024-04-11 08:00:00+00:00,1364.9713850381454
2024-04-11 16:00:00+00:00,1364.9713850381454
2024-04-12 00:00:00+00:00,1364.9713850381454
2024-04-12 08:00:00+00:00,1364.9713850381454
2024-04-12 16:00:00+00:00,1364.9713850381454
2024-04-13 00:00:00+00:00,1364.9713850381454
2024-04-13 08:00:00+00:00,1364.9713850381454
2024-04-13 16:00:00+00:00,1364.9713850381454
2024-04-14 00:00:00+00:00,1364.9713850381454
2024-04-14 08:00:00+00:00,1364.9713850381454
2024-04-14 16:00:00+00:00,1364.9713850381454
2024-04-15 00:00:00+00:00,1364.9713850381454
2024-04-15 08:00:00+00:00,1364.9713850381454
2024-04-15 16:00:00+00:00,1364.9713850381454
2024-04-16 00:00:00+00:00,1364.9713850381454
2024-04-16 08:00:00+00:00,1364.9713850381454
2024-04-16 16:00:00+00:00,1364.9713850381454
2024-04-17 00:00:00+00:00,1364.9713850381454
2024-04-17 08:00:00+00:00,1364.9713850381454
2024-04-17 16:00:00+00:00,1364.9713850381454
2024-04-18 00:00:00+00:00,1364.9713850381454
2024-04-18 08:00:00+00:00,1364.9713850381454
2024-04-18 16:00:00+00:00,1364.9713850381454
2024-04-19 00:00:00+00:00,1364.9713850381454
2024-04-19 08:00:00+00:00,1364.9713850381454
2024-04-19 16:00:00+00:00,1364.9713850381454
2024-04-20 00:00:00+00:00,1364.9713850381454
2024-04-20 08:00:00+00:00,1364.9713850381454
2024-04-20 16:00:00+00:00,1364.9713850381454
2024-04-21 00:00:00+00:00,1364.9713850381454
2024-04-21 08:00:00+00:00,1364.9713850381454
2024-04-21 16:00:00+00:00,1364.9713850381454
2024-04-22 00:00:00+00:00,1364.9713850381454
2024-04-22 08:00:00+00:00,1364.9713850381454
2024-04-22 16:00:00+00:00,1364.9713850381454
2024-04-23 00:00:00+00:00,1364.9713850381454
2024-04-23 08:00:00+00:00,1364.9713850381454
2024-04-23 16:00:00+00:00,1364.9713850381454
2024-04-24 00:00:00+00:00,1364.9713850381454
2024-04-24 08:00:00+00:00,1364.9713850381454
2024-04-24 16:00:00+00:00,1364.9713850381454
2024-04-25 00:00:00+00:00,1364.9713850381454
2024-04-25 08:00:00+00:00,1364.9713850381454
2024-04-25 16:00:00+00:00,1364.9713850381454
2024-04-26 00:00:00+00:00,1364.9713850381454
2024-04-26 08:00:00+00:00,1364.9713850381454
2024-04-26 16:00:00+00:00,1364.9713850381454
2024-04-27 00:00:00+00:00,1364.9713850381454
2024-04-27 08:00:00+00:00,1364.9713850381454
2024-04-27 16:00:00+00:00,1364.9713850381454
2024-04-28 00:00:00+00:00,1364.9713850381454
2024-04-28 08:00:00+00:00,1364.9713850381454
2024-04-28 16:00:00+00:00,1364.9713850381454
2024-04-29 00:00:00+00:00,1364.9713850381454
2024-04-29 08:00:00+00:00,1364.9713850381454
2024-04-29 16:00:00+00:00,1364.9713850381454
2024-04-30 00:00:00+00:00,1364.9713850381454
2024-04-30 08:00:00+00:00,1364.9713850381454
2024-04-30 16:00:00+00:00,1364.9713850381454
2024-05-01 00:00:00+00:00,1364.9713850381454
2024-05-01 08:00:00+00:00,1364.9713850381454
2024-05-01 16:00:00+00:00,1364.9713850381454
2024-05-02 00:00:00+00:00,1364.9713850381454
2024-05-02 08:00:00+00:00,1364.9713850381454
2024-05-02 16:00:00+00:00,1364.9713850381454
2024-05-03 00:00:00+00:00,1364.9713850381454
2024-05-03 08:00:00+00:00,1364.9713850381454
2024-05-03 16:00:00+00:00,1364.9713850381454
2024-05-04 00:00:00+00:00,1364.9713850381454
2024-05-04 08:00:00+00:00,1364.9713850381454
2024-05-04 16:00:00+00:00,1364.9713850381454
2024-05-05 00:00:00+00:00,1364.9713850381454
2024-05-05 08:00:00+00:00,1364.9713850381454
2024-05-05 16:00:00+00:00,1364.9713850381454
2024-05-06 00:00:00+00:00,1364.9713850381454
2024-05-06 08:00:00+00:00,1364.9713850381454
2024-05-06 16:00:00+00:00,1364.9713850381454
2024-05-07 00:00:00+00:00,1364.9713850381454
2024-05-07 08:00:00+00:00,1364.9713850381454
2024-05-07 16:00:00+00:00,1364.9713850381454
2024-05-08 00:00:00+00:00,1364.9713850381454
2024-05-08 08:00:00+00:00,1364.9713850381454
2024-05-08 16:00:00+00:00,1364.9713850381454
2024-05-09 00:00:00+00:00,1364.9713850381454
2024-05-09 08:00:00+00:00,1364.9713850381454
2024-05-09 16:00:00+00:00,1364.9713850381454
2024-05-10 00:00:00+00:00,1364.9713850381454
2024-05-10 08:00:00+00:00,1364.9713850381454
2024-05-10 16:00:00+00:00,1364.9713850381454
2024-05-11 00:00:00+00:00,1364.9713850381454
2024-05-11 08:00:00+00:00,1364.9713850381454
2024-05-11 16:00:00+00:00,1364.9713850381454
2024-05-12 00:00:00+00:00,1364.9713850381454
2024-05-12 08:00:00+00:00,1364.9713850381454
2024-05-12 16:00:00+00:00,1364.9713850381454
2024-05-13 00:00:00+00:00,1364.9713850381454
2024-05-13 08:00:00+00:00,1364.9713850381454
2024-05-13 16:00:00+00:00,1364.9713850381454
2024-05-14 00:00:00+00:00,1364.9713850381454
2024-05-14 08:00:00+00:00,1364.9713850381454
2024-05-14 16:00:00+00:00,1364.9713850381454
2024-05-15 00:00:00+00:00,1364.9713850381454
2024-05-15 08:00:00+00:00,1364.9713850381454
2024-05-15 16:00:00+00:00,1364.9713850381454
2024-05-16 00:00:00+00:00,1364.9713850381454
2024-05-16 08:00:00+00:00,1364.9713850381454
2024-05-16 16:00:00+00:00,1364.9713850381454
2024-05-17 00:00:00+00:00,1364.9713850381454
2024-05-17 08:00:00+00:00,1364.9713850381454
2024-05-17 16:00:00+00:00,1364.9713850381454
2024-05-18 00:00:00+00:00,1364.9713850381454
2024-05-18 08:00:00+00:00,1364.9713850381454
2024-05-18 16:00:00+00:00,1364.9713850381454
2024-05-19 00:00:00+00:00,1364.9713850381454
2024-05-19 08:00:00+00:00,1364.9713850381454
2024-05-19 16:00:00+00:00,1364.9713850381454
2024-05-20 00:00:00+00:00,1364.9713850381454
2024-05-20 08:00:00+00:00,1364.9713850381454
2024-05-20 16:00:00+00:00,1364.9713850381454
2024-05-21 00:00:00+00:00,1364.9713850381454
2024-05-21 08:00:00+00:00,1364.9713850381454
2024-05-21 16:00:00+00:00,1364.9713850381454
2024-05-22 00:00:00+00:00,1363.9070993100427
2024-05-22 08:00:00+00:00,1364.3387695413824
2024-05-22 16:00:00+00:00,1363.5790992339512
2024-05-23 00:00:00+00:00,1366.053650352035
2024-05-23 08:00:00+00:00,1366.0516863275304
2024-05-23 16:00:00+00:00,1365.0559179199072
2024-05-24 00:00:00+00:00,1361.6366151282807
2024-05-24 08:00:00+00:00,1362.132371638879
2024-05-24 16:00:00+00:00,1363.2481611049423
2024-05-25 00:00:00+00:00,1363.861974649476
2024-05-25 08:00:00+00:00,1363.7821841580208
2024-05-25 16:00:00+00:00,1363.9875524601725
2024-05-26 00:00:00+00:00,1365.1229582197623
2024-05-26 08:00:00+00:00,1366.671056624321
2024-05-26 16:00:00+00:00,1366.4650336473342
2024-05-27 00:00:00+00:00,1369.3172922259205
2024-05-27 08:00:00+00:00,1370.989004416671
2024-05-27 16:00:00+00:00,1368.6943212175383
2024-05-28 00:00:00+00:00,1367.2463255816647
2024-05-28 08:00:00+00:00,1368.3633483321057
2024-05-28 16:00:00+00:00,1369.8225136175956
2024-05-29 00:00:00+00:00,1367.716956503202
2024-05-29 08:00:00+00:00,1369.0032053042871
2024-05-29 16:00:00+00:00,1366.8655070280863
2024-05-30 00:00:00+00:00,1364.6676139005572
2024-05-30 08:00:00+00:00,1366.2351737283043
2024-05-30 16:00:00+00:00,1363.3791714948802
2024-05-31 00:00:00+00:00,1362.4001600208635
2024-05-31 08:00:00+00:00,1361.2108435208295
2024-05-31 16:00:00+00:00,1366.453616831045
2024-06-01 00:00:00+00:00,1367.3436486158653
2024-06-01 08:00:00+00:00,1368.6557293543406
2024-06-01 16:00:00+00:00,1368.3232389442749
2024-06-02 00:00:00+00:00,1367.4471332375797
2024-06-02 08:00:00+00:00,1367.342116386459
2024-06-02 16:00:00+00:00,1365.5935273367033
2024-06-03 00:00:00+00:00,1366.7035608201033
2024-06-03 08:00:00+00:00,1364.9377760737898
2024-06-03 16:00:00+00:00,1362.2233668760982
2024-06-04 00:00:00+00:00,1362.7167496047052
2024-06-04 08:00:00+00:00,1364.5329645203858
2024-06-04 16:00:00+00:00,1364.1824421886422
2024-06-05 00:00:00+00:00,1365.5032573221745
2024-06-05 08:00:00+00:00,1367.3478025813927
2024-06-05 16:00:00+00:00,1367.674835478537
2024-06-06 00:00:00+00:00,1365.5252240869645
2024-06-06 08:00:00+00:00,1365.9511503199565
2024-06-06 16:00:00+00:00,1362.290650806441
2024-06-07 00:00:00+00:00,1364.7463159796812
2024-06-07 08:00:00+00:00,1364.7303009034788
2024-06-07 16:00:00+00:00,1347.5786868446328
2024-06-08 00:00:00+00:00,1349.2326670629134
2024-06-08 08:00:00+00:00,1348.071580529871
2024-06-08 16:00:00+00:00,1347.541775266616
2024-06-09 00:00:00+00:00,1347.647431668925
2024-06-09 08:00:00+00:00,1348.4246539636868
2024-06-09 16:00:00+00:00,1349.3364636372446
2024-06-10 00:00:00+00:00,1346.4815193366983
2024-06-10 08:00:00+00:00,1350.401291712496
2024-06-10 16:00:00+00:00,1347.8014072330666
2024-06-11 00:00:00+00:00,1337.5139525387083
2024-06-11 08:00:00+00:00,1333.6415839648453
2024-06-11 16:00:00+00:00,1333.6415839648453
2024-06-12 00:00:00+00:00,1333.6415839648453
2024-06-12 08:00:00+00:00,1333.6415839648453
2024-06-12 16:00:00+00:00,1333.6415839648453
2024-06-13 00:00:00+00:00,1333.6415839648453
2024-06-13 08:00:00+00:00,1333.6415839648453
2024-06-13 16:00:00+00:00,1333.6415839648453
2024-06-14 00:00:00+00:00,1333.6415839648453
2024-06-14 08:00:00+00:00,1333.6415839648453
2024-06-14 16:00:00+00:00,1333.6415839648453
2024-06-15 00:00:00+00:00,1333.6415839648453
2024-06-15 08:00:00+00:00,1333.6415839648453
2024-06-15 16:00:00+00:00,1333.6415839648453
2024-06-16 00:00:00+00:00,1333.6415839648453
2024-06-16 08:00:00+00:00,1333.6415839648453
2024-06-16 16:00:00+00:00,1333.6415839648453
2024-06-17 00:00:00+00:00,1333.6415839648453
2024-06-17 08:00:00+00:00,1333.6415839648453
2024-06-17 16:00:00+00:00,1333.6415839648453
2024-06-18 00:00:00+00:00,1333.6415839648453
2024-06-18 08:00:00+00:00,1333.6415839648453
2024-06-18 16:00:00+00:00,1333.6415839648453
2024-06-19 00:00:00+00:00,1333.6415839648453
2024-06-19 08:00:00+00:00,1333.6415839648453
2024-06-19 16:00:00+00:00,1333.6415839648453
2024-06-20 00:00:00+00:00,1333.6415839648453
2024-06-20 08:00:00+00:00,1333.6415839648453
2024-06-20 16:00:00+00:00,1333.6415839648453
2024-06-21 00:00:00+00:00,1333.6415839648453
2024-06-21 08:00:00+00:00,1333.6415839648453
2024-06-21 16:00:00+00:00,1333.6415839648453
2024-06-22 00:00:00+00:00,1333.6415839648453
2024-06-22 08:00:00+00:00,1333.6415839648453
2024-06-22 16:00:00+00:00,1333.6415839648453
2024-06-23 00:00:00+00:00,1333.6415839648453
2024-06-23 08:00:00+00:00,1333.6415839648453
2024-06-23 16:00:00+00:00,1333.6415839648453
2024-06-24 00:00:00+00:00,1333.9658332138883
2024-06-24 08:00:00+00:00,1334.8860284304956
2024-06-24 16:00:00+00:00,1327.5858682621035
2024-06-25 00:00:00+00:00,1321.9144820650142
2024-06-25 08:00:00+00:00,1310.955414041158
2024-06-25 16:00:00+00:00,1312.6926906755089
2024-06-26 00:00:00+00:00,1310.9002864513411
2024-06-26 08:00:00+00:00,1313.5776919160235
2024-06-26 16:00:00+00:00,1315.5911344485246
2024-06-27 00:00:00+00:00,1314.9997022951745
2024-06-27 08:00:00+00:00,1304.4971237380767
2024-06-27 16:00:00+00:00,1303.2005613316785
2024-06-28 00:00:00+00:00,1305.1795660749415
2024-06-28 08:00:00+00:00,1306.8981505159907
2024-06-28 16:00:00+00:00,1310.3785293613814
2024-06-29 00:00:00+00:00,1307.5549761682691
2024-06-29 08:00:00+00:00,1306.6004366852583
2024-06-29 16:00:00+00:00,1309.288551132012
2024-06-30 00:00:00+00:00,1305.4946832705828
2024-06-30 08:00:00+00:00,1304.0058705213244
2024-06-30 16:00:00+00:00,1297.3346482987797
2024-07-01 00:00:00+00:00,1291.5099594177018
2024-07-01 08:00:00+00:00,1293.3574102005682
2024-07-01 16:00:00+00:00,1291.0536439395546
2024-07-02 00:00:00+00:00,1290.8910478241405
2024-07-02 08:00:00+00:00,1290.5562911159354
2024-07-02 16:00:00+00:00,1289.4563762175467
2024-07-03 00:00:00+00:00,1290.671064844463
2024-07-03 08:00:00+00:00,1292.6317827068076
2024-07-03 16:00:00+00:00,1294.2099214740606
2024-07-04 00:00:00+00:00,1294.2099214740606
2024-07-04 08:00:00+00:00,1294.2099214740606
2024-07-04 16:00:00+00:00,1294.2099214740606
2024-07-05 00:00:00+00:00,1294.2099214740606
2024-07-05 08:00:00+00:00,1294.2099214740606
2024-07-05 16:00:00+00:00,1294.2099214740606
2024-07-06 00:00:00+00:00,1294.2099214740606
2024-07-06 08:00:00+00:00,1294.2099214740606
2024-07-06 16:00:00+00:00,1294.2099214740606
2024-07-07 00:00:00+00:00,1294.2099214740606
2024-07-07 08:00:00+00:00,1294.2099214740606
2024-07-07 16:00:00+00:00,1294.2099214740606
2024-07-08 00:00:00+00:00,1294.2099214740606
2024-07-08 08:00:00+00:00,1294.2099214740606
2024-07-08 16:00:00+00:00,1294.2099214740606
2024-07-09 00:00:00+00:00,1294.2099214740606
2024-07-09 08:00:00+00:00,1294.2099214740606
2024-07-09 16:00:00+00:00,1294.2099214740606
2024-07-10 00:00:00+00:00,1294.2099214740606
2024-07-10 08:00:00+00:00,1294.2099214740606
2024-07-10 16:00:00+00:00,1294.2099214740606
2024-07-11 00:00:00+00:00,1294.2099214740606
2024-07-11 08:00:00+00:00,1294.2099214740606
2024-07-11 16:00:00+00:00,1294.2099214740606
2024-07-12 00:00:00+00:00,1294.2099214740606
2024-07-12 08:00:00+00:00,1294.2099214740606
2024-07-12 16:00:00+00:00,1294.2099214740606
2024-07-13 00:00:00+00:00,1294.2099214740606
2024-07-13 08:00:00+00:00,1294.2099214740606
2024-07-13 16:00:00+00:00,1294.2099214740606
2024-07-14 00:00:00+00:00,1294.2099214740606
2024-07-14 08:00:00+00:00,1294.2099214740606
2024-07-14 16:00:00+00:00,1294.2099214740606
2024-07-15 00:00:00+00:00,1294.2099214740606
2024-07-15 08:00:00+00:00,1294.2099214740606
2024-07-15 16:00:00+00:00,1294.2099214740606
2024-07-16 00:00:00+00:00,1294.2099214740606
2024-07-16 08:00:00+00:00,1294.2099214740606
2024-07-16 16:00:00+00:00,1294.2099214740606
2024-07-17 00:00:00+00:00,1294.2099214740606
2024-07-17 08:00:00+00:00,1294.2099214740606
2024-07-17 16:00:00+00:00,1294.2099214740606
2024-07-18 00:00:00+00:00,1294.2099214740606
2024-07-18 08:00:00+00:00,1294.2099214740606
2024-07-18 16:00:00+00:00,1294.2099214740606
2024-07-19 00:00:00+00:00,1294.2099214740606
2024-07-19 08:00:00+00:00,1294.2099214740606
2024-07-19 16:00:00+00:00,1294.2099214740606
2024-07-20 00:00:00+00:00,1294.2099214740606
2024-07-20 08:00:00+00:00,1294.2099214740606
2024-07-20 16:00:00+00:00,1294.2099214740606
2024-07-21 00:00:00+00:00,1294.2099214740606
2024-07-21 08:00:00+00:00,1294.2099214740606
2024-07-21 16:00:00+00:00,1294.2099214740606
2024-07-22 00:00:00+00:00,1294.2099214740606
2024-07-22 08:00:00+00:00,1294.2099214740606
2024-07-22 16:00:00+00:00,1294.2099214740606
2024-07-23 00:00:00+00:00,1294.2099214740606
2024-07-23 08:00:00+00:00,1294.2099214740606
2024-07-23 16:00:00+00:00,1294.2099214740606
2024-07-24 00:00:00+00:00,1294.2099214740606
2024-07-24 08:00:00+00:00,1294.2099214740606
2024-07-24 16:00:00+00:00,1294.2099214740606
2024-07-25 00:00:00+00:00,1294.2099214740606
2024-07-25 08:00:00+00:00,1294.2099214740606
2024-07-25 16:00:00+00:00,1294.2099214740606
2024-07-26 00:00:00+00:00,1294.2099214740606
2024-07-26 08:00:00+00:00,1294.2099214740606
2024-07-26 16:00:00+00:00,1294.2099214740606
2024-07-27 00:00:00+00:00,1294.2099214740606
2024-07-27 08:00:00+00:00,1294.2099214740606
2024-07-27 16:00:00+00:00,1294.2099214740606
2024-07-28 00:00:00+00:00,1294.2099214740606
2024-07-28 08:00:00+00:00,1294.2099214740606
2024-07-28 16:00:00+00:00,1294.2099214740606
2024-07-29 00:00:00+00:00,1294.2099214740606
2024-07-29 08:00:00+00:00,1294.2099214740606
2024-07-29 16:00:00+00:00,1294.2099214740606
2024-07-30 00:00:00+00:00,1294.2099214740606
2024-07-30 08:00:00+00:00,1294.2099214740606
2024-07-30 16:00:00+00:00,1294.2099214740606
2024-07-31 00:00:00+00:00,1294.2099214740606
2024-07-31 08:00:00+00:00,1294.2099214740606
2024-07-31 16:00:00+00:00,1294.2099214740606
2024-08-01 00:00:00+00:00,1294.2099214740606
2024-08-01 08:00:00+00:00,1294.2099214740606
2024-08-01 16:00:00+00:00,1294.2099214740606
2024-08-02 00:00:00+00:00,1294.2099214740606
2024-08-02 08:00:00+00:00,1294.2099214740606
2024-08-02 16:00:00+00:00,1294.2099214740606
2024-08-03 00:00:00+00:00,1294.2099214740606
2024-08-03 08:00:00+00:00,1294.2099214740606
2024-08-03 16:00:00+00:00,1294.2099214740606
2024-08-04 00:00:00+00:00,1294.2099214740606
2024-08-04 08:00:00+00:00,1294.2099214740606
2024-08-04 16:00:00+00:00,1294.2099214740606
2024-08-05 00:00:00+00:00,1294.2099214740606
2024-08-05 08:00:00+00:00,1294.2099214740606
2024-08-05 16:00:00+00:00,1294.2099214740606
2024-08-06 00:00:00+00:00,1294.2099214740606
2024-08-06 08:00:00+00:00,1294.2099214740606
2024-08-06 16:00:00+00:00,1294.2099214740606
2024-08-07 00:00:00+00:00,1294.2099214740606
2024-08-07 08:00:00+00:00,1294.2099214740606
2024-08-07 16:00:00+00:00,1294.2099214740606
2024-08-08 00:00:00+00:00,1294.2099214740606
2024-08-08 08:00:00+00:00,1294.2099214740606
2024-08-08 16:00:00+00:00,1294.2099214740606
2024-08-09 00:00:00+00:00,1294.2099214740606
2024-08-09 08:00:00+00:00,1294.2099214740606
2024-08-09 16:00:00+00:00,1294.2099214740606
2024-08-10 00:00:00+00:00,1294.2099214740606
2024-08-10 08:00:00+00:00,1294.2099214740606
2024-08-10 16:00:00+00:00,1294.2099214740606
2024-08-11 00:00:00+00:00,1294.2099214740606
2024-08-11 08:00:00+00:00,1294.2099214740606
2024-08-11 16:00:00+00:00,1294.2099214740606
2024-08-12 00:00:00+00:00,1294.2099214740606
2024-08-12 08:00:00+00:00,1294.2099214740606
2024-08-12 16:00:00+00:00,1294.2099214740606
2024-08-13 00:00:00+00:00,1294.2099214740606
2024-08-13 08:00:00+00:00,1294.2099214740606
2024-08-13 16:00:00+00:00,1294.2099214740606
2024-08-14 00:00:00+00:00,1294.2099214740606
2024-08-14 08:00:00+00:00,1294.2099214740606
2024-08-14 16:00:00+00:00,1294.2099214740606
2024-08-15 00:00:00+00:00,1294.2099214740606
2024-08-15 08:00:00+00:00,1294.2099214740606
2024-08-15 16:00:00+00:00,1294.2099214740606
2024-08-16 00:00:00+00:00,1294.2099214740606
2024-08-16 08:00:00+00:00,1294.2099214740606
2024-08-16 16:00:00+00:00,1294.2099214740606
2024-08-17 00:00:00+00:00,1294.2099214740606
2024-08-17 08:00:00+00:00,1294.2099214740606
2024-08-17 16:00:00+00:00,1294.2099214740606
2024-08-18 00:00:00+00:00,1294.2099214740606
2024-08-18 08:00:00+00:00,1294.2099214740606
2024-08-18 16:00:00+00:00,1294.2099214740606
2024-08-19 00:00:00+00:00,1294.2099214740606
2024-08-19 08:00:00+00:00,1294.2099214740606
2024-08-19 16:00:00+00:00,1294.2099214740606
2024-08-20 00:00:00+00:00,1294.2099214740606
2024-08-20 08:00:00+00:00,1294.2099214740606
2024-08-20 16:00:00+00:00,1294.2099214740606
2024-08-21 00:00:00+00:00,1294.2099214740606
2024-08-21 08:00:00+00:00,1294.2099214740606
2024-08-21 16:00:00+00:00,1294.2099214740606
2024-08-22 00:00:00+00:00,1294.2099214740606
2024-08-22 08:00:00+00:00,1294.2099214740606
2024-08-22 16:00:00+00:00,1294.2099214740606
2024-08-23 00:00:00+00:00,1294.2099214740606
2024-08-23 08:00:00+00:00,1294.2099214740606
2024-08-23 16:00:00+00:00,1294.2099214740606
2024-08-24 00:00:00+00:00,1294.2099214740606
2024-08-24 08:00:00+00:00,1294.2099214740606
2024-08-24 16:00:00+00:00,1294.2099214740606
2024-08-25 00:00:00+00:00,1294.2099214740606
2024-08-25 08:00:00+00:00,1294.2099214740606
2024-08-25 16:00:00+00:00,1294.2099214740606
2024-08-26 00:00:00+00:00,1294.2099214740606
2024-08-26 08:00:00+00:00,1294.2099214740606
2024-08-26 16:00:00+00:00,1294.2099214740606
2024-08-27 00:00:00+00:00,1294.2099214740606
2024-08-27 08:00:00+00:00,1294.2099214740606
2024-08-27 16:00:00+00:00,1294.2099214740606
2024-08-28 00:00:00+00:00,1294.2099214740606
2024-08-28 08:00:00+00:00,1294.2099214740606
2024-08-28 16:00:00+00:00,1294.2099214740606
2024-08-29 00:00:00+00:00,1294.2099214740606
2024-08-29 08:00:00+00:00,1294.2099214740606
2024-08-29 16:00:00+00:00,1294.2099214740606
2024-08-30 00:00:00+00:00,1294.2099214740606
2024-08-30 08:00:00+00:00,1294.2099214740606
2024-08-30 16:00:00+00:00,1294.2099214740606
2024-08-31 00:00:00+00:00,1294.2099214740606
2024-08-31 08:00:00+00:00,1294.2099214740606
2024-08-31 16:00:00+00:00,1294.2099214740606
2024-09-01 00:00:00+00:00,1294.2099214740606
2024-09-01 08:00:00+00:00,1294.2099214740606
2024-09-01 16:00:00+00:00,1294.2099214740606
2024-09-02 00:00:00+00:00,1294.2099214740606
2024-09-02 08:00:00+00:00,1294.2099214740606
2024-09-02 16:00:00+00:00,1294.2099214740606
2024-09-03 00:00:00+00:00,1294.2099214740606
2024-09-03 08:00:00+00:00,1294.2099214740606
2024-09-03 16:00:00+00:00,1294.2099214740606
2024-09-04 00:00:00+00:00,1294.2099214740606
2024-09-04 08:00:00+00:00,1294.2099214740606
2024-09-04 16:00:00+00:00,1294.2099214740606
2024-09-05 00:00:00+00:00,1294.2099214740606
2024-09-05 08:00:00+00:00,1294.2099214740606
2024-09-05 16:00:00+00:00,1294.2099214740606
2024-09-06 00:00:00+00:00,1294.2099214740606
2024-09-06 08:00:00+00:00,1294.2099214740606
2024-09-06 16:00:00+00:00,1294.2099214740606
2024-09-07 00:00:00+00:00,1294.2099214740606
2024-09-07 08:00:00+00:00,1294.2099214740606
2024-09-07 16:00:00+00:00,1294.2099214740606
2024-09-08 00:00:00+00:00,1294.2099214740606
2024-09-08 08:00:00+00:00,1294.2099214740606
2024-09-08 16:00:00+00:00,1294.2099214740606
2024-09-09 00:00:00+00:00,1294.2099214740606
2024-09-09 08:00:00+00:00,1294.2099214740606
2024-09-09 16:00:00+00:00,1294.2099214740606
2024-09-10 00:00:00+00:00,1294.2099214740606
2024-09-10 08:00:00+00:00,1294.2099214740606
2024-09-10 16:00:00+00:00,1294.2099214740606
2024-09-11 00:00:00+00:00,1294.2099214740606
2024-09-11 08:00:00+00:00,1294.2099214740606
2024-09-11 16:00:00+00:00,1294.2099214740606
2024-09-12 00:00:00+00:00,1294.2099214740606
2024-09-12 08:00:00+00:00,1294.2099214740606
2024-09-12 16:00:00+00:00,1294.2099214740606
2024-09-13 00:00:00+00:00,1294.2099214740606
2024-09-13 08:00:00+00:00,1294.2099214740606
2024-09-13 16:00:00+00:00,1294.2099214740606
2024-09-14 00:00:00+00:00,1294.2099214740606
2024-09-14 08:00:00+00:00,1294.2099214740606
2024-09-14 16:00:00+00:00,1294.2099214740606
2024-09-15 00:00:00+00:00,1294.2099214740606
2024-09-15 08:00:00+00:00,1294.2099214740606
2024-09-15 16:00:00+00:00,1294.2099214740606
2024-09-16 00:00:00+00:00,1294.2099214740606
2024-09-16 08:00:00+00:00,1294.2099214740606
2024-09-16 16:00:00+00:00,1294.2099214740606
2024-09-17 00:00:00+00:00,1294.2099214740606
2024-09-17 08:00:00+00:00,1294.2099214740606
2024-09-17 16:00:00+00:00,1294.2099214740606
2024-09-18 00:00:00+00:00,1294.2099214740606
2024-09-18 08:00:00+00:00,1294.2099214740606
2024-09-18 16:00:00+00:00,1294.2099214740606
2024-09-19 00:00:00+00:00,1294.2099214740606
2024-09-19 08:00:00+00:00,1294.2099214740606
2024-09-19 16:00:00+00:00,1296.564964511732
2024-09-20 00:00:00+00:00,1317.4455695396973
2024-09-20 08:00:00+00:00,1309.25358131122
2024-09-20 16:00:00+00:00,1308.6539652455258
2024-09-21 00:00:00+00:00,1307.1763315707976
2024-09-21 08:00:00+00:00,1311.847146002918
2024-09-21 16:00:00+00:00,1317.5580321793843
2024-09-22 00:00:00+00:00,1309.3458257005755
2024-09-22 08:00:00+00:00,1303.8296250449946
2024-09-22 16:00:00+00:00,1314.5670295947355
2024-09-23 00:00:00+00:00,1321.4728357495285
2024-09-23 08:00:00+00:00,1325.4557998998016
2024-09-23 16:00:00+00:00,1324.2980036694319
2024-09-24 00:00:00+00:00,1328.2430002349945
2024-09-24 08:00:00+00:00,1327.2779085229797
2024-09-24 16:00:00+00:00,1350.3108565169775
2024-09-25 00:00:00+00:00,1340.9531170483192
2024-09-25 08:00:00+00:00,1338.897859986253
2024-09-25 16:00:00+00:00,1333.2415926177457
2024-09-26 00:00:00+00:00,1345.8940255104562
2024-09-26 08:00:00+00:00,1366.9933815642926
2024-09-26 16:00:00+00:00,1356.2072309855503
2024-09-27 00:00:00+00:00,1365.2879006822814
2024-09-27 08:00:00+00:00,1365.4787001358734
2024-09-27 16:00:00+00:00,1363.338653762586
2024-09-28 00:00:00+00:00,1356.4755137019067
2024-09-28 08:00:00+00:00,1359.445388855691
2024-09-28 16:00:00+00:00,1361.9038162977815
2024-09-29 00:00:00+00:00,1351.4424830514777
2024-09-29 08:00:00+00:00,1363.7239739468455
2024-09-29 16:00:00+00:00,1364.0632549405113
2024-09-30 00:00:00+00:00,1358.3366159812676
2024-09-30 08:00:00+00:00,1347.0415938844815
2024-09-30 16:00:00+00:00,1345.3076934718538
2024-10-01 00:00:00+00:00,1361.4540504635675
2024-10-01 08:00:00+00:00,1333.2137420424956
2024-10-01 16:00:00+00:00,1321.705521680331
2024-10-02 00:00:00+00:00,1328.1825305458462
2024-10-02 08:00:00+00:00,1328.063555364628
2024-10-02 16:00:00+00:00,1326.3550717623355
2024-10-03 00:00:00+00:00,1326.7072382987412
2024-10-03 08:00:00+00:00,1319.621076505389
2024-10-03 16:00:00+00:00,1317.1939828085392
2024-10-04 00:00:00+00:00,1318.6454800194003
2024-10-04 08:00:00+00:00,1321.386668194666
2024-10-04 16:00:00+00:00,1322.4384087966348
2024-10-05 00:00:00+00:00,1319.9494480055512
2024-10-05 08:00:00+00:00,1319.2927050052272
2024-10-05 16:00:00+00:00,1321.5627514628693
2024-10-06 00:00:00+00:00,1320.301614541957
2024-10-06 08:00:00+00:00,1321.3914272019151
2024-10-06 16:00:00+00:00,1325.6745337257678
2024-10-07 00:00:00+00:00,1329.5721606624738
2024-10-07 08:00:00+00:00,1337.1913312676834
2024-10-07 16:00:00+00:00,1334.1122535777579
2024-10-08 00:00:00+00:00,1332.5132271421862
2024-10-08 08:00:00+00:00,1331.9373872650906
2024-10-08 16:00:00+00:00,1332.6179253016583
2024-10-09 00:00:00+00:00,1329.4151134232661
2024-10-09 08:00:00+00:00,1332.5084681349374
2024-10-09 16:00:00+00:00,1327.3068732120807
2024-10-10 00:00:00+00:00,1326.1504344506404
2024-10-10 08:00:00+00:00,1324.2753855946426
2024-10-10 16:00:00+00:00,1325.3651982546005
2024-10-11 00:00:00+00:00,1325.8934480592093
2024-10-11 08:00:00+00:00,1334.7309245200922
2024-10-11 16:00:00+00:00,1335.8350142017966
2024-10-12 00:00:00+00:00,1334.2597828024684
2024-10-12 08:00:00+00:00,1343.1067772778488
2024-10-12 16:00:00+00:00,1344.7629118004054
2024-10-13 00:00:00+00:00,1344.3250831335226
2024-10-13 08:00:00+00:00,1339.4759382745742
2024-10-13 16:00:00+00:00,1351.4311200038383
2024-10-14 00:00:00+00:00,1346.3765817358365
2024-10-14 08:00:00+00:00,1346.1515130533044
2024-10-14 16:00:00+00:00,1346.8966669238364
2024-10-15 00:00:00+00:00,1346.4764369456354
2024-10-15 08:00:00+00:00,1339.425136356018
2024-10-15 16:00:00+00:00,1339.8583802640287
2024-10-16 00:00:00+00:00,1336.409976158521
2024-10-16 08:00:00+00:00,1331.9085670723975
2024-10-16 16:00:00+00:00,1337.8747186197375
2024-10-17 00:00:00+00:00,1336.2899075969212
2024-10-17 08:00:00+00:00,1334.6600663403556
2024-10-17 16:00:00+00:00,1337.096124265189
2024-10-18 00:00:00+00:00,1342.6719778917582
2024-10-18 08:00:00+00:00,1346.1896566337284
2024-10-18 16:00:00+00:00,1348.3575170151855
2024-10-19 00:00:00+00:00,1348.0846769497648
2024-10-19 08:00:00+00:00,1347.137863833217
2024-10-19 16:00:00+00:00,1347.542357342504
2024-10-20 00:00:00+00:00,1347.132304863751
2024-10-20 08:00:00+00:00,1350.311143260754
2024-10-20 16:00:00+00:00,1359.2214215600327
2024-10-21 00:00:00+00:00,1361.4811011522509
2024-10-21 08:00:00+00:00,1347.7547611147354
2024-10-21 16:00:00+00:00,1349.9127544127214
2024-10-22 00:00:00+00:00,1349.9127544127214
2024-10-22 08:00:00+00:00,1349.9127544127214
2024-10-22 16:00:00+00:00,1349.9127544127214
2024-10-23 00:00:00+00:00,1349.9127544127214
2024-10-23 08:00:00+00:00,1349.9127544127214
2024-10-23 16:00:00+00:00,1349.9127544127214
2024-10-24 00:00:00+00:00,1349.9127544127214
2024-10-24 08:00:00+00:00,1349.9127544127214
2024-10-24 16:00:00+00:00,1349.9127544127214
2024-10-25 00:00:00+00:00,1349.9127544127214
2024-10-25 08:00:00+00:00,1349.9127544127214
2024-10-25 16:00:00+00:00,1349.9127544127214
2024-10-26 00:00:00+00:00,1349.9127544127214
2024-10-26 08:00:00+00:00,1349.9127544127214
2024-10-26 16:00:00+00:00,1349.9127544127214
2024-10-27 00:00:00+00:00,1349.9127544127214
2024-10-27 08:00:00+00:00,1349.9127544127214
2024-10-27 16:00:00+00:00,1349.9127544127214
2024-10-28 00:00:00+00:00,1349.9127544127214
2024-10-28 08:00:00+00:00,1349.9127544127214
2024-10-28 16:00:00+00:00,1349.9127544127214
2024-10-29 00:00:00+00:00,1349.9127544127214
2024-10-29 08:00:00+00:00,1349.9127544127214
2024-10-29 16:00:00+00:00,1349.9127544127214
2024-10-30 00:00:00+00:00,1349.9127544127214
2024-10-30 08:00:00+00:00,1349.9127544127214
2024-10-30 16:00:00+00:00,1349.9127544127214
2024-10-31 00:00:00+00:00,1349.9127544127214
2024-10-31 08:00:00+00:00,1349.9127544127214
2024-10-31 16:00:00+00:00,1349.9127544127214
2024-11-01 00:00:00+00:00,1349.9127544127214
2024-11-01 08:00:00+00:00,1349.9127544127214
2024-11-01 16:00:00+00:00,1349.9127544127214
2024-11-02 00:00:00+00:00,1349.9127544127214
2024-11-02 08:00:00+00:00,1349.9127544127214
2024-11-02 16:00:00+00:00,1349.9127544127214
2024-11-03 00:00:00+00:00,1349.9127544127214
2024-11-03 08:00:00+00:00,1349.9127544127214
2024-11-03 16:00:00+00:00,1349.9127544127214
2024-11-04 00:00:00+00:00,1349.9127544127214
2024-11-04 08:00:00+00:00,1349.9127544127214
2024-11-04 16:00:00+00:00,1349.9127544127214
2024-11-05 00:00:00+00:00,1349.9127544127214
2024-11-05 08:00:00+00:00,1349.9127544127214
2024-11-05 16:00:00+00:00,1349.9127544127214
2024-11-06 00:00:00+00:00,1349.9127544127214
2024-11-06 08:00:00+00:00,1349.9127544127214
2024-11-06 16:00:00+00:00,1349.9127544127214
2024-11-07 00:00:00+00:00,1349.9127544127214
2024-11-07 08:00:00+00:00,1349.9127544127214
2024-11-07 16:00:00+00:00,1352.7061188854918
2024-11-08 00:00:00+00:00,1355.9430516966474
2024-11-08 08:00:00+00:00,1357.5733636885507
2024-11-08 16:00:00+00:00,1365.1602271765973
2024-11-09 00:00:00+00:00,1370.528622559256
2024-11-09 08:00:00+00:00,1367.4352633285043
2024-11-09 16:00:00+00:00,1381.6616833211458
2024-11-10 00:00:00+00:00,1402.243016500289
2024-11-10 08:00:00+00:00,1414.9873255789253
2024-11-10 16:00:00+00:00,1404.8524027718943
2024-11-11 00:00:00+00:00,1393.7923236530935
2024-11-11 08:00:00+00:00,1414.3910481152784
2024-11-11 16:00:00+00:00,1444.4898136472477
2024-11-12 00:00:00+00:00,1444.6871735843536
2024-11-12 08:00:00+00:00,1433.7155592624258
2024-11-12 16:00:00+00:00,1439.7095279823907
2024-11-13 00:00:00+00:00,1411.9476409595861
2024-11-13 08:00:00+00:00,1451.8616115214409
2024-11-13 16:00:00+00:00,1429.1252196531166
2024-11-14 00:00:00+00:00,1437.1730368263018
2024-11-14 08:00:00+00:00,1419.4505639432607
2024-11-14 16:00:00+00:00,1430.3238869760316
2024-11-15 00:00:00+00:00,1434.6752064626294
2024-11-15 08:00:00+00:00,1451.9668942879716
2024-11-15 16:00:00+00:00,1476.9630503347155
2024-11-16 00:00:00+00:00,1501.7942924724462
2024-11-16 08:00:00+00:00,1541.4415775404677
2024-11-16 16:00:00+00:00,1555.3515434586977
2024-11-17 00:00:00+00:00,1567.0017742639034
2024-11-17 08:00:00+00:00,1560.492319276364
2024-11-17 16:00:00+00:00,1552.477430419913
2024-11-18 00:00:00+00:00,1576.64441664208
2024-11-18 08:00:00+00:00,1578.583905432134
2024-11-18 16:00:00+00:00,1576.7498576546357
2024-11-19 00:00:00+00:00,1569.522706904152
2024-11-19 08:00:00+00:00,1564.2569625629135
2024-11-19 16:00:00+00:00,1561.398415689911
2024-11-20 00:00:00+00:00,1557.5324795505273
2024-11-20 08:00:00+00:00,1569.107834246194
2024-11-20 16:00:00+00:00,1553.8621809867557
2024-11-21 00:00:00+00:00,1565.648442052593
2024-11-21 08:00:00+00:00,1578.1280776541118
2024-11-21 16:00:00+00:00,1597.3044386647464
2024-11-22 00:00:00+00:00,1608.3146723606078
2024-11-22 08:00:00+00:00,1624.319409219272
2024-11-22 16:00:00+00:00,1648.963935973403
2024-11-23 00:00:00+00:00,1657.0904619331973
2024-11-23 08:00:00+00:00,1671.2765964024416
2024-11-23 16:00:00+00:00,1650.6827387986489
2024-11-24 00:00:00+00:00,1658.6978603186938
2024-11-24 08:00:00+00:00,1614.178031449312
2024-11-24 16:00:00+00:00,1652.4124210093926
2024-11-25 00:00:00+00:00,1670.4372067869629
2024-11-25 08:00:00+00:00,1662.7456226493255
2024-11-25 16:00:00+00:00,1637.1422391583142
2024-11-26 00:00:00+00:00,1636.4698023552548
2024-11-26 08:00:00+00:00,1620.5703219922968
2024-11-26 16:00:00+00:00,1635.770861516967
2024-11-27 00:00:00+00:00,1650.5494380512632
2024-11-27 08:00:00+00:00,1664.7778137809782
2024-11-27 16:00:00+00:00,1672.778953830081
2024-11-28 00:00:00+00:00,1658.0916256191933
2024-11-28 08:00:00+00:00,1645.4331216263643
2024-11-28 16:00:00+00:00,1662.8966653949833
2024-11-29 00:00:00+00:00,1660.8719729572608
2024-11-29 08:00:00+00:00,1683.6372780727907
2024-11-29 16:00:00+00:00,1691.7065936711117
2024-11-30 00:00:00+00:00,1708.249860140358
2024-11-30 08:00:00+00:00,1705.290489294098
2024-11-30 16:00:00+00:00,1708.1213781355411
2024-12-01 00:00:00+00:00,1697.304567772701
2024-12-01 08:00:00+00:00,1706.6936402715755
2024-12-01 16:00:00+00:00,1729.2243962333403
2024-12-02 00:00:00+00:00,1751.5366335071196
2024-12-02 08:00:00+00:00,1785.2826237495487
2024-12-02 16:00:00+00:00,1823.8113065260104
2024-12-03 00:00:00+00:00,1811.0690397273568
2024-12-03 08:00:00+00:00,1787.7874121924763
2024-12-03 16:00:00+00:00,1795.292913575209
2024-12-04 00:00:00+00:00,1821.697712000667
2024-12-04 08:00:00+00:00,1831.778394749849
2024-12-04 16:00:00+00:00,1802.0559306909354
2024-12-05 00:00:00+00:00,1800.8383674859936
2024-12-05 08:00:00+00:00,1808.3275374698426
2024-12-05 16:00:00+00:00,1778.4244954046253
2024-12-06 00:00:00+00:00,1804.1691362047916
2024-12-06 08:00:00+00:00,1803.443526372374
2024-12-06 16:00:00+00:00,1830.80277856407
2024-12-07 00:00:00+00:00,1818.839580219126
2024-12-07 08:00:00+00:00,1829.038379108393
2024-12-07 16:00:00+00:00,1827.2854407603593
2024-12-08 00:00:00+00:00,1827.311021886578
2024-12-08 08:00:00+00:00,1836.124448339046
2024-12-08 16:00:00+00:00,1846.8423354654103
2024-12-09 00:00:00+00:00,1821.2569720320666
2024-12-09 08:00:00+00:00,1788.7583823125512
2024-12-09 16:00:00+00:00,1711.1345151017315
2024-12-10 00:00:00+00:00,1711.1345151017315
2024-12-10 08:00:00+00:00,1711.1345151017315
2024-12-10 16:00:00+00:00,1711.1345151017315
2024-12-11 00:00:00+00:00,1711.1345151017315
2024-12-11 08:00:00+00:00,1711.1345151017315
2024-12-11 16:00:00+00:00,1711.1345151017315
2024-12-12 00:00:00+00:00,1711.1345151017315
2024-12-12 08:00:00+00:00,1711.1345151017315
2024-12-12 16:00:00+00:00,1708.4106980387328
2024-12-13 00:00:00+00:00,1708.4661527256612
2024-12-13 08:00:00+00:00,1707.3510594753318
2024-12-13 16:00:00+00:00,1710.16374745974
2024-12-14 00:00:00+00:00,1710.7307026245776
2024-12-14 08:00:00+00:00,1710.1415198849375
2024-12-14 16:00:00+00:00,1706.1081719774797
2024-12-15 00:00:00+00:00,1704.3033027434115
2024-12-15 08:00:00+00:00,1708.159001784474
2024-12-15 16:00:00+00:00,1711.0200856053114
2024-12-16 00:00:00+00:00,1711.4169696981633
2024-12-16 08:00:00+00:00,1712.9399369488194
2024-12-16 16:00:00+00:00,1707.7583417716444
2024-12-17 00:00:00+00:00,1708.365325170111
2024-12-17 08:00:00+00:00,1707.2975610180129
2024-12-17 16:00:00+00:00,1706.1467001016786
2024-12-18 00:00:00+00:00,1702.826492384586
2024-12-18 08:00:00+00:00,1703.4891635064482
2024-12-18 16:00:00+00:00,1695.785015302648
2024-12-19 00:00:00+00:00,1696.4651800117822
2024-12-19 08:00:00+00:00,1695.459292811579
2024-12-19 16:00:00+00:00,1683.889825609307
2024-12-20 00:00:00+00:00,1683.889825609307
2024-12-20 08:00:00+00:00,1683.889825609307
2024-12-20 16:00:00+00:00,1683.889825609307
2024-12-21 00:00:00+00:00,1683.889825609307
2024-12-21 08:00:00+00:00,1683.889825609307
2024-12-21 16:00:00+00:00,1683.889825609307
2024-12-22 00:00:00+00:00,1683.889825609307
2024-12-22 08:00:00+00:00,1683.889825609307
2024-12-22 16:00:00+00:00,1683.889825609307
2024-12-23 00:00:00+00:00,1683.889825609307
2024-12-23 08:00:00+00:00,1683.889825609307
2024-12-23 16:00:00+00:00,1683.889825609307
2024-12-24 00:00:00+00:00,1683.889825609307
2024-12-24 08:00:00+00:00,1683.889825609307
2024-12-24 16:00:00+00:00,1683.889825609307
2024-12-25 00:00:00+00:00,1683.889825609307
2024-12-25 08:00:00+00:00,1683.889825609307
2024-12-25 16:00:00+00:00,1683.889825609307
2024-12-26 00:00:00+00:00,1683.889825609307
2024-12-26 08:00:00+00:00,1683.889825609307
2024-12-26 16:00:00+00:00,1683.889825609307
2024-12-27 00:00:00+00:00,1683.889825609307
2024-12-27 08:00:00+00:00,1683.889825609307
2024-12-27 16:00:00+00:00,1683.889825609307
2024-12-28 00:00:00+00:00,1683.889825609307
2024-12-28 08:00:00+00:00,1683.889825609307
2024-12-28 16:00:00+00:00,1683.889825609307
2024-12-29 00:00:00+00:00,1683.889825609307
2024-12-29 08:00:00+00:00,1683.889825609307
2024-12-29 16:00:00+00:00,1683.889825609307
2024-12-30 00:00:00+00:00,1683.889825609307
2024-12-30 08:00:00+00:00,1683.889825609307
2024-12-30 16:00:00+00:00,1683.889825609307
2024-12-31 00:00:00+00:00,1683.889825609307
2024-12-31 08:00:00+00:00,1683.889825609307
2024-12-31 16:00:00+00:00,1683.889825609307
2025-01-01 00:00:00+00:00,1683.889825609307
2025-01-01 08:00:00+00:00,1683.889825609307
2025-01-01 16:00:00+00:00,1683.889825609307
2025-01-02 00:00:00+00:00,1683.889825609307
2025-01-02 08:00:00+00:00,1683.889825609307
2025-01-02 16:00:00+00:00,1683.889825609307
2025-01-03 00:00:00+00:00,1683.889825609307
2025-01-03 08:00:00+00:00,1683.889825609307
2025-01-03 16:00:00+00:00,1683.889825609307
2025-01-04 00:00:00+00:00,1683.889825609307
2025-01-04 08:00:00+00:00,1687.7541551067934
2025-01-04 16:00:00+00:00,1690.0162373898947
2025-01-05 00:00:00+00:00,1687.6090712385908
2025-01-05 08:00:00+00:00,1688.7697421842113
2025-01-05 16:00:00+00:00,1689.1273432678088
2025-01-06 00:00:00+00:00,1687.7194167158154
2025-01-06 08:00:00+00:00,1694.0688378816178
2025-01-06 16:00:00+00:00,1688.5154143282052
2025-01-07 00:00:00+00:00,1687.3016194511104
2025-01-07 08:00:00+00:00,1675.519203468977
2025-01-07 16:00:00+00:00,1668.579115230232
2025-01-08 00:00:00+00:00,1662.7930583234008
2025-01-08 08:00:00+00:00,1663.414262491479
2025-01-08 16:00:00+00:00,1669.1522273071505
2025-01-09 00:00:00+00:00,1663.8985565304083
2025-01-09 08:00:00+00:00,1666.5121095928173
2025-01-09 16:00:00+00:00,1666.2117246825953
2025-01-10 00:00:00+00:00,1673.4597877884312
2025-01-10 08:00:00+00:00,1670.8625822041295
2025-01-10 16:00:00+00:00,1673.8092151329754
2025-01-11 00:00:00+00:00,1671.246747939652
2025-01-11 08:00:00+00:00,1670.220943688417
2025-01-11 16:00:00+00:00,1670.6970639882932
2025-01-12 00:00:00+00:00,1668.14685740355
2025-01-12 08:00:00+00:00,1668.0753371868304
2025-01-12 16:00:00+00:00,1665.8561670337608
2025-01-13 00:00:00+00:00,1661.538389378663
2025-01-13 08:00:00+00:00,1658.3218804827122
2025-01-13 16:00:00+00:00,1658.3218804827122
2025-01-14 00:00:00+00:00,1658.3218804827122
2025-01-14 08:00:00+00:00,1658.3218804827122
2025-01-14 16:00:00+00:00,1658.3218804827122
2025-01-15 00:00:00+00:00,1658.3218804827122
2025-01-15 08:00:00+00:00,1658.3218804827122
2025-01-15 16:00:00+00:00,1658.3218804827122
2025-01-16 00:00:00+00:00,1658.3218804827122
2025-01-16 08:00:00+00:00,1658.3218804827122
2025-01-16 16:00:00+00:00,1658.3218804827122
2025-01-17 00:00:00+00:00,1658.3218804827122
2025-01-17 08:00:00+00:00,1658.3218804827122
2025-01-17 16:00:00+00:00,1658.3218804827122
2025-01-18 00:00:00+00:00,1658.3218804827122
2025-01-18 08:00:00+00:00,1658.3218804827122
2025-01-18 16:00:00+00:00,1672.3625302004111
2025-01-19 00:00:00+00:00,1676.978509997192
2025-01-19 08:00:00+00:00,1676.595068296742
2025-01-19 16:00:00+00:00,1667.9795172329523
2025-01-20 00:00:00+00:00,1658.563254006884
2025-01-20 08:00:00+00:00,1658.563254006884
2025-01-20 16:00:00+00:00,1651.722784369563
2025-01-21 00:00:00+00:00,1651.3415110886488
2025-01-21 08:00:00+00:00,1654.0214813897246
2025-01-21 16:00:00+00:00,1657.035765426912
2025-01-22 00:00:00+00:00,1655.5685526724312
2025-01-22 08:00:00+00:00,1654.3369567037928
2025-01-22 16:00:00+00:00,1653.6995900913373
2025-01-23 00:00:00+00:00,1652.3097786795988
2025-01-23 08:00:00+00:00,1655.8273762100655
2025-01-23 16:00:00+00:00,1653.9831219941152
2025-01-24 00:00:00+00:00,1655.5069865250298
2025-01-24 08:00:00+00:00,1656.6340156002989
2025-01-24 16:00:00+00:00,1655.27027765675
2025-01-25 00:00:00+00:00,1654.6153012149937
2025-01-25 08:00:00+00:00,1655.299217841338
2025-01-25 16:00:00+00:00,1655.1209353834524
2025-01-26 00:00:00+00:00,1655.4444648054957
2025-01-26 08:00:00+00:00,1655.4361376769116
2025-01-26 16:00:00+00:00,1652.1892400805846
2025-01-27 00:00:00+00:00,1645.9169379601115
2025-01-27 08:00:00+00:00,1645.9169379601115
2025-01-27 16:00:00+00:00,1645.9169379601115
2025-01-28 00:00:00+00:00,1645.9169379601115
2025-01-28 08:00:00+00:00,1645.9169379601115
2025-01-28 16:00:00+00:00,1645.9169379601115
2025-01-29 00:00:00+00:00,1645.9169379601115
2025-01-29 08:00:00+00:00,1645.9169379601115
2025-01-29 16:00:00+00:00,1645.9169379601115
2025-01-30 00:00:00+00:00,1645.9169379601115
2025-01-30 08:00:00+00:00,1645.9169379601115
2025-01-30 16:00:00+00:00,1645.9169379601115
2025-01-31 00:00:00+00:00,1645.9169379601115
2025-01-31 08:00:00+00:00,1645.9169379601115
2025-01-31 16:00:00+00:00,1645.9169379601115
2025-02-01 00:00:00+00:00,1645.9169379601115
2025-02-01 08:00:00+00:00,1645.9169379601115
2025-02-01 16:00:00+00:00,1645.9169379601115
2025-02-02 00:00:00+00:00,1645.9169379601115
2025-02-02 08:00:00+00:00,1645.9169379601115
2025-02-02 16:00:00+00:00,1645.9169379601115
2025-02-03 00:00:00+00:00,1645.9169379601115
2025-02-03 08:00:00+00:00,1645.9169379601115
2025-02-03 16:00:00+00:00,1645.9169379601115
2025-02-04 00:00:00+00:00,1645.9169379601115
2025-02-04 08:00:00+00:00,1645.9169379601115
2025-02-04 16:00:00+00:00,1645.9169379601115
2025-02-05 00:00:00+00:00,1645.9169379601115
2025-02-05 08:00:00+00:00,1645.9169379601115
2025-02-05 16:00:00+00:00,1645.9169379601115
2025-02-06 00:00:00+00:00,1645.9169379601115
2025-02-06 08:00:00+00:00,1645.9169379601115
2025-02-06 16:00:00+00:00,1645.9169379601115
2025-02-07 00:00:00+00:00,1645.9169379601115
2025-02-07 08:00:00+00:00,1645.9169379601115
2025-02-07 16:00:00+00:00,1645.9169379601115
2025-02-08 00:00:00+00:00,1645.9169379601115
2025-02-08 08:00:00+00:00,1645.9169379601115
2025-02-08 16:00:00+00:00,1645.9169379601115
2025-02-09 00:00:00+00:00,1645.9169379601115
2025-02-09 08:00:00+00:00,1645.9169379601115
2025-02-09 16:00:00+00:00,1645.9169379601115
2025-02-10 00:00:00+00:00,1645.9169379601115
2025-02-10 08:00:00+00:00,1645.9169379601115
2025-02-10 16:00:00+00:00,1645.9169379601115
2025-02-11 00:00:00+00:00,1645.9169379601115
2025-02-11 08:00:00+00:00,1645.9169379601115
2025-02-11 16:00:00+00:00,1645.9169379601115
2025-02-12 00:00:00+00:00,1645.9169379601115
2025-02-12 08:00:00+00:00,1645.9169379601115
2025-02-12 16:00:00+00:00,1645.9169379601115
2025-02-13 00:00:00+00:00,1645.9169379601115
2025-02-13 08:00:00+00:00,1645.9169379601115
2025-02-13 16:00:00+00:00,1645.9169379601115
2025-02-14 00:00:00+00:00,1645.9169379601115
2025-02-14 08:00:00+00:00,1645.9169379601115
2025-02-14 16:00:00+00:00,1645.9169379601115
2025-02-15 00:00:00+00:00,1645.9169379601115
2025-02-15 08:00:00+00:00,1645.9169379601115
2025-02-15 16:00:00+00:00,1645.9169379601115
2025-02-16 00:00:00+00:00,1645.9169379601115
2025-02-16 08:00:00+00:00,1645.9169379601115
2025-02-16 16:00:00+00:00,1645.9169379601115
2025-02-17 00:00:00+00:00,1645.9169379601115
2025-02-17 08:00:00+00:00,1645.9169379601115
2025-02-17 16:00:00+00:00,1645.9169379601115
2025-02-18 00:00:00+00:00,1645.9169379601115
2025-02-18 08:00:00+00:00,1645.9169379601115
2025-02-18 16:00:00+00:00,1645.9169379601115
2025-02-19 00:00:00+00:00,1645.9169379601115
2025-02-19 08:00:00+00:00,1645.9169379601115
2025-02-19 16:00:00+00:00,1645.9169379601115
2025-02-20 00:00:00+00:00,1645.9169379601115
2025-02-20 08:00:00+00:00,1645.9169379601115
2025-02-20 16:00:00+00:00,1645.9169379601115
2025-02-21 00:00:00+00:00,1645.9169379601115
2025-02-21 08:00:00+00:00,1645.9169379601115
2025-02-21 16:00:00+00:00,1645.9169379601115
2025-02-22 00:00:00+00:00,1645.9169379601115
2025-02-22 08:00:00+00:00,1645.9169379601115
2025-02-22 16:00:00+00:00,1645.9169379601115
2025-02-23 00:00:00+00:00,1645.9169379601115
2025-02-23 08:00:00+00:00,1645.9169379601115
2025-02-23 16:00:00+00:00,1645.9169379601115
2025-02-24 00:00:00+00:00,1645.9169379601115
2025-02-24 08:00:00+00:00,1645.9169379601115
2025-02-24 16:00:00+00:00,1645.9169379601115
2025-02-25 00:00:00+00:00,1645.9169379601115
2025-02-25 08:00:00+00:00,1645.9169379601115
2025-02-25 16:00:00+00:00,1619.2523378152391
2025-02-26 00:00:00+00:00,1625.8324054761351
2025-02-26 08:00:00+00:00,1634.841492594187
2025-02-26 16:00:00+00:00,1663.3759342718322
2025-02-27 00:00:00+00:00,1646.074349899043
2025-02-27 08:00:00+00:00,1652.8386475698894
2025-02-27 16:00:00+00:00,1659.5963504103677
2025-02-28 00:00:00+00:00,1722.7325996875738
2025-02-28 08:00:00+00:00,1669.6353378868355
2025-02-28 16:00:00+00:00,1662.8625969439177
2025-03-01 00:00:00+00:00,1663.7920082018745
2025-03-01 08:00:00+00:00,1670.9480889999168
2025-03-01 16:00:00+00:00,1656.0891312162887
2025-03-02 00:00:00+00:00,1650.3894479583748
2025-03-02 08:00:00+00:00,1614.3683521084092
2025-03-02 16:00:00+00:00,1577.5096346560524
2025-03-03 00:00:00+00:00,1585.4940476560387
2025-03-03 08:00:00+00:00,1591.530771706124
2025-03-03 16:00:00+00:00,1599.9401781427277
2025-03-04 00:00:00+00:00,1604.1166517293318
2025-03-04 08:00:00+00:00,1604.4511828702016
2025-03-04 16:00:00+00:00,1598.7042319266127
2025-03-05 00:00:00+00:00,1593.2449837532786
2025-03-05 08:00:00+00:00,1592.7596906748258
2025-03-05 16:00:00+00:00,1579.5439088841508
2025-03-06 00:00:00+00:00,1572.4330362429766
2025-03-06 08:00:00+00:00,1573.0152907575116
2025-03-06 16:00:00+00:00,1580.5171348070241
2025-03-07 00:00:00+00:00,1582.2547080226725
2025-03-07 08:00:00+00:00,1581.2731483546352
2025-03-07 16:00:00+00:00,1587.8724031150891
2025-03-08 00:00:00+00:00,1589.6020408845288
2025-03-08 08:00:00+00:00,1584.0086326614469
2025-03-08 16:00:00+00:00,1582.5863530539452
2025-03-09 00:00:00+00:00,1585.2506124063739
2025-03-09 08:00:00+00:00,1594.7683373358232
2025-03-09 16:00:00+00:00,1604.5984894246963
2025-03-10 00:00:00+00:00,1601.167420564699
2025-03-10 08:00:00+00:00,1614.8960636636737
2025-03-10 16:00:00+00:00,1644.625245545452
2025-03-11 00:00:00+00:00,1630.0853121840446
2025-03-11 08:00:00+00:00,1623.1892592222537
2025-03-11 16:00:00+00:00,1615.34046009367
2025-03-12 00:00:00+00:00,1615.738197681298
2025-03-12 08:00:00+00:00,1617.2905770870225
2025-03-12 16:00:00+00:00,1601.6985672986227
2025-03-13 00:00:00+00:00,1607.0971064793637
2025-03-13 08:00:00+00:00,1612.5119714602397
2025-03-13 16:00:00+00:00,1614.4859396162567
2025-03-14 00:00:00+00:00,1606.619089745993
2025-03-14 08:00:00+00:00,1592.936267777125
2025-03-14 16:00:00+00:00,1597.8371295634488
2025-03-15 00:00:00+00:00,1592.6892453060261
2025-03-15 08:00:00+00:00,1588.2729472066821
2025-03-15 16:00:00+00:00,1585.0564446213032
2025-03-16 00:00:00+00:00,1586.2510528908826
2025-03-16 08:00:00+00:00,1597.759362067599
2025-03-16 16:00:00+00:00,1600.6925359911418
2025-03-17 00:00:00+00:00,1593.925798295213
2025-03-17 08:00:00+00:00,1593.7741547352698
2025-03-17 16:00:00+00:00,1590.2939764033804
2025-03-18 00:00:00+00:00,1596.2318533450668
2025-03-18 08:00:00+00:00,1604.5556346111275
2025-03-18 16:00:00+00:00,1594.6682881533877
2025-03-19 00:00:00+00:00,1594.3730631054711
2025-03-19 08:00:00+00:00,1578.1929409912696
2025-03-19 16:00:00+00:00,1572.1481683655857
2025-03-20 00:00:00+00:00,1576.7550627495343
2025-03-20 08:00:00+00:00,1580.7354650446891
2025-03-20 16:00:00+00:00,1580.9457942020838
2025-03-21 00:00:00+00:00,1581.4768753683504
2025-03-21 08:00:00+00:00,1584.2335966919795
2025-03-21 16:00:00+00:00,1580.2749579252838
2025-03-22 00:00:00+00:00,1578.5801081809047
2025-03-22 08:00:00+00:00,1578.3035832603732
2025-03-22 16:00:00+00:00,1579.180576068714
2025-03-23 00:00:00+00:00,1577.3334155723755
2025-03-23 08:00:00+00:00,1576.4182958618787
2025-03-23 16:00:00+00:00,1574.662398433361
2025-03-24 00:00:00+00:00,1567.4394722388981
2025-03-24 08:00:00+00:00,1562.8384715599427
2025-03-24 16:00:00+00:00,1563.0817675665824
2025-03-25 00:00:00+00:00,1563.0439184775662
2025-03-25 08:00:00+00:00,1558.8916687792998
2025-03-25 16:00:00+00:00,1558.9078944211217
2025-03-26 00:00:00+00:00,1554.2280770533694
2025-03-26 08:00:00+00:00,1554.2280770533694
2025-03-26 16:00:00+00:00,1554.2280770533694
2025-03-27 00:00:00+00:00,1554.2280770533694
2025-03-27 08:00:00+00:00,1554.8215513558328
2025-03-27 16:00:00+00:00,1554.7374315337588
2025-03-28 00:00:00+00:00,1564.863793762167
2025-03-28 08:00:00+00:00,1568.379400752824
2025-03-28 16:00:00+00:00,1566.041270747191
2025-03-29 00:00:00+00:00,1573.1398006385648
2025-03-29 08:00:00+00:00,1574.3929754372546
2025-03-29 16:00:00+00:00,1572.1052972724651
2025-03-30 00:00:00+00:00,1568.6401421226515
2025-03-30 08:00:00+00:00,1571.8277519906237
2025-03-30 16:00:00+00:00,1571.9202737687044
2025-03-31 00:00:00+00:00,1583.6326277566454
2025-03-31 08:00:00+00:00,1575.9280048821124
2025-03-31 16:00:00+00:00,1572.819935330858
2025-04-01 00:00:00+00:00,1565.404385477575
2025-04-01 08:00:00+00:00,1546.2460343301336
2025-04-01 16:00:00+00:00,1549.705271997914
2025-04-02 00:00:00+00:00,1566.175206846402
2025-04-02 08:00:00+00:00,1545.4042667422084
2025-04-02 16:00:00+00:00,1568.0475224157644
2025-04-03 00:00:00+00:00,1562.3981666405869
2025-04-03 08:00:00+00:00,1577.9907263654845
2025-04-03 16:00:00+00:00,1560.456185883448
2025-04-04 00:00:00+00:00,1550.4826038214428
2025-04-04 08:00:00+00:00,1558.9190318696094
2025-04-04 16:00:00+00:00,1548.4116105087203
2025-04-05 00:00:00+00:00,1551.1774118600772
2025-04-05 08:00:00+00:00,1563.6263840874797
2025-04-05 16:00:00+00:00,1556.0419851548
2025-04-06 00:00:00+00:00,1570.936071975369
2025-04-06 08:00:00+00:00,1581.6409032798813
2025-04-06 16:00:00+00:00,1631.250533616787
2025-04-07 00:00:00+00:00,1686.7709756879522
2025-04-07 08:00:00+00:00,1632.6520264388694
2025-04-07 16:00:00+00:00,1627.30590696166
2025-04-08 00:00:00+00:00,1624.960053084631
2025-04-08 08:00:00+00:00,1625.462857797335
2025-04-08 16:00:00+00:00,1656.0402476728527
2025-04-09 00:00:00+00:00,1641.6658227991513
2025-04-09 08:00:00+00:00,1642.729266512508
2025-04-09 16:00:00+00:00,1572.4830553089575
2025-04-10 00:00:00+00:00,1581.880767277866
2025-04-10 08:00:00+00:00,1596.729020756027
2025-04-10 16:00:00+00:00,1588.8437117005067
2025-04-11 00:00:00+00:00,1580.0222365487655
2025-04-11 08:00:00+00:00,1574.1540621067797
2025-04-11 16:00:00+00:00,1569.8882177504022
2025-04-12 00:00:00+00:00,1566.8887370481273
2025-04-12 08:00:00+00:00,1560.8363156295304
2025-04-12 16:00:00+00:00,1560.5322394646314
2025-04-13 00:00:00+00:00,1562.3132599609878
2025-04-13 08:00:00+00:00,1563.3992551414706
2025-04-13 16:00:00+00:00,1565.6581081316942
2025-04-14 00:00:00+00:00,1564.3549201292053
2025-04-14 08:00:00+00:00,1564.963082815821
2025-04-14 16:00:00+00:00,1564.789316130035
2025-04-15 00:00:00+00:00,1564.6155598010666
2025-04-15 08:00:00+00:00,1566.9178596411457
2025-04-15 16:00:00+00:00,1568.090727807704
2025-04-16 00:00:00+00:00,1569.480799153086
2025-04-16 08:00:00+00:00,1569.0464031522563
2025-04-16 16:00:00+00:00,1571.2183883348134
2025-04-17 00:00:00+00:00,1568.6120071514267
2025-04-17 08:00:00+00:00,1568.2210476436346
2025-04-17 16:00:00+00:00,1567.482575477906
2025-04-18 00:00:00+00:00,1566.5269104901715
2025-04-18 08:00:00+00:00,1567.3522556419753
2025-04-18 16:00:00+00:00,1567.3957024918307
2025-04-19 00:00:00+00:00,1564.876199472928
2025-04-19 08:00:00+00:00,1564.3983669790607
2025-04-19 16:00:00+00:00,1562.1266720836513
2025-04-20 00:00:00+00:00,1562.1266720836513
2025-04-20 08:00:00+00:00,1562.1266720836513
2025-04-20 16:00:00+00:00,1562.1266720836513
2025-04-21 00:00:00+00:00,1562.1266720836513
2025-04-21 08:00:00+00:00,1562.1266720836513
2025-04-21 16:00:00+00:00,1562.1266720836513
2025-04-22 00:00:00+00:00,1562.1266720836513
2025-04-22 08:00:00+00:00,1562.1266720836513
2025-04-22 16:00:00+00:00,1581.3793894644202
2025-04-23 00:00:00+00:00,1612.0019151903018
2025-04-23 08:00:00+00:00,1610.569508948633
2025-04-23 16:00:00+00:00,1613.575157599308
2025-04-24 00:00:00+00:00,1585.4826654480014
2025-04-24 08:00:00+00:00,1610.5144552258832
2025-04-24 16:00:00+00:00,1621.9263456332578
2025-04-25 00:00:00+00:00,1626.8600279309358
2025-04-25 08:00:00+00:00,1633.4892518637862
2025-04-25 16:00:00+00:00,1623.835428938097
2025-04-26 00:00:00+00:00,1632.3703346310897
2025-04-26 08:00:00+00:00,1619.0286869476352
2025-04-26 16:00:00+00:00,1623.177056143449
2025-04-27 00:00:00+00:00,1610.2264484915258
2025-04-27 08:00:00+00:00,1603.8495653289115
2025-04-27 16:00:00+00:00,1600.2533299547104
2025-04-28 00:00:00+00:00,1622.6562339440588
2025-04-28 08:00:00+00:00,1596.8586508064964
2025-04-28 16:00:00+00:00,1618.4387285275898
2025-04-29 00:00:00+00:00,1624.270327978914
2025-04-29 08:00:00+00:00,1616.5162562495586
2025-04-29 16:00:00+00:00,1602.2142514412553
2025-04-30 00:00:00+00:00,1601.992167832385
2025-04-30 08:00:00+00:00,1578.2898315178272
2025-04-30 16:00:00+00:00,1590.2683504498295
2025-05-01 00:00:00+00:00,1606.7083050883543
2025-05-01 08:00:00+00:00,1622.6232093855072
2025-05-01 16:00:00+00:00,1619.8047990895102
2025-05-02 00:00:00+00:00,1610.4853246309722
2025-05-02 08:00:00+00:00,1623.372922020408
2025-05-02 16:00:00+00:00,1612.07819170622
2025-05-03 00:00:00+00:00,1601.401407579679
2025-05-03 08:00:00+00:00,1601.243889892591
2025-05-03 16:00:00+00:00,1589.7186448773452
2025-05-04 00:00:00+00:00,1585.0109640149387
2025-05-04 08:00:00+00:00,1578.2103209658296
2025-05-04 16:00:00+00:00,1564.624090917128
2025-05-05 00:00:00+00:00,1577.9964299546164
2025-05-05 08:00:00+00:00,1558.2885216014306
2025-05-05 16:00:00+00:00,1564.5653796568104
2025-05-06 00:00:00+00:00,1559.8806118131467
2025-05-06 08:00:00+00:00,1553.654152105437
2025-05-06 16:00:00+00:00,1567.0518423773615
2025-05-07 00:00:00+00:00,1568.0485931232683
2025-05-07 08:00:00+00:00,1566.1401861195086
2025-05-07 16:00:00+00:00,1568.3726439535435
2025-05-08 00:00:00+00:00,1582.1793738174017
2025-05-08 08:00:00+00:00,1598.5416418435045
2025-05-08 16:00:00+00:00,1613.5031976233001
2025-05-09 00:00:00+00:00,1645.628754643193
2025-05-09 08:00:00+00:00,1644.0419989235468
2025-05-09 16:00:00+00:00,1649.7267009184648
2025-05-10 00:00:00+00:00,1677.0954364305578
2025-05-10 08:00:00+00:00,1675.512685105611
2025-05-10 16:00:00+00:00,1730.9392334479808
2025-05-11 00:00:00+00:00,1682.2014461114054
2025-05-11 08:00:00+00:00,1680.1968291250407
2025-05-11 16:00:00+00:00,1697.0302719020153
2025-05-12 00:00:00+00:00,1725.6285011383495
2025-05-12 08:00:00+00:00,1686.917632005192
2025-05-12 16:00:00+00:00,1685.958176026171
2025-05-13 00:00:00+00:00,1671.1612937895816
2025-05-13 08:00:00+00:00,1696.852434515992
2025-05-13 16:00:00+00:00,1723.9675025953009
2025-05-14 00:00:00+00:00,1711.4738889904079
2025-05-14 08:00:00+00:00,1696.0486232390792
2025-05-14 16:00:00+00:00,1695.271743215897
2025-05-15 00:00:00+00:00,1655.3222946793655
2025-05-15 08:00:00+00:00,1670.4179808635924
2025-05-15 16:00:00+00:00,1659.7391630329355
2025-05-16 00:00:00+00:00,1674.6258080205996
2025-05-16 08:00:00+00:00,1678.198684846594
2025-05-16 16:00:00+00:00,1652.682909698585
2025-05-17 00:00:00+00:00,1646.3985298978564
2025-05-17 08:00:00+00:00,1638.8023385776937
2025-05-17 16:00:00+00:00,1638.3752676088689
2025-05-18 00:00:00+00:00,1661.074285666584
2025-05-18 08:00:00+00:00,1700.8512823900144
2025-05-18 16:00:00+00:00,1680.659829852186
2025-05-19 00:00:00+00:00,1631.0553097327568
2025-05-19 08:00:00+00:00,1644.9866905164827
2025-05-19 16:00:00+00:00,1657.2427125122715
2025-05-20 00:00:00+00:00,1654.7762528911387
2025-05-20 08:00:00+00:00,1652.9005356472678
2025-05-20 16:00:00+00:00,1666.5975048619975
2025-05-21 00:00:00+00:00,1665.5315358624825
2025-05-21 08:00:00+00:00,1688.6340725167513
2025-05-21 16:00:00+00:00,1694.0374319359291
2025-05-22 00:00:00+00:00,1720.464330950648
2025-05-22 08:00:00+00:00,1714.6091515144744
2025-05-22 16:00:00+00:00,1720.0250600463003
2025-05-23 00:00:00+00:00,1714.8287465011442
2025-05-23 08:00:00+00:00,1686.040309763938
2025-05-23 16:00:00+00:00,1657.3760834926002
2025-05-24 00:00:00+00:00,1664.054514652829
2025-05-24 08:00:00+00:00,1672.3853599081938
2025-05-24 16:00:00+00:00,1662.9272578986147
2025-05-25 00:00:00+00:00,1651.974845107456
2025-05-25 08:00:00+00:00,1639.2639499188354
2025-05-25 16:00:00+00:00,1660.197358777485
2025-05-26 00:00:00+00:00,1672.386911578351
2025-05-26 08:00:00+00:00,1668.3619943415174
2025-05-26 16:00:00+00:00,1662.0162947000847
2025-05-27 00:00:00+00:00,1664.9177559910302
2025-05-27 08:00:00+00:00,1671.9011789974254
2025-05-27 16:00:00+00:00,1662.2891326831834
2025-05-28 00:00:00+00:00,1654.9448307150683
2025-05-28 08:00:00+00:00,1641.449870190571
2025-05-28 16:00:00+00:00,1647.0059077842159
2025-05-29 00:00:00+00:00,1647.4568400520648
2025-05-29 08:00:00+00:00,1641.1810802158432
2025-05-29 16:00:00+00:00,1631.9023174388412
2025-05-30 00:00:00+00:00,1631.9023174388412
2025-05-30 08:00:00+00:00,1631.9023174388412
2025-05-30 16:00:00+00:00,1631.9023174388412
2025-05-31 00:00:00+00:00,1631.9023174388412
2025-05-31 08:00:00+00:00,1631.9023174388412
2025-05-31 16:00:00+00:00,1631.9023174388412
2025-06-01 00:00:00+00:00,1631.9023174388412
2025-06-01 08:00:00+00:00,1631.9023174388412
2025-06-01 16:00:00+00:00,1631.9023174388412
2025-06-02 00:00:00+00:00,1631.9023174388412
2025-06-02 08:00:00+00:00,1631.9023174388412
2025-06-02 16:00:00+00:00,1631.9023174388412
2025-06-03 00:00:00+00:00,1631.9023174388412
2025-06-03 08:00:00+00:00,1631.9023174388412
2025-06-03 16:00:00+00:00,1631.9023174388412
2025-06-04 00:00:00+00:00,1631.9023174388412
2025-06-04 08:00:00+00:00,1631.9023174388412
2025-06-04 16:00:00+00:00,1631.9023174388412
2025-06-05 00:00:00+00:00,1631.9023174388412
2025-06-05 08:00:00+00:00,1631.9023174388412
2025-06-05 16:00:00+00:00,1631.9023174388412
2025-06-06 00:00:00+00:00,1631.9023174388412
2025-06-06 08:00:00+00:00,1631.9023174388412
2025-06-06 16:00:00+00:00,1631.9023174388412
2025-06-07 00:00:00+00:00,1631.9023174388412
2025-06-07 08:00:00+00:00,1631.9023174388412
2025-06-07 16:00:00+00:00,1631.9023174388412
2025-06-08 00:00:00+00:00,1631.9023174388412
2025-06-08 08:00:00+00:00,1631.9023174388412
2025-06-08 16:00:00+00:00,1631.9023174388412
2025-06-09 00:00:00+00:00,1631.9023174388412
2025-06-09 08:00:00+00:00,1631.9023174388412
2025-06-09 16:00:00+00:00,1631.9023174388412
2025-06-10 00:00:00+00:00,1631.9023174388412
2025-06-10 08:00:00+00:00,1631.9023174388412
2025-06-10 16:00:00+00:00,1631.9023174388412
2025-06-11 00:00:00+00:00,1631.9023174388412
2025-06-11 08:00:00+00:00,1631.9023174388412
2025-06-11 16:00:00+00:00,1631.9023174388412
2025-06-12 00:00:00+00:00,1631.9023174388412
2025-06-12 08:00:00+00:00,1631.9023174388412
2025-06-12 16:00:00+00:00,1631.9023174388412
2025-06-13 00:00:00+00:00,1631.9023174388412
2025-06-13 08:00:00+00:00,1631.9023174388412
2025-06-13 16:00:00+00:00,1631.9023174388412
2025-06-14 00:00:00+00:00,1631.9023174388412
2025-06-14 08:00:00+00:00,1631.9023174388412
2025-06-14 16:00:00+00:00,1631.9023174388412
2025-06-15 00:00:00+00:00,1631.9023174388412
2025-06-15 08:00:00+00:00,1631.9023174388412
2025-06-15 16:00:00+00:00,1631.9023174388412
2025-06-16 00:00:00+00:00,1631.9023174388412
2025-06-16 08:00:00+00:00,1631.9023174388412
2025-06-16 16:00:00+00:00,1631.9023174388412
2025-06-17 00:00:00+00:00,1631.9023174388412
2025-06-17 08:00:00+00:00,1631.9023174388412
2025-06-17 16:00:00+00:00,1631.9023174388412
2025-06-18 00:00:00+00:00,1631.9023174388412
2025-06-18 08:00:00+00:00,1631.9023174388412
2025-06-18 16:00:00+00:00,1631.9023174388412
2025-06-19 00:00:00+00:00,1631.9023174388412
2025-06-19 08:00:00+00:00,1631.9023174388412
2025-06-19 16:00:00+00:00,1631.9023174388412
2025-06-20 00:00:00+00:00,1631.9023174388412
2025-06-20 08:00:00+00:00,1631.9023174388412
2025-06-20 16:00:00+00:00,1631.9023174388412
2025-06-21 00:00:00+00:00,1631.9023174388412
2025-06-21 08:00:00+00:00,1631.9023174388412
2025-06-21 16:00:00+00:00,1631.9023174388412
2025-06-22 00:00:00+00:00,1631.9023174388412
2025-06-22 08:00:00+00:00,1631.9023174388412
2025-06-22 16:00:00+00:00,1631.9023174388412
2025-06-23 00:00:00+00:00,1631.9023174388412
2025-06-23 08:00:00+00:00,1631.9023174388412
2025-06-23 16:00:00+00:00,1631.9023174388412
2025-06-24 00:00:00+00:00,1631.9023174388412
2025-06-24 08:00:00+00:00,1631.9023174388412
2025-06-24 16:00:00+00:00,1631.9023174388412
2025-06-25 00:00:00+00:00,1631.9023174388412
2025-06-25 08:00:00+00:00,1631.9023174388412
2025-06-25 16:00:00+00:00,1631.9023174388412
2025-06-26 00:00:00+00:00,1631.9023174388412
2025-06-26 08:00:00+00:00,1631.9023174388412
2025-06-26 16:00:00+00:00,1631.9023174388412
2025-06-27 00:00:00+00:00,1631.9023174388412
2025-06-27 08:00:00+00:00,1631.9023174388412
2025-06-27 16:00:00+00:00,1631.9023174388412
2025-06-28 00:00:00+00:00,1631.9023174388412
2025-06-28 08:00:00+00:00,1631.9023174388412
2025-06-28 16:00:00+00:00,1631.9023174388412
2025-06-29 00:00:00+00:00,1631.9023174388412
2025-06-29 08:00:00+00:00,1631.9023174388412
2025-06-29 16:00:00+00:00,1631.9023174388412
2025-06-30 00:00:00+00:00,1631.9023174388412
2025-06-30 08:00:00+00:00,1631.9023174388412
2025-06-30 16:00:00+00:00,1631.9023174388412
2025-07-01 00:00:00+00:00,1631.9023174388412
2025-07-01 08:00:00+00:00,1631.9023174388412
2025-07-01 16:00:00+00:00,1631.9023174388412
2025-07-02 00:00:00+00:00,1631.9023174388412
2025-07-02 08:00:00+00:00,1631.9023174388412
2025-07-02 16:00:00+00:00,1631.9023174388412
2025-07-03 00:00:00+00:00,1631.9023174388412
2025-07-03 08:00:00+00:00,1631.9023174388412
2025-07-03 16:00:00+00:00,1631.9023174388412
2025-07-04 00:00:00+00:00,1631.9023174388412
2025-07-04 08:00:00+00:00,1631.9023174388412
2025-07-04 16:00:00+00:00,1631.9023174388412
2025-07-05 00:00:00+00:00,1631.9023174388412
2025-07-05 08:00:00+00:00,1631.9023174388412
2025-07-05 16:00:00+00:00,1631.9023174388412
2025-07-06 00:00:00+00:00,1631.9023174388412
2025-07-06 08:00:00+00:00,1631.9023174388412
2025-07-06 16:00:00+00:00,1631.9023174388412
2025-07-07 00:00:00+00:00,1631.9023174388412
2025-07-07 08:00:00+00:00,1631.9023174388412
2025-07-07 16:00:00+00:00,1631.9023174388412
2025-07-08 00:00:00+00:00,1631.9023174388412
2025-07-08 08:00:00+00:00,1631.9023174388412
2025-07-08 16:00:00+00:00,1631.9023174388412
2025-07-09 00:00:00+00:00,1631.9023174388412
2025-07-09 08:00:00+00:00,1631.9023174388412
2025-07-09 16:00:00+00:00,1631.9023174388412
2025-07-10 00:00:00+00:00,1631.9023174388412
2025-07-10 08:00:00+00:00,1631.9023174388412
2025-07-10 16:00:00+00:00,1631.9023174388412
2025-07-11 00:00:00+00:00,1631.9023174388412
2025-07-11 08:00:00+00:00,1631.9023174388412
2025-07-11 16:00:00+00:00,1631.9023174388412
2025-07-12 00:00:00+00:00,1631.9023174388412
2025-07-12 08:00:00+00:00,1631.9023174388412
2025-07-12 16:00:00+00:00,1631.9023174388412
2025-07-13 00:00:00+00:00,1631.9023174388412
2025-07-13 08:00:00+00:00,1631.9023174388412
2025-07-13 16:00:00+00:00,1631.9023174388412
2025-07-14 00:00:00+00:00,1631.9023174388412
2025-07-14 08:00:00+00:00,1631.9023174388412
2025-07-14 16:00:00+00:00,1631.9023174388412
2025-07-15 00:00:00+00:00,1631.9023174388412
2025-07-15 08:00:00+00:00,1631.9023174388412
2025-07-15 16:00:00+00:00,1631.9023174388412
2025-07-16 00:00:00+00:00,1631.9023174388412
2025-07-16 08:00:00+00:00,1631.9023174388412
2025-07-16 16:00:00+00:00,1631.9023174388412
2025-07-17 00:00:00+00:00,1631.9023174388412
2025-07-17 08:00:00+00:00,1631.9023174388412
2025-07-17 16:00:00+00:00,1631.9023174388412
2025-07-18 00:00:00+00:00,1631.9023174388412
2025-07-18 08:00:00+00:00,1631.9023174388412
2025-07-18 16:00:00+00:00,1631.9023174388412
2025-07-19 00:00:00+00:00,1631.9023174388412
2025-07-19 08:00:00+00:00,1631.9023174388412
2025-07-19 16:00:00+00:00,1631.9023174388412
2025-07-20 00:00:00+00:00,1631.9023174388412
2025-07-20 08:00:00+00:00,1631.9023174388412
2025-07-20 16:00:00+00:00,1631.9023174388412
2025-07-21 00:00:00+00:00,1631.9023174388412
2025-07-21 08:00:00+00:00,1631.9023174388412
2025-07-21 16:00:00+00:00,1631.9023174388412
2025-07-22 00:00:00+00:00,1631.9023174388412
2025-07-22 08:00:00+00:00,1631.9023174388412
2025-07-22 16:00:00+00:00,1631.9023174388412
2025-07-23 00:00:00+00:00,1631.9023174388412
2025-07-23 08:00:00+00:00,1631.9023174388412
2025-07-23 16:00:00+00:00,1631.9023174388412
2025-07-24 00:00:00+00:00,1631.9023174388412
2025-07-24 08:00:00+00:00,1631.9023174388412
2025-07-24 16:00:00+00:00,1631.9023174388412
2025-07-25 00:00:00+00:00,1631.9023174388412
2025-07-25 08:00:00+00:00,1631.9023174388412
2025-07-25 16:00:00+00:00,1631.9023174388412
2025-07-26 00:00:00+00:00,1631.9023174388412
2025-07-26 08:00:00+00:00,1631.9023174388412
2025-07-26 16:00:00+00:00,1631.9023174388412
2025-07-27 00:00:00+00:00,1631.9023174388412
2025-07-27 08:00:00+00:00,1631.9023174388412
2025-07-27 16:00:00+00:00,1631.9023174388412
2025-07-28 00:00:00+00:00,1631.9023174388412
2025-07-28 08:00:00+00:00,1631.9023174388412
2025-07-28 16:00:00+00:00,1631.9023174388412
2025-07-29 00:00:00+00:00,1631.9023174388412
2025-07-29 08:00:00+00:00,1631.9023174388412
2025-07-29 16:00:00+00:00,1631.9023174388412
2025-07-30 00:00:00+00:00,1631.9023174388412
2025-07-30 08:00:00+00:00,1631.9023174388412
2025-07-30 16:00:00+00:00,1631.9023174388412
2025-07-31 00:00:00+00:00,1631.9023174388412
2025-07-31 08:00:00+00:00,1631.9023174388412
2025-07-31 16:00:00+00:00,1631.9023174388412
2025-08-01 00:00:00+00:00,1631.9023174388412
2025-08-01 08:00:00+00:00,1631.9023174388412
2025-08-01 16:00:00+00:00,1631.9023174388412
2025-08-02 00:00:00+00:00,1631.9023174388412
2025-08-02 08:00:00+00:00,1631.9023174388412
2025-08-02 16:00:00+00:00,1631.9023174388412
2025-08-03 00:00:00+00:00,1631.9023174388412
2025-08-03 08:00:00+00:00,1631.9023174388412
2025-08-03 16:00:00+00:00,1631.9023174388412
2025-08-04 00:00:00+00:00,1631.9023174388412
2025-08-04 08:00:00+00:00,1631.9023174388412
2025-08-04 16:00:00+00:00,1631.9023174388412
2025-08-05 00:00:00+00:00,1631.9023174388412
2025-08-05 08:00:00+00:00,1631.9023174388412
2025-08-05 16:00:00+00:00,1631.9023174388412
2025-08-06 00:00:00+00:00,1631.9023174388412
2025-08-06 08:00:00+00:00,1631.9023174388412
2025-08-06 16:00:00+00:00,1631.9023174388412
2025-08-07 00:00:00+00:00,1631.9023174388412
2025-08-07 08:00:00+00:00,1631.9023174388412
2025-08-07 16:00:00+00:00,1631.9023174388412
2025-08-08 00:00:00+00:00,1631.9023174388412
2025-08-08 08:00:00+00:00,1631.9023174388412
2025-08-08 16:00:00+00:00,1631.9023174388412
2025-08-09 00:00:00+00:00,1631.9023174388412
2025-08-09 08:00:00+00:00,1631.9023174388412
2025-08-09 16:00:00+00:00,1641.0556029955626
2025-08-10 00:00:00+00:00,1638.1164957919502
2025-08-10 08:00:00+00:00,1642.3839389874556
2025-08-10 16:00:00+00:00,1641.3070649278686
2025-08-11 00:00:00+00:00,1641.534383406937
2025-08-11 08:00:00+00:00,1643.5139358708782
2025-08-11 16:00:00+00:00,1627.1126432997814
2025-08-12 00:00:00+00:00,1633.423897617374
2025-08-12 08:00:00+00:00,1654.8862339935447
2025-08-12 16:00:00+00:00,1657.449902474613
2025-08-13 00:00:00+00:00,1656.2276166856482
2025-08-13 08:00:00+00:00,1662.3704097769814
2025-08-13 16:00:00+00:00,1675.350656262947
2025-08-14 00:00:00+00:00,1671.6627042497869
2025-08-14 08:00:00+00:00,1639.5071263587265
2025-08-14 16:00:00+00:00,1631.499009307594
2025-08-15 00:00:00+00:00,1641.8793666335112
2025-08-15 08:00:00+00:00,1611.2866390651693
2025-08-15 16:00:00+00:00,1612.5347316290547
2025-08-16 00:00:00+00:00,1616.7512126679558
2025-08-16 08:00:00+00:00,1614.5098709160152
2025-08-16 16:00:00+00:00,1619.1122382955245
2025-08-17 00:00:00+00:00,1631.0030541252033
2025-08-17 08:00:00+00:00,1647.387728329714
2025-08-17 16:00:00+00:00,1637.9248598408992
2025-08-18 00:00:00+00:00,1618.5938190083457
2025-08-18 08:00:00+00:00,1624.6910776174611
2025-08-18 16:00:00+00:00,1625.739500496965
2025-08-19 00:00:00+00:00,1614.400137726067
2025-08-19 08:00:00+00:00,1614.335975848239
2025-08-19 16:00:00+00:00,1610.4919431159424
2025-08-20 00:00:00+00:00,1615.1058571979286
2025-08-20 08:00:00+00:00,1623.2697423353325
2025-08-20 16:00:00+00:00,1625.9963876034108
2025-08-21 00:00:00+00:00,1621.9598896323787
2025-08-21 08:00:00+00:00,1618.634454557236
2025-08-21 16:00:00+00:00,1617.190934674599
2025-08-22 00:00:00+00:00,1618.3724738192711
2025-08-22 08:00:00+00:00,1626.0231251182972
2025-08-22 16:00:00+00:00,1627.846232054377
2025-08-23 00:00:00+00:00,1622.8901552818895
2025-08-23 08:00:00+00:00,1623.5263694518956
2025-08-23 16:00:00+00:00,1625.0661219539004
2025-08-24 00:00:00+00:00,1621.441291975225
2025-08-24 08:00:00+00:00,1621.2220892216035
2025-08-24 16:00:00+00:00,1622.6174876958696
2025-08-25 00:00:00+00:00,1618.0998164306252
2025-08-25 08:00:00+00:00,1615.0630792135853
2025-08-25 16:00:00+00:00,1609.5616774664318
2025-08-26 00:00:00+00:00,1608.2571681875056
2025-08-26 08:00:00+00:00,1613.7104485262882
2025-08-26 16:00:00+00:00,1614.8492300813655
2025-08-27 00:00:00+00:00,1613.7104485262882
2025-08-27 08:00:00+00:00,1614.400137726067
2025-08-27 16:00:00+00:00,1611.6948763514733
2025-08-28 00:00:00+00:00,1614.0312375206793
2025-08-28 08:00:00+00:00,1617.041237222833
2025-08-28 16:00:00+00:00,1619.1316581235312
2025-08-29 00:00:00+00:00,1610.3903670725472
2025-08-29 08:00:00+00:00,1609.8717694153931
2025-08-29 16:00:00+00:00,1609.7220719636273
2025-08-30 00:00:00+00:00,1606.928812651941
2025-08-30 08:00:00+00:00,1606.928812651941
2025-08-30 16:00:00+00:00,1606.928812651941
2025-08-31 00:00:00+00:00,1606.928812651941
2025-08-31 08:00:00+00:00,1606.928812651941
2025-08-31 16:00:00+00:00,1606.928812651941
2025-09-01 00:00:00+00:00,1606.928812651941
2025-09-01 08:00:00+00:00,1606.928812651941
2025-09-01 16:00:00+00:00,1606.928812651941
2025-09-02 00:00:00+00:00,1606.928812651941
2025-09-02 08:00:00+00:00,1606.928812651941
2025-09-02 16:00:00+00:00,1606.928812651941
2025-09-03 00:00:00+00:00,1606.928812651941
2025-09-03 08:00:00+00:00,1606.928812651941
2025-09-03 16:00:00+00:00,1606.928812651941
2025-09-04 00:00:00+00:00,1606.928812651941
2025-09-04 08:00:00+00:00,1606.928812651941
2025-09-04 16:00:00+00:00,1606.928812651941
2025-09-05 00:00:00+00:00,1606.928812651941
2025-09-05 08:00:00+00:00,1606.928812651941
2025-09-05 16:00:00+00:00,1606.928812651941
2025-09-06 00:00:00+00:00,1606.928812651941
2025-09-06 08:00:00+00:00,1606.928812651941
2025-09-06 16:00:00+00:00,1606.928812651941
2025-09-07 00:00:00+00:00,1606.928812651941
2025-09-07 08:00:00+00:00,1606.928812651941
2025-09-07 16:00:00+00:00,1606.928812651941
2025-09-08 00:00:00+00:00,1606.928812651941
2025-09-08 08:00:00+00:00,1606.928812651941
2025-09-08 16:00:00+00:00,1606.928812651941
2025-09-09 00:00:00+00:00,1606.928812651941
2025-09-09 08:00:00+00:00,1606.928812651941
2025-09-09 16:00:00+00:00,1606.928812651941
2025-09-10 00:00:00+00:00,1606.928812651941
2025-09-10 08:00:00+00:00,1606.928812651941
2025-09-10 16:00:00+00:00,1606.928812651941
2025-09-11 00:00:00+00:00,1606.928812651941
2025-09-11 08:00:00+00:00,1606.928812651941
2025-09-11 16:00:00+00:00,1606.928812651941
2025-09-12 00:00:00+00:00,1606.928812651941
2025-09-12 08:00:00+00:00,1606.928812651941
2025-09-12 16:00:00+00:00,1606.928812651941
2025-09-13 00:00:00+00:00,1606.928812651941
2025-09-13 08:00:00+00:00,1606.928812651941
2025-09-13 16:00:00+00:00,1606.928812651941
2025-09-14 00:00:00+00:00,1606.928812651941
2025-09-14 08:00:00+00:00,1606.928812651941
2025-09-14 16:00:00+00:00,1606.928812651941
2025-09-15 00:00:00+00:00,1606.928812651941
2025-09-15 08:00:00+00:00,1606.928812651941
2025-09-15 16:00:00+00:00,1606.928812651941
2025-09-16 00:00:00+00:00,1606.928812651941
2025-09-16 08:00:00+00:00,1606.928812651941
2025-09-16 16:00:00+00:00,1606.928812651941
2025-09-17 00:00:00+00:00,1606.928812651941
2025-09-17 08:00:00+00:00,1606.928812651941
2025-09-17 16:00:00+00:00,1606.928812651941
2025-09-18 00:00:00+00:00,1606.928812651941
2025-09-18 08:00:00+00:00,1606.928812651941
2025-09-18 16:00:00+00:00,1606.928812651941
2025-09-19 00:00:00+00:00,1606.928812651941
2025-09-19 08:00:00+00:00,1606.928812651941
2025-09-19 16:00:00+00:00,1606.928812651941
2025-09-20 00:00:00+00:00,1606.928812651941
2025-09-20 08:00:00+00:00,1606.928812651941
2025-09-20 16:00:00+00:00,1606.928812651941
2025-09-21 00:00:00+00:00,1606.928812651941
2025-09-21 08:00:00+00:00,1606.928812651941
2025-09-21 16:00:00+00:00,1606.928812651941
2025-09-22 00:00:00+00:00,1606.928812651941
2025-09-22 08:00:00+00:00,1606.928812651941
2025-09-22 16:00:00+00:00,1606.928812651941
2025-09-23 00:00:00+00:00,1606.928812651941
2025-09-23 08:00:00+00:00,1606.928812651941
2025-09-23 16:00:00+00:00,1606.928812651941
2025-09-24 00:00:00+00:00,1606.928812651941
2025-09-24 08:00:00+00:00,1606.928812651941
2025-09-24 16:00:00+00:00,1606.928812651941
2025-09-25 00:00:00+00:00,1606.928812651941
2025-09-25 08:00:00+00:00,1606.928812651941
2025-09-25 16:00:00+00:00,1606.928812651941
2025-09-26 00:00:00+00:00,1606.928812651941
2025-09-26 08:00:00+00:00,1606.928812651941
2025-09-26 16:00:00+00:00,1606.928812651941
2025-09-27 00:00:00+00:00,1606.928812651941
2025-09-27 08:00:00+00:00,1606.928812651941
2025-09-27 16:00:00+00:00,1606.928812651941
2025-09-28 00:00:00+00:00,1606.928812651941
2025-09-28 08:00:00+00:00,1606.928812651941
2025-09-28 16:00:00+00:00,1606.928812651941
2025-09-29 00:00:00+00:00,1606.928812651941
2025-09-29 08:00:00+00:00,1606.928812651941
2025-09-29 16:00:00+00:00,1606.928812651941
2025-09-30 00:00:00+00:00,1606.928812651941
2025-09-30 08:00:00+00:00,1606.928812651941
2025-09-30 16:00:00+00:00,1606.928812651941
2025-10-01 00:00:00+00:00,1606.928812651941
2025-10-01 08:00:00+00:00,1606.928812651941
2025-10-01 16:00:00+00:00,1606.928812651941
2025-10-02 00:00:00+00:00,1606.928812651941
2025-10-02 08:00:00+00:00,1606.928812651941
2025-10-02 16:00:00+00:00,1606.928812651941
2025-10-03 00:00:00+00:00,1606.928812651941
2025-10-03 08:00:00+00:00,1606.928812651941
2025-10-03 16:00:00+00:00,1606.928812651941
2025-10-04 00:00:00+00:00,1610.3682820477202
2025-10-04 08:00:00+00:00,1599.5371966544385
2025-10-04 16:00:00+00:00,1602.5059837211804
2025-10-05 00:00:00+00:00,1618.0828098144536
2025-10-05 08:00:00+00:00,1610.8295204032572
2025-10-05 16:00:00+00:00,1611.646391140391
2025-10-06 00:00:00+00:00,1608.9915362177355
2025-10-06 08:00:00+00:00,1613.9683441225789
2025-10-06 16:00:00+00:00,1610.42326421607
2025-10-07 00:00:00+00:00,1609.489874570632
2025-10-07 08:00:00+00:00,1595.8070862034467
2025-10-07 16:00:00+00:00,1593.300738495114
2025-10-08 00:00:00+00:00,1594.0284318975885
2025-10-08 08:00:00+00:00,1593.044262448889
2025-10-08 16:00:00+00:00,1598.1488088391088
2025-10-09 00:00:00+00:00,1587.391025432933
2025-10-09 08:00:00+00:00,1579.1712407140042
2025-10-09 16:00:00+00:00,1580.54587928852
2025-10-10 00:00:00+00:00,1578.6817262885975
2025-10-10 08:00:00+00:00,1573.6182374712553
2025-10-10 16:00:00+00:00,1569.854649451638
2025-10-11 00:00:00+00:00,1569.854649451638
2025-10-11 08:00:00+00:00,1569.854649451638
2025-10-11 16:00:00+00:00,1569.854649451638
2025-10-12 00:00:00+00:00,1569.854649451638
2025-10-12 08:00:00+00:00,1569.854649451638
2025-10-12 16:00:00+00:00,1569.854649451638
2025-10-13 00:00:00+00:00,1569.854649451638
2025-10-13 08:00:00+00:00,1569.854649451638
2025-10-13 16:00:00+00:00,1569.854649451638
2025-10-14 00:00:00+00:00,1569.854649451638
2025-10-14 08:00:00+00:00,1569.854649451638
2025-10-14 16:00:00+00:00,1569.854649451638
2025-10-15 00:00:00+00:00,1569.854649451638
2025-10-15 08:00:00+00:00,1569.854649451638
2025-10-15 16:00:00+00:00,1569.854649451638
2025-10-16 00:00:00+00:00,1569.854649451638
2025-10-16 08:00:00+00:00,1569.854649451638
2025-10-16 16:00:00+00:00,1569.854649451638
2025-10-17 00:00:00+00:00,1569.854649451638
2025-10-17 08:00:00+00:00,1569.854649451638
2025-10-17 16:00:00+00:00,1569.854649451638
2025-10-18 00:00:00+00:00,1569.854649451638
2025-10-18 08:00:00+00:00,1569.854649451638
2025-10-18 16:00:00+00:00,1569.854649451638
2025-10-19 00:00:00+00:00,1569.854649451638
2025-10-19 08:00:00+00:00,1569.854649451638
2025-10-19 16:00:00+00:00,1569.854649451638
2025-10-20 00:00:00+00:00,1569.854649451638
2025-10-20 08:00:00+00:00,1569.854649451638
2025-10-20 16:00:00+00:00,1569.854649451638
2025-10-21 00:00:00+00:00,1569.854649451638
2025-10-21 08:00:00+00:00,1569.854649451638
2025-10-21 16:00:00+00:00,1569.854649451638
2025-10-22 00:00:00+00:00,1569.854649451638
2025-10-22 08:00:00+00:00,1569.854649451638
2025-10-22 16:00:00+00:00,1569.854649451638
2025-10-23 00:00:00+00:00,1569.854649451638
2025-10-23 08:00:00+00:00,1569.854649451638
2025-10-23 16:00:00+00:00,1569.854649451638
2025-10-24 00:00:00+00:00,1569.854649451638
2025-10-24 08:00:00+00:00,1569.854649451638
2025-10-24 16:00:00+00:00,1569.854649451638
2025-10-25 00:00:00+00:00,1569.854649451638
2025-10-25 08:00:00+00:00,1569.854649451638
2025-10-25 16:00:00+00:00,1569.854649451638
2025-10-26 00:00:00+00:00,1569.854649451638
2025-10-26 08:00:00+00:00,1569.854649451638
2025-10-26 16:00:00+00:00,1569.854649451638
2025-10-27 00:00:00+00:00,1569.854649451638
2025-10-27 08:00:00+00:00,1569.854649451638
2025-10-27 16:00:00+00:00,1569.854649451638
2025-10-28 00:00:00+00:00,1569.854649451638
2025-10-28 08:00:00+00:00,1569.854649451638
2025-10-28 16:00:00+00:00,1569.854649451638
2025-10-29 00:00:00+00:00,1569.854649451638
2025-10-29 08:00:00+00:00,1569.854649451638
2025-10-29 16:00:00+00:00,1569.854649451638
2025-10-30 00:00:00+00:00,1569.854649451638
2025-10-30 08:00:00+00:00,1569.854649451638
2025-10-30 16:00:00+00:00,1569.854649451638
2025-10-31 00:00:00+00:00,1569.6715718646622
2025-10-31 08:00:00+00:00,1569.5569950272788
2025-10-31 16:00:00+00:00,1569.950554776056
2025-11-01 00:00:00+00:00,1568.386255022273
2025-11-01 08:00:00+00:00,1567.7435966010783
2025-11-01 16:00:00+00:00,1567.3151544862342
2025-11-02 00:00:00+00:00,1566.1344562356173
2025-11-02 08:00:00+00:00,1569.5520064023306
2025-11-02 16:00:00+00:00,1566.8817332485849
2025-11-03 00:00:00+00:00,1573.5325110167787
2025-11-03 08:00:00+00:00,1579.0773248871526
2025-11-03 16:00:00+00:00,1597.3427287423183
2025-11-04 00:00:00+00:00,1615.1312787385875
2025-11-04 08:00:00+00:00,1605.9237233952401
2025-11-04 16:00:00+00:00,1617.4841694876445
2025-11-05 00:00:00+00:00,1608.80773810275
2025-11-05 08:00:00+00:00,1602.2592700521977
2025-11-05 16:00:00+00:00,1602.3267424831795
2025-11-06 00:00:00+00:00,1611.1337036025245
2025-11-06 08:00:00+00:00,1622.2505819472872
2025-11-06 16:00:00+00:00,1616.9482098309747
2025-11-07 00:00:00+00:00,1603.7512473478182
2025-11-07 08:00:00+00:00,1603.7202244038112
2025-11-07 16:00:00+00:00,1581.380535865556
2025-11-08 00:00:00+00:00,1580.2705232901471
2025-11-08 08:00:00+00:00,1596.7594930662162
2025-11-08 16:00:00+00:00,1589.137607843039
2025-11-09 00:00:00+00:00,1592.2433226920512
2025-11-09 08:00:00+00:00,1582.3850428516698
2025-11-09 16:00:00+00:00,1578.5053055661967
2025-11-10 00:00:00+00:00,1570.84621127577
2025-11-10 08:00:00+00:00,1575.6127924495274
2025-11-10 16:00:00+00:00,1570.1325546812163
2025-11-11 00:00:00+00:00,1583.8856172629273
2025-11-11 08:00:00+00:00,1586.8003522804613
2025-11-11 16:00:00+00:00,1602.0398612787951
2025-11-12 00:00:00+00:00,1601.024563532364
2025-11-12 08:00:00+00:00,1601.4906055847068
2025-11-12 16:00:00+00:00,1607.2044256250228
2025-11-13 00:00:00+00:00,1593.3575015989095
2025-11-13 08:00:00+00:00,1603.0068709857933
2025-11-13 16:00:00+00:00,1627.1818395111084
2025-11-14 00:00:00+00:00,1630.113486436101
2025-11-14 08:00:00+00:00,1636.4906753794048
2025-11-14 16:00:00+00:00,1648.7362748514945
2025-11-15 00:00:00+00:00,1637.1996605088968
2025-11-15 08:00:00+00:00,1637.4106672893702
2025-11-15 16:00:00+00:00,1639.8921528704498
2025-11-16 00:00:00+00:00,1635.643912388168
2025-11-16 08:00:00+00:00,1652.1099463217063
2025-11-16 16:00:00+00:00,1651.9304157927268
2025-11-17 00:00:00+00:00,1640.9922393367076
2025-11-17 08:00:00+00:00,1652.6156571754018
2025-11-17 16:00:00+00:00,1667.5134422040478
2025-11-18 00:00:00+00:00,1660.6863489454433
2025-11-18 08:00:00+00:00,1652.5665954748586
2025-11-18 16:00:00+00:00,1650.530986779799
2025-11-19 00:00:00+00:00,1655.862834666971
2025-11-19 08:00:00+00:00,1669.1852552453993
2025-11-19 16:00:00+00:00,1662.7237441546781
2025-11-20 00:00:00+00:00,1652.1751554586504
2025-11-20 08:00:00+00:00,1661.9042226033016
2025-11-20 16:00:00+00:00,1678.293470862138
2025-11-21 00:00:00+00:00,1698.455964855285
2025-11-21 08:00:00+00:00,1705.3005196405632
2025-11-21 16:00:00+00:00,1698.0951525055361
2025-11-22 00:00:00+00:00,1700.380113181003
2025-11-22 08:00:00+00:00,1704.6003654047067
2025-11-22 16:00:00+00:00,1700.487254357612
2025-11-23 00:00:00+00:00,1696.1520709958863
2025-11-23 08:00:00+00:00,1688.0185905503608
2025-11-23 16:00:00+00:00,1692.6602821879467
2025-11-24 00:00:00+00:00,1689.8715727704705
2025-11-24 08:00:00+00:00,1687.7519749053201
2025-11-24 16:00:00+00:00,1671.7215671855686
2025-11-25 00:00:00+00:00,1675.5691672189228
2025-11-25 08:00:00+00:00,1679.1455354723112
2025-11-25 16:00:00+00:00,1667.191163141792
2025-11-26 00:00:00+00:00,1668.3577932327453
2025-11-26 08:00:00+00:00,1675.5213396735533
2025-11-26 16:00:00+00:00,1660.9501811969542
2025-11-27 00:00:00+00:00,1658.0180894751686
2025-11-27 08:00:00+00:00,1657.0969636544246
2025-11-27 16:00:00+00:00,1660.8565169911976
2025-11-28 00:00:00+00:00,1667.7300067323135
2025-11-28 08:00:00+00:00,1659.1998390834558
2025-11-28 16:00:00+00:00,1666.8980684985763
2025-11-29 00:00:00+00:00,1669.7060257253906
2025-11-29 08:00:00+00:00,1671.4987375724438
2025-11-29 16:00:00+00:00,1673.6006047334042
2025-11-30 00:00:00+00:00,1671.8722707478964
2025-11-30 08:00:00+00:00,1669.7953562601397
2025-11-30 16:00:00+00:00,1675.225413219648
2025-12-01 00:00:00+00:00,1690.3948162122842
2025-12-01 08:00:00+00:00,1694.1089524024962
2025-12-01 16:00:00+00:00,1693.6548990166489
2025-12-02 00:00:00+00:00,1688.1549385274188
2025-12-02 08:00:00+00:00,1662.5793538268506
2025-12-02 16:00:00+00:00,1665.0052957179428
2025-12-03 00:00:00+00:00,1659.2562859275477
2025-12-03 08:00:00+00:00,1660.5928155083293
2025-12-03 16:00:00+00:00,1657.3809921297532
2025-12-04 00:00:00+00:00,1657.6161829523023
2025-12-04 08:00:00+00:00,1658.782002280629
2025-12-04 16:00:00+00:00,1662.622001924448
2025-12-05 00:00:00+00:00,1663.9847664992194
2025-12-05 08:00:00+00:00,1671.0341768112462
2025-12-05 16:00:00+00:00,1674.9338459866722
2025-12-06 00:00:00+00:00,1675.4665017722507
2025-12-06 08:00:00+00:00,1673.161282321548
2025-12-06 16:00:00+00:00,1673.1947248321082
2025-12-07 00:00:00+00:00,1674.1310712766053
2025-12-07 08:00:00+00:00,1674.796382073402
2025-12-07 16:00:00+00:00,1675.1080677482332
2025-12-08 00:00:00+00:00,1669.1777244288742
2025-12-08 08:00:00+00:00,1670.3125078341018
2025-12-08 16:00:00+00:00,1670.208674629824
2025-12-09 00:00:00+00:00,1670.8584734447784
2025-12-09 08:00:00+00:00,1664.2484024454457
2025-12-09 16:00:00+00:00,1663.574967408866
2025-12-10 00:00:00+00:00,1667.1378269600223
2025-12-10 08:00:00+00:00,1669.3737548021436
2025-12-10 16:00:00+00:00,1669.806087042513
2025-12-11 00:00:00+00:00,1676.479341218993
2025-12-11 08:00:00+00:00,1678.0774888012172
2025-12-11 16:00:00+00:00,1676.062524946937
2025-12-12 00:00:00+00:00,1674.9384627038207
2025-12-12 08:00:00+00:00,1682.6759112839998
2025-12-12 16:00:00+00:00,1680.9881490728644
2025-12-13 00:00:00+00:00,1679.332728437116
2025-12-13 08:00:00+00:00,1678.1574853396253
2025-12-13 16:00:00+00:00,1677.4121801408562
2025-12-14 00:00:00+00:00,1679.6887619965796
2025-12-14 08:00:00+00:00,1682.2949480964373
2025-12-14 16:00:00+00:00,1683.9706917525148
2025-12-15 00:00:00+00:00,1681.4445021910644
2025-12-15 08:00:00+00:00,1688.9382632985196
2025-12-15 16:00:00+00:00,1687.8226937191066
2025-12-16 00:00:00+00:00,1698.309337318073
2025-12-16 08:00:00+00:00,1683.826196735961
2025-12-16 16:00:00+00:00,1685.4041853908275
2025-12-17 00:00:00+00:00,1689.6301742115406
2025-12-17 08:00:00+00:00,1693.116450537249
2025-12-17 16:00:00+00:00,1708.131287896756
2025-12-18 00:00:00+00:00,1713.0463470682917
2025-12-18 08:00:00+00:00,1691.5837452496457
2025-12-18 16:00:00+00:00,1724.962168012645
2025-12-19 00:00:00+00:00,1704.466416040196
2025-12-19 08:00:00+00:00,1696.7945493750349
2025-12-19 16:00:00+00:00,1687.449266111432
2025-12-20 00:00:00+00:00,1686.6758314253907
2025-12-20 08:00:00+00:00,1688.852943876556
2025-12-20 16:00:00+00:00,1687.9350840087209
2025-12-21 00:00:00+00:00,1689.7140630481001
2025-12-21 08:00:00+00:00,1698.2123882176388
2025-12-21 16:00:00+00:00,1692.1270537675969
2025-12-22 00:00:00+00:00,1686.9450143963306
2025-12-22 08:00:00+00:00,1680.7913474933123
2025-12-22 16:00:00+00:00,1688.4782736955267
2025-12-23 00:00:00+00:00,1696.5927206658835
2025-12-23 08:00:00+00:00,1699.6781938068264
2025-12-23 16:00:00+00:00,1697.4730415511938
2025-12-24 00:00:00+00:00,1706.2711409284395
2025-12-24 08:00:00+00:00,1702.3314925902143
2025-12-24 16:00:00+00:00,1700.4145081277359
2025-12-25 00:00:00+00:00,1695.3197209098203
2025-12-25 08:00:00+00:00,1694.6470785809604
2025-12-25 16:00:00+00:00,1710.4969764299913
2025-12-26 00:00:00+00:00,1695.1050977179848
2025-12-26 08:00:00+00:00,1702.7516099334305
2025-12-26 16:00:00+00:00,1700.8393128326104
2025-12-27 00:00:00+00:00,1698.9491901768527
2025-12-27 08:00:00+00:00,1695.7890812656026
2025-12-27 16:00:00+00:00,1689.108572681192
2025-12-28 00:00:00+00:00,1687.9546131985062
2025-12-28 08:00:00+00:00,1689.468516034073
2025-12-28 16:00:00+00:00,1691.3596149414197
2025-12-29 00:00:00+00:00,1681.7669831786534
2025-12-29 08:00:00+00:00,1693.7282005239058
2025-12-29 16:00:00+00:00,1699.1125466120445
2025-12-30 00:00:00+00:00,1696.6450036449644
2025-12-30 08:00:00+00:00,1692.0621223142514
2025-12-30 16:00:00+00:00,1694.9692271505673
2025-12-31 00:00:00+00:00,1695.3882118327788
2025-12-31 08:00:00+00:00,1699.9236612970124
2025-12-31 16:00:00+00:00,1706.1166964802972
2026-01-01 00:00:00+00:00,1705.4872547118712
2026-01-01 08:00:00+00:00,1692.2278519407141
2026-01-01 16:00:00+00:00,1676.6821066947828
2026-01-02 00:00:00+00:00,1676.8012267574127
2026-01-02 08:00:00+00:00,1673.5031533868546
2026-01-02 16:00:00+00:00,1658.0129525292257
2026-01-03 00:00:00+00:00,1660.15172208873
2026-01-03 08:00:00+00:00,1658.6511644527327
2026-01-03 16:00:00+00:00,1656.1421824005927
2026-01-04 00:00:00+00:00,1651.056072193695
2026-01-04 08:00:00+00:00,1649.82337183072
2026-01-04 16:00:00+00:00,1650.2342739926808
2026-01-05 00:00:00+00:00,1650.2342739926808
2026-01-05 08:00:00+00:00,1650.2342739926808
2026-01-05 16:00:00+00:00,1650.2342739926808
2026-01-06 00:00:00+00:00,1650.2342739926808
2026-01-06 08:00:00+00:00,1650.2342739926808
2026-01-06 16:00:00+00:00,1650.2342739926808
2026-01-07 00:00:00+00:00,1650.2342739926808
2026-01-07 08:00:00+00:00,1650.2342739926808
2026-01-07 16:00:00+00:00,1650.2342739926808
2026-01-08 00:00:00+00:00,1650.2342739926808
2026-01-08 08:00:00+00:00,1650.2342739926808
2026-01-08 16:00:00+00:00,1650.2342739926808
2026-01-09 00:00:00+00:00,1650.2342739926808
2026-01-09 08:00:00+00:00,1650.2342739926808
2026-01-09 16:00:00+00:00,1650.2342739926808
2026-01-10 00:00:00+00:00,1650.2342739926808
2026-01-10 08:00:00+00:00,1650.2342739926808
2026-01-10 16:00:00+00:00,1650.2342739926808
2026-01-11 00:00:00+00:00,1650.2342739926808
2026-01-11 08:00:00+00:00,1650.2342739926808
2026-01-11 16:00:00+00:00,1650.2342739926808
2026-01-12 00:00:00+00:00,1650.2342739926808
2026-01-12 08:00:00+00:00,1650.2342739926808
2026-01-12 16:00:00+00:00,1650.2342739926808
2026-01-13 00:00:00+00:00,1650.2342739926808
2026-01-13 08:00:00+00:00,1650.2342739926808
2026-01-13 16:00:00+00:00,1650.2342739926808
2026-01-14 00:00:00+00:00,1650.2342739926808
2026-01-14 08:00:00+00:00,1650.2342739926808
2026-01-14 16:00:00+00:00,1650.2342739926808
2026-01-15 00:00:00+00:00,1650.2342739926808
2026-01-15 08:00:00+00:00,1650.2342739926808
2026-01-15 16:00:00+00:00,1650.2342739926808
2026-01-16 00:00:00+00:00,1650.2342739926808
2026-01-16 08:00:00+00:00,1650.2342739926808
2026-01-16 16:00:00+00:00,1650.2342739926808
2026-01-17 00:00:00+00:00,1650.2342739926808
2026-01-17 08:00:00+00:00,1650.2342739926808
2026-01-17 16:00:00+00:00,1650.2342739926808
2026-01-18 00:00:00+00:00,1650.2342739926808
2026-01-18 08:00:00+00:00,1650.2342739926808
2026-01-18 16:00:00+00:00,1650.2342739926808
2026-01-19 00:00:00+00:00,1650.2342739926808
2026-01-19 08:00:00+00:00,1650.2342739926808
2026-01-19 16:00:00+00:00,1650.2342739926808
2026-01-20 00:00:00+00:00,1650.2342739926808
2026-01-20 08:00:00+00:00,1650.2342739926808
2026-01-20 16:00:00+00:00,1650.2342739926808
2026-01-21 00:00:00+00:00,1650.2342739926808
2026-01-21 08:00:00+00:00,1650.2342739926808
2026-01-21 16:00:00+00:00,1650.2342739926808
2026-01-22 00:00:00+00:00,1650.2342739926808
2026-01-22 08:00:00+00:00,1650.2342739926808
2026-01-22 16:00:00+00:00,1650.2342739926808
2026-01-23 00:00:00+00:00,1650.2342739926808
2026-01-23 08:00:00+00:00,1650.2342739926808
2026-01-23 16:00:00+00:00,1650.2342739926808
2026-01-24 00:00:00+00:00,1650.2342739926808
2026-01-24 08:00:00+00:00,1650.2342739926808
2026-01-24 16:00:00+00:00,1650.2342739926808
2026-01-25 00:00:00+00:00,1650.2342739926808
2026-01-25 08:00:00+00:00,1650.2342739926808
2026-01-25 16:00:00+00:00,1650.2342739926808
2026-01-26 00:00:00+00:00,1650.2342739926808
2026-01-26 08:00:00+00:00,1650.2342739926808
2026-01-26 16:00:00+00:00,1650.2342739926808
2026-01-27 00:00:00+00:00,1650.2342739926808
2026-01-27 08:00:00+00:00,1650.2342739926808
2026-01-27 16:00:00+00:00,1650.2342739926808
2026-01-28 00:00:00+00:00,1650.2342739926808
2026-01-28 08:00:00+00:00,1650.2342739926808
2026-01-28 16:00:00+00:00,1650.2342739926808
2026-01-29 00:00:00+00:00,1650.2342739926808
2026-01-29 08:00:00+00:00,1650.2342739926808
2026-01-29 16:00:00+00:00,1650.2342739926808
2026-01-30 00:00:00+00:00,1650.2342739926808
2026-01-30 08:00:00+00:00,1650.2342739926808
2026-01-30 16:00:00+00:00,1650.2342739926808
2026-01-31 00:00:00+00:00,1650.2342739926808
2026-01-31 08:00:00+00:00,1650.2342739926808
2026-01-31 16:00:00+00:00,1650.2342739926808
2026-02-01 00:00:00+00:00,1650.2342739926808
2026-02-01 08:00:00+00:00,1650.2342739926808
2026-02-01 16:00:00+00:00,1650.2342739926808
2026-02-02 00:00:00+00:00,1650.2342739926808
2026-02-02 08:00:00+00:00,1650.2342739926808
2026-02-02 16:00:00+00:00,1650.2342739926808
2026-02-03 00:00:00+00:00,1650.2342739926808
2026-02-03 08:00:00+00:00,1650.2342739926808
2026-02-03 16:00:00+00:00,1650.2342739926808
2026-02-04 00:00:00+00:00,1650.2342739926808
2026-02-04 08:00:00+00:00,1650.2342739926808
2026-02-04 16:00:00+00:00,1650.2342739926808
2026-02-05 00:00:00+00:00,1650.2342739926808
2026-02-05 08:00:00+00:00,1650.2342739926808
2026-02-05 16:00:00+00:00,1650.2342739926808
2026-02-06 00:00:00+00:00,1650.2342739926808
2026-02-06 08:00:00+00:00,1650.2342739926808
2026-02-06 16:00:00+00:00,1650.2342739926808
2026-02-07 00:00:00+00:00,1650.2342739926808
2026-02-07 08:00:00+00:00,1650.2342739926808
2026-02-07 16:00:00+00:00,1650.2342739926808
2026-02-08 00:00:00+00:00,1650.2342739926808
2026-02-08 08:00:00+00:00,1650.2342739926808
2026-02-08 16:00:00+00:00,1650.2342739926808
2026-02-09 00:00:00+00:00,1650.2342739926808
2026-02-09 08:00:00+00:00,1650.2342739926808
2026-02-09 16:00:00+00:00,1650.2342739926808
2026-02-10 00:00:00+00:00,1650.2342739926808
2026-02-10 08:00:00+00:00,1650.2342739926808
2026-02-10 16:00:00+00:00,1650.2342739926808
2026-02-11 00:00:00+00:00,1650.2342739926808
2026-02-11 08:00:00+00:00,1650.2342739926808
2026-02-11 16:00:00+00:00,1650.2342739926808
2026-02-12 00:00:00+00:00,1650.2342739926808
2026-02-12 08:00:00+00:00,1650.2342739926808
2026-02-12 16:00:00+00:00,1650.2342739926808
2026-02-13 00:00:00+00:00,1650.2342739926808
2026-02-13 08:00:00+00:00,1650.2342739926808
2026-02-13 16:00:00+00:00,1650.2342739926808
2026-02-14 00:00:00+00:00,1650.2342739926808
2026-02-14 08:00:00+00:00,1650.2342739926808
2026-02-14 16:00:00+00:00,1650.2342739926808
2026-02-15 00:00:00+00:00,1650.2342739926808
2026-02-15 08:00:00+00:00,1650.2342739926808
2026-02-15 16:00:00+00:00,1650.2342739926808
2026-02-16 00:00:00+00:00,1650.2342739926808
2026-02-16 08:00:00+00:00,1650.2342739926808
2026-02-16 16:00:00+00:00,1650.2342739926808
2026-02-17 00:00:00+00:00,1650.2342739926808
2026-02-17 08:00:00+00:00,1650.2342739926808
2026-02-17 16:00:00+00:00,1650.2342739926808
2026-02-18 00:00:00+00:00,1650.2342739926808
2026-02-18 08:00:00+00:00,1650.2342739926808
2026-02-18 16:00:00+00:00,1650.2342739926808
2026-02-19 00:00:00+00:00,1650.2342739926808
2026-02-19 08:00:00+00:00,1650.2342739926808
2026-02-19 16:00:00+00:00,1650.2342739926808
2026-02-20 00:00:00+00:00,1650.2342739926808
2026-02-20 08:00:00+00:00,1650.2342739926808
2026-02-20 16:00:00+00:00,1650.2342739926808
2026-02-21 00:00:00+00:00,1650.2342739926808
2026-02-21 08:00:00+00:00,1650.2342739926808
2026-02-21 16:00:00+00:00,1650.2342739926808
2026-02-22 00:00:00+00:00,1650.2342739926808
2026-02-22 08:00:00+00:00,1650.2342739926808
2026-02-22 16:00:00+00:00,1650.2342739926808
2026-02-23 00:00:00+00:00,1650.2342739926808
2026-02-23 08:00:00+00:00,1650.2342739926808
2026-02-23 16:00:00+00:00,1650.2342739926808
2026-02-24 00:00:00+00:00,1650.2342739926808
2026-02-24 08:00:00+00:00,1650.2342739926808
2026-02-24 16:00:00+00:00,1650.2342739926808
2026-02-25 00:00:00+00:00,1650.2342739926808
2026-02-25 08:00:00+00:00,1650.2342739926808
2026-02-25 16:00:00+00:00,1650.2342739926808
2026-02-26 00:00:00+00:00,1650.2342739926808
2026-02-26 08:00:00+00:00,1650.2342739926808
2026-02-26 16:00:00+00:00,1650.2342739926808
2026-02-27 00:00:00+00:00,1650.2342739926808
2026-02-27 08:00:00+00:00,1650.2342739926808
2026-02-27 16:00:00+00:00,1650.2342739926808
2026-02-28 00:00:00+00:00,1650.2342739926808
2026-02-28 08:00:00+00:00,1650.2342739926808
2026-02-28 16:00:00+00:00,1650.2342739926808
2026-03-01 00:00:00+00:00,1650.2342739926808
2026-03-01 08:00:00+00:00,1650.2342739926808
2026-03-01 16:00:00+00:00,1650.2342739926808
2026-03-02 00:00:00+00:00,1650.2342739926808
2026-03-02 08:00:00+00:00,1650.2342739926808
2026-03-02 16:00:00+00:00,1650.2342739926808
2026-03-03 00:00:00+00:00,1650.2342739926808
2026-03-03 08:00:00+00:00,1650.2342739926808
2026-03-03 16:00:00+00:00,1650.2342739926808
2026-03-04 00:00:00+00:00,1650.2342739926808
2026-03-04 08:00:00+00:00,1650.2342739926808
2026-03-04 16:00:00+00:00,1650.2342739926808
2026-03-05 00:00:00+00:00,1650.2342739926808
2026-03-05 08:00:00+00:00,1650.2342739926808
2026-03-05 16:00:00+00:00,1650.2342739926808
2026-03-06 00:00:00+00:00,1650.2342739926808
2026-03-06 08:00:00+00:00,1650.2342739926808
2026-03-06 16:00:00+00:00,1650.2342739926808
2026-03-07 00:00:00+00:00,1650.2342739926808
2026-03-07 08:00:00+00:00,1650.2342739926808
2026-03-07 16:00:00+00:00,1650.2342739926808
2026-03-08 00:00:00+00:00,1650.2342739926808
2026-03-08 08:00:00+00:00,1650.2342739926808
2026-03-08 16:00:00+00:00,1650.2342739926808
2026-03-09 00:00:00+00:00,1650.2342739926808
2026-03-09 08:00:00+00:00,1650.2342739926808
2026-03-09 16:00:00+00:00,1650.2342739926808
2026-03-10 00:00:00+00:00,1650.2342739926808
2026-03-10 08:00:00+00:00,1650.2342739926808
2026-03-10 16:00:00+00:00,1650.2342739926808
2026-03-11 00:00:00+00:00,1650.2342739926808
2026-03-11 08:00:00+00:00,1650.2342739926808
2026-03-11 16:00:00+00:00,1650.2342739926808
2026-03-12 00:00:00+00:00,1650.2342739926808
2026-03-12 08:00:00+00:00,1650.2342739926808
2026-03-12 16:00:00+00:00,1650.2342739926808
2026-03-13 00:00:00+00:00,1650.2342739926808
2026-03-13 08:00:00+00:00,1650.2342739926808
2026-03-13 16:00:00+00:00,1650.2342739926808
2026-03-14 00:00:00+00:00,1650.2342739926808
2026-03-14 08:00:00+00:00,1650.2342739926808
2026-03-14 16:00:00+00:00,1650.2342739926808
2026-03-15 00:00:00+00:00,1650.2342739926808
2026-03-15 08:00:00+00:00,1650.2342739926808
2026-03-15 16:00:00+00:00,1650.2342739926808
2026-03-16 00:00:00+00:00,1650.2342739926808
2026-03-16 08:00:00+00:00,1650.2342739926808
2026-03-16 16:00:00+00:00,1650.2342739926808
2026-03-17 00:00:00+00:00,1650.2342739926808
2026-03-17 08:00:00+00:00,1650.2342739926808
2026-03-17 16:00:00+00:00,1650.2342739926808
2026-03-18 00:00:00+00:00,1650.2342739926808
2026-03-18 08:00:00+00:00,1650.2342739926808
2026-03-18 16:00:00+00:00,1650.2342739926808
2026-03-19 00:00:00+00:00,1650.2342739926808
2026-03-19 08:00:00+00:00,1650.2342739926808
2026-03-19 16:00:00+00:00,1650.2342739926808
2026-03-20 00:00:00+00:00,1650.2342739926808
2026-03-20 08:00:00+00:00,1650.2342739926808
2026-03-20 16:00:00+00:00,1650.2342739926808
2026-03-21 00:00:00+00:00,1650.2342739926808
2026-03-21 08:00:00+00:00,1650.2342739926808
2026-03-21 16:00:00+00:00,1650.2342739926808
2026-03-22 00:00:00+00:00,1650.2342739926808
2026-03-22 08:00:00+00:00,1650.2342739926808
2026-03-22 16:00:00+00:00,1650.2342739926808
2026-03-23 00:00:00+00:00,1650.2342739926808
2026-03-23 08:00:00+00:00,1650.2342739926808
2026-03-23 16:00:00+00:00,1650.2342739926808
2026-03-24 00:00:00+00:00,1650.2342739926808
2026-03-24 08:00:00+00:00,1650.2342739926808
2026-03-24 16:00:00+00:00,1650.2342739926808
2026-03-25 00:00:00+00:00,1650.2342739926808
2026-03-25 08:00:00+00:00,1650.2342739926808
2026-03-25 16:00:00+00:00,1650.2342739926808
2026-03-26 00:00:00+00:00,1650.2342739926808
2026-03-26 08:00:00+00:00,1650.2342739926808
2026-03-26 16:00:00+00:00,1650.2342739926808
2026-03-27 00:00:00+00:00,1650.2342739926808
2026-03-27 08:00:00+00:00,1650.2342739926808
2026-03-27 16:00:00+00:00,1650.2342739926808
2026-03-28 00:00:00+00:00,1650.2342739926808
2026-03-28 08:00:00+00:00,1650.2342739926808
2026-03-28 16:00:00+00:00,1650.2342739926808
2026-03-29 00:00:00+00:00,1650.2342739926808
2026-03-29 08:00:00+00:00,1652.0452254932
2026-03-29 16:00:00+00:00,1652.1306618929668
2026-03-30 00:00:00+00:00,1635.7134823204738
2026-03-30 08:00:00+00:00,1631.3173785590634
2026-03-30 16:00:00+00:00,1641.970652415362
2026-03-31 00:00:00+00:00,1634.2674119544572
2026-03-31 08:00:00+00:00,1642.3969112650577
2026-03-31 16:00:00+00:00,1632.1264132975298
2026-04-01 00:00:00+00:00,1612.162719631542
2026-04-01 08:00:00+00:00,1613.1238143641892
2026-04-01 16:00:00+00:00,1617.6943166742303
2026-04-02 00:00:00+00:00,1623.5014881654251
2026-04-02 08:00:00+00:00,1625.3017475571
2026-04-02 16:00:00+00:00,1625.1538797569906
2026-04-03 00:00:00+00:00,1617.241549191269
2026-04-03 08:00:00+00:00,1619.8684783313704
2026-04-03 16:00:00+00:00,1618.9651712744007
2026-04-04 00:00:00+00:00,1617.0729453625934
2026-04-04 08:00:00+00:00,1613.206595856408
2026-04-04 16:00:00+00:00,1612.583519928338
2026-04-05 00:00:00+00:00,1617.3553320223423
2026-04-05 08:00:00+00:00,1617.2804663098839
2026-04-05 16:00:00+00:00,1612.712823211213
2026-04-06 00:00:00+00:00,1609.6916341192068
2026-04-06 08:00:00+00:00,1606.8799079455218
2026-04-06 16:00:00+00:00,1614.2006322462596
2026-04-07 00:00:00+00:00,1614.300095694151
2026-04-07 08:00:00+00:00,1616.7272493197245
2026-04-07 16:00:00+00:00,1599.3125022639408
2026-04-08 00:00:00+00:00,1598.6658562909727
2026-04-08 08:00:00+00:00,1602.5692363346145
2026-04-08 16:00:00+00:00,1604.0388799024388
2026-04-09 00:00:00+00:00,1604.7207961997842
2026-04-09 08:00:00+00:00,1602.1342193157259
2026-04-09 16:00:00+00:00,1602.3105779454274
2026-04-10 00:00:00+00:00,1603.6273811050105
2026-04-10 08:00:00+00:00,1600.8056640532254
2026-04-10 16:00:00+00:00,1599.7357601720992
2026-04-11 00:00:00+00:00,1601.640420758812
2026-04-11 08:00:00+00:00,1601.0878336560602
2026-04-11 16:00:00+00:00,1600.3000993777682
2026-04-12 00:00:00+00:00,1604.4856490242444
2026-04-12 08:00:00+00:00,1605.332164840561
2026-04-12 16:00:00+00:00,1606.4726093704428
2026-04-13 00:00:00+00:00,1605.7083933136116
2026-04-13 08:00:00+00:00,1601.9225903616466
2026-04-13 16:00:00+00:00,1599.1008733098615
2026-04-14 00:00:00+00:00,1600.1942884046352
2026-04-14 08:00:00+00:00,1599.0068144396457
2026-04-14 16:00:00+00:00,1600.7351163966568
2026-04-15 00:00:00+00:00,1601.3229738237867
2026-04-15 08:00:00+00:00,1595.608999071461
2026-04-15 16:00:00+00:00,1596.5142964258032
2026-04-16 00:00:00+00:00,1592.9401224279172
2026-04-16 08:00:00+00:00,1587.4906595011705
2026-04-16 16:00:00+00:00,1587.4906595011705
2026-04-17 00:00:00+00:00,1587.4906595011705
2026-04-17 08:00:00+00:00,1587.4906595011705
2026-04-17 16:00:00+00:00,1587.4906595011705
2026-04-18 00:00:00+00:00,1587.4906595011705
2026-04-18 08:00:00+00:00,1587.4906595011705
2026-04-18 16:00:00+00:00,1587.4906595011705
2026-04-19 00:00:00+00:00,1587.4906595011705
2026-04-19 08:00:00+00:00,1587.4906595011705
2026-04-19 16:00:00+00:00,1587.4906595011705
2026-04-20 00:00:00+00:00,1587.4906595011705
2026-04-20 08:00:00+00:00,1587.4906595011705
2026-04-20 16:00:00+00:00,1587.4906595011705
2026-04-21 00:00:00+00:00,1587.4906595011705
2026-04-21 08:00:00+00:00,1587.4906595011705
2026-04-21 16:00:00+00:00,1587.4906595011705
2026-04-22 00:00:00+00:00,1587.4906595011705
2026-04-22 08:00:00+00:00,1587.4906595011705
2026-04-22 16:00:00+00:00,1587.4906595011705
2026-04-23 00:00:00+00:00,1584.014621922692
2026-04-23 08:00:00+00:00,1584.9002927161275
2026-04-23 16:00:00+00:00,1584.57124423314
2026-04-24 00:00:00+00:00,1582.9836394225424
2026-04-24 08:00:00+00:00,1584.0221986969711
2026-04-24 16:00:00+00:00,1582.344484392266
2026-04-25 00:00:00+00:00,1582.344484392266
2026-04-25 08:00:00+00:00,1582.344484392266
2026-04-25 16:00:00+00:00,1582.344484392266
2026-04-26 00:00:00+00:00,1582.344484392266
2026-04-26 08:00:00+00:00,1582.344484392266
2026-04-26 16:00:00+00:00,1582.344484392266
2026-04-27 00:00:00+00:00,1582.344484392266
2026-04-27 08:00:00+00:00,1582.344484392266
2026-04-27 16:00:00+00:00,1582.344484392266
2026-04-28 00:00:00+00:00,1582.344484392266
2026-04-28 08:00:00+00:00,1582.344484392266
2026-04-28 16:00:00+00:00,1582.344484392266
2026-04-29 00:00:00+00:00,1582.344484392266
2026-04-29 08:00:00+00:00,1582.344484392266
2026-04-29 16:00:00+00:00,1582.344484392266
2026-04-30 00:00:00+00:00,1582.344484392266
2026-04-30 08:00:00+00:00,1582.344484392266
2026-04-30 16:00:00+00:00,1582.344484392266
2026-05-01 00:00:00+00:00,1582.344484392266
2026-05-01 08:00:00+00:00,1582.344484392266
2026-05-01 16:00:00+00:00,1582.344484392266
2026-05-02 00:00:00+00:00,1582.344484392266
2026-05-02 08:00:00+00:00,1582.344484392266
2026-05-02 16:00:00+00:00,1582.344484392266
2026-05-03 00:00:00+00:00,1582.344484392266
2026-05-03 08:00:00+00:00,1582.344484392266
2026-05-03 16:00:00+00:00,1582.344484392266
2026-05-04 00:00:00+00:00,1582.344484392266
2026-05-04 08:00:00+00:00,1582.344484392266
2026-05-04 16:00:00+00:00,1582.344484392266
2026-05-05 00:00:00+00:00,1582.344484392266
2026-05-05 08:00:00+00:00,1582.344484392266
2026-05-05 16:00:00+00:00,1582.344484392266
2026-05-06 00:00:00+00:00,1582.344484392266
2026-05-06 08:00:00+00:00,1582.344484392266
2026-05-06 16:00:00+00:00,1582.344484392266
2026-05-07 00:00:00+00:00,1582.344484392266
2026-05-07 08:00:00+00:00,1582.344484392266
2026-05-07 16:00:00+00:00,1582.344484392266
2026-05-08 00:00:00+00:00,1582.344484392266
2026-05-08 08:00:00+00:00,1582.344484392266
2026-05-08 16:00:00+00:00,1582.344484392266
2026-05-09 00:00:00+00:00,1582.344484392266
2026-05-09 08:00:00+00:00,1582.344484392266
2026-05-09 16:00:00+00:00,1582.344484392266
2026-05-10 00:00:00+00:00,1582.344484392266
2026-05-10 08:00:00+00:00,1582.344484392266
2026-05-10 16:00:00+00:00,1582.344484392266
2026-05-11 00:00:00+00:00,1582.344484392266
2026-05-11 08:00:00+00:00,1582.344484392266
2026-05-11 16:00:00+00:00,1582.344484392266
2026-05-12 00:00:00+00:00,1582.344484392266
2026-05-12 08:00:00+00:00,1582.344484392266
2026-05-12 16:00:00+00:00,1582.344484392266
2026-05-13 00:00:00+00:00,1582.344484392266
2026-05-13 08:00:00+00:00,1582.344484392266
2026-05-13 16:00:00+00:00,1582.344484392266
2026-05-14 00:00:00+00:00,1582.344484392266
2026-05-14 08:00:00+00:00,1582.344484392266
2026-05-14 16:00:00+00:00,1582.344484392266
2026-05-15 00:00:00+00:00,1582.344484392266
2026-05-15 08:00:00+00:00,1582.344484392266
2026-05-15 16:00:00+00:00,1582.344484392266
2026-05-16 00:00:00+00:00,1582.344484392266
2026-05-16 08:00:00+00:00,1582.344484392266
2026-05-16 16:00:00+00:00,1582.344484392266
2026-05-17 00:00:00+00:00,1582.344484392266
2026-05-17 08:00:00+00:00,1582.344484392266
2026-05-17 16:00:00+00:00,1582.344484392266
2026-05-18 00:00:00+00:00,1582.344484392266
2026-05-18 08:00:00+00:00,1582.344484392266
2026-05-18 16:00:00+00:00,1582.344484392266
2026-05-19 00:00:00+00:00,1582.344484392266
2026-05-19 08:00:00+00:00,1582.344484392266
2026-05-19 16:00:00+00:00,1582.344484392266
2026-05-20 00:00:00+00:00,1582.344484392266
2026-05-20 08:00:00+00:00,1582.344484392266
2026-05-20 16:00:00+00:00,1582.344484392266
2026-05-21 00:00:00+00:00,1582.344484392266
2026-05-21 08:00:00+00:00,1582.344484392266
2026-05-21 16:00:00+00:00,1582.344484392266
2026-05-22 00:00:00+00:00,1582.344484392266
2026-05-22 08:00:00+00:00,1582.344484392266
2026-05-22 16:00:00+00:00,1582.344484392266
2026-05-23 00:00:00+00:00,1582.344484392266
2026-05-23 08:00:00+00:00,1582.344484392266
2026-05-23 16:00:00+00:00,1582.344484392266
2026-05-24 00:00:00+00:00,1582.344484392266
2026-05-24 08:00:00+00:00,1582.344484392266
2026-05-24 16:00:00+00:00,1582.344484392266
2026-05-25 00:00:00+00:00,1582.344484392266
2026-05-25 08:00:00+00:00,1582.344484392266
2026-05-25 16:00:00+00:00,1582.344484392266
2026-05-26 00:00:00+00:00,1582.344484392266
2026-05-26 08:00:00+00:00,1582.344484392266
2026-05-26 16:00:00+00:00,1582.344484392266
2026-05-27 00:00:00+00:00,1582.344484392266
2026-05-27 08:00:00+00:00,1582.344484392266
2026-05-27 16:00:00+00:00,1582.344484392266
2026-05-28 00:00:00+00:00,1582.344484392266
2026-05-28 08:00:00+00:00,1582.344484392266
2026-05-28 16:00:00+00:00,1582.344484392266
2026-05-29 00:00:00+00:00,1582.344484392266
2026-05-29 08:00:00+00:00,1582.344484392266
2026-05-29 16:00:00+00:00,1582.344484392266
2026-05-30 00:00:00+00:00,1582.344484392266
2026-05-30 08:00:00+00:00,1582.344484392266
2026-05-30 16:00:00+00:00,1582.344484392266
2026-05-31 00:00:00+00:00,1582.344484392266
2026-05-31 08:00:00+00:00,1582.344484392266
2026-05-31 16:00:00+00:00,1582.344484392266
2026-06-01 00:00:00+00:00,1582.344484392266
2026-06-01 08:00:00+00:00,1582.344484392266
2026-06-01 16:00:00+00:00,1582.344484392266
2026-06-02 00:00:00+00:00,1582.344484392266
2026-06-02 08:00:00+00:00,1582.344484392266
2026-06-02 16:00:00+00:00,1582.344484392266
2026-06-03 00:00:00+00:00,1582.344484392266
2026-06-03 08:00:00+00:00,1582.344484392266
2026-06-03 16:00:00+00:00,1582.344484392266
2026-06-04 00:00:00+00:00,1582.344484392266
2026-06-04 08:00:00+00:00,1582.344484392266
2026-06-04 16:00:00+00:00,1582.344484392266
2026-06-05 00:00:00+00:00,1582.344484392266
2026-06-05 08:00:00+00:00,1582.344484392266
2026-06-05 16:00:00+00:00,1582.344484392266
2026-06-06 00:00:00+00:00,1582.344484392266
2026-06-06 08:00:00+00:00,1582.344484392266
2026-06-06 16:00:00+00:00,1582.344484392266
2026-06-07 00:00:00+00:00,1582.344484392266
2026-06-07 08:00:00+00:00,1582.344484392266
2026-06-07 16:00:00+00:00,1582.344484392266
2026-06-08 00:00:00+00:00,1582.344484392266
2026-06-08 08:00:00+00:00,1582.344484392266
2026-06-08 16:00:00+00:00,1582.344484392266
2026-06-09 00:00:00+00:00,1582.344484392266
2026-06-09 08:00:00+00:00,1582.344484392266
2026-06-09 16:00:00+00:00,1582.344484392266
2026-06-10 00:00:00+00:00,1582.344484392266
2026-06-10 08:00:00+00:00,1582.344484392266
2026-06-10 16:00:00+00:00,1582.344484392266
2026-06-11 00:00:00+00:00,1582.344484392266
2026-06-11 08:00:00+00:00,1582.344484392266
2026-06-11 16:00:00+00:00,1582.344484392266
2026-06-12 00:00:00+00:00,1582.344484392266
2026-06-12 08:00:00+00:00,1582.344484392266
2026-06-12 16:00:00+00:00,1582.344484392266
2026-06-13 00:00:00+00:00,1582.344484392266
2026-06-13 08:00:00+00:00,1582.344484392266
2026-06-13 16:00:00+00:00,1582.344484392266
2026-06-14 00:00:00+00:00,1582.344484392266
2026-06-14 08:00:00+00:00,1582.344484392266
2026-06-14 16:00:00+00:00,1582.344484392266
2026-06-15 00:00:00+00:00,1582.344484392266
2026-06-15 08:00:00+00:00,1582.344484392266
2026-06-15 16:00:00+00:00,1582.344484392266
2026-06-16 00:00:00+00:00,1582.344484392266
2026-06-16 08:00:00+00:00,1582.344484392266
2026-06-16 16:00:00+00:00,1582.344484392266
2026-06-17 00:00:00+00:00,1582.344484392266
2026-06-17 08:00:00+00:00,1582.344484392266
2026-06-17 16:00:00+00:00,1582.344484392266
2026-06-18 00:00:00+00:00,1582.344484392266
2026-06-18 08:00:00+00:00,1582.344484392266
2026-06-18 16:00:00+00:00,1582.344484392266
2026-06-19 00:00:00+00:00,1582.344484392266
2026-06-19 08:00:00+00:00,1582.344484392266
2026-06-19 16:00:00+00:00,1582.344484392266
2026-06-20 00:00:00+00:00,1582.344484392266
2026-06-20 08:00:00+00:00,1582.344484392266
2026-06-20 16:00:00+00:00,1582.344484392266
2026-06-21 00:00:00+00:00,1582.344484392266
2026-06-21 08:00:00+00:00,1582.344484392266
2026-06-21 16:00:00+00:00,1582.344484392266
2026-06-22 00:00:00+00:00,1582.344484392266
2026-06-22 08:00:00+00:00,1582.344484392266
2026-06-22 16:00:00+00:00,1582.344484392266
2026-06-23 00:00:00+00:00,1582.344484392266
2026-06-23 08:00:00+00:00,1582.344484392266
2026-06-23 16:00:00+00:00,1582.344484392266
2026-06-24 00:00:00+00:00,1582.344484392266
2026-06-24 08:00:00+00:00,1582.344484392266
2026-06-24 16:00:00+00:00,1582.344484392266
2026-06-25 00:00:00+00:00,1582.344484392266
2026-06-25 08:00:00+00:00,1582.344484392266
2026-06-25 16:00:00+00:00,1582.344484392266
2026-06-26 00:00:00+00:00,1582.344484392266
2026-06-26 08:00:00+00:00,1582.344484392266
2026-06-26 16:00:00+00:00,1582.344484392266
2026-06-27 00:00:00+00:00,1582.344484392266
2026-06-27 08:00:00+00:00,1582.344484392266
2026-06-27 16:00:00+00:00,1582.344484392266
2026-06-28 00:00:00+00:00,1582.344484392266
2026-06-28 08:00:00+00:00,1582.344484392266
2026-06-28 16:00:00+00:00,1582.344484392266
2026-06-29 00:00:00+00:00,1582.344484392266
2026-06-29 08:00:00+00:00,1582.344484392266
2026-06-29 16:00:00+00:00,1582.344484392266
2026-06-30 00:00:00+00:00,1582.344484392266
2026-06-30 08:00:00+00:00,1582.344484392266
2026-06-30 16:00:00+00:00,1582.344484392266
2026-07-01 00:00:00+00:00,1580.7995544391529
2026-07-01 08:00:00+00:00,1577.274090594362
2026-07-01 16:00:00+00:00,1579.4233021948185
2026-07-02 00:00:00+00:00,1578.8011730839496
2026-07-02 08:00:00+00:00,1575.0683141403356
2026-07-02 16:00:00+00:00,1575.7470221511744
2026-07-03 00:00:00+00:00,1573.6166608197748
2026-07-03 08:00:00+00:00,1570.2651599252754
2026-07-03 16:00:00+00:00,1570.2651599252754
2026-07-04 00:00:00+00:00,1570.2651599252754
2026-07-04 08:00:00+00:00,1570.2651599252754
2026-07-04 16:00:00+00:00,1570.2651599252754
2026-07-05 00:00:00+00:00,1570.2651599252754
2026-07-05 08:00:00+00:00,1570.2651599252754
2026-07-05 16:00:00+00:00,1570.2651599252754
2026-07-06 00:00:00+00:00,1570.2651599252754
2026-07-06 08:00:00+00:00,1570.2651599252754
2026-07-06 16:00:00+00:00,1570.2651599252754
2026-07-07 00:00:00+00:00,1570.2651599252754
2026-07-07 08:00:00+00:00,1570.2651599252754
2026-07-07 16:00:00+00:00,1570.2651599252754
2026-07-08 00:00:00+00:00,1570.2651599252754
2026-07-08 08:00:00+00:00,1570.2651599252754
2026-07-08 16:00:00+00:00,1570.2651599252754
2026-07-09 00:00:00+00:00,1570.2651599252754
2026-07-09 08:00:00+00:00,1570.2651599252754
2026-07-09 16:00:00+00:00,1570.2651599252754
2026-07-10 00:00:00+00:00,1570.2651599252754
2026-07-10 08:00:00+00:00,1570.2651599252754
2026-07-10 16:00:00+00:00,1570.2651599252754
2026-07-11 00:00:00+00:00,1570.2651599252754
2026-07-11 08:00:00+00:00,1570.2651599252754
2026-07-11 16:00:00+00:00,1570.2651599252754
2026-07-12 00:00:00+00:00,1570.2651599252754
2026-07-12 08:00:00+00:00,1570.2651599252754
2026-07-12 16:00:00+00:00,1570.2651599252754
2026-07-13 00:00:00+00:00,1570.2651599252754
2026-07-13 08:00:00+00:00,1570.2651599252754
2026-07-13 16:00:00+00:00,1570.2651599252754
2026-07-14 00:00:00+00:00,1570.2651599252754
2026-07-14 08:00:00+00:00,1570.2651599252754
2026-07-14 16:00:00+00:00,1570.2651599252754
2026-07-15 00:00:00+00:00,1570.2651599252754
2026-07-15 08:00:00+00:00,1570.2651599252754
2026-07-15 16:00:00+00:00,1570.2651599252754
2026-07-16 00:00:00+00:00,1570.2651599252754
2026-07-16 08:00:00+00:00,1570.2651599252754
2026-07-16 16:00:00+00:00,1570.2651599252754
2026-07-17 00:00:00+00:00,1570.2651599252754
2026-07-17 08:00:00+00:00,1570.2651599252754
2026-07-17 16:00:00+00:00,1570.2651599252754
2026-07-18 00:00:00+00:00,1570.2651599252754
2026-07-18 08:00:00+00:00,1570.2651599252754
2026-07-18 16:00:00+00:00,1570.2651599252754
2026-07-19 00:00:00+00:00,1570.2651599252754
2026-07-19 08:00:00+00:00,1570.2651599252754
2026-07-19 16:00:00+00:00,1570.2651599252754
2026-07-20 00:00:00+00:00,1570.2651599252754
2026-07-20 08:00:00+00:00,1570.2651599252754
2026-07-20 16:00:00+00:00,1570.2651599252754
2026-07-21 00:00:00+00:00,1570.2651599252754
2026-07-21 08:00:00+00:00,1570.2651599252754
2026-07-21 16:00:00+00:00,1570.2651599252754
2026-07-22 00:00:00+00:00,1570.2651599252754
2026-07-22 08:00:00+00:00,1570.2651599252754
2026-07-22 16:00:00+00:00,1570.2651599252754
2026-07-23 00:00:00+00:00,1570.2651599252754
2026-07-23 08:00:00+00:00,1570.2651599252754
2026-07-23 16:00:00+00:00,1570.2651599252754
2026-07-24 00:00:00+00:00,1570.2651599252754
2026-07-24 08:00:00+00:00,1570.2651599252754
2026-07-24 16:00:00+00:00,1570.2651599252754
2026-07-25 00:00:00+00:00,1570.2651599252754
2026-07-25 08:00:00+00:00,1570.2651599252754
2026-07-25 16:00:00+00:00,1570.2651599252754
2026-07-26 00:00:00+00:00,1570.2651599252754
2026-07-26 08:00:00+00:00,1570.2651599252754
2026-07-26 16:00:00+00:00,1570.2651599252754
2026-07-27 00:00:00+00:00,1570.2651599252754
2026-07-27 08:00:00+00:00,1570.2651599252754
2026-07-27 16:00:00+00:00,1570.2651599252754
2026-07-28 00:00:00+00:00,1570.2651599252754
2026-07-28 08:00:00+00:00,1570.2651599252754
2026-07-28 16:00:00+00:00,1570.2651599252754
2026-07-29 00:00:00+00:00,1570.2651599252754
2026-07-29 08:00:00+00:00,1570.2651599252754
2026-07-29 16:00:00+00:00,1570.2651599252754
2026-07-30 00:00:00+00:00,1570.2651599252754
2026-07-30 08:00:00+00:00,1570.2651599252754
2026-07-30 16:00:00+00:00,1570.2651599252754
2026-07-31 00:00:00+00:00,1570.2651599252754
2026-07-31 08:00:00+00:00,1570.2651599252754
2026-07-31 16:00:00+00:00,1570.2651599252754
2026-08-01 00:00:00+00:00,1570.2651599252754
2026-08-01 08:00:00+00:00,1570.2651599252754
2026-08-01 16:00:00+00:00,1570.2651599252754
2026-08-02 00:00:00+00:00,1570.2651599252754
2026-08-02 08:00:00+00:00,1570.2651599252754
2026-08-02 16:00:00+00:00,1570.2651599252754
2026-08-03 00:00:00+00:00,1570.2651599252754
2026-08-03 08:00:00+00:00,1570.2651599252754
2026-08-03 16:00:00+00:00,1570.2651599252754
2026-08-04 00:00:00+00:00,1570.2651599252754
2026-08-04 08:00:00+00:00,1570.2651599252754
2026-08-04 16:00:00+00:00,1570.2651599252754
2026-08-05 00:00:00+00:00,1570.2651599252754
2026-08-05 08:00:00+00:00,1570.2651599252754
2026-08-05 16:00:00+00:00,1570.2651599252754
2026-08-06 00:00:00+00:00,1570.2651599252754
2026-08-06 08:00:00+00:00,1570.2651599252754
2026-08-06 16:00:00+00:00,1570.2651599252754
2026-08-07 00:00:00+00:00,1570.2651599252754
2026-08-07 08:00:00+00:00,1570.2651599252754
2026-08-07 16:00:00+00:00,1570.2651599252754
2026-08-08 00:00:00+00:00,1570.2651599252754
2026-08-08 08:00:00+00:00,1570.2651599252754
2026-08-08 16:00:00+00:00,1570.2651599252754
2026-08-09 00:00:00+00:00,1570.2651599252754
2026-08-09 08:00:00+00:00,1570.2651599252754
2026-08-09 16:00:00+00:00,1570.2651599252754
2026-08-10 00:00:00+00:00,1570.2651599252754
2026-08-10 08:00:00+00:00,1570.2651599252754
2026-08-10 16:00:00+00:00,1570.2651599252754
2026-08-11 00:00:00+00:00,1570.2651599252754
2026-08-11 08:00:00+00:00,1570.2651599252754
2026-08-11 16:00:00+00:00,1570.2651599252754
2026-08-12 00:00:00+00:00,1570.2651599252754
2026-08-12 08:00:00+00:00,1570.2651599252754
2026-08-12 16:00:00+00:00,1570.2651599252754
