ts,equity
2023-02-25 00:00:00+00:00,1000.0
2023-02-25 08:00:00+00:00,997.8676579713821
2023-02-25 16:00:00+00:00,997.693031131237
2023-02-26 00:00:00+00:00,997.693031131237
2023-02-26 08:00:00+00:00,997.693031131237
2023-02-26 16:00:00+00:00,997.693031131237
2023-02-27 00:00:00+00:00,997.693031131237
2023-02-27 08:00:00+00:00,997.693031131237
2023-02-27 16:00:00+00:00,997.693031131237
2023-02-28 00:00:00+00:00,997.693031131237
2023-02-28 08:00:00+00:00,997.693031131237
2023-02-28 16:00:00+00:00,997.693031131237
2023-03-01 00:00:00+00:00,997.693031131237
2023-03-01 08:00:00+00:00,997.693031131237
2023-03-01 16:00:00+00:00,997.693031131237
2023-03-02 00:00:00+00:00,997.693031131237
2023-03-02 08:00:00+00:00,997.693031131237
2023-03-02 16:00:00+00:00,997.693031131237
2023-03-03 00:00:00+00:00,997.693031131237
2023-03-03 08:00:00+00:00,997.693031131237
2023-03-03 16:00:00+00:00,997.693031131237
2023-03-04 00:00:00+00:00,997.693031131237
2023-03-04 08:00:00+00:00,997.693031131237
2023-03-04 16:00:00+00:00,997.693031131237
2023-03-05 00:00:00+00:00,997.693031131237
2023-03-05 08:00:00+00:00,997.693031131237
2023-03-05 16:00:00+00:00,997.693031131237
2023-03-06 00:00:00+00:00,997.693031131237
2023-03-06 08:00:00+00:00,997.693031131237
2023-03-06 16:00:00+00:00,997.693031131237
2023-03-07 00:00:00+00:00,997.693031131237
2023-03-07 08:00:00+00:00,997.693031131237
2023-03-07 16:00:00+00:00,997.693031131237
2023-03-08 00:00:00+00:00,997.693031131237
2023-03-08 08:00:00+00:00,997.693031131237
2023-03-08 16:00:00+00:00,997.693031131237
2023-03-09 00:00:00+00:00,997.693031131237
2023-03-09 08:00:00+00:00,997.693031131237
2023-03-09 16:00:00+00:00,997.693031131237
2023-03-10 00:00:00+00:00,997.693031131237
2023-03-10 08:00:00+00:00,997.693031131237
2023-03-10 16:00:00+00:00,997.693031131237
2023-03-11 00:00:00+00:00,997.693031131237
2023-03-11 08:00:00+00:00,997.693031131237
2023-03-11 16:00:00+00:00,997.693031131237
2023-03-12 00:00:00+00:00,997.693031131237
2023-03-12 08:00:00+00:00,997.693031131237
2023-03-12 16:00:00+00:00,997.693031131237
2023-03-13 00:00:00+00:00,997.693031131237
2023-03-13 08:00:00+00:00,997.693031131237
2023-03-13 16:00:00+00:00,997.693031131237
2023-03-14 00:00:00+00:00,997.693031131237
2023-03-14 08:00:00+00:00,997.693031131237
2023-03-14 16:00:00+00:00,997.693031131237
2023-03-15 00:00:00+00:00,1000.3852849551624
2023-03-15 08:00:00+00:00,985.7287792961755
2023-03-15 16:00:00+00:00,983.8355180314021
2023-03-16 00:00:00+00:00,987.095095684217
2023-03-16 08:00:00+00:00,990.6426674252187
2023-03-16 16:00:00+00:00,993.4983895289604
2023-03-17 00:00:00+00:00,1010.3827677851065
2023-03-17 08:00:00+00:00,1013.9690559885954
2023-03-17 16:00:00+00:00,1034.0769253980975
2023-03-18 00:00:00+00:00,1048.6944512305254
2023-03-18 08:00:00+00:00,1025.879446547321
2023-03-18 16:00:00+00:00,1011.6693114907076
2023-03-19 00:00:00+00:00,1019.261623556996
2023-03-19 08:00:00+00:00,1028.8011528915706
2023-03-19 16:00:00+00:00,1029.1559417341014
2023-03-20 00:00:00+00:00,1030.3943827475234
2023-03-20 08:00:00+00:00,1016.2365247109743
2023-03-20 16:00:00+00:00,990.919628161297
2023-03-21 00:00:00+00:00,986.1085032278297
2023-03-21 08:00:00+00:00,1029.3526510322242
2023-03-21 16:00:00+00:00,1048.1743487660797
2023-03-22 00:00:00+00:00,1036.878692741318
2023-03-22 08:00:00+00:00,1040.8800974686862
2023-03-22 16:00:00+00:00,992.3840345107651
2023-03-23 00:00:00+00:00,1012.9420507074129
2023-03-23 08:00:00+00:00,1045.0332316400927
2023-03-23 16:00:00+00:00,1037.0865370965466
2023-03-24 00:00:00+00:00,1027.122125376095
2023-03-24 08:00:00+00:00,1006.1097281664597
2023-03-24 16:00:00+00:00,994.0965458335381
2023-03-25 00:00:00+00:00,999.7263437064838
2023-03-25 08:00:00+00:00,1007.0791219127606
2023-03-25 16:00:00+00:00,997.1335610011714
2023-03-26 00:00:00+00:00,1008.0785375455295
2023-03-26 08:00:00+00:00,1009.5823084989663
2023-03-26 16:00:00+00:00,1014.6714459878299
2023-03-27 00:00:00+00:00,1008.4034035211431
2023-03-27 08:00:00+00:00,985.5537180315802
2023-03-27 16:00:00+00:00,996.3938208911213
2023-03-28 00:00:00+00:00,998.650748261044
2023-03-28 08:00:00+00:00,1006.1558599312099
2023-03-28 16:00:00+00:00,1014.6738608563617
2023-03-29 00:00:00+00:00,1035.7118790751288
2023-03-29 08:00:00+00:00,1029.8126816571255
2023-03-29 16:00:00+00:00,1028.7587285667921
2023-03-30 00:00:00+00:00,1026.544752025414
2023-03-30 08:00:00+00:00,1020.1282523970406
2023-03-30 16:00:00+00:00,1016.8538427676692
2023-03-31 00:00:00+00:00,1015.3300982901147
2023-03-31 08:00:00+00:00,1026.920143206075
2023-03-31 16:00:00+00:00,1030.4232260457968
2023-04-01 00:00:00+00:00,1018.3732741453995
2023-04-01 08:00:00+00:00,1017.0124778667983
2023-04-01 16:00:00+00:00,1029.5566051899957
2023-04-02 00:00:00+00:00,1034.1533192704283
2023-04-02 08:00:00+00:00,1014.2935663431491
2023-04-02 16:00:00+00:00,1010.8342866065296
2023-04-03 00:00:00+00:00,1005.3061441488283
2023-04-03 08:00:00+00:00,1003.1058615347567
2023-04-03 16:00:00+00:00,1045.640217076762
2023-04-04 00:00:00+00:00,1053.2592222750047
2023-04-04 08:00:00+00:00,1058.908187607606
2023-04-04 16:00:00+00:00,1062.6501175753615
2023-04-05 00:00:00+00:00,1088.3662942877609
2023-04-05 08:00:00+00:00,1065.0112043571528
2023-04-05 16:00:00+00:00,1065.191965677305
2023-04-06 00:00:00+00:00,1050.4236022873572
2023-04-06 08:00:00+00:00,1058.265595498102
2023-04-06 16:00:00+00:00,1042.7722101961638
2023-04-07 00:00:00+00:00,1031.7311422145087
2023-04-07 08:00:00+00:00,1031.7751952154465
2023-04-07 16:00:00+00:00,1032.7339384920467
2023-04-08 00:00:00+00:00,1037.3397614726507
2023-04-08 08:00:00+00:00,1035.1833083080883
2023-04-08 16:00:00+00:00,1024.0860706753865
2023-04-09 00:00:00+00:00,1021.6976092650262
2023-04-09 08:00:00+00:00,1026.5618156456107
2023-04-09 16:00:00+00:00,1035.2728902884046
2023-04-10 00:00:00+00:00,1034.3973791313936
2023-04-10 08:00:00+00:00,1035.400575469803
2023-04-10 16:00:00+00:00,1064.1059202724784
2023-04-11 00:00:00+00:00,1076.9634954185956
2023-04-11 08:00:00+00:00,1075.8339806320039
2023-04-11 16:00:00+00:00,1064.5286900890055
2023-04-12 00:00:00+00:00,1062.8323319521182
2023-04-12 08:00:00+00:00,1069.707458007914
2023-04-12 16:00:00+00:00,1079.7687642330006
2023-04-13 00:00:00+00:00,1080.8635481076844
2023-04-13 08:00:00+00:00,1105.915264509051
2023-04-13 16:00:00+00:00,1106.375877556495
2023-04-14 00:00:00+00:00,1133.445475056554
2023-04-14 08:00:00+00:00,1100.7612980124866
2023-04-14 16:00:00+00:00,1129.8896423760832
2023-04-15 00:00:00+00:00,1131.115450548339
2023-04-15 08:00:00+00:00,1138.2875627565604
2023-04-15 16:00:00+00:00,1132.8193257568414
2023-04-16 00:00:00+00:00,1137.867891965757
2023-04-16 08:00:00+00:00,1133.4613289769263
2023-04-16 16:00:00+00:00,1153.7130346718936
2023-04-17 00:00:00+00:00,1148.098896692138
2023-04-17 08:00:00+00:00,1132.813324207821
2023-04-17 16:00:00+00:00,1140.5715277265417
2023-04-18 00:00:00+00:00,1168.7861172019834
2023-04-18 08:00:00+00:00,1170.8614499270843
2023-04-18 16:00:00+00:00,1172.4006913368478
2023-04-19 00:00:00+00:00,1152.4702160488748
2023-04-19 08:00:00+00:00,1098.3560873643744
2023-04-19 16:00:00+00:00,1066.9099616949638
2023-04-20 00:00:00+00:00,1081.0811780633485
2023-04-20 08:00:00+00:00,1062.2408408623357
2023-04-20 16:00:00+00:00,1038.025217729091
2023-04-21 00:00:00+00:00,1035.4873391704618
2023-04-21 08:00:00+00:00,1035.306128886107
2023-04-21 16:00:00+00:00,1035.306128886107
2023-04-22 00:00:00+00:00,1035.306128886107
2023-04-22 08:00:00+00:00,1035.306128886107
2023-04-22 16:00:00+00:00,1035.306128886107
2023-04-23 00:00:00+00:00,1035.306128886107
2023-04-23 08:00:00+00:00,1035.306128886107
2023-04-23 16:00:00+00:00,1035.306128886107
2023-04-24 00:00:00+00:00,1035.306128886107
2023-04-24 08:00:00+00:00,1035.306128886107
2023-04-24 16:00:00+00:00,1035.306128886107
2023-04-25 00:00:00+00:00,1035.306128886107
2023-04-25 08:00:00+00:00,1035.306128886107
2023-04-25 16:00:00+00:00,1035.306128886107
2023-04-26 00:00:00+00:00,1035.306128886107
2023-04-26 08:00:00+00:00,1035.306128886107
2023-04-26 16:00:00+00:00,1035.306128886107
2023-04-27 00:00:00+00:00,1035.306128886107
2023-04-27 08:00:00+00:00,1035.306128886107
2023-04-27 16:00:00+00:00,1038.0622156820448
2023-04-28 00:00:00+00:00,1038.122956492757
2023-04-28 08:00:00+00:00,1035.1559805791937
2023-04-28 16:00:00+00:00,1036.5506842384348
2023-04-29 00:00:00+00:00,1035.8949833729566
2023-04-29 08:00:00+00:00,1036.1436034365759
2023-04-29 16:00:00+00:00,1033.9273509247669
2023-04-30 00:00:00+00:00,1036.8435348408484
2023-04-30 08:00:00+00:00,1045.2014322126277
2023-04-30 16:00:00+00:00,1024.6056379927372
2023-05-01 00:00:00+00:00,1019.5282944238553
2023-05-01 08:00:00+00:00,1019.349876972331
2023-05-01 16:00:00+00:00,1019.349876972331
2023-05-02 00:00:00+00:00,1019.349876972331
2023-05-02 08:00:00+00:00,1019.349876972331
2023-05-02 16:00:00+00:00,1019.349876972331
2023-05-03 00:00:00+00:00,1019.349876972331
2023-05-03 08:00:00+00:00,1019.349876972331
2023-05-03 16:00:00+00:00,1019.349876972331
2023-05-04 00:00:00+00:00,1019.349876972331
2023-05-04 08:00:00+00:00,1019.349876972331
2023-05-04 16:00:00+00:00,1019.349876972331
2023-05-05 00:00:00+00:00,1019.349876972331
2023-05-05 08:00:00+00:00,1019.349876972331
2023-05-05 16:00:00+00:00,1019.349876972331
2023-05-06 00:00:00+00:00,1019.349876972331
2023-05-06 08:00:00+00:00,1019.349876972331
2023-05-06 16:00:00+00:00,1019.349876972331
2023-05-07 00:00:00+00:00,1019.349876972331
2023-05-07 08:00:00+00:00,1019.349876972331
2023-05-07 16:00:00+00:00,1019.349876972331
2023-05-08 00:00:00+00:00,1019.349876972331
2023-05-08 08:00:00+00:00,1019.349876972331
2023-05-08 16:00:00+00:00,1019.349876972331
2023-05-09 00:00:00+00:00,1019.349876972331
2023-05-09 08:00:00+00:00,1019.349876972331
2023-05-09 16:00:00+00:00,1019.349876972331
2023-05-10 00:00:00+00:00,1019.349876972331
2023-05-10 08:00:00+00:00,1019.349876972331
2023-05-10 16:00:00+00:00,1019.349876972331
2023-05-11 00:00:00+00:00,1019.349876972331
2023-05-11 08:00:00+00:00,1019.349876972331
2023-05-11 16:00:00+00:00,1019.349876972331
2023-05-12 00:00:00+00:00,1019.349876972331
2023-05-12 08:00:00+00:00,1019.349876972331
2023-05-12 16:00:00+00:00,1019.349876972331
2023-05-13 00:00:00+00:00,1019.349876972331
2023-05-13 08:00:00+00:00,1019.349876972331
2023-05-13 16:00:00+00:00,1019.349876972331
2023-05-14 00:00:00+00:00,1019.349876972331
2023-05-14 08:00:00+00:00,1019.349876972331
2023-05-14 16:00:00+00:00,1019.349876972331
2023-05-15 00:00:00+00:00,1019.349876972331
2023-05-15 08:00:00+00:00,1019.349876972331
2023-05-15 16:00:00+00:00,1019.349876972331
2023-05-16 00:00:00+00:00,1019.349876972331
2023-05-16 08:00:00+00:00,1019.349876972331
2023-05-16 16:00:00+00:00,1019.349876972331
2023-05-17 00:00:00+00:00,1019.349876972331
2023-05-17 08:00:00+00:00,1019.349876972331
2023-05-17 16:00:00+00:00,1019.349876972331
2023-05-18 00:00:00+00:00,1019.349876972331
2023-05-18 08:00:00+00:00,1019.349876972331
2023-05-18 16:00:00+00:00,1019.349876972331
2023-05-19 00:00:00+00:00,1019.349876972331
2023-05-19 08:00:00+00:00,1019.349876972331
2023-05-19 16:00:00+00:00,1019.349876972331
2023-05-20 00:00:00+00:00,1019.349876972331
2023-05-20 08:00:00+00:00,1019.349876972331
2023-05-20 16:00:00+00:00,1019.349876972331
2023-05-21 00:00:00+00:00,1019.349876972331
2023-05-21 08:00:00+00:00,1013.9835788596663
2023-05-21 16:00:00+00:00,1013.8061317333658
2023-05-22 00:00:00+00:00,1013.8061317333658
2023-05-22 08:00:00+00:00,1013.8061317333658
2023-05-22 16:00:00+00:00,1013.8061317333658
2023-05-23 00:00:00+00:00,1013.8061317333658
2023-05-23 08:00:00+00:00,1012.6860004917386
2023-05-23 16:00:00+00:00,1015.0159873206011
2023-05-24 00:00:00+00:00,1010.6280371960761
2023-05-24 08:00:00+00:00,1010.4511772895668
2023-05-24 16:00:00+00:00,1010.4511772895668
2023-05-25 00:00:00+00:00,1010.4511772895668
2023-05-25 08:00:00+00:00,1010.4511772895668
2023-05-25 16:00:00+00:00,1010.4511772895668
2023-05-26 00:00:00+00:00,1010.4511772895668
2023-05-26 08:00:00+00:00,1010.4511772895668
2023-05-26 16:00:00+00:00,1010.4511772895668
2023-05-27 00:00:00+00:00,1010.4511772895668
2023-05-27 08:00:00+00:00,1008.7548064022089
2023-05-27 16:00:00+00:00,1009.0386334128178
2023-05-28 00:00:00+00:00,1009.8465696331032
2023-05-28 08:00:00+00:00,1009.4942835618967
2023-05-28 16:00:00+00:00,1014.7200054150294
2023-05-29 00:00:00+00:00,1013.8622946913435
2023-05-29 08:00:00+00:00,1012.981302787612
2023-05-29 16:00:00+00:00,1021.3801776770339
2023-05-30 00:00:00+00:00,1025.6522399314704
2023-05-30 08:00:00+00:00,1027.707980757134
2023-05-30 16:00:00+00:00,1035.789292753317
2023-05-31 00:00:00+00:00,1026.0061428105469
2023-05-31 08:00:00+00:00,1022.3650665297586
2023-05-31 16:00:00+00:00,1030.4237430730357
2023-06-01 00:00:00+00:00,1021.6697528919545
2023-06-01 08:00:00+00:00,1023.3179406900313
2023-06-01 16:00:00+00:00,1023.619070548119
2023-06-02 00:00:00+00:00,1031.3724718195924
2023-06-02 08:00:00+00:00,1034.0475385953455
2023-06-02 16:00:00+00:00,1038.7101842523189
2023-06-03 00:00:00+00:00,1038.1711942800523
2023-06-03 08:00:00+00:00,1037.5327638609185
2023-06-03 16:00:00+00:00,1034.0184505720922
2023-06-04 00:00:00+00:00,1043.43182946874
2023-06-04 08:00:00+00:00,1054.0494217137868
2023-06-04 16:00:00+00:00,1045.9494535033032
2023-06-05 00:00:00+00:00,1034.3315030365418
2023-06-05 08:00:00+00:00,967.0172376271852
2023-06-05 16:00:00+00:00,968.8992260453423
2023-06-06 00:00:00+00:00,967.418623057782
2023-06-06 08:00:00+00:00,969.9821600256909
2023-06-06 16:00:00+00:00,978.9314990294693
2023-06-07 00:00:00+00:00,977.2180262816368
2023-06-07 08:00:00+00:00,973.2158641115352
2023-06-07 16:00:00+00:00,973.5355182197726
2023-06-08 00:00:00+00:00,974.2869419478325
2023-06-08 08:00:00+00:00,976.4187950981035
2023-06-08 16:00:00+00:00,976.1069061456735
2023-06-09 00:00:00+00:00,976.2001113153301
2023-06-09 08:00:00+00:00,979.6191242517368
2023-06-09 16:00:00+00:00,982.5924521891698
2023-06-10 00:00:00+00:00,960.5822429481302
2023-06-10 08:00:00+00:00,960.4141410556143
2023-06-10 16:00:00+00:00,960.4141410556143
2023-06-11 00:00:00+00:00,960.4141410556143
2023-06-11 08:00:00+00:00,960.4141410556143
2023-06-11 16:00:00+00:00,960.4141410556143
2023-06-12 00:00:00+00:00,960.4141410556143
2023-06-12 08:00:00+00:00,960.4141410556143
2023-06-12 16:00:00+00:00,960.4141410556143
2023-06-13 00:00:00+00:00,960.4141410556143
2023-06-13 08:00:00+00:00,960.4141410556143
2023-06-13 16:00:00+00:00,960.4141410556143
2023-06-14 00:00:00+00:00,960.4141410556143
2023-06-14 08:00:00+00:00,960.4141410556143
2023-06-14 16:00:00+00:00,960.4141410556143
2023-06-15 00:00:00+00:00,960.4141410556143
2023-06-15 08:00:00+00:00,959.7444260125839
2023-06-15 16:00:00+00:00,943.2342202792022
2023-06-16 00:00:00+00:00,942.8178250284482
2023-06-16 08:00:00+00:00,943.641397162056
2023-06-16 16:00:00+00:00,921.6036661375078
2023-06-17 00:00:00+00:00,896.6674461478531
2023-06-17 08:00:00+00:00,898.0721146123731
2023-06-17 16:00:00+00:00,898.2757554964683
2023-06-18 00:00:00+00:00,897.1547079504363
2023-06-18 08:00:00+00:00,894.7690228920951
2023-06-18 16:00:00+00:00,912.1412839688587
2023-06-19 00:00:00+00:00,905.1147247901923
2023-06-19 08:00:00+00:00,908.2386784555882
2023-06-19 16:00:00+00:00,891.6841884150186
2023-06-20 00:00:00+00:00,897.1916646053515
2023-06-20 08:00:00+00:00,905.7476318922243
2023-06-20 16:00:00+00:00,870.1692349543013
2023-06-21 00:00:00+00:00,861.6156783002472
2023-06-21 08:00:00+00:00,858.2699297102207
2023-06-21 16:00:00+00:00,849.7479242258353
2023-06-22 00:00:00+00:00,837.2250609263061
2023-06-22 08:00:00+00:00,842.1528786185115
2023-06-22 16:00:00+00:00,842.5240831842979
2023-06-23 00:00:00+00:00,834.3400496522867
2023-06-23 08:00:00+00:00,839.2009569383714
2023-06-23 16:00:00+00:00,833.8019120465812
2023-06-24 00:00:00+00:00,828.7955216475282
2023-06-24 08:00:00+00:00,816.1714549266401
2023-06-24 16:00:00+00:00,823.0293236466912
2023-06-25 00:00:00+00:00,841.5830795511072
2023-06-25 08:00:00+00:00,829.6323021457498
2023-06-25 16:00:00+00:00,827.6120193127733
2023-06-26 00:00:00+00:00,842.5179481147542
2023-06-26 08:00:00+00:00,848.8925380821407
2023-06-26 16:00:00+00:00,826.7036067362642
2023-06-27 00:00:00+00:00,836.1509978001783
2023-06-27 08:00:00+00:00,827.6830248500523
2023-06-27 16:00:00+00:00,834.1182786038883
2023-06-28 00:00:00+00:00,809.4950634748346
2023-06-28 08:00:00+00:00,816.1837838738776
2023-06-28 16:00:00+00:00,793.8763938135637
2023-06-29 00:00:00+00:00,799.103602087462
2023-06-29 08:00:00+00:00,805.0334702063525
2023-06-29 16:00:00+00:00,800.4604255649878
2023-06-30 00:00:00+00:00,822.9579916280593
2023-06-30 08:00:00+00:00,801.72602030437
2023-06-30 16:00:00+00:00,815.9620633699825
2023-07-01 00:00:00+00:00,813.7710717364849
2023-07-01 08:00:00+00:00,817.3166543608697
2023-07-01 16:00:00+00:00,825.0675065966622
2023-07-02 00:00:00+00:00,819.6588430629861
2023-07-02 08:00:00+00:00,820.6008853093214
2023-07-02 16:00:00+00:00,825.643837188105
2023-07-03 00:00:00+00:00,830.5386605180872
2023-07-03 08:00:00+00:00,830.5306081156251
2023-07-03 16:00:00+00:00,829.2378374467514
2023-07-04 00:00:00+00:00,827.501133772006
2023-07-04 08:00:00+00:00,835.2966585771428
2023-07-04 16:00:00+00:00,824.8128055252045
2023-07-05 00:00:00+00:00,828.3708231956164
2023-07-05 08:00:00+00:00,804.380419812444
2023-07-05 16:00:00+00:00,805.9904556487194
2023-07-06 00:00:00+00:00,812.0265180506531
2023-07-06 08:00:00+00:00,804.1819735264552
2023-07-06 16:00:00+00:00,797.9114582863454
2023-07-07 00:00:00+00:00,792.5368944441113
2023-07-07 08:00:00+00:00,804.8507630580099
2023-07-07 16:00:00+00:00,807.2369292058673
2023-07-08 00:00:00+00:00,810.8651979396851
2023-07-08 08:00:00+00:00,807.9281086333978
2023-07-08 16:00:00+00:00,807.7436973632895
2023-07-09 00:00:00+00:00,813.7412564554238
2023-07-09 08:00:00+00:00,809.3078371369477
2023-07-09 16:00:00+00:00,808.9261703411945
2023-07-10 00:00:00+00:00,809.7320003880318
2023-07-10 08:00:00+00:00,804.1846167368412
2023-07-10 16:00:00+00:00,801.2991831524847
2023-07-11 00:00:00+00:00,805.1998335368767
2023-07-11 08:00:00+00:00,811.7821744139134
2023-07-11 16:00:00+00:00,806.6773195511753
2023-07-12 00:00:00+00:00,798.9650988316412
2023-07-12 08:00:00+00:00,799.9730968602729
2023-07-12 16:00:00+00:00,799.0549866670175
2023-07-13 00:00:00+00:00,798.959626811334
2023-07-13 08:00:00+00:00,779.9250811673064
2023-07-13 16:00:00+00:00,839.3228721163947
2023-07-14 00:00:00+00:00,853.0737022101441
2023-07-14 08:00:00+00:00,863.2849292162017
2023-07-14 16:00:00+00:00,820.849896188778
2023-07-15 00:00:00+00:00,840.8065850149031
2023-07-15 08:00:00+00:00,834.2741366142684
2023-07-15 16:00:00+00:00,828.1606647330235
2023-07-16 00:00:00+00:00,823.2343789945846
2023-07-16 08:00:00+00:00,835.4350307776217
2023-07-16 16:00:00+00:00,812.3029110676762
2023-07-17 00:00:00+00:00,822.5872065884809
2023-07-17 08:00:00+00:00,807.2391385310539
2023-07-17 16:00:00+00:00,822.4204664004452
2023-07-18 00:00:00+00:00,808.3989468887241
2023-07-18 08:00:00+00:00,808.4623142860765
2023-07-18 16:00:00+00:00,809.4115953041197
2023-07-19 00:00:00+00:00,814.1625096481922
2023-07-19 08:00:00+00:00,816.4400673790235
2023-07-19 16:00:00+00:00,815.7163990945861
2023-07-20 00:00:00+00:00,834.4578565112245
2023-07-20 08:00:00+00:00,823.6611985342803
2023-07-20 16:00:00+00:00,827.3479954332548
2023-07-21 00:00:00+00:00,818.4006087297594
2023-07-21 08:00:00+00:00,823.7692029832144
2023-07-21 16:00:00+00:00,822.704070591312
2023-07-22 00:00:00+00:00,824.2489738237165
2023-07-22 08:00:00+00:00,817.9622918068297
2023-07-22 16:00:00+00:00,803.1529870668913
2023-07-23 00:00:00+00:00,807.7763116087019
2023-07-23 08:00:00+00:00,807.86324661021
2023-07-23 16:00:00+00:00,805.6698711729684
2023-07-24 00:00:00+00:00,808.401258375014
2023-07-24 08:00:00+00:00,787.0153775608406
2023-07-24 16:00:00+00:00,785.6740546372064
2023-07-25 00:00:00+00:00,783.3007734143317
2023-07-25 08:00:00+00:00,783.6994987547829
2023-07-25 16:00:00+00:00,789.9807502383179
2023-07-26 00:00:00+00:00,788.8880483788663
2023-07-26 08:00:00+00:00,787.1343344309507
2023-07-26 16:00:00+00:00,788.5385491389154
2023-07-27 00:00:00+00:00,788.8396341163696
2023-07-27 08:00:00+00:00,791.6957491323562
2023-07-27 16:00:00+00:00,791.101016047518
2023-07-28 00:00:00+00:00,790.1426633275203
2023-07-28 08:00:00+00:00,786.1360205876175
2023-07-28 16:00:00+00:00,786.0786077338037
2023-07-29 00:00:00+00:00,787.1980231420208
2023-07-29 08:00:00+00:00,786.0336577379774
2023-07-29 16:00:00+00:00,788.2573551238847
2023-07-30 00:00:00+00:00,788.6478819440969
2023-07-30 08:00:00+00:00,787.5991278255339
2023-07-30 16:00:00+00:00,788.4027515376871
2023-07-31 00:00:00+00:00,790.2075980755933
2023-07-31 08:00:00+00:00,790.0572784091795
2023-07-31 16:00:00+00:00,788.7660257839776
2023-08-01 00:00:00+00:00,791.9342358195798
2023-08-01 08:00:00+00:00,789.0935957488824
2023-08-01 16:00:00+00:00,783.8950633013286
2023-08-02 00:00:00+00:00,788.1952586675947
2023-08-02 08:00:00+00:00,790.0460873428211
2023-08-02 16:00:00+00:00,789.8855733010521
2023-08-03 00:00:00+00:00,795.2004458201606
2023-08-03 08:00:00+00:00,794.08923900563
2023-08-03 16:00:00+00:00,797.7518726792965
2023-08-04 00:00:00+00:00,796.2907140840109
2023-08-04 08:00:00+00:00,791.1849306354737
2023-08-04 16:00:00+00:00,800.5041247849164
2023-08-05 00:00:00+00:00,803.9296859534847
2023-08-05 08:00:00+00:00,804.7019221723987
2023-08-05 16:00:00+00:00,800.6716848828587
2023-08-06 00:00:00+00:00,795.5951901103239
2023-08-06 08:00:00+00:00,798.7755983805923
2023-08-06 16:00:00+00:00,798.4297035852429
2023-08-07 00:00:00+00:00,798.8219258397057
2023-08-07 08:00:00+00:00,807.8661627852598
2023-08-07 16:00:00+00:00,798.4233830501385
2023-08-08 00:00:00+00:00,798.3778692396012
2023-08-08 08:00:00+00:00,789.2915251374902
2023-08-08 16:00:00+00:00,782.0213613182599
2023-08-09 00:00:00+00:00,777.0362371356902
2023-08-09 08:00:00+00:00,766.0077600079144
2023-08-09 16:00:00+00:00,768.1953805812125
2023-08-10 00:00:00+00:00,774.8493346278664
2023-08-10 08:00:00+00:00,772.4113233425824
2023-08-10 16:00:00+00:00,769.0825817621054
2023-08-11 00:00:00+00:00,768.2228084818164
2023-08-11 08:00:00+00:00,770.7828748522303
2023-08-11 16:00:00+00:00,768.3799288486108
2023-08-12 00:00:00+00:00,768.2779749642559
2023-08-12 08:00:00+00:00,766.9987316431126
2023-08-12 16:00:00+00:00,769.6598715786631
2023-08-13 00:00:00+00:00,769.2537039078683
2023-08-13 08:00:00+00:00,767.4657844945955
2023-08-13 16:00:00+00:00,768.033940548055
2023-08-14 00:00:00+00:00,767.0272051094495
2023-08-14 08:00:00+00:00,767.0633072847859
2023-08-14 16:00:00+00:00,768.8373434441958
2023-08-15 00:00:00+00:00,769.3286953142068
2023-08-15 08:00:00+00:00,771.1578877414064
2023-08-15 16:00:00+00:00,785.1923356328589
2023-08-16 00:00:00+00:00,787.9512407691187
2023-08-16 08:00:00+00:00,801.0536924143146
2023-08-16 16:00:00+00:00,811.5320136933276
2023-08-17 00:00:00+00:00,805.8153409729978
2023-08-17 08:00:00+00:00,827.7855362861541
2023-08-17 16:00:00+00:00,884.7561704059817
2023-08-18 00:00:00+00:00,872.487772651767
2023-08-18 08:00:00+00:00,881.3263123377286
2023-08-18 16:00:00+00:00,877.3569250915391
2023-08-19 00:00:00+00:00,872.6311103853959
2023-08-19 08:00:00+00:00,860.023352062318
2023-08-19 16:00:00+00:00,853.5512446362818
2023-08-20 00:00:00+00:00,854.7373039585718
2023-08-20 08:00:00+00:00,853.838086171487
2023-08-20 16:00:00+00:00,850.5316224333708
2023-08-21 00:00:00+00:00,862.7240389687842
2023-08-21 08:00:00+00:00,882.1513115700867
2023-08-21 16:00:00+00:00,871.3415190759406
2023-08-22 00:00:00+00:00,870.4001706295275
2023-08-22 08:00:00+00:00,880.7176869549293
2023-08-22 16:00:00+00:00,873.5120087062061
2023-08-23 00:00:00+00:00,861.117101886631
2023-08-23 08:00:00+00:00,852.3769611936013
2023-08-23 16:00:00+00:00,841.4270040388149
2023-08-24 00:00:00+00:00,843.3122004910625
2023-08-24 08:00:00+00:00,863.8851501463233
2023-08-24 16:00:00+00:00,859.1980259859266
2023-08-25 00:00:00+00:00,873.0232643212925
2023-08-25 08:00:00+00:00,870.8680598597541
2023-08-25 16:00:00+00:00,863.5380847746325
2023-08-26 00:00:00+00:00,859.4337941218048
2023-08-26 08:00:00+00:00,858.9902919194076
2023-08-26 16:00:00+00:00,860.3241268543334
2023-08-27 00:00:00+00:00,856.2955678434133
2023-08-27 08:00:00+00:00,854.9413905807618
2023-08-27 16:00:00+00:00,856.414913415381
2023-08-28 00:00:00+00:00,869.0977663989665
2023-08-28 08:00:00+00:00,856.1938498776102
2023-08-28 16:00:00+00:00,853.6835984721256
2023-08-29 00:00:00+00:00,865.3330750705936
2023-08-29 08:00:00+00:00,826.7136559834643
2023-08-29 16:00:00+00:00,820.6787223189642
2023-08-30 00:00:00+00:00,829.9431784404952
2023-08-30 08:00:00+00:00,843.8982021452343
2023-08-30 16:00:00+00:00,840.556511325343
2023-08-31 00:00:00+00:00,840.5426051014745
2023-08-31 08:00:00+00:00,848.6187387857298
2023-08-31 16:00:00+00:00,868.3258923170395
2023-09-01 00:00:00+00:00,864.4299119026074
2023-09-01 08:00:00+00:00,871.2457852712939
2023-09-01 16:00:00+00:00,872.424953816162
2023-09-02 00:00:00+00:00,868.8289743836897
2023-09-02 08:00:00+00:00,868.2205934490844
2023-09-02 16:00:00+00:00,870.0008057117146
2023-09-03 00:00:00+00:00,868.2514433433768
2023-09-03 08:00:00+00:00,873.8142815261172
2023-09-03 16:00:00+00:00,870.2130697126704
2023-09-04 00:00:00+00:00,863.9198049813729
2023-09-04 08:00:00+00:00,871.2603505802167
2023-09-04 16:00:00+00:00,869.123820883566
2023-09-05 00:00:00+00:00,874.5052506230495
2023-09-05 08:00:00+00:00,862.8770714463951
2023-09-05 16:00:00+00:00,860.5093396558432
2023-09-06 00:00:00+00:00,868.1511926640654
2023-09-06 08:00:00+00:00,870.5270648157658
2023-09-06 16:00:00+00:00,862.7900516093264
2023-09-07 00:00:00+00:00,861.7443888201997
2023-09-07 08:00:00+00:00,863.2809373224624
2023-09-07 16:00:00+00:00,850.9176869515605
2023-09-08 00:00:00+00:00,847.9867184008914
2023-09-08 08:00:00+00:00,856.0426188130982
2023-09-08 16:00:00+00:00,852.3197919835726
2023-09-09 00:00:00+00:00,852.9073812508195
2023-09-09 08:00:00+00:00,851.7797549668724
2023-09-09 16:00:00+00:00,852.0097938686131
2023-09-10 00:00:00+00:00,868.3707821942269
2023-09-10 08:00:00+00:00,874.529324401634
2023-09-10 16:00:00+00:00,874.7457842799259
2023-09-11 00:00:00+00:00,880.1163737722894
2023-09-11 08:00:00+00:00,902.4656397269054
2023-09-11 16:00:00+00:00,905.5951059970785
2023-09-12 00:00:00+00:00,892.9148564284626
2023-09-12 08:00:00+00:00,889.7768908256767
2023-09-12 16:00:00+00:00,897.9143109440317
2023-09-13 00:00:00+00:00,897.5048995344124
2023-09-13 08:00:00+00:00,883.379306518607
2023-09-13 16:00:00+00:00,882.3581089873248
2023-09-14 00:00:00+00:00,879.4648649376679
2023-09-14 08:00:00+00:00,871.8679804980029
2023-09-14 16:00:00+00:00,870.424649691148
2023-09-15 00:00:00+00:00,872.3938541946718
2023-09-15 08:00:00+00:00,872.3976481501796
2023-09-15 16:00:00+00:00,861.803799099599
2023-09-16 00:00:00+00:00,855.7284889713876
2023-09-16 08:00:00+00:00,860.1027576083482
2023-09-16 16:00:00+00:00,855.6345333401996
2023-09-17 00:00:00+00:00,868.5955576527318
2023-09-17 08:00:00+00:00,865.3441459888603
2023-09-17 16:00:00+00:00,874.4120087518804
2023-09-18 00:00:00+00:00,869.7778435549216
2023-09-18 08:00:00+00:00,861.3573106250461
2023-09-18 16:00:00+00:00,861.5693790993587
2023-09-19 00:00:00+00:00,860.5714880452765
2023-09-19 08:00:00+00:00,859.5336194465401
2023-09-19 16:00:00+00:00,857.794729444727
2023-09-20 00:00:00+00:00,860.6831088884996
2023-09-20 08:00:00+00:00,864.669598766636
2023-09-20 16:00:00+00:00,863.2387265122949
2023-09-21 00:00:00+00:00,857.7629051668087
2023-09-21 08:00:00+00:00,858.7254016549832
2023-09-21 16:00:00+00:00,858.6997024201821
2023-09-22 00:00:00+00:00,857.5293401294845
2023-09-22 08:00:00+00:00,860.144929346032
2023-09-22 16:00:00+00:00,860.2554770762047
2023-09-23 00:00:00+00:00,860.0680667670398
2023-09-23 08:00:00+00:00,861.1986261961811
2023-09-23 16:00:00+00:00,861.8945094759065
2023-09-24 00:00:00+00:00,864.466769851964
2023-09-24 08:00:00+00:00,857.872687335679
2023-09-24 16:00:00+00:00,859.0068849128446
2023-09-25 00:00:00+00:00,860.4654944353858
2023-09-25 08:00:00+00:00,865.4647737026046
2023-09-25 16:00:00+00:00,867.7373550612688
2023-09-26 00:00:00+00:00,863.5009165700075
2023-09-26 08:00:00+00:00,858.1280965435312
2023-09-26 16:00:00+00:00,852.2461816466725
2023-09-27 00:00:00+00:00,850.9758995676932
2023-09-27 08:00:00+00:00,858.2788272432896
2023-09-27 16:00:00+00:00,859.9358173269678
2023-09-28 00:00:00+00:00,857.7729248767306
2023-09-28 08:00:00+00:00,853.4253934248526
2023-09-28 16:00:00+00:00,848.768270585205
2023-09-29 00:00:00+00:00,852.5156285310715
2023-09-29 08:00:00+00:00,857.9113829663289
2023-09-29 16:00:00+00:00,855.576310435727
2023-09-30 00:00:00+00:00,854.036514300011
2023-09-30 08:00:00+00:00,861.7261029755683
2023-09-30 16:00:00+00:00,860.2128524956061
2023-10-01 00:00:00+00:00,861.0600199141859
2023-10-01 08:00:00+00:00,874.0093156511823
2023-10-01 16:00:00+00:00,894.6466682384755
2023-10-02 00:00:00+00:00,896.1310574509891
2023-10-02 08:00:00+00:00,873.7994560826761
2023-10-02 16:00:00+00:00,858.4258937088649
2023-10-03 00:00:00+00:00,858.4258937088649
2023-10-03 08:00:00+00:00,849.7566641374375
2023-10-03 16:00:00+00:00,853.9307735932977
2023-10-04 00:00:00+00:00,852.2785745251934
2023-10-04 08:00:00+00:00,847.4694059035493
2023-10-04 16:00:00+00:00,854.5273221705418
2023-10-05 00:00:00+00:00,850.8568901376436
2023-10-05 08:00:00+00:00,845.9807676422322
2023-10-05 16:00:00+00:00,847.066408481504
2023-10-06 00:00:00+00:00,850.5173058093737
2023-10-06 08:00:00+00:00,851.930629748118
2023-10-06 16:00:00+00:00,850.4040460041
2023-10-07 00:00:00+00:00,850.9291915136971
2023-10-07 08:00:00+00:00,849.410569245049
2023-10-07 16:00:00+00:00,847.4282708283914
2023-10-08 00:00:00+00:00,849.6447717723956
2023-10-08 08:00:00+00:00,848.3756702551963
2023-10-08 16:00:00+00:00,848.5345699317046
2023-10-09 00:00:00+00:00,847.6993041545791
2023-10-09 08:00:00+00:00,849.9780657608563
2023-10-09 16:00:00+00:00,850.3640925877842
2023-10-10 00:00:00+00:00,849.6556498721202
2023-10-10 08:00:00+00:00,855.2766404966814
2023-10-10 16:00:00+00:00,851.4580777719704
2023-10-11 00:00:00+00:00,864.4837178144999
2023-10-11 08:00:00+00:00,866.2293369946574
2023-10-11 16:00:00+00:00,859.4783023875868
2023-10-12 00:00:00+00:00,866.081184182716
2023-10-12 08:00:00+00:00,873.901497150604
2023-10-12 16:00:00+00:00,872.2195716332646
2023-10-13 00:00:00+00:00,870.0313446846363
2023-10-13 08:00:00+00:00,872.2356923343443
2023-10-13 16:00:00+00:00,864.5305319353319
2023-10-14 00:00:00+00:00,862.1068771816467
2023-10-14 08:00:00+00:00,857.6281371241729
2023-10-14 16:00:00+00:00,859.1005271942961
2023-10-15 00:00:00+00:00,860.791607612397
2023-10-15 08:00:00+00:00,862.754685719687
2023-10-15 16:00:00+00:00,857.2745455133551
2023-10-16 00:00:00+00:00,840.8449149830215
2023-10-16 08:00:00+00:00,844.762432880699
2023-10-16 16:00:00+00:00,847.5878083387526
2023-10-17 00:00:00+00:00,850.2849065863915
2023-10-17 08:00:00+00:00,853.9886108480373
2023-10-17 16:00:00+00:00,852.8014565443248
2023-10-18 00:00:00+00:00,855.178689932513
2023-10-18 08:00:00+00:00,854.1376140655661
2023-10-18 16:00:00+00:00,852.2631292739201
2023-10-19 00:00:00+00:00,857.6973127232501
2023-10-19 08:00:00+00:00,863.0968454998136
2023-10-19 16:00:00+00:00,854.6815457416158
2023-10-20 00:00:00+00:00,861.451273410369
2023-10-20 08:00:00+00:00,869.7715605676258
2023-10-20 16:00:00+00:00,867.0465377974518
2023-10-21 00:00:00+00:00,872.3270746339234
2023-10-21 08:00:00+00:00,896.2318646520405
2023-10-21 16:00:00+00:00,892.5574883673302
2023-10-22 00:00:00+00:00,899.7090239065842
2023-10-22 08:00:00+00:00,896.8440366413317
2023-10-22 16:00:00+00:00,919.6188606561252
2023-10-23 00:00:00+00:00,929.6663840147432
2023-10-23 08:00:00+00:00,923.9985732646315
2023-10-23 16:00:00+00:00,965.908590694537
2023-10-24 00:00:00+00:00,960.6277132853907
2023-10-24 08:00:00+00:00,952.9857799050776
2023-10-24 16:00:00+00:00,968.2005744848797
2023-10-25 00:00:00+00:00,965.6697381488751
2023-10-25 08:00:00+00:00,1004.665010459009
2023-10-25 16:00:00+00:00,998.0973507659147
2023-10-26 00:00:00+00:00,1025.1694525016242
2023-10-26 08:00:00+00:00,981.5168136734351
2023-10-26 16:00:00+00:00,1007.0837192503596
2023-10-27 00:00:00+00:00,987.5780253705093
2023-10-27 08:00:00+00:00,1006.6558112544983
2023-10-27 16:00:00+00:00,992.6836284182074
2023-10-28 00:00:00+00:00,1012.772978765878
2023-10-28 08:00:00+00:00,1013.7229676265796
2023-10-28 16:00:00+00:00,1008.8392163022884
2023-10-29 00:00:00+00:00,1008.372270270364
2023-10-29 08:00:00+00:00,1019.2677081714156
2023-10-29 16:00:00+00:00,1023.0637243743695
2023-10-30 00:00:00+00:00,1012.9697543924711
2023-10-30 08:00:00+00:00,1043.4996057336718
2023-10-30 16:00:00+00:00,1044.9104060465054
2023-10-31 00:00:00+00:00,1041.7565340126794
2023-10-31 08:00:00+00:00,1031.5904002205978
2023-10-31 16:00:00+00:00,1056.6977366780923
2023-11-01 00:00:00+00:00,1045.0760967775661
2023-11-01 08:00:00+00:00,1054.32711014038
2023-11-01 16:00:00+00:00,1098.0680773737581
2023-11-02 00:00:00+00:00,1086.9985724458509
2023-11-02 08:00:00+00:00,1063.7655113546698
2023-11-02 16:00:00+00:00,1075.172264115551
2023-11-03 00:00:00+00:00,1063.8963003572574
2023-11-03 08:00:00+00:00,1073.9259430768655
2023-11-03 16:00:00+00:00,1077.637016972986
2023-11-04 00:00:00+00:00,1084.809033172076
2023-11-04 08:00:00+00:00,1082.779740676664
2023-11-04 16:00:00+00:00,1107.5911535769446
2023-11-05 00:00:00+00:00,1120.024484435217
2023-11-05 08:00:00+00:00,1115.654803819201
2023-11-05 16:00:00+00:00,1129.5580805915379
2023-11-06 00:00:00+00:00,1131.7432640558454
2023-11-06 08:00:00+00:00,1158.4388943950646
2023-11-06 16:00:00+00:00,1175.928091442201
2023-11-07 00:00:00+00:00,1162.7988646223782
2023-11-07 08:00:00+00:00,1128.7558264641098
2023-11-07 16:00:00+00:00,1152.7768284504702
2023-11-08 00:00:00+00:00,1157.2352238154526
2023-11-08 08:00:00+00:00,1171.1056123810874
2023-11-08 16:00:00+00:00,1191.956750953412
2023-11-09 00:00:00+00:00,1204.023252245875
2023-11-09 08:00:00+00:00,1224.812135947232
2023-11-09 16:00:00+00:00,1198.600841745542
2023-11-10 00:00:00+00:00,1204.0494104431637
2023-11-10 08:00:00+00:00,1209.9362296248182
2023-11-10 16:00:00+00:00,1256.2675625620498
2023-11-11 00:00:00+00:00,1239.6641693228266
2023-11-11 08:00:00+00:00,1280.034307761939
2023-11-11 16:00:00+00:00,1282.9316675643286
2023-11-12 00:00:00+00:00,1308.1719882243503
2023-11-12 08:00:00+00:00,1296.3600709459351
2023-11-12 16:00:00+00:00,1297.664011590445
2023-11-13 00:00:00+00:00,1282.170606979474
2023-11-13 08:00:00+00:00,1281.2101410016487
2023-11-13 16:00:00+00:00,1229.071218797982
2023-11-14 00:00:00+00:00,1251.9350239806822
2023-11-14 08:00:00+00:00,1230.0582467209085
2023-11-14 16:00:00+00:00,1206.6064678322223
2023-11-15 00:00:00+00:00,1230.7554924508513
2023-11-15 08:00:00+00:00,1252.913373705334
2023-11-15 16:00:00+00:00,1268.0726547810732
2023-11-16 00:00:00+00:00,1282.174243161626
2023-11-16 08:00:00+00:00,1254.7218761497709
2023-11-16 16:00:00+00:00,1238.6985314413544
2023-11-17 00:00:00+00:00,1245.929041291173
2023-11-17 08:00:00+00:00,1235.93591609434
2023-11-17 16:00:00+00:00,1242.360867708959
2023-11-18 00:00:00+00:00,1239.9988674783754
2023-11-18 08:00:00+00:00,1238.0152163863281
2023-11-18 16:00:00+00:00,1231.096765285173
2023-11-19 00:00:00+00:00,1230.105240914982
2023-11-19 08:00:00+00:00,1226.250423941054
2023-11-19 16:00:00+00:00,1229.444050762838
2023-11-20 00:00:00+00:00,1225.6173248896016
2023-11-20 08:00:00+00:00,1219.976775903933
2023-11-20 16:00:00+00:00,1206.3813257268866
2023-11-21 00:00:00+00:00,1191.4793126879715
2023-11-21 08:00:00+00:00,1204.0362358856542
2023-11-21 16:00:00+00:00,1184.4408130351649
2023-11-22 00:00:00+00:00,1172.2956610586782
2023-11-22 08:00:00+00:00,1165.0063302009103
2023-11-22 16:00:00+00:00,1150.8687036417914
2023-11-23 00:00:00+00:00,1150.085617697495
2023-11-23 08:00:00+00:00,1141.684046364709
2023-11-23 16:00:00+00:00,1148.9575021255205
2023-11-24 00:00:00+00:00,1149.3280889818864
2023-11-24 08:00:00+00:00,1162.4592712249691
2023-11-24 16:00:00+00:00,1154.7352610208327
2023-11-25 00:00:00+00:00,1160.9714970796574
2023-11-25 08:00:00+00:00,1158.7328365752087
2023-11-25 16:00:00+00:00,1161.208980044611
2023-11-26 00:00:00+00:00,1162.5423956101226
2023-11-26 08:00:00+00:00,1150.3801228223858
2023-11-26 16:00:00+00:00,1153.1280992919078
2023-11-27 00:00:00+00:00,1136.3802154760056
2023-11-27 08:00:00+00:00,1117.3916760116497
2023-11-27 16:00:00+00:00,1122.3166419387594
2023-11-28 00:00:00+00:00,1109.7472703080748
2023-11-28 08:00:00+00:00,1124.8166195643905
2023-11-28 16:00:00+00:00,1128.712607167256
2023-11-29 00:00:00+00:00,1126.2928699912723
2023-11-29 08:00:00+00:00,1122.9789523888278
2023-11-29 16:00:00+00:00,1125.2663931591442
2023-11-30 00:00:00+00:00,1127.5030616557583
2023-11-30 08:00:00+00:00,1122.5437133885719
2023-11-30 16:00:00+00:00,1125.1819208701884
2023-12-01 00:00:00+00:00,1144.8861717043842
2023-12-01 08:00:00+00:00,1142.0817336502723
2023-12-01 16:00:00+00:00,1140.823618641548
2023-12-02 00:00:00+00:00,1157.806923775867
2023-12-02 08:00:00+00:00,1164.108300623147
2023-12-02 16:00:00+00:00,1179.7630404403178
2023-12-03 00:00:00+00:00,1179.164725562175
2023-12-03 08:00:00+00:00,1165.644155138774
2023-12-03 16:00:00+00:00,1173.2206714777801
2023-12-04 00:00:00+00:00,1210.8375782327741
2023-12-04 08:00:00+00:00,1176.0973831512124
2023-12-04 16:00:00+00:00,1212.970012297229
2023-12-05 00:00:00+00:00,1192.1343385284376
2023-12-05 08:00:00+00:00,1203.496578770558
2023-12-05 16:00:00+00:00,1240.652914269381
2023-12-06 00:00:00+00:00,1258.898796527845
2023-12-06 08:00:00+00:00,1251.310270528732
2023-12-06 16:00:00+00:00,1239.4219814083317
2023-12-07 00:00:00+00:00,1260.9412597038338
2023-12-07 08:00:00+00:00,1266.2712728067013
2023-12-07 16:00:00+00:00,1280.8753453235622
2023-12-08 00:00:00+00:00,1294.2450345439033
2023-12-08 08:00:00+00:00,1322.5804642623234
2023-12-08 16:00:00+00:00,1362.3340628779404
2023-12-09 00:00:00+00:00,1402.3681215154268
2023-12-09 08:00:00+00:00,1386.9976178648485
2023-12-09 16:00:00+00:00,1342.4002938057
2023-12-10 00:00:00+00:00,1358.6694360257582
2023-12-10 08:00:00+00:00,1355.9125827164478
2023-12-10 16:00:00+00:00,1387.911726656449
2023-12-11 00:00:00+00:00,1297.460286091019
2023-12-11 08:00:00+00:00,1291.676741437477
2023-12-11 16:00:00+00:00,1295.1962092524884
2023-12-12 00:00:00+00:00,1329.0531660380016
2023-12-12 08:00:00+00:00,1315.4412680112298
2023-12-12 16:00:00+00:00,1321.0285525833713
2023-12-13 00:00:00+00:00,1290.164505434625
2023-12-13 08:00:00+00:00,1282.2340678557841
2023-12-13 16:00:00+00:00,1269.3446229261126
2023-12-14 00:00:00+00:00,1270.225928275635
2023-12-14 08:00:00+00:00,1270.592925730394
2023-12-14 16:00:00+00:00,1264.322960612462
2023-12-15 00:00:00+00:00,1282.7778186156752
2023-12-15 08:00:00+00:00,1296.5500237060182
2023-12-15 16:00:00+00:00,1301.0690181803386
2023-12-16 00:00:00+00:00,1300.5101518341005
2023-12-16 08:00:00+00:00,1296.2657202658506
2023-12-16 16:00:00+00:00,1285.879813921024
2023-12-17 00:00:00+00:00,1298.5410012664408
2023-12-17 08:00:00+00:00,1296.8857071405114
2023-12-17 16:00:00+00:00,1301.5093004514165
2023-12-18 00:00:00+00:00,1307.5357733643634
2023-12-18 08:00:00+00:00,1316.9441134173524
2023-12-18 16:00:00+00:00,1287.7868504819025
2023-12-19 00:00:00+00:00,1270.9813040478705
2023-12-19 08:00:00+00:00,1276.5343685818675
2023-12-19 16:00:00+00:00,1268.6322810344575
2023-12-20 00:00:00+00:00,1297.2025561328749
2023-12-20 08:00:00+00:00,1306.6856490763478
2023-12-20 16:00:00+00:00,1313.0597396746036
2023-12-21 00:00:00+00:00,1329.2157614276823
2023-12-21 08:00:00+00:00,1332.9074899930035
2023-12-21 16:00:00+00:00,1341.3279033919262
2023-12-22 00:00:00+00:00,1328.7871163426948
2023-12-22 08:00:00+00:00,1347.4707158293104
2023-12-22 16:00:00+00:00,1355.981053877779
2023-12-23 00:00:00+00:00,1352.6566691878934
2023-12-23 08:00:00+00:00,1361.6329972277213
2023-12-23 16:00:00+00:00,1412.2998781375327
2023-12-24 00:00:00+00:00,1413.989001096019
2023-12-24 08:00:00+00:00,1412.6923964691603
2023-12-24 16:00:00+00:00,1402.289456917664
2023-12-25 00:00:00+00:00,1409.658985385692
2023-12-25 08:00:00+00:00,1448.7476891979827
2023-12-25 16:00:00+00:00,1463.5295536348851
2023-12-26 00:00:00+00:00,1438.368533718488
2023-12-26 08:00:00+00:00,1421.5274859001163
2023-12-26 16:00:00+00:00,1447.7750322910967
2023-12-27 00:00:00+00:00,1416.1775684168924
2023-12-27 08:00:00+00:00,1440.089275395121
2023-12-27 16:00:00+00:00,1444.5963186302974
2023-12-28 00:00:00+00:00,1445.5313421990543
2023-12-28 08:00:00+00:00,1419.669578033267
2023-12-28 16:00:00+00:00,1416.3005445058434
2023-12-29 00:00:00+00:00,1410.6952010295636
2023-12-29 08:00:00+00:00,1417.8783826139233
2023-12-29 16:00:00+00:00,1410.3325430270331
2023-12-30 00:00:00+00:00,1404.9288719158462
2023-12-30 08:00:00+00:00,1408.44627622608
2023-12-30 16:00:00+00:00,1402.658544055604
2023-12-31 00:00:00+00:00,1409.0243904584909
2023-12-31 08:00:00+00:00,1407.8255434828427
2023-12-31 16:00:00+00:00,1394.843675486457
2024-01-01 00:00:00+00:00,1394.4839820945479
2024-01-01 08:00:00+00:00,1393.4196173562643
2024-01-01 16:00:00+00:00,1398.1790670145494
2024-01-02 00:00:00+00:00,1423.7836995439902
2024-01-02 08:00:00+00:00,1408.8138265881043
2024-01-02 16:00:00+00:00,1411.8741093948813
2024-01-03 00:00:00+00:00,1407.694644555442
2024-01-03 08:00:00+00:00,1379.990581205197
2024-01-03 16:00:00+00:00,1384.8787059706274
2024-01-04 00:00:00+00:00,1369.9737784630402
2024-01-04 08:00:00+00:00,1338.437745252577
2024-01-04 16:00:00+00:00,1334.37138189494
2024-01-05 00:00:00+00:00,1337.9021365736762
2024-01-05 08:00:00+00:00,1350.0001320947995
2024-01-05 16:00:00+00:00,1348.1001582248043
2024-01-06 00:00:00+00:00,1373.1647365276733
2024-01-06 08:00:00+00:00,1362.3153158745765
2024-01-06 16:00:00+00:00,1361.2560783822753
2024-01-07 00:00:00+00:00,1352.3747618841621
2024-01-07 08:00:00+00:00,1369.5756333165712
2024-01-07 16:00:00+00:00,1396.122584388997
2024-01-08 00:00:00+00:00,1396.468629201389
2024-01-08 08:00:00+00:00,1356.046489738213
2024-01-08 16:00:00+00:00,1318.5547022078529
2024-01-09 00:00:00+00:00,1316.656687118174
2024-01-09 08:00:00+00:00,1358.4852279677677
2024-01-09 16:00:00+00:00,1350.5780091520246
2024-01-10 00:00:00+00:00,1355.996126007586
2024-01-10 08:00:00+00:00,1355.3070209279713
2024-01-10 16:00:00+00:00,1284.3424299418657
2024-01-11 00:00:00+00:00,1257.360068917976
2024-01-11 08:00:00+00:00,1261.3009532318708
2024-01-11 16:00:00+00:00,1265.3947583940896
2024-01-12 00:00:00+00:00,1261.1452052134864
2024-01-12 08:00:00+00:00,1261.0273800310115
2024-01-12 16:00:00+00:00,1242.4025886039642
2024-01-13 00:00:00+00:00,1249.9858009965596
2024-01-13 08:00:00+00:00,1241.8026546108294
2024-01-13 16:00:00+00:00,1240.623794867668
2024-01-14 00:00:00+00:00,1239.4163332571516
2024-01-14 08:00:00+00:00,1242.5585602391961
2024-01-14 16:00:00+00:00,1236.9738652739668
2024-01-15 00:00:00+00:00,1261.715281246346
2024-01-15 08:00:00+00:00,1255.0969923363234
2024-01-15 16:00:00+00:00,1250.6250397589397
2024-01-16 00:00:00+00:00,1243.4348946762339
2024-01-16 08:00:00+00:00,1240.4032460227756
2024-01-16 16:00:00+00:00,1243.7412441025883
2024-01-17 00:00:00+00:00,1240.7253212257397
2024-01-17 08:00:00+00:00,1239.3499927273149
2024-01-17 16:00:00+00:00,1236.876245756947
2024-01-18 00:00:00+00:00,1233.2920893271823
2024-01-18 08:00:00+00:00,1220.7030792779742
2024-01-18 16:00:00+00:00,1212.310785750874
2024-01-19 00:00:00+00:00,1218.144301231656
2024-01-19 08:00:00+00:00,1226.6674114772113
2024-01-19 16:00:00+00:00,1216.2135324727813
2024-01-20 00:00:00+00:00,1227.6147865707821
2024-01-20 08:00:00+00:00,1233.2456948324595
2024-01-20 16:00:00+00:00,1204.466980946758
2024-01-21 00:00:00+00:00,1204.466980946758
2024-01-21 08:00:00+00:00,1201.5208767899335
2024-01-21 16:00:00+00:00,1199.7562171965574
2024-01-22 00:00:00+00:00,1199.546259858548
2024-01-22 08:00:00+00:00,1199.546259858548
2024-01-22 16:00:00+00:00,1199.546259858548
2024-01-23 00:00:00+00:00,1199.546259858548
2024-01-23 08:00:00+00:00,1199.546259858548
2024-01-23 16:00:00+00:00,1199.546259858548
2024-01-24 00:00:00+00:00,1199.546259858548
2024-01-24 08:00:00+00:00,1199.546259858548
2024-01-24 16:00:00+00:00,1199.546259858548
2024-01-25 00:00:00+00:00,1199.546259858548
2024-01-25 08:00:00+00:00,1199.546259858548
2024-01-25 16:00:00+00:00,1199.546259858548
2024-01-26 00:00:00+00:00,1199.546259858548
2024-01-26 08:00:00+00:00,1199.546259858548
2024-01-26 16:00:00+00:00,1199.546259858548
2024-01-27 00:00:00+00:00,1184.7152497965806
2024-01-27 08:00:00+00:00,1187.341402761636
2024-01-27 16:00:00+00:00,1186.2172674571277
2024-01-28 00:00:00+00:00,1188.1954306667376
2024-01-28 08:00:00+00:00,1177.486009791829
2024-01-28 16:00:00+00:00,1173.134298616606
2024-01-29 00:00:00+00:00,1186.2923433043684
2024-01-29 08:00:00+00:00,1196.4925664759558
2024-01-29 16:00:00+00:00,1221.741333670784
2024-01-30 00:00:00+00:00,1236.301160211823
2024-01-30 08:00:00+00:00,1226.8626120899116
2024-01-30 16:00:00+00:00,1207.519200805055
2024-01-31 00:00:00+00:00,1221.5970210309663
2024-01-31 08:00:00+00:00,1214.1840889334746
2024-01-31 16:00:00+00:00,1178.4787792815832
2024-02-01 00:00:00+00:00,1177.1191273896738
2024-02-01 08:00:00+00:00,1191.3489635512867
2024-02-01 16:00:00+00:00,1218.0472991879865
2024-02-02 00:00:00+00:00,1240.5171285117735
2024-02-02 08:00:00+00:00,1243.6140985154666
2024-02-02 16:00:00+00:00,1223.6725931241895
2024-02-03 00:00:00+00:00,1201.382108221954
2024-02-03 08:00:00+00:00,1209.9735417452407
2024-02-03 16:00:00+00:00,1204.9135020513174
2024-02-04 00:00:00+00:00,1204.0366183687904
2024-02-04 08:00:00+00:00,1227.6351839929948
2024-02-04 16:00:00+00:00,1203.273318447934
2024-02-05 00:00:00+00:00,1232.761123122986
2024-02-05 08:00:00+00:00,1249.6915578719304
2024-02-05 16:00:00+00:00,1248.7710187956498
2024-02-06 00:00:00+00:00,1243.0690290248995
2024-02-06 08:00:00+00:00,1237.2778903376231
2024-02-06 16:00:00+00:00,1224.3213243537348
2024-02-07 00:00:00+00:00,1224.0700352614451
2024-02-07 08:00:00+00:00,1223.5001142618057
2024-02-07 16:00:00+00:00,1246.5888343802285
2024-02-08 00:00:00+00:00,1250.4238039075283
2024-02-08 08:00:00+00:00,1265.904348446535
2024-02-08 16:00:00+00:00,1246.0984397867717
2024-02-09 00:00:00+00:00,1269.7591195661305
2024-02-09 08:00:00+00:00,1303.2538515866634
2024-02-09 16:00:00+00:00,1321.3779212912827
2024-02-10 00:00:00+00:00,1329.8095135981564
2024-02-10 08:00:00+00:00,1330.2300378747739
2024-02-10 16:00:00+00:00,1345.4898424433434
2024-02-11 00:00:00+00:00,1372.174010588565
2024-02-11 08:00:00+00:00,1354.4582106945145
2024-02-11 16:00:00+00:00,1350.8264939440362
2024-02-12 00:00:00+00:00,1349.4004912004982
2024-02-12 08:00:00+00:00,1385.5022689935163
2024-02-12 16:00:00+00:00,1407.3932312549202
2024-02-13 00:00:00+00:00,1409.0755736687065
2024-02-13 08:00:00+00:00,1378.4174491268416
2024-02-13 16:00:00+00:00,1394.0402203260558
2024-02-14 00:00:00+00:00,1409.220046658709
2024-02-14 08:00:00+00:00,1440.3421724360212
2024-02-14 16:00:00+00:00,1449.5860150582894
2024-02-15 00:00:00+00:00,1451.2884498965195
2024-02-15 08:00:00+00:00,1459.5911039375176
2024-02-15 16:00:00+00:00,1454.6032891724215
2024-02-16 00:00:00+00:00,1439.4278586011244
2024-02-16 08:00:00+00:00,1421.1984853871984
2024-02-16 16:00:00+00:00,1429.5386159193847
2024-02-17 00:00:00+00:00,1422.9266058746678
2024-02-17 08:00:00+00:00,1391.688168992397
2024-02-17 16:00:00+00:00,1417.0393892077377
2024-02-18 00:00:00+00:00,1421.8781115228053
2024-02-18 08:00:00+00:00,1435.909695921936
2024-02-18 16:00:00+00:00,1445.7062901696554
2024-02-19 00:00:00+00:00,1464.9802817698924
2024-02-19 08:00:00+00:00,1449.5041628636
2024-02-19 16:00:00+00:00,1455.3981403626892
2024-02-20 00:00:00+00:00,1440.8742077658255
2024-02-20 08:00:00+00:00,1396.5453194892013
2024-02-20 16:00:00+00:00,1423.6892870996335
2024-02-21 00:00:00+00:00,1381.1363739275678
2024-02-21 08:00:00+00:00,1365.2849687181301
2024-02-21 16:00:00+00:00,1386.4704728171992
2024-02-22 00:00:00+00:00,1389.2958436799076
2024-02-22 08:00:00+00:00,1385.1107135800055
2024-02-22 16:00:00+00:00,1375.9265355424297
2024-02-23 00:00:00+00:00,1364.6657257679046
2024-02-23 08:00:00+00:00,1362.8213500919403
2024-02-23 16:00:00+00:00,1366.5287499268636
2024-02-24 00:00:00+00:00,1373.7951161886872
2024-02-24 08:00:00+00:00,1375.4172290471568
2024-02-24 16:00:00+00:00,1381.474496080339
2024-02-25 00:00:00+00:00,1378.0855948817025
2024-02-25 08:00:00+00:00,1374.1833350027425
2024-02-25 16:00:00+00:00,1380.4229619307944
2024-02-26 00:00:00+00:00,1387.4154748908675
2024-02-26 08:00:00+00:00,1423.8700769542272
2024-02-26 16:00:00+00:00,1446.9154633174633
2024-02-27 00:00:00+00:00,1451.2526215449839
2024-02-27 08:00:00+00:00,1448.5154320135355
2024-02-27 16:00:00+00:00,1464.0723041428685
2024-02-28 00:00:00+00:00,1478.8444235143952
2024-02-28 08:00:00+00:00,1525.228516102096
2024-02-28 16:00:00+00:00,1574.6955761411252
2024-02-29 00:00:00+00:00,1622.2937570453098
2024-02-29 08:00:00+00:00,1653.2624593266503
2024-02-29 16:00:00+00:00,1575.9072274363243
2024-03-01 00:00:00+00:00,1597.867209872244
2024-03-01 08:00:00+00:00,1604.3140792224756
2024-03-01 16:00:00+00:00,1646.7399010503163
2024-03-02 00:00:00+00:00,1686.4007224949598
2024-03-02 08:00:00+00:00,1672.0925867251663
2024-03-02 16:00:00+00:00,1710.9890951772545
2024-03-03 00:00:00+00:00,1628.8537470897734
2024-03-03 08:00:00+00:00,1673.5619155550064
2024-03-03 16:00:00+00:00,1704.0782841293903
2024-03-04 00:00:00+00:00,1729.8876773820714
2024-03-04 08:00:00+00:00,1763.365998342806
2024-03-04 16:00:00+00:00,1777.2626682379853
2024-03-05 00:00:00+00:00,1761.7059568050247
2024-03-05 08:00:00+00:00,1794.2835735644924
2024-03-05 16:00:00+00:00,1687.9138763397423
2024-03-06 00:00:00+00:00,1779.564171304005
2024-03-06 08:00:00+00:00,1764.9852552158109
2024-03-06 16:00:00+00:00,1834.051407284703
2024-03-07 00:00:00+00:00,1820.6040968364468
2024-03-07 08:00:00+00:00,1856.5716690249246
2024-03-07 16:00:00+00:00,1847.4266109708255
2024-03-08 00:00:00+00:00,1851.5939116955783
2024-03-08 08:00:00+00:00,1841.900677478564
2024-03-08 16:00:00+00:00,1873.5883920868291
2024-03-09 00:00:00+00:00,1924.6268386389654
2024-03-09 08:00:00+00:00,1911.9000883012757
2024-03-09 16:00:00+00:00,1916.508684959146
2024-03-10 00:00:00+00:00,1930.0799007500964
2024-03-10 08:00:00+00:00,1877.2289112556582
2024-03-10 16:00:00+00:00,1879.578753152321
2024-03-11 00:00:00+00:00,1954.1259728811192
2024-03-11 08:00:00+00:00,1980.308608285313
2024-03-11 16:00:00+00:00,2017.1920652285098
2024-03-12 00:00:00+00:00,1996.8828243389376
2024-03-12 08:00:00+00:00,2025.3038789530442
2024-03-12 16:00:00+00:00,2050.1749930253027
2024-03-13 00:00:00+00:00,2061.711265743721
2024-03-13 08:00:00+00:00,2032.6656699837083
2024-03-13 16:00:00+00:00,2062.9788965292532
2024-03-14 00:00:00+00:00,2091.494382208773
2024-03-14 08:00:00+00:00,2053.200863163974
2024-03-14 16:00:00+00:00,2129.201555574875
2024-03-15 00:00:00+00:00,2026.5299871087796
2024-03-15 08:00:00+00:00,2000.7990054339925
2024-03-15 16:00:00+00:00,2097.534738181091
2024-03-16 00:00:00+00:00,2141.5911219898376
2024-03-16 08:00:00+00:00,2089.1077558427787
2024-03-16 16:00:00+00:00,1949.3311242262894
2024-03-17 00:00:00+00:00,1985.0767080978226
2024-03-17 08:00:00+00:00,2134.816202591813
2024-03-17 16:00:00+00:00,2183.59387753875
2024-03-18 00:00:00+00:00,2211.5623054916828
2024-03-18 08:00:00+00:00,2204.242063095689
2024-03-18 16:00:00+00:00,2123.2507691475616
2024-03-19 00:00:00+00:00,2106.739516948644
2024-03-19 08:00:00+00:00,2149.865682687445
2024-03-19 16:00:00+00:00,1992.594956432723
2024-03-20 00:00:00+00:00,1965.6714620959442
2024-03-20 08:00:00+00:00,1936.1350700338164
2024-03-20 16:00:00+00:00,2068.7663468107125
2024-03-21 00:00:00+00:00,2052.32603328288
2024-03-21 08:00:00+00:00,2035.8511988799041
2024-03-21 16:00:00+00:00,2009.6318136404388
2024-03-22 00:00:00+00:00,2057.1950463857042
2024-03-22 08:00:00+00:00,2023.7969482300628
2024-03-22 16:00:00+00:00,2007.769859478659
2024-03-23 00:00:00+00:00,2004.9917207400117
2024-03-23 08:00:00+00:00,1996.0142586497668
2024-03-23 16:00:00+00:00,1965.574736534208
2024-03-24 00:00:00+00:00,2002.913305857386
2024-03-24 08:00:00+00:00,2014.1172025014043
2024-03-24 16:00:00+00:00,2056.835330319386
2024-03-25 00:00:00+00:00,2066.0141878188465
2024-03-25 08:00:00+00:00,2125.1899994176506
2024-03-25 16:00:00+00:00,2110.788918567137
2024-03-26 00:00:00+00:00,2170.7187013595794
2024-03-26 08:00:00+00:00,2165.6617043391766
2024-03-26 16:00:00+00:00,2161.926496738201
2024-03-27 00:00:00+00:00,2168.38290489289
2024-03-27 08:00:00+00:00,2140.838421450013
2024-03-27 16:00:00+00:00,2156.2407183607356
2024-03-28 00:00:00+00:00,2186.664075135966
2024-03-28 08:00:00+00:00,2199.9498882656603
2024-03-28 16:00:00+00:00,2203.518766121656
2024-03-29 00:00:00+00:00,2156.7159951203043
2024-03-29 08:00:00+00:00,2134.0772384493534
2024-03-29 16:00:00+00:00,2155.7355465685205
2024-03-30 00:00:00+00:00,2157.997609632499
2024-03-30 08:00:00+00:00,2154.37394070585
2024-03-30 16:00:00+00:00,2116.0780320158574
2024-03-31 00:00:00+00:00,2150.2861106284804
2024-03-31 08:00:00+00:00,2167.3310723661857
2024-03-31 16:00:00+00:00,2216.3958506737954
2024-04-01 00:00:00+00:00,2165.4594494458574
2024-04-01 08:00:00+00:00,2124.6855296536573
2024-04-01 16:00:00+00:00,2131.388591973889
2024-04-02 00:00:00+00:00,1986.8105757924764
2024-04-02 08:00:00+00:00,1956.4018792295697
2024-04-02 16:00:00+00:00,1955.7171385718395
2024-04-03 00:00:00+00:00,1955.7171385718395
2024-04-03 08:00:00+00:00,1955.7171385718395
2024-04-03 16:00:00+00:00,1955.7171385718395
2024-04-04 00:00:00+00:00,1955.7171385718395
2024-04-04 08:00:00+00:00,1955.7171385718395
2024-04-04 16:00:00+00:00,1955.7171385718395
2024-04-05 00:00:00+00:00,1955.7171385718395
2024-04-05 08:00:00+00:00,1955.7171385718395
2024-04-05 16:00:00+00:00,1955.7171385718395
2024-04-06 00:00:00+00:00,1955.7171385718395
2024-04-06 08:00:00+00:00,1955.7171385718395
2024-04-06 16:00:00+00:00,1955.7171385718395
2024-04-07 00:00:00+00:00,1955.7171385718395
2024-04-07 08:00:00+00:00,1955.7171385718395
2024-04-07 16:00:00+00:00,1955.7171385718395
2024-04-08 00:00:00+00:00,1955.7171385718395
2024-04-08 08:00:00+00:00,1961.5291117891757
2024-04-08 16:00:00+00:00,1960.1169883606292
2024-04-09 00:00:00+00:00,1933.5751181580522
2024-04-09 08:00:00+00:00,1907.6340648192925
2024-04-09 16:00:00+00:00,1897.4638531343314
2024-04-10 00:00:00+00:00,1886.287985907725
2024-04-10 08:00:00+00:00,1867.4087894064069
2024-04-10 16:00:00+00:00,1909.2019134188783
2024-04-11 00:00:00+00:00,1933.76890810388
2024-04-11 08:00:00+00:00,1875.2106868482688
2024-04-11 16:00:00+00:00,1871.9620247399532
2024-04-12 00:00:00+00:00,1887.020531182377
2024-04-12 08:00:00+00:00,1855.9416107992183
2024-04-12 16:00:00+00:00,1767.6852407192812
2024-04-13 00:00:00+00:00,1766.7572059679035
2024-04-13 08:00:00+00:00,1766.7572059679035
2024-04-13 16:00:00+00:00,1766.7572059679035
2024-04-14 00:00:00+00:00,1766.7572059679035
2024-04-14 08:00:00+00:00,1766.7572059679035
2024-04-14 16:00:00+00:00,1766.7572059679035
2024-04-15 00:00:00+00:00,1766.7572059679035
2024-04-15 08:00:00+00:00,1766.7572059679035
2024-04-15 16:00:00+00:00,1766.7572059679035
2024-04-16 00:00:00+00:00,1766.7572059679035
2024-04-16 08:00:00+00:00,1766.7572059679035
2024-04-16 16:00:00+00:00,1766.7572059679035
2024-04-17 00:00:00+00:00,1766.7572059679035
2024-04-17 08:00:00+00:00,1766.7572059679035
2024-04-17 16:00:00+00:00,1766.7572059679035
2024-04-18 00:00:00+00:00,1766.7572059679035
2024-04-18 08:00:00+00:00,1766.7572059679035
2024-04-18 16:00:00+00:00,1766.7572059679035
2024-04-19 00:00:00+00:00,1766.7572059679035
2024-04-19 08:00:00+00:00,1766.7572059679035
2024-04-19 16:00:00+00:00,1766.7572059679035
2024-04-20 00:00:00+00:00,1766.7572059679035
2024-04-20 08:00:00+00:00,1766.7572059679035
2024-04-20 16:00:00+00:00,1766.7572059679035
2024-04-21 00:00:00+00:00,1766.7572059679035
2024-04-21 08:00:00+00:00,1766.7572059679035
2024-04-21 16:00:00+00:00,1766.7572059679035
2024-04-22 00:00:00+00:00,1766.7572059679035
2024-04-22 08:00:00+00:00,1766.7572059679035
2024-04-22 16:00:00+00:00,1766.7572059679035
2024-04-23 00:00:00+00:00,1766.7572059679035
2024-04-23 08:00:00+00:00,1766.7572059679035
2024-04-23 16:00:00+00:00,1756.8542456968723
2024-04-24 00:00:00+00:00,1753.4124442600903
2024-04-24 08:00:00+00:00,1762.516756814499
2024-04-24 16:00:00+00:00,1754.8772427302576
2024-04-25 00:00:00+00:00,1746.4969409941602
2024-04-25 08:00:00+00:00,1775.1206132041657
2024-04-25 16:00:00+00:00,1774.809967096855
2024-04-26 00:00:00+00:00,1774.809967096855
2024-04-26 08:00:00+00:00,1754.9798642250635
2024-04-26 16:00:00+00:00,1754.672742748824
2024-04-27 00:00:00+00:00,1754.672742748824
2024-04-27 08:00:00+00:00,1756.1726707869634
2024-04-27 16:00:00+00:00,1760.396035303951
2024-04-28 00:00:00+00:00,1773.2838948530111
2024-04-28 08:00:00+00:00,1767.6111135882481
2024-04-28 16:00:00+00:00,1767.3017816433703
2024-04-29 00:00:00+00:00,1767.3017816433703
2024-04-29 08:00:00+00:00,1767.3017816433703
2024-04-29 16:00:00+00:00,1767.3017816433703
2024-04-30 00:00:00+00:00,1767.3017816433703
2024-04-30 08:00:00+00:00,1767.3017816433703
2024-04-30 16:00:00+00:00,1767.3017816433703
2024-05-01 00:00:00+00:00,1767.3017816433703
2024-05-01 08:00:00+00:00,1767.3017816433703
2024-05-01 16:00:00+00:00,1767.3017816433703
2024-05-02 00:00:00+00:00,1767.3017816433703
2024-05-02 08:00:00+00:00,1767.3017816433703
2024-05-02 16:00:00+00:00,1767.3017816433703
2024-05-03 00:00:00+00:00,1767.3017816433703
2024-05-03 08:00:00+00:00,1767.3017816433703
2024-05-03 16:00:00+00:00,1767.3017816433703
2024-05-04 00:00:00+00:00,1767.3017816433703
2024-05-04 08:00:00+00:00,1767.3017816433703
2024-05-04 16:00:00+00:00,1767.3017816433703
2024-05-05 00:00:00+00:00,1767.3017816433703
2024-05-05 08:00:00+00:00,1767.3017816433703
2024-05-05 16:00:00+00:00,1769.067900590016
2024-05-06 00:00:00+00:00,1763.9871021872311
2024-05-06 08:00:00+00:00,1757.0145695170254
2024-05-06 16:00:00+00:00,1758.7636022722515
2024-05-07 00:00:00+00:00,1764.5964749964287
2024-05-07 08:00:00+00:00,1767.9308851720248
2024-05-07 16:00:00+00:00,1747.4451430938145
2024-05-08 00:00:00+00:00,1746.708761255393
2024-05-08 08:00:00+00:00,1739.2127004780632
2024-05-08 16:00:00+00:00,1728.1947790389859
2024-05-09 00:00:00+00:00,1750.0891190826474
2024-05-09 08:00:00+00:00,1754.6154357260448
2024-05-09 16:00:00+00:00,1769.91094224547
2024-05-10 00:00:00+00:00,1769.91094224547
2024-05-10 08:00:00+00:00,1724.3186477964239
2024-05-10 16:00:00+00:00,1719.047349091829
2024-05-11 00:00:00+00:00,1723.3879979128
2024-05-11 08:00:00+00:00,1720.2285538489696
2024-05-11 16:00:00+00:00,1706.1731437982098
2024-05-12 00:00:00+00:00,1690.4548815808569
2024-05-12 08:00:00+00:00,1704.0604146971561
2024-05-12 16:00:00+00:00,1686.9609924277054
2024-05-13 00:00:00+00:00,1699.2135992804917
2024-05-13 08:00:00+00:00,1755.2936613136444
2024-05-13 16:00:00+00:00,1739.1080418336533
2024-05-14 00:00:00+00:00,1755.2228570797263
2024-05-14 08:00:00+00:00,1725.8647866524109
2024-05-14 16:00:00+00:00,1709.818575850168
2024-05-15 00:00:00+00:00,1718.2531102195478
2024-05-15 08:00:00+00:00,1775.6596100360932
2024-05-15 16:00:00+00:00,1827.0146404235165
2024-05-16 00:00:00+00:00,1841.236561425872
2024-05-16 08:00:00+00:00,1816.0479431285335
2024-05-16 16:00:00+00:00,1805.992870488617
2024-05-17 00:00:00+00:00,1874.2743290675965
2024-05-17 08:00:00+00:00,1866.7576563282823
2024-05-17 16:00:00+00:00,1864.1375186157345
2024-05-18 00:00:00+00:00,1867.6885157202964
2024-05-18 08:00:00+00:00,1861.6655997004793
2024-05-18 16:00:00+00:00,1859.6971519558533
2024-05-19 00:00:00+00:00,1874.7071318897329
2024-05-19 08:00:00+00:00,1850.7705240802904
2024-05-19 16:00:00+00:00,1836.5542649575575
2024-05-20 00:00:00+00:00,1870.4454960468613
2024-05-20 08:00:00+00:00,1878.8732061832789
2024-05-20 16:00:00+00:00,1975.7387994389699
2024-05-21 00:00:00+00:00,1958.1924770420355
2024-05-21 08:00:00+00:00,1944.6264546591053
2024-05-21 16:00:00+00:00,1959.1050946687074
2024-05-22 00:00:00+00:00,1952.8677803605208
2024-05-22 08:00:00+00:00,1953.1419463319887
2024-05-22 16:00:00+00:00,1929.1780716685482
2024-05-23 00:00:00+00:00,1946.132272207434
2024-05-23 08:00:00+00:00,1888.4808771079438
2024-05-23 16:00:00+00:00,1900.7329378442153
2024-05-24 00:00:00+00:00,1872.1677901673522
2024-05-24 08:00:00+00:00,1903.6410907663903
2024-05-24 16:00:00+00:00,1907.5665300416842
2024-05-25 00:00:00+00:00,1912.9448431890116
2024-05-25 08:00:00+00:00,1918.3257768481906
2024-05-25 16:00:00+00:00,1938.7680179037186
2024-05-26 00:00:00+00:00,1926.9619366391612
2024-05-26 08:00:00+00:00,1897.593524956647
2024-05-26 16:00:00+00:00,1890.484250975464
2024-05-27 00:00:00+00:00,1899.2219976066815
2024-05-27 08:00:00+00:00,1956.9798778731697
2024-05-27 16:00:00+00:00,1948.4707214502926
2024-05-28 00:00:00+00:00,1893.8818739276223
2024-05-28 08:00:00+00:00,1911.990348518075
2024-05-28 16:00:00+00:00,1909.1807260042997
2024-05-29 00:00:00+00:00,1908.4114669929916
2024-05-29 08:00:00+00:00,1894.666761325291
2024-05-29 16:00:00+00:00,1883.9120849745825
2024-05-30 00:00:00+00:00,1847.518183328212
2024-05-30 08:00:00+00:00,1890.0393001380592
2024-05-30 16:00:00+00:00,1863.9192825115424
2024-05-31 00:00:00+00:00,1861.3382570742842
2024-05-31 08:00:00+00:00,1840.8302982051741
2024-05-31 16:00:00+00:00,1865.4286011799945
2024-06-01 00:00:00+00:00,1864.7380859973055
2024-06-01 08:00:00+00:00,1873.5752299099274
2024-06-01 16:00:00+00:00,1872.15972639103
2024-06-02 00:00:00+00:00,1863.9306217477574
2024-06-02 08:00:00+00:00,1869.4286970920762
2024-06-02 16:00:00+00:00,1845.0498788094296
2024-06-03 00:00:00+00:00,1877.9258044811195
2024-06-03 08:00:00+00:00,1872.53344516376
2024-06-03 16:00:00+00:00,1850.4218253578608
2024-06-04 00:00:00+00:00,1849.2406286154376
2024-06-04 08:00:00+00:00,1880.962563403518
2024-06-04 16:00:00+00:00,1892.3710500815228
2024-06-05 00:00:00+00:00,1913.9743217812827
2024-06-05 08:00:00+00:00,1920.7323086160789
2024-06-05 16:00:00+00:00,1922.16656361512
2024-06-06 00:00:00+00:00,1907.1302093107347
2024-06-06 08:00:00+00:00,1915.4716097844966
2024-06-06 16:00:00+00:00,1889.6737359573167
2024-06-07 00:00:00+00:00,1907.8076106032315
2024-06-07 08:00:00+00:00,1909.2413881396474
2024-06-07 16:00:00+00:00,1798.0936542827087
2024-06-08 00:00:00+00:00,1820.9783040883963
2024-06-08 08:00:00+00:00,1783.2326078995466
2024-06-08 16:00:00+00:00,1774.644354275887
2024-06-09 00:00:00+00:00,1783.441107989234
2024-06-09 08:00:00+00:00,1791.0066035939467
2024-06-09 16:00:00+00:00,1800.6622196148528
2024-06-10 00:00:00+00:00,1747.8451163524546
2024-06-10 08:00:00+00:00,1780.9029124562203
2024-06-10 16:00:00+00:00,1751.6240252684709
2024-06-11 00:00:00+00:00,1715.953341762119
2024-06-11 08:00:00+00:00,1696.983855257891
2024-06-11 16:00:00+00:00,1696.815157412131
2024-06-12 00:00:00+00:00,1699.9352457368434
2024-06-12 08:00:00+00:00,1716.8104780972535
2024-06-12 16:00:00+00:00,1708.1397181068635
2024-06-13 00:00:00+00:00,1696.7772766830303
2024-06-13 08:00:00+00:00,1691.386063830951
2024-06-13 16:00:00+00:00,1691.0900712697803
2024-06-14 00:00:00+00:00,1691.0900712697803
2024-06-14 08:00:00+00:00,1691.0900712697803
2024-06-14 16:00:00+00:00,1691.0900712697803
2024-06-15 00:00:00+00:00,1691.0900712697803
2024-06-15 08:00:00+00:00,1691.0900712697803
2024-06-15 16:00:00+00:00,1691.0900712697803
2024-06-16 00:00:00+00:00,1691.0900712697803
2024-06-16 08:00:00+00:00,1691.0900712697803
2024-06-16 16:00:00+00:00,1691.0900712697803
2024-06-17 00:00:00+00:00,1691.0900712697803
2024-06-17 08:00:00+00:00,1691.0900712697803
2024-06-17 16:00:00+00:00,1691.0900712697803
2024-06-18 00:00:00+00:00,1691.0900712697803
2024-06-18 08:00:00+00:00,1691.0900712697803
2024-06-18 16:00:00+00:00,1691.0900712697803
2024-06-19 00:00:00+00:00,1691.0900712697803
2024-06-19 08:00:00+00:00,1691.0900712697803
2024-06-19 16:00:00+00:00,1691.0900712697803
2024-06-20 00:00:00+00:00,1691.0900712697803
2024-06-20 08:00:00+00:00,1691.0900712697803
2024-06-20 16:00:00+00:00,1691.0900712697803
2024-06-21 00:00:00+00:00,1691.0900712697803
2024-06-21 08:00:00+00:00,1691.0900712697803
2024-06-21 16:00:00+00:00,1691.0900712697803
2024-06-22 00:00:00+00:00,1691.0900712697803
2024-06-22 08:00:00+00:00,1691.0900712697803
2024-06-22 16:00:00+00:00,1691.0900712697803
2024-06-23 00:00:00+00:00,1691.0900712697803
2024-06-23 08:00:00+00:00,1691.0900712697803
2024-06-23 16:00:00+00:00,1691.0900712697803
2024-06-24 00:00:00+00:00,1691.0900712697803
2024-06-24 08:00:00+00:00,1691.0900712697803
2024-06-24 16:00:00+00:00,1691.0900712697803
2024-06-25 00:00:00+00:00,1691.0900712697803
2024-06-25 08:00:00+00:00,1691.0900712697803
2024-06-25 16:00:00+00:00,1691.0900712697803
2024-06-26 00:00:00+00:00,1691.0900712697803
2024-06-26 08:00:00+00:00,1691.0900712697803
2024-06-26 16:00:00+00:00,1691.0900712697803
2024-06-27 00:00:00+00:00,1691.0900712697803
2024-06-27 08:00:00+00:00,1691.0900712697803
2024-06-27 16:00:00+00:00,1691.0900712697803
2024-06-28 00:00:00+00:00,1691.0900712697803
2024-06-28 08:00:00+00:00,1691.0900712697803
2024-06-28 16:00:00+00:00,1691.0900712697803
2024-06-29 00:00:00+00:00,1691.0900712697803
2024-06-29 08:00:00+00:00,1691.0900712697803
2024-06-29 16:00:00+00:00,1691.0900712697803
2024-06-30 00:00:00+00:00,1691.0900712697803
2024-06-30 08:00:00+00:00,1691.0900712697803
2024-06-30 16:00:00+00:00,1691.0900712697803
2024-07-01 00:00:00+00:00,1691.0900712697803
2024-07-01 08:00:00+00:00,1691.0900712697803
2024-07-01 16:00:00+00:00,1691.0900712697803
2024-07-02 00:00:00+00:00,1691.0900712697803
2024-07-02 08:00:00+00:00,1691.0900712697803
2024-07-02 16:00:00+00:00,1691.0900712697803
2024-07-03 00:00:00+00:00,1691.0900712697803
2024-07-03 08:00:00+00:00,1691.0900712697803
2024-07-03 16:00:00+00:00,1691.0900712697803
2024-07-04 00:00:00+00:00,1691.0900712697803
2024-07-04 08:00:00+00:00,1691.0900712697803
2024-07-04 16:00:00+00:00,1691.0900712697803
2024-07-05 00:00:00+00:00,1691.0900712697803
2024-07-05 08:00:00+00:00,1691.0900712697803
2024-07-05 16:00:00+00:00,1691.0900712697803
2024-07-06 00:00:00+00:00,1691.0900712697803
2024-07-06 08:00:00+00:00,1691.0900712697803
2024-07-06 16:00:00+00:00,1691.0900712697803
2024-07-07 00:00:00+00:00,1691.0900712697803
2024-07-07 08:00:00+00:00,1691.0900712697803
2024-07-07 16:00:00+00:00,1691.0900712697803
2024-07-08 00:00:00+00:00,1691.0900712697803
2024-07-08 08:00:00+00:00,1691.0900712697803
2024-07-08 16:00:00+00:00,1691.0900712697803
2024-07-09 00:00:00+00:00,1691.0900712697803
2024-07-09 08:00:00+00:00,1691.0900712697803
2024-07-09 16:00:00+00:00,1691.0900712697803
2024-07-10 00:00:00+00:00,1691.0900712697803
2024-07-10 08:00:00+00:00,1691.0900712697803
2024-07-10 16:00:00+00:00,1691.0900712697803
2024-07-11 00:00:00+00:00,1691.0900712697803
2024-07-11 08:00:00+00:00,1691.0900712697803
2024-07-11 16:00:00+00:00,1691.0900712697803
2024-07-12 00:00:00+00:00,1691.0900712697803
2024-07-12 08:00:00+00:00,1691.0900712697803
2024-07-12 16:00:00+00:00,1691.0900712697803
2024-07-13 00:00:00+00:00,1691.0900712697803
2024-07-13 08:00:00+00:00,1708.020055562742
2024-07-13 16:00:00+00:00,1699.5022080248195
2024-07-14 00:00:00+00:00,1700.0680092628154
2024-07-14 08:00:00+00:00,1700.6331882127474
2024-07-14 16:00:00+00:00,1695.14826824912
2024-07-15 00:00:00+00:00,1703.4562267286985
2024-07-15 08:00:00+00:00,1690.5782489563908
2024-07-15 16:00:00+00:00,1726.9980673966454
2024-07-16 00:00:00+00:00,1707.8802516983612
2024-07-16 08:00:00+00:00,1790.7804456219217
2024-07-16 16:00:00+00:00,1790.3497117861532
2024-07-17 00:00:00+00:00,1812.1390842373153
2024-07-17 08:00:00+00:00,1786.468790193378
2024-07-17 16:00:00+00:00,1774.2908677606706
2024-07-18 00:00:00+00:00,1758.340299930318
2024-07-18 08:00:00+00:00,1720.427836070795
2024-07-18 16:00:00+00:00,1739.454235753197
2024-07-19 00:00:00+00:00,1733.38386497723
2024-07-19 08:00:00+00:00,1799.1008115432596
2024-07-19 16:00:00+00:00,1824.8702513115315
2024-07-20 00:00:00+00:00,1835.5893145649577
2024-07-20 08:00:00+00:00,1843.2037085386319
2024-07-20 16:00:00+00:00,1845.6421415187444
2024-07-21 00:00:00+00:00,1821.0047964831906
2024-07-21 08:00:00+00:00,1832.4773664804263
2024-07-21 16:00:00+00:00,1889.9628969011192
2024-07-22 00:00:00+00:00,1849.202584768591
2024-07-22 08:00:00+00:00,1852.6040582442142
2024-07-22 16:00:00+00:00,1838.6527459361123
2024-07-23 00:00:00+00:00,1805.8782564433018
2024-07-23 08:00:00+00:00,1805.0470563405977
2024-07-23 16:00:00+00:00,1791.354293442314
2024-07-24 00:00:00+00:00,1787.3678438244367
2024-07-24 08:00:00+00:00,1791.2594256089697
2024-07-24 16:00:00+00:00,1752.380260021757
2024-07-25 00:00:00+00:00,1700.7296339759982
2024-07-25 08:00:00+00:00,1691.8696587274221
2024-07-25 16:00:00+00:00,1701.0956728418423
2024-07-26 00:00:00+00:00,1744.8892608965414
2024-07-26 08:00:00+00:00,1764.488933152492
2024-07-26 16:00:00+00:00,1780.550805985939
2024-07-27 00:00:00+00:00,1794.090863279812
2024-07-27 08:00:00+00:00,1788.1846891026998
2024-07-27 16:00:00+00:00,1772.870671543523
2024-07-28 00:00:00+00:00,1758.1304392360717
2024-07-28 08:00:00+00:00,1749.5089457722738
2024-07-28 16:00:00+00:00,1745.2892328868309
2024-07-29 00:00:00+00:00,1803.574371750276
2024-07-29 08:00:00+00:00,1750.40551691043
2024-07-29 16:00:00+00:00,1730.6597097106524
2024-07-30 00:00:00+00:00,1743.0598727123013
2024-07-30 08:00:00+00:00,1725.8954234392068
2024-07-30 16:00:00+00:00,1705.249142457974
2024-07-31 00:00:00+00:00,1722.4961700393392
2024-07-31 08:00:00+00:00,1716.4018300493983
2024-07-31 16:00:00+00:00,1663.6207381216443
2024-08-01 00:00:00+00:00,1643.3282980488357
2024-08-01 08:00:00+00:00,1598.7073695170952
2024-08-01 16:00:00+00:00,1644.3338341969168
2024-08-02 00:00:00+00:00,1597.793460809981
2024-08-02 08:00:00+00:00,1561.5580531899811
2024-08-02 16:00:00+00:00,1532.625749898431
2024-08-03 00:00:00+00:00,1540.8511162221605
2024-08-03 08:00:00+00:00,1509.198346305259
2024-08-03 16:00:00+00:00,1498.4499260164794
2024-08-04 00:00:00+00:00,1492.4670305860398
2024-08-04 08:00:00+00:00,1479.3895422233174
2024-08-04 16:00:00+00:00,1475.3314800202284
2024-08-05 00:00:00+00:00,1475.073297011225
2024-08-05 08:00:00+00:00,1475.073297011225
2024-08-05 16:00:00+00:00,1475.073297011225
2024-08-06 00:00:00+00:00,1475.073297011225
2024-08-06 08:00:00+00:00,1475.073297011225
2024-08-06 16:00:00+00:00,1475.073297011225
2024-08-07 00:00:00+00:00,1475.073297011225
2024-08-07 08:00:00+00:00,1475.073297011225
2024-08-07 16:00:00+00:00,1475.073297011225
2024-08-08 00:00:00+00:00,1475.073297011225
2024-08-08 08:00:00+00:00,1475.073297011225
2024-08-08 16:00:00+00:00,1475.073297011225
2024-08-09 00:00:00+00:00,1475.073297011225
2024-08-09 08:00:00+00:00,1475.073297011225
2024-08-09 16:00:00+00:00,1475.073297011225
2024-08-10 00:00:00+00:00,1475.073297011225
2024-08-10 08:00:00+00:00,1494.8258434460279
2024-08-10 16:00:00+00:00,1487.2593230321654
2024-08-11 00:00:00+00:00,1474.6821626704348
2024-08-11 08:00:00+00:00,1480.1190466991927
2024-08-11 16:00:00+00:00,1468.7890917155844
2024-08-12 00:00:00+00:00,1480.219357020764
2024-08-12 08:00:00+00:00,1555.5035435196282
2024-08-12 16:00:00+00:00,1531.6592724435475
2024-08-13 00:00:00+00:00,1519.9958790927615
2024-08-13 08:00:00+00:00,1506.2388022501082
2024-08-13 16:00:00+00:00,1510.564626288805
2024-08-14 00:00:00+00:00,1503.3636097069832
2024-08-14 08:00:00+00:00,1491.1948900836946
2024-08-14 16:00:00+00:00,1503.0561954866942
2024-08-15 00:00:00+00:00,1490.9122799079503
2024-08-15 08:00:00+00:00,1471.0041738145164
2024-08-15 16:00:00+00:00,1467.358938450143
2024-08-16 00:00:00+00:00,1476.4402725607058
2024-08-16 08:00:00+00:00,1456.0254505796008
2024-08-16 16:00:00+00:00,1453.0910248607627
2024-08-17 00:00:00+00:00,1453.4926470612936
2024-08-17 08:00:00+00:00,1457.2416086354128
2024-08-17 16:00:00+00:00,1460.3916670355577
2024-08-18 00:00:00+00:00,1467.35767003615
2024-08-18 08:00:00+00:00,1460.793770042802
2024-08-18 16:00:00+00:00,1458.766848185238
2024-08-19 00:00:00+00:00,1465.4925385796857
2024-08-19 08:00:00+00:00,1468.5478303863508
2024-08-19 16:00:00+00:00,1492.3180398337668
2024-08-20 00:00:00+00:00,1495.5470901862698
2024-08-20 08:00:00+00:00,1481.1098781770459
2024-08-20 16:00:00+00:00,1479.7963867528701
2024-08-21 00:00:00+00:00,1478.4793883608934
2024-08-21 08:00:00+00:00,1465.8278850088366
2024-08-21 16:00:00+00:00,1470.8130991762296
2024-08-22 00:00:00+00:00,1467.3932076400006
2024-08-22 08:00:00+00:00,1466.2597488343367
2024-08-22 16:00:00+00:00,1480.8291141158672
2024-08-23 00:00:00+00:00,1500.5202927100431
2024-08-23 08:00:00+00:00,1550.0513262688294
2024-08-23 16:00:00+00:00,1592.298602865412
2024-08-24 00:00:00+00:00,1591.5570194455029
2024-08-24 08:00:00+00:00,1616.1378682585184
2024-08-24 16:00:00+00:00,1611.4591705316113
2024-08-25 00:00:00+00:00,1564.408774849683
2024-08-25 08:00:00+00:00,1600.054248248641
2024-08-25 16:00:00+00:00,1593.6676212469233
2024-08-26 00:00:00+00:00,1581.2711428741482
2024-08-26 08:00:00+00:00,1566.4908367422627
2024-08-26 16:00:00+00:00,1539.0639072205188
2024-08-27 00:00:00+00:00,1557.8029853823427
2024-08-27 08:00:00+00:00,1516.0166278980032
2024-08-27 16:00:00+00:00,1449.2452729116435
2024-08-28 00:00:00+00:00,1449.2452729116435
2024-08-28 08:00:00+00:00,1472.2224491339657
2024-08-28 16:00:00+00:00,1455.7466999217168
2024-08-29 00:00:00+00:00,1471.1443727608573
2024-08-29 08:00:00+00:00,1507.5197181619624
2024-08-29 16:00:00+00:00,1448.2800994890688
2024-08-30 00:00:00+00:00,1469.9809683041583
2024-08-30 08:00:00+00:00,1383.2181387922979
2024-08-30 16:00:00+00:00,1431.5055707323656
2024-08-31 00:00:00+00:00,1426.4541491811633
2024-08-31 08:00:00+00:00,1419.673683281838
2024-08-31 16:00:00+00:00,1401.42111986418
2024-09-01 00:00:00+00:00,1382.5501793764292
2024-09-01 08:00:00+00:00,1372.32543239472
2024-09-01 16:00:00+00:00,1329.3268559628923
2024-09-02 00:00:00+00:00,1333.5992813624266
2024-09-02 08:00:00+00:00,1358.6412762040889
2024-09-02 16:00:00+00:00,1371.593624582696
2024-09-03 00:00:00+00:00,1372.4512826349483
2024-09-03 08:00:00+00:00,1328.9551908765025
2024-09-03 16:00:00+00:00,1323.3150166636833
2024-09-04 00:00:00+00:00,1330.4453187861798
2024-09-04 08:00:00+00:00,1339.4345312727048
2024-09-04 16:00:00+00:00,1336.273452187532
2024-09-05 00:00:00+00:00,1324.3727239378104
2024-09-05 08:00:00+00:00,1314.5991018817363
2024-09-05 16:00:00+00:00,1313.4940285457515
2024-09-06 00:00:00+00:00,1316.7396330874938
2024-09-06 08:00:00+00:00,1328.5296322006059
2024-09-06 16:00:00+00:00,1310.8630786371039
2024-09-07 00:00:00+00:00,1344.2079993880739
2024-09-07 08:00:00+00:00,1351.078034179916
2024-09-07 16:00:00+00:00,1355.7984569125756
2024-09-08 00:00:00+00:00,1420.2181292142232
2024-09-08 08:00:00+00:00,1391.8798748835793
2024-09-08 16:00:00+00:00,1422.6134855735302
2024-09-09 00:00:00+00:00,1429.857501181333
2024-09-09 08:00:00+00:00,1412.6514337174535
2024-09-09 16:00:00+00:00,1451.787349240796
2024-09-10 00:00:00+00:00,1440.0399701313172
2024-09-10 08:00:00+00:00,1425.8946464832793
2024-09-10 16:00:00+00:00,1447.4761133201089
2024-09-11 00:00:00+00:00,1411.1705045647368
2024-09-11 08:00:00+00:00,1399.4704190106147
2024-09-11 16:00:00+00:00,1430.396720564841
2024-09-12 00:00:00+00:00,1484.876311942399
2024-09-12 08:00:00+00:00,1487.3241504313241
2024-09-12 16:00:00+00:00,1496.5681469101114
2024-09-13 00:00:00+00:00,1481.1301075193526
2024-09-13 08:00:00+00:00,1480.7153910892473
2024-09-13 16:00:00+00:00,1481.1086635574216
2024-09-14 00:00:00+00:00,1484.1636843462343
2024-09-14 08:00:00+00:00,1474.1648659907512
2024-09-14 16:00:00+00:00,1490.9427983042817
2024-09-15 00:00:00+00:00,1506.7000340818804
2024-09-15 08:00:00+00:00,1513.1641454013884
2024-09-15 16:00:00+00:00,1510.3715567783352
2024-09-16 00:00:00+00:00,1525.4374675514275
2024-09-16 08:00:00+00:00,1502.6993982087652
2024-09-16 16:00:00+00:00,1489.9933717301114
2024-09-17 00:00:00+00:00,1524.3528878510576
2024-09-17 08:00:00+00:00,1564.0218295682466
2024-09-17 16:00:00+00:00,1549.217884735337
2024-09-18 00:00:00+00:00,1555.769847197918
2024-09-18 08:00:00+00:00,1520.5850896827158
2024-09-18 16:00:00+00:00,1597.359545710584
2024-09-19 00:00:00+00:00,1638.3371164270907
2024-09-19 08:00:00+00:00,1641.9941034513024
2024-09-19 16:00:00+00:00,1647.4713363687126
2024-09-20 00:00:00+00:00,1709.7686226546175
2024-09-20 08:00:00+00:00,1690.8011274816301
2024-09-20 16:00:00+00:00,1692.426000546362
2024-09-21 00:00:00+00:00,1689.5310627654928
2024-09-21 08:00:00+00:00,1722.4452902399028
2024-09-21 16:00:00+00:00,1745.1077970878132
2024-09-22 00:00:00+00:00,1713.6885297974022
2024-09-22 08:00:00+00:00,1697.2276478925253
2024-09-22 16:00:00+00:00,1721.3477598609477
2024-09-23 00:00:00+00:00,1739.7501110865255
2024-09-23 08:00:00+00:00,1754.439578791921
2024-09-23 16:00:00+00:00,1750.4619863406178
2024-09-24 00:00:00+00:00,1756.415902254922
2024-09-24 08:00:00+00:00,1752.6153024809391
2024-09-24 16:00:00+00:00,1819.8474744473424
2024-09-25 00:00:00+00:00,1801.5186292769
2024-09-25 08:00:00+00:00,1793.7514231627022
2024-09-25 16:00:00+00:00,1778.5514758525421
2024-09-26 00:00:00+00:00,1823.1264567449052
2024-09-26 08:00:00+00:00,1868.4413591394155
2024-09-26 16:00:00+00:00,1842.9241434156106
2024-09-27 00:00:00+00:00,1875.4179980786519
2024-09-27 08:00:00+00:00,1881.9327665969238
2024-09-27 16:00:00+00:00,1878.0901965851833
2024-09-28 00:00:00+00:00,1859.1157668846877
2024-09-28 08:00:00+00:00,1884.012179400904
2024-09-28 16:00:00+00:00,1885.2714645375079
2024-09-29 00:00:00+00:00,1853.9607783685474
2024-09-29 08:00:00+00:00,1896.1765911399232
2024-09-29 16:00:00+00:00,1886.459961538033
2024-09-30 00:00:00+00:00,1872.9738226546401
2024-09-30 08:00:00+00:00,1824.273162608651
2024-09-30 16:00:00+00:00,1811.4120216854897
2024-10-01 00:00:00+00:00,1872.2940370140248
2024-10-01 08:00:00+00:00,1781.813119767018
2024-10-01 16:00:00+00:00,1723.8435624658646
2024-10-02 00:00:00+00:00,1768.000512219781
2024-10-02 08:00:00+00:00,1743.099316122366
2024-10-02 16:00:00+00:00,1689.0638370679628
2024-10-03 00:00:00+00:00,1695.006528100226
2024-10-03 08:00:00+00:00,1667.5836413391874
2024-10-03 16:00:00+00:00,1669.632659644827
2024-10-04 00:00:00+00:00,1689.6305805039876
2024-10-04 08:00:00+00:00,1734.448859513432
2024-10-04 16:00:00+00:00,1741.4999289839707
2024-10-05 00:00:00+00:00,1726.7288490060068
2024-10-05 08:00:00+00:00,1718.0576285512154
2024-10-05 16:00:00+00:00,1714.6811551992714
2024-10-06 00:00:00+00:00,1717.679930256342
2024-10-06 08:00:00+00:00,1746.3386141557276
2024-10-06 16:00:00+00:00,1756.41920144524
2024-10-07 00:00:00+00:00,1794.4172788779072
2024-10-07 08:00:00+00:00,1805.3879447030506
2024-10-07 16:00:00+00:00,1761.2838452366286
2024-10-08 00:00:00+00:00,1757.9056533648215
2024-10-08 08:00:00+00:00,1752.100317778293
2024-10-08 16:00:00+00:00,1757.8024148496302
2024-10-09 00:00:00+00:00,1750.9251458133522
2024-10-09 08:00:00+00:00,1754.4392774117769
2024-10-09 16:00:00+00:00,1675.5302903711472
2024-10-10 00:00:00+00:00,1653.4163066816436
2024-10-10 08:00:00+00:00,1619.7154554458082
2024-10-10 16:00:00+00:00,1634.7194220796941
2024-10-11 00:00:00+00:00,1646.8720998398594
2024-10-11 08:00:00+00:00,1730.8209324356435
2024-10-11 16:00:00+00:00,1735.0824299796527
2024-10-12 00:00:00+00:00,1731.5983367690546
2024-10-12 08:00:00+00:00,1809.035791512675
2024-10-12 16:00:00+00:00,1825.2235477446195
2024-10-13 00:00:00+00:00,1828.4851523006728
2024-10-13 08:00:00+00:00,1787.5887524196592
2024-10-13 16:00:00+00:00,1852.8876996457384
2024-10-14 00:00:00+00:00,1856.8673467300105
2024-10-14 08:00:00+00:00,1879.1992343981294
2024-10-14 16:00:00+00:00,1881.783795109423
2024-10-15 00:00:00+00:00,1868.5820636798774
2024-10-15 08:00:00+00:00,1831.8536000946372
2024-10-15 16:00:00+00:00,1856.3407434277833
2024-10-16 00:00:00+00:00,1840.8597241661794
2024-10-16 08:00:00+00:00,1847.8164038909733
2024-10-16 16:00:00+00:00,1875.2770126625994
2024-10-17 00:00:00+00:00,1867.714039487744
2024-10-17 08:00:00+00:00,1855.7973018378618
2024-10-17 16:00:00+00:00,1834.3826323183928
2024-10-18 00:00:00+00:00,1863.8129401910235
2024-10-18 08:00:00+00:00,1884.0416915548378
2024-10-18 16:00:00+00:00,1893.3826482448271
2024-10-19 00:00:00+00:00,1893.3660088546953
2024-10-19 08:00:00+00:00,1889.7675564523558
2024-10-19 16:00:00+00:00,1889.7108847901707
2024-10-20 00:00:00+00:00,1886.2174001541023
2024-10-20 08:00:00+00:00,1908.9349202068893
2024-10-20 16:00:00+00:00,1935.0802021791062
2024-10-21 00:00:00+00:00,1935.0845268405396
2024-10-21 08:00:00+00:00,1891.8757457099812
2024-10-21 16:00:00+00:00,1894.8387166617274
2024-10-22 00:00:00+00:00,1927.0636533292734
2024-10-22 08:00:00+00:00,1894.6719256241367
2024-10-22 16:00:00+00:00,1890.5768865883672
2024-10-23 00:00:00+00:00,1866.4712269617849
2024-10-23 08:00:00+00:00,1843.5773986752363
2024-10-23 16:00:00+00:00,1857.1194162624502
2024-10-24 00:00:00+00:00,1867.542444374652
2024-10-24 08:00:00+00:00,1874.1311215674027
2024-10-24 16:00:00+00:00,1880.505342611947
2024-10-25 00:00:00+00:00,1848.7660271627014
2024-10-25 08:00:00+00:00,1844.4242369659066
2024-10-25 16:00:00+00:00,1754.6110250087802
2024-10-26 00:00:00+00:00,1778.3723489561455
2024-10-26 08:00:00+00:00,1775.1747265916997
2024-10-26 16:00:00+00:00,1803.7230365101868
2024-10-27 00:00:00+00:00,1805.4685277667315
2024-10-27 08:00:00+00:00,1826.244652568393
2024-10-27 16:00:00+00:00,1837.6724802810606
2024-10-28 00:00:00+00:00,1832.3302272102992
2024-10-28 08:00:00+00:00,1828.2035896386278
2024-10-28 16:00:00+00:00,1904.1882165218062
2024-10-29 00:00:00+00:00,1938.460400222274
2024-10-29 08:00:00+00:00,1973.9710162671272
2024-10-29 16:00:00+00:00,1992.6283614425338
2024-10-30 00:00:00+00:00,1983.00944458122
2024-10-30 08:00:00+00:00,1954.4331197911717
2024-10-30 16:00:00+00:00,1975.3820788377961
2024-10-31 00:00:00+00:00,1968.1511024627816
2024-10-31 08:00:00+00:00,1914.6837855882675
2024-10-31 16:00:00+00:00,1872.738375448707
2024-11-01 00:00:00+00:00,1838.9419690956574
2024-11-01 08:00:00+00:00,1838.9257654175037
2024-11-01 16:00:00+00:00,1842.2534955306353
2024-11-02 00:00:00+00:00,1853.625939464455
2024-11-02 08:00:00+00:00,1826.2492200550248
2024-11-02 16:00:00+00:00,1838.411375355144
2024-11-03 00:00:00+00:00,1796.580899944991
2024-11-03 08:00:00+00:00,1755.8877115663618
2024-11-03 16:00:00+00:00,1793.3083445353668
2024-11-04 00:00:00+00:00,1785.9671608911647
2024-11-04 08:00:00+00:00,1820.852977727924
2024-11-04 16:00:00+00:00,1795.3714684507206
2024-11-05 00:00:00+00:00,1855.6973177290333
2024-11-05 08:00:00+00:00,1903.0975068204054
2024-11-05 16:00:00+00:00,1891.749716865773
2024-11-06 00:00:00+00:00,2104.4933742726694
2024-11-06 08:00:00+00:00,2102.362867424071
2024-11-06 16:00:00+00:00,2148.9818496870075
2024-11-07 00:00:00+00:00,2146.9649366665676
2024-11-07 08:00:00+00:00,2184.513984283038
2024-11-07 16:00:00+00:00,2194.472147136921
2024-11-08 00:00:00+00:00,2213.2161931833934
2024-11-08 08:00:00+00:00,2227.0355738450885
2024-11-08 16:00:00+00:00,2245.066400137554
2024-11-09 00:00:00+00:00,2260.9691326553134
2024-11-09 08:00:00+00:00,2258.0973706638247
2024-11-09 16:00:00+00:00,2357.461580240115
2024-11-10 00:00:00+00:00,2453.657677020532
2024-11-10 08:00:00+00:00,2512.0921926083006
2024-11-10 16:00:00+00:00,2515.6172681357675
2024-11-11 00:00:00+00:00,2503.3231483419017
2024-11-11 08:00:00+00:00,2596.0791956499165
2024-11-11 16:00:00+00:00,2768.641167549299
2024-11-12 00:00:00+00:00,2773.7789072305422
2024-11-12 08:00:00+00:00,2675.3220288892007
2024-11-12 16:00:00+00:00,2723.24959740971
2024-11-13 00:00:00+00:00,2619.402016675923
2024-11-13 08:00:00+00:00,2816.7848230207196
2024-11-13 16:00:00+00:00,2701.239651110283
2024-11-14 00:00:00+00:00,2744.4592995242992
2024-11-14 08:00:00+00:00,2655.4502910363567
2024-11-14 16:00:00+00:00,2668.0235469708387
2024-11-15 00:00:00+00:00,2683.718005742363
2024-11-15 08:00:00+00:00,2709.957574587108
2024-11-15 16:00:00+00:00,2825.9879453613225
2024-11-16 00:00:00+00:00,2915.7054575417833
2024-11-16 08:00:00+00:00,2927.079530466658
2024-11-16 16:00:00+00:00,2965.682820252382
2024-11-17 00:00:00+00:00,3000.573898995275
2024-11-17 08:00:00+00:00,2976.5064152393925
2024-11-17 16:00:00+00:00,2932.7399762144855
2024-11-18 00:00:00+00:00,3040.218694927943
2024-11-18 08:00:00+00:00,3052.3928610424946
2024-11-18 16:00:00+00:00,3029.1887517227947
2024-11-19 00:00:00+00:00,3014.762044223363
2024-11-19 08:00:00+00:00,2995.4181458666817
2024-11-19 16:00:00+00:00,2988.665159734369
2024-11-20 00:00:00+00:00,2976.1652929395727
2024-11-20 08:00:00+00:00,3025.456260576957
2024-11-20 16:00:00+00:00,2936.364044395649
2024-11-21 00:00:00+00:00,2979.7210576747552
2024-11-21 08:00:00+00:00,3026.6283936266027
2024-11-21 16:00:00+00:00,3114.5707903674456
2024-11-22 00:00:00+00:00,3134.548513811038
2024-11-22 08:00:00+00:00,3187.5107051422037
2024-11-22 16:00:00+00:00,3303.0977092749013
2024-11-23 00:00:00+00:00,3393.878410338086
2024-11-23 08:00:00+00:00,3431.5415988328023
2024-11-23 16:00:00+00:00,3320.017225537428
2024-11-24 00:00:00+00:00,3383.733706529725
2024-11-24 08:00:00+00:00,3155.42547686072
2024-11-24 16:00:00+00:00,3350.8800932951085
2024-11-25 00:00:00+00:00,3395.967355889272
2024-11-25 08:00:00+00:00,3341.9489082204877
2024-11-25 16:00:00+00:00,3203.704182337101
2024-11-26 00:00:00+00:00,3208.1754147567553
2024-11-26 08:00:00+00:00,3132.7067741557457
2024-11-26 16:00:00+00:00,3229.126599966704
2024-11-27 00:00:00+00:00,3279.972868545646
2024-11-27 08:00:00+00:00,3346.356635990731
2024-11-27 16:00:00+00:00,3378.890806338043
2024-11-28 00:00:00+00:00,3348.192610831453
2024-11-28 08:00:00+00:00,3273.3543208075457
2024-11-28 16:00:00+00:00,3373.234167245619
2024-11-29 00:00:00+00:00,3347.3996451779985
2024-11-29 08:00:00+00:00,3459.579439512443
2024-11-29 16:00:00+00:00,3492.876592434655
2024-11-30 00:00:00+00:00,3528.361230966404
2024-11-30 08:00:00+00:00,3525.6085754895075
2024-11-30 16:00:00+00:00,3528.9556822716277
2024-12-01 00:00:00+00:00,3493.9064537346617
2024-12-01 08:00:00+00:00,3545.8368918618653
2024-12-01 16:00:00+00:00,3596.0581795475846
2024-12-02 00:00:00+00:00,3596.5575977583467
2024-12-02 08:00:00+00:00,3681.542259365434
2024-12-02 16:00:00+00:00,3807.184665715385
2024-12-03 00:00:00+00:00,3796.638524943444
2024-12-03 08:00:00+00:00,3754.049440582975
2024-12-03 16:00:00+00:00,3816.015045443664
2024-12-04 00:00:00+00:00,3896.5548493383635
2024-12-04 08:00:00+00:00,3907.691791865971
2024-12-04 16:00:00+00:00,3859.745785422342
2024-12-05 00:00:00+00:00,3902.3285829111073
2024-12-05 08:00:00+00:00,3993.3668394664032
2024-12-05 16:00:00+00:00,3858.5854847276532
2024-12-06 00:00:00+00:00,3992.4746602429896
2024-12-06 08:00:00+00:00,3957.3169061405097
2024-12-06 16:00:00+00:00,4038.115267652925
2024-12-07 00:00:00+00:00,4031.7212426466717
2024-12-07 08:00:00+00:00,4062.482534507498
2024-12-07 16:00:00+00:00,4036.896589917508
2024-12-08 00:00:00+00:00,4041.1452706609775
2024-12-08 08:00:00+00:00,4049.6096519675557
2024-12-08 16:00:00+00:00,4100.297097641857
2024-12-09 00:00:00+00:00,3956.3008131474944
2024-12-09 08:00:00+00:00,3814.119002495959
2024-12-09 16:00:00+00:00,3587.7291381311143
2024-12-10 00:00:00+00:00,3600.993119367495
2024-12-10 08:00:00+00:00,3371.3094190831207
2024-12-10 16:00:00+00:00,3536.1295792535275
2024-12-11 00:00:00+00:00,3504.242808357042
2024-12-11 08:00:00+00:00,3745.4963281779023
2024-12-11 16:00:00+00:00,3799.2877490788865
2024-12-12 00:00:00+00:00,3985.801588456553
2024-12-12 08:00:00+00:00,3985.833108947322
2024-12-12 16:00:00+00:00,3950.231242567023
2024-12-13 00:00:00+00:00,3927.8407632186695
2024-12-13 08:00:00+00:00,3948.0970387787293
2024-12-13 16:00:00+00:00,4008.089656007236
2024-12-14 00:00:00+00:00,4015.3302295010676
2024-12-14 08:00:00+00:00,3944.667832885238
2024-12-14 16:00:00+00:00,3892.4451452537646
2024-12-15 00:00:00+00:00,3845.9940386816147
2024-12-15 08:00:00+00:00,3937.9379956098896
2024-12-15 16:00:00+00:00,3992.1502227620276
2024-12-16 00:00:00+00:00,3992.1502227620276
2024-12-16 08:00:00+00:00,3968.2940552100235
2024-12-16 16:00:00+00:00,3965.70539446556
2024-12-17 00:00:00+00:00,3985.5737240969147
2024-12-17 08:00:00+00:00,3949.35665004304
2024-12-17 16:00:00+00:00,3898.386508184306
2024-12-18 00:00:00+00:00,3807.9447676611026
2024-12-18 08:00:00+00:00,3807.3225148368747
2024-12-18 16:00:00+00:00,3563.1629977822213
2024-12-19 00:00:00+00:00,3615.793281138853
2024-12-19 08:00:00+00:00,3550.8529567979267
2024-12-19 16:00:00+00:00,3369.5781509264425
2024-12-20 00:00:00+00:00,3361.5516069333203
2024-12-20 08:00:00+00:00,3389.949830390077
2024-12-20 16:00:00+00:00,3503.3150807403736
2024-12-21 00:00:00+00:00,3621.325951066819
2024-12-21 08:00:00+00:00,3481.37683634151
2024-12-21 16:00:00+00:00,3400.1911482079827
2024-12-22 00:00:00+00:00,3406.2021676759805
2024-12-22 08:00:00+00:00,3322.6153284750276
2024-12-22 16:00:00+00:00,3373.759358065555
2024-12-23 00:00:00+00:00,3355.273279233502
2024-12-23 08:00:00+00:00,3312.186393611813
2024-12-23 16:00:00+00:00,3499.6716683615805
2024-12-24 00:00:00+00:00,3435.583227277874
2024-12-24 08:00:00+00:00,3433.300461024141
2024-12-24 16:00:00+00:00,3435.8927482209365
2024-12-25 00:00:00+00:00,3378.972341015718
2024-12-25 08:00:00+00:00,3364.448814849176
2024-12-25 16:00:00+00:00,3352.960943468904
2024-12-26 00:00:00+00:00,3256.838839778737
2024-12-26 08:00:00+00:00,3254.5590525908915
2024-12-26 16:00:00+00:00,3243.08831764891
2024-12-27 00:00:00+00:00,3242.300295032355
2024-12-27 08:00:00+00:00,3242.300295032355
2024-12-27 16:00:00+00:00,3242.300295032355
2024-12-28 00:00:00+00:00,3242.300295032355
2024-12-28 08:00:00+00:00,3242.300295032355
2024-12-28 16:00:00+00:00,3242.300295032355
2024-12-29 00:00:00+00:00,3242.300295032355
2024-12-29 08:00:00+00:00,3215.7861303197737
2024-12-29 16:00:00+00:00,3195.514873368351
2024-12-30 00:00:00+00:00,3198.3457081596807
2024-12-30 08:00:00+00:00,3175.0597249674565
2024-12-30 16:00:00+00:00,3224.9224995985614
2024-12-31 00:00:00+00:00,3220.6031659309256
2024-12-31 08:00:00+00:00,3252.2287764394073
2024-12-31 16:00:00+00:00,3207.346282527426
2025-01-01 00:00:00+00:00,3206.448225568319
2025-01-01 08:00:00+00:00,3206.448225568319
2025-01-01 16:00:00+00:00,3206.448225568319
2025-01-02 00:00:00+00:00,3206.448225568319
2025-01-02 08:00:00+00:00,3226.5238418935405
2025-01-02 16:00:00+00:00,3225.3970251144983
2025-01-03 00:00:00+00:00,3224.4939139474664
2025-01-03 08:00:00+00:00,3224.4939139474664
2025-01-03 16:00:00+00:00,3309.1323239183926
2025-01-04 00:00:00+00:00,3318.992470640376
2025-01-04 08:00:00+00:00,3336.6434872881564
2025-01-04 16:00:00+00:00,3364.2410954115667
2025-01-05 00:00:00+00:00,3334.2688813038344
2025-01-05 08:00:00+00:00,3348.9182062155037
2025-01-05 16:00:00+00:00,3353.4022206461677
2025-01-06 00:00:00+00:00,3335.7833539602448
2025-01-06 08:00:00+00:00,3358.8527516482595
2025-01-06 16:00:00+00:00,3292.1973662537252
2025-01-07 00:00:00+00:00,3285.297501298885
2025-01-07 08:00:00+00:00,3126.3576826971425
2025-01-07 16:00:00+00:00,3097.3503789914266
2025-01-08 00:00:00+00:00,3045.074095478919
2025-01-08 08:00:00+00:00,3053.1533651874183
2025-01-08 16:00:00+00:00,3127.485257672051
2025-01-09 00:00:00+00:00,3011.991948367788
2025-01-09 08:00:00+00:00,3045.124291092814
2025-01-09 16:00:00+00:00,2969.9581962203497
2025-01-10 00:00:00+00:00,3111.299049323741
2025-01-10 08:00:00+00:00,3079.443488875347
2025-01-10 16:00:00+00:00,3132.149012560337
2025-01-11 00:00:00+00:00,3101.944584506895
2025-01-11 08:00:00+00:00,3118.77214926713
2025-01-11 16:00:00+00:00,3189.1135748288693
2025-01-12 00:00:00+00:00,3157.8965221213407
2025-01-12 08:00:00+00:00,3176.3490409123765
2025-01-12 16:00:00+00:00,3126.118431991054
2025-01-13 00:00:00+00:00,3035.9588582502174
2025-01-13 08:00:00+00:00,3023.122808277158
2025-01-13 16:00:00+00:00,3050.218227774526
2025-01-14 00:00:00+00:00,3018.2838572983314
2025-01-14 08:00:00+00:00,3089.1842076726252
2025-01-14 16:00:00+00:00,3123.866390626569
2025-01-15 00:00:00+00:00,3211.282628161605
2025-01-15 08:00:00+00:00,3326.785027084104
2025-01-15 16:00:00+00:00,3414.552079249325
2025-01-16 00:00:00+00:00,3356.167646809938
2025-01-16 08:00:00+00:00,3397.673017204329
2025-01-16 16:00:00+00:00,3381.256613867685
2025-01-17 00:00:00+00:00,3476.1296852545656
2025-01-17 08:00:00+00:00,3530.6629445772683
2025-01-17 16:00:00+00:00,3572.8813108164013
2025-01-18 00:00:00+00:00,3446.4227900414535
2025-01-18 08:00:00+00:00,3523.5241120332644
2025-01-18 16:00:00+00:00,3560.4141911221222
2025-01-19 00:00:00+00:00,3522.1772992131137
2025-01-19 08:00:00+00:00,3555.0705727984478
2025-01-19 16:00:00+00:00,3323.5640602509156
2025-01-20 00:00:00+00:00,3522.289028193342
2025-01-20 08:00:00+00:00,3444.605767984495
2025-01-20 16:00:00+00:00,3315.1285614490525
2025-01-21 00:00:00+00:00,3244.281367046681
2025-01-21 08:00:00+00:00,3378.2286637534858
2025-01-21 16:00:00+00:00,3455.9424518774135
2025-01-22 00:00:00+00:00,3426.5995566731162
2025-01-22 08:00:00+00:00,3404.520682834796
2025-01-22 16:00:00+00:00,3392.0846917317353
2025-01-23 00:00:00+00:00,3321.503695996116
2025-01-23 08:00:00+00:00,3355.151633350273
2025-01-23 16:00:00+00:00,3358.1357265120187
2025-01-24 00:00:00+00:00,3410.5658433088497
2025-01-24 08:00:00+00:00,3432.2758831873543
2025-01-24 16:00:00+00:00,3345.9129648018907
2025-01-25 00:00:00+00:00,3317.765865218215
2025-01-25 08:00:00+00:00,3356.724804460449
2025-01-25 16:00:00+00:00,3348.9630261511984
2025-01-26 00:00:00+00:00,3393.6343689384507
2025-01-26 08:00:00+00:00,3364.530555838489
2025-01-26 16:00:00+00:00,3254.3085679386127
2025-01-27 00:00:00+00:00,3058.546094163619
2025-01-27 08:00:00+00:00,3154.1651755494713
2025-01-27 16:00:00+00:00,3207.2606672171696
2025-01-28 00:00:00+00:00,3237.3188208742476
2025-01-28 08:00:00+00:00,3246.753169999484
2025-01-28 16:00:00+00:00,3122.291621767506
2025-01-29 00:00:00+00:00,3202.7469619337385
2025-01-29 08:00:00+00:00,3135.953172896274
2025-01-29 16:00:00+00:00,3179.456975418244
2025-01-30 00:00:00+00:00,3257.0819849793666
2025-01-30 08:00:00+00:00,3288.1901496632468
2025-01-30 16:00:00+00:00,3259.162471434907
2025-01-31 00:00:00+00:00,3246.699862058515
2025-01-31 08:00:00+00:00,3333.6527337579105
2025-01-31 16:00:00+00:00,3232.14305414425
2025-02-01 00:00:00+00:00,3223.8410521026403
2025-02-01 08:00:00+00:00,3173.2133420861223
2025-02-01 16:00:00+00:00,3039.8858417287825
2025-02-02 00:00:00+00:00,3018.901632667544
2025-02-02 08:00:00+00:00,2983.0816490984917
2025-02-02 16:00:00+00:00,2811.946981638507
2025-02-03 00:00:00+00:00,2701.5891893547355
2025-02-03 08:00:00+00:00,2783.2553777397484
2025-02-03 16:00:00+00:00,2904.3312282944667
2025-02-04 00:00:00+00:00,2717.231188518715
2025-02-04 08:00:00+00:00,2786.4870520749846
2025-02-04 16:00:00+00:00,2721.8528789434263
2025-02-05 00:00:00+00:00,2713.2387123447347
2025-02-05 08:00:00+00:00,2695.3012607602204
2025-02-05 16:00:00+00:00,2694.546576407208
2025-02-06 00:00:00+00:00,2694.546576407208
2025-02-06 08:00:00+00:00,2694.546576407208
2025-02-06 16:00:00+00:00,2694.546576407208
2025-02-07 00:00:00+00:00,2694.546576407208
2025-02-07 08:00:00+00:00,2694.546576407208
2025-02-07 16:00:00+00:00,2694.546576407208
2025-02-08 00:00:00+00:00,2694.546576407208
2025-02-08 08:00:00+00:00,2694.546576407208
2025-02-08 16:00:00+00:00,2694.546576407208
2025-02-09 00:00:00+00:00,2694.546576407208
2025-02-09 08:00:00+00:00,2694.546576407208
2025-02-09 16:00:00+00:00,2694.546576407208
2025-02-10 00:00:00+00:00,2694.546576407208
2025-02-10 08:00:00+00:00,2694.546576407208
2025-02-10 16:00:00+00:00,2694.546576407208
2025-02-11 00:00:00+00:00,2694.546576407208
2025-02-11 08:00:00+00:00,2694.546576407208
2025-02-11 16:00:00+00:00,2694.546576407208
2025-02-12 00:00:00+00:00,2694.546576407208
2025-02-12 08:00:00+00:00,2694.546576407208
2025-02-12 16:00:00+00:00,2694.546576407208
2025-02-13 00:00:00+00:00,2694.546576407208
2025-02-13 08:00:00+00:00,2694.546576407208
2025-02-13 16:00:00+00:00,2694.546576407208
2025-02-14 00:00:00+00:00,2694.546576407208
2025-02-14 08:00:00+00:00,2694.546576407208
2025-02-14 16:00:00+00:00,2694.546576407208
2025-02-15 00:00:00+00:00,2694.546576407208
2025-02-15 08:00:00+00:00,2694.546576407208
2025-02-15 16:00:00+00:00,2694.546576407208
2025-02-16 00:00:00+00:00,2694.546576407208
2025-02-16 08:00:00+00:00,2694.546576407208
2025-02-16 16:00:00+00:00,2694.546576407208
2025-02-17 00:00:00+00:00,2694.546576407208
2025-02-17 08:00:00+00:00,2694.546576407208
2025-02-17 16:00:00+00:00,2694.546576407208
2025-02-18 00:00:00+00:00,2694.546576407208
2025-02-18 08:00:00+00:00,2694.546576407208
2025-02-18 16:00:00+00:00,2694.546576407208
2025-02-19 00:00:00+00:00,2694.546576407208
2025-02-19 08:00:00+00:00,2694.546576407208
2025-02-19 16:00:00+00:00,2694.546576407208
2025-02-20 00:00:00+00:00,2694.546576407208
2025-02-20 08:00:00+00:00,2694.546576407208
2025-02-20 16:00:00+00:00,2694.546576407208
2025-02-21 00:00:00+00:00,2694.546576407208
2025-02-21 08:00:00+00:00,2694.546576407208
2025-02-21 16:00:00+00:00,2694.546576407208
2025-02-22 00:00:00+00:00,2694.546576407208
2025-02-22 08:00:00+00:00,2694.546576407208
2025-02-22 16:00:00+00:00,2694.546576407208
2025-02-23 00:00:00+00:00,2696.1547044849776
2025-02-23 08:00:00+00:00,2616.565964565274
2025-02-23 16:00:00+00:00,2628.3348188097602
2025-02-24 00:00:00+00:00,2627.5988850604936
2025-02-24 08:00:00+00:00,2524.382539568973
2025-02-24 16:00:00+00:00,2522.6154717912746
2025-02-25 00:00:00+00:00,2522.6154717912746
2025-02-25 08:00:00+00:00,2522.6154717912746
2025-02-25 16:00:00+00:00,2522.6154717912746
2025-02-26 00:00:00+00:00,2522.6154717912746
2025-02-26 08:00:00+00:00,2522.6154717912746
2025-02-26 16:00:00+00:00,2545.153771178757
2025-02-27 00:00:00+00:00,2584.418144938478
2025-02-27 08:00:00+00:00,2601.1186596444113
2025-02-27 16:00:00+00:00,2587.3649237393056
2025-02-28 00:00:00+00:00,2513.281586409079
2025-02-28 08:00:00+00:00,2598.6786703113726
2025-02-28 16:00:00+00:00,2640.859913229668
2025-03-01 00:00:00+00:00,2635.5771871826096
2025-03-01 08:00:00+00:00,2631.165361717876
2025-03-01 16:00:00+00:00,2616.372496558077
2025-03-02 00:00:00+00:00,2599.7015362420825
2025-03-02 08:00:00+00:00,2615.5145594534115
2025-03-02 16:00:00+00:00,2864.534618358396
2025-03-03 00:00:00+00:00,2672.065355531985
2025-03-03 08:00:00+00:00,2614.054212325719
2025-03-03 16:00:00+00:00,2468.4018088675716
2025-03-04 00:00:00+00:00,2467.19200977609
2025-03-04 08:00:00+00:00,2467.19200977609
2025-03-04 16:00:00+00:00,2481.6760551814746
2025-03-05 00:00:00+00:00,2481.1831420581398
2025-03-05 08:00:00+00:00,2481.0360099515447
2025-03-05 16:00:00+00:00,2495.945557674331
2025-03-06 00:00:00+00:00,2490.167273967077
2025-03-06 08:00:00+00:00,2489.5507101351627
2025-03-06 16:00:00+00:00,2489.5507101351627
2025-03-07 00:00:00+00:00,2489.5507101351627
2025-03-07 08:00:00+00:00,2489.5507101351627
2025-03-07 16:00:00+00:00,2485.4020027855186
2025-03-08 00:00:00+00:00,2459.619435323119
2025-03-08 08:00:00+00:00,2433.576725622767
2025-03-08 16:00:00+00:00,2432.924638130013
2025-03-09 00:00:00+00:00,2448.281022213091
2025-03-09 08:00:00+00:00,2429.858948681179
2025-03-09 16:00:00+00:00,2429.2013229707704
2025-03-10 00:00:00+00:00,2429.2013229707704
2025-03-10 08:00:00+00:00,2429.2013229707704
2025-03-10 16:00:00+00:00,2429.2013229707704
2025-03-11 00:00:00+00:00,2429.2013229707704
2025-03-11 08:00:00+00:00,2429.2013229707704
2025-03-11 16:00:00+00:00,2429.2013229707704
2025-03-12 00:00:00+00:00,2429.2013229707704
2025-03-12 08:00:00+00:00,2429.2013229707704
2025-03-12 16:00:00+00:00,2429.2013229707704
2025-03-13 00:00:00+00:00,2429.2013229707704
2025-03-13 08:00:00+00:00,2429.2013229707704
2025-03-13 16:00:00+00:00,2429.2013229707704
2025-03-14 00:00:00+00:00,2429.2013229707704
2025-03-14 08:00:00+00:00,2429.2013229707704
2025-03-14 16:00:00+00:00,2429.2013229707704
2025-03-15 00:00:00+00:00,2429.2013229707704
2025-03-15 08:00:00+00:00,2429.2013229707704
2025-03-15 16:00:00+00:00,2429.2013229707704
2025-03-16 00:00:00+00:00,2429.2013229707704
2025-03-16 08:00:00+00:00,2429.2013229707704
2025-03-16 16:00:00+00:00,2429.2013229707704
2025-03-17 00:00:00+00:00,2446.5646226707654
2025-03-17 08:00:00+00:00,2456.2624395825255
2025-03-17 16:00:00+00:00,2452.641615337607
2025-03-18 00:00:00+00:00,2432.1206796268516
2025-03-18 08:00:00+00:00,2410.146722477697
2025-03-18 16:00:00+00:00,2409.471881395403
2025-03-19 00:00:00+00:00,2412.4671278184333
2025-03-19 08:00:00+00:00,2522.324551479716
2025-03-19 16:00:00+00:00,2519.4414680492578
2025-03-20 00:00:00+00:00,2473.691104139387
2025-03-20 08:00:00+00:00,2422.5208553182183
2025-03-20 16:00:00+00:00,2414.6974159293127
2025-03-21 00:00:00+00:00,2403.07604147942
2025-03-21 08:00:00+00:00,2388.8651744094996
2025-03-21 16:00:00+00:00,2392.0873456774157
2025-03-22 00:00:00+00:00,2400.5286233729216
2025-03-22 08:00:00+00:00,2390.9720755543485
2025-03-22 16:00:00+00:00,2390.302603373194
2025-03-23 00:00:00+00:00,2390.302603373194
2025-03-23 08:00:00+00:00,2390.302603373194
2025-03-23 16:00:00+00:00,2390.302603373194
2025-03-24 00:00:00+00:00,2427.0945186505583
2025-03-24 08:00:00+00:00,2464.805186961189
2025-03-24 16:00:00+00:00,2451.446165188065
2025-03-25 00:00:00+00:00,2450.6851924375615
2025-03-25 08:00:00+00:00,2481.086973698807
2025-03-25 16:00:00+00:00,2489.1912258933835
2025-03-26 00:00:00+00:00,2497.459359390196
2025-03-26 08:00:00+00:00,2441.4383322669078
2025-03-26 16:00:00+00:00,2435.381102287973
2025-03-27 00:00:00+00:00,2436.8390895840407
2025-03-27 08:00:00+00:00,2429.644312039618
2025-03-27 16:00:00+00:00,2433.856201257195
2025-03-28 00:00:00+00:00,2299.277817192322
2025-03-28 08:00:00+00:00,2265.1014192195667
2025-03-28 16:00:00+00:00,2247.21683382737
2025-03-29 00:00:00+00:00,2222.601596942526
2025-03-29 08:00:00+00:00,2221.9792684953827
2025-03-29 16:00:00+00:00,2203.5803965106597
2025-03-30 00:00:00+00:00,2234.051608052422
2025-03-30 08:00:00+00:00,2217.7329715944575
2025-03-30 16:00:00+00:00,2194.2831027105617
2025-03-31 00:00:00+00:00,2153.1764326562397
2025-03-31 08:00:00+00:00,2191.656465437818
2025-03-31 16:00:00+00:00,2164.5012049325896
2025-04-01 00:00:00+00:00,2208.252002235467
2025-04-01 08:00:00+00:00,2288.146639795824
2025-04-01 16:00:00+00:00,2261.1848151229015
2025-04-02 00:00:00+00:00,2198.6533017784786
2025-04-02 08:00:00+00:00,2283.1611614176836
2025-04-02 16:00:00+00:00,2114.583131180782
2025-04-03 00:00:00+00:00,2126.089539783326
2025-04-03 08:00:00+00:00,2066.31488426858
2025-04-03 16:00:00+00:00,2064.868463849592
2025-04-04 00:00:00+00:00,2064.868463849592
2025-04-04 08:00:00+00:00,2053.140183536263
2025-04-04 16:00:00+00:00,2052.565304284873
2025-04-05 00:00:00+00:00,2052.565304284873
2025-04-05 08:00:00+00:00,2052.565304284873
2025-04-05 16:00:00+00:00,2052.565304284873
2025-04-06 00:00:00+00:00,2052.565304284873
2025-04-06 08:00:00+00:00,2052.565304284873
2025-04-06 16:00:00+00:00,2052.565304284873
2025-04-07 00:00:00+00:00,2052.565304284873
2025-04-07 08:00:00+00:00,2052.565304284873
2025-04-07 16:00:00+00:00,2052.565304284873
2025-04-08 00:00:00+00:00,2052.565304284873
2025-04-08 08:00:00+00:00,2052.565304284873
2025-04-08 16:00:00+00:00,2052.565304284873
2025-04-09 00:00:00+00:00,2052.565304284873
2025-04-09 08:00:00+00:00,2052.565304284873
2025-04-09 16:00:00+00:00,2052.565304284873
2025-04-10 00:00:00+00:00,2052.565304284873
2025-04-10 08:00:00+00:00,2052.565304284873
2025-04-10 16:00:00+00:00,2052.565304284873
2025-04-11 00:00:00+00:00,2052.565304284873
2025-04-11 08:00:00+00:00,2052.565304284873
2025-04-11 16:00:00+00:00,2052.565304284873
2025-04-12 00:00:00+00:00,2052.565304284873
2025-04-12 08:00:00+00:00,2052.565304284873
2025-04-12 16:00:00+00:00,2052.565304284873
2025-04-13 00:00:00+00:00,2052.565304284873
2025-04-13 08:00:00+00:00,2052.565304284873
2025-04-13 16:00:00+00:00,2052.565304284873
2025-04-14 00:00:00+00:00,2052.565304284873
2025-04-14 08:00:00+00:00,2052.565304284873
2025-04-14 16:00:00+00:00,2052.565304284873
2025-04-15 00:00:00+00:00,2052.565304284873
2025-04-15 08:00:00+00:00,2052.565304284873
2025-04-15 16:00:00+00:00,2052.565304284873
2025-04-16 00:00:00+00:00,2052.565304284873
2025-04-16 08:00:00+00:00,2052.565304284873
2025-04-16 16:00:00+00:00,2052.565304284873
2025-04-17 00:00:00+00:00,2052.565304284873
2025-04-17 08:00:00+00:00,2052.565304284873
2025-04-17 16:00:00+00:00,2052.565304284873
2025-04-18 00:00:00+00:00,2052.565304284873
2025-04-18 08:00:00+00:00,2052.565304284873
2025-04-18 16:00:00+00:00,2052.565304284873
2025-04-19 00:00:00+00:00,2052.565304284873
2025-04-19 08:00:00+00:00,2052.565304284873
2025-04-19 16:00:00+00:00,2052.565304284873
2025-04-20 00:00:00+00:00,2052.565304284873
2025-04-20 08:00:00+00:00,2052.565304284873
2025-04-20 16:00:00+00:00,2052.565304284873
2025-04-21 00:00:00+00:00,2052.565304284873
2025-04-21 08:00:00+00:00,2052.565304284873
2025-04-21 16:00:00+00:00,2052.565304284873
2025-04-22 00:00:00+00:00,2052.565304284873
2025-04-22 08:00:00+00:00,2104.254629614112
2025-04-22 16:00:00+00:00,2147.764823160624
2025-04-23 00:00:00+00:00,2170.21542731872
2025-04-23 08:00:00+00:00,2142.0486530923554
2025-04-23 16:00:00+00:00,2146.460562673235
2025-04-24 00:00:00+00:00,2101.6917317878733
2025-04-24 08:00:00+00:00,2156.1889470791652
2025-04-24 16:00:00+00:00,2185.696522401999
2025-04-25 00:00:00+00:00,2219.519546855254
2025-04-25 08:00:00+00:00,2237.1520739983553
2025-04-25 16:00:00+00:00,2197.5113901700097
2025-04-26 00:00:00+00:00,2212.8080097227853
2025-04-26 08:00:00+00:00,2184.486377198388
2025-04-26 16:00:00+00:00,2196.098058361705
2025-04-27 00:00:00+00:00,2177.5093310218786
2025-04-27 08:00:00+00:00,2159.028264147812
2025-04-27 16:00:00+00:00,2153.8981770627697
2025-04-28 00:00:00+00:00,2213.690074798746
2025-04-28 08:00:00+00:00,2155.5891542083687
2025-04-28 16:00:00+00:00,2181.042969498399
2025-04-29 00:00:00+00:00,2199.0526336574876
2025-04-29 08:00:00+00:00,2183.1788744232285
2025-04-29 16:00:00+00:00,2145.6709198645763
2025-04-30 00:00:00+00:00,2140.642720559964
2025-04-30 08:00:00+00:00,2088.381387820505
2025-04-30 16:00:00+00:00,2118.4107325024124
2025-05-01 00:00:00+00:00,2143.177886269004
2025-05-01 08:00:00+00:00,2185.9451309720753
2025-05-01 16:00:00+00:00,2174.82230017253
2025-05-02 00:00:00+00:00,2148.2468843060506
2025-05-02 08:00:00+00:00,2170.363676248083
2025-05-02 16:00:00+00:00,2153.087575823849
2025-05-03 00:00:00+00:00,2129.96061068941
2025-05-03 08:00:00+00:00,2119.5187992472083
2025-05-03 16:00:00+00:00,2096.823262856577
2025-05-04 00:00:00+00:00,2083.9310551073086
2025-05-04 08:00:00+00:00,2078.853618814049
2025-05-04 16:00:00+00:00,2053.4391221255123
2025-05-05 00:00:00+00:00,2089.2035437132377
2025-05-05 08:00:00+00:00,2043.458378204423
2025-05-05 16:00:00+00:00,2054.5114340946257
2025-05-06 00:00:00+00:00,2033.8033237329794
2025-05-06 08:00:00+00:00,1997.5716460160363
2025-05-06 16:00:00+00:00,2053.7414770998103
2025-05-07 00:00:00+00:00,2067.5443652818494
2025-05-07 08:00:00+00:00,2044.4804093057671
2025-05-07 16:00:00+00:00,2054.9889768257003
2025-05-08 00:00:00+00:00,2148.7337615965653
2025-05-08 08:00:00+00:00,2255.570732649177
2025-05-08 16:00:00+00:00,2350.6539947671135
2025-05-09 00:00:00+00:00,2400.238007796268
2025-05-09 08:00:00+00:00,2395.0110588411967
2025-05-09 16:00:00+00:00,2408.6733025990743
2025-05-10 00:00:00+00:00,2474.7027955044505
2025-05-10 08:00:00+00:00,2474.4256196458064
2025-05-10 16:00:00+00:00,2620.7899114458946
2025-05-11 00:00:00+00:00,2507.542803891926
2025-05-11 08:00:00+00:00,2496.3177859757566
2025-05-11 16:00:00+00:00,2532.721689760471
2025-05-12 00:00:00+00:00,2600.574926876612
2025-05-12 08:00:00+00:00,2547.466517429918
2025-05-12 16:00:00+00:00,2544.9475050189953
2025-05-13 00:00:00+00:00,2498.430548673646
2025-05-13 08:00:00+00:00,2561.8879901778523
2025-05-13 16:00:00+00:00,2635.452724000014
2025-05-14 00:00:00+00:00,2618.4024166111403
2025-05-14 08:00:00+00:00,2566.1778190973673
2025-05-14 16:00:00+00:00,2554.8404539208414
2025-05-15 00:00:00+00:00,2451.59074809811
2025-05-15 08:00:00+00:00,2482.713440821269
2025-05-15 16:00:00+00:00,2442.1057286932446
2025-05-16 00:00:00+00:00,2475.568618674644
2025-05-16 08:00:00+00:00,2476.472139710682
2025-05-16 16:00:00+00:00,2417.2196095733907
2025-05-17 00:00:00+00:00,2402.7298126482883
2025-05-17 08:00:00+00:00,2376.726381630089
2025-05-17 16:00:00+00:00,2374.301899746376
2025-05-18 00:00:00+00:00,2429.573943058212
2025-05-18 08:00:00+00:00,2508.6615907353657
2025-05-18 16:00:00+00:00,2469.9106275038334
2025-05-19 00:00:00+00:00,2343.9551032862537
2025-05-19 08:00:00+00:00,2383.4475862491413
2025-05-19 16:00:00+00:00,2419.377630686628
2025-05-20 00:00:00+00:00,2419.485501103603
2025-05-20 08:00:00+00:00,2397.9006688034337
2025-05-20 16:00:00+00:00,2431.6832801157693
2025-05-21 00:00:00+00:00,2433.8938634435885
2025-05-21 08:00:00+00:00,2487.1612440695594
2025-05-21 16:00:00+00:00,2486.8910823444558
2025-05-22 00:00:00+00:00,2558.967314463537
2025-05-22 08:00:00+00:00,2577.3849726659228
2025-05-22 16:00:00+00:00,2583.646648638184
2025-05-23 00:00:00+00:00,2574.805882568021
2025-05-23 08:00:00+00:00,2500.2755704177143
2025-05-23 16:00:00+00:00,2413.683560077401
2025-05-24 00:00:00+00:00,2428.4205317427127
2025-05-24 08:00:00+00:00,2436.2617577347173
2025-05-24 16:00:00+00:00,2409.2973419444256
2025-05-25 00:00:00+00:00,2376.949933776665
2025-05-25 08:00:00+00:00,2347.4470942782855
2025-05-25 16:00:00+00:00,2420.0684764796233
2025-05-26 00:00:00+00:00,2463.508444291017
2025-05-26 08:00:00+00:00,2443.752649225532
2025-05-26 16:00:00+00:00,2420.0624029844316
2025-05-27 00:00:00+00:00,2447.0583566084874
2025-05-27 08:00:00+00:00,2469.3447924489956
2025-05-27 16:00:00+00:00,2449.1955408835584
2025-05-28 00:00:00+00:00,2429.3022490212225
2025-05-28 08:00:00+00:00,2389.433591215718
2025-05-28 16:00:00+00:00,2433.6369787398507
2025-05-29 00:00:00+00:00,2452.7227004408255
2025-05-29 08:00:00+00:00,2396.359990298005
2025-05-29 16:00:00+00:00,2363.1311236208585
2025-05-30 00:00:00+00:00,2316.329467847119
2025-05-30 08:00:00+00:00,2312.6024277019305
2025-05-30 16:00:00+00:00,2275.1481514507714
2025-05-31 00:00:00+00:00,2273.874068485959
2025-05-31 08:00:00+00:00,2285.2394857490626
2025-05-31 16:00:00+00:00,2282.686046774547
2025-06-01 00:00:00+00:00,2273.067145535085
2025-06-01 08:00:00+00:00,2271.794227933585
2025-06-01 16:00:00+00:00,2284.4367315576565
2025-06-02 00:00:00+00:00,2270.6209652755356
2025-06-02 08:00:00+00:00,2275.898294422252
2025-06-02 16:00:00+00:00,2287.727967184367
2025-06-03 00:00:00+00:00,2281.9467270277805
2025-06-03 08:00:00+00:00,2294.242591513841
2025-06-03 16:00:00+00:00,2272.4632399621537
2025-06-04 00:00:00+00:00,2271.182356331412
2025-06-04 08:00:00+00:00,2284.2675701605776
2025-06-04 16:00:00+00:00,2258.489957140733
2025-06-05 00:00:00+00:00,2255.8889538943754
2025-06-05 08:00:00+00:00,2250.6802264378084
2025-06-05 16:00:00+00:00,2224.008666218126
2025-06-06 00:00:00+00:00,2223.385943791585
2025-06-06 08:00:00+00:00,2223.385943791585
2025-06-06 16:00:00+00:00,2223.385943791585
2025-06-07 00:00:00+00:00,2223.385943791585
2025-06-07 08:00:00+00:00,2223.385943791585
2025-06-07 16:00:00+00:00,2223.385943791585
2025-06-08 00:00:00+00:00,2223.385943791585
2025-06-08 08:00:00+00:00,2223.385943791585
2025-06-08 16:00:00+00:00,2223.385943791585
2025-06-09 00:00:00+00:00,2223.385943791585
2025-06-09 08:00:00+00:00,2223.385943791585
2025-06-09 16:00:00+00:00,2223.385943791585
2025-06-10 00:00:00+00:00,2214.322517353887
2025-06-10 08:00:00+00:00,2212.707216945254
2025-06-10 16:00:00+00:00,2249.4566777533396
2025-06-11 00:00:00+00:00,2234.704358825913
2025-06-11 08:00:00+00:00,2257.481983324126
2025-06-11 16:00:00+00:00,2228.1712372274997
2025-06-12 00:00:00+00:00,2218.0960008076404
2025-06-12 08:00:00+00:00,2211.449704564223
2025-06-12 16:00:00+00:00,2186.3091259621683
2025-06-13 00:00:00+00:00,2147.9479156342277
2025-06-13 08:00:00+00:00,2147.3464902178507
2025-06-13 16:00:00+00:00,2147.3464902178507
2025-06-14 00:00:00+00:00,2133.7970628659577
2025-06-14 08:00:00+00:00,2128.141111003997
2025-06-14 16:00:00+00:00,2131.753872103114
2025-06-15 00:00:00+00:00,2131.1896759512447
2025-06-15 08:00:00+00:00,2131.1896759512447
2025-06-15 16:00:00+00:00,2131.1896759512447
2025-06-16 00:00:00+00:00,2131.1896759512447
2025-06-16 08:00:00+00:00,2131.631022224867
2025-06-16 16:00:00+00:00,2131.0341655386446
2025-06-17 00:00:00+00:00,2131.0341655386446
2025-06-17 08:00:00+00:00,2131.0341655386446
2025-06-17 16:00:00+00:00,2131.0341655386446
2025-06-18 00:00:00+00:00,2131.0341655386446
2025-06-18 08:00:00+00:00,2131.0341655386446
2025-06-18 16:00:00+00:00,2131.0341655386446
2025-06-19 00:00:00+00:00,2131.0341655386446
2025-06-19 08:00:00+00:00,2131.0341655386446
2025-06-19 16:00:00+00:00,2131.0341655386446
2025-06-20 00:00:00+00:00,2139.8971398133694
2025-06-20 08:00:00+00:00,2107.9163345479938
2025-06-20 16:00:00+00:00,2106.7359014006465
2025-06-21 00:00:00+00:00,2106.7359014006465
2025-06-21 08:00:00+00:00,2106.7359014006465
2025-06-21 16:00:00+00:00,2106.7359014006465
2025-06-22 00:00:00+00:00,2106.7359014006465
2025-06-22 08:00:00+00:00,2106.7359014006465
2025-06-22 16:00:00+00:00,2106.7359014006465
2025-06-23 00:00:00+00:00,2106.7359014006465
2025-06-23 08:00:00+00:00,2106.7359014006465
2025-06-23 16:00:00+00:00,2106.7359014006465
2025-06-24 00:00:00+00:00,2106.7359014006465
2025-06-24 08:00:00+00:00,2106.7359014006465
2025-06-24 16:00:00+00:00,2106.7359014006465
2025-06-25 00:00:00+00:00,2106.7359014006465
2025-06-25 08:00:00+00:00,2106.7359014006465
2025-06-25 16:00:00+00:00,2106.7359014006465
2025-06-26 00:00:00+00:00,2106.7359014006465
2025-06-26 08:00:00+00:00,2102.2328318911027
2025-06-26 16:00:00+00:00,2099.5343723952556
2025-06-27 00:00:00+00:00,2098.8148594779786
2025-06-27 08:00:00+00:00,2102.206797758906
2025-06-27 16:00:00+00:00,2100.2240590069628
2025-06-28 00:00:00+00:00,2103.5733505502267
2025-06-28 08:00:00+00:00,2103.314097358246
2025-06-28 16:00:00+00:00,2102.0504939473008
2025-06-29 00:00:00+00:00,2102.9780772960853
2025-06-29 08:00:00+00:00,2105.65477186588
2025-06-29 16:00:00+00:00,2110.459116475334
2025-06-30 00:00:00+00:00,2109.8681879227215
2025-06-30 08:00:00+00:00,2109.8681879227215
2025-06-30 16:00:00+00:00,2109.8681879227215
2025-07-01 00:00:00+00:00,2109.8681879227215
2025-07-01 08:00:00+00:00,2109.8681879227215
2025-07-01 16:00:00+00:00,2109.8681879227215
2025-07-02 00:00:00+00:00,2109.8681879227215
2025-07-02 08:00:00+00:00,2109.8681879227215
2025-07-02 16:00:00+00:00,2110.037521557322
2025-07-03 00:00:00+00:00,2113.4470077444494
2025-07-03 08:00:00+00:00,2102.0527060111617
2025-07-03 16:00:00+00:00,2112.436519641862
2025-07-04 00:00:00+00:00,2087.2746556331604
2025-07-04 08:00:00+00:00,2078.2202177983486
2025-07-04 16:00:00+00:00,2081.292005624051
2025-07-05 00:00:00+00:00,2081.7323972551826
2025-07-05 08:00:00+00:00,2081.8403399345098
2025-07-05 16:00:00+00:00,2082.8795929052562
2025-07-06 00:00:00+00:00,2081.69397407862
2025-07-06 08:00:00+00:00,2106.5301383952933
2025-07-06 16:00:00+00:00,2108.08350624377
2025-07-07 00:00:00+00:00,2108.670562589818
2025-07-07 08:00:00+00:00,2126.7263645995104
2025-07-07 16:00:00+00:00,2107.5691855463515
2025-07-08 00:00:00+00:00,2113.5313788516128
2025-07-08 08:00:00+00:00,2118.678335992279
2025-07-08 16:00:00+00:00,2144.347430722568
2025-07-09 00:00:00+00:00,2152.0716605807806
2025-07-09 08:00:00+00:00,2178.482433651694
2025-07-09 16:00:00+00:00,2230.4295019500373
2025-07-10 00:00:00+00:00,2246.452527646364
2025-07-10 08:00:00+00:00,2247.364535479921
2025-07-10 16:00:00+00:00,2356.553152861125
2025-07-11 00:00:00+00:00,2368.795772973403
2025-07-11 08:00:00+00:00,2404.312565843481
2025-07-11 16:00:00+00:00,2386.795549690565
2025-07-12 00:00:00+00:00,2396.380183748938
2025-07-12 08:00:00+00:00,2330.4933269534663
2025-07-12 16:00:00+00:00,2370.24578263925
2025-07-13 00:00:00+00:00,2404.089940663871
2025-07-13 08:00:00+00:00,2423.097905559408
2025-07-13 16:00:00+00:00,2415.394934702253
2025-07-14 00:00:00+00:00,2530.8588515577167
2025-07-14 08:00:00+00:00,2480.6465043055696
2025-07-14 16:00:00+00:00,2467.7268728184094
2025-07-15 00:00:00+00:00,2412.2353910205084
2025-07-15 08:00:00+00:00,2441.704585754113
2025-07-15 16:00:00+00:00,2521.978462529914
2025-07-16 00:00:00+00:00,2526.381798594766
2025-07-16 08:00:00+00:00,2554.661666576836
2025-07-16 16:00:00+00:00,2599.926062794388
2025-07-17 00:00:00+00:00,2624.6004600482083
2025-07-17 08:00:00+00:00,2648.8469074576637
2025-07-17 16:00:00+00:00,2710.7192404875586
2025-07-18 00:00:00+00:00,2790.339148610218
2025-07-18 08:00:00+00:00,2722.1744824201996
2025-07-18 16:00:00+00:00,2712.053648994112
2025-07-19 00:00:00+00:00,2745.731799194936
2025-07-19 08:00:00+00:00,2717.310746153513
2025-07-19 16:00:00+00:00,2757.219363795008
2025-07-20 00:00:00+00:00,2794.67487179648
2025-07-20 08:00:00+00:00,2863.2306256232755
2025-07-20 16:00:00+00:00,2835.9057260499967
2025-07-21 00:00:00+00:00,2910.7692698537076
2025-07-21 08:00:00+00:00,2930.2279945882065
2025-07-21 16:00:00+00:00,2889.188009721554
2025-07-22 00:00:00+00:00,2850.864449752471
2025-07-22 08:00:00+00:00,2869.3400800595664
2025-07-22 16:00:00+00:00,2927.001476952388
2025-07-23 00:00:00+00:00,2867.394556080052
2025-07-23 08:00:00+00:00,2768.5295627087257
2025-07-23 16:00:00+00:00,2704.293680898581
2025-07-24 00:00:00+00:00,2704.293680898581
2025-07-24 08:00:00+00:00,2798.905989803038
2025-07-24 16:00:00+00:00,2736.1350036196595
2025-07-25 00:00:00+00:00,2672.8729414477457
2025-07-25 08:00:00+00:00,2676.067861448977
2025-07-25 16:00:00+00:00,2801.1044493022764
2025-07-26 00:00:00+00:00,2806.1082167640266
2025-07-26 08:00:00+00:00,2853.2421153431355
2025-07-26 16:00:00+00:00,2838.661510443819
2025-07-27 00:00:00+00:00,2867.459139714398
2025-07-27 08:00:00+00:00,2873.0142067186184
2025-07-27 16:00:00+00:00,2931.77648809039
2025-07-28 00:00:00+00:00,2954.6810146657463
2025-07-28 08:00:00+00:00,2848.785482992836
2025-07-28 16:00:00+00:00,2787.981279474751
2025-07-29 00:00:00+00:00,2844.1772682668607
2025-07-29 08:00:00+00:00,2737.5095297475755
2025-07-29 16:00:00+00:00,2753.1036585101388
2025-07-30 00:00:00+00:00,2736.3670846840832
2025-07-30 08:00:00+00:00,2715.0031213516913
2025-07-30 16:00:00+00:00,2705.386458030391
2025-07-31 00:00:00+00:00,2763.829513737252
2025-07-31 08:00:00+00:00,2691.543400088849
2025-07-31 16:00:00+00:00,2611.953805757275
2025-08-01 00:00:00+00:00,2596.4201717732785
2025-08-01 08:00:00+00:00,2586.5577092105523
2025-08-01 16:00:00+00:00,2549.8611609842924
2025-08-02 00:00:00+00:00,2549.1471998592174
2025-08-02 08:00:00+00:00,2549.1471998592174
2025-08-02 16:00:00+00:00,2549.1471998592174
2025-08-03 00:00:00+00:00,2549.1471998592174
2025-08-03 08:00:00+00:00,2549.1471998592174
2025-08-03 16:00:00+00:00,2549.1471998592174
2025-08-04 00:00:00+00:00,2549.1471998592174
2025-08-04 08:00:00+00:00,2549.1471998592174
2025-08-04 16:00:00+00:00,2549.1471998592174
2025-08-05 00:00:00+00:00,2549.1471998592174
2025-08-05 08:00:00+00:00,2549.1471998592174
2025-08-05 16:00:00+00:00,2549.1471998592174
2025-08-06 00:00:00+00:00,2549.1471998592174
2025-08-06 08:00:00+00:00,2549.1471998592174
2025-08-06 16:00:00+00:00,2549.1471998592174
2025-08-07 00:00:00+00:00,2549.1471998592174
2025-08-07 08:00:00+00:00,2549.1471998592174
2025-08-07 16:00:00+00:00,2549.1471998592174
2025-08-08 00:00:00+00:00,2550.084855128914
2025-08-08 08:00:00+00:00,2553.2984468944633
2025-08-08 16:00:00+00:00,2604.086194106555
2025-08-09 00:00:00+00:00,2692.4901475732113
2025-08-09 08:00:00+00:00,2715.2751616595106
2025-08-09 16:00:00+00:00,2770.9395563146945
2025-08-10 00:00:00+00:00,2748.9431080338454
2025-08-10 08:00:00+00:00,2784.023616902357
2025-08-10 16:00:00+00:00,2773.491555797965
2025-08-11 00:00:00+00:00,2790.8493671466135
2025-08-11 08:00:00+00:00,2793.5172951877717
2025-08-11 16:00:00+00:00,2720.3290991879812
2025-08-12 00:00:00+00:00,2763.6414328853175
2025-08-12 08:00:00+00:00,2908.9187426050153
2025-08-12 16:00:00+00:00,2924.791345027125
2025-08-13 00:00:00+00:00,2936.9501629833985
2025-08-13 08:00:00+00:00,2951.609343878224
2025-08-13 16:00:00+00:00,3002.839137349989
2025-08-14 00:00:00+00:00,3003.990495073526
2025-08-14 08:00:00+00:00,2850.026421363402
2025-08-14 16:00:00+00:00,2818.3819062364323
2025-08-15 00:00:00+00:00,2857.0491593319066
2025-08-15 08:00:00+00:00,2726.0110005905567
2025-08-15 16:00:00+00:00,2731.7728690403237
2025-08-16 00:00:00+00:00,2761.564819799868
2025-08-16 08:00:00+00:00,2746.4653591396163
2025-08-16 16:00:00+00:00,2776.387019316776
2025-08-17 00:00:00+00:00,2852.961824086487
2025-08-17 08:00:00+00:00,2939.519000704592
2025-08-17 16:00:00+00:00,2864.4405898450773
2025-08-18 00:00:00+00:00,2727.234311378574
2025-08-18 08:00:00+00:00,2766.8511255182884
2025-08-18 16:00:00+00:00,2764.75989785507
2025-08-19 00:00:00+00:00,2688.9157168452625
2025-08-19 08:00:00+00:00,2676.8928776457187
2025-08-19 16:00:00+00:00,2627.9830525897223
2025-08-20 00:00:00+00:00,2679.6451722693805
2025-08-20 08:00:00+00:00,2738.163404416362
2025-08-20 16:00:00+00:00,2792.626590539649
2025-08-21 00:00:00+00:00,2771.1303973303307
2025-08-21 08:00:00+00:00,2708.170221215827
2025-08-21 16:00:00+00:00,2691.358852005764
2025-08-22 00:00:00+00:00,2736.8900450864944
2025-08-22 08:00:00+00:00,2894.1210093888767
2025-08-22 16:00:00+00:00,3003.779994764968
2025-08-23 00:00:00+00:00,2977.2221839822314
2025-08-23 08:00:00+00:00,2981.5391493716816
2025-08-23 16:00:00+00:00,3009.401900702516
2025-08-24 00:00:00+00:00,2973.958944526112
2025-08-24 08:00:00+00:00,2974.368677604675
2025-08-24 16:00:00+00:00,2985.9306437648215
2025-08-25 00:00:00+00:00,2861.156912652141
2025-08-25 08:00:00+00:00,2834.149437987818
2025-08-25 16:00:00+00:00,2710.5709259413197
2025-08-26 00:00:00+00:00,2721.6200595471823
2025-08-26 08:00:00+00:00,2770.6906746743
2025-08-26 16:00:00+00:00,2829.40589921577
2025-08-27 00:00:00+00:00,2849.0164847065025
2025-08-27 08:00:00+00:00,2903.709239508016
2025-08-27 16:00:00+00:00,2837.1942859478177
2025-08-28 00:00:00+00:00,2908.068313049013
2025-08-28 08:00:00+00:00,2896.7376545894585
2025-08-28 16:00:00+00:00,2930.8622449487575
2025-08-29 00:00:00+00:00,2823.1611373765386
2025-08-29 08:00:00+00:00,2782.721533942442
2025-08-29 16:00:00+00:00,2794.773132167158
2025-08-30 00:00:00+00:00,2802.425742442177
2025-08-30 08:00:00+00:00,2787.7805458753833
2025-08-30 16:00:00+00:00,2797.4090243456108
2025-08-31 00:00:00+00:00,2826.5626514025844
2025-08-31 08:00:00+00:00,2840.749366917165
2025-08-31 16:00:00+00:00,2774.427077554501
2025-09-01 00:00:00+00:00,2817.156777896228
2025-09-01 08:00:00+00:00,2758.1242890406443
2025-09-01 16:00:00+00:00,2750.4474715709794
2025-09-02 00:00:00+00:00,2777.3375991244543
2025-09-02 08:00:00+00:00,2767.3291150924224
2025-09-02 16:00:00+00:00,2818.860649225226
2025-09-03 00:00:00+00:00,2817.3703562683913
2025-09-03 08:00:00+00:00,2828.040338642644
2025-09-03 16:00:00+00:00,2812.678729109711
2025-09-04 00:00:00+00:00,2771.97929772002
2025-09-04 08:00:00+00:00,2755.659187407355
2025-09-04 16:00:00+00:00,2724.22322328421
2025-09-05 00:00:00+00:00,2782.5489408038666
2025-09-05 08:00:00+00:00,2735.5093599396605
2025-09-05 16:00:00+00:00,2741.880991250107
2025-09-06 00:00:00+00:00,2730.228122550645
2025-09-06 08:00:00+00:00,2719.7771937357707
2025-09-06 16:00:00+00:00,2714.152124302916
2025-09-07 00:00:00+00:00,2729.560842305587
2025-09-07 08:00:00+00:00,2743.3363778944245
2025-09-07 16:00:00+00:00,2753.21886773497
2025-09-08 00:00:00+00:00,2769.901350833993
2025-09-08 08:00:00+00:00,2855.1688315169217
2025-09-08 16:00:00+00:00,2848.52597371683
2025-09-09 00:00:00+00:00,2889.1534642481215
2025-09-09 08:00:00+00:00,2854.781183456165
2025-09-09 16:00:00+00:00,2882.7129953149797
2025-09-10 00:00:00+00:00,2944.853615511817
2025-09-10 08:00:00+00:00,3021.6893693003394
2025-09-10 16:00:00+00:00,3060.855376953102
2025-09-11 00:00:00+00:00,3050.7372489561394
2025-09-11 08:00:00+00:00,3061.2970729070394
2025-09-11 16:00:00+00:00,3115.9191778884733
2025-09-12 00:00:00+00:00,3145.760540590485
2025-09-12 08:00:00+00:00,3160.3387226411087
2025-09-12 16:00:00+00:00,3231.671978201945
2025-09-13 00:00:00+00:00,3300.5469841554113
2025-09-13 08:00:00+00:00,3313.7350909587585
2025-09-13 16:00:00+00:00,3310.430066568673
2025-09-14 00:00:00+00:00,3298.060011939192
2025-09-14 08:00:00+00:00,3220.200631688919
2025-09-14 16:00:00+00:00,3228.607015439699
2025-09-15 00:00:00+00:00,3193.2730876340306
2025-09-15 08:00:00+00:00,3132.276386799472
2025-09-15 16:00:00+00:00,3165.5151537807037
2025-09-16 00:00:00+00:00,3191.6884037099376
2025-09-16 08:00:00+00:00,3210.429447215349
2025-09-16 16:00:00+00:00,3214.6580323277026
2025-09-17 00:00:00+00:00,3223.704778439133
2025-09-17 08:00:00+00:00,3174.6280414801777
2025-09-17 16:00:00+00:00,3325.0065339141893
2025-09-18 00:00:00+00:00,3347.436895257457
2025-09-18 08:00:00+00:00,3407.073973363672
2025-09-18 16:00:00+00:00,3427.7100098472324
2025-09-19 00:00:00+00:00,3397.4868376792774
2025-09-19 08:00:00+00:00,3323.9112200228456
2025-09-19 16:00:00+00:00,3307.6780786884415
2025-09-20 00:00:00+00:00,3336.845688942812
2025-09-20 08:00:00+00:00,3338.735829421017
2025-09-20 16:00:00+00:00,3318.196063418151
2025-09-21 00:00:00+00:00,3324.30101884096
2025-09-21 08:00:00+00:00,3301.4788726231523
2025-09-21 16:00:00+00:00,3287.257214431761
2025-09-22 00:00:00+00:00,3068.0018177230118
2025-09-22 08:00:00+00:00,3104.678799350246
2025-09-22 16:00:00+00:00,3156.7371017849905
2025-09-23 00:00:00+00:00,3205.057801154384
2025-09-23 08:00:00+00:00,3197.88348114435
2025-09-23 16:00:00+00:00,3107.390462994083
2025-09-24 00:00:00+00:00,3141.767727735992
2025-09-24 08:00:00+00:00,3177.1760169949134
2025-09-24 16:00:00+00:00,3104.369344432107
2025-09-25 00:00:00+00:00,3016.4348104861324
2025-09-25 08:00:00+00:00,3005.933651140829
2025-09-25 16:00:00+00:00,2923.726001838279
2025-09-26 00:00:00+00:00,2906.3440485722854
2025-09-26 08:00:00+00:00,2916.9810675318226
2025-09-26 16:00:00+00:00,2928.328072595582
2025-09-27 00:00:00+00:00,2910.232971048556
2025-09-27 08:00:00+00:00,2917.7852820564326
2025-09-27 16:00:00+00:00,2913.9767572358905
2025-09-28 00:00:00+00:00,2899.991568562448
2025-09-28 08:00:00+00:00,2905.063883500623
2025-09-28 16:00:00+00:00,2937.9523972861552
2025-09-29 00:00:00+00:00,2923.7795088363364
2025-09-29 08:00:00+00:00,2933.43563624036
2025-09-29 16:00:00+00:00,2929.798905023386
2025-09-30 00:00:00+00:00,2895.9695195092304
2025-09-30 08:00:00+00:00,2868.269767902914
2025-09-30 16:00:00+00:00,2867.6520391074346
2025-10-01 00:00:00+00:00,2867.6520391074346
2025-10-01 08:00:00+00:00,2867.6520391074346
2025-10-01 16:00:00+00:00,2867.6520391074346
2025-10-02 00:00:00+00:00,2867.6520391074346
2025-10-02 08:00:00+00:00,2880.7626951470875
2025-10-02 16:00:00+00:00,2886.503040278678
2025-10-03 00:00:00+00:00,2857.876262214793
2025-10-03 08:00:00+00:00,2937.148794768551
2025-10-03 16:00:00+00:00,2934.2778116028308
2025-10-04 00:00:00+00:00,2970.7274310759594
2025-10-04 08:00:00+00:00,2881.337922868128
2025-10-04 16:00:00+00:00,2897.7205382315683
2025-10-05 00:00:00+00:00,2993.287994291405
2025-10-05 08:00:00+00:00,2930.2272533066694
2025-10-05 16:00:00+00:00,2909.1562434358048
2025-10-06 00:00:00+00:00,2889.375921524608
2025-10-06 08:00:00+00:00,2951.266418436667
2025-10-06 16:00:00+00:00,2930.8374237319545
2025-10-07 00:00:00+00:00,2917.694483942125
2025-10-07 08:00:00+00:00,2848.1696693976924
2025-10-07 16:00:00+00:00,2846.336388642168
2025-10-08 00:00:00+00:00,2845.936110730665
2025-10-08 08:00:00+00:00,2825.4062608539793
2025-10-08 16:00:00+00:00,2828.17133820419
2025-10-09 00:00:00+00:00,2792.9394814905063
2025-10-09 08:00:00+00:00,2763.6898716227006
2025-10-09 16:00:00+00:00,2784.0960938084613
2025-10-10 00:00:00+00:00,2770.653656989729
2025-10-10 08:00:00+00:00,2739.0351196797096
2025-10-10 16:00:00+00:00,2474.4056372422588
2025-10-11 00:00:00+00:00,2473.189247399294
2025-10-11 08:00:00+00:00,2473.189247399294
2025-10-11 16:00:00+00:00,2473.189247399294
2025-10-12 00:00:00+00:00,2473.189247399294
2025-10-12 08:00:00+00:00,2473.189247399294
2025-10-12 16:00:00+00:00,2487.728968432049
2025-10-13 00:00:00+00:00,2491.4404909994178
2025-10-13 08:00:00+00:00,2482.1780522744257
2025-10-13 16:00:00+00:00,2489.538478738814
2025-10-14 00:00:00+00:00,2459.7328152646232
2025-10-14 08:00:00+00:00,2459.044090076349
2025-10-14 16:00:00+00:00,2459.044090076349
2025-10-15 00:00:00+00:00,2459.044090076349
2025-10-15 08:00:00+00:00,2442.832132746031
2025-10-15 16:00:00+00:00,2442.1481397488624
2025-10-16 00:00:00+00:00,2442.1481397488624
2025-10-16 08:00:00+00:00,2442.1481397488624
2025-10-16 16:00:00+00:00,2442.1481397488624
2025-10-17 00:00:00+00:00,2442.1481397488624
2025-10-17 08:00:00+00:00,2442.1481397488624
2025-10-17 16:00:00+00:00,2442.1481397488624
2025-10-18 00:00:00+00:00,2442.1481397488624
2025-10-18 08:00:00+00:00,2442.1481397488624
2025-10-18 16:00:00+00:00,2442.1481397488624
2025-10-19 00:00:00+00:00,2442.1481397488624
2025-10-19 08:00:00+00:00,2442.1481397488624
2025-10-19 16:00:00+00:00,2442.1481397488624
2025-10-20 00:00:00+00:00,2442.1481397488624
2025-10-20 08:00:00+00:00,2442.1481397488624
2025-10-20 16:00:00+00:00,2442.1481397488624
2025-10-21 00:00:00+00:00,2442.1481397488624
2025-10-21 08:00:00+00:00,2442.1481397488624
2025-10-21 16:00:00+00:00,2442.1481397488624
2025-10-22 00:00:00+00:00,2442.1481397488624
2025-10-22 08:00:00+00:00,2442.1481397488624
2025-10-22 16:00:00+00:00,2442.1481397488624
2025-10-23 00:00:00+00:00,2442.1481397488624
2025-10-23 08:00:00+00:00,2442.1481397488624
2025-10-23 16:00:00+00:00,2442.1481397488624
2025-10-24 00:00:00+00:00,2442.1481397488624
2025-10-24 08:00:00+00:00,2442.1481397488624
2025-10-24 16:00:00+00:00,2442.1481397488624
2025-10-25 00:00:00+00:00,2442.1481397488624
2025-10-25 08:00:00+00:00,2442.1481397488624
2025-10-25 16:00:00+00:00,2442.1481397488624
2025-10-26 00:00:00+00:00,2442.1481397488624
2025-10-26 08:00:00+00:00,2442.1481397488624
2025-10-26 16:00:00+00:00,2442.1481397488624
2025-10-27 00:00:00+00:00,2442.1481397488624
2025-10-27 08:00:00+00:00,2442.1481397488624
2025-10-27 16:00:00+00:00,2442.1481397488624
2025-10-28 00:00:00+00:00,2442.1481397488624
2025-10-28 08:00:00+00:00,2442.1481397488624
2025-10-28 16:00:00+00:00,2442.1481397488624
2025-10-29 00:00:00+00:00,2442.1481397488624
2025-10-29 08:00:00+00:00,2442.1481397488624
2025-10-29 16:00:00+00:00,2442.1481397488624
2025-10-30 00:00:00+00:00,2442.1481397488624
2025-10-30 08:00:00+00:00,2442.1481397488624
2025-10-30 16:00:00+00:00,2442.1481397488624
2025-10-31 00:00:00+00:00,2442.1481397488624
2025-10-31 08:00:00+00:00,2442.1481397488624
2025-10-31 16:00:00+00:00,2442.1481397488624
2025-11-01 00:00:00+00:00,2442.1481397488624
2025-11-01 08:00:00+00:00,2442.1481397488624
2025-11-01 16:00:00+00:00,2442.1481397488624
2025-11-02 00:00:00+00:00,2442.1481397488624
2025-11-02 08:00:00+00:00,2442.1481397488624
2025-11-02 16:00:00+00:00,2442.1481397488624
2025-11-03 00:00:00+00:00,2442.1481397488624
2025-11-03 08:00:00+00:00,2442.1481397488624
2025-11-03 16:00:00+00:00,2442.1481397488624
2025-11-04 00:00:00+00:00,2442.1481397488624
2025-11-04 08:00:00+00:00,2442.1481397488624
2025-11-04 16:00:00+00:00,2442.1481397488624
2025-11-05 00:00:00+00:00,2442.1481397488624
2025-11-05 08:00:00+00:00,2442.1481397488624
2025-11-05 16:00:00+00:00,2442.1481397488624
2025-11-06 00:00:00+00:00,2442.1481397488624
2025-11-06 08:00:00+00:00,2442.1481397488624
2025-11-06 16:00:00+00:00,2442.1481397488624
2025-11-07 00:00:00+00:00,2442.1481397488624
2025-11-07 08:00:00+00:00,2442.1481397488624
2025-11-07 16:00:00+00:00,2442.1481397488624
2025-11-08 00:00:00+00:00,2442.1481397488624
2025-11-08 08:00:00+00:00,2442.1481397488624
2025-11-08 16:00:00+00:00,2442.1481397488624
2025-11-09 00:00:00+00:00,2442.1481397488624
2025-11-09 08:00:00+00:00,2442.1481397488624
2025-11-09 16:00:00+00:00,2442.1481397488624
2025-11-10 00:00:00+00:00,2442.1481397488624
2025-11-10 08:00:00+00:00,2420.087731048244
2025-11-10 16:00:00+00:00,2411.0219435556564
2025-11-11 00:00:00+00:00,2411.0219435556564
2025-11-11 08:00:00+00:00,2418.793007212755
2025-11-11 16:00:00+00:00,2391.758555394209
2025-11-12 00:00:00+00:00,2394.956999461168
2025-11-12 08:00:00+00:00,2388.7465713459674
2025-11-12 16:00:00+00:00,2389.7712743513616
2025-11-13 00:00:00+00:00,2393.718024429153
2025-11-13 08:00:00+00:00,2386.7700163939408
2025-11-13 16:00:00+00:00,2373.375246445697
2025-11-14 00:00:00+00:00,2363.457896170111
2025-11-14 08:00:00+00:00,2372.276813812195
2025-11-14 16:00:00+00:00,2355.4147359402073
2025-11-15 00:00:00+00:00,2390.9101296758213
2025-11-15 08:00:00+00:00,2381.059757989542
2025-11-15 16:00:00+00:00,2368.150719249795
2025-11-16 00:00:00+00:00,2380.4928556196496
2025-11-16 08:00:00+00:00,2356.3530348923937
2025-11-16 16:00:00+00:00,2356.0374297897392
2025-11-17 00:00:00+00:00,2356.0374297897392
2025-11-17 08:00:00+00:00,2356.0374297897392
2025-11-17 16:00:00+00:00,2356.0374297897392
2025-11-18 00:00:00+00:00,2352.7636728869697
2025-11-18 08:00:00+00:00,2352.3515019311085
2025-11-18 16:00:00+00:00,2352.3515019311085
2025-11-19 00:00:00+00:00,2352.3515019311085
2025-11-19 08:00:00+00:00,2352.3515019311085
2025-11-19 16:00:00+00:00,2352.3515019311085
2025-11-20 00:00:00+00:00,2352.3515019311085
2025-11-20 08:00:00+00:00,2352.3515019311085
2025-11-20 16:00:00+00:00,2352.3515019311085
2025-11-21 00:00:00+00:00,2352.3515019311085
2025-11-21 08:00:00+00:00,2352.3515019311085
2025-11-21 16:00:00+00:00,2352.3515019311085
2025-11-22 00:00:00+00:00,2352.3515019311085
2025-11-22 08:00:00+00:00,2352.3515019311085
2025-11-22 16:00:00+00:00,2352.3515019311085
2025-11-23 00:00:00+00:00,2352.3515019311085
2025-11-23 08:00:00+00:00,2352.3515019311085
2025-11-23 16:00:00+00:00,2352.3515019311085
2025-11-24 00:00:00+00:00,2352.3515019311085
2025-11-24 08:00:00+00:00,2352.3515019311085
2025-11-24 16:00:00+00:00,2352.3515019311085
2025-11-25 00:00:00+00:00,2352.3515019311085
2025-11-25 08:00:00+00:00,2352.3515019311085
2025-11-25 16:00:00+00:00,2352.3515019311085
2025-11-26 00:00:00+00:00,2352.3515019311085
2025-11-26 08:00:00+00:00,2352.3515019311085
2025-11-26 16:00:00+00:00,2352.3515019311085
2025-11-27 00:00:00+00:00,2352.3515019311085
2025-11-27 08:00:00+00:00,2352.3515019311085
2025-11-27 16:00:00+00:00,2352.3515019311085
2025-11-28 00:00:00+00:00,2352.3515019311085
2025-11-28 08:00:00+00:00,2352.3515019311085
2025-11-28 16:00:00+00:00,2352.3515019311085
2025-11-29 00:00:00+00:00,2352.3515019311085
2025-11-29 08:00:00+00:00,2352.3515019311085
2025-11-29 16:00:00+00:00,2352.3515019311085
2025-11-30 00:00:00+00:00,2352.3515019311085
2025-11-30 08:00:00+00:00,2352.3515019311085
2025-11-30 16:00:00+00:00,2352.3515019311085
2025-12-01 00:00:00+00:00,2352.3515019311085
2025-12-01 08:00:00+00:00,2352.3515019311085
2025-12-01 16:00:00+00:00,2352.3515019311085
2025-12-02 00:00:00+00:00,2352.3515019311085
2025-12-02 08:00:00+00:00,2352.3515019311085
2025-12-02 16:00:00+00:00,2352.3515019311085
2025-12-03 00:00:00+00:00,2352.3515019311085
2025-12-03 08:00:00+00:00,2352.3515019311085
2025-12-03 16:00:00+00:00,2352.3515019311085
2025-12-04 00:00:00+00:00,2352.3515019311085
2025-12-04 08:00:00+00:00,2352.3515019311085
2025-12-04 16:00:00+00:00,2352.3515019311085
2025-12-05 00:00:00+00:00,2352.3515019311085
2025-12-05 08:00:00+00:00,2352.3515019311085
2025-12-05 16:00:00+00:00,2352.3515019311085
2025-12-06 00:00:00+00:00,2352.3515019311085
2025-12-06 08:00:00+00:00,2352.3515019311085
2025-12-06 16:00:00+00:00,2352.3515019311085
2025-12-07 00:00:00+00:00,2352.3515019311085
2025-12-07 08:00:00+00:00,2352.3515019311085
2025-12-07 16:00:00+00:00,2352.3515019311085
2025-12-08 00:00:00+00:00,2352.3515019311085
2025-12-08 08:00:00+00:00,2352.3515019311085
2025-12-08 16:00:00+00:00,2352.3515019311085
2025-12-09 00:00:00+00:00,2352.3515019311085
2025-12-09 08:00:00+00:00,2352.3515019311085
2025-12-09 16:00:00+00:00,2352.3515019311085
2025-12-10 00:00:00+00:00,2352.3515019311085
2025-12-10 08:00:00+00:00,2352.3515019311085
2025-12-10 16:00:00+00:00,2352.3515019311085
2025-12-11 00:00:00+00:00,2352.3515019311085
2025-12-11 08:00:00+00:00,2352.3515019311085
2025-12-11 16:00:00+00:00,2352.3515019311085
2025-12-12 00:00:00+00:00,2352.3515019311085
2025-12-12 08:00:00+00:00,2352.3515019311085
2025-12-12 16:00:00+00:00,2352.3515019311085
2025-12-13 00:00:00+00:00,2352.3515019311085
2025-12-13 08:00:00+00:00,2352.3515019311085
2025-12-13 16:00:00+00:00,2352.3515019311085
2025-12-14 00:00:00+00:00,2352.3515019311085
2025-12-14 08:00:00+00:00,2352.3515019311085
2025-12-14 16:00:00+00:00,2352.3515019311085
2025-12-15 00:00:00+00:00,2352.3515019311085
2025-12-15 08:00:00+00:00,2352.3515019311085
2025-12-15 16:00:00+00:00,2352.3515019311085
2025-12-16 00:00:00+00:00,2352.3515019311085
2025-12-16 08:00:00+00:00,2352.3515019311085
2025-12-16 16:00:00+00:00,2352.3515019311085
2025-12-17 00:00:00+00:00,2352.3515019311085
2025-12-17 08:00:00+00:00,2352.3515019311085
2025-12-17 16:00:00+00:00,2352.3515019311085
2025-12-18 00:00:00+00:00,2352.3515019311085
2025-12-18 08:00:00+00:00,2352.3515019311085
2025-12-18 16:00:00+00:00,2352.3515019311085
2025-12-19 00:00:00+00:00,2352.3515019311085
2025-12-19 08:00:00+00:00,2352.3515019311085
2025-12-19 16:00:00+00:00,2352.3515019311085
2025-12-20 00:00:00+00:00,2352.3515019311085
2025-12-20 08:00:00+00:00,2352.3515019311085
2025-12-20 16:00:00+00:00,2352.3515019311085
2025-12-21 00:00:00+00:00,2352.3515019311085
2025-12-21 08:00:00+00:00,2352.3515019311085
2025-12-21 16:00:00+00:00,2352.3515019311085
2025-12-22 00:00:00+00:00,2352.3515019311085
2025-12-22 08:00:00+00:00,2352.3515019311085
2025-12-22 16:00:00+00:00,2352.3515019311085
2025-12-23 00:00:00+00:00,2352.3515019311085
2025-12-23 08:00:00+00:00,2352.3515019311085
2025-12-23 16:00:00+00:00,2352.3515019311085
2025-12-24 00:00:00+00:00,2352.3515019311085
2025-12-24 08:00:00+00:00,2352.3515019311085
2025-12-24 16:00:00+00:00,2352.3515019311085
2025-12-25 00:00:00+00:00,2352.3515019311085
2025-12-25 08:00:00+00:00,2352.3515019311085
2025-12-25 16:00:00+00:00,2352.3515019311085
2025-12-26 00:00:00+00:00,2352.3515019311085
2025-12-26 08:00:00+00:00,2352.3515019311085
2025-12-26 16:00:00+00:00,2352.3515019311085
2025-12-27 00:00:00+00:00,2352.3515019311085
2025-12-27 08:00:00+00:00,2352.3515019311085
2025-12-27 16:00:00+00:00,2352.3515019311085
2025-12-28 00:00:00+00:00,2352.3515019311085
2025-12-28 08:00:00+00:00,2352.3515019311085
2025-12-28 16:00:00+00:00,2352.3515019311085
2025-12-29 00:00:00+00:00,2352.3515019311085
2025-12-29 08:00:00+00:00,2352.3515019311085
2025-12-29 16:00:00+00:00,2352.3515019311085
2025-12-30 00:00:00+00:00,2352.3515019311085
2025-12-30 08:00:00+00:00,2352.3515019311085
2025-12-30 16:00:00+00:00,2352.3515019311085
2025-12-31 00:00:00+00:00,2352.3515019311085
2025-12-31 08:00:00+00:00,2352.3515019311085
2025-12-31 16:00:00+00:00,2352.3515019311085
2026-01-01 00:00:00+00:00,2352.3515019311085
2026-01-01 08:00:00+00:00,2352.3515019311085
2026-01-01 16:00:00+00:00,2352.3515019311085
2026-01-02 00:00:00+00:00,2352.3515019311085
2026-01-02 08:00:00+00:00,2352.3515019311085
2026-01-02 16:00:00+00:00,2352.3515019311085
2026-01-03 00:00:00+00:00,2352.3515019311085
2026-01-03 08:00:00+00:00,2352.3515019311085
2026-01-03 16:00:00+00:00,2352.3515019311085
2026-01-04 00:00:00+00:00,2352.3515019311085
2026-01-04 08:00:00+00:00,2352.3515019311085
2026-01-04 16:00:00+00:00,2352.3515019311085
2026-01-05 00:00:00+00:00,2352.3515019311085
2026-01-05 08:00:00+00:00,2352.3515019311085
2026-01-05 16:00:00+00:00,2352.3515019311085
2026-01-06 00:00:00+00:00,2352.3515019311085
2026-01-06 08:00:00+00:00,2352.499714029335
2026-01-06 16:00:00+00:00,2321.4884279383623
2026-01-07 00:00:00+00:00,2312.6195048053914
2026-01-07 08:00:00+00:00,2231.8629154243395
2026-01-07 16:00:00+00:00,2211.17322815015
2026-01-08 00:00:00+00:00,2180.789335137238
2026-01-08 08:00:00+00:00,2178.7767335119497
2026-01-08 16:00:00+00:00,2174.4123965245235
2026-01-09 00:00:00+00:00,2171.774080045219
2026-01-09 08:00:00+00:00,2177.705530422018
2026-01-09 16:00:00+00:00,2154.897984594285
2026-01-10 00:00:00+00:00,2154.7268981152883
2026-01-10 08:00:00+00:00,2156.2196218576623
2026-01-10 16:00:00+00:00,2146.9874841161104
2026-01-11 00:00:00+00:00,2156.0703324349124
2026-01-11 08:00:00+00:00,2155.9647203413915
2026-01-11 16:00:00+00:00,2153.3954961173354
2026-01-12 00:00:00+00:00,2155.8445417676003
2026-01-12 08:00:00+00:00,2172.4418950486256
2026-01-12 16:00:00+00:00,2133.8277195841683
2026-01-13 00:00:00+00:00,2153.053282069426
2026-01-13 08:00:00+00:00,2208.987403341344
2026-01-13 16:00:00+00:00,2268.691134680128
2026-01-14 00:00:00+00:00,2256.1037792636475
2026-01-14 08:00:00+00:00,2269.9558073953913
2026-01-14 16:00:00+00:00,2256.187237085427
2026-01-15 00:00:00+00:00,2226.026462966754
2026-01-15 08:00:00+00:00,2207.916707066142
2026-01-15 16:00:00+00:00,2183.550406742824
2026-01-16 00:00:00+00:00,2186.4702213314126
2026-01-16 08:00:00+00:00,2136.3022701637824
2026-01-16 16:00:00+00:00,2181.1095684365546
2026-01-17 00:00:00+00:00,2182.8132221526484
2026-01-17 08:00:00+00:00,2202.602560247295
2026-01-17 16:00:00+00:00,2181.570525752438
2026-01-18 00:00:00+00:00,2165.8439792785584
2026-01-18 08:00:00+00:00,2171.0812858253485
2026-01-18 16:00:00+00:00,2102.8413938538274
2026-01-19 00:00:00+00:00,2046.1661430964164
2026-01-19 08:00:00+00:00,2049.3281992042157
2026-01-19 16:00:00+00:00,2038.9128730424702
2026-01-20 00:00:00+00:00,2009.0856265442133
2026-01-20 08:00:00+00:00,1981.318963240462
2026-01-20 16:00:00+00:00,1961.084348432993
2026-01-21 00:00:00+00:00,1960.535244815432
2026-01-21 08:00:00+00:00,1960.535244815432
2026-01-21 16:00:00+00:00,1960.535244815432
2026-01-22 00:00:00+00:00,1960.535244815432
2026-01-22 08:00:00+00:00,1960.535244815432
2026-01-22 16:00:00+00:00,1960.535244815432
2026-01-23 00:00:00+00:00,1960.535244815432
2026-01-23 08:00:00+00:00,1960.535244815432
2026-01-23 16:00:00+00:00,1960.535244815432
2026-01-24 00:00:00+00:00,1960.535244815432
2026-01-24 08:00:00+00:00,1960.535244815432
2026-01-24 16:00:00+00:00,1960.535244815432
2026-01-25 00:00:00+00:00,1960.535244815432
2026-01-25 08:00:00+00:00,1960.535244815432
2026-01-25 16:00:00+00:00,1960.535244815432
2026-01-26 00:00:00+00:00,1960.535244815432
2026-01-26 08:00:00+00:00,1960.535244815432
2026-01-26 16:00:00+00:00,1960.535244815432
2026-01-27 00:00:00+00:00,1960.535244815432
2026-01-27 08:00:00+00:00,1960.535244815432
2026-01-27 16:00:00+00:00,1960.535244815432
2026-01-28 00:00:00+00:00,1960.535244815432
2026-01-28 08:00:00+00:00,1960.535244815432
2026-01-28 16:00:00+00:00,1960.535244815432
2026-01-29 00:00:00+00:00,1960.535244815432
2026-01-29 08:00:00+00:00,1960.535244815432
2026-01-29 16:00:00+00:00,1960.535244815432
2026-01-30 00:00:00+00:00,1960.535244815432
2026-01-30 08:00:00+00:00,1960.535244815432
2026-01-30 16:00:00+00:00,1960.535244815432
2026-01-31 00:00:00+00:00,1960.535244815432
2026-01-31 08:00:00+00:00,1960.535244815432
2026-01-31 16:00:00+00:00,1960.535244815432
2026-02-01 00:00:00+00:00,1960.535244815432
2026-02-01 08:00:00+00:00,1960.535244815432
2026-02-01 16:00:00+00:00,1960.535244815432
2026-02-02 00:00:00+00:00,1960.535244815432
2026-02-02 08:00:00+00:00,1960.535244815432
2026-02-02 16:00:00+00:00,1960.535244815432
2026-02-03 00:00:00+00:00,1960.535244815432
2026-02-03 08:00:00+00:00,1960.535244815432
2026-02-03 16:00:00+00:00,1960.535244815432
2026-02-04 00:00:00+00:00,1960.535244815432
2026-02-04 08:00:00+00:00,1960.535244815432
2026-02-04 16:00:00+00:00,1960.535244815432
2026-02-05 00:00:00+00:00,1960.535244815432
2026-02-05 08:00:00+00:00,1960.535244815432
2026-02-05 16:00:00+00:00,1960.535244815432
2026-02-06 00:00:00+00:00,1960.535244815432
2026-02-06 08:00:00+00:00,1960.535244815432
2026-02-06 16:00:00+00:00,1960.535244815432
2026-02-07 00:00:00+00:00,1960.535244815432
2026-02-07 08:00:00+00:00,1960.535244815432
2026-02-07 16:00:00+00:00,1960.535244815432
2026-02-08 00:00:00+00:00,1960.535244815432
2026-02-08 08:00:00+00:00,1960.535244815432
2026-02-08 16:00:00+00:00,1960.535244815432
2026-02-09 00:00:00+00:00,1960.535244815432
2026-02-09 08:00:00+00:00,1960.535244815432
2026-02-09 16:00:00+00:00,1960.535244815432
2026-02-10 00:00:00+00:00,1960.535244815432
2026-02-10 08:00:00+00:00,1960.535244815432
2026-02-10 16:00:00+00:00,1960.535244815432
2026-02-11 00:00:00+00:00,1960.535244815432
2026-02-11 08:00:00+00:00,1960.535244815432
2026-02-11 16:00:00+00:00,1960.535244815432
2026-02-12 00:00:00+00:00,1960.535244815432
2026-02-12 08:00:00+00:00,1960.535244815432
2026-02-12 16:00:00+00:00,1960.535244815432
2026-02-13 00:00:00+00:00,1960.535244815432
2026-02-13 08:00:00+00:00,1960.535244815432
2026-02-13 16:00:00+00:00,1960.535244815432
2026-02-14 00:00:00+00:00,1960.535244815432
2026-02-14 08:00:00+00:00,1960.535244815432
2026-02-14 16:00:00+00:00,1960.535244815432
2026-02-15 00:00:00+00:00,1960.535244815432
2026-02-15 08:00:00+00:00,1960.535244815432
2026-02-15 16:00:00+00:00,1960.535244815432
2026-02-16 00:00:00+00:00,1960.535244815432
2026-02-16 08:00:00+00:00,1960.535244815432
2026-02-16 16:00:00+00:00,1960.535244815432
2026-02-17 00:00:00+00:00,1960.535244815432
2026-02-17 08:00:00+00:00,1960.535244815432
2026-02-17 16:00:00+00:00,1960.535244815432
2026-02-18 00:00:00+00:00,1960.535244815432
2026-02-18 08:00:00+00:00,1960.535244815432
2026-02-18 16:00:00+00:00,1960.535244815432
2026-02-19 00:00:00+00:00,1960.535244815432
2026-02-19 08:00:00+00:00,1960.535244815432
2026-02-19 16:00:00+00:00,1960.535244815432
2026-02-20 00:00:00+00:00,1960.535244815432
2026-02-20 08:00:00+00:00,1960.535244815432
2026-02-20 16:00:00+00:00,1960.535244815432
2026-02-21 00:00:00+00:00,1960.535244815432
2026-02-21 08:00:00+00:00,1960.535244815432
2026-02-21 16:00:00+00:00,1960.535244815432
2026-02-22 00:00:00+00:00,1960.535244815432
2026-02-22 08:00:00+00:00,1960.535244815432
2026-02-22 16:00:00+00:00,1960.535244815432
2026-02-23 00:00:00+00:00,1960.535244815432
2026-02-23 08:00:00+00:00,1960.535244815432
2026-02-23 16:00:00+00:00,1960.535244815432
2026-02-24 00:00:00+00:00,1960.535244815432
2026-02-24 08:00:00+00:00,1960.535244815432
2026-02-24 16:00:00+00:00,1960.535244815432
2026-02-25 00:00:00+00:00,1960.535244815432
2026-02-25 08:00:00+00:00,1960.535244815432
2026-02-25 16:00:00+00:00,1960.535244815432
2026-02-26 00:00:00+00:00,1960.535244815432
2026-02-26 08:00:00+00:00,1960.535244815432
2026-02-26 16:00:00+00:00,1960.535244815432
2026-02-27 00:00:00+00:00,1960.535244815432
2026-02-27 08:00:00+00:00,1960.535244815432
2026-02-27 16:00:00+00:00,1960.535244815432
2026-02-28 00:00:00+00:00,1960.535244815432
2026-02-28 08:00:00+00:00,1960.535244815432
2026-02-28 16:00:00+00:00,1960.535244815432
2026-03-01 00:00:00+00:00,1960.535244815432
2026-03-01 08:00:00+00:00,1980.57935859437
2026-03-01 16:00:00+00:00,2020.9499999803438
2026-03-02 00:00:00+00:00,2021.4049456036034
2026-03-02 08:00:00+00:00,1923.4137134334626
2026-03-02 16:00:00+00:00,1958.7814087555491
2026-03-03 00:00:00+00:00,1968.4081431555796
2026-03-03 08:00:00+00:00,1995.5456241457691
2026-03-03 16:00:00+00:00,1974.639323107321
2026-03-04 00:00:00+00:00,1970.5332373946878
2026-03-04 08:00:00+00:00,1852.1034521020972
2026-03-04 16:00:00+00:00,1825.6320692968638
2026-03-05 00:00:00+00:00,1817.1862828659837
2026-03-05 08:00:00+00:00,1803.2531708924066
2026-03-05 16:00:00+00:00,1808.849583245516
2026-03-06 00:00:00+00:00,1804.0920899169157
2026-03-06 08:00:00+00:00,1810.8982082486364
2026-03-06 16:00:00+00:00,1800.5365690130639
2026-03-07 00:00:00+00:00,1799.5313294028617
2026-03-07 08:00:00+00:00,1807.7017837988212
2026-03-07 16:00:00+00:00,1804.3369272735913
2026-03-08 00:00:00+00:00,1803.14417265041
2026-03-08 08:00:00+00:00,1815.4456081941617
2026-03-08 16:00:00+00:00,1820.0145963007913
2026-03-09 00:00:00+00:00,1791.935688803329
2026-03-09 08:00:00+00:00,1761.3408942076103
2026-03-09 16:00:00+00:00,1749.7232142503867
2026-03-10 00:00:00+00:00,1737.6045177432745
2026-03-10 08:00:00+00:00,1679.63579583733
2026-03-10 16:00:00+00:00,1688.8800069004285
2026-03-11 00:00:00+00:00,1689.0993360047946
2026-03-11 08:00:00+00:00,1696.510698781574
2026-03-11 16:00:00+00:00,1697.363827302032
2026-03-12 00:00:00+00:00,1714.7742238272565
2026-03-12 08:00:00+00:00,1712.347017051248
2026-03-12 16:00:00+00:00,1734.6444381049973
2026-03-13 00:00:00+00:00,1722.515076405045
2026-03-13 08:00:00+00:00,1731.130997456854
2026-03-13 16:00:00+00:00,1714.6670602639529
2026-03-14 00:00:00+00:00,1702.673298983595
2026-03-14 08:00:00+00:00,1700.1116152782852
2026-03-14 16:00:00+00:00,1711.2925717517273
2026-03-15 00:00:00+00:00,1716.043175216726
2026-03-15 08:00:00+00:00,1715.373202099482
2026-03-15 16:00:00+00:00,1754.3989067062491
2026-03-16 00:00:00+00:00,1806.7584796375809
2026-03-16 08:00:00+00:00,1799.7979714239032
2026-03-16 16:00:00+00:00,1858.9429790128092
2026-03-17 00:00:00+00:00,1825.9117251372456
2026-03-17 08:00:00+00:00,1815.3594858769422
2026-03-17 16:00:00+00:00,1816.4847988307536
2026-03-18 00:00:00+00:00,1814.643210157987
2026-03-18 08:00:00+00:00,1722.7419914889333
2026-03-18 16:00:00+00:00,1734.5769615975985
2026-03-19 00:00:00+00:00,1708.090620726747
2026-03-19 08:00:00+00:00,1674.710381177744
2026-03-19 16:00:00+00:00,1682.9088977585075
2026-03-20 00:00:00+00:00,1694.447601922276
2026-03-20 08:00:00+00:00,1678.7919388591386
2026-03-20 16:00:00+00:00,1681.9890522264877
2026-03-21 00:00:00+00:00,1685.1976178266875
2026-03-21 08:00:00+00:00,1684.6926757112815
2026-03-21 16:00:00+00:00,1635.7331745535419
2026-03-22 00:00:00+00:00,1631.7562534085534
2026-03-22 08:00:00+00:00,1629.2972010172302
2026-03-22 16:00:00+00:00,1649.6253292081062
2026-03-23 00:00:00+00:00,1654.0516872620879
2026-03-23 08:00:00+00:00,1569.9867504312363
2026-03-23 16:00:00+00:00,1568.8877597059345
2026-03-24 00:00:00+00:00,1568.8877597059345
2026-03-24 08:00:00+00:00,1554.5436868718346
2026-03-24 16:00:00+00:00,1552.0542088862053
2026-03-25 00:00:00+00:00,1530.1859293148727
2026-03-25 08:00:00+00:00,1530.9324818627251
2026-03-25 16:00:00+00:00,1521.8004166055857
2026-03-26 00:00:00+00:00,1483.237766745918
2026-03-26 08:00:00+00:00,1484.0708535321753
2026-03-26 16:00:00+00:00,1474.5184524888061
2026-03-27 00:00:00+00:00,1469.5480458563763
2026-03-27 08:00:00+00:00,1445.1643594700781
2026-03-27 16:00:00+00:00,1444.8272365397797
2026-03-28 00:00:00+00:00,1435.2700847098088
2026-03-28 08:00:00+00:00,1426.4201983050127
2026-03-28 16:00:00+00:00,1423.3956459942976
2026-03-29 00:00:00+00:00,1420.3660841390947
2026-03-29 08:00:00+00:00,1432.0293439973955
2026-03-29 16:00:00+00:00,1434.2080287030305
2026-03-30 00:00:00+00:00,1385.700548027495
2026-03-30 08:00:00+00:00,1387.8276604541534
2026-03-30 16:00:00+00:00,1414.467840214975
2026-03-31 00:00:00+00:00,1399.807003299734
2026-03-31 08:00:00+00:00,1420.3440707254674
2026-03-31 16:00:00+00:00,1392.3428945948597
2026-04-01 00:00:00+00:00,1364.1289595813091
2026-04-01 08:00:00+00:00,1367.6041403697468
2026-04-01 16:00:00+00:00,1386.4750424256206
2026-04-02 00:00:00+00:00,1422.429157579596
2026-04-02 08:00:00+00:00,1431.1854713350829
2026-04-02 16:00:00+00:00,1424.220666130746
2026-04-03 00:00:00+00:00,1406.883471482665
2026-04-03 08:00:00+00:00,1408.1735743952288
2026-04-03 16:00:00+00:00,1409.2859921101792
2026-04-04 00:00:00+00:00,1409.000982440947
2026-04-04 08:00:00+00:00,1403.0436358958377
2026-04-04 16:00:00+00:00,1401.0456250553154
2026-04-05 00:00:00+00:00,1425.5311889076606
2026-04-05 08:00:00+00:00,1420.01786356222
2026-04-05 16:00:00+00:00,1386.9954629268243
2026-04-06 00:00:00+00:00,1369.4630412559513
2026-04-06 08:00:00+00:00,1356.263622192761
2026-04-06 16:00:00+00:00,1393.5774392628557
2026-04-07 00:00:00+00:00,1396.1660793888668
2026-04-07 08:00:00+00:00,1408.91236945783
2026-04-07 16:00:00+00:00,1299.4940977159345
2026-04-08 00:00:00+00:00,1297.9904769679079
2026-04-08 08:00:00+00:00,1308.9006052436378
2026-04-08 16:00:00+00:00,1303.249072600292
2026-04-09 00:00:00+00:00,1303.4526050388906
2026-04-09 08:00:00+00:00,1306.342477964452
2026-04-09 16:00:00+00:00,1297.3209582358318
2026-04-10 00:00:00+00:00,1296.6889555799753
2026-04-10 08:00:00+00:00,1303.1736847030334
2026-04-10 16:00:00+00:00,1300.9764862813074
2026-04-11 00:00:00+00:00,1299.4805008076678
2026-04-11 08:00:00+00:00,1305.7769612423788
2026-04-11 16:00:00+00:00,1315.3454646247196
2026-04-12 00:00:00+00:00,1286.2660908419407
2026-04-12 08:00:00+00:00,1279.1798387150816
2026-04-12 16:00:00+00:00,1285.1909670859554
2026-04-13 00:00:00+00:00,1293.2950634437798
2026-04-13 08:00:00+00:00,1277.5991432598382
2026-04-13 16:00:00+00:00,1312.527437124241
2026-04-14 00:00:00+00:00,1308.7575373631835
2026-04-14 08:00:00+00:00,1294.566271154704
2026-04-14 16:00:00+00:00,1283.179041797373
2026-04-15 00:00:00+00:00,1279.2369224951015
2026-04-15 08:00:00+00:00,1276.6292208247899
2026-04-15 16:00:00+00:00,1289.1642425463106
2026-04-16 00:00:00+00:00,1296.239455308561
2026-04-16 08:00:00+00:00,1302.5342359402944
2026-04-16 16:00:00+00:00,1318.7982762483264
2026-04-17 00:00:00+00:00,1307.5055672828153
2026-04-17 08:00:00+00:00,1341.3101553220524
2026-04-17 16:00:00+00:00,1327.5158565228942
2026-04-18 00:00:00+00:00,1324.971581031432
2026-04-18 08:00:00+00:00,1290.1675356981855
2026-04-18 16:00:00+00:00,1277.533311633997
2026-04-19 00:00:00+00:00,1264.9948302225987
2026-04-19 08:00:00+00:00,1278.995659077819
2026-04-19 16:00:00+00:00,1241.5357480366258
2026-04-20 00:00:00+00:00,1262.7479544199891
2026-04-20 08:00:00+00:00,1273.5017392397551
2026-04-20 16:00:00+00:00,1271.2550399947934
2026-04-21 00:00:00+00:00,1276.4606990238074
2026-04-21 08:00:00+00:00,1276.2468859026735
2026-04-21 16:00:00+00:00,1278.97962879553
2026-04-22 00:00:00+00:00,1304.287291065248
2026-04-22 08:00:00+00:00,1312.2249222565486
2026-04-22 16:00:00+00:00,1286.066630370871
2026-04-23 00:00:00+00:00,1280.2253397599884
2026-04-23 08:00:00+00:00,1289.887922880599
2026-04-23 16:00:00+00:00,1287.9305568321502
2026-04-24 00:00:00+00:00,1282.3447657081247
2026-04-24 08:00:00+00:00,1294.2792849612863
2026-04-24 16:00:00+00:00,1291.2703122418936
2026-04-25 00:00:00+00:00,1291.2347777082525
2026-04-25 08:00:00+00:00,1284.0016989415212
2026-04-25 16:00:00+00:00,1285.350605766496
2026-04-26 00:00:00+00:00,1294.0635336900998
2026-04-26 08:00:00+00:00,1296.441957400769
2026-04-26 16:00:00+00:00,1298.6370688345025
2026-04-27 00:00:00+00:00,1273.9690568719611
2026-04-27 08:00:00+00:00,1258.3516258954314
2026-04-27 16:00:00+00:00,1277.1068997979407
2026-04-28 00:00:00+00:00,1274.0189133721758
2026-04-28 08:00:00+00:00,1271.4674352335987
2026-04-28 16:00:00+00:00,1271.034294801096
2026-04-29 00:00:00+00:00,1317.9871532610932
2026-04-29 08:00:00+00:00,1293.3763598518517
2026-04-29 16:00:00+00:00,1298.702322863049
2026-04-30 00:00:00+00:00,1308.3043552971487
2026-04-30 08:00:00+00:00,1305.2801938695075
2026-04-30 16:00:00+00:00,1304.8366771183146
2026-05-01 00:00:00+00:00,1313.4708998125584
2026-05-01 08:00:00+00:00,1305.9269378788272
2026-05-01 16:00:00+00:00,1306.8541581715413
2026-05-02 00:00:00+00:00,1306.8039524653295
2026-05-02 08:00:00+00:00,1315.272555314308
2026-05-02 16:00:00+00:00,1307.954882891294
2026-05-03 00:00:00+00:00,1303.7864617711307
2026-05-03 08:00:00+00:00,1307.662281233537
2026-05-03 16:00:00+00:00,1305.2475626936575
2026-05-04 00:00:00+00:00,1301.2602624652725
2026-05-04 08:00:00+00:00,1300.1250740319597
2026-05-04 16:00:00+00:00,1296.9019907305387
2026-05-05 00:00:00+00:00,1305.2647571588586
2026-05-05 08:00:00+00:00,1310.8217019274707
2026-05-05 16:00:00+00:00,1312.9290841523264
2026-05-06 00:00:00+00:00,1320.8536109358745
2026-05-06 08:00:00+00:00,1318.8824378203858
2026-05-06 16:00:00+00:00,1316.5933690897782
2026-05-07 00:00:00+00:00,1321.8938732963684
2026-05-07 08:00:00+00:00,1289.951175504037
2026-05-07 16:00:00+00:00,1291.9978824386803
2026-05-08 00:00:00+00:00,1309.6594415741895
2026-05-08 08:00:00+00:00,1339.7920033421253
2026-05-08 16:00:00+00:00,1364.7082617025906
2026-05-09 00:00:00+00:00,1376.2606427117933
2026-05-09 08:00:00+00:00,1361.1016848283368
2026-05-09 16:00:00+00:00,1370.9114244140478
2026-05-10 00:00:00+00:00,1374.129050582199
2026-05-10 08:00:00+00:00,1417.0415860646372
2026-05-10 16:00:00+00:00,1447.3680645368697
2026-05-11 00:00:00+00:00,1422.6678461117917
2026-05-11 08:00:00+00:00,1428.9791905227544
2026-05-11 16:00:00+00:00,1433.5084036941635
2026-05-12 00:00:00+00:00,1421.6176073711067
2026-05-12 08:00:00+00:00,1384.2505450613476
2026-05-12 16:00:00+00:00,1401.9433096182597
2026-05-13 00:00:00+00:00,1422.857374460783
2026-05-13 08:00:00+00:00,1359.719591345688
2026-05-13 16:00:00+00:00,1376.8898720973539
2026-05-14 00:00:00+00:00,1371.816910917766
2026-05-14 08:00:00+00:00,1407.2783310730313
2026-05-14 16:00:00+00:00,1393.0662119802294
2026-05-15 00:00:00+00:00,1376.6424789645127
2026-05-15 08:00:00+00:00,1338.4240237227978
2026-05-15 16:00:00+00:00,1348.0651312820057
2026-05-16 00:00:00+00:00,1326.0367237662626
2026-05-16 08:00:00+00:00,1325.0077438475564
2026-05-16 16:00:00+00:00,1322.8677810459901
2026-05-17 00:00:00+00:00,1325.4243200235182
2026-05-17 08:00:00+00:00,1323.9298846535892
2026-05-17 16:00:00+00:00,1325.8695244159208
2026-05-18 00:00:00+00:00,1311.6852633933163
2026-05-18 08:00:00+00:00,1314.8237482070988
2026-05-18 16:00:00+00:00,1289.7112626054743
2026-05-19 00:00:00+00:00,1293.1392735588395
2026-05-19 08:00:00+00:00,1302.0329099285036
2026-05-19 16:00:00+00:00,1299.7421779380256
2026-05-20 00:00:00+00:00,1296.8597096082563
2026-05-20 08:00:00+00:00,1296.9264478628982
2026-05-20 16:00:00+00:00,1303.7855784323078
2026-05-21 00:00:00+00:00,1300.5348581688552
2026-05-21 08:00:00+00:00,1323.4861288628942
2026-05-21 16:00:00+00:00,1332.2332231703015
2026-05-22 00:00:00+00:00,1377.365343207939
2026-05-22 08:00:00+00:00,1377.478224139278
2026-05-22 16:00:00+00:00,1391.816627846936
2026-05-23 00:00:00+00:00,1411.8628232351768
2026-05-23 08:00:00+00:00,1404.3012174626583
2026-05-23 16:00:00+00:00,1393.2211262746441
2026-05-24 00:00:00+00:00,1389.5846393478278
2026-05-24 08:00:00+00:00,1404.6518307258546
2026-05-24 16:00:00+00:00,1398.6383112349754
2026-05-25 00:00:00+00:00,1387.7557559055226
2026-05-25 08:00:00+00:00,1403.5717378127317
2026-05-25 16:00:00+00:00,1415.8634012982193
2026-05-26 00:00:00+00:00,1419.322288733666
2026-05-26 08:00:00+00:00,1417.7874379415496
2026-05-26 16:00:00+00:00,1419.3507839264555
2026-05-27 00:00:00+00:00,1411.1413028693191
2026-05-27 08:00:00+00:00,1413.800558941602
2026-05-27 16:00:00+00:00,1437.3478740919716
2026-05-28 00:00:00+00:00,1458.9417787241835
2026-05-28 08:00:00+00:00,1454.4906744914385
2026-05-28 16:00:00+00:00,1447.2103861960927
2026-05-29 00:00:00+00:00,1452.658450106327
2026-05-29 08:00:00+00:00,1448.3285948947453
2026-05-29 16:00:00+00:00,1449.8628415720125
2026-05-30 00:00:00+00:00,1441.5965191115274
2026-05-30 08:00:00+00:00,1433.4309799868374
2026-05-30 16:00:00+00:00,1431.5878859448253
2026-05-31 00:00:00+00:00,1432.0653284154125
2026-05-31 08:00:00+00:00,1446.3698104699797
2026-05-31 16:00:00+00:00,1437.7539490470504
2026-06-01 00:00:00+00:00,1464.1847275479436
2026-06-01 08:00:00+00:00,1480.9357461464865
2026-06-01 16:00:00+00:00,1451.4030049288606
2026-06-02 00:00:00+00:00,1485.2150239519783
2026-06-02 08:00:00+00:00,1544.8322778491845
2026-06-02 16:00:00+00:00,1577.4895116841053
2026-06-03 00:00:00+00:00,1545.3125830173515
2026-06-03 08:00:00+00:00,1573.8126418197166
2026-06-03 16:00:00+00:00,1594.312077779376
2026-06-04 00:00:00+00:00,1622.0194121098375
2026-06-04 08:00:00+00:00,1615.6027686363182
2026-06-04 16:00:00+00:00,1621.4996826426868
2026-06-05 00:00:00+00:00,1693.9230925311392
2026-06-05 08:00:00+00:00,1766.7565679644508
2026-06-05 16:00:00+00:00,1767.3319799316298
2026-06-06 00:00:00+00:00,1776.1172247099178
2026-06-06 08:00:00+00:00,1776.455909446332
2026-06-06 16:00:00+00:00,1773.779324272913
2026-06-07 00:00:00+00:00,1709.442166675031
2026-06-07 08:00:00+00:00,1716.5901657244774
2026-06-07 16:00:00+00:00,1682.8114805884986
2026-06-08 00:00:00+00:00,1692.5147319573703
2026-06-08 08:00:00+00:00,1669.0125852191557
2026-06-08 16:00:00+00:00,1680.0143744336194
2026-06-09 00:00:00+00:00,1682.969717639342
2026-06-09 08:00:00+00:00,1733.7762500822084
2026-06-09 16:00:00+00:00,1712.8227730900794
2026-06-10 00:00:00+00:00,1725.0624046564749
2026-06-10 08:00:00+00:00,1711.2351954675232
2026-06-10 16:00:00+00:00,1764.2121155984812
2026-06-11 00:00:00+00:00,1720.1534378937756
2026-06-11 08:00:00+00:00,1722.0901239336918
2026-06-11 16:00:00+00:00,1692.702037623934
2026-06-12 00:00:00+00:00,1706.9385521576473
2026-06-12 08:00:00+00:00,1699.8954153781715
2026-06-12 16:00:00+00:00,1694.3376466585426
2026-06-13 00:00:00+00:00,1671.0217584192435
2026-06-13 08:00:00+00:00,1638.6084182563538
2026-06-13 16:00:00+00:00,1652.4731390143286
2026-06-14 00:00:00+00:00,1663.3948388059634
2026-06-14 08:00:00+00:00,1686.6965420561053
2026-06-14 16:00:00+00:00,1605.201072952841
2026-06-15 00:00:00+00:00,1605.791264994622
2026-06-15 08:00:00+00:00,1578.9906580317463
2026-06-15 16:00:00+00:00,1578.5485406474975
2026-06-16 00:00:00+00:00,1578.5485406474975
2026-06-16 08:00:00+00:00,1578.5485406474975
2026-06-16 16:00:00+00:00,1578.5485406474975
2026-06-17 00:00:00+00:00,1578.5485406474975
2026-06-17 08:00:00+00:00,1578.5485406474975
2026-06-17 16:00:00+00:00,1525.3113502864642
2026-06-18 00:00:00+00:00,1524.8842631083842
2026-06-18 08:00:00+00:00,1545.6562313749755
2026-06-18 16:00:00+00:00,1510.443357784484
