ts,equity
2023-01-01 00:00:00+00:00,1000.0
2023-01-01 08:00:00+00:00,1000.0
2023-01-01 16:00:00+00:00,1000.0
2023-01-02 00:00:00+00:00,1000.0
2023-01-02 08:00:00+00:00,1000.0
2023-01-02 16:00:00+00:00,1000.0
2023-01-03 00:00:00+00:00,1000.0
2023-01-03 08:00:00+00:00,1000.0
2023-01-03 16:00:00+00:00,1000.0
2023-01-04 00:00:00+00:00,1000.0
2023-01-04 08:00:00+00:00,1000.0
2023-01-04 16:00:00+00:00,1000.0
2023-01-05 00:00:00+00:00,1000.0
2023-01-05 08:00:00+00:00,1000.0
2023-01-05 16:00:00+00:00,1000.0
2023-01-06 00:00:00+00:00,1000.0
2023-01-06 08:00:00+00:00,1000.0
2023-01-06 16:00:00+00:00,1000.0
2023-01-07 00:00:00+00:00,1000.0
2023-01-07 08:00:00+00:00,1000.0
2023-01-07 16:00:00+00:00,1000.0
2023-01-08 00:00:00+00:00,1000.0
2023-01-08 08:00:00+00:00,1000.0
2023-01-08 16:00:00+00:00,1000.0
2023-01-09 00:00:00+00:00,1000.0
2023-01-09 08:00:00+00:00,1000.0
2023-01-09 16:00:00+00:00,1000.0
2023-01-10 00:00:00+00:00,1000.0
2023-01-10 08:00:00+00:00,1000.0
2023-01-10 16:00:00+00:00,1000.0
2023-01-11 00:00:00+00:00,1000.0
2023-01-11 08:00:00+00:00,1000.0
2023-01-11 16:00:00+00:00,1000.0
2023-01-12 00:00:00+00:00,1000.0
2023-01-12 08:00:00+00:00,1000.0
2023-01-12 16:00:00+00:00,1000.0
2023-01-13 00:00:00+00:00,1000.0
2023-01-13 08:00:00+00:00,1000.0
2023-01-13 16:00:00+00:00,1004.6195257856891
2023-01-14 00:00:00+00:00,1048.552390929781
2023-01-14 08:00:00+00:00,1035.2150259734472
2023-01-14 16:00:00+00:00,1032.562565032643
2023-01-15 00:00:00+00:00,1023.093568948942
2023-01-15 08:00:00+00:00,1037.7559169724536
2023-01-15 16:00:00+00:00,1034.0924637379778
2023-01-16 00:00:00+00:00,1037.9536553962394
2023-01-16 08:00:00+00:00,1028.535429744334
2023-01-16 16:00:00+00:00,1031.942267901409
2023-01-17 00:00:00+00:00,1034.5141696665933
2023-01-17 08:00:00+00:00,1041.5304878078828
2023-01-17 16:00:00+00:00,1033.6544246862989
2023-01-18 00:00:00+00:00,1044.8184138122447
2023-01-18 08:00:00+00:00,1030.8069729557951
2023-01-18 16:00:00+00:00,1017.5343648289752
2023-01-19 00:00:00+00:00,1021.5640187869897
2023-01-19 08:00:00+00:00,1020.0542018030068
2023-01-19 16:00:00+00:00,1023.292534571463
2023-01-20 00:00:00+00:00,1020.8697037943983
2023-01-20 08:00:00+00:00,1023.7943949569694
2023-01-20 16:00:00+00:00,1046.148551934459
2023-01-21 00:00:00+00:00,1054.3705811789878
2023-01-21 08:00:00+00:00,1052.4232694689626
2023-01-21 16:00:00+00:00,1045.0776089404271
2023-01-22 00:00:00+00:00,1057.6403379926353
2023-01-22 08:00:00+00:00,1061.6579657325656
2023-01-22 16:00:00+00:00,1057.8724596613672
2023-01-23 00:00:00+00:00,1061.0435944739213
2023-01-23 08:00:00+00:00,1056.7790071172358
2023-01-23 16:00:00+00:00,1058.2464136949482
2023-01-24 00:00:00+00:00,1067.0474907865064
2023-01-24 08:00:00+00:00,1062.7483927543185
2023-01-24 16:00:00+00:00,1042.868086704178
2023-01-25 00:00:00+00:00,1048.5701412781834
2023-01-25 08:00:00+00:00,1059.4966717206166
2023-01-25 16:00:00+00:00,1074.0152983327612
2023-01-26 00:00:00+00:00,1074.611063758402
2023-01-26 08:00:00+00:00,1071.216770507528
2023-01-26 16:00:00+00:00,1073.4934446687962
2023-01-27 00:00:00+00:00,1072.626802671129
2023-01-27 08:00:00+00:00,1068.8183495501858
2023-01-27 16:00:00+00:00,1078.5434412631096
2023-01-28 00:00:00+00:00,1078.142345783799
2023-01-28 08:00:00+00:00,1075.1254234175806
2023-01-28 16:00:00+00:00,1074.3554604942192
2023-01-29 00:00:00+00:00,1078.0328790159028
2023-01-29 08:00:00+00:00,1081.4238703449323
2023-01-29 16:00:00+00:00,1087.460375266251
2023-01-30 00:00:00+00:00,1082.2539848918286
2023-01-30 08:00:00+00:00,1072.1163176875255
2023-01-30 16:00:00+00:00,1062.491244147225
2023-01-31 00:00:00+00:00,1068.0165043804627
2023-01-31 08:00:00+00:00,1070.87116747216
2023-01-31 16:00:00+00:00,1071.224196742052
2023-02-01 00:00:00+00:00,1065.4201462973938
2023-02-01 08:00:00+00:00,1061.100142407043
2023-02-01 16:00:00+00:00,1076.8803432751033
2023-02-02 00:00:00+00:00,1076.592595063759
2023-02-02 08:00:00+00:00,1077.8419838581435
2023-02-02 16:00:00+00:00,1069.476804756324
2023-02-03 00:00:00+00:00,1069.4486185565029
2023-02-03 08:00:00+00:00,1075.6974472211052
2023-02-03 16:00:00+00:00,1075.8943576705415
2023-02-04 00:00:00+00:00,1073.348754482811
2023-02-04 08:00:00+00:00,1075.7970502975738
2023-02-04 16:00:00+00:00,1073.0575513568874
2023-02-05 00:00:00+00:00,1073.2084287564603
2023-02-05 08:00:00+00:00,1062.788327876729
2023-02-05 16:00:00+00:00,1062.5179174072277
2023-02-06 00:00:00+00:00,1063.1609239586644
2023-02-06 08:00:00+00:00,1065.1973841370855
2023-02-06 16:00:00+00:00,1054.219949329727
2023-02-07 00:00:00+00:00,1059.0575271009113
2023-02-07 08:00:00+00:00,1058.672137492352
2023-02-07 16:00:00+00:00,1065.9182860884423
2023-02-08 00:00:00+00:00,1067.0094517162088
2023-02-08 08:00:00+00:00,1060.7912331673904
2023-02-08 16:00:00+00:00,1061.7948986727286
2023-02-09 00:00:00+00:00,1056.2189536767846
2023-02-09 08:00:00+00:00,1057.2849511853558
2023-02-09 16:00:00+00:00,1037.0055792983337
2023-02-10 00:00:00+00:00,1037.5571028993324
2023-02-10 08:00:00+00:00,1035.7932301605892
2023-02-10 16:00:00+00:00,1035.416645894716
2023-02-11 00:00:00+00:00,1035.963008811822
2023-02-11 08:00:00+00:00,1036.7537425554606
2023-02-11 16:00:00+00:00,1038.0873684282908
2023-02-12 00:00:00+00:00,1037.236660884234
2023-02-12 08:00:00+00:00,1038.3857354794213
2023-02-12 16:00:00+00:00,1036.2536471877916
2023-02-13 00:00:00+00:00,1036.1694428038104
2023-02-13 08:00:00+00:00,1031.6546632141246
2023-02-13 16:00:00+00:00,1032.3302884759369
2023-02-14 00:00:00+00:00,1032.2952770828178
2023-02-14 08:00:00+00:00,1033.1560526848184
2023-02-14 16:00:00+00:00,1033.647158442354
2023-02-15 00:00:00+00:00,1033.3699060590054
2023-02-15 08:00:00+00:00,1035.5806705128061
2023-02-15 16:00:00+00:00,1040.3936331038383
2023-02-16 00:00:00+00:00,1042.6493188029149
2023-02-16 08:00:00+00:00,1044.3059793918146
2023-02-16 16:00:00+00:00,1018.4230393079703
2023-02-17 00:00:00+00:00,1016.13231551328
2023-02-17 08:00:00+00:00,1021.7770571920935
2023-02-17 16:00:00+00:00,1032.5098235503942
2023-02-18 00:00:00+00:00,1031.4815820775887
2023-02-18 08:00:00+00:00,1033.4964199822712
2023-02-18 16:00:00+00:00,1033.0706316805245
2023-02-19 00:00:00+00:00,1038.4720971714269
2023-02-19 08:00:00+00:00,1050.8343900124555
2023-02-19 16:00:00+00:00,1037.6222764023853
2023-02-20 00:00:00+00:00,1046.8356358552908
2023-02-20 08:00:00+00:00,1046.5852201483683
2023-02-20 16:00:00+00:00,1044.8027294617125
2023-02-21 00:00:00+00:00,1047.1493485159351
2023-02-21 08:00:00+00:00,1035.812095455101
2023-02-21 16:00:00+00:00,1032.5046917488864
2023-02-22 00:00:00+00:00,1024.9360673382316
2023-02-22 08:00:00+00:00,1016.9991785438557
2023-02-22 16:00:00+00:00,1022.2860055385736
2023-02-23 00:00:00+00:00,1025.260609118281
2023-02-23 08:00:00+00:00,1020.8198100517163
2023-02-23 16:00:00+00:00,1020.0985457874411
2023-02-24 00:00:00+00:00,1020.7623653876182
2023-02-24 08:00:00+00:00,1012.3350759907696
2023-02-24 16:00:00+00:00,1010.6949507754863
2023-02-25 00:00:00+00:00,1011.1028276184131
2023-02-25 08:00:00+00:00,1009.1162306657071
2023-02-25 16:00:00+00:00,1008.9114893017272
2023-02-26 00:00:00+00:00,1010.8117506857636
2023-02-26 08:00:00+00:00,1011.6639586088676
2023-02-26 16:00:00+00:00,1014.1440671423585
2023-02-27 00:00:00+00:00,1012.5576550510715
2023-02-27 08:00:00+00:00,1013.3193035260573
2023-02-27 16:00:00+00:00,1012.7054753365796
2023-02-28 00:00:00+00:00,1010.9370606065218
2023-02-28 08:00:00+00:00,1012.5472375729796
2023-02-28 16:00:00+00:00,1009.8508618011912
2023-03-01 00:00:00+00:00,1013.4414465627386
2023-03-01 08:00:00+00:00,1014.1768961061781
2023-03-01 16:00:00+00:00,1014.1114095569345
2023-03-02 00:00:00+00:00,1011.794110593252
2023-03-02 08:00:00+00:00,1010.9138615502502
2023-03-02 16:00:00+00:00,1012.3862786463154
2023-03-03 00:00:00+00:00,1003.2740815340213
2023-03-03 08:00:00+00:00,1003.657203115275
2023-03-03 16:00:00+00:00,1003.4711147910358
2023-03-04 00:00:00+00:00,1003.711935934838
2023-03-04 08:00:00+00:00,1003.3835471731473
2023-03-04 16:00:00+00:00,1002.9675826378806
2023-03-05 00:00:00+00:00,1003.3397592863594
2023-03-05 08:00:00+00:00,1003.8214015739644
2023-03-05 16:00:00+00:00,1003.5367925433738
2023-03-06 00:00:00+00:00,1003.1208361637947
2023-03-06 08:00:00+00:00,1003.8214015739644
2023-03-06 16:00:00+00:00,1003.733833956076
2023-03-07 00:00:00+00:00,1003.5149026778237
2023-03-07 08:00:00+00:00,1003.1646158948951
2023-03-07 16:00:00+00:00,1002.5625711910764
2023-03-08 00:00:00+00:00,1002.4093176651622
2023-03-08 08:00:00+00:00,1002.332694980049
2023-03-08 16:00:00+00:00,1001.4460412456401
2023-03-09 00:00:00+00:00,1001.7306421205429
2023-03-09 08:00:00+00:00,1002.223229340923
2023-03-09 16:00:00+00:00,1000.6261706770507
2023-03-10 00:00:00+00:00,1000.6261706770507
2023-03-10 08:00:00+00:00,1000.6261706770507
2023-03-10 16:00:00+00:00,1000.6261706770507
2023-03-11 00:00:00+00:00,1000.6261706770507
2023-03-11 08:00:00+00:00,1000.6261706770507
2023-03-11 16:00:00+00:00,1000.6261706770507
2023-03-12 00:00:00+00:00,1000.6261706770507
2023-03-12 08:00:00+00:00,1000.6261706770507
2023-03-12 16:00:00+00:00,1000.6261706770507
2023-03-13 00:00:00+00:00,1000.6261706770507
2023-03-13 08:00:00+00:00,1000.6261706770507
2023-03-13 16:00:00+00:00,1004.0420831062585
2023-03-14 00:00:00+00:00,1002.7101635509022
2023-03-14 08:00:00+00:00,1023.9070809572102
2023-03-14 16:00:00+00:00,1010.8381413868708
2023-03-15 00:00:00+00:00,1012.0810005011083
2023-03-15 08:00:00+00:00,992.611407671488
2023-03-15 16:00:00+00:00,988.9101387334259
2023-03-16 00:00:00+00:00,994.4914914803733
2023-03-16 08:00:00+00:00,996.2279212284594
2023-03-16 16:00:00+00:00,996.9365306178196
2023-03-17 00:00:00+00:00,1003.6556606104705
2023-03-17 08:00:00+00:00,1003.9891398891632
2023-03-17 16:00:00+00:00,1017.3826538979918
2023-03-18 00:00:00+00:00,1021.0116094485677
2023-03-18 08:00:00+00:00,1011.2068262132932
2023-03-18 16:00:00+00:00,1005.2695402639133
2023-03-19 00:00:00+00:00,1009.8900261707962
2023-03-19 08:00:00+00:00,1014.5286472269197
2023-03-19 16:00:00+00:00,1013.7770724773851
2023-03-20 00:00:00+00:00,1013.4652744421614
2023-03-20 08:00:00+00:00,1009.0649325016301
2023-03-20 16:00:00+00:00,1001.9662401438161
2023-03-21 00:00:00+00:00,997.1318744933075
2023-03-21 08:00:00+00:00,1010.4965351163246
2023-03-21 16:00:00+00:00,1014.6773265042517
2023-03-22 00:00:00+00:00,1013.4801902941799
2023-03-22 08:00:00+00:00,1013.27471037409
2023-03-22 16:00:00+00:00,1001.0442633712704
2023-03-23 00:00:00+00:00,1003.0403284999813
2023-03-23 08:00:00+00:00,1013.0282212343667
2023-03-23 16:00:00+00:00,1009.3690443935142
2023-03-24 00:00:00+00:00,1007.7793361377787
2023-03-24 08:00:00+00:00,998.6587195185814
2023-03-24 16:00:00+00:00,993.8487162894208
2023-03-25 00:00:00+00:00,993.3109458381701
2023-03-25 08:00:00+00:00,993.8388706557764
2023-03-25 16:00:00+00:00,988.676468282005
2023-03-26 00:00:00+00:00,990.6236873735852
2023-03-26 08:00:00+00:00,991.9005355510837
2023-03-26 16:00:00+00:00,992.7690062612497
2023-03-27 00:00:00+00:00,988.7511511324112
2023-03-27 08:00:00+00:00,979.8348839498501
2023-03-27 16:00:00+00:00,980.4542161307423
2023-03-28 00:00:00+00:00,980.2128575363984
2023-03-28 08:00:00+00:00,980.3585677780344
2023-03-28 16:00:00+00:00,981.3421127946913
2023-03-29 00:00:00+00:00,988.1502049798137
2023-03-29 08:00:00+00:00,990.8064967504158
2023-03-29 16:00:00+00:00,990.6228051751051
2023-03-30 00:00:00+00:00,991.6175172014754
2023-03-30 08:00:00+00:00,989.0740598895422
2023-03-30 16:00:00+00:00,989.7104495300366
2023-03-31 00:00:00+00:00,992.8808837721956
2023-03-31 08:00:00+00:00,994.1835261706195
2023-03-31 16:00:00+00:00,996.5959303981185
2023-04-01 00:00:00+00:00,990.6227340347897
2023-04-01 08:00:00+00:00,990.5330526732034
2023-04-01 16:00:00+00:00,990.5981088613903
2023-04-02 00:00:00+00:00,990.7615087767459
2023-04-02 08:00:00+00:00,987.6153198419717
2023-04-02 16:00:00+00:00,985.1274760507099
2023-04-03 00:00:00+00:00,987.7589559929769
2023-04-03 08:00:00+00:00,985.469993345005
2023-04-03 16:00:00+00:00,987.1068215091476
2023-04-04 00:00:00+00:00,987.2244246434914
2023-04-04 08:00:00+00:00,989.142738361677
2023-04-04 16:00:00+00:00,990.4825266864607
2023-04-05 00:00:00+00:00,998.303151075602
2023-04-05 08:00:00+00:00,990.5790765605855
2023-04-05 16:00:00+00:00,992.8813466762554
2023-04-06 00:00:00+00:00,986.5310457536674
2023-04-06 08:00:00+00:00,988.9145307555214
2023-04-06 16:00:00+00:00,986.1274417647365
2023-04-07 00:00:00+00:00,982.8454915264831
2023-04-07 08:00:00+00:00,984.8739951361512
2023-04-07 16:00:00+00:00,985.5704266086912
2023-04-08 00:00:00+00:00,986.8751921413652
2023-04-08 08:00:00+00:00,985.8701383805109
2023-04-08 16:00:00+00:00,984.8685812947618
2023-04-09 00:00:00+00:00,982.8964882598744
2023-04-09 08:00:00+00:00,983.2458456323507
2023-04-09 16:00:00+00:00,986.2890419512305
2023-04-10 00:00:00+00:00,985.3356075383398
2023-04-10 08:00:00+00:00,984.5017804389979
2023-04-10 16:00:00+00:00,993.8543868601996
2023-04-11 00:00:00+00:00,997.4392103686433
2023-04-11 08:00:00+00:00,996.0457480388267
2023-04-11 16:00:00+00:00,992.056736662558
2023-04-12 00:00:00+00:00,985.6757188773563
2023-04-12 08:00:00+00:00,989.2694084540964
2023-04-12 16:00:00+00:00,989.7104003462352
2023-04-13 00:00:00+00:00,990.3016980142667
2023-04-13 08:00:00+00:00,998.9493444627211
2023-04-13 16:00:00+00:00,1001.7640345373695
2023-04-14 00:00:00+00:00,1012.2129552504124
2023-04-14 08:00:00+00:00,1002.0673625516903
2023-04-14 16:00:00+00:00,1011.1666111685893
2023-04-15 00:00:00+00:00,1012.0036851163816
2023-04-15 08:00:00+00:00,1015.3703558378337
2023-04-15 16:00:00+00:00,1016.6717376724339
2023-04-16 00:00:00+00:00,1018.245838082138
2023-04-16 08:00:00+00:00,1017.424754377257
2023-04-16 16:00:00+00:00,1019.68145958084
2023-04-17 00:00:00+00:00,1014.3666481802937
2023-04-17 08:00:00+00:00,1009.1322502853002
2023-04-17 16:00:00+00:00,1010.9352072023121
2023-04-18 00:00:00+00:00,1017.7213901857691
2023-04-18 08:00:00+00:00,1019.8033476432644
2023-04-18 16:00:00+00:00,1022.0699257418015
2023-04-19 00:00:00+00:00,1016.1592692945636
2023-04-19 08:00:00+00:00,1001.9484038101842
2023-04-19 16:00:00+00:00,997.5877663732233
2023-04-20 00:00:00+00:00,998.7866915228889
2023-04-20 08:00:00+00:00,994.6212491453964
2023-04-20 16:00:00+00:00,991.7526061355061
2023-04-21 00:00:00+00:00,991.7526061355061
2023-04-21 08:00:00+00:00,991.7526061355061
2023-04-21 16:00:00+00:00,991.7526061355061
2023-04-22 00:00:00+00:00,991.7526061355061
2023-04-22 08:00:00+00:00,991.7526061355061
2023-04-22 16:00:00+00:00,991.7526061355061
2023-04-23 00:00:00+00:00,991.7526061355061
2023-04-23 08:00:00+00:00,991.7526061355061
2023-04-23 16:00:00+00:00,991.7526061355061
2023-04-24 00:00:00+00:00,991.7526061355061
2023-04-24 08:00:00+00:00,991.7526061355061
2023-04-24 16:00:00+00:00,991.7526061355061
2023-04-25 00:00:00+00:00,991.7526061355061
2023-04-25 08:00:00+00:00,991.7526061355061
2023-04-25 16:00:00+00:00,991.7526061355061
2023-04-26 00:00:00+00:00,991.7526061355061
2023-04-26 08:00:00+00:00,991.7526061355061
2023-04-26 16:00:00+00:00,991.7526061355061
2023-04-27 00:00:00+00:00,991.7526061355061
2023-04-27 08:00:00+00:00,991.7526061355061
2023-04-27 16:00:00+00:00,991.7526061355061
2023-04-28 00:00:00+00:00,991.7526061355061
2023-04-28 08:00:00+00:00,991.7526061355061
2023-04-28 16:00:00+00:00,991.7526061355061
2023-04-29 00:00:00+00:00,991.7526061355061
2023-04-29 08:00:00+00:00,991.7526061355061
2023-04-29 16:00:00+00:00,991.7526061355061
2023-04-30 00:00:00+00:00,991.7526061355061
2023-04-30 08:00:00+00:00,991.7526061355061
2023-04-30 16:00:00+00:00,991.7526061355061
2023-05-01 00:00:00+00:00,991.7526061355061
2023-05-01 08:00:00+00:00,991.7526061355061
2023-05-01 16:00:00+00:00,991.7526061355061
2023-05-02 00:00:00+00:00,991.7526061355061
2023-05-02 08:00:00+00:00,991.7526061355061
2023-05-02 16:00:00+00:00,991.7526061355061
2023-05-03 00:00:00+00:00,991.7526061355061
2023-05-03 08:00:00+00:00,991.7526061355061
2023-05-03 16:00:00+00:00,991.7526061355061
2023-05-04 00:00:00+00:00,991.7526061355061
2023-05-04 08:00:00+00:00,991.7526061355061
2023-05-04 16:00:00+00:00,991.7526061355061
2023-05-05 00:00:00+00:00,991.7526061355061
2023-05-05 08:00:00+00:00,991.7526061355061
2023-05-05 16:00:00+00:00,991.7526061355061
2023-05-06 00:00:00+00:00,991.7526061355061
2023-05-06 08:00:00+00:00,991.7526061355061
2023-05-06 16:00:00+00:00,991.7526061355061
2023-05-07 00:00:00+00:00,991.7526061355061
2023-05-07 08:00:00+00:00,991.7526061355061
2023-05-07 16:00:00+00:00,991.7526061355061
2023-05-08 00:00:00+00:00,991.7526061355061
2023-05-08 08:00:00+00:00,991.7526061355061
2023-05-08 16:00:00+00:00,991.7526061355061
2023-05-09 00:00:00+00:00,991.7526061355061
2023-05-09 08:00:00+00:00,991.7526061355061
2023-05-09 16:00:00+00:00,991.7526061355061
2023-05-10 00:00:00+00:00,991.7526061355061
2023-05-10 08:00:00+00:00,991.7526061355061
2023-05-10 16:00:00+00:00,991.7526061355061
2023-05-11 00:00:00+00:00,991.7526061355061
2023-05-11 08:00:00+00:00,991.7526061355061
2023-05-11 16:00:00+00:00,991.7526061355061
2023-05-12 00:00:00+00:00,991.7526061355061
2023-05-12 08:00:00+00:00,991.7526061355061
2023-05-12 16:00:00+00:00,991.7526061355061
2023-05-13 00:00:00+00:00,991.7526061355061
2023-05-13 08:00:00+00:00,991.7526061355061
2023-05-13 16:00:00+00:00,991.7526061355061
2023-05-14 00:00:00+00:00,991.7526061355061
2023-05-14 08:00:00+00:00,991.7526061355061
2023-05-14 16:00:00+00:00,991.7526061355061
2023-05-15 00:00:00+00:00,991.7526061355061
2023-05-15 08:00:00+00:00,991.7526061355061
2023-05-15 16:00:00+00:00,991.7526061355061
2023-05-16 00:00:00+00:00,991.7526061355061
2023-05-16 08:00:00+00:00,991.7526061355061
2023-05-16 16:00:00+00:00,991.7526061355061
2023-05-17 00:00:00+00:00,991.7526061355061
2023-05-17 08:00:00+00:00,991.7526061355061
2023-05-17 16:00:00+00:00,991.7526061355061
2023-05-18 00:00:00+00:00,991.7526061355061
2023-05-18 08:00:00+00:00,991.7526061355061
2023-05-18 16:00:00+00:00,991.7526061355061
2023-05-19 00:00:00+00:00,991.7526061355061
2023-05-19 08:00:00+00:00,991.7526061355061
2023-05-19 16:00:00+00:00,991.7526061355061
2023-05-20 00:00:00+00:00,991.7526061355061
2023-05-20 08:00:00+00:00,991.7526061355061
2023-05-20 16:00:00+00:00,991.7526061355061
2023-05-21 00:00:00+00:00,991.7526061355061
2023-05-21 08:00:00+00:00,991.7526061355061
2023-05-21 16:00:00+00:00,991.7526061355061
2023-05-22 00:00:00+00:00,991.7526061355061
2023-05-22 08:00:00+00:00,991.7526061355061
2023-05-22 16:00:00+00:00,991.7526061355061
2023-05-23 00:00:00+00:00,991.7526061355061
2023-05-23 08:00:00+00:00,991.7526061355061
2023-05-23 16:00:00+00:00,991.7526061355061
2023-05-24 00:00:00+00:00,991.7526061355061
2023-05-24 08:00:00+00:00,991.7526061355061
2023-05-24 16:00:00+00:00,991.7526061355061
2023-05-25 00:00:00+00:00,991.7526061355061
2023-05-25 08:00:00+00:00,991.7526061355061
2023-05-25 16:00:00+00:00,991.7526061355061
2023-05-26 00:00:00+00:00,991.7526061355061
2023-05-26 08:00:00+00:00,991.7526061355061
2023-05-26 16:00:00+00:00,991.7526061355061
2023-05-27 00:00:00+00:00,991.7526061355061
2023-05-27 08:00:00+00:00,991.7526061355061
2023-05-27 16:00:00+00:00,991.7526061355061
2023-05-28 00:00:00+00:00,991.7526061355061
2023-05-28 08:00:00+00:00,991.7526061355061
2023-05-28 16:00:00+00:00,991.7526061355061
2023-05-29 00:00:00+00:00,991.7526061355061
2023-05-29 08:00:00+00:00,991.7526061355061
2023-05-29 16:00:00+00:00,991.7526061355061
2023-05-30 00:00:00+00:00,991.7526061355061
2023-05-30 08:00:00+00:00,991.7526061355061
2023-05-30 16:00:00+00:00,991.7526061355061
2023-05-31 00:00:00+00:00,991.7526061355061
2023-05-31 08:00:00+00:00,991.7526061355061
2023-05-31 16:00:00+00:00,991.7526061355061
2023-06-01 00:00:00+00:00,991.7526061355061
2023-06-01 08:00:00+00:00,991.7526061355061
2023-06-01 16:00:00+00:00,991.7526061355061
2023-06-02 00:00:00+00:00,991.7526061355061
2023-06-02 08:00:00+00:00,991.7526061355061
2023-06-02 16:00:00+00:00,991.7526061355061
2023-06-03 00:00:00+00:00,991.7526061355061
2023-06-03 08:00:00+00:00,991.7526061355061
2023-06-03 16:00:00+00:00,991.7526061355061
2023-06-04 00:00:00+00:00,991.7526061355061
2023-06-04 08:00:00+00:00,991.7526061355061
2023-06-04 16:00:00+00:00,991.7526061355061
2023-06-05 00:00:00+00:00,991.7526061355061
2023-06-05 08:00:00+00:00,991.7526061355061
2023-06-05 16:00:00+00:00,991.7526061355061
2023-06-06 00:00:00+00:00,991.7526061355061
2023-06-06 08:00:00+00:00,991.7526061355061
2023-06-06 16:00:00+00:00,991.7526061355061
2023-06-07 00:00:00+00:00,991.7526061355061
2023-06-07 08:00:00+00:00,991.7526061355061
2023-06-07 16:00:00+00:00,991.7526061355061
2023-06-08 00:00:00+00:00,991.7526061355061
2023-06-08 08:00:00+00:00,991.7526061355061
2023-06-08 16:00:00+00:00,991.7526061355061
2023-06-09 00:00:00+00:00,991.7526061355061
2023-06-09 08:00:00+00:00,991.7526061355061
2023-06-09 16:00:00+00:00,991.7526061355061
2023-06-10 00:00:00+00:00,991.7526061355061
2023-06-10 08:00:00+00:00,991.7526061355061
2023-06-10 16:00:00+00:00,991.7526061355061
2023-06-11 00:00:00+00:00,991.7526061355061
2023-06-11 08:00:00+00:00,991.7526061355061
2023-06-11 16:00:00+00:00,991.7526061355061
2023-06-12 00:00:00+00:00,991.7526061355061
2023-06-12 08:00:00+00:00,991.7526061355061
2023-06-12 16:00:00+00:00,991.7526061355061
2023-06-13 00:00:00+00:00,991.7526061355061
2023-06-13 08:00:00+00:00,991.7526061355061
2023-06-13 16:00:00+00:00,991.7526061355061
2023-06-14 00:00:00+00:00,991.7526061355061
2023-06-14 08:00:00+00:00,991.7526061355061
2023-06-14 16:00:00+00:00,991.7526061355061
2023-06-15 00:00:00+00:00,991.7526061355061
2023-06-15 08:00:00+00:00,991.7526061355061
2023-06-15 16:00:00+00:00,991.7526061355061
2023-06-16 00:00:00+00:00,991.7526061355061
2023-06-16 08:00:00+00:00,991.7526061355061
2023-06-16 16:00:00+00:00,991.7526061355061
2023-06-17 00:00:00+00:00,991.7526061355061
2023-06-17 08:00:00+00:00,991.7526061355061
2023-06-17 16:00:00+00:00,991.7526061355061
2023-06-18 00:00:00+00:00,991.7526061355061
2023-06-18 08:00:00+00:00,991.7526061355061
2023-06-18 16:00:00+00:00,991.7526061355061
2023-06-19 00:00:00+00:00,991.7526061355061
2023-06-19 08:00:00+00:00,991.7526061355061
2023-06-19 16:00:00+00:00,991.7526061355061
2023-06-20 00:00:00+00:00,991.7526061355061
2023-06-20 08:00:00+00:00,991.7526061355061
2023-06-20 16:00:00+00:00,991.7526061355061
2023-06-21 00:00:00+00:00,991.7526061355061
2023-06-21 08:00:00+00:00,991.7526061355061
2023-06-21 16:00:00+00:00,991.7526061355061
2023-06-22 00:00:00+00:00,991.7526061355061
2023-06-22 08:00:00+00:00,991.7526061355061
2023-06-22 16:00:00+00:00,991.7526061355061
2023-06-23 00:00:00+00:00,991.7526061355061
2023-06-23 08:00:00+00:00,991.7526061355061
2023-06-23 16:00:00+00:00,991.7526061355061
2023-06-24 00:00:00+00:00,991.7526061355061
2023-06-24 08:00:00+00:00,991.7526061355061
2023-06-24 16:00:00+00:00,991.7526061355061
2023-06-25 00:00:00+00:00,991.7526061355061
2023-06-25 08:00:00+00:00,991.7526061355061
2023-06-25 16:00:00+00:00,991.7526061355061
2023-06-26 00:00:00+00:00,991.7526061355061
2023-06-26 08:00:00+00:00,991.7526061355061
2023-06-26 16:00:00+00:00,991.7526061355061
2023-06-27 00:00:00+00:00,991.3867745511691
2023-06-27 08:00:00+00:00,992.0717323589282
2023-06-27 16:00:00+00:00,999.309916137397
2023-06-28 00:00:00+00:00,998.2299866342212
2023-06-28 08:00:00+00:00,1000.297751928006
2023-06-28 16:00:00+00:00,996.7899434697465
2023-06-29 00:00:00+00:00,999.1597295714895
2023-06-29 08:00:00+00:00,999.3078334174567
2023-06-29 16:00:00+00:00,1001.2023420422456
2023-06-30 00:00:00+00:00,1010.2782192296919
2023-06-30 08:00:00+00:00,1009.9286582414755
2023-06-30 16:00:00+00:00,1020.1167733578804
2023-07-01 00:00:00+00:00,1015.2331994349744
2023-07-01 08:00:00+00:00,1014.524865180685
2023-07-01 16:00:00+00:00,1013.5927738006249
2023-07-02 00:00:00+00:00,1014.9958613157064
2023-07-02 08:00:00+00:00,1016.0239072102887
2023-07-02 16:00:00+00:00,1019.6193055383388
2023-07-03 00:00:00+00:00,1019.9764083735614
2023-07-03 08:00:00+00:00,1017.9510689848388
2023-07-03 16:00:00+00:00,1015.0553469928547
2023-07-04 00:00:00+00:00,1010.6054209888572
2023-07-04 08:00:00+00:00,1011.9746331433178
2023-07-04 16:00:00+00:00,1005.6126459050788
2023-07-05 00:00:00+00:00,1010.0580790590403
2023-07-05 08:00:00+00:00,994.8781070051106
2023-07-05 16:00:00+00:00,996.55665396986
2023-07-06 00:00:00+00:00,999.4961099055336
2023-07-06 08:00:00+00:00,991.4700311912192
2023-07-06 16:00:00+00:00,983.8902924938651
2023-07-07 00:00:00+00:00,986.9133656946267
2023-07-07 08:00:00+00:00,990.2562033247553
2023-07-07 16:00:00+00:00,989.178747943139
2023-07-08 00:00:00+00:00,988.8989045002662
2023-07-08 08:00:00+00:00,987.9260454471877
2023-07-08 16:00:00+00:00,988.589860049858
2023-07-09 00:00:00+00:00,987.7471193788056
2023-07-09 08:00:00+00:00,984.8818839522913
2023-07-09 16:00:00+00:00,981.119361515013
2023-07-10 00:00:00+00:00,975.5133116669457
2023-07-10 08:00:00+00:00,979.3092609520038
2023-07-10 16:00:00+00:00,979.7814896937585
2023-07-11 00:00:00+00:00,982.6754968742983
2023-07-11 08:00:00+00:00,982.4104994870605
2023-07-11 16:00:00+00:00,983.2233007967877
2023-07-12 00:00:00+00:00,986.0820901033217
2023-07-12 08:00:00+00:00,983.7394961629313
2023-07-12 16:00:00+00:00,983.0498605556389
2023-07-13 00:00:00+00:00,983.7872177332933
2023-07-13 08:00:00+00:00,999.8204763047341
2023-07-13 16:00:00+00:00,1018.3995910968179
2023-07-14 00:00:00+00:00,1026.8730620682334
2023-07-14 08:00:00+00:00,1033.14768639707
2023-07-14 16:00:00+00:00,1015.1389526600923
2023-07-15 00:00:00+00:00,1021.5570492824017
2023-07-15 08:00:00+00:00,1016.5043830448578
2023-07-15 16:00:00+00:00,1014.9457565675001
2023-07-16 00:00:00+00:00,1010.8870790287293
2023-07-16 08:00:00+00:00,1012.2623397864181
2023-07-16 16:00:00+00:00,1005.8152742195025
2023-07-17 00:00:00+00:00,1012.9993616195801
2023-07-17 08:00:00+00:00,1005.6896069594602
2023-07-17 16:00:00+00:00,1010.2660568639626
2023-07-18 00:00:00+00:00,1007.7064592672532
2023-07-18 08:00:00+00:00,1003.4971582276404
2023-07-18 16:00:00+00:00,1002.9205697516555
2023-07-19 00:00:00+00:00,1004.0822878827075
2023-07-19 08:00:00+00:00,1005.8488977094368
2023-07-19 16:00:00+00:00,1004.9488610110456
2023-07-20 00:00:00+00:00,1013.33381738694
2023-07-20 08:00:00+00:00,1015.5433313288247
2023-07-20 16:00:00+00:00,1019.3653392107387
2023-07-21 00:00:00+00:00,1019.60314641638
2023-07-21 08:00:00+00:00,1025.2282601647719
2023-07-21 16:00:00+00:00,1023.4138994484782
2023-07-22 00:00:00+00:00,1031.8413957876814
2023-07-22 08:00:00+00:00,1028.6440716539441
2023-07-22 16:00:00+00:00,1022.6502958642878
2023-07-23 00:00:00+00:00,1027.9862732469758
2023-07-23 08:00:00+00:00,1027.5650233176075
2023-07-23 16:00:00+00:00,1026.9280950425473
2023-07-24 00:00:00+00:00,1028.1122803826504
2023-07-24 08:00:00+00:00,1019.398884111075
2023-07-24 16:00:00+00:00,1020.7341694410545
2023-07-25 00:00:00+00:00,1021.9295039687942
2023-07-25 08:00:00+00:00,1022.2793393332148
2023-07-25 16:00:00+00:00,1026.07460275298
2023-07-26 00:00:00+00:00,1024.9731877290094
2023-07-26 08:00:00+00:00,1024.3325883008952
2023-07-26 16:00:00+00:00,1023.9645892709444
2023-07-27 00:00:00+00:00,1026.9654886393769
2023-07-27 08:00:00+00:00,1025.204977044706
2023-07-27 16:00:00+00:00,1024.9066866104172
2023-07-28 00:00:00+00:00,1023.1368933624364
2023-07-28 08:00:00+00:00,1025.4151946506106
2023-07-28 16:00:00+00:00,1025.2180787898035
2023-07-29 00:00:00+00:00,1026.6163426666512
2023-07-29 08:00:00+00:00,1026.926430383427
2023-07-29 16:00:00+00:00,1031.446856784935
2023-07-30 00:00:00+00:00,1030.8055506623157
2023-07-30 08:00:00+00:00,1030.8494089413332
2023-07-30 16:00:00+00:00,1025.6081845540477
2023-07-31 00:00:00+00:00,1026.1904384963307
2023-07-31 08:00:00+00:00,1024.3916191805818
2023-07-31 16:00:00+00:00,1023.2302917294268
2023-08-01 00:00:00+00:00,1019.5431327432192
2023-08-01 08:00:00+00:00,1020.0013835108851
2023-08-01 16:00:00+00:00,1021.3697266617681
2023-08-02 00:00:00+00:00,1020.4703506084714
2023-08-02 08:00:00+00:00,1019.9614045049756
2023-08-02 16:00:00+00:00,1019.848584188773
2023-08-03 00:00:00+00:00,1019.1540627575337
2023-08-03 08:00:00+00:00,1019.0620284516789
2023-08-03 16:00:00+00:00,1017.5788141340943
2023-08-04 00:00:00+00:00,1017.7087307900089
2023-08-04 08:00:00+00:00,1018.0335268547491
2023-08-04 16:00:00+00:00,1017.7551308599652
2023-08-05 00:00:00+00:00,1017.4210600911788
2023-08-05 08:00:00+00:00,1017.2725807523093
2023-08-05 16:00:00+00:00,1017.550976747093
2023-08-06 00:00:00+00:00,1017.792251800921
2023-08-06 08:00:00+00:00,1017.486018419136
2023-08-06 16:00:00+00:00,1017.847930999878
2023-08-07 00:00:00+00:00,1017.9036101988347
2023-08-07 08:00:00+00:00,1017.1519432253953
2023-08-07 16:00:00+00:00,1017.5231349351376
2023-08-08 00:00:00+00:00,1017.486018419136
2023-08-08 08:00:00+00:00,1018.0613642417505
2023-08-08 16:00:00+00:00,1018.3397602365341
2023-08-09 00:00:00+00:00,1018.3397602365341
2023-08-09 08:00:00+00:00,1018.3397602365341
2023-08-09 16:00:00+00:00,1018.3397602365341
2023-08-10 00:00:00+00:00,1018.3397602365341
2023-08-10 08:00:00+00:00,1018.3397602365341
2023-08-10 16:00:00+00:00,1018.3397602365341
2023-08-11 00:00:00+00:00,1018.3397602365341
2023-08-11 08:00:00+00:00,1018.3397602365341
2023-08-11 16:00:00+00:00,1018.3397602365341
2023-08-12 00:00:00+00:00,1018.3397602365341
2023-08-12 08:00:00+00:00,1018.3397602365341
2023-08-12 16:00:00+00:00,1018.3397602365341
2023-08-13 00:00:00+00:00,1018.3397602365341
2023-08-13 08:00:00+00:00,1018.3397602365341
2023-08-13 16:00:00+00:00,1018.3397602365341
2023-08-14 00:00:00+00:00,1018.3397602365341
2023-08-14 08:00:00+00:00,1018.3397602365341
2023-08-14 16:00:00+00:00,1018.3397602365341
2023-08-15 00:00:00+00:00,1018.3397602365341
2023-08-15 08:00:00+00:00,1018.3397602365341
2023-08-15 16:00:00+00:00,1018.3397602365341
2023-08-16 00:00:00+00:00,1018.3397602365341
2023-08-16 08:00:00+00:00,1018.3397602365341
2023-08-16 16:00:00+00:00,1018.3397602365341
2023-08-17 00:00:00+00:00,1018.3397602365341
2023-08-17 08:00:00+00:00,1018.3397602365341
2023-08-17 16:00:00+00:00,1018.3397602365341
2023-08-18 00:00:00+00:00,1018.3397602365341
2023-08-18 08:00:00+00:00,1018.3397602365341
2023-08-18 16:00:00+00:00,1018.3397602365341
2023-08-19 00:00:00+00:00,1018.3397602365341
2023-08-19 08:00:00+00:00,1018.3397602365341
2023-08-19 16:00:00+00:00,1018.3397602365341
2023-08-20 00:00:00+00:00,1018.3397602365341
2023-08-20 08:00:00+00:00,1018.3397602365341
2023-08-20 16:00:00+00:00,1018.3397602365341
2023-08-21 00:00:00+00:00,1018.3397602365341
2023-08-21 08:00:00+00:00,1018.3397602365341
2023-08-21 16:00:00+00:00,1018.3397602365341
2023-08-22 00:00:00+00:00,1018.3397602365341
2023-08-22 08:00:00+00:00,1018.3397602365341
2023-08-22 16:00:00+00:00,1018.3397602365341
2023-08-23 00:00:00+00:00,1018.3397602365341
2023-08-23 08:00:00+00:00,1018.3397602365341
2023-08-23 16:00:00+00:00,1018.3397602365341
2023-08-24 00:00:00+00:00,1018.3397602365341
2023-08-24 08:00:00+00:00,1018.3397602365341
2023-08-24 16:00:00+00:00,1018.3397602365341
2023-08-25 00:00:00+00:00,1018.3397602365341
2023-08-25 08:00:00+00:00,1018.3397602365341
2023-08-25 16:00:00+00:00,1018.3397602365341
2023-08-26 00:00:00+00:00,1018.3397602365341
2023-08-26 08:00:00+00:00,1018.3397602365341
2023-08-26 16:00:00+00:00,1018.3397602365341
2023-08-27 00:00:00+00:00,1018.3397602365341
2023-08-27 08:00:00+00:00,1018.3397602365341
2023-08-27 16:00:00+00:00,1018.3397602365341
2023-08-28 00:00:00+00:00,1018.3397602365341
2023-08-28 08:00:00+00:00,1018.3397602365341
2023-08-28 16:00:00+00:00,1018.3397602365341
2023-08-29 00:00:00+00:00,1018.3397602365341
2023-08-29 08:00:00+00:00,1018.3397602365341
2023-08-29 16:00:00+00:00,1018.3397602365341
2023-08-30 00:00:00+00:00,1018.3397602365341
2023-08-30 08:00:00+00:00,1018.3397602365341
2023-08-30 16:00:00+00:00,1018.3397602365341
2023-08-31 00:00:00+00:00,1018.3397602365341
2023-08-31 08:00:00+00:00,1018.3397602365341
2023-08-31 16:00:00+00:00,1018.3397602365341
2023-09-01 00:00:00+00:00,1018.3397602365341
2023-09-01 08:00:00+00:00,1018.3397602365341
2023-09-01 16:00:00+00:00,1018.3397602365341
2023-09-02 00:00:00+00:00,1018.3397602365341
2023-09-02 08:00:00+00:00,1018.3397602365341
2023-09-02 16:00:00+00:00,1018.3397602365341
2023-09-03 00:00:00+00:00,1018.3397602365341
2023-09-03 08:00:00+00:00,1018.3397602365341
2023-09-03 16:00:00+00:00,1018.3397602365341
2023-09-04 00:00:00+00:00,1018.3397602365341
2023-09-04 08:00:00+00:00,1018.3397602365341
2023-09-04 16:00:00+00:00,1018.3397602365341
2023-09-05 00:00:00+00:00,1018.3397602365341
2023-09-05 08:00:00+00:00,1018.3397602365341
2023-09-05 16:00:00+00:00,1018.3397602365341
2023-09-06 00:00:00+00:00,1018.3397602365341
2023-09-06 08:00:00+00:00,1018.3397602365341
2023-09-06 16:00:00+00:00,1018.3397602365341
2023-09-07 00:00:00+00:00,1018.3397602365341
2023-09-07 08:00:00+00:00,1018.3397602365341
2023-09-07 16:00:00+00:00,1018.3397602365341
2023-09-08 00:00:00+00:00,1018.3397602365341
2023-09-08 08:00:00+00:00,1018.3397602365341
2023-09-08 16:00:00+00:00,1018.3397602365341
2023-09-09 00:00:00+00:00,1018.3397602365341
2023-09-09 08:00:00+00:00,1018.3397602365341
2023-09-09 16:00:00+00:00,1018.3397602365341
2023-09-10 00:00:00+00:00,1018.3397602365341
2023-09-10 08:00:00+00:00,1018.3397602365341
2023-09-10 16:00:00+00:00,1018.3397602365341
2023-09-11 00:00:00+00:00,1018.3397602365341
2023-09-11 08:00:00+00:00,1018.3397602365341
2023-09-11 16:00:00+00:00,1018.3397602365341
2023-09-12 00:00:00+00:00,1018.3397602365341
2023-09-12 08:00:00+00:00,1018.3397602365341
2023-09-12 16:00:00+00:00,1018.3397602365341
2023-09-13 00:00:00+00:00,1018.3397602365341
2023-09-13 08:00:00+00:00,1018.3397602365341
2023-09-13 16:00:00+00:00,1018.3397602365341
2023-09-14 00:00:00+00:00,1018.3397602365341
2023-09-14 08:00:00+00:00,1018.3397602365341
2023-09-14 16:00:00+00:00,1018.3397602365341
2023-09-15 00:00:00+00:00,1018.3397602365341
2023-09-15 08:00:00+00:00,1018.3397602365341
2023-09-15 16:00:00+00:00,1018.3397602365341
2023-09-16 00:00:00+00:00,1018.3397602365341
2023-09-16 08:00:00+00:00,1018.3397602365341
2023-09-16 16:00:00+00:00,1018.3397602365341
2023-09-17 00:00:00+00:00,1018.3397602365341
2023-09-17 08:00:00+00:00,1018.3397602365341
2023-09-17 16:00:00+00:00,1018.3397602365341
2023-09-18 00:00:00+00:00,1018.3397602365341
2023-09-18 08:00:00+00:00,1018.3397602365341
2023-09-18 16:00:00+00:00,1018.3397602365341
2023-09-19 00:00:00+00:00,1018.3397602365341
2023-09-19 08:00:00+00:00,1018.3397602365341
2023-09-19 16:00:00+00:00,1018.3397602365341
2023-09-20 00:00:00+00:00,1018.3397602365341
2023-09-20 08:00:00+00:00,1018.3397602365341
2023-09-20 16:00:00+00:00,1018.3397602365341
2023-09-21 00:00:00+00:00,1018.3397602365341
2023-09-21 08:00:00+00:00,1018.3397602365341
2023-09-21 16:00:00+00:00,1018.3397602365341
2023-09-22 00:00:00+00:00,1018.3397602365341
2023-09-22 08:00:00+00:00,1018.3397602365341
2023-09-22 16:00:00+00:00,1018.3397602365341
2023-09-23 00:00:00+00:00,1018.3397602365341
2023-09-23 08:00:00+00:00,1018.3397602365341
2023-09-23 16:00:00+00:00,1018.3397602365341
2023-09-24 00:00:00+00:00,1018.3397602365341
2023-09-24 08:00:00+00:00,1018.3397602365341
2023-09-24 16:00:00+00:00,1018.3397602365341
2023-09-25 00:00:00+00:00,1018.3397602365341
2023-09-25 08:00:00+00:00,1018.3397602365341
2023-09-25 16:00:00+00:00,1018.3397602365341
2023-09-26 00:00:00+00:00,1018.3397602365341
2023-09-26 08:00:00+00:00,1018.3397602365341
2023-09-26 16:00:00+00:00,1018.3397602365341
2023-09-27 00:00:00+00:00,1018.3397602365341
2023-09-27 08:00:00+00:00,1018.3397602365341
2023-09-27 16:00:00+00:00,1018.3397602365341
2023-09-28 00:00:00+00:00,1018.3397602365341
2023-09-28 08:00:00+00:00,1018.3397602365341
2023-09-28 16:00:00+00:00,1018.3397602365341
2023-09-29 00:00:00+00:00,1018.3397602365341
2023-09-29 08:00:00+00:00,1018.3397602365341
2023-09-29 16:00:00+00:00,1018.3397602365341
2023-09-30 00:00:00+00:00,1018.3397602365341
2023-09-30 08:00:00+00:00,1018.3397602365341
2023-09-30 16:00:00+00:00,1018.3397602365341
2023-10-01 00:00:00+00:00,1018.3397602365341
2023-10-01 08:00:00+00:00,1018.3397602365341
2023-10-01 16:00:00+00:00,1018.3397602365341
2023-10-02 00:00:00+00:00,1018.3397602365341
2023-10-02 08:00:00+00:00,1018.3397602365341
2023-10-02 16:00:00+00:00,1018.3397602365341
2023-10-03 00:00:00+00:00,1018.3397602365341
2023-10-03 08:00:00+00:00,1018.3397602365341
2023-10-03 16:00:00+00:00,1018.3397602365341
2023-10-04 00:00:00+00:00,1018.3397602365341
2023-10-04 08:00:00+00:00,1018.3397602365341
2023-10-04 16:00:00+00:00,1018.3397602365341
2023-10-05 00:00:00+00:00,1018.3397602365341
2023-10-05 08:00:00+00:00,1018.3397602365341
2023-10-05 16:00:00+00:00,1018.3397602365341
2023-10-06 00:00:00+00:00,1018.3397602365341
2023-10-06 08:00:00+00:00,1018.3397602365341
2023-10-06 16:00:00+00:00,1018.3397602365341
2023-10-07 00:00:00+00:00,1018.3397602365341
2023-10-07 08:00:00+00:00,1018.3397602365341
2023-10-07 16:00:00+00:00,1018.3397602365341
2023-10-08 00:00:00+00:00,1018.3397602365341
2023-10-08 08:00:00+00:00,1018.3397602365341
2023-10-08 16:00:00+00:00,1018.3397602365341
2023-10-09 00:00:00+00:00,1018.3397602365341
2023-10-09 08:00:00+00:00,1018.3397602365341
2023-10-09 16:00:00+00:00,1018.3397602365341
2023-10-10 00:00:00+00:00,1018.3397602365341
2023-10-10 08:00:00+00:00,1018.3397602365341
2023-10-10 16:00:00+00:00,1018.3397602365341
2023-10-11 00:00:00+00:00,1018.3397602365341
2023-10-11 08:00:00+00:00,1018.3397602365341
2023-10-11 16:00:00+00:00,1018.3397602365341
2023-10-12 00:00:00+00:00,1018.3397602365341
2023-10-12 08:00:00+00:00,1018.3397602365341
2023-10-12 16:00:00+00:00,1018.3397602365341
2023-10-13 00:00:00+00:00,1018.3397602365341
2023-10-13 08:00:00+00:00,1018.3397602365341
2023-10-13 16:00:00+00:00,1018.3397602365341
2023-10-14 00:00:00+00:00,1018.3397602365341
2023-10-14 08:00:00+00:00,1018.3397602365341
2023-10-14 16:00:00+00:00,1018.3397602365341
2023-10-15 00:00:00+00:00,1018.3397602365341
2023-10-15 08:00:00+00:00,1018.3397602365341
2023-10-15 16:00:00+00:00,1018.3397602365341
2023-10-16 00:00:00+00:00,1018.3397602365341
2023-10-16 08:00:00+00:00,1018.3397602365341
2023-10-16 16:00:00+00:00,1018.3397602365341
2023-10-17 00:00:00+00:00,1018.3397602365341
2023-10-17 08:00:00+00:00,1018.3397602365341
2023-10-17 16:00:00+00:00,1018.3397602365341
2023-10-18 00:00:00+00:00,1018.3397602365341
2023-10-18 08:00:00+00:00,1018.3397602365341
2023-10-18 16:00:00+00:00,1018.3397602365341
2023-10-19 00:00:00+00:00,1018.3397602365341
2023-10-19 08:00:00+00:00,1018.3397602365341
2023-10-19 16:00:00+00:00,1018.3397602365341
2023-10-20 00:00:00+00:00,1018.3397602365341
2023-10-20 08:00:00+00:00,1018.3397602365341
2023-10-20 16:00:00+00:00,1019.1962352456284
2023-10-21 00:00:00+00:00,1021.6927251728632
2023-10-21 08:00:00+00:00,1023.1870834920777
2023-10-21 16:00:00+00:00,1023.2842413970936
2023-10-22 00:00:00+00:00,1027.1827372603518
2023-10-22 08:00:00+00:00,1024.3267107774252
2023-10-22 16:00:00+00:00,1036.5211852374812
2023-10-23 00:00:00+00:00,1043.1762969558888
2023-10-23 08:00:00+00:00,1036.4913148579733
2023-10-23 16:00:00+00:00,1050.6511737953383
2023-10-24 00:00:00+00:00,1043.7341683330153
2023-10-24 08:00:00+00:00,1032.6910588280377
2023-10-24 16:00:00+00:00,1038.5830637432748
2023-10-25 00:00:00+00:00,1040.1297182750222
2023-10-25 08:00:00+00:00,1058.349303472045
2023-10-25 16:00:00+00:00,1053.2444793584739
2023-10-26 00:00:00+00:00,1058.3681239208372
2023-10-26 08:00:00+00:00,1035.4075852555052
2023-10-26 16:00:00+00:00,1043.9314263707324
2023-10-27 00:00:00+00:00,1035.2153987352112
2023-10-27 08:00:00+00:00,1048.1887356007624
2023-10-27 16:00:00+00:00,1040.528303818906
2023-10-28 00:00:00+00:00,1048.3078662112746
2023-10-28 08:00:00+00:00,1046.6427901945394
2023-10-28 16:00:00+00:00,1044.0826506564583
2023-10-29 00:00:00+00:00,1043.2455491239525
2023-10-29 08:00:00+00:00,1048.2971449413376
2023-10-29 16:00:00+00:00,1049.401614553989
2023-10-30 00:00:00+00:00,1045.127701755617
2023-10-30 08:00:00+00:00,1058.7774190771606
2023-10-30 16:00:00+00:00,1061.138260199213
2023-10-31 00:00:00+00:00,1060.136373480952
2023-10-31 08:00:00+00:00,1051.0585864786206
2023-10-31 16:00:00+00:00,1064.6408626436898
2023-11-01 00:00:00+00:00,1058.8977219465824
2023-11-01 08:00:00+00:00,1064.9297522425052
2023-11-01 16:00:00+00:00,1088.5155699252248
2023-11-02 00:00:00+00:00,1087.3636380466946
2023-11-02 08:00:00+00:00,1073.7903377157095
2023-11-02 16:00:00+00:00,1084.9957866854807
2023-11-03 00:00:00+00:00,1080.3170474249023
2023-11-03 08:00:00+00:00,1078.128663111248
2023-11-03 16:00:00+00:00,1080.545196473644
2023-11-04 00:00:00+00:00,1081.2009501331459
2023-11-04 08:00:00+00:00,1079.3796692460135
2023-11-04 16:00:00+00:00,1090.4566496966986
2023-11-05 00:00:00+00:00,1101.4458592178169
2023-11-05 08:00:00+00:00,1103.2804308827647
2023-11-05 16:00:00+00:00,1108.1754311439668
2023-11-06 00:00:00+00:00,1110.4282582136732
2023-11-06 08:00:00+00:00,1121.6571403158478
2023-11-06 16:00:00+00:00,1132.5123635924647
2023-11-07 00:00:00+00:00,1123.6210909084987
2023-11-07 08:00:00+00:00,1106.0268840544038
2023-11-07 16:00:00+00:00,1111.3935878106388
2023-11-08 00:00:00+00:00,1113.8168898651334
2023-11-08 08:00:00+00:00,1119.5014453887077
2023-11-08 16:00:00+00:00,1127.6894217943413
2023-11-09 00:00:00+00:00,1131.5421903063057
2023-11-09 08:00:00+00:00,1131.7536177839227
2023-11-09 16:00:00+00:00,1099.972952398486
2023-11-10 00:00:00+00:00,1096.9842239431537
2023-11-10 08:00:00+00:00,1097.5649622625897
2023-11-10 16:00:00+00:00,1110.7329502640314
2023-11-11 00:00:00+00:00,1102.098985006558
2023-11-11 08:00:00+00:00,1114.2321149520214
2023-11-11 16:00:00+00:00,1118.5057369211809
2023-11-12 00:00:00+00:00,1126.1467330317685
2023-11-12 08:00:00+00:00,1121.820108338969
2023-11-12 16:00:00+00:00,1126.2688584627417
2023-11-13 00:00:00+00:00,1118.1459272283757
2023-11-13 08:00:00+00:00,1118.6996152667898
2023-11-13 16:00:00+00:00,1101.3054200303839
2023-11-14 00:00:00+00:00,1104.0245344643633
2023-11-14 08:00:00+00:00,1096.496268898813
2023-11-14 16:00:00+00:00,1089.330865233076
2023-11-15 00:00:00+00:00,1103.919259089742
2023-11-15 08:00:00+00:00,1106.2847875050368
2023-11-15 16:00:00+00:00,1109.4125410917904
2023-11-16 00:00:00+00:00,1118.056523639473
2023-11-16 08:00:00+00:00,1101.318363760177
2023-11-16 16:00:00+00:00,1093.5095277539
2023-11-17 00:00:00+00:00,1093.272317958156
2023-11-17 08:00:00+00:00,1078.555648007194
2023-11-17 16:00:00+00:00,1085.0638096137054
2023-11-18 00:00:00+00:00,1077.4085061983815
2023-11-18 08:00:00+00:00,1082.9694870332498
2023-11-18 16:00:00+00:00,1084.3060721273175
2023-11-19 00:00:00+00:00,1085.1368936064816
2023-11-19 08:00:00+00:00,1085.2209962419481
2023-11-19 16:00:00+00:00,1092.5591888258705
2023-11-20 00:00:00+00:00,1093.9925988368705
2023-11-20 08:00:00+00:00,1094.706436264445
2023-11-20 16:00:00+00:00,1088.7079622623094
2023-11-21 00:00:00+00:00,1085.9713208700998
2023-11-21 08:00:00+00:00,1085.775181596507
2023-11-21 16:00:00+00:00,1074.0667944655277
2023-11-22 00:00:00+00:00,1083.5015355232883
2023-11-22 08:00:00+00:00,1088.0064411702615
2023-11-22 16:00:00+00:00,1095.703069261234
2023-11-23 00:00:00+00:00,1096.6957451623052
2023-11-23 08:00:00+00:00,1095.3352121900691
2023-11-23 16:00:00+00:00,1098.3133701280615
2023-11-24 00:00:00+00:00,1098.4443906493925
2023-11-24 08:00:00+00:00,1100.4051976521096
2023-11-24 16:00:00+00:00,1098.6999345888553
2023-11-25 00:00:00+00:00,1099.899079356926
2023-11-25 08:00:00+00:00,1098.5333848405623
2023-11-25 16:00:00+00:00,1100.3281085917135
2023-11-26 00:00:00+00:00,1100.4106770224553
2023-11-26 08:00:00+00:00,1093.3376542775309
2023-11-26 16:00:00+00:00,1093.5552142512472
2023-11-27 00:00:00+00:00,1093.5552142512472
2023-11-27 08:00:00+00:00,1093.5552142512472
2023-11-27 16:00:00+00:00,1093.5552142512472
2023-11-28 00:00:00+00:00,1093.5552142512472
2023-11-28 08:00:00+00:00,1093.5552142512472
2023-11-28 16:00:00+00:00,1093.5552142512472
2023-11-29 00:00:00+00:00,1093.5552142512472
2023-11-29 08:00:00+00:00,1093.5552142512472
2023-11-29 16:00:00+00:00,1093.5552142512472
2023-11-30 00:00:00+00:00,1093.5552142512472
2023-11-30 08:00:00+00:00,1093.5552142512472
2023-11-30 16:00:00+00:00,1093.5552142512472
2023-12-01 00:00:00+00:00,1093.5552142512472
2023-12-01 08:00:00+00:00,1093.5552142512472
2023-12-01 16:00:00+00:00,1093.5552142512472
2023-12-02 00:00:00+00:00,1093.5552142512472
2023-12-02 08:00:00+00:00,1093.5552142512472
2023-12-02 16:00:00+00:00,1093.5552142512472
2023-12-03 00:00:00+00:00,1093.5552142512472
2023-12-03 08:00:00+00:00,1093.5552142512472
2023-12-03 16:00:00+00:00,1093.5552142512472
2023-12-04 00:00:00+00:00,1093.5552142512472
2023-12-04 08:00:00+00:00,1093.5552142512472
2023-12-04 16:00:00+00:00,1093.5552142512472
2023-12-05 00:00:00+00:00,1093.5552142512472
2023-12-05 08:00:00+00:00,1093.5552142512472
2023-12-05 16:00:00+00:00,1093.5552142512472
2023-12-06 00:00:00+00:00,1093.5552142512472
2023-12-06 08:00:00+00:00,1093.5552142512472
2023-12-06 16:00:00+00:00,1093.5552142512472
2023-12-07 00:00:00+00:00,1093.5552142512472
2023-12-07 08:00:00+00:00,1093.5552142512472
2023-12-07 16:00:00+00:00,1092.7901561604083
2023-12-08 00:00:00+00:00,1092.9284310048884
2023-12-08 08:00:00+00:00,1109.2045873886852
2023-12-08 16:00:00+00:00,1124.0544283269294
2023-12-09 00:00:00+00:00,1149.4548531684193
2023-12-09 08:00:00+00:00,1143.0291175105135
2023-12-09 16:00:00+00:00,1125.3195047181048
2023-12-10 00:00:00+00:00,1130.1129124855509
2023-12-10 08:00:00+00:00,1129.1558615600304
2023-12-10 16:00:00+00:00,1132.7546103024217
2023-12-11 00:00:00+00:00,1082.3599377530743
2023-12-11 08:00:00+00:00,1080.8744365647303
2023-12-11 16:00:00+00:00,1083.395635786515
2023-12-12 00:00:00+00:00,1089.2521914199472
2023-12-12 08:00:00+00:00,1089.8130361158453
2023-12-12 16:00:00+00:00,1090.927089297051
2023-12-13 00:00:00+00:00,1082.9268010643905
2023-12-13 08:00:00+00:00,1087.5736649555363
2023-12-13 16:00:00+00:00,1088.9783205607762
2023-12-14 00:00:00+00:00,1087.5112770224112
2023-12-14 08:00:00+00:00,1084.6725633002543
2023-12-14 16:00:00+00:00,1087.5527177118386
2023-12-15 00:00:00+00:00,1084.520964566835
2023-12-15 08:00:00+00:00,1086.6867591912292
2023-12-15 16:00:00+00:00,1083.030178170132
2023-12-16 00:00:00+00:00,1085.2187261499616
2023-12-16 08:00:00+00:00,1090.0141084026432
2023-12-16 16:00:00+00:00,1083.9111437190586
2023-12-17 00:00:00+00:00,1080.0467476041863
2023-12-17 08:00:00+00:00,1076.89774487396
2023-12-17 16:00:00+00:00,1069.7212905679596
2023-12-18 00:00:00+00:00,1057.1990839790137
2023-12-18 08:00:00+00:00,1055.590047934918
2023-12-18 16:00:00+00:00,1060.0878586764097
2023-12-19 00:00:00+00:00,1061.3693788045778
2023-12-19 08:00:00+00:00,1058.8173074439255
2023-12-19 16:00:00+00:00,1059.5600517203954
2023-12-20 00:00:00+00:00,1069.179646092166
2023-12-20 08:00:00+00:00,1073.9673694964426
2023-12-20 16:00:00+00:00,1071.9494268477529
2023-12-21 00:00:00+00:00,1077.2806345035326
2023-12-21 08:00:00+00:00,1084.0577910389222
2023-12-21 16:00:00+00:00,1090.7889244471578
2023-12-22 00:00:00+00:00,1083.7686866312313
2023-12-22 08:00:00+00:00,1089.5322028372261
2023-12-22 16:00:00+00:00,1093.7022767902522
2023-12-23 00:00:00+00:00,1090.8754512189191
2023-12-23 08:00:00+00:00,1094.7765464370116
2023-12-23 16:00:00+00:00,1112.11194042701
2023-12-24 00:00:00+00:00,1111.4923902286923
2023-12-24 08:00:00+00:00,1111.4450417666128
2023-12-24 16:00:00+00:00,1106.8714889130204
2023-12-25 00:00:00+00:00,1111.336000660096
2023-12-25 08:00:00+00:00,1129.141957149749
2023-12-25 16:00:00+00:00,1131.073501468149
2023-12-26 00:00:00+00:00,1125.9682322553547
2023-12-26 08:00:00+00:00,1129.0480667562208
2023-12-26 16:00:00+00:00,1139.6796242495436
2023-12-27 00:00:00+00:00,1127.0408332588154
2023-12-27 08:00:00+00:00,1132.780204807529
2023-12-27 16:00:00+00:00,1133.9709275879638
2023-12-28 00:00:00+00:00,1130.0868068859381
2023-12-28 08:00:00+00:00,1120.8297167614544
2023-12-28 16:00:00+00:00,1120.7795475020594
2023-12-29 00:00:00+00:00,1118.6373691051792
2023-12-29 08:00:00+00:00,1118.6855342166514
2023-12-29 16:00:00+00:00,1116.016973808155
2023-12-30 00:00:00+00:00,1113.8924722975423
2023-12-30 08:00:00+00:00,1116.064456251941
2023-12-30 16:00:00+00:00,1111.7921556163558
2023-12-31 00:00:00+00:00,1117.920836825749
2023-12-31 08:00:00+00:00,1118.342415924206
2023-12-31 16:00:00+00:00,1113.0652618274275
2024-01-01 00:00:00+00:00,1113.2067079545131
2024-01-01 08:00:00+00:00,1124.1007957686488
2024-01-01 16:00:00+00:00,1130.3388650513828
2024-01-02 00:00:00+00:00,1139.1649354635856
2024-01-02 08:00:00+00:00,1128.0513543727868
2024-01-02 16:00:00+00:00,1126.8838333528008
2024-01-03 00:00:00+00:00,1128.7413193617142
2024-01-03 08:00:00+00:00,1088.894453549159
2024-01-03 16:00:00+00:00,1088.894453549159
2024-01-04 00:00:00+00:00,1088.894453549159
2024-01-04 08:00:00+00:00,1088.894453549159
2024-01-04 16:00:00+00:00,1088.894453549159
2024-01-05 00:00:00+00:00,1088.894453549159
2024-01-05 08:00:00+00:00,1088.894453549159
2024-01-05 16:00:00+00:00,1088.894453549159
2024-01-06 00:00:00+00:00,1088.894453549159
2024-01-06 08:00:00+00:00,1088.894453549159
2024-01-06 16:00:00+00:00,1088.894453549159
2024-01-07 00:00:00+00:00,1088.894453549159
2024-01-07 08:00:00+00:00,1088.894453549159
2024-01-07 16:00:00+00:00,1088.894453549159
2024-01-08 00:00:00+00:00,1088.894453549159
2024-01-08 08:00:00+00:00,1088.894453549159
2024-01-08 16:00:00+00:00,1088.894453549159
2024-01-09 00:00:00+00:00,1088.894453549159
2024-01-09 08:00:00+00:00,1088.894453549159
2024-01-09 16:00:00+00:00,1088.894453549159
2024-01-10 00:00:00+00:00,1088.894453549159
2024-01-10 08:00:00+00:00,1088.894453549159
2024-01-10 16:00:00+00:00,1088.894453549159
2024-01-11 00:00:00+00:00,1092.4479667022226
2024-01-11 08:00:00+00:00,1093.1004469876107
2024-01-11 16:00:00+00:00,1096.2382162314439
2024-01-12 00:00:00+00:00,1098.723954150093
2024-01-12 08:00:00+00:00,1098.7757570789506
2024-01-12 16:00:00+00:00,1093.5495775531158
2024-01-13 00:00:00+00:00,1096.7576947637833
2024-01-13 08:00:00+00:00,1096.858691950324
2024-01-13 16:00:00+00:00,1097.46930086339
2024-01-14 00:00:00+00:00,1097.147083206809
2024-01-14 08:00:00+00:00,1095.7566525890072
2024-01-14 16:00:00+00:00,1092.6241495093866
2024-01-15 00:00:00+00:00,1099.1562707492876
2024-01-15 08:00:00+00:00,1097.3914044448732
2024-01-15 16:00:00+00:00,1097.4010998930523
2024-01-16 00:00:00+00:00,1096.375391818597
2024-01-16 08:00:00+00:00,1096.4959382797867
2024-01-16 16:00:00+00:00,1096.7959289097726
2024-01-17 00:00:00+00:00,1093.9141377633234
2024-01-17 08:00:00+00:00,1094.2937103584864
2024-01-17 16:00:00+00:00,1095.0219322062594
2024-01-18 00:00:00+00:00,1094.0657826825038
2024-01-18 08:00:00+00:00,1089.8822812247786
2024-01-18 16:00:00+00:00,1084.7335350387966
2024-01-19 00:00:00+00:00,1084.5949808545927
2024-01-19 08:00:00+00:00,1085.553390280233
2024-01-19 16:00:00+00:00,1089.4407342143625
2024-01-20 00:00:00+00:00,1088.4798404797127
2024-01-20 08:00:00+00:00,1085.1026848820993
2024-01-20 16:00:00+00:00,1086.3260853991194
2024-01-21 00:00:00+00:00,1086.2100098404878
2024-01-21 08:00:00+00:00,1084.9425068009248
2024-01-21 16:00:00+00:00,1084.4234327188974
2024-01-22 00:00:00+00:00,1083.7668598292776
2024-01-22 08:00:00+00:00,1082.160151818849
2024-01-22 16:00:00+00:00,1080.844593948042
2024-01-23 00:00:00+00:00,1080.7583289539596
2024-01-23 08:00:00+00:00,1079.4660797906317
2024-01-23 16:00:00+00:00,1079.4660797906317
2024-01-24 00:00:00+00:00,1079.4660797906317
2024-01-24 08:00:00+00:00,1079.4660797906317
2024-01-24 16:00:00+00:00,1079.4660797906317
2024-01-25 00:00:00+00:00,1079.4660797906317
2024-01-25 08:00:00+00:00,1079.4660797906317
2024-01-25 16:00:00+00:00,1079.4660797906317
2024-01-26 00:00:00+00:00,1079.4660797906317
2024-01-26 08:00:00+00:00,1079.4660797906317
2024-01-26 16:00:00+00:00,1079.4660797906317
2024-01-27 00:00:00+00:00,1079.4660797906317
2024-01-27 08:00:00+00:00,1079.4660797906317
2024-01-27 16:00:00+00:00,1079.4660797906317
2024-01-28 00:00:00+00:00,1079.4660797906317
2024-01-28 08:00:00+00:00,1079.4660797906317
2024-01-28 16:00:00+00:00,1079.4660797906317
2024-01-29 00:00:00+00:00,1079.4660797906317
2024-01-29 08:00:00+00:00,1079.4660797906317
2024-01-29 16:00:00+00:00,1079.4660797906317
2024-01-30 00:00:00+00:00,1079.4660797906317
2024-01-30 08:00:00+00:00,1079.4660797906317
2024-01-30 16:00:00+00:00,1075.354724164514
2024-01-31 00:00:00+00:00,1072.2794204541133
2024-01-31 08:00:00+00:00,1070.5434244471207
2024-01-31 16:00:00+00:00,1065.2369714884471
2024-02-01 00:00:00+00:00,1062.6181402071018
2024-02-01 08:00:00+00:00,1063.1322504802295
2024-02-01 16:00:00+00:00,1067.0034172486874
2024-02-02 00:00:00+00:00,1068.6218374075665
2024-02-02 08:00:00+00:00,1068.8974336742883
2024-02-02 16:00:00+00:00,1067.9701916035065
2024-02-03 00:00:00+00:00,1066.2911716204978
2024-02-03 08:00:00+00:00,1066.0894955493914
2024-02-03 16:00:00+00:00,1063.3873089271228
2024-02-04 00:00:00+00:00,1061.130463112711
2024-02-04 08:00:00+00:00,1063.4117449475818
2024-02-04 16:00:00+00:00,1058.7112063743295
2024-02-05 00:00:00+00:00,1062.3833878877801
2024-02-05 08:00:00+00:00,1060.568726510105
2024-02-05 16:00:00+00:00,1059.882725903916
2024-02-06 00:00:00+00:00,1059.3880812151817
2024-02-06 08:00:00+00:00,1059.6925834501117
2024-02-06 16:00:00+00:00,1059.8187008937102
2024-02-07 00:00:00+00:00,1057.3831903085156
2024-02-07 08:00:00+00:00,1057.4862400874943
2024-02-07 16:00:00+00:00,1060.6308085168869
2024-02-08 00:00:00+00:00,1060.4848191365957
2024-02-08 08:00:00+00:00,1062.612976873098
2024-02-08 16:00:00+00:00,1061.1509768912083
2024-02-09 00:00:00+00:00,1063.114748515604
2024-02-09 08:00:00+00:00,1065.3085112809124
2024-02-09 16:00:00+00:00,1067.8916556311297
2024-02-10 00:00:00+00:00,1068.7337999325425
2024-02-10 08:00:00+00:00,1068.351614768207
2024-02-10 16:00:00+00:00,1069.9521457460235
2024-02-11 00:00:00+00:00,1071.5475501817955
2024-02-11 08:00:00+00:00,1067.3805544108334
2024-02-11 16:00:00+00:00,1064.9715310556824
2024-02-12 00:00:00+00:00,1059.0326425854278
2024-02-12 08:00:00+00:00,1074.5444947673925
2024-02-12 16:00:00+00:00,1081.7926699749219
2024-02-13 00:00:00+00:00,1081.3005251533452
2024-02-13 08:00:00+00:00,1069.3641213162773
2024-02-13 16:00:00+00:00,1073.5764419071945
2024-02-14 00:00:00+00:00,1076.9821906736443
2024-02-14 08:00:00+00:00,1093.4027325305888
2024-02-14 16:00:00+00:00,1099.9231597399057
2024-02-15 00:00:00+00:00,1097.0996821385497
2024-02-15 08:00:00+00:00,1096.4879169432143
2024-02-15 16:00:00+00:00,1098.0649255104508
2024-02-16 00:00:00+00:00,1091.9186983784614
2024-02-16 08:00:00+00:00,1088.332225458171
2024-02-16 16:00:00+00:00,1092.4099931139522
2024-02-17 00:00:00+00:00,1088.5856730047515
2024-02-17 08:00:00+00:00,1076.1033691491277
2024-02-17 16:00:00+00:00,1086.7194557842117
2024-02-18 00:00:00+00:00,1089.9981641772304
2024-02-18 08:00:00+00:00,1092.2167086320414
2024-02-18 16:00:00+00:00,1098.4197849166055
2024-02-19 00:00:00+00:00,1105.316886210703
2024-02-19 08:00:00+00:00,1101.2148941916832
2024-02-19 16:00:00+00:00,1106.0152761672168
2024-02-20 00:00:00+00:00,1098.623704182187
2024-02-20 08:00:00+00:00,1080.437429304287
2024-02-20 16:00:00+00:00,1089.5892431643986
2024-02-21 00:00:00+00:00,1078.842766978114
2024-02-21 08:00:00+00:00,1073.3841887645901
2024-02-21 16:00:00+00:00,1079.3560361128787
2024-02-22 00:00:00+00:00,1084.0449907989782
2024-02-22 08:00:00+00:00,1082.2091583099148
2024-02-22 16:00:00+00:00,1078.978237878116
2024-02-23 00:00:00+00:00,1075.2722012902866
2024-02-23 08:00:00+00:00,1073.6219299819763
2024-02-23 16:00:00+00:00,1076.7526370989813
2024-02-24 00:00:00+00:00,1084.6258813074887
2024-02-24 08:00:00+00:00,1080.0842526873375
2024-02-24 16:00:00+00:00,1085.0272227257703
2024-02-25 00:00:00+00:00,1084.2103735894937
2024-02-25 08:00:00+00:00,1083.7867995484232
2024-02-25 16:00:00+00:00,1090.2301846220992
2024-02-26 00:00:00+00:00,1084.2624618817688
2024-02-26 08:00:00+00:00,1095.9440817642608
2024-02-26 16:00:00+00:00,1104.659384942403
2024-02-27 00:00:00+00:00,1114.8108346703596
2024-02-27 08:00:00+00:00,1117.2164381716887
2024-02-27 16:00:00+00:00,1122.6030542063063
2024-02-28 00:00:00+00:00,1130.495889673474
2024-02-28 08:00:00+00:00,1140.270574934764
2024-02-28 16:00:00+00:00,1154.301832684659
2024-02-29 00:00:00+00:00,1191.5717645570599
2024-02-29 08:00:00+00:00,1198.2831681573755
2024-02-29 16:00:00+00:00,1157.3538971078092
2024-03-01 00:00:00+00:00,1166.0824387812452
2024-03-01 08:00:00+00:00,1177.7247192829498
2024-03-01 16:00:00+00:00,1205.7231050430325
2024-03-02 00:00:00+00:00,1236.0660768762298
2024-03-02 08:00:00+00:00,1251.6223305083163
2024-03-02 16:00:00+00:00,1272.594297718812
2024-03-03 00:00:00+00:00,1260.1293156175125
2024-03-03 08:00:00+00:00,1266.4662471987708
2024-03-03 16:00:00+00:00,1269.5093759172653
2024-03-04 00:00:00+00:00,1273.7010217391896
2024-03-04 08:00:00+00:00,1280.2905163395972
2024-03-04 16:00:00+00:00,1281.649003141848
2024-03-05 00:00:00+00:00,1283.0720342936838
2024-03-05 08:00:00+00:00,1288.6693050831852
2024-03-05 16:00:00+00:00,1238.445660463941
2024-03-06 00:00:00+00:00,1239.0935856791145
2024-03-06 08:00:00+00:00,1238.7035760399808
2024-03-06 16:00:00+00:00,1239.1440757470727
2024-03-07 00:00:00+00:00,1241.5497162490212
2024-03-07 08:00:00+00:00,1244.4285082033864
2024-03-07 16:00:00+00:00,1244.9872780465787
2024-03-08 00:00:00+00:00,1245.559378600339
2024-03-08 08:00:00+00:00,1244.421428783967
2024-03-08 16:00:00+00:00,1249.9529318678258
2024-03-09 00:00:00+00:00,1256.0915522645253
2024-03-09 08:00:00+00:00,1251.9595959414662
2024-03-09 16:00:00+00:00,1250.6588920092006
2024-03-10 00:00:00+00:00,1255.8174199886869
2024-03-10 08:00:00+00:00,1246.7184781279382
2024-03-10 16:00:00+00:00,1250.7418470572277
2024-03-11 00:00:00+00:00,1262.865802332009
2024-03-11 08:00:00+00:00,1261.8100224303653
2024-03-11 16:00:00+00:00,1266.1484701243237
2024-03-12 00:00:00+00:00,1266.840682120581
2024-03-12 08:00:00+00:00,1267.2603985630074
2024-03-12 16:00:00+00:00,1270.7972994587635
2024-03-13 00:00:00+00:00,1278.5414941452827
2024-03-13 08:00:00+00:00,1276.3364254892776
2024-03-13 16:00:00+00:00,1286.191776644433
2024-03-14 00:00:00+00:00,1283.4327330181804
2024-03-14 08:00:00+00:00,1276.9564261641522
2024-03-14 16:00:00+00:00,1291.5425547895177
2024-03-15 00:00:00+00:00,1273.3901454426586
2024-03-15 08:00:00+00:00,1268.1566813504683
2024-03-15 16:00:00+00:00,1285.7146936600311
2024-03-16 00:00:00+00:00,1285.7146936600311
2024-03-16 08:00:00+00:00,1285.7146936600311
2024-03-16 16:00:00+00:00,1285.7146936600311
2024-03-17 00:00:00+00:00,1285.7146936600311
2024-03-17 08:00:00+00:00,1285.7146936600311
2024-03-17 16:00:00+00:00,1285.7146936600311
2024-03-18 00:00:00+00:00,1285.7146936600311
2024-03-18 08:00:00+00:00,1285.7146936600311
2024-03-18 16:00:00+00:00,1285.7146936600311
2024-03-19 00:00:00+00:00,1285.7146936600311
2024-03-19 08:00:00+00:00,1285.7146936600311
2024-03-19 16:00:00+00:00,1285.7146936600311
2024-03-20 00:00:00+00:00,1285.7146936600311
2024-03-20 08:00:00+00:00,1285.7146936600311
2024-03-20 16:00:00+00:00,1285.7146936600311
2024-03-21 00:00:00+00:00,1285.7146936600311
2024-03-21 08:00:00+00:00,1285.7146936600311
2024-03-21 16:00:00+00:00,1285.7146936600311
2024-03-22 00:00:00+00:00,1285.7146936600311
2024-03-22 08:00:00+00:00,1285.7146936600311
2024-03-22 16:00:00+00:00,1285.7146936600311
2024-03-23 00:00:00+00:00,1285.7146936600311
2024-03-23 08:00:00+00:00,1285.7146936600311
2024-03-23 16:00:00+00:00,1285.7146936600311
2024-03-24 00:00:00+00:00,1285.7146936600311
2024-03-24 08:00:00+00:00,1285.7146936600311
2024-03-24 16:00:00+00:00,1285.7146936600311
2024-03-25 00:00:00+00:00,1285.7146936600311
2024-03-25 08:00:00+00:00,1285.7146936600311
2024-03-25 16:00:00+00:00,1285.7146936600311
2024-03-26 00:00:00+00:00,1285.7146936600311
2024-03-26 08:00:00+00:00,1285.7146936600311
2024-03-26 16:00:00+00:00,1285.7146936600311
2024-03-27 00:00:00+00:00,1285.7146936600311
2024-03-27 08:00:00+00:00,1285.7146936600311
2024-03-27 16:00:00+00:00,1285.7146936600311
2024-03-28 00:00:00+00:00,1285.7146936600311
2024-03-28 08:00:00+00:00,1285.7146936600311
2024-03-28 16:00:00+00:00,1285.7146936600311
2024-03-29 00:00:00+00:00,1285.7146936600311
2024-03-29 08:00:00+00:00,1285.7146936600311
2024-03-29 16:00:00+00:00,1285.7146936600311
2024-03-30 00:00:00+00:00,1285.7146936600311
2024-03-30 08:00:00+00:00,1285.7146936600311
2024-03-30 16:00:00+00:00,1285.7146936600311
2024-03-31 00:00:00+00:00,1285.7146936600311
2024-03-31 08:00:00+00:00,1285.7146936600311
2024-03-31 16:00:00+00:00,1285.7146936600311
2024-04-01 00:00:00+00:00,1285.7146936600311
2024-04-01 08:00:00+00:00,1285.7146936600311
2024-04-01 16:00:00+00:00,1285.7146936600311
2024-04-02 00:00:00+00:00,1285.7146936600311
2024-04-02 08:00:00+00:00,1285.7146936600311
2024-04-02 16:00:00+00:00,1285.7146936600311
2024-04-03 00:00:00+00:00,1285.7146936600311
2024-04-03 08:00:00+00:00,1285.7146936600311
2024-04-03 16:00:00+00:00,1285.7146936600311
2024-04-04 00:00:00+00:00,1285.7146936600311
2024-04-04 08:00:00+00:00,1285.7146936600311
2024-04-04 16:00:00+00:00,1285.7146936600311
2024-04-05 00:00:00+00:00,1285.7146936600311
2024-04-05 08:00:00+00:00,1285.7146936600311
2024-04-05 16:00:00+00:00,1285.7146936600311
2024-04-06 00:00:00+00:00,1285.7146936600311
2024-04-06 08:00:00+00:00,1285.7146936600311
2024-04-06 16:00:00+00:00,1285.7146936600311
2024-04-07 00:00:00+00:00,1285.7146936600311
2024-04-07 08:00:00+00:00,1285.7146936600311
2024-04-07 16:00:00+00:00,1285.7146936600311
2024-04-08 00:00:00+00:00,1285.7146936600311
2024-04-08 08:00:00+00:00,1285.7146936600311
2024-04-08 16:00:00+00:00,1285.7146936600311
2024-04-09 00:00:00+00:00,1285.7146936600311
2024-04-09 08:00:00+00:00,1285.7146936600311
2024-04-09 16:00:00+00:00,1285.7146936600311
2024-04-10 00:00:00+00:00,1285.7146936600311
2024-04-10 08:00:00+00:00,1285.7146936600311
2024-04-10 16:00:00+00:00,1285.7146936600311
2024-04-11 00:00:00+00:00,1285.7146936600311
2024-04-11 08:00:00+00:00,1285.7146936600311
2024-04-11 16:00:00+00:00,1285.7146936600311
2024-04-12 00:00:00+00:00,1285.7146936600311
2024-04-12 08:00:00+00:00,1285.7146936600311
2024-04-12 16:00:00+00:00,1285.7146936600311
2024-04-13 00:00:00+00:00,1285.7146936600311
2024-04-13 08:00:00+00:00,1285.7146936600311
2024-04-13 16:00:00+00:00,1285.7146936600311
2024-04-14 00:00:00+00:00,1285.7146936600311
2024-04-14 08:00:00+00:00,1285.7146936600311
2024-04-14 16:00:00+00:00,1285.7146936600311
2024-04-15 00:00:00+00:00,1285.7146936600311
2024-04-15 08:00:00+00:00,1285.7146936600311
2024-04-15 16:00:00+00:00,1285.7146936600311
2024-04-16 00:00:00+00:00,1285.7146936600311
2024-04-16 08:00:00+00:00,1285.7146936600311
2024-04-16 16:00:00+00:00,1285.7146936600311
2024-04-17 00:00:00+00:00,1285.7146936600311
2024-04-17 08:00:00+00:00,1285.7146936600311
2024-04-17 16:00:00+00:00,1285.7146936600311
2024-04-18 00:00:00+00:00,1285.7146936600311
2024-04-18 08:00:00+00:00,1285.7146936600311
2024-04-18 16:00:00+00:00,1285.7146936600311
2024-04-19 00:00:00+00:00,1285.7146936600311
2024-04-19 08:00:00+00:00,1285.7146936600311
2024-04-19 16:00:00+00:00,1285.7146936600311
2024-04-20 00:00:00+00:00,1285.7146936600311
2024-04-20 08:00:00+00:00,1285.7146936600311
2024-04-20 16:00:00+00:00,1285.7146936600311
2024-04-21 00:00:00+00:00,1285.7146936600311
2024-04-21 08:00:00+00:00,1285.7146936600311
2024-04-21 16:00:00+00:00,1285.7146936600311
2024-04-22 00:00:00+00:00,1285.7146936600311
2024-04-22 08:00:00+00:00,1285.7146936600311
2024-04-22 16:00:00+00:00,1285.7146936600311
2024-04-23 00:00:00+00:00,1285.7146936600311
2024-04-23 08:00:00+00:00,1285.7146936600311
2024-04-23 16:00:00+00:00,1285.7146936600311
2024-04-24 00:00:00+00:00,1285.7146936600311
2024-04-24 08:00:00+00:00,1285.7146936600311
2024-04-24 16:00:00+00:00,1285.7146936600311
2024-04-25 00:00:00+00:00,1285.7146936600311
2024-04-25 08:00:00+00:00,1285.7146936600311
2024-04-25 16:00:00+00:00,1285.7146936600311
2024-04-26 00:00:00+00:00,1285.7146936600311
2024-04-26 08:00:00+00:00,1285.7146936600311
2024-04-26 16:00:00+00:00,1285.7146936600311
2024-04-27 00:00:00+00:00,1285.7146936600311
2024-04-27 08:00:00+00:00,1285.7146936600311
2024-04-27 16:00:00+00:00,1285.7146936600311
2024-04-28 00:00:00+00:00,1285.7146936600311
2024-04-28 08:00:00+00:00,1285.7146936600311
2024-04-28 16:00:00+00:00,1285.7146936600311
2024-04-29 00:00:00+00:00,1285.7146936600311
2024-04-29 08:00:00+00:00,1285.7146936600311
2024-04-29 16:00:00+00:00,1285.7146936600311
2024-04-30 00:00:00+00:00,1285.7146936600311
2024-04-30 08:00:00+00:00,1285.7146936600311
2024-04-30 16:00:00+00:00,1285.7146936600311
2024-05-01 00:00:00+00:00,1285.7146936600311
2024-05-01 08:00:00+00:00,1285.7146936600311
2024-05-01 16:00:00+00:00,1285.7146936600311
2024-05-02 00:00:00+00:00,1285.7146936600311
2024-05-02 08:00:00+00:00,1285.7146936600311
2024-05-02 16:00:00+00:00,1285.7146936600311
2024-05-03 00:00:00+00:00,1285.7146936600311
2024-05-03 08:00:00+00:00,1285.7146936600311
2024-05-03 16:00:00+00:00,1285.7146936600311
2024-05-04 00:00:00+00:00,1285.7146936600311
2024-05-04 08:00:00+00:00,1285.7146936600311
2024-05-04 16:00:00+00:00,1285.7146936600311
2024-05-05 00:00:00+00:00,1285.7146936600311
2024-05-05 08:00:00+00:00,1285.7146936600311
2024-05-05 16:00:00+00:00,1285.7146936600311
2024-05-06 00:00:00+00:00,1285.7146936600311
2024-05-06 08:00:00+00:00,1285.7146936600311
2024-05-06 16:00:00+00:00,1285.7146936600311
2024-05-07 00:00:00+00:00,1285.7146936600311
2024-05-07 08:00:00+00:00,1285.7146936600311
2024-05-07 16:00:00+00:00,1285.7146936600311
2024-05-08 00:00:00+00:00,1285.7146936600311
2024-05-08 08:00:00+00:00,1285.7146936600311
2024-05-08 16:00:00+00:00,1285.7146936600311
2024-05-09 00:00:00+00:00,1285.7146936600311
2024-05-09 08:00:00+00:00,1285.7146936600311
2024-05-09 16:00:00+00:00,1285.7146936600311
2024-05-10 00:00:00+00:00,1285.7146936600311
2024-05-10 08:00:00+00:00,1285.7146936600311
2024-05-10 16:00:00+00:00,1285.7146936600311
2024-05-11 00:00:00+00:00,1285.7146936600311
2024-05-11 08:00:00+00:00,1285.7146936600311
2024-05-11 16:00:00+00:00,1285.7146936600311
2024-05-12 00:00:00+00:00,1285.7146936600311
2024-05-12 08:00:00+00:00,1285.7146936600311
2024-05-12 16:00:00+00:00,1285.7146936600311
2024-05-13 00:00:00+00:00,1285.7146936600311
2024-05-13 08:00:00+00:00,1285.7146936600311
2024-05-13 16:00:00+00:00,1285.7146936600311
2024-05-14 00:00:00+00:00,1285.7146936600311
2024-05-14 08:00:00+00:00,1285.7146936600311
2024-05-14 16:00:00+00:00,1285.7146936600311
2024-05-15 00:00:00+00:00,1285.7146936600311
2024-05-15 08:00:00+00:00,1285.7146936600311
2024-05-15 16:00:00+00:00,1285.7146936600311
2024-05-16 00:00:00+00:00,1285.7146936600311
2024-05-16 08:00:00+00:00,1285.7146936600311
2024-05-16 16:00:00+00:00,1285.7146936600311
2024-05-17 00:00:00+00:00,1285.7146936600311
2024-05-17 08:00:00+00:00,1285.7146936600311
2024-05-17 16:00:00+00:00,1285.7146936600311
2024-05-18 00:00:00+00:00,1285.7146936600311
2024-05-18 08:00:00+00:00,1285.7146936600311
2024-05-18 16:00:00+00:00,1285.7146936600311
2024-05-19 00:00:00+00:00,1285.7146936600311
2024-05-19 08:00:00+00:00,1285.7146936600311
2024-05-19 16:00:00+00:00,1285.7146936600311
2024-05-20 00:00:00+00:00,1285.7146936600311
2024-05-20 08:00:00+00:00,1285.7146936600311
2024-05-20 16:00:00+00:00,1285.7146936600311
2024-05-21 00:00:00+00:00,1285.7146936600311
2024-05-21 08:00:00+00:00,1285.7146936600311
2024-05-21 16:00:00+00:00,1285.7146936600311
2024-05-22 00:00:00+00:00,1288.9563383933275
2024-05-22 08:00:00+00:00,1287.158462775199
2024-05-22 16:00:00+00:00,1285.8806346024942
2024-05-23 00:00:00+00:00,1292.9019226547848
2024-05-23 08:00:00+00:00,1288.1262699974945
2024-05-23 16:00:00+00:00,1300.789889809716
2024-05-24 00:00:00+00:00,1295.7021981710548
2024-05-24 08:00:00+00:00,1315.6677300542501
2024-05-24 16:00:00+00:00,1328.2657139677956
2024-05-25 00:00:00+00:00,1341.8092097499607
2024-05-25 08:00:00+00:00,1325.256616623519
2024-05-25 16:00:00+00:00,1327.191562187124
2024-05-26 00:00:00+00:00,1328.242091360137
2024-05-26 08:00:00+00:00,1333.5815495435013
2024-05-26 16:00:00+00:00,1332.854724207962
2024-05-27 00:00:00+00:00,1337.1118694642723
2024-05-27 08:00:00+00:00,1337.790416201168
2024-05-27 16:00:00+00:00,1334.973292069325
2024-05-28 00:00:00+00:00,1330.957729422165
2024-05-28 08:00:00+00:00,1329.8593241199044
2024-05-28 16:00:00+00:00,1332.9851278167248
2024-05-29 00:00:00+00:00,1328.6694100162406
2024-05-29 08:00:00+00:00,1324.3299327046102
2024-05-29 16:00:00+00:00,1321.1357868353862
2024-05-30 00:00:00+00:00,1315.0559378713804
2024-05-30 08:00:00+00:00,1320.0454370011025
2024-05-30 16:00:00+00:00,1315.7412766186565
2024-05-31 00:00:00+00:00,1314.0630579919289
2024-05-31 08:00:00+00:00,1310.1353677866903
2024-05-31 16:00:00+00:00,1314.5709837523425
2024-06-01 00:00:00+00:00,1314.98086713945
2024-06-01 08:00:00+00:00,1316.2054732884058
2024-06-01 16:00:00+00:00,1315.629549568422
2024-06-02 00:00:00+00:00,1313.8388124291844
2024-06-02 08:00:00+00:00,1314.401182245156
2024-06-02 16:00:00+00:00,1312.467355789203
2024-06-03 00:00:00+00:00,1313.9551278659437
2024-06-03 08:00:00+00:00,1312.1709763890474
2024-06-03 16:00:00+00:00,1309.38425284531
2024-06-04 00:00:00+00:00,1310.2744659366867
2024-06-04 08:00:00+00:00,1318.78140186512
2024-06-04 16:00:00+00:00,1323.829947159317
2024-06-05 00:00:00+00:00,1330.0737859281628
2024-06-05 08:00:00+00:00,1327.831943169996
2024-06-05 16:00:00+00:00,1330.7343432868527
2024-06-06 00:00:00+00:00,1327.1411380930363
2024-06-06 08:00:00+00:00,1328.3810922640382
2024-06-06 16:00:00+00:00,1324.7381742805014
2024-06-07 00:00:00+00:00,1328.759082843955
2024-06-07 08:00:00+00:00,1328.2656310235075
2024-06-07 16:00:00+00:00,1290.982795738939
2024-06-08 00:00:00+00:00,1286.1827319789056
2024-06-08 08:00:00+00:00,1282.2725763602352
2024-06-08 16:00:00+00:00,1282.321600255522
2024-06-09 00:00:00+00:00,1282.0038728480108
2024-06-09 08:00:00+00:00,1283.0718260831154
2024-06-09 16:00:00+00:00,1286.9289277180544
2024-06-10 00:00:00+00:00,1278.8250363033806
2024-06-10 08:00:00+00:00,1281.1728670590942
2024-06-10 16:00:00+00:00,1277.0368489310235
2024-06-11 00:00:00+00:00,1265.8970840717802
2024-06-11 08:00:00+00:00,1263.2049212775898
2024-06-11 16:00:00+00:00,1263.2049212775898
2024-06-12 00:00:00+00:00,1263.2049212775898
2024-06-12 08:00:00+00:00,1263.2049212775898
2024-06-12 16:00:00+00:00,1263.2049212775898
2024-06-13 00:00:00+00:00,1263.2049212775898
2024-06-13 08:00:00+00:00,1263.2049212775898
2024-06-13 16:00:00+00:00,1263.2049212775898
2024-06-14 00:00:00+00:00,1263.2049212775898
2024-06-14 08:00:00+00:00,1263.2049212775898
2024-06-14 16:00:00+00:00,1263.2049212775898
2024-06-15 00:00:00+00:00,1263.2049212775898
2024-06-15 08:00:00+00:00,1263.2049212775898
2024-06-15 16:00:00+00:00,1263.2049212775898
2024-06-16 00:00:00+00:00,1263.2049212775898
2024-06-16 08:00:00+00:00,1263.2049212775898
2024-06-16 16:00:00+00:00,1263.2049212775898
2024-06-17 00:00:00+00:00,1263.2049212775898
2024-06-17 08:00:00+00:00,1258.5223765401058
2024-06-17 16:00:00+00:00,1258.055750601909
2024-06-18 00:00:00+00:00,1256.8286255316323
2024-06-18 08:00:00+00:00,1256.8286255316323
2024-06-18 16:00:00+00:00,1256.8286255316323
2024-06-19 00:00:00+00:00,1256.8286255316323
2024-06-19 08:00:00+00:00,1256.8286255316323
2024-06-19 16:00:00+00:00,1256.8286255316323
2024-06-20 00:00:00+00:00,1256.8286255316323
2024-06-20 08:00:00+00:00,1256.8286255316323
2024-06-20 16:00:00+00:00,1256.8286255316323
2024-06-21 00:00:00+00:00,1256.8286255316323
2024-06-21 08:00:00+00:00,1256.8286255316323
2024-06-21 16:00:00+00:00,1256.8286255316323
2024-06-22 00:00:00+00:00,1256.8286255316323
2024-06-22 08:00:00+00:00,1256.8286255316323
2024-06-22 16:00:00+00:00,1256.8286255316323
2024-06-23 00:00:00+00:00,1256.8286255316323
2024-06-23 08:00:00+00:00,1256.8286255316323
2024-06-23 16:00:00+00:00,1256.8286255316323
2024-06-24 00:00:00+00:00,1256.8286255316323
2024-06-24 08:00:00+00:00,1256.8286255316323
2024-06-24 16:00:00+00:00,1256.8286255316323
2024-06-25 00:00:00+00:00,1256.8286255316323
2024-06-25 08:00:00+00:00,1256.8286255316323
2024-06-25 16:00:00+00:00,1256.8286255316323
2024-06-26 00:00:00+00:00,1256.8286255316323
2024-06-26 08:00:00+00:00,1256.8286255316323
2024-06-26 16:00:00+00:00,1256.8286255316323
2024-06-27 00:00:00+00:00,1256.8286255316323
2024-06-27 08:00:00+00:00,1256.8286255316323
2024-06-27 16:00:00+00:00,1256.8286255316323
2024-06-28 00:00:00+00:00,1256.8286255316323
2024-06-28 08:00:00+00:00,1256.8286255316323
2024-06-28 16:00:00+00:00,1256.8286255316323
2024-06-29 00:00:00+00:00,1256.8286255316323
2024-06-29 08:00:00+00:00,1256.8286255316323
2024-06-29 16:00:00+00:00,1256.8286255316323
2024-06-30 00:00:00+00:00,1256.8286255316323
2024-06-30 08:00:00+00:00,1256.8286255316323
2024-06-30 16:00:00+00:00,1256.8286255316323
2024-07-01 00:00:00+00:00,1256.8286255316323
2024-07-01 08:00:00+00:00,1256.8286255316323
2024-07-01 16:00:00+00:00,1256.8286255316323
2024-07-02 00:00:00+00:00,1256.8286255316323
2024-07-02 08:00:00+00:00,1256.8286255316323
2024-07-02 16:00:00+00:00,1256.8286255316323
2024-07-03 00:00:00+00:00,1256.8286255316323
2024-07-03 08:00:00+00:00,1256.8286255316323
2024-07-03 16:00:00+00:00,1256.8286255316323
2024-07-04 00:00:00+00:00,1256.8286255316323
2024-07-04 08:00:00+00:00,1256.8286255316323
2024-07-04 16:00:00+00:00,1256.8286255316323
2024-07-05 00:00:00+00:00,1256.8286255316323
2024-07-05 08:00:00+00:00,1256.8286255316323
2024-07-05 16:00:00+00:00,1256.8286255316323
2024-07-06 00:00:00+00:00,1256.8286255316323
2024-07-06 08:00:00+00:00,1256.8286255316323
2024-07-06 16:00:00+00:00,1256.8286255316323
2024-07-07 00:00:00+00:00,1256.8286255316323
2024-07-07 08:00:00+00:00,1256.8286255316323
2024-07-07 16:00:00+00:00,1256.8286255316323
2024-07-08 00:00:00+00:00,1256.8286255316323
2024-07-08 08:00:00+00:00,1256.8286255316323
2024-07-08 16:00:00+00:00,1256.8286255316323
2024-07-09 00:00:00+00:00,1256.8286255316323
2024-07-09 08:00:00+00:00,1256.8286255316323
2024-07-09 16:00:00+00:00,1256.8286255316323
2024-07-10 00:00:00+00:00,1256.8286255316323
2024-07-10 08:00:00+00:00,1256.8286255316323
2024-07-10 16:00:00+00:00,1256.8286255316323
2024-07-11 00:00:00+00:00,1256.8286255316323
2024-07-11 08:00:00+00:00,1256.8286255316323
2024-07-11 16:00:00+00:00,1256.8286255316323
2024-07-12 00:00:00+00:00,1256.8286255316323
2024-07-12 08:00:00+00:00,1256.8286255316323
2024-07-12 16:00:00+00:00,1256.8286255316323
2024-07-13 00:00:00+00:00,1256.8286255316323
2024-07-13 08:00:00+00:00,1256.8286255316323
2024-07-13 16:00:00+00:00,1256.8286255316323
2024-07-14 00:00:00+00:00,1256.8286255316323
2024-07-14 08:00:00+00:00,1256.8286255316323
2024-07-14 16:00:00+00:00,1256.8286255316323
2024-07-15 00:00:00+00:00,1256.8286255316323
2024-07-15 08:00:00+00:00,1256.8286255316323
2024-07-15 16:00:00+00:00,1256.8286255316323
2024-07-16 00:00:00+00:00,1256.8286255316323
2024-07-16 08:00:00+00:00,1256.8286255316323
2024-07-16 16:00:00+00:00,1256.8286255316323
2024-07-17 00:00:00+00:00,1256.8286255316323
2024-07-17 08:00:00+00:00,1256.8286255316323
2024-07-17 16:00:00+00:00,1256.8286255316323
2024-07-18 00:00:00+00:00,1256.8286255316323
2024-07-18 08:00:00+00:00,1256.8286255316323
2024-07-18 16:00:00+00:00,1256.8286255316323
2024-07-19 00:00:00+00:00,1256.8286255316323
2024-07-19 08:00:00+00:00,1256.8286255316323
2024-07-19 16:00:00+00:00,1256.8286255316323
2024-07-20 00:00:00+00:00,1256.8286255316323
2024-07-20 08:00:00+00:00,1256.8286255316323
2024-07-20 16:00:00+00:00,1256.8286255316323
2024-07-21 00:00:00+00:00,1256.8286255316323
2024-07-21 08:00:00+00:00,1256.8286255316323
2024-07-21 16:00:00+00:00,1256.8286255316323
2024-07-22 00:00:00+00:00,1256.8286255316323
2024-07-22 08:00:00+00:00,1256.8286255316323
2024-07-22 16:00:00+00:00,1256.8286255316323
2024-07-23 00:00:00+00:00,1256.8286255316323
2024-07-23 08:00:00+00:00,1256.8286255316323
2024-07-23 16:00:00+00:00,1256.8286255316323
2024-07-24 00:00:00+00:00,1256.8286255316323
2024-07-24 08:00:00+00:00,1256.8286255316323
2024-07-24 16:00:00+00:00,1256.8286255316323
2024-07-25 00:00:00+00:00,1256.8286255316323
2024-07-25 08:00:00+00:00,1256.8286255316323
2024-07-25 16:00:00+00:00,1256.8286255316323
2024-07-26 00:00:00+00:00,1256.8286255316323
2024-07-26 08:00:00+00:00,1256.8286255316323
2024-07-26 16:00:00+00:00,1256.8286255316323
2024-07-27 00:00:00+00:00,1256.8286255316323
2024-07-27 08:00:00+00:00,1256.8286255316323
2024-07-27 16:00:00+00:00,1256.8286255316323
2024-07-28 00:00:00+00:00,1256.8286255316323
2024-07-28 08:00:00+00:00,1256.8286255316323
2024-07-28 16:00:00+00:00,1256.8286255316323
2024-07-29 00:00:00+00:00,1256.8286255316323
2024-07-29 08:00:00+00:00,1256.8286255316323
2024-07-29 16:00:00+00:00,1256.8286255316323
2024-07-30 00:00:00+00:00,1256.8286255316323
2024-07-30 08:00:00+00:00,1256.8286255316323
2024-07-30 16:00:00+00:00,1256.8286255316323
2024-07-31 00:00:00+00:00,1256.8286255316323
2024-07-31 08:00:00+00:00,1256.8286255316323
2024-07-31 16:00:00+00:00,1256.8286255316323
2024-08-01 00:00:00+00:00,1256.8286255316323
2024-08-01 08:00:00+00:00,1256.8286255316323
2024-08-01 16:00:00+00:00,1256.8286255316323
2024-08-02 00:00:00+00:00,1256.8286255316323
2024-08-02 08:00:00+00:00,1256.8286255316323
2024-08-02 16:00:00+00:00,1256.8286255316323
2024-08-03 00:00:00+00:00,1256.8286255316323
2024-08-03 08:00:00+00:00,1256.8286255316323
2024-08-03 16:00:00+00:00,1256.8286255316323
2024-08-04 00:00:00+00:00,1256.8286255316323
2024-08-04 08:00:00+00:00,1256.8286255316323
2024-08-04 16:00:00+00:00,1256.8286255316323
2024-08-05 00:00:00+00:00,1256.8286255316323
2024-08-05 08:00:00+00:00,1256.8286255316323
2024-08-05 16:00:00+00:00,1256.8286255316323
2024-08-06 00:00:00+00:00,1256.8286255316323
2024-08-06 08:00:00+00:00,1256.8286255316323
2024-08-06 16:00:00+00:00,1256.8286255316323
2024-08-07 00:00:00+00:00,1256.8286255316323
2024-08-07 08:00:00+00:00,1256.8286255316323
2024-08-07 16:00:00+00:00,1256.8286255316323
2024-08-08 00:00:00+00:00,1256.8286255316323
2024-08-08 08:00:00+00:00,1256.8286255316323
2024-08-08 16:00:00+00:00,1256.8286255316323
2024-08-09 00:00:00+00:00,1256.8286255316323
2024-08-09 08:00:00+00:00,1256.8286255316323
2024-08-09 16:00:00+00:00,1256.8286255316323
2024-08-10 00:00:00+00:00,1256.8286255316323
2024-08-10 08:00:00+00:00,1256.8286255316323
2024-08-10 16:00:00+00:00,1256.8286255316323
2024-08-11 00:00:00+00:00,1256.8286255316323
2024-08-11 08:00:00+00:00,1256.8286255316323
2024-08-11 16:00:00+00:00,1256.8286255316323
2024-08-12 00:00:00+00:00,1256.8286255316323
2024-08-12 08:00:00+00:00,1256.8286255316323
2024-08-12 16:00:00+00:00,1256.8286255316323
2024-08-13 00:00:00+00:00,1256.8286255316323
2024-08-13 08:00:00+00:00,1256.8286255316323
2024-08-13 16:00:00+00:00,1256.8286255316323
2024-08-14 00:00:00+00:00,1256.8286255316323
2024-08-14 08:00:00+00:00,1256.8286255316323
2024-08-14 16:00:00+00:00,1256.8286255316323
2024-08-15 00:00:00+00:00,1256.8286255316323
2024-08-15 08:00:00+00:00,1256.8286255316323
2024-08-15 16:00:00+00:00,1256.8286255316323
2024-08-16 00:00:00+00:00,1256.8286255316323
2024-08-16 08:00:00+00:00,1256.8286255316323
2024-08-16 16:00:00+00:00,1256.8286255316323
2024-08-17 00:00:00+00:00,1256.8286255316323
2024-08-17 08:00:00+00:00,1256.8286255316323
2024-08-17 16:00:00+00:00,1256.8286255316323
2024-08-18 00:00:00+00:00,1256.8286255316323
2024-08-18 08:00:00+00:00,1256.8286255316323
2024-08-18 16:00:00+00:00,1256.8286255316323
2024-08-19 00:00:00+00:00,1256.8286255316323
2024-08-19 08:00:00+00:00,1256.8286255316323
2024-08-19 16:00:00+00:00,1256.8286255316323
2024-08-20 00:00:00+00:00,1256.8286255316323
2024-08-20 08:00:00+00:00,1256.8286255316323
2024-08-20 16:00:00+00:00,1256.8286255316323
2024-08-21 00:00:00+00:00,1256.8286255316323
2024-08-21 08:00:00+00:00,1256.8286255316323
2024-08-21 16:00:00+00:00,1256.8286255316323
2024-08-22 00:00:00+00:00,1256.8286255316323
2024-08-22 08:00:00+00:00,1256.8286255316323
2024-08-22 16:00:00+00:00,1256.8286255316323
2024-08-23 00:00:00+00:00,1256.8286255316323
2024-08-23 08:00:00+00:00,1256.8286255316323
2024-08-23 16:00:00+00:00,1256.8286255316323
2024-08-24 00:00:00+00:00,1256.8286255316323
2024-08-24 08:00:00+00:00,1256.8286255316323
2024-08-24 16:00:00+00:00,1256.8286255316323
2024-08-25 00:00:00+00:00,1256.8286255316323
2024-08-25 08:00:00+00:00,1256.8286255316323
2024-08-25 16:00:00+00:00,1256.8286255316323
2024-08-26 00:00:00+00:00,1256.8286255316323
2024-08-26 08:00:00+00:00,1256.8286255316323
2024-08-26 16:00:00+00:00,1256.8286255316323
2024-08-27 00:00:00+00:00,1256.8286255316323
2024-08-27 08:00:00+00:00,1256.8286255316323
2024-08-27 16:00:00+00:00,1256.8286255316323
2024-08-28 00:00:00+00:00,1256.8286255316323
2024-08-28 08:00:00+00:00,1256.8286255316323
2024-08-28 16:00:00+00:00,1256.8286255316323
2024-08-29 00:00:00+00:00,1256.8286255316323
2024-08-29 08:00:00+00:00,1256.8286255316323
2024-08-29 16:00:00+00:00,1256.8286255316323
2024-08-30 00:00:00+00:00,1256.8286255316323
2024-08-30 08:00:00+00:00,1256.8286255316323
2024-08-30 16:00:00+00:00,1256.8286255316323
2024-08-31 00:00:00+00:00,1256.8286255316323
2024-08-31 08:00:00+00:00,1256.8286255316323
2024-08-31 16:00:00+00:00,1256.8286255316323
2024-09-01 00:00:00+00:00,1256.8286255316323
2024-09-01 08:00:00+00:00,1256.8286255316323
2024-09-01 16:00:00+00:00,1256.8286255316323
2024-09-02 00:00:00+00:00,1256.8286255316323
2024-09-02 08:00:00+00:00,1256.8286255316323
2024-09-02 16:00:00+00:00,1256.8286255316323
2024-09-03 00:00:00+00:00,1256.8286255316323
2024-09-03 08:00:00+00:00,1256.8286255316323
2024-09-03 16:00:00+00:00,1256.8286255316323
2024-09-04 00:00:00+00:00,1256.8286255316323
2024-09-04 08:00:00+00:00,1256.8286255316323
2024-09-04 16:00:00+00:00,1256.8286255316323
2024-09-05 00:00:00+00:00,1256.8286255316323
2024-09-05 08:00:00+00:00,1256.8286255316323
2024-09-05 16:00:00+00:00,1256.8286255316323
2024-09-06 00:00:00+00:00,1256.8286255316323
2024-09-06 08:00:00+00:00,1256.8286255316323
2024-09-06 16:00:00+00:00,1256.8286255316323
2024-09-07 00:00:00+00:00,1256.8286255316323
2024-09-07 08:00:00+00:00,1256.8286255316323
2024-09-07 16:00:00+00:00,1256.8286255316323
2024-09-08 00:00:00+00:00,1256.8286255316323
2024-09-08 08:00:00+00:00,1256.8286255316323
2024-09-08 16:00:00+00:00,1256.8286255316323
2024-09-09 00:00:00+00:00,1256.8286255316323
2024-09-09 08:00:00+00:00,1256.8286255316323
2024-09-09 16:00:00+00:00,1256.8286255316323
2024-09-10 00:00:00+00:00,1256.8286255316323
2024-09-10 08:00:00+00:00,1256.8286255316323
2024-09-10 16:00:00+00:00,1256.8286255316323
2024-09-11 00:00:00+00:00,1256.8286255316323
2024-09-11 08:00:00+00:00,1256.8286255316323
2024-09-11 16:00:00+00:00,1256.8286255316323
2024-09-12 00:00:00+00:00,1256.8286255316323
2024-09-12 08:00:00+00:00,1256.8286255316323
2024-09-12 16:00:00+00:00,1256.8286255316323
2024-09-13 00:00:00+00:00,1256.8286255316323
2024-09-13 08:00:00+00:00,1256.8286255316323
2024-09-13 16:00:00+00:00,1256.8286255316323
2024-09-14 00:00:00+00:00,1256.8286255316323
2024-09-14 08:00:00+00:00,1256.8286255316323
2024-09-14 16:00:00+00:00,1256.8286255316323
2024-09-15 00:00:00+00:00,1256.8286255316323
2024-09-15 08:00:00+00:00,1256.8286255316323
2024-09-15 16:00:00+00:00,1256.8286255316323
2024-09-16 00:00:00+00:00,1256.8286255316323
2024-09-16 08:00:00+00:00,1256.8286255316323
2024-09-16 16:00:00+00:00,1256.8286255316323
2024-09-17 00:00:00+00:00,1256.8286255316323
2024-09-17 08:00:00+00:00,1256.8286255316323
2024-09-17 16:00:00+00:00,1256.8286255316323
2024-09-18 00:00:00+00:00,1256.8286255316323
2024-09-18 08:00:00+00:00,1256.8286255316323
2024-09-18 16:00:00+00:00,1256.8286255316323
2024-09-19 00:00:00+00:00,1256.8286255316323
2024-09-19 08:00:00+00:00,1256.8286255316323
2024-09-19 16:00:00+00:00,1255.149491503161
2024-09-20 00:00:00+00:00,1272.6545755541722
2024-09-20 08:00:00+00:00,1269.0025144764156
2024-09-20 16:00:00+00:00,1267.3581579960226
2024-09-21 00:00:00+00:00,1265.7612896990986
2024-09-21 08:00:00+00:00,1278.7882280608042
2024-09-21 16:00:00+00:00,1284.6777406950887
2024-09-22 00:00:00+00:00,1272.6416943756344
2024-09-22 08:00:00+00:00,1269.737546643402
2024-09-22 16:00:00+00:00,1279.3251682021416
2024-09-23 00:00:00+00:00,1282.9732068935423
2024-09-23 08:00:00+00:00,1287.9157557455178
2024-09-23 16:00:00+00:00,1288.3271765723678
2024-09-24 00:00:00+00:00,1290.327747898814
2024-09-24 08:00:00+00:00,1291.1013313482697
2024-09-24 16:00:00+00:00,1309.5116588325106
2024-09-25 00:00:00+00:00,1304.241268179575
2024-09-25 08:00:00+00:00,1302.3277323538994
2024-09-25 16:00:00+00:00,1297.0175233700402
2024-09-26 00:00:00+00:00,1315.3938959626857
2024-09-26 08:00:00+00:00,1332.0581916317503
2024-09-26 16:00:00+00:00,1319.5340514654536
2024-09-27 00:00:00+00:00,1328.8251890039649
2024-09-27 08:00:00+00:00,1328.6057821813292
2024-09-27 16:00:00+00:00,1328.7624118913122
2024-09-28 00:00:00+00:00,1319.0979015145128
2024-09-28 08:00:00+00:00,1319.4358969365344
2024-09-28 16:00:00+00:00,1321.5811905504293
2024-09-29 00:00:00+00:00,1309.4741497286277
2024-09-29 08:00:00+00:00,1321.2563678352678
2024-09-29 16:00:00+00:00,1322.3497000527739
2024-09-30 00:00:00+00:00,1316.8345575978074
2024-09-30 08:00:00+00:00,1303.0907761967912
2024-09-30 16:00:00+00:00,1297.898816415877
2024-10-01 00:00:00+00:00,1318.0145434355895
2024-10-01 08:00:00+00:00,1288.3821071550553
2024-10-01 16:00:00+00:00,1277.6533987104056
2024-10-02 00:00:00+00:00,1284.3322220170219
2024-10-02 08:00:00+00:00,1283.9482057758935
2024-10-02 16:00:00+00:00,1282.9205478911895
2024-10-03 00:00:00+00:00,1286.5895201317812
2024-10-03 08:00:00+00:00,1284.1211883663004
2024-10-03 16:00:00+00:00,1284.4023496182142
2024-10-04 00:00:00+00:00,1285.909169856306
2024-10-04 08:00:00+00:00,1293.882946143728
2024-10-04 16:00:00+00:00,1292.8691771269125
2024-10-05 00:00:00+00:00,1290.7958927817742
2024-10-05 08:00:00+00:00,1289.3330687465323
2024-10-05 16:00:00+00:00,1287.6582010422715
2024-10-06 00:00:00+00:00,1288.1194322422562
2024-10-06 08:00:00+00:00,1288.8651489478982
2024-10-06 16:00:00+00:00,1291.2421229703048
2024-10-07 00:00:00+00:00,1294.1566102734478
2024-10-07 08:00:00+00:00,1297.803001727698
2024-10-07 16:00:00+00:00,1294.6802431470878
2024-10-08 00:00:00+00:00,1295.3677112501057
2024-10-08 08:00:00+00:00,1296.8302642446954
2024-10-08 16:00:00+00:00,1299.1181880097581
2024-10-09 00:00:00+00:00,1296.5149575838866
2024-10-09 08:00:00+00:00,1299.8109064292175
2024-10-09 16:00:00+00:00,1284.9158510563504
2024-10-10 00:00:00+00:00,1280.4355104683307
2024-10-10 08:00:00+00:00,1276.0241493988453
2024-10-10 16:00:00+00:00,1277.0098498903076
2024-10-11 00:00:00+00:00,1278.3507762595436
2024-10-11 08:00:00+00:00,1294.9462142252514
2024-10-11 16:00:00+00:00,1296.4092709985712
2024-10-12 00:00:00+00:00,1298.9749286108906
2024-10-12 08:00:00+00:00,1312.574804284858
2024-10-12 16:00:00+00:00,1329.6808337979842
2024-10-13 00:00:00+00:00,1331.0923332196041
2024-10-13 08:00:00+00:00,1324.3733427077673
2024-10-13 16:00:00+00:00,1335.6858506635817
2024-10-14 00:00:00+00:00,1330.17973758945
2024-10-14 08:00:00+00:00,1339.8597609801557
2024-10-14 16:00:00+00:00,1349.2458533870442
2024-10-15 00:00:00+00:00,1342.634697740385
2024-10-15 08:00:00+00:00,1335.4528591446588
2024-10-15 16:00:00+00:00,1339.7790684028366
2024-10-16 00:00:00+00:00,1325.5690628027946
2024-10-16 08:00:00+00:00,1322.9965811672018
2024-10-16 16:00:00+00:00,1329.5924814522896
2024-10-17 00:00:00+00:00,1330.3303336773834
2024-10-17 08:00:00+00:00,1329.9414882308267
2024-10-17 16:00:00+00:00,1319.3818459672675
2024-10-18 00:00:00+00:00,1326.3860368709836
2024-10-18 08:00:00+00:00,1329.1646181085432
2024-10-18 16:00:00+00:00,1330.8702826231981
2024-10-19 00:00:00+00:00,1329.4412877045438
2024-10-19 08:00:00+00:00,1327.6111520876457
2024-10-19 16:00:00+00:00,1325.1949772995652
2024-10-20 00:00:00+00:00,1323.3915361951485
2024-10-20 08:00:00+00:00,1329.5130593616789
2024-10-20 16:00:00+00:00,1332.4810279749381
2024-10-21 00:00:00+00:00,1329.8043536285052
2024-10-21 08:00:00+00:00,1315.781952752252
2024-10-21 16:00:00+00:00,1313.217219318176
2024-10-22 00:00:00+00:00,1313.217219318176
2024-10-22 08:00:00+00:00,1313.217219318176
2024-10-22 16:00:00+00:00,1313.217219318176
2024-10-23 00:00:00+00:00,1313.217219318176
2024-10-23 08:00:00+00:00,1313.217219318176
2024-10-23 16:00:00+00:00,1313.217219318176
2024-10-24 00:00:00+00:00,1313.217219318176
2024-10-24 08:00:00+00:00,1313.217219318176
2024-10-24 16:00:00+00:00,1313.217219318176
2024-10-25 00:00:00+00:00,1313.217219318176
2024-10-25 08:00:00+00:00,1313.217219318176
2024-10-25 16:00:00+00:00,1313.217219318176
2024-10-26 00:00:00+00:00,1313.217219318176
2024-10-26 08:00:00+00:00,1313.217219318176
2024-10-26 16:00:00+00:00,1313.217219318176
2024-10-27 00:00:00+00:00,1313.217219318176
2024-10-27 08:00:00+00:00,1313.217219318176
2024-10-27 16:00:00+00:00,1313.217219318176
2024-10-28 00:00:00+00:00,1313.217219318176
2024-10-28 08:00:00+00:00,1313.217219318176
2024-10-28 16:00:00+00:00,1313.217219318176
2024-10-29 00:00:00+00:00,1313.217219318176
2024-10-29 08:00:00+00:00,1313.217219318176
2024-10-29 16:00:00+00:00,1313.217219318176
2024-10-30 00:00:00+00:00,1313.217219318176
2024-10-30 08:00:00+00:00,1313.217219318176
2024-10-30 16:00:00+00:00,1313.217219318176
2024-10-31 00:00:00+00:00,1313.217219318176
2024-10-31 08:00:00+00:00,1305.5781708644588
2024-10-31 16:00:00+00:00,1303.1327901154516
2024-11-01 00:00:00+00:00,1299.1385265870183
2024-11-01 08:00:00+00:00,1300.5520397944945
2024-11-01 16:00:00+00:00,1309.072464523855
2024-11-02 00:00:00+00:00,1305.9002280272844
2024-11-02 08:00:00+00:00,1297.7219871320158
2024-11-02 16:00:00+00:00,1299.8995305704195
2024-11-03 00:00:00+00:00,1298.6852305410798
2024-11-03 08:00:00+00:00,1292.8500105396633
2024-11-03 16:00:00+00:00,1292.8500105396633
2024-11-04 00:00:00+00:00,1292.8500105396633
2024-11-04 08:00:00+00:00,1292.8500105396633
2024-11-04 16:00:00+00:00,1292.8500105396633
2024-11-05 00:00:00+00:00,1292.8500105396633
2024-11-05 08:00:00+00:00,1292.8500105396633
2024-11-05 16:00:00+00:00,1292.8500105396633
2024-11-06 00:00:00+00:00,1292.8500105396633
2024-11-06 08:00:00+00:00,1292.8500105396633
2024-11-06 16:00:00+00:00,1304.2944765670359
2024-11-07 00:00:00+00:00,1300.8897859434685
2024-11-07 08:00:00+00:00,1312.6424752914747
2024-11-07 16:00:00+00:00,1318.4033197336548
2024-11-08 00:00:00+00:00,1317.2229172626676
2024-11-08 08:00:00+00:00,1319.839130627874
2024-11-08 16:00:00+00:00,1320.099557966759
2024-11-09 00:00:00+00:00,1323.4618734076935
2024-11-09 08:00:00+00:00,1320.7313830217513
2024-11-09 16:00:00+00:00,1344.6358705451096
2024-11-10 00:00:00+00:00,1375.708416230193
2024-11-10 08:00:00+00:00,1401.914350345697
2024-11-10 16:00:00+00:00,1399.3756065249988
2024-11-11 00:00:00+00:00,1399.946959573726
2024-11-11 08:00:00+00:00,1426.1994898099226
2024-11-11 16:00:00+00:00,1468.9470806751747
2024-11-12 00:00:00+00:00,1495.46503100899
2024-11-12 08:00:00+00:00,1478.6094095153965
2024-11-12 16:00:00+00:00,1520.9204841371047
2024-11-13 00:00:00+00:00,1477.623391169529
2024-11-13 08:00:00+00:00,1545.0882752498048
2024-11-13 16:00:00+00:00,1508.711664506296
2024-11-14 00:00:00+00:00,1519.6577859084648
2024-11-14 08:00:00+00:00,1499.128636618517
2024-11-14 16:00:00+00:00,1527.5279107280332
2024-11-15 00:00:00+00:00,1525.5364824269136
2024-11-15 08:00:00+00:00,1558.6268213070518
2024-11-15 16:00:00+00:00,1607.5188701646553
2024-11-16 00:00:00+00:00,1640.7755577061603
2024-11-16 08:00:00+00:00,1679.3223879414559
2024-11-16 16:00:00+00:00,1711.544624446262
2024-11-17 00:00:00+00:00,1709.8675579790072
2024-11-17 08:00:00+00:00,1707.5408165975953
2024-11-17 16:00:00+00:00,1704.0008689047065
2024-11-18 00:00:00+00:00,1738.0205269831317
2024-11-18 08:00:00+00:00,1744.743221316289
2024-11-18 16:00:00+00:00,1728.496726999699
2024-11-19 00:00:00+00:00,1735.4265736542147
2024-11-19 08:00:00+00:00,1734.6051743212515
2024-11-19 16:00:00+00:00,1732.2647110457212
2024-11-20 00:00:00+00:00,1734.787584497474
2024-11-20 08:00:00+00:00,1755.0807211042359
2024-11-20 16:00:00+00:00,1729.7830481022343
2024-11-21 00:00:00+00:00,1735.995429089207
2024-11-21 08:00:00+00:00,1740.8418336083316
2024-11-21 16:00:00+00:00,1757.7557018368436
2024-11-22 00:00:00+00:00,1767.7067270287762
2024-11-22 08:00:00+00:00,1778.5325324898977
2024-11-22 16:00:00+00:00,1810.096871722061
2024-11-23 00:00:00+00:00,1877.0732045037626
2024-11-23 08:00:00+00:00,1910.6707329557257
2024-11-23 16:00:00+00:00,1891.5774260424582
2024-11-24 00:00:00+00:00,1904.196423435469
2024-11-24 08:00:00+00:00,1854.5535403543724
2024-11-24 16:00:00+00:00,1891.0187267328758
2024-11-25 00:00:00+00:00,1899.2218935728763
2024-11-25 08:00:00+00:00,1886.3846276057202
2024-11-25 16:00:00+00:00,1855.4875901868852
2024-11-26 00:00:00+00:00,1857.7551437030365
2024-11-26 08:00:00+00:00,1833.091614091955
2024-11-26 16:00:00+00:00,1844.0433551002793
2024-11-27 00:00:00+00:00,1858.6905796622434
2024-11-27 08:00:00+00:00,1870.5482081499674
2024-11-27 16:00:00+00:00,1877.4941511408615
2024-11-28 00:00:00+00:00,1870.7374111542454
2024-11-28 08:00:00+00:00,1856.127620479222
2024-11-28 16:00:00+00:00,1882.7536430825726
2024-11-29 00:00:00+00:00,1875.3606143769343
2024-11-29 08:00:00+00:00,1890.0053236560188
2024-11-29 16:00:00+00:00,1892.0288588344717
2024-11-30 00:00:00+00:00,1905.362973373745
2024-11-30 08:00:00+00:00,1905.4173154418363
2024-11-30 16:00:00+00:00,1906.920226627499
2024-12-01 00:00:00+00:00,1897.8367642612093
2024-12-01 08:00:00+00:00,1906.6921973931028
2024-12-01 16:00:00+00:00,1910.9200426635923
2024-12-02 00:00:00+00:00,1900.8362036894268
2024-12-02 08:00:00+00:00,1917.2267828025872
2024-12-02 16:00:00+00:00,1923.258434397787
2024-12-03 00:00:00+00:00,1924.6970679445594
2024-12-03 08:00:00+00:00,1914.644877347268
2024-12-03 16:00:00+00:00,1934.2980946662503
2024-12-04 00:00:00+00:00,1957.73122885385
2024-12-04 08:00:00+00:00,1956.6495568816813
2024-12-04 16:00:00+00:00,1964.61998876395
2024-12-05 00:00:00+00:00,1966.8152910215451
2024-12-05 08:00:00+00:00,1980.359430450138
2024-12-05 16:00:00+00:00,1954.4868468626473
2024-12-06 00:00:00+00:00,1976.455556581957
2024-12-06 08:00:00+00:00,1985.2379870957766
2024-12-06 16:00:00+00:00,1993.7909055788414
2024-12-07 00:00:00+00:00,1999.2534729499218
2024-12-07 08:00:00+00:00,2001.4204947823218
2024-12-07 16:00:00+00:00,1993.4489596140656
2024-12-08 00:00:00+00:00,1992.601246253643
2024-12-08 08:00:00+00:00,1994.0701564832416
2024-12-08 16:00:00+00:00,2000.755484700676
2024-12-09 00:00:00+00:00,1967.0061405293625
2024-12-09 08:00:00+00:00,1948.894007604373
2024-12-09 16:00:00+00:00,1870.7397223401194
2024-12-10 00:00:00+00:00,1870.7397223401194
2024-12-10 08:00:00+00:00,1870.7397223401194
2024-12-10 16:00:00+00:00,1870.7397223401194
2024-12-11 00:00:00+00:00,1870.7397223401194
2024-12-11 08:00:00+00:00,1870.7397223401194
2024-12-11 16:00:00+00:00,1870.7397223401194
2024-12-12 00:00:00+00:00,1870.7397223401194
2024-12-12 08:00:00+00:00,1886.2732027421298
2024-12-12 16:00:00+00:00,1882.5499642808954
2024-12-13 00:00:00+00:00,1882.689048845067
2024-12-13 08:00:00+00:00,1880.12220566492
2024-12-13 16:00:00+00:00,1886.8896985232946
2024-12-14 00:00:00+00:00,1888.9519178702308
2024-12-14 08:00:00+00:00,1886.0184246288766
2024-12-14 16:00:00+00:00,1879.6980799002608
2024-12-15 00:00:00+00:00,1877.4941139383955
2024-12-15 08:00:00+00:00,1883.3086924300314
2024-12-15 16:00:00+00:00,1885.7557833612088
2024-12-16 00:00:00+00:00,1889.8083397076157
2024-12-16 08:00:00+00:00,1895.5712490246144
2024-12-16 16:00:00+00:00,1887.1020232258306
2024-12-17 00:00:00+00:00,1887.1416896482021
2024-12-17 08:00:00+00:00,1880.1767129221514
2024-12-17 16:00:00+00:00,1878.6166209941234
2024-12-18 00:00:00+00:00,1871.2889875484568
2024-12-18 08:00:00+00:00,1862.8270023698424
2024-12-18 16:00:00+00:00,1825.0783256716068
2024-12-19 00:00:00+00:00,1823.3488956297874
2024-12-19 08:00:00+00:00,1818.9755802216528
2024-12-19 16:00:00+00:00,1814.0399449075408
2024-12-20 00:00:00+00:00,1814.0399449075408
2024-12-20 08:00:00+00:00,1814.0399449075408
2024-12-20 16:00:00+00:00,1814.0399449075408
2024-12-21 00:00:00+00:00,1814.0399449075408
2024-12-21 08:00:00+00:00,1814.0399449075408
2024-12-21 16:00:00+00:00,1814.0399449075408
2024-12-22 00:00:00+00:00,1814.0399449075408
2024-12-22 08:00:00+00:00,1814.0399449075408
2024-12-22 16:00:00+00:00,1814.0399449075408
2024-12-23 00:00:00+00:00,1814.0399449075408
2024-12-23 08:00:00+00:00,1814.0399449075408
2024-12-23 16:00:00+00:00,1814.0399449075408
2024-12-24 00:00:00+00:00,1814.0399449075408
2024-12-24 08:00:00+00:00,1814.0399449075408
2024-12-24 16:00:00+00:00,1814.0399449075408
2024-12-25 00:00:00+00:00,1814.0399449075408
2024-12-25 08:00:00+00:00,1814.0399449075408
2024-12-25 16:00:00+00:00,1814.0399449075408
2024-12-26 00:00:00+00:00,1814.0399449075408
2024-12-26 08:00:00+00:00,1814.0399449075408
2024-12-26 16:00:00+00:00,1814.0399449075408
2024-12-27 00:00:00+00:00,1814.0399449075408
2024-12-27 08:00:00+00:00,1814.0399449075408
2024-12-27 16:00:00+00:00,1814.0399449075408
2024-12-28 00:00:00+00:00,1814.0399449075408
2024-12-28 08:00:00+00:00,1814.0399449075408
2024-12-28 16:00:00+00:00,1814.0399449075408
2024-12-29 00:00:00+00:00,1814.0399449075408
2024-12-29 08:00:00+00:00,1814.0399449075408
2024-12-29 16:00:00+00:00,1814.0399449075408
2024-12-30 00:00:00+00:00,1814.0399449075408
2024-12-30 08:00:00+00:00,1814.0399449075408
2024-12-30 16:00:00+00:00,1814.0399449075408
2024-12-31 00:00:00+00:00,1814.0399449075408
2024-12-31 08:00:00+00:00,1814.0399449075408
2024-12-31 16:00:00+00:00,1814.0399449075408
2025-01-01 00:00:00+00:00,1814.0399449075408
2025-01-01 08:00:00+00:00,1814.0399449075408
2025-01-01 16:00:00+00:00,1814.0399449075408
2025-01-02 00:00:00+00:00,1814.0399449075408
2025-01-02 08:00:00+00:00,1814.0399449075408
2025-01-02 16:00:00+00:00,1814.0399449075408
2025-01-03 00:00:00+00:00,1814.0399449075408
2025-01-03 08:00:00+00:00,1814.0399449075408
2025-01-03 16:00:00+00:00,1819.7133279844627
2025-01-04 00:00:00+00:00,1828.753524037906
2025-01-04 08:00:00+00:00,1818.2910667960434
2025-01-04 16:00:00+00:00,1836.5485607255537
2025-01-05 00:00:00+00:00,1831.751358300619
2025-01-05 08:00:00+00:00,1823.9222298833868
2025-01-05 16:00:00+00:00,1838.5808932000484
2025-01-06 00:00:00+00:00,1841.6980775595425
2025-01-06 08:00:00+00:00,1861.0483738671478
2025-01-06 16:00:00+00:00,1853.8830165853844
2025-01-07 00:00:00+00:00,1855.433377302746
2025-01-07 08:00:00+00:00,1785.675831509915
2025-01-07 16:00:00+00:00,1760.9819064433993
2025-01-08 00:00:00+00:00,1748.7116398635992
2025-01-08 08:00:00+00:00,1746.548224488633
2025-01-08 16:00:00+00:00,1742.6790730711773
2025-01-09 00:00:00+00:00,1742.6790730711773
2025-01-09 08:00:00+00:00,1742.6790730711773
2025-01-09 16:00:00+00:00,1742.6790730711773
2025-01-10 00:00:00+00:00,1742.6790730711773
2025-01-10 08:00:00+00:00,1742.6790730711773
2025-01-10 16:00:00+00:00,1742.6790730711773
2025-01-11 00:00:00+00:00,1742.6790730711773
2025-01-11 08:00:00+00:00,1742.6790730711773
2025-01-11 16:00:00+00:00,1742.6790730711773
2025-01-12 00:00:00+00:00,1742.6790730711773
2025-01-12 08:00:00+00:00,1742.6790730711773
2025-01-12 16:00:00+00:00,1742.6790730711773
2025-01-13 00:00:00+00:00,1742.6790730711773
2025-01-13 08:00:00+00:00,1742.6790730711773
2025-01-13 16:00:00+00:00,1742.6790730711773
2025-01-14 00:00:00+00:00,1742.6790730711773
2025-01-14 08:00:00+00:00,1742.6790730711773
2025-01-14 16:00:00+00:00,1742.6790730711773
2025-01-15 00:00:00+00:00,1742.6790730711773
2025-01-15 08:00:00+00:00,1742.6790730711773
2025-01-15 16:00:00+00:00,1742.6790730711773
2025-01-16 00:00:00+00:00,1742.6790730711773
2025-01-16 08:00:00+00:00,1742.6790730711773
2025-01-16 16:00:00+00:00,1742.6790730711773
2025-01-17 00:00:00+00:00,1742.6790730711773
2025-01-17 08:00:00+00:00,1742.6790730711773
2025-01-17 16:00:00+00:00,1742.6790730711773
2025-01-18 00:00:00+00:00,1742.6790730711773
2025-01-18 08:00:00+00:00,1742.6790730711773
2025-01-18 16:00:00+00:00,1748.6182512514158
2025-01-19 00:00:00+00:00,1753.4689386339974
2025-01-19 08:00:00+00:00,1753.0660001680128
2025-01-19 16:00:00+00:00,1744.0123763050453
2025-01-20 00:00:00+00:00,1734.117326666048
2025-01-20 08:00:00+00:00,1734.117326666048
2025-01-20 16:00:00+00:00,1722.0221973844539
2025-01-21 00:00:00+00:00,1722.8020861346215
2025-01-21 08:00:00+00:00,1725.722997852839
2025-01-21 16:00:00+00:00,1728.1527967807003
2025-01-22 00:00:00+00:00,1725.6236705983174
2025-01-22 08:00:00+00:00,1724.9265554958004
2025-01-22 16:00:00+00:00,1723.7236095435114
2025-01-23 00:00:00+00:00,1715.7742300959042
2025-01-23 08:00:00+00:00,1715.5445412800273
2025-01-23 16:00:00+00:00,1717.7061056440712
2025-01-24 00:00:00+00:00,1720.369223538714
2025-01-24 08:00:00+00:00,1718.6094668365697
2025-01-24 16:00:00+00:00,1714.166315436422
2025-01-25 00:00:00+00:00,1712.1771771042618
2025-01-25 08:00:00+00:00,1712.8411906063318
2025-01-25 16:00:00+00:00,1711.2869253616584
2025-01-26 00:00:00+00:00,1711.9546155719345
2025-01-26 08:00:00+00:00,1711.838734710542
2025-01-26 16:00:00+00:00,1709.4677967937523
2025-01-27 00:00:00+00:00,1707.7616755227734
2025-01-27 08:00:00+00:00,1707.7616755227734
2025-01-27 16:00:00+00:00,1707.7616755227734
2025-01-28 00:00:00+00:00,1707.7616755227734
2025-01-28 08:00:00+00:00,1707.7616755227734
2025-01-28 16:00:00+00:00,1707.7616755227734
2025-01-29 00:00:00+00:00,1707.7616755227734
2025-01-29 08:00:00+00:00,1707.7616755227734
2025-01-29 16:00:00+00:00,1707.7616755227734
2025-01-30 00:00:00+00:00,1707.7616755227734
2025-01-30 08:00:00+00:00,1707.7616755227734
2025-01-30 16:00:00+00:00,1707.692566019214
2025-01-31 00:00:00+00:00,1705.5021454882697
2025-01-31 08:00:00+00:00,1706.799980799062
2025-01-31 16:00:00+00:00,1702.5275383915268
2025-02-01 00:00:00+00:00,1694.3566461580942
2025-02-01 08:00:00+00:00,1689.4173882856173
2025-02-01 16:00:00+00:00,1682.3346994367766
2025-02-02 00:00:00+00:00,1681.7562494960207
2025-02-02 08:00:00+00:00,1681.7562494960207
2025-02-02 16:00:00+00:00,1681.7562494960207
2025-02-03 00:00:00+00:00,1681.7562494960207
2025-02-03 08:00:00+00:00,1681.7562494960207
2025-02-03 16:00:00+00:00,1681.7562494960207
2025-02-04 00:00:00+00:00,1681.7562494960207
2025-02-04 08:00:00+00:00,1681.7562494960207
2025-02-04 16:00:00+00:00,1681.7562494960207
2025-02-05 00:00:00+00:00,1681.7562494960207
2025-02-05 08:00:00+00:00,1681.7562494960207
2025-02-05 16:00:00+00:00,1681.7562494960207
2025-02-06 00:00:00+00:00,1681.7562494960207
2025-02-06 08:00:00+00:00,1681.7562494960207
2025-02-06 16:00:00+00:00,1681.7562494960207
2025-02-07 00:00:00+00:00,1681.7562494960207
2025-02-07 08:00:00+00:00,1681.7562494960207
2025-02-07 16:00:00+00:00,1681.7562494960207
2025-02-08 00:00:00+00:00,1681.7562494960207
2025-02-08 08:00:00+00:00,1681.7562494960207
2025-02-08 16:00:00+00:00,1681.7562494960207
2025-02-09 00:00:00+00:00,1681.7562494960207
2025-02-09 08:00:00+00:00,1681.7562494960207
2025-02-09 16:00:00+00:00,1681.7562494960207
2025-02-10 00:00:00+00:00,1681.7562494960207
2025-02-10 08:00:00+00:00,1681.7562494960207
2025-02-10 16:00:00+00:00,1681.7562494960207
2025-02-11 00:00:00+00:00,1681.7562494960207
2025-02-11 08:00:00+00:00,1681.7562494960207
2025-02-11 16:00:00+00:00,1681.7562494960207
2025-02-12 00:00:00+00:00,1681.7562494960207
2025-02-12 08:00:00+00:00,1681.7562494960207
2025-02-12 16:00:00+00:00,1681.7562494960207
2025-02-13 00:00:00+00:00,1681.7562494960207
2025-02-13 08:00:00+00:00,1681.7562494960207
2025-02-13 16:00:00+00:00,1681.7562494960207
2025-02-14 00:00:00+00:00,1681.7562494960207
2025-02-14 08:00:00+00:00,1681.7562494960207
2025-02-14 16:00:00+00:00,1681.7562494960207
2025-02-15 00:00:00+00:00,1681.7562494960207
2025-02-15 08:00:00+00:00,1681.7562494960207
2025-02-15 16:00:00+00:00,1681.7562494960207
2025-02-16 00:00:00+00:00,1681.7562494960207
2025-02-16 08:00:00+00:00,1681.7562494960207
2025-02-16 16:00:00+00:00,1681.7562494960207
2025-02-17 00:00:00+00:00,1681.7562494960207
2025-02-17 08:00:00+00:00,1681.7562494960207
2025-02-17 16:00:00+00:00,1681.7562494960207
2025-02-18 00:00:00+00:00,1681.7562494960207
2025-02-18 08:00:00+00:00,1681.7562494960207
2025-02-18 16:00:00+00:00,1681.7562494960207
2025-02-19 00:00:00+00:00,1681.7562494960207
2025-02-19 08:00:00+00:00,1681.7562494960207
2025-02-19 16:00:00+00:00,1681.7562494960207
2025-02-20 00:00:00+00:00,1681.7562494960207
2025-02-20 08:00:00+00:00,1681.7562494960207
2025-02-20 16:00:00+00:00,1681.7562494960207
2025-02-21 00:00:00+00:00,1681.7562494960207
2025-02-21 08:00:00+00:00,1681.7562494960207
2025-02-21 16:00:00+00:00,1681.7562494960207
2025-02-22 00:00:00+00:00,1681.7562494960207
2025-02-22 08:00:00+00:00,1681.7562494960207
2025-02-22 16:00:00+00:00,1681.7562494960207
2025-02-23 00:00:00+00:00,1681.7562494960207
2025-02-23 08:00:00+00:00,1681.7562494960207
2025-02-23 16:00:00+00:00,1681.7562494960207
2025-02-24 00:00:00+00:00,1681.7562494960207
2025-02-24 08:00:00+00:00,1681.7562494960207
2025-02-24 16:00:00+00:00,1681.7562494960207
2025-02-25 00:00:00+00:00,1681.7562494960207
2025-02-25 08:00:00+00:00,1681.7562494960207
2025-02-25 16:00:00+00:00,1681.7562494960207
2025-02-26 00:00:00+00:00,1681.7562494960207
2025-02-26 08:00:00+00:00,1681.7562494960207
2025-02-26 16:00:00+00:00,1681.7562494960207
2025-02-27 00:00:00+00:00,1681.7562494960207
2025-02-27 08:00:00+00:00,1681.7562494960207
2025-02-27 16:00:00+00:00,1681.7562494960207
2025-02-28 00:00:00+00:00,1681.7562494960207
2025-02-28 08:00:00+00:00,1681.7562494960207
2025-02-28 16:00:00+00:00,1681.7562494960207
2025-03-01 00:00:00+00:00,1681.7562494960207
2025-03-01 08:00:00+00:00,1681.7562494960207
2025-03-01 16:00:00+00:00,1681.7562494960207
2025-03-02 00:00:00+00:00,1681.7562494960207
2025-03-02 08:00:00+00:00,1681.7562494960207
2025-03-02 16:00:00+00:00,1681.7562494960207
2025-03-03 00:00:00+00:00,1681.7562494960207
2025-03-03 08:00:00+00:00,1681.7562494960207
2025-03-03 16:00:00+00:00,1681.7562494960207
2025-03-04 00:00:00+00:00,1681.7562494960207
2025-03-04 08:00:00+00:00,1681.7562494960207
2025-03-04 16:00:00+00:00,1681.7562494960207
2025-03-05 00:00:00+00:00,1681.7562494960207
2025-03-05 08:00:00+00:00,1681.7562494960207
2025-03-05 16:00:00+00:00,1681.7562494960207
2025-03-06 00:00:00+00:00,1681.7562494960207
2025-03-06 08:00:00+00:00,1681.7562494960207
2025-03-06 16:00:00+00:00,1681.7562494960207
2025-03-07 00:00:00+00:00,1681.7562494960207
2025-03-07 08:00:00+00:00,1681.7562494960207
2025-03-07 16:00:00+00:00,1681.7562494960207
2025-03-08 00:00:00+00:00,1681.7562494960207
2025-03-08 08:00:00+00:00,1681.7562494960207
2025-03-08 16:00:00+00:00,1681.7562494960207
2025-03-09 00:00:00+00:00,1681.7562494960207
2025-03-09 08:00:00+00:00,1681.7562494960207
2025-03-09 16:00:00+00:00,1681.7562494960207
2025-03-10 00:00:00+00:00,1681.7562494960207
2025-03-10 08:00:00+00:00,1681.7562494960207
2025-03-10 16:00:00+00:00,1681.7562494960207
2025-03-11 00:00:00+00:00,1681.7562494960207
2025-03-11 08:00:00+00:00,1681.7562494960207
2025-03-11 16:00:00+00:00,1681.7562494960207
2025-03-12 00:00:00+00:00,1681.7562494960207
2025-03-12 08:00:00+00:00,1681.7562494960207
2025-03-12 16:00:00+00:00,1681.7562494960207
2025-03-13 00:00:00+00:00,1681.7562494960207
2025-03-13 08:00:00+00:00,1681.7562494960207
2025-03-13 16:00:00+00:00,1681.7562494960207
2025-03-14 00:00:00+00:00,1681.7562494960207
2025-03-14 08:00:00+00:00,1681.7562494960207
2025-03-14 16:00:00+00:00,1681.7562494960207
2025-03-15 00:00:00+00:00,1681.7562494960207
2025-03-15 08:00:00+00:00,1681.7562494960207
2025-03-15 16:00:00+00:00,1681.7562494960207
2025-03-16 00:00:00+00:00,1681.7562494960207
2025-03-16 08:00:00+00:00,1681.7562494960207
2025-03-16 16:00:00+00:00,1681.7562494960207
2025-03-17 00:00:00+00:00,1681.7562494960207
2025-03-17 08:00:00+00:00,1681.7562494960207
2025-03-17 16:00:00+00:00,1681.7562494960207
2025-03-18 00:00:00+00:00,1681.7562494960207
2025-03-18 08:00:00+00:00,1681.7562494960207
2025-03-18 16:00:00+00:00,1681.7562494960207
2025-03-19 00:00:00+00:00,1681.7562494960207
2025-03-19 08:00:00+00:00,1681.7562494960207
2025-03-19 16:00:00+00:00,1681.7562494960207
2025-03-20 00:00:00+00:00,1681.7562494960207
2025-03-20 08:00:00+00:00,1681.7562494960207
2025-03-20 16:00:00+00:00,1681.7562494960207
2025-03-21 00:00:00+00:00,1681.7562494960207
2025-03-21 08:00:00+00:00,1681.7562494960207
2025-03-21 16:00:00+00:00,1681.7562494960207
2025-03-22 00:00:00+00:00,1681.7562494960207
2025-03-22 08:00:00+00:00,1681.7562494960207
2025-03-22 16:00:00+00:00,1681.7562494960207
2025-03-23 00:00:00+00:00,1681.7562494960207
2025-03-23 08:00:00+00:00,1681.7562494960207
2025-03-23 16:00:00+00:00,1681.7562494960207
2025-03-24 00:00:00+00:00,1681.7562494960207
2025-03-24 08:00:00+00:00,1681.7562494960207
2025-03-24 16:00:00+00:00,1681.7562494960207
2025-03-25 00:00:00+00:00,1681.7562494960207
2025-03-25 08:00:00+00:00,1681.7562494960207
2025-03-25 16:00:00+00:00,1681.7562494960207
2025-03-26 00:00:00+00:00,1681.7562494960207
2025-03-26 08:00:00+00:00,1681.7562494960207
2025-03-26 16:00:00+00:00,1681.7562494960207
2025-03-27 00:00:00+00:00,1681.7562494960207
2025-03-27 08:00:00+00:00,1681.7562494960207
2025-03-27 16:00:00+00:00,1681.7562494960207
2025-03-28 00:00:00+00:00,1681.7562494960207
2025-03-28 08:00:00+00:00,1681.7562494960207
2025-03-28 16:00:00+00:00,1681.7562494960207
2025-03-29 00:00:00+00:00,1681.7562494960207
2025-03-29 08:00:00+00:00,1681.7562494960207
2025-03-29 16:00:00+00:00,1681.7562494960207
2025-03-30 00:00:00+00:00,1681.7562494960207
2025-03-30 08:00:00+00:00,1681.7562494960207
2025-03-30 16:00:00+00:00,1681.7562494960207
2025-03-31 00:00:00+00:00,1681.7562494960207
2025-03-31 08:00:00+00:00,1681.7562494960207
2025-03-31 16:00:00+00:00,1681.7562494960207
2025-04-01 00:00:00+00:00,1681.7562494960207
2025-04-01 08:00:00+00:00,1681.7562494960207
2025-04-01 16:00:00+00:00,1681.7562494960207
2025-04-02 00:00:00+00:00,1681.7562494960207
2025-04-02 08:00:00+00:00,1681.7562494960207
2025-04-02 16:00:00+00:00,1681.7562494960207
2025-04-03 00:00:00+00:00,1681.7562494960207
2025-04-03 08:00:00+00:00,1681.7562494960207
2025-04-03 16:00:00+00:00,1681.7562494960207
2025-04-04 00:00:00+00:00,1681.7562494960207
2025-04-04 08:00:00+00:00,1681.7562494960207
2025-04-04 16:00:00+00:00,1681.7562494960207
2025-04-05 00:00:00+00:00,1681.7562494960207
2025-04-05 08:00:00+00:00,1681.7562494960207
2025-04-05 16:00:00+00:00,1681.7562494960207
2025-04-06 00:00:00+00:00,1681.7562494960207
2025-04-06 08:00:00+00:00,1681.7562494960207
2025-04-06 16:00:00+00:00,1681.7562494960207
2025-04-07 00:00:00+00:00,1681.7562494960207
2025-04-07 08:00:00+00:00,1681.7562494960207
2025-04-07 16:00:00+00:00,1681.7562494960207
2025-04-08 00:00:00+00:00,1681.7562494960207
2025-04-08 08:00:00+00:00,1681.7562494960207
2025-04-08 16:00:00+00:00,1681.7562494960207
2025-04-09 00:00:00+00:00,1681.7562494960207
2025-04-09 08:00:00+00:00,1681.7562494960207
2025-04-09 16:00:00+00:00,1681.7562494960207
2025-04-10 00:00:00+00:00,1681.7562494960207
2025-04-10 08:00:00+00:00,1681.7562494960207
2025-04-10 16:00:00+00:00,1681.7562494960207
2025-04-11 00:00:00+00:00,1681.7562494960207
2025-04-11 08:00:00+00:00,1681.7562494960207
2025-04-11 16:00:00+00:00,1681.7562494960207
2025-04-12 00:00:00+00:00,1681.7562494960207
2025-04-12 08:00:00+00:00,1681.7562494960207
2025-04-12 16:00:00+00:00,1681.7562494960207
2025-04-13 00:00:00+00:00,1681.7562494960207
2025-04-13 08:00:00+00:00,1681.7562494960207
2025-04-13 16:00:00+00:00,1681.7562494960207
2025-04-14 00:00:00+00:00,1681.7562494960207
2025-04-14 08:00:00+00:00,1681.7562494960207
2025-04-14 16:00:00+00:00,1681.7562494960207
2025-04-15 00:00:00+00:00,1681.7562494960207
2025-04-15 08:00:00+00:00,1681.7562494960207
2025-04-15 16:00:00+00:00,1681.7562494960207
2025-04-16 00:00:00+00:00,1681.7562494960207
2025-04-16 08:00:00+00:00,1681.7562494960207
2025-04-16 16:00:00+00:00,1681.7562494960207
2025-04-17 00:00:00+00:00,1681.7562494960207
2025-04-17 08:00:00+00:00,1681.7562494960207
2025-04-17 16:00:00+00:00,1681.7562494960207
2025-04-18 00:00:00+00:00,1681.7562494960207
2025-04-18 08:00:00+00:00,1681.7562494960207
2025-04-18 16:00:00+00:00,1681.7562494960207
2025-04-19 00:00:00+00:00,1681.7562494960207
2025-04-19 08:00:00+00:00,1681.7562494960207
2025-04-19 16:00:00+00:00,1681.7562494960207
2025-04-20 00:00:00+00:00,1681.7562494960207
2025-04-20 08:00:00+00:00,1681.7562494960207
2025-04-20 16:00:00+00:00,1681.7562494960207
2025-04-21 00:00:00+00:00,1681.7562494960207
2025-04-21 08:00:00+00:00,1681.7562494960207
2025-04-21 16:00:00+00:00,1681.7562494960207
2025-04-22 00:00:00+00:00,1681.7562494960207
2025-04-22 08:00:00+00:00,1681.7562494960207
2025-04-22 16:00:00+00:00,1718.305272545968
2025-04-23 00:00:00+00:00,1792.9601971321488
2025-04-23 08:00:00+00:00,1804.648801193497
2025-04-23 16:00:00+00:00,1794.9902499779243
2025-04-24 00:00:00+00:00,1752.6841780068144
2025-04-24 08:00:00+00:00,1789.6019314878745
2025-04-24 16:00:00+00:00,1811.4318358348266
2025-04-25 00:00:00+00:00,1854.072885534503
2025-04-25 08:00:00+00:00,1851.1373900456476
2025-04-25 16:00:00+00:00,1838.5135239331312
2025-04-26 00:00:00+00:00,1869.5387840364597
2025-04-26 08:00:00+00:00,1884.2548216398443
2025-04-26 16:00:00+00:00,1897.1565802075836
2025-04-27 00:00:00+00:00,1889.2398324624887
2025-04-27 08:00:00+00:00,1874.8455579834915
2025-04-27 16:00:00+00:00,1892.8359631655171
2025-04-28 00:00:00+00:00,1930.214625296378
2025-04-28 08:00:00+00:00,1868.4966550024828
2025-04-28 16:00:00+00:00,1901.1485406202792
2025-04-29 00:00:00+00:00,1903.5841896831612
2025-04-29 08:00:00+00:00,1887.7056596611246
2025-04-29 16:00:00+00:00,1861.4331001590792
2025-04-30 00:00:00+00:00,1866.8780615347985
2025-04-30 08:00:00+00:00,1840.005423048609
2025-04-30 16:00:00+00:00,1854.1504837174723
2025-05-01 00:00:00+00:00,1869.2043050070272
2025-05-01 08:00:00+00:00,1870.791681251471
2025-05-01 16:00:00+00:00,1872.6686228634867
2025-05-02 00:00:00+00:00,1867.8410680337806
2025-05-02 08:00:00+00:00,1913.2497257437517
2025-05-02 16:00:00+00:00,1899.470490194751
2025-05-03 00:00:00+00:00,1877.6742922361386
2025-05-03 08:00:00+00:00,1859.8561699997167
2025-05-03 16:00:00+00:00,1824.794383387546
2025-05-04 00:00:00+00:00,1818.828357715433
2025-05-04 08:00:00+00:00,1829.0201419776104
2025-05-04 16:00:00+00:00,1823.1105104014084
2025-05-05 00:00:00+00:00,1832.5982521232133
2025-05-05 08:00:00+00:00,1818.3767049165588
2025-05-05 16:00:00+00:00,1821.3089717519829
2025-05-06 00:00:00+00:00,1839.3739319399178
2025-05-06 08:00:00+00:00,1825.0782468686548
2025-05-06 16:00:00+00:00,1824.8775476873832
2025-05-07 00:00:00+00:00,1828.753034703563
2025-05-07 08:00:00+00:00,1819.55261366679
2025-05-07 16:00:00+00:00,1842.4850052624633
2025-05-08 00:00:00+00:00,1847.656000398836
2025-05-08 08:00:00+00:00,1866.8880231085573
2025-05-08 16:00:00+00:00,1895.6744461613207
2025-05-09 00:00:00+00:00,1943.2784593805627
2025-05-09 08:00:00+00:00,1934.9459064967211
2025-05-09 16:00:00+00:00,1931.0746300202115
2025-05-10 00:00:00+00:00,1962.6490676721774
2025-05-10 08:00:00+00:00,1955.9571233422498
2025-05-10 16:00:00+00:00,2018.7255767221
2025-05-11 00:00:00+00:00,1954.8890226317335
2025-05-11 08:00:00+00:00,1958.8254954168713
2025-05-11 16:00:00+00:00,1977.3322009104559
2025-05-12 00:00:00+00:00,2005.2763308842634
2025-05-12 08:00:00+00:00,1969.9170366325675
2025-05-12 16:00:00+00:00,1972.0649981886454
2025-05-13 00:00:00+00:00,1974.1981110170038
2025-05-13 08:00:00+00:00,2005.0466820059396
2025-05-13 16:00:00+00:00,2016.0209805167178
2025-05-14 00:00:00+00:00,2000.3605661247748
2025-05-14 08:00:00+00:00,1989.2250625790007
2025-05-14 16:00:00+00:00,1990.258530686094
2025-05-15 00:00:00+00:00,1942.0199799180505
2025-05-15 08:00:00+00:00,1965.2832137143018
2025-05-15 16:00:00+00:00,1950.6144538293436
2025-05-16 00:00:00+00:00,1979.00274369983
2025-05-16 08:00:00+00:00,1999.4687655367213
2025-05-16 16:00:00+00:00,1964.1342392967733
2025-05-17 00:00:00+00:00,1941.6741264869531
2025-05-17 08:00:00+00:00,1928.8019495344392
2025-05-17 16:00:00+00:00,1921.4800933319307
2025-05-18 00:00:00+00:00,1949.3859233767232
2025-05-18 08:00:00+00:00,1995.217067702521
2025-05-18 16:00:00+00:00,1979.5712634744832
2025-05-19 00:00:00+00:00,1935.9222578191038
2025-05-19 08:00:00+00:00,1947.1203686837684
2025-05-19 16:00:00+00:00,1965.7187469440717
2025-05-20 00:00:00+00:00,1967.9915643373988
2025-05-20 08:00:00+00:00,1963.5340226230317
2025-05-20 16:00:00+00:00,1977.026879231253
2025-05-21 00:00:00+00:00,1993.41557610448
2025-05-21 08:00:00+00:00,2009.6755955951114
2025-05-21 16:00:00+00:00,2006.6282037230048
2025-05-22 00:00:00+00:00,2030.6556142936129
2025-05-22 08:00:00+00:00,2041.621848740484
2025-05-22 16:00:00+00:00,2065.021544451635
2025-05-23 00:00:00+00:00,2058.0996699056013
2025-05-23 08:00:00+00:00,2036.4488908913384
2025-05-23 16:00:00+00:00,1992.9100786198464
2025-05-24 00:00:00+00:00,2005.5568433128037
2025-05-24 08:00:00+00:00,2025.4784414887838
2025-05-24 16:00:00+00:00,2007.9280894816745
2025-05-25 00:00:00+00:00,1999.2839327338097
2025-05-25 08:00:00+00:00,1999.4999781684944
2025-05-25 16:00:00+00:00,2031.909107525719
2025-05-26 00:00:00+00:00,2045.7052935077772
2025-05-26 08:00:00+00:00,2029.2836232144286
2025-05-26 16:00:00+00:00,2024.7440802124304
2025-05-27 00:00:00+00:00,2032.951818190218
2025-05-27 08:00:00+00:00,2041.3634100281304
2025-05-27 16:00:00+00:00,2031.1526773600572
2025-05-28 00:00:00+00:00,2024.3565245446562
2025-05-28 08:00:00+00:00,1994.3253233885184
2025-05-28 16:00:00+00:00,2004.2858035742543
2025-05-29 00:00:00+00:00,2023.2126782000541
2025-05-29 08:00:00+00:00,1982.6223633545646
2025-05-29 16:00:00+00:00,1969.9460763861907
2025-05-30 00:00:00+00:00,1969.9460763861907
2025-05-30 08:00:00+00:00,1969.9460763861907
2025-05-30 16:00:00+00:00,1969.9460763861907
2025-05-31 00:00:00+00:00,1969.9460763861907
2025-05-31 08:00:00+00:00,1969.9460763861907
2025-05-31 16:00:00+00:00,1969.9460763861907
2025-06-01 00:00:00+00:00,1969.9460763861907
2025-06-01 08:00:00+00:00,1969.9460763861907
2025-06-01 16:00:00+00:00,1969.9460763861907
2025-06-02 00:00:00+00:00,1969.9460763861907
2025-06-02 08:00:00+00:00,1969.9460763861907
2025-06-02 16:00:00+00:00,1969.9460763861907
2025-06-03 00:00:00+00:00,1969.9460763861907
2025-06-03 08:00:00+00:00,1969.9460763861907
2025-06-03 16:00:00+00:00,1969.9460763861907
2025-06-04 00:00:00+00:00,1969.9460763861907
2025-06-04 08:00:00+00:00,1969.9460763861907
2025-06-04 16:00:00+00:00,1969.9460763861907
2025-06-05 00:00:00+00:00,1969.9460763861907
2025-06-05 08:00:00+00:00,1969.9460763861907
2025-06-05 16:00:00+00:00,1969.9460763861907
2025-06-06 00:00:00+00:00,1969.9460763861907
2025-06-06 08:00:00+00:00,1969.9460763861907
2025-06-06 16:00:00+00:00,1969.9460763861907
2025-06-07 00:00:00+00:00,1969.9460763861907
2025-06-07 08:00:00+00:00,1969.9460763861907
2025-06-07 16:00:00+00:00,1969.9460763861907
2025-06-08 00:00:00+00:00,1969.9460763861907
2025-06-08 08:00:00+00:00,1969.9460763861907
2025-06-08 16:00:00+00:00,1969.9460763861907
2025-06-09 00:00:00+00:00,1969.9460763861907
2025-06-09 08:00:00+00:00,1969.9460763861907
2025-06-09 16:00:00+00:00,1969.9460763861907
2025-06-10 00:00:00+00:00,1969.9460763861907
2025-06-10 08:00:00+00:00,1969.9460763861907
2025-06-10 16:00:00+00:00,1969.9460763861907
2025-06-11 00:00:00+00:00,1969.9460763861907
2025-06-11 08:00:00+00:00,1969.9460763861907
2025-06-11 16:00:00+00:00,1969.9460763861907
2025-06-12 00:00:00+00:00,1969.9460763861907
2025-06-12 08:00:00+00:00,1969.9460763861907
2025-06-12 16:00:00+00:00,1969.9460763861907
2025-06-13 00:00:00+00:00,1969.9460763861907
2025-06-13 08:00:00+00:00,1969.9460763861907
2025-06-13 16:00:00+00:00,1969.9460763861907
2025-06-14 00:00:00+00:00,1969.9460763861907
2025-06-14 08:00:00+00:00,1969.9460763861907
2025-06-14 16:00:00+00:00,1969.9460763861907
2025-06-15 00:00:00+00:00,1969.9460763861907
2025-06-15 08:00:00+00:00,1969.9460763861907
2025-06-15 16:00:00+00:00,1969.9460763861907
2025-06-16 00:00:00+00:00,1969.9460763861907
2025-06-16 08:00:00+00:00,1969.9460763861907
2025-06-16 16:00:00+00:00,1969.9460763861907
2025-06-17 00:00:00+00:00,1969.9460763861907
2025-06-17 08:00:00+00:00,1969.9460763861907
2025-06-17 16:00:00+00:00,1969.9460763861907
2025-06-18 00:00:00+00:00,1969.9460763861907
2025-06-18 08:00:00+00:00,1969.9460763861907
2025-06-18 16:00:00+00:00,1969.9460763861907
2025-06-19 00:00:00+00:00,1969.9460763861907
2025-06-19 08:00:00+00:00,1969.9460763861907
2025-06-19 16:00:00+00:00,1969.9460763861907
2025-06-20 00:00:00+00:00,1969.9460763861907
2025-06-20 08:00:00+00:00,1969.9460763861907
2025-06-20 16:00:00+00:00,1969.9460763861907
2025-06-21 00:00:00+00:00,1969.9460763861907
2025-06-21 08:00:00+00:00,1969.9460763861907
2025-06-21 16:00:00+00:00,1969.9460763861907
2025-06-22 00:00:00+00:00,1969.9460763861907
2025-06-22 08:00:00+00:00,1969.9460763861907
2025-06-22 16:00:00+00:00,1969.9460763861907
2025-06-23 00:00:00+00:00,1969.9460763861907
2025-06-23 08:00:00+00:00,1969.9460763861907
2025-06-23 16:00:00+00:00,1969.9460763861907
2025-06-24 00:00:00+00:00,1969.9460763861907
2025-06-24 08:00:00+00:00,1969.9460763861907
2025-06-24 16:00:00+00:00,1969.9460763861907
2025-06-25 00:00:00+00:00,1969.9460763861907
2025-06-25 08:00:00+00:00,1969.9460763861907
2025-06-25 16:00:00+00:00,1969.9460763861907
2025-06-26 00:00:00+00:00,1969.9460763861907
2025-06-26 08:00:00+00:00,1969.9460763861907
2025-06-26 16:00:00+00:00,1969.9460763861907
2025-06-27 00:00:00+00:00,1969.9460763861907
2025-06-27 08:00:00+00:00,1969.9460763861907
2025-06-27 16:00:00+00:00,1969.9460763861907
2025-06-28 00:00:00+00:00,1969.9460763861907
2025-06-28 08:00:00+00:00,1969.9460763861907
2025-06-28 16:00:00+00:00,1969.9460763861907
2025-06-29 00:00:00+00:00,1969.9460763861907
2025-06-29 08:00:00+00:00,1969.9460763861907
2025-06-29 16:00:00+00:00,1969.9460763861907
2025-06-30 00:00:00+00:00,1969.9460763861907
2025-06-30 08:00:00+00:00,1969.9460763861907
2025-06-30 16:00:00+00:00,1969.9460763861907
2025-07-01 00:00:00+00:00,1969.9460763861907
2025-07-01 08:00:00+00:00,1969.9460763861907
2025-07-01 16:00:00+00:00,1969.9460763861907
2025-07-02 00:00:00+00:00,1969.9460763861907
2025-07-02 08:00:00+00:00,1969.9460763861907
2025-07-02 16:00:00+00:00,1969.9460763861907
2025-07-03 00:00:00+00:00,1969.9460763861907
2025-07-03 08:00:00+00:00,1969.9460763861907
2025-07-03 16:00:00+00:00,1969.9460763861907
2025-07-04 00:00:00+00:00,1969.9460763861907
2025-07-04 08:00:00+00:00,1969.9460763861907
2025-07-04 16:00:00+00:00,1969.9460763861907
2025-07-05 00:00:00+00:00,1969.9460763861907
2025-07-05 08:00:00+00:00,1969.9460763861907
2025-07-05 16:00:00+00:00,1969.9460763861907
2025-07-06 00:00:00+00:00,1969.9460763861907
2025-07-06 08:00:00+00:00,1969.9460763861907
2025-07-06 16:00:00+00:00,1969.9460763861907
2025-07-07 00:00:00+00:00,1969.9460763861907
2025-07-07 08:00:00+00:00,1969.9460763861907
2025-07-07 16:00:00+00:00,1969.9460763861907
2025-07-08 00:00:00+00:00,1969.9460763861907
2025-07-08 08:00:00+00:00,1969.9460763861907
2025-07-08 16:00:00+00:00,1969.9460763861907
2025-07-09 00:00:00+00:00,1969.9460763861907
2025-07-09 08:00:00+00:00,1969.9460763861907
2025-07-09 16:00:00+00:00,1969.9460763861907
2025-07-10 00:00:00+00:00,1969.9460763861907
2025-07-10 08:00:00+00:00,1969.9460763861907
2025-07-10 16:00:00+00:00,1969.9460763861907
2025-07-11 00:00:00+00:00,1969.9460763861907
2025-07-11 08:00:00+00:00,1969.9460763861907
2025-07-11 16:00:00+00:00,1969.9460763861907
2025-07-12 00:00:00+00:00,1969.9460763861907
2025-07-12 08:00:00+00:00,1969.9460763861907
2025-07-12 16:00:00+00:00,1969.9460763861907
2025-07-13 00:00:00+00:00,1969.9460763861907
2025-07-13 08:00:00+00:00,1969.9460763861907
2025-07-13 16:00:00+00:00,1969.9460763861907
2025-07-14 00:00:00+00:00,1969.9460763861907
2025-07-14 08:00:00+00:00,1969.9460763861907
2025-07-14 16:00:00+00:00,1969.9460763861907
2025-07-15 00:00:00+00:00,1969.9460763861907
2025-07-15 08:00:00+00:00,1969.9460763861907
2025-07-15 16:00:00+00:00,1969.9460763861907
2025-07-16 00:00:00+00:00,1969.9460763861907
2025-07-16 08:00:00+00:00,1969.9460763861907
2025-07-16 16:00:00+00:00,1969.9460763861907
2025-07-17 00:00:00+00:00,1969.9460763861907
2025-07-17 08:00:00+00:00,1969.9460763861907
2025-07-17 16:00:00+00:00,1969.9460763861907
2025-07-18 00:00:00+00:00,1969.9460763861907
2025-07-18 08:00:00+00:00,1969.9460763861907
2025-07-18 16:00:00+00:00,1969.9460763861907
2025-07-19 00:00:00+00:00,1969.9460763861907
2025-07-19 08:00:00+00:00,1969.9460763861907
2025-07-19 16:00:00+00:00,1969.9460763861907
2025-07-20 00:00:00+00:00,1969.9460763861907
2025-07-20 08:00:00+00:00,1969.9460763861907
2025-07-20 16:00:00+00:00,1969.9460763861907
2025-07-21 00:00:00+00:00,1969.9460763861907
2025-07-21 08:00:00+00:00,1969.9460763861907
2025-07-21 16:00:00+00:00,1969.9460763861907
2025-07-22 00:00:00+00:00,1969.9460763861907
2025-07-22 08:00:00+00:00,1969.9460763861907
2025-07-22 16:00:00+00:00,1969.9460763861907
2025-07-23 00:00:00+00:00,1969.9460763861907
2025-07-23 08:00:00+00:00,1969.9460763861907
2025-07-23 16:00:00+00:00,1969.9460763861907
2025-07-24 00:00:00+00:00,1969.9460763861907
2025-07-24 08:00:00+00:00,1969.9460763861907
2025-07-24 16:00:00+00:00,1969.9460763861907
2025-07-25 00:00:00+00:00,1969.9460763861907
2025-07-25 08:00:00+00:00,1969.9460763861907
2025-07-25 16:00:00+00:00,1969.9460763861907
2025-07-26 00:00:00+00:00,1969.9460763861907
2025-07-26 08:00:00+00:00,1969.9460763861907
2025-07-26 16:00:00+00:00,1969.9460763861907
2025-07-27 00:00:00+00:00,1969.9460763861907
2025-07-27 08:00:00+00:00,1969.9460763861907
2025-07-27 16:00:00+00:00,1969.9460763861907
2025-07-28 00:00:00+00:00,1969.9460763861907
2025-07-28 08:00:00+00:00,1969.9460763861907
2025-07-28 16:00:00+00:00,1969.9460763861907
2025-07-29 00:00:00+00:00,1969.9460763861907
2025-07-29 08:00:00+00:00,1969.9460763861907
2025-07-29 16:00:00+00:00,1969.9460763861907
2025-07-30 00:00:00+00:00,1969.9460763861907
2025-07-30 08:00:00+00:00,1969.9460763861907
2025-07-30 16:00:00+00:00,1969.9460763861907
2025-07-31 00:00:00+00:00,1969.9460763861907
2025-07-31 08:00:00+00:00,1969.9460763861907
2025-07-31 16:00:00+00:00,1969.9460763861907
2025-08-01 00:00:00+00:00,1969.9460763861907
2025-08-01 08:00:00+00:00,1969.9460763861907
2025-08-01 16:00:00+00:00,1969.9460763861907
2025-08-02 00:00:00+00:00,1969.9460763861907
2025-08-02 08:00:00+00:00,1969.9460763861907
2025-08-02 16:00:00+00:00,1969.9460763861907
2025-08-03 00:00:00+00:00,1969.9460763861907
2025-08-03 08:00:00+00:00,1969.9460763861907
2025-08-03 16:00:00+00:00,1969.9460763861907
2025-08-04 00:00:00+00:00,1969.9460763861907
2025-08-04 08:00:00+00:00,1969.9460763861907
2025-08-04 16:00:00+00:00,1969.9460763861907
2025-08-05 00:00:00+00:00,1969.9460763861907
2025-08-05 08:00:00+00:00,1969.9460763861907
2025-08-05 16:00:00+00:00,1969.9460763861907
2025-08-06 00:00:00+00:00,1969.9460763861907
2025-08-06 08:00:00+00:00,1969.9460763861907
2025-08-06 16:00:00+00:00,1969.9460763861907
2025-08-07 00:00:00+00:00,1969.9460763861907
2025-08-07 08:00:00+00:00,1969.9460763861907
2025-08-07 16:00:00+00:00,1969.9460763861907
2025-08-08 00:00:00+00:00,1969.9460763861907
2025-08-08 08:00:00+00:00,1969.9460763861907
2025-08-08 16:00:00+00:00,1969.9460763861907
2025-08-09 00:00:00+00:00,1969.9460763861907
2025-08-09 08:00:00+00:00,1969.9460763861907
2025-08-09 16:00:00+00:00,1977.3123900276848
2025-08-10 00:00:00+00:00,1974.947097255087
2025-08-10 08:00:00+00:00,1978.3814232182658
2025-08-10 16:00:00+00:00,1977.5147658543697
2025-08-11 00:00:00+00:00,1977.697696572419
2025-08-11 08:00:00+00:00,1979.2907709758474
2025-08-11 16:00:00+00:00,1966.0913654084336
2025-08-12 00:00:00+00:00,1971.1704849050734
2025-08-12 08:00:00+00:00,1988.4428304848489
2025-08-12 16:00:00+00:00,1990.505965646146
2025-08-13 00:00:00+00:00,1989.5222702412098
2025-08-13 08:00:00+00:00,1998.9956981068806
2025-08-13 16:00:00+00:00,2010.1267765023308
2025-08-14 00:00:00+00:00,2006.386472314656
2025-08-14 08:00:00+00:00,1969.414720239452
2025-08-14 16:00:00+00:00,1949.8686461621726
2025-08-15 00:00:00+00:00,1955.3943795112116
2025-08-15 08:00:00+00:00,1935.2102512847164
2025-08-15 16:00:00+00:00,1937.825581411271
2025-08-16 00:00:00+00:00,1937.8711332589346
2025-08-16 08:00:00+00:00,1935.5271269458563
2025-08-16 16:00:00+00:00,1938.1530404439743
2025-08-17 00:00:00+00:00,1939.6354063341325
2025-08-17 08:00:00+00:00,1938.9266948723784
2025-08-17 16:00:00+00:00,1937.0044646266347
2025-08-18 00:00:00+00:00,1930.3304717335789
2025-08-18 08:00:00+00:00,1930.3304717335789
2025-08-18 16:00:00+00:00,1930.3304717335789
2025-08-19 00:00:00+00:00,1930.3304717335789
2025-08-19 08:00:00+00:00,1930.3304717335789
2025-08-19 16:00:00+00:00,1930.3304717335789
2025-08-20 00:00:00+00:00,1930.3304717335789
2025-08-20 08:00:00+00:00,1930.3304717335789
2025-08-20 16:00:00+00:00,1930.3304717335789
2025-08-21 00:00:00+00:00,1930.3304717335789
2025-08-21 08:00:00+00:00,1930.3304717335789
2025-08-21 16:00:00+00:00,1930.3304717335789
2025-08-22 00:00:00+00:00,1930.3304717335789
2025-08-22 08:00:00+00:00,1930.3304717335789
2025-08-22 16:00:00+00:00,1930.3304717335789
2025-08-23 00:00:00+00:00,1930.3304717335789
2025-08-23 08:00:00+00:00,1930.3304717335789
2025-08-23 16:00:00+00:00,1930.3304717335789
2025-08-24 00:00:00+00:00,1930.3304717335789
2025-08-24 08:00:00+00:00,1930.3304717335789
2025-08-24 16:00:00+00:00,1930.3304717335789
2025-08-25 00:00:00+00:00,1930.3304717335789
2025-08-25 08:00:00+00:00,1930.3304717335789
2025-08-25 16:00:00+00:00,1930.3304717335789
2025-08-26 00:00:00+00:00,1930.3304717335789
2025-08-26 08:00:00+00:00,1930.3304717335789
2025-08-26 16:00:00+00:00,1930.3304717335789
2025-08-27 00:00:00+00:00,1930.3304717335789
2025-08-27 08:00:00+00:00,1930.3304717335789
2025-08-27 16:00:00+00:00,1930.3304717335789
2025-08-28 00:00:00+00:00,1930.3304717335789
2025-08-28 08:00:00+00:00,1930.3304717335789
2025-08-28 16:00:00+00:00,1930.3304717335789
2025-08-29 00:00:00+00:00,1930.3304717335789
2025-08-29 08:00:00+00:00,1930.3304717335789
2025-08-29 16:00:00+00:00,1930.3304717335789
2025-08-30 00:00:00+00:00,1930.3304717335789
2025-08-30 08:00:00+00:00,1930.3304717335789
2025-08-30 16:00:00+00:00,1930.3304717335789
2025-08-31 00:00:00+00:00,1930.3304717335789
2025-08-31 08:00:00+00:00,1930.3304717335789
2025-08-31 16:00:00+00:00,1930.3304717335789
2025-09-01 00:00:00+00:00,1930.3304717335789
2025-09-01 08:00:00+00:00,1930.3304717335789
2025-09-01 16:00:00+00:00,1930.3304717335789
2025-09-02 00:00:00+00:00,1930.3304717335789
2025-09-02 08:00:00+00:00,1930.3304717335789
2025-09-02 16:00:00+00:00,1930.3304717335789
2025-09-03 00:00:00+00:00,1930.3304717335789
2025-09-03 08:00:00+00:00,1930.3304717335789
2025-09-03 16:00:00+00:00,1930.3304717335789
2025-09-04 00:00:00+00:00,1930.3304717335789
2025-09-04 08:00:00+00:00,1930.3304717335789
2025-09-04 16:00:00+00:00,1930.3304717335789
2025-09-05 00:00:00+00:00,1930.3304717335789
2025-09-05 08:00:00+00:00,1930.3304717335789
2025-09-05 16:00:00+00:00,1930.3304717335789
2025-09-06 00:00:00+00:00,1930.3304717335789
2025-09-06 08:00:00+00:00,1930.3304717335789
2025-09-06 16:00:00+00:00,1930.3304717335789
2025-09-07 00:00:00+00:00,1930.3304717335789
2025-09-07 08:00:00+00:00,1930.3304717335789
2025-09-07 16:00:00+00:00,1930.3304717335789
2025-09-08 00:00:00+00:00,1930.3304717335789
2025-09-08 08:00:00+00:00,1930.3304717335789
2025-09-08 16:00:00+00:00,1930.3304717335789
2025-09-09 00:00:00+00:00,1930.3304717335789
2025-09-09 08:00:00+00:00,1930.3304717335789
2025-09-09 16:00:00+00:00,1930.3304717335789
2025-09-10 00:00:00+00:00,1930.3304717335789
2025-09-10 08:00:00+00:00,1930.3304717335789
2025-09-10 16:00:00+00:00,1930.3304717335789
2025-09-11 00:00:00+00:00,1930.3304717335789
2025-09-11 08:00:00+00:00,1930.3304717335789
2025-09-11 16:00:00+00:00,1930.3304717335789
2025-09-12 00:00:00+00:00,1930.3304717335789
2025-09-12 08:00:00+00:00,1930.3304717335789
2025-09-12 16:00:00+00:00,1930.3304717335789
2025-09-13 00:00:00+00:00,1930.3304717335789
2025-09-13 08:00:00+00:00,1930.3304717335789
2025-09-13 16:00:00+00:00,1930.3304717335789
2025-09-14 00:00:00+00:00,1930.3304717335789
2025-09-14 08:00:00+00:00,1930.3304717335789
2025-09-14 16:00:00+00:00,1930.3304717335789
2025-09-15 00:00:00+00:00,1930.3304717335789
2025-09-15 08:00:00+00:00,1930.3304717335789
2025-09-15 16:00:00+00:00,1930.3304717335789
2025-09-16 00:00:00+00:00,1930.3304717335789
2025-09-16 08:00:00+00:00,1930.3304717335789
2025-09-16 16:00:00+00:00,1930.3304717335789
2025-09-17 00:00:00+00:00,1930.3304717335789
2025-09-17 08:00:00+00:00,1930.3304717335789
2025-09-17 16:00:00+00:00,1930.3304717335789
2025-09-18 00:00:00+00:00,1930.3304717335789
2025-09-18 08:00:00+00:00,1930.3304717335789
2025-09-18 16:00:00+00:00,1930.3304717335789
2025-09-19 00:00:00+00:00,1930.3304717335789
2025-09-19 08:00:00+00:00,1930.3304717335789
2025-09-19 16:00:00+00:00,1930.3304717335789
2025-09-20 00:00:00+00:00,1930.3304717335789
2025-09-20 08:00:00+00:00,1930.3304717335789
2025-09-20 16:00:00+00:00,1930.3304717335789
2025-09-21 00:00:00+00:00,1930.3304717335789
2025-09-21 08:00:00+00:00,1930.3304717335789
2025-09-21 16:00:00+00:00,1930.3304717335789
2025-09-22 00:00:00+00:00,1930.3304717335789
2025-09-22 08:00:00+00:00,1930.3304717335789
2025-09-22 16:00:00+00:00,1930.3304717335789
2025-09-23 00:00:00+00:00,1930.3304717335789
2025-09-23 08:00:00+00:00,1930.3304717335789
2025-09-23 16:00:00+00:00,1930.3304717335789
2025-09-24 00:00:00+00:00,1930.3304717335789
2025-09-24 08:00:00+00:00,1930.3304717335789
2025-09-24 16:00:00+00:00,1930.3304717335789
2025-09-25 00:00:00+00:00,1930.3304717335789
2025-09-25 08:00:00+00:00,1930.3304717335789
2025-09-25 16:00:00+00:00,1930.3304717335789
2025-09-26 00:00:00+00:00,1930.3304717335789
2025-09-26 08:00:00+00:00,1930.3304717335789
2025-09-26 16:00:00+00:00,1930.3304717335789
2025-09-27 00:00:00+00:00,1930.3304717335789
2025-09-27 08:00:00+00:00,1930.3304717335789
2025-09-27 16:00:00+00:00,1930.3304717335789
2025-09-28 00:00:00+00:00,1930.3304717335789
2025-09-28 08:00:00+00:00,1930.3304717335789
2025-09-28 16:00:00+00:00,1930.3304717335789
2025-09-29 00:00:00+00:00,1930.3304717335789
2025-09-29 08:00:00+00:00,1930.3304717335789
2025-09-29 16:00:00+00:00,1930.3304717335789
2025-09-30 00:00:00+00:00,1930.3304717335789
2025-09-30 08:00:00+00:00,1930.3304717335789
2025-09-30 16:00:00+00:00,1930.3304717335789
2025-10-01 00:00:00+00:00,1930.3304717335789
2025-10-01 08:00:00+00:00,1930.3304717335789
2025-10-01 16:00:00+00:00,1930.3304717335789
2025-10-02 00:00:00+00:00,1930.3304717335789
2025-10-02 08:00:00+00:00,1930.3304717335789
2025-10-02 16:00:00+00:00,1930.3304717335789
2025-10-03 00:00:00+00:00,1930.3304717335789
2025-10-03 08:00:00+00:00,1930.3304717335789
2025-10-03 16:00:00+00:00,1930.3304717335789
2025-10-04 00:00:00+00:00,1930.3304717335789
2025-10-04 08:00:00+00:00,1930.3304717335789
2025-10-04 16:00:00+00:00,1930.3304717335789
2025-10-05 00:00:00+00:00,1930.3304717335789
2025-10-05 08:00:00+00:00,1930.3304717335789
2025-10-05 16:00:00+00:00,1930.3304717335789
2025-10-06 00:00:00+00:00,1930.3304717335789
2025-10-06 08:00:00+00:00,1930.3304717335789
2025-10-06 16:00:00+00:00,1930.3304717335789
2025-10-07 00:00:00+00:00,1930.3304717335789
2025-10-07 08:00:00+00:00,1930.3304717335789
2025-10-07 16:00:00+00:00,1930.3304717335789
2025-10-08 00:00:00+00:00,1930.3304717335789
2025-10-08 08:00:00+00:00,1930.3304717335789
2025-10-08 16:00:00+00:00,1930.3304717335789
2025-10-09 00:00:00+00:00,1930.3304717335789
2025-10-09 08:00:00+00:00,1930.3304717335789
2025-10-09 16:00:00+00:00,1930.3304717335789
2025-10-10 00:00:00+00:00,1930.3304717335789
2025-10-10 08:00:00+00:00,1930.3304717335789
2025-10-10 16:00:00+00:00,1930.3304717335789
2025-10-11 00:00:00+00:00,1930.3304717335789
2025-10-11 08:00:00+00:00,1930.3304717335789
2025-10-11 16:00:00+00:00,1930.3304717335789
2025-10-12 00:00:00+00:00,1930.3304717335789
2025-10-12 08:00:00+00:00,1930.3304717335789
2025-10-12 16:00:00+00:00,1930.3304717335789
2025-10-13 00:00:00+00:00,1930.3304717335789
2025-10-13 08:00:00+00:00,1930.3304717335789
2025-10-13 16:00:00+00:00,1930.3304717335789
2025-10-14 00:00:00+00:00,1930.3304717335789
2025-10-14 08:00:00+00:00,1930.3304717335789
2025-10-14 16:00:00+00:00,1930.3304717335789
2025-10-15 00:00:00+00:00,1930.3304717335789
2025-10-15 08:00:00+00:00,1930.3304717335789
2025-10-15 16:00:00+00:00,1930.3304717335789
2025-10-16 00:00:00+00:00,1930.3304717335789
2025-10-16 08:00:00+00:00,1930.3304717335789
2025-10-16 16:00:00+00:00,1930.3304717335789
2025-10-17 00:00:00+00:00,1930.3304717335789
2025-10-17 08:00:00+00:00,1930.3304717335789
2025-10-17 16:00:00+00:00,1930.3304717335789
2025-10-18 00:00:00+00:00,1930.3304717335789
2025-10-18 08:00:00+00:00,1930.3304717335789
2025-10-18 16:00:00+00:00,1930.3304717335789
2025-10-19 00:00:00+00:00,1930.3304717335789
2025-10-19 08:00:00+00:00,1930.3304717335789
2025-10-19 16:00:00+00:00,1930.3304717335789
2025-10-20 00:00:00+00:00,1930.3304717335789
2025-10-20 08:00:00+00:00,1930.3304717335789
2025-10-20 16:00:00+00:00,1930.3304717335789
2025-10-21 00:00:00+00:00,1930.3304717335789
2025-10-21 08:00:00+00:00,1930.3304717335789
2025-10-21 16:00:00+00:00,1930.3304717335789
2025-10-22 00:00:00+00:00,1930.3304717335789
2025-10-22 08:00:00+00:00,1930.3304717335789
2025-10-22 16:00:00+00:00,1930.3304717335789
2025-10-23 00:00:00+00:00,1930.3304717335789
2025-10-23 08:00:00+00:00,1930.3304717335789
2025-10-23 16:00:00+00:00,1930.3304717335789
2025-10-24 00:00:00+00:00,1930.3304717335789
2025-10-24 08:00:00+00:00,1930.3304717335789
2025-10-24 16:00:00+00:00,1930.3304717335789
2025-10-25 00:00:00+00:00,1930.3304717335789
2025-10-25 08:00:00+00:00,1930.3304717335789
2025-10-25 16:00:00+00:00,1930.3304717335789
2025-10-26 00:00:00+00:00,1930.3304717335789
2025-10-26 08:00:00+00:00,1930.3304717335789
2025-10-26 16:00:00+00:00,1930.3304717335789
2025-10-27 00:00:00+00:00,1930.3304717335789
2025-10-27 08:00:00+00:00,1930.3304717335789
2025-10-27 16:00:00+00:00,1930.3304717335789
2025-10-28 00:00:00+00:00,1930.3304717335789
2025-10-28 08:00:00+00:00,1930.3304717335789
2025-10-28 16:00:00+00:00,1930.3304717335789
2025-10-29 00:00:00+00:00,1930.3304717335789
2025-10-29 08:00:00+00:00,1930.3304717335789
2025-10-29 16:00:00+00:00,1930.3304717335789
2025-10-30 00:00:00+00:00,1930.3304717335789
2025-10-30 08:00:00+00:00,1930.3304717335789
2025-10-30 16:00:00+00:00,1930.3304717335789
2025-10-31 00:00:00+00:00,1930.3304717335789
2025-10-31 08:00:00+00:00,1930.3304717335789
2025-10-31 16:00:00+00:00,1930.3304717335789
2025-11-01 00:00:00+00:00,1930.3304717335789
2025-11-01 08:00:00+00:00,1930.3304717335789
2025-11-01 16:00:00+00:00,1930.3304717335789
2025-11-02 00:00:00+00:00,1930.3304717335789
2025-11-02 08:00:00+00:00,1930.3304717335789
2025-11-02 16:00:00+00:00,1930.3304717335789
2025-11-03 00:00:00+00:00,1930.3304717335789
2025-11-03 08:00:00+00:00,1930.3304717335789
2025-11-03 16:00:00+00:00,1930.3304717335789
2025-11-04 00:00:00+00:00,1930.3304717335789
2025-11-04 08:00:00+00:00,1930.3304717335789
2025-11-04 16:00:00+00:00,1930.3304717335789
2025-11-05 00:00:00+00:00,1930.3304717335789
2025-11-05 08:00:00+00:00,1930.3304717335789
2025-11-05 16:00:00+00:00,1930.3304717335789
2025-11-06 00:00:00+00:00,1930.3304717335789
2025-11-06 08:00:00+00:00,1930.3304717335789
2025-11-06 16:00:00+00:00,1930.3304717335789
2025-11-07 00:00:00+00:00,1930.3304717335789
2025-11-07 08:00:00+00:00,1930.3304717335789
2025-11-07 16:00:00+00:00,1930.3304717335789
2025-11-08 00:00:00+00:00,1930.3304717335789
2025-11-08 08:00:00+00:00,1930.3304717335789
2025-11-08 16:00:00+00:00,1930.3304717335789
2025-11-09 00:00:00+00:00,1930.3304717335789
2025-11-09 08:00:00+00:00,1930.3304717335789
2025-11-09 16:00:00+00:00,1930.3304717335789
2025-11-10 00:00:00+00:00,1930.3304717335789
2025-11-10 08:00:00+00:00,1930.3304717335789
2025-11-10 16:00:00+00:00,1930.3304717335789
2025-11-11 00:00:00+00:00,1930.3304717335789
2025-11-11 08:00:00+00:00,1930.3304717335789
2025-11-11 16:00:00+00:00,1930.3304717335789
2025-11-12 00:00:00+00:00,1930.3304717335789
2025-11-12 08:00:00+00:00,1930.3304717335789
2025-11-12 16:00:00+00:00,1930.3304717335789
2025-11-13 00:00:00+00:00,1930.3304717335789
2025-11-13 08:00:00+00:00,1930.3304717335789
2025-11-13 16:00:00+00:00,1930.3304717335789
2025-11-14 00:00:00+00:00,1930.3304717335789
2025-11-14 08:00:00+00:00,1930.3304717335789
2025-11-14 16:00:00+00:00,1930.3304717335789
2025-11-15 00:00:00+00:00,1930.3304717335789
2025-11-15 08:00:00+00:00,1930.3304717335789
2025-11-15 16:00:00+00:00,1930.3304717335789
2025-11-16 00:00:00+00:00,1930.3304717335789
2025-11-16 08:00:00+00:00,1930.3304717335789
2025-11-16 16:00:00+00:00,1930.3304717335789
2025-11-17 00:00:00+00:00,1930.3304717335789
2025-11-17 08:00:00+00:00,1930.3304717335789
2025-11-17 16:00:00+00:00,1930.3304717335789
2025-11-18 00:00:00+00:00,1930.3304717335789
2025-11-18 08:00:00+00:00,1930.3304717335789
2025-11-18 16:00:00+00:00,1930.3304717335789
2025-11-19 00:00:00+00:00,1930.3304717335789
2025-11-19 08:00:00+00:00,1930.3304717335789
2025-11-19 16:00:00+00:00,1930.3304717335789
2025-11-20 00:00:00+00:00,1930.3304717335789
2025-11-20 08:00:00+00:00,1930.3304717335789
2025-11-20 16:00:00+00:00,1930.3304717335789
2025-11-21 00:00:00+00:00,1930.3304717335789
2025-11-21 08:00:00+00:00,1930.3304717335789
2025-11-21 16:00:00+00:00,1930.3304717335789
2025-11-22 00:00:00+00:00,1930.3304717335789
2025-11-22 08:00:00+00:00,1930.3304717335789
2025-11-22 16:00:00+00:00,1930.3304717335789
2025-11-23 00:00:00+00:00,1930.3304717335789
2025-11-23 08:00:00+00:00,1930.3304717335789
2025-11-23 16:00:00+00:00,1930.3304717335789
2025-11-24 00:00:00+00:00,1930.3304717335789
2025-11-24 08:00:00+00:00,1930.3304717335789
2025-11-24 16:00:00+00:00,1930.3304717335789
2025-11-25 00:00:00+00:00,1930.3304717335789
2025-11-25 08:00:00+00:00,1930.3304717335789
2025-11-25 16:00:00+00:00,1930.3304717335789
2025-11-26 00:00:00+00:00,1930.3304717335789
2025-11-26 08:00:00+00:00,1930.3304717335789
2025-11-26 16:00:00+00:00,1930.3304717335789
2025-11-27 00:00:00+00:00,1930.3304717335789
2025-11-27 08:00:00+00:00,1930.3304717335789
2025-11-27 16:00:00+00:00,1930.3304717335789
2025-11-28 00:00:00+00:00,1930.3304717335789
2025-11-28 08:00:00+00:00,1930.3304717335789
2025-11-28 16:00:00+00:00,1930.3304717335789
2025-11-29 00:00:00+00:00,1930.3304717335789
2025-11-29 08:00:00+00:00,1930.3304717335789
2025-11-29 16:00:00+00:00,1930.3304717335789
2025-11-30 00:00:00+00:00,1930.3304717335789
2025-11-30 08:00:00+00:00,1930.3304717335789
2025-11-30 16:00:00+00:00,1930.3304717335789
2025-12-01 00:00:00+00:00,1930.3304717335789
2025-12-01 08:00:00+00:00,1930.3304717335789
2025-12-01 16:00:00+00:00,1930.3304717335789
2025-12-02 00:00:00+00:00,1930.3304717335789
2025-12-02 08:00:00+00:00,1930.3304717335789
2025-12-02 16:00:00+00:00,1930.3304717335789
2025-12-03 00:00:00+00:00,1930.3304717335789
2025-12-03 08:00:00+00:00,1930.3304717335789
2025-12-03 16:00:00+00:00,1930.3304717335789
2025-12-04 00:00:00+00:00,1930.3304717335789
2025-12-04 08:00:00+00:00,1930.3304717335789
2025-12-04 16:00:00+00:00,1930.3304717335789
2025-12-05 00:00:00+00:00,1930.3304717335789
2025-12-05 08:00:00+00:00,1930.3304717335789
2025-12-05 16:00:00+00:00,1930.3304717335789
2025-12-06 00:00:00+00:00,1930.3304717335789
2025-12-06 08:00:00+00:00,1930.3304717335789
2025-12-06 16:00:00+00:00,1930.3304717335789
2025-12-07 00:00:00+00:00,1930.3304717335789
2025-12-07 08:00:00+00:00,1930.3304717335789
2025-12-07 16:00:00+00:00,1930.3304717335789
2025-12-08 00:00:00+00:00,1930.3304717335789
2025-12-08 08:00:00+00:00,1930.3304717335789
2025-12-08 16:00:00+00:00,1930.3304717335789
2025-12-09 00:00:00+00:00,1930.3304717335789
2025-12-09 08:00:00+00:00,1930.3304717335789
2025-12-09 16:00:00+00:00,1930.3304717335789
2025-12-10 00:00:00+00:00,1930.3304717335789
2025-12-10 08:00:00+00:00,1930.3304717335789
2025-12-10 16:00:00+00:00,1930.3304717335789
2025-12-11 00:00:00+00:00,1930.3304717335789
2025-12-11 08:00:00+00:00,1930.3304717335789
2025-12-11 16:00:00+00:00,1930.3304717335789
2025-12-12 00:00:00+00:00,1930.3304717335789
2025-12-12 08:00:00+00:00,1930.3304717335789
2025-12-12 16:00:00+00:00,1930.3304717335789
2025-12-13 00:00:00+00:00,1930.3304717335789
2025-12-13 08:00:00+00:00,1930.3304717335789
2025-12-13 16:00:00+00:00,1930.3304717335789
2025-12-14 00:00:00+00:00,1930.3304717335789
2025-12-14 08:00:00+00:00,1930.3304717335789
2025-12-14 16:00:00+00:00,1930.3304717335789
2025-12-15 00:00:00+00:00,1930.3304717335789
2025-12-15 08:00:00+00:00,1930.3304717335789
2025-12-15 16:00:00+00:00,1930.3304717335789
2025-12-16 00:00:00+00:00,1930.3304717335789
2025-12-16 08:00:00+00:00,1930.3304717335789
2025-12-16 16:00:00+00:00,1930.3304717335789
2025-12-17 00:00:00+00:00,1930.3304717335789
2025-12-17 08:00:00+00:00,1930.3304717335789
2025-12-17 16:00:00+00:00,1930.3304717335789
2025-12-18 00:00:00+00:00,1930.3304717335789
2025-12-18 08:00:00+00:00,1930.3304717335789
2025-12-18 16:00:00+00:00,1930.3304717335789
2025-12-19 00:00:00+00:00,1930.3304717335789
2025-12-19 08:00:00+00:00,1930.3304717335789
2025-12-19 16:00:00+00:00,1930.3304717335789
2025-12-20 00:00:00+00:00,1930.3304717335789
2025-12-20 08:00:00+00:00,1930.3304717335789
2025-12-20 16:00:00+00:00,1930.3304717335789
2025-12-21 00:00:00+00:00,1930.3304717335789
2025-12-21 08:00:00+00:00,1930.3304717335789
2025-12-21 16:00:00+00:00,1930.3304717335789
2025-12-22 00:00:00+00:00,1930.3304717335789
2025-12-22 08:00:00+00:00,1930.3304717335789
2025-12-22 16:00:00+00:00,1930.3304717335789
2025-12-23 00:00:00+00:00,1930.3304717335789
2025-12-23 08:00:00+00:00,1930.3304717335789
2025-12-23 16:00:00+00:00,1930.3304717335789
2025-12-24 00:00:00+00:00,1930.3304717335789
2025-12-24 08:00:00+00:00,1930.3304717335789
2025-12-24 16:00:00+00:00,1930.3304717335789
2025-12-25 00:00:00+00:00,1930.3304717335789
2025-12-25 08:00:00+00:00,1930.3304717335789
2025-12-25 16:00:00+00:00,1930.3304717335789
2025-12-26 00:00:00+00:00,1930.3304717335789
2025-12-26 08:00:00+00:00,1930.3304717335789
2025-12-26 16:00:00+00:00,1930.3304717335789
2025-12-27 00:00:00+00:00,1930.3304717335789
2025-12-27 08:00:00+00:00,1930.3304717335789
2025-12-27 16:00:00+00:00,1930.3304717335789
2025-12-28 00:00:00+00:00,1930.3304717335789
2025-12-28 08:00:00+00:00,1930.3304717335789
2025-12-28 16:00:00+00:00,1930.3304717335789
2025-12-29 00:00:00+00:00,1930.3304717335789
2025-12-29 08:00:00+00:00,1930.3304717335789
2025-12-29 16:00:00+00:00,1930.3304717335789
2025-12-30 00:00:00+00:00,1930.3304717335789
2025-12-30 08:00:00+00:00,1930.3304717335789
2025-12-30 16:00:00+00:00,1930.3304717335789
2025-12-31 00:00:00+00:00,1930.3304717335789
2025-12-31 08:00:00+00:00,1930.3304717335789
2025-12-31 16:00:00+00:00,1930.3304717335789
2026-01-01 00:00:00+00:00,1930.3304717335789
2026-01-01 08:00:00+00:00,1930.3304717335789
2026-01-01 16:00:00+00:00,1930.3304717335789
2026-01-02 00:00:00+00:00,1930.3304717335789
2026-01-02 08:00:00+00:00,1930.3304717335789
2026-01-02 16:00:00+00:00,1930.3304717335789
2026-01-03 00:00:00+00:00,1930.3304717335789
2026-01-03 08:00:00+00:00,1930.3304717335789
2026-01-03 16:00:00+00:00,1930.3304717335789
2026-01-04 00:00:00+00:00,1930.3304717335789
2026-01-04 08:00:00+00:00,1930.3304717335789
2026-01-04 16:00:00+00:00,1930.3304717335789
2026-01-05 00:00:00+00:00,1930.3304717335789
2026-01-05 08:00:00+00:00,1930.3304717335789
2026-01-05 16:00:00+00:00,1930.3304717335789
2026-01-06 00:00:00+00:00,1930.3304717335789
2026-01-06 08:00:00+00:00,1930.3304717335789
2026-01-06 16:00:00+00:00,1930.3304717335789
2026-01-07 00:00:00+00:00,1930.3304717335789
2026-01-07 08:00:00+00:00,1930.3304717335789
2026-01-07 16:00:00+00:00,1930.3304717335789
2026-01-08 00:00:00+00:00,1930.3304717335789
2026-01-08 08:00:00+00:00,1930.3304717335789
2026-01-08 16:00:00+00:00,1930.3304717335789
2026-01-09 00:00:00+00:00,1930.3304717335789
2026-01-09 08:00:00+00:00,1930.3304717335789
2026-01-09 16:00:00+00:00,1930.3304717335789
2026-01-10 00:00:00+00:00,1930.3304717335789
2026-01-10 08:00:00+00:00,1930.3304717335789
2026-01-10 16:00:00+00:00,1930.3304717335789
2026-01-11 00:00:00+00:00,1930.3304717335789
2026-01-11 08:00:00+00:00,1930.3304717335789
2026-01-11 16:00:00+00:00,1930.3304717335789
2026-01-12 00:00:00+00:00,1930.3304717335789
2026-01-12 08:00:00+00:00,1930.3304717335789
2026-01-12 16:00:00+00:00,1930.3304717335789
2026-01-13 00:00:00+00:00,1930.3304717335789
2026-01-13 08:00:00+00:00,1930.3304717335789
2026-01-13 16:00:00+00:00,1930.3304717335789
2026-01-14 00:00:00+00:00,1930.3304717335789
2026-01-14 08:00:00+00:00,1930.3304717335789
2026-01-14 16:00:00+00:00,1930.3304717335789
2026-01-15 00:00:00+00:00,1930.3304717335789
2026-01-15 08:00:00+00:00,1930.3304717335789
2026-01-15 16:00:00+00:00,1930.3304717335789
2026-01-16 00:00:00+00:00,1930.3304717335789
2026-01-16 08:00:00+00:00,1930.3304717335789
2026-01-16 16:00:00+00:00,1930.3304717335789
2026-01-17 00:00:00+00:00,1930.3304717335789
2026-01-17 08:00:00+00:00,1930.3304717335789
2026-01-17 16:00:00+00:00,1930.3304717335789
2026-01-18 00:00:00+00:00,1930.3304717335789
2026-01-18 08:00:00+00:00,1930.3304717335789
2026-01-18 16:00:00+00:00,1930.3304717335789
2026-01-19 00:00:00+00:00,1930.3304717335789
2026-01-19 08:00:00+00:00,1930.3304717335789
2026-01-19 16:00:00+00:00,1930.3304717335789
2026-01-20 00:00:00+00:00,1930.3304717335789
2026-01-20 08:00:00+00:00,1930.3304717335789
2026-01-20 16:00:00+00:00,1930.3304717335789
2026-01-21 00:00:00+00:00,1930.3304717335789
2026-01-21 08:00:00+00:00,1930.3304717335789
2026-01-21 16:00:00+00:00,1930.3304717335789
2026-01-22 00:00:00+00:00,1930.3304717335789
2026-01-22 08:00:00+00:00,1930.3304717335789
2026-01-22 16:00:00+00:00,1930.3304717335789
2026-01-23 00:00:00+00:00,1930.3304717335789
2026-01-23 08:00:00+00:00,1930.3304717335789
2026-01-23 16:00:00+00:00,1930.3304717335789
2026-01-24 00:00:00+00:00,1930.3304717335789
2026-01-24 08:00:00+00:00,1930.3304717335789
2026-01-24 16:00:00+00:00,1930.3304717335789
2026-01-25 00:00:00+00:00,1930.3304717335789
2026-01-25 08:00:00+00:00,1930.3304717335789
2026-01-25 16:00:00+00:00,1930.3304717335789
2026-01-26 00:00:00+00:00,1930.3304717335789
2026-01-26 08:00:00+00:00,1930.3304717335789
2026-01-26 16:00:00+00:00,1930.3304717335789
2026-01-27 00:00:00+00:00,1930.3304717335789
2026-01-27 08:00:00+00:00,1930.3304717335789
2026-01-27 16:00:00+00:00,1930.3304717335789
2026-01-28 00:00:00+00:00,1930.3304717335789
2026-01-28 08:00:00+00:00,1930.3304717335789
2026-01-28 16:00:00+00:00,1930.3304717335789
2026-01-29 00:00:00+00:00,1930.3304717335789
2026-01-29 08:00:00+00:00,1930.3304717335789
2026-01-29 16:00:00+00:00,1930.3304717335789
2026-01-30 00:00:00+00:00,1930.3304717335789
2026-01-30 08:00:00+00:00,1930.3304717335789
2026-01-30 16:00:00+00:00,1930.3304717335789
2026-01-31 00:00:00+00:00,1930.3304717335789
2026-01-31 08:00:00+00:00,1930.3304717335789
2026-01-31 16:00:00+00:00,1930.3304717335789
2026-02-01 00:00:00+00:00,1930.3304717335789
2026-02-01 08:00:00+00:00,1930.3304717335789
2026-02-01 16:00:00+00:00,1930.3304717335789
2026-02-02 00:00:00+00:00,1930.3304717335789
2026-02-02 08:00:00+00:00,1930.3304717335789
2026-02-02 16:00:00+00:00,1930.3304717335789
2026-02-03 00:00:00+00:00,1930.3304717335789
2026-02-03 08:00:00+00:00,1930.3304717335789
2026-02-03 16:00:00+00:00,1930.3304717335789
2026-02-04 00:00:00+00:00,1930.3304717335789
2026-02-04 08:00:00+00:00,1930.3304717335789
2026-02-04 16:00:00+00:00,1930.3304717335789
2026-02-05 00:00:00+00:00,1930.3304717335789
2026-02-05 08:00:00+00:00,1930.3304717335789
2026-02-05 16:00:00+00:00,1930.3304717335789
2026-02-06 00:00:00+00:00,1930.3304717335789
2026-02-06 08:00:00+00:00,1930.3304717335789
2026-02-06 16:00:00+00:00,1930.3304717335789
2026-02-07 00:00:00+00:00,1930.3304717335789
2026-02-07 08:00:00+00:00,1930.3304717335789
2026-02-07 16:00:00+00:00,1930.3304717335789
2026-02-08 00:00:00+00:00,1930.3304717335789
2026-02-08 08:00:00+00:00,1930.3304717335789
2026-02-08 16:00:00+00:00,1930.3304717335789
2026-02-09 00:00:00+00:00,1930.3304717335789
2026-02-09 08:00:00+00:00,1930.3304717335789
2026-02-09 16:00:00+00:00,1930.3304717335789
2026-02-10 00:00:00+00:00,1930.3304717335789
2026-02-10 08:00:00+00:00,1930.3304717335789
2026-02-10 16:00:00+00:00,1930.3304717335789
2026-02-11 00:00:00+00:00,1930.3304717335789
2026-02-11 08:00:00+00:00,1930.3304717335789
2026-02-11 16:00:00+00:00,1930.3304717335789
2026-02-12 00:00:00+00:00,1930.3304717335789
2026-02-12 08:00:00+00:00,1930.3304717335789
2026-02-12 16:00:00+00:00,1930.3304717335789
2026-02-13 00:00:00+00:00,1930.3304717335789
2026-02-13 08:00:00+00:00,1930.3304717335789
2026-02-13 16:00:00+00:00,1930.3304717335789
2026-02-14 00:00:00+00:00,1930.3304717335789
2026-02-14 08:00:00+00:00,1930.3304717335789
2026-02-14 16:00:00+00:00,1930.3304717335789
2026-02-15 00:00:00+00:00,1930.3304717335789
2026-02-15 08:00:00+00:00,1930.3304717335789
2026-02-15 16:00:00+00:00,1930.3304717335789
2026-02-16 00:00:00+00:00,1930.3304717335789
2026-02-16 08:00:00+00:00,1930.3304717335789
2026-02-16 16:00:00+00:00,1930.3304717335789
2026-02-17 00:00:00+00:00,1930.3304717335789
2026-02-17 08:00:00+00:00,1930.3304717335789
2026-02-17 16:00:00+00:00,1930.3304717335789
2026-02-18 00:00:00+00:00,1930.3304717335789
2026-02-18 08:00:00+00:00,1930.3304717335789
2026-02-18 16:00:00+00:00,1930.3304717335789
2026-02-19 00:00:00+00:00,1930.3304717335789
2026-02-19 08:00:00+00:00,1930.3304717335789
2026-02-19 16:00:00+00:00,1930.3304717335789
2026-02-20 00:00:00+00:00,1930.3304717335789
2026-02-20 08:00:00+00:00,1930.3304717335789
2026-02-20 16:00:00+00:00,1930.3304717335789
2026-02-21 00:00:00+00:00,1930.3304717335789
2026-02-21 08:00:00+00:00,1930.3304717335789
2026-02-21 16:00:00+00:00,1930.3304717335789
2026-02-22 00:00:00+00:00,1930.3304717335789
2026-02-22 08:00:00+00:00,1930.3304717335789
2026-02-22 16:00:00+00:00,1930.3304717335789
2026-02-23 00:00:00+00:00,1930.3304717335789
2026-02-23 08:00:00+00:00,1930.3304717335789
2026-02-23 16:00:00+00:00,1930.3304717335789
2026-02-24 00:00:00+00:00,1930.3304717335789
2026-02-24 08:00:00+00:00,1930.3304717335789
2026-02-24 16:00:00+00:00,1930.3304717335789
2026-02-25 00:00:00+00:00,1930.3304717335789
2026-02-25 08:00:00+00:00,1930.3304717335789
2026-02-25 16:00:00+00:00,1930.3304717335789
2026-02-26 00:00:00+00:00,1930.3304717335789
2026-02-26 08:00:00+00:00,1930.3304717335789
2026-02-26 16:00:00+00:00,1930.3304717335789
2026-02-27 00:00:00+00:00,1930.3304717335789
2026-02-27 08:00:00+00:00,1930.3304717335789
2026-02-27 16:00:00+00:00,1930.3304717335789
2026-02-28 00:00:00+00:00,1930.3304717335789
2026-02-28 08:00:00+00:00,1930.3304717335789
2026-02-28 16:00:00+00:00,1930.3304717335789
2026-03-01 00:00:00+00:00,1930.3304717335789
2026-03-01 08:00:00+00:00,1930.3304717335789
2026-03-01 16:00:00+00:00,1930.3304717335789
2026-03-02 00:00:00+00:00,1930.3304717335789
2026-03-02 08:00:00+00:00,1930.3304717335789
2026-03-02 16:00:00+00:00,1930.3304717335789
2026-03-03 00:00:00+00:00,1930.3304717335789
2026-03-03 08:00:00+00:00,1930.3304717335789
2026-03-03 16:00:00+00:00,1930.3304717335789
2026-03-04 00:00:00+00:00,1930.3304717335789
2026-03-04 08:00:00+00:00,1930.3304717335789
2026-03-04 16:00:00+00:00,1930.3304717335789
2026-03-05 00:00:00+00:00,1930.3304717335789
2026-03-05 08:00:00+00:00,1930.3304717335789
2026-03-05 16:00:00+00:00,1930.3304717335789
2026-03-06 00:00:00+00:00,1930.3304717335789
2026-03-06 08:00:00+00:00,1930.3304717335789
2026-03-06 16:00:00+00:00,1930.3304717335789
2026-03-07 00:00:00+00:00,1930.3304717335789
2026-03-07 08:00:00+00:00,1930.3304717335789
2026-03-07 16:00:00+00:00,1930.3304717335789
2026-03-08 00:00:00+00:00,1930.3304717335789
2026-03-08 08:00:00+00:00,1930.3304717335789
2026-03-08 16:00:00+00:00,1930.3304717335789
2026-03-09 00:00:00+00:00,1930.3304717335789
2026-03-09 08:00:00+00:00,1930.3304717335789
2026-03-09 16:00:00+00:00,1930.3304717335789
2026-03-10 00:00:00+00:00,1930.3304717335789
2026-03-10 08:00:00+00:00,1930.3304717335789
2026-03-10 16:00:00+00:00,1930.3304717335789
2026-03-11 00:00:00+00:00,1930.3304717335789
2026-03-11 08:00:00+00:00,1930.3304717335789
2026-03-11 16:00:00+00:00,1930.3304717335789
2026-03-12 00:00:00+00:00,1930.3304717335789
2026-03-12 08:00:00+00:00,1930.3304717335789
2026-03-12 16:00:00+00:00,1930.3304717335789
2026-03-13 00:00:00+00:00,1930.3304717335789
2026-03-13 08:00:00+00:00,1930.3304717335789
2026-03-13 16:00:00+00:00,1930.3304717335789
2026-03-14 00:00:00+00:00,1930.3304717335789
2026-03-14 08:00:00+00:00,1930.3304717335789
2026-03-14 16:00:00+00:00,1930.3304717335789
2026-03-15 00:00:00+00:00,1930.3304717335789
2026-03-15 08:00:00+00:00,1930.3304717335789
2026-03-15 16:00:00+00:00,1930.3304717335789
2026-03-16 00:00:00+00:00,1930.3304717335789
2026-03-16 08:00:00+00:00,1930.3304717335789
2026-03-16 16:00:00+00:00,1930.3304717335789
2026-03-17 00:00:00+00:00,1930.3304717335789
2026-03-17 08:00:00+00:00,1930.3304717335789
2026-03-17 16:00:00+00:00,1930.3304717335789
2026-03-18 00:00:00+00:00,1930.3304717335789
2026-03-18 08:00:00+00:00,1930.3304717335789
2026-03-18 16:00:00+00:00,1930.3304717335789
2026-03-19 00:00:00+00:00,1930.3304717335789
2026-03-19 08:00:00+00:00,1930.3304717335789
2026-03-19 16:00:00+00:00,1930.3304717335789
2026-03-20 00:00:00+00:00,1930.3304717335789
2026-03-20 08:00:00+00:00,1930.3304717335789
2026-03-20 16:00:00+00:00,1930.3304717335789
2026-03-21 00:00:00+00:00,1930.3304717335789
2026-03-21 08:00:00+00:00,1930.3304717335789
2026-03-21 16:00:00+00:00,1930.3304717335789
2026-03-22 00:00:00+00:00,1930.3304717335789
2026-03-22 08:00:00+00:00,1930.3304717335789
2026-03-22 16:00:00+00:00,1930.3304717335789
2026-03-23 00:00:00+00:00,1930.3304717335789
2026-03-23 08:00:00+00:00,1930.3304717335789
2026-03-23 16:00:00+00:00,1930.3304717335789
2026-03-24 00:00:00+00:00,1930.3304717335789
2026-03-24 08:00:00+00:00,1930.3304717335789
2026-03-24 16:00:00+00:00,1930.3304717335789
2026-03-25 00:00:00+00:00,1930.3304717335789
2026-03-25 08:00:00+00:00,1930.3304717335789
2026-03-25 16:00:00+00:00,1930.3304717335789
2026-03-26 00:00:00+00:00,1930.3304717335789
2026-03-26 08:00:00+00:00,1930.3304717335789
2026-03-26 16:00:00+00:00,1930.3304717335789
2026-03-27 00:00:00+00:00,1930.3304717335789
2026-03-27 08:00:00+00:00,1930.3304717335789
2026-03-27 16:00:00+00:00,1930.3304717335789
2026-03-28 00:00:00+00:00,1930.3304717335789
2026-03-28 08:00:00+00:00,1930.3304717335789
2026-03-28 16:00:00+00:00,1930.3304717335789
2026-03-29 00:00:00+00:00,1930.3304717335789
2026-03-29 08:00:00+00:00,1930.3304717335789
2026-03-29 16:00:00+00:00,1930.3304717335789
2026-03-30 00:00:00+00:00,1930.3304717335789
2026-03-30 08:00:00+00:00,1930.3304717335789
2026-03-30 16:00:00+00:00,1930.3304717335789
2026-03-31 00:00:00+00:00,1930.3304717335789
2026-03-31 08:00:00+00:00,1930.3304717335789
2026-03-31 16:00:00+00:00,1930.3304717335789
2026-04-01 00:00:00+00:00,1930.3304717335789
2026-04-01 08:00:00+00:00,1930.3304717335789
2026-04-01 16:00:00+00:00,1930.3304717335789
2026-04-02 00:00:00+00:00,1930.3304717335789
2026-04-02 08:00:00+00:00,1930.3304717335789
2026-04-02 16:00:00+00:00,1930.3304717335789
2026-04-03 00:00:00+00:00,1930.3304717335789
2026-04-03 08:00:00+00:00,1930.3304717335789
2026-04-03 16:00:00+00:00,1930.3304717335789
2026-04-04 00:00:00+00:00,1930.3304717335789
2026-04-04 08:00:00+00:00,1930.3304717335789
2026-04-04 16:00:00+00:00,1930.3304717335789
2026-04-05 00:00:00+00:00,1930.3304717335789
2026-04-05 08:00:00+00:00,1930.3304717335789
2026-04-05 16:00:00+00:00,1930.3304717335789
2026-04-06 00:00:00+00:00,1930.3304717335789
2026-04-06 08:00:00+00:00,1930.3304717335789
2026-04-06 16:00:00+00:00,1930.3304717335789
2026-04-07 00:00:00+00:00,1930.3304717335789
2026-04-07 08:00:00+00:00,1930.3304717335789
2026-04-07 16:00:00+00:00,1930.3304717335789
2026-04-08 00:00:00+00:00,1930.3304717335789
2026-04-08 08:00:00+00:00,1930.3304717335789
2026-04-08 16:00:00+00:00,1930.3304717335789
2026-04-09 00:00:00+00:00,1930.3304717335789
2026-04-09 08:00:00+00:00,1930.3304717335789
2026-04-09 16:00:00+00:00,1930.3304717335789
2026-04-10 00:00:00+00:00,1930.3304717335789
2026-04-10 08:00:00+00:00,1930.3304717335789
2026-04-10 16:00:00+00:00,1930.3304717335789
2026-04-11 00:00:00+00:00,1930.3304717335789
2026-04-11 08:00:00+00:00,1930.3304717335789
2026-04-11 16:00:00+00:00,1930.3304717335789
2026-04-12 00:00:00+00:00,1930.3304717335789
2026-04-12 08:00:00+00:00,1930.3304717335789
2026-04-12 16:00:00+00:00,1930.3304717335789
2026-04-13 00:00:00+00:00,1930.3304717335789
2026-04-13 08:00:00+00:00,1930.3304717335789
2026-04-13 16:00:00+00:00,1930.3304717335789
2026-04-14 00:00:00+00:00,1930.3304717335789
2026-04-14 08:00:00+00:00,1930.3304717335789
2026-04-14 16:00:00+00:00,1930.3304717335789
2026-04-15 00:00:00+00:00,1930.3304717335789
2026-04-15 08:00:00+00:00,1930.3304717335789
2026-04-15 16:00:00+00:00,1930.3304717335789
2026-04-16 00:00:00+00:00,1930.3304717335789
2026-04-16 08:00:00+00:00,1930.3304717335789
2026-04-16 16:00:00+00:00,1930.3304717335789
2026-04-17 00:00:00+00:00,1930.3304717335789
2026-04-17 08:00:00+00:00,1930.3304717335789
2026-04-17 16:00:00+00:00,1930.3304717335789
2026-04-18 00:00:00+00:00,1930.3304717335789
2026-04-18 08:00:00+00:00,1930.3304717335789
2026-04-18 16:00:00+00:00,1920.8039610216638
2026-04-19 00:00:00+00:00,1917.6180188376884
2026-04-19 08:00:00+00:00,1919.9012764138224
2026-04-19 16:00:00+00:00,1921.3880533892043
2026-04-20 00:00:00+00:00,1913.6012438281664
2026-04-20 08:00:00+00:00,1910.5214858703139
2026-04-20 16:00:00+00:00,1912.0082628456953
2026-04-21 00:00:00+00:00,1916.0968995279954
2026-04-21 08:00:00+00:00,1920.7165265742913
2026-04-21 16:00:00+00:00,1915.8379068426675
2026-04-22 00:00:00+00:00,1921.8207062713068
2026-04-22 08:00:00+00:00,1930.3293927983511
2026-04-22 16:00:00+00:00,1934.9609255832036
2026-04-23 00:00:00+00:00,1930.409939200922
2026-04-23 08:00:00+00:00,1938.2125895492193
2026-04-23 16:00:00+00:00,1945.3684232396172
2026-04-24 00:00:00+00:00,1935.5268928739283
2026-04-24 08:00:00+00:00,1926.9631784593569
2026-04-24 16:00:00+00:00,1920.77380233345
2026-04-25 00:00:00+00:00,1920.77380233345
2026-04-25 08:00:00+00:00,1920.77380233345
2026-04-25 16:00:00+00:00,1920.77380233345
2026-04-26 00:00:00+00:00,1920.77380233345
2026-04-26 08:00:00+00:00,1920.77380233345
2026-04-26 16:00:00+00:00,1920.77380233345
2026-04-27 00:00:00+00:00,1920.77380233345
2026-04-27 08:00:00+00:00,1920.77380233345
2026-04-27 16:00:00+00:00,1920.77380233345
2026-04-28 00:00:00+00:00,1920.77380233345
2026-04-28 08:00:00+00:00,1920.77380233345
2026-04-28 16:00:00+00:00,1920.77380233345
2026-04-29 00:00:00+00:00,1920.77380233345
2026-04-29 08:00:00+00:00,1920.77380233345
2026-04-29 16:00:00+00:00,1920.77380233345
2026-04-30 00:00:00+00:00,1920.77380233345
2026-04-30 08:00:00+00:00,1920.77380233345
2026-04-30 16:00:00+00:00,1920.77380233345
2026-05-01 00:00:00+00:00,1920.77380233345
2026-05-01 08:00:00+00:00,1920.77380233345
2026-05-01 16:00:00+00:00,1920.77380233345
2026-05-02 00:00:00+00:00,1920.77380233345
2026-05-02 08:00:00+00:00,1920.77380233345
2026-05-02 16:00:00+00:00,1920.77380233345
2026-05-03 00:00:00+00:00,1920.77380233345
2026-05-03 08:00:00+00:00,1920.77380233345
2026-05-03 16:00:00+00:00,1920.77380233345
2026-05-04 00:00:00+00:00,1920.77380233345
2026-05-04 08:00:00+00:00,1920.77380233345
2026-05-04 16:00:00+00:00,1920.77380233345
2026-05-05 00:00:00+00:00,1920.77380233345
2026-05-05 08:00:00+00:00,1920.77380233345
2026-05-05 16:00:00+00:00,1920.77380233345
2026-05-06 00:00:00+00:00,1920.77380233345
2026-05-06 08:00:00+00:00,1920.77380233345
2026-05-06 16:00:00+00:00,1920.77380233345
2026-05-07 00:00:00+00:00,1920.77380233345
2026-05-07 08:00:00+00:00,1920.77380233345
2026-05-07 16:00:00+00:00,1920.77380233345
2026-05-08 00:00:00+00:00,1920.77380233345
2026-05-08 08:00:00+00:00,1920.77380233345
2026-05-08 16:00:00+00:00,1920.77380233345
2026-05-09 00:00:00+00:00,1920.77380233345
2026-05-09 08:00:00+00:00,1920.77380233345
2026-05-09 16:00:00+00:00,1920.77380233345
2026-05-10 00:00:00+00:00,1920.77380233345
2026-05-10 08:00:00+00:00,1920.77380233345
2026-05-10 16:00:00+00:00,1920.77380233345
2026-05-11 00:00:00+00:00,1920.77380233345
2026-05-11 08:00:00+00:00,1920.77380233345
2026-05-11 16:00:00+00:00,1920.77380233345
2026-05-12 00:00:00+00:00,1920.77380233345
2026-05-12 08:00:00+00:00,1920.77380233345
2026-05-12 16:00:00+00:00,1920.77380233345
2026-05-13 00:00:00+00:00,1920.77380233345
2026-05-13 08:00:00+00:00,1920.77380233345
2026-05-13 16:00:00+00:00,1920.77380233345
2026-05-14 00:00:00+00:00,1920.77380233345
2026-05-14 08:00:00+00:00,1920.77380233345
2026-05-14 16:00:00+00:00,1920.77380233345
2026-05-15 00:00:00+00:00,1920.77380233345
2026-05-15 08:00:00+00:00,1920.77380233345
2026-05-15 16:00:00+00:00,1920.77380233345
2026-05-16 00:00:00+00:00,1920.77380233345
2026-05-16 08:00:00+00:00,1920.77380233345
2026-05-16 16:00:00+00:00,1920.77380233345
2026-05-17 00:00:00+00:00,1920.77380233345
2026-05-17 08:00:00+00:00,1920.77380233345
2026-05-17 16:00:00+00:00,1920.77380233345
2026-05-18 00:00:00+00:00,1920.77380233345
2026-05-18 08:00:00+00:00,1920.77380233345
2026-05-18 16:00:00+00:00,1920.77380233345
2026-05-19 00:00:00+00:00,1920.77380233345
2026-05-19 08:00:00+00:00,1920.77380233345
2026-05-19 16:00:00+00:00,1920.77380233345
2026-05-20 00:00:00+00:00,1920.77380233345
2026-05-20 08:00:00+00:00,1920.77380233345
2026-05-20 16:00:00+00:00,1920.77380233345
2026-05-21 00:00:00+00:00,1920.77380233345
2026-05-21 08:00:00+00:00,1920.77380233345
2026-05-21 16:00:00+00:00,1920.77380233345
2026-05-22 00:00:00+00:00,1920.77380233345
2026-05-22 08:00:00+00:00,1920.77380233345
2026-05-22 16:00:00+00:00,1920.77380233345
2026-05-23 00:00:00+00:00,1920.77380233345
2026-05-23 08:00:00+00:00,1920.77380233345
2026-05-23 16:00:00+00:00,1920.77380233345
2026-05-24 00:00:00+00:00,1920.77380233345
2026-05-24 08:00:00+00:00,1920.77380233345
2026-05-24 16:00:00+00:00,1920.77380233345
2026-05-25 00:00:00+00:00,1920.77380233345
2026-05-25 08:00:00+00:00,1920.77380233345
2026-05-25 16:00:00+00:00,1920.77380233345
2026-05-26 00:00:00+00:00,1920.77380233345
2026-05-26 08:00:00+00:00,1920.77380233345
2026-05-26 16:00:00+00:00,1920.77380233345
2026-05-27 00:00:00+00:00,1920.77380233345
2026-05-27 08:00:00+00:00,1920.77380233345
2026-05-27 16:00:00+00:00,1920.77380233345
2026-05-28 00:00:00+00:00,1920.77380233345
2026-05-28 08:00:00+00:00,1920.77380233345
2026-05-28 16:00:00+00:00,1920.77380233345
2026-05-29 00:00:00+00:00,1920.77380233345
2026-05-29 08:00:00+00:00,1920.77380233345
2026-05-29 16:00:00+00:00,1920.77380233345
2026-05-30 00:00:00+00:00,1920.77380233345
2026-05-30 08:00:00+00:00,1920.77380233345
2026-05-30 16:00:00+00:00,1920.77380233345
2026-05-31 00:00:00+00:00,1920.77380233345
2026-05-31 08:00:00+00:00,1920.77380233345
2026-05-31 16:00:00+00:00,1920.77380233345
2026-06-01 00:00:00+00:00,1920.77380233345
2026-06-01 08:00:00+00:00,1920.77380233345
2026-06-01 16:00:00+00:00,1920.77380233345
2026-06-02 00:00:00+00:00,1920.77380233345
2026-06-02 08:00:00+00:00,1920.77380233345
2026-06-02 16:00:00+00:00,1920.77380233345
2026-06-03 00:00:00+00:00,1920.77380233345
2026-06-03 08:00:00+00:00,1920.77380233345
2026-06-03 16:00:00+00:00,1920.77380233345
2026-06-04 00:00:00+00:00,1920.77380233345
2026-06-04 08:00:00+00:00,1920.77380233345
2026-06-04 16:00:00+00:00,1920.77380233345
2026-06-05 00:00:00+00:00,1920.77380233345
2026-06-05 08:00:00+00:00,1920.77380233345
2026-06-05 16:00:00+00:00,1920.77380233345
2026-06-06 00:00:00+00:00,1920.77380233345
2026-06-06 08:00:00+00:00,1920.77380233345
2026-06-06 16:00:00+00:00,1920.77380233345
2026-06-07 00:00:00+00:00,1920.77380233345
2026-06-07 08:00:00+00:00,1920.77380233345
2026-06-07 16:00:00+00:00,1920.77380233345
2026-06-08 00:00:00+00:00,1920.77380233345
2026-06-08 08:00:00+00:00,1920.77380233345
2026-06-08 16:00:00+00:00,1920.77380233345
2026-06-09 00:00:00+00:00,1920.77380233345
2026-06-09 08:00:00+00:00,1920.77380233345
2026-06-09 16:00:00+00:00,1920.77380233345
2026-06-10 00:00:00+00:00,1920.77380233345
2026-06-10 08:00:00+00:00,1920.77380233345
2026-06-10 16:00:00+00:00,1920.77380233345
2026-06-11 00:00:00+00:00,1920.77380233345
2026-06-11 08:00:00+00:00,1920.77380233345
2026-06-11 16:00:00+00:00,1920.77380233345
2026-06-12 00:00:00+00:00,1920.77380233345
2026-06-12 08:00:00+00:00,1920.77380233345
2026-06-12 16:00:00+00:00,1920.77380233345
2026-06-13 00:00:00+00:00,1920.77380233345
2026-06-13 08:00:00+00:00,1920.77380233345
2026-06-13 16:00:00+00:00,1920.77380233345
2026-06-14 00:00:00+00:00,1920.77380233345
2026-06-14 08:00:00+00:00,1920.77380233345
2026-06-14 16:00:00+00:00,1920.77380233345
2026-06-15 00:00:00+00:00,1920.77380233345
2026-06-15 08:00:00+00:00,1920.77380233345
2026-06-15 16:00:00+00:00,1920.77380233345
2026-06-16 00:00:00+00:00,1920.77380233345
2026-06-16 08:00:00+00:00,1920.77380233345
2026-06-16 16:00:00+00:00,1920.77380233345
2026-06-17 00:00:00+00:00,1920.77380233345
2026-06-17 08:00:00+00:00,1920.77380233345
2026-06-17 16:00:00+00:00,1920.77380233345
2026-06-18 00:00:00+00:00,1920.77380233345
2026-06-18 08:00:00+00:00,1920.77380233345
2026-06-18 16:00:00+00:00,1920.77380233345
2026-06-19 00:00:00+00:00,1920.77380233345
2026-06-19 08:00:00+00:00,1920.77380233345
2026-06-19 16:00:00+00:00,1920.77380233345
2026-06-20 00:00:00+00:00,1920.77380233345
2026-06-20 08:00:00+00:00,1920.77380233345
2026-06-20 16:00:00+00:00,1920.77380233345
2026-06-21 00:00:00+00:00,1920.77380233345
2026-06-21 08:00:00+00:00,1920.77380233345
2026-06-21 16:00:00+00:00,1920.77380233345
2026-06-22 00:00:00+00:00,1920.77380233345
2026-06-22 08:00:00+00:00,1920.77380233345
2026-06-22 16:00:00+00:00,1920.77380233345
2026-06-23 00:00:00+00:00,1920.77380233345
2026-06-23 08:00:00+00:00,1920.77380233345
2026-06-23 16:00:00+00:00,1920.77380233345
2026-06-24 00:00:00+00:00,1920.77380233345
2026-06-24 08:00:00+00:00,1920.77380233345
2026-06-24 16:00:00+00:00,1920.77380233345
2026-06-25 00:00:00+00:00,1920.77380233345
2026-06-25 08:00:00+00:00,1920.77380233345
2026-06-25 16:00:00+00:00,1920.77380233345
2026-06-26 00:00:00+00:00,1920.77380233345
2026-06-26 08:00:00+00:00,1920.77380233345
2026-06-26 16:00:00+00:00,1920.77380233345
2026-06-27 00:00:00+00:00,1920.77380233345
2026-06-27 08:00:00+00:00,1920.77380233345
2026-06-27 16:00:00+00:00,1920.77380233345
2026-06-28 00:00:00+00:00,1920.77380233345
2026-06-28 08:00:00+00:00,1920.77380233345
2026-06-28 16:00:00+00:00,1920.77380233345
2026-06-29 00:00:00+00:00,1920.77380233345
2026-06-29 08:00:00+00:00,1920.77380233345
2026-06-29 16:00:00+00:00,1920.77380233345
2026-06-30 00:00:00+00:00,1920.77380233345
2026-06-30 08:00:00+00:00,1920.77380233345
2026-06-30 16:00:00+00:00,1920.77380233345
2026-07-01 00:00:00+00:00,1920.77380233345
2026-07-01 08:00:00+00:00,1920.77380233345
2026-07-01 16:00:00+00:00,1920.77380233345
2026-07-02 00:00:00+00:00,1920.77380233345
2026-07-02 08:00:00+00:00,1920.77380233345
2026-07-02 16:00:00+00:00,1920.77380233345
2026-07-03 00:00:00+00:00,1920.77380233345
2026-07-03 08:00:00+00:00,1920.77380233345
2026-07-03 16:00:00+00:00,1920.77380233345
2026-07-04 00:00:00+00:00,1920.77380233345
2026-07-04 08:00:00+00:00,1920.77380233345
2026-07-04 16:00:00+00:00,1920.77380233345
2026-07-05 00:00:00+00:00,1920.77380233345
2026-07-05 08:00:00+00:00,1920.77380233345
2026-07-05 16:00:00+00:00,1920.77380233345
2026-07-06 00:00:00+00:00,1920.77380233345
2026-07-06 08:00:00+00:00,1920.77380233345
2026-07-06 16:00:00+00:00,1920.77380233345
2026-07-07 00:00:00+00:00,1920.77380233345
2026-07-07 08:00:00+00:00,1920.77380233345
2026-07-07 16:00:00+00:00,1920.77380233345
2026-07-08 00:00:00+00:00,1920.77380233345
2026-07-08 08:00:00+00:00,1920.77380233345
2026-07-08 16:00:00+00:00,1920.77380233345
2026-07-09 00:00:00+00:00,1920.77380233345
2026-07-09 08:00:00+00:00,1920.77380233345
2026-07-09 16:00:00+00:00,1920.77380233345
2026-07-10 00:00:00+00:00,1920.77380233345
2026-07-10 08:00:00+00:00,1920.77380233345
2026-07-10 16:00:00+00:00,1920.77380233345
2026-07-11 00:00:00+00:00,1920.77380233345
2026-07-11 08:00:00+00:00,1920.77380233345
2026-07-11 16:00:00+00:00,1920.77380233345
2026-07-12 00:00:00+00:00,1920.77380233345
2026-07-12 08:00:00+00:00,1920.77380233345
2026-07-12 16:00:00+00:00,1920.77380233345
2026-07-13 00:00:00+00:00,1920.77380233345
2026-07-13 08:00:00+00:00,1920.77380233345
2026-07-13 16:00:00+00:00,1920.77380233345
2026-07-14 00:00:00+00:00,1920.77380233345
2026-07-14 08:00:00+00:00,1920.77380233345
2026-07-14 16:00:00+00:00,1920.77380233345
2026-07-15 00:00:00+00:00,1920.77380233345
2026-07-15 08:00:00+00:00,1920.77380233345
2026-07-15 16:00:00+00:00,1920.77380233345
2026-07-16 00:00:00+00:00,1920.77380233345
2026-07-16 08:00:00+00:00,1920.77380233345
2026-07-16 16:00:00+00:00,1920.77380233345
2026-07-17 00:00:00+00:00,1920.77380233345
2026-07-17 08:00:00+00:00,1920.77380233345
2026-07-17 16:00:00+00:00,1920.77380233345
2026-07-18 00:00:00+00:00,1920.77380233345
2026-07-18 08:00:00+00:00,1920.77380233345
2026-07-18 16:00:00+00:00,1920.77380233345
2026-07-19 00:00:00+00:00,1920.77380233345
2026-07-19 08:00:00+00:00,1920.77380233345
2026-07-19 16:00:00+00:00,1920.77380233345
2026-07-20 00:00:00+00:00,1920.77380233345
2026-07-20 08:00:00+00:00,1920.77380233345
2026-07-20 16:00:00+00:00,1920.77380233345
2026-07-21 00:00:00+00:00,1920.77380233345
2026-07-21 08:00:00+00:00,1920.77380233345
2026-07-21 16:00:00+00:00,1920.77380233345
2026-07-22 00:00:00+00:00,1920.77380233345
2026-07-22 08:00:00+00:00,1920.77380233345
2026-07-22 16:00:00+00:00,1920.77380233345
2026-07-23 00:00:00+00:00,1920.77380233345
2026-07-23 08:00:00+00:00,1920.77380233345
2026-07-23 16:00:00+00:00,1920.77380233345
2026-07-24 00:00:00+00:00,1920.77380233345
2026-07-24 08:00:00+00:00,1920.77380233345
2026-07-24 16:00:00+00:00,1920.77380233345
2026-07-25 00:00:00+00:00,1920.77380233345
2026-07-25 08:00:00+00:00,1920.77380233345
2026-07-25 16:00:00+00:00,1920.77380233345
2026-07-26 00:00:00+00:00,1920.77380233345
2026-07-26 08:00:00+00:00,1920.77380233345
2026-07-26 16:00:00+00:00,1920.77380233345
2026-07-27 00:00:00+00:00,1920.77380233345
2026-07-27 08:00:00+00:00,1920.77380233345
2026-07-27 16:00:00+00:00,1920.77380233345
2026-07-28 00:00:00+00:00,1920.77380233345
2026-07-28 08:00:00+00:00,1920.77380233345
2026-07-28 16:00:00+00:00,1920.77380233345
2026-07-29 00:00:00+00:00,1920.77380233345
2026-07-29 08:00:00+00:00,1920.77380233345
2026-07-29 16:00:00+00:00,1920.77380233345
2026-07-30 00:00:00+00:00,1920.77380233345
2026-07-30 08:00:00+00:00,1920.77380233345
2026-07-30 16:00:00+00:00,1920.77380233345
2026-07-31 00:00:00+00:00,1920.77380233345
2026-07-31 08:00:00+00:00,1920.77380233345
2026-07-31 16:00:00+00:00,1920.77380233345
2026-08-01 00:00:00+00:00,1920.77380233345
2026-08-01 08:00:00+00:00,1920.77380233345
2026-08-01 16:00:00+00:00,1920.77380233345
2026-08-02 00:00:00+00:00,1920.77380233345
2026-08-02 08:00:00+00:00,1920.77380233345
2026-08-02 16:00:00+00:00,1920.77380233345
2026-08-03 00:00:00+00:00,1920.77380233345
2026-08-03 08:00:00+00:00,1920.77380233345
2026-08-03 16:00:00+00:00,1920.77380233345
2026-08-04 00:00:00+00:00,1920.77380233345
2026-08-04 08:00:00+00:00,1920.77380233345
2026-08-04 16:00:00+00:00,1920.77380233345
2026-08-05 00:00:00+00:00,1920.77380233345
2026-08-05 08:00:00+00:00,1920.77380233345
2026-08-05 16:00:00+00:00,1920.77380233345
2026-08-06 00:00:00+00:00,1920.77380233345
2026-08-06 08:00:00+00:00,1920.77380233345
2026-08-06 16:00:00+00:00,1920.77380233345
2026-08-07 00:00:00+00:00,1920.77380233345
2026-08-07 08:00:00+00:00,1920.77380233345
2026-08-07 16:00:00+00:00,1920.77380233345
2026-08-08 00:00:00+00:00,1920.77380233345
2026-08-08 08:00:00+00:00,1920.77380233345
2026-08-08 16:00:00+00:00,1920.77380233345
2026-08-09 00:00:00+00:00,1920.77380233345
2026-08-09 08:00:00+00:00,1920.77380233345
2026-08-09 16:00:00+00:00,1920.77380233345
2026-08-10 00:00:00+00:00,1920.77380233345
2026-08-10 08:00:00+00:00,1920.77380233345
2026-08-10 16:00:00+00:00,1920.77380233345
2026-08-11 00:00:00+00:00,1920.77380233345
2026-08-11 08:00:00+00:00,1920.77380233345
2026-08-11 16:00:00+00:00,1920.77380233345
2026-08-12 00:00:00+00:00,1920.77380233345
2026-08-12 08:00:00+00:00,1920.77380233345
2026-08-12 16:00:00+00:00,1920.77380233345
