symbol,side,tag,entry_ts,exit_ts,entry,exit,qty,notional,sl,tp,reason,gross,fees,funding,pnl,r_unit,r_multiple,bars_held,equity_after,regime,fold,tier
ADA,-1,PULLBACK_V2,2023-03-11 08:00:00+00:00,2023-03-13 00:00:00+00:00,0.3083383251011372,0.340450319797462,234.80164481371696,72.3983458928536,0.3402801797076082,0.27639647049466615,SL,-7.539949172946421,0.07616832047932681,0.0,-7.579918320479321,7.5,-1.0106557760639094,5,992.3838825065742,bear,1,large
AVAX,-1,PULLBACK_V2,2023-03-12 16:00:00+00:00,2023-03-13 00:00:00+00:00,14.307138419532777,16.20810076332092,4.177873335233558,59.77341210646158,16.102265899888486,11.614447198999212,SL_GAP,-7.9419798873955765,0.06374440205015937,0.0,-7.975837583392505,7.499815233523123,-1.063471210296172,1,991.969640180304,bear,1,mid
NEAR,-1,PULLBACK_V2,2023-03-12 00:00:00+00:00,2023-03-14 08:00:00+00:00,1.79664065053463,2.071158863441194,27.423992931254126,49.271060500265506,2.070123801540424,1.3864159240259386,SL,-7.528385530250132,0.053035253265390575,0.0,-7.55678525326539,7.5,-1.0075713671020519,7,984.4128549270387,bear,1,mid
LTC,-1,PULLBACK_V2,2023-03-13 00:00:00+00:00,2023-03-14 08:00:00+00:00,76.33472847442627,87.31461438270708,0.6805695584641458,51.95109245332075,87.27097889326045,65.3984780555921,SL,-7.4725761045853645,0.055687380505613435,0.0,-7.502287938864318,7.442879118799306,-1.0079819676118287,4,984.8556190214832,bear,1,large
TRX,1,PULLBACK_V2,2023-03-19 08:00:00+00:00,2023-03-22 16:00:00+00:00,0.06610322065651417,0.06039402320860283,1300.6579015653647,85.97767626581398,0.06042423532626596,0.07178220598676238,SL,-7.425712772222698,0.08226481987970263,0.0,-7.464988753969494,7.3864171426611245,-1.010637310321207,10,977.3476414293808,bull,1,large
XRP,1,PULLBACK_V2,2023-03-23 00:00:00+00:00,2023-03-27 08:00:00+00:00,0.421254230260849,0.48368741313066405,117.40287503196318,49.4564577520003,0.358821047391034,0.48368741313066405,TP,7.3298351663125985,0.053121375335156595,0.0,7.301442019853442,7.3298351663125985,0.9961263594862748,13,984.5880692993239,bull,1,large
BTC,1,PULLBACK_V2,2023-03-23 00:00:00+00:00,2023-04-02 00:00:00+00:00,27252.74946,28411.61654,0.0026629181828098855,72.57184206859628,24500.089855946488,30005.40906405351,TIME,3.0859682187917983,0.07411482617799219,0.0,3.0481393136481043,7.330107310720356,0.41583829327985006,30,987.612027642136,bull,1,large
XRP,1,PULLBACK_V2,2023-04-01 08:00:00+00:00,2023-04-11 08:00:00+00:00,0.5093318636655807,0.5190961869835854,94.95173014293209,48.3619416719709,0.431561711308914,0.5871020160222474,TIME,0.9271393927195213,0.04882551136833066,0.0,0.9024948521871761,7.384410519744929,0.12221623510421382,30,988.4197565992497,bull,1,large
ADA,1,PULLBACK_V2,2023-04-02 08:00:00+00:00,2023-04-12 08:00:00+00:00,0.38720741824507715,0.40131971985697745,200.34139504081307,77.57367434137034,0.35023507807640125,0.42417975841375305,TIME,2.8272781921648216,0.07898731343745274,0.0,2.787077715898054,7.40709020731602,0.37627160435352114,30,991.2068343151477,bull,1,large
ETH,1,PULLBACK_V2,2023-04-06 16:00:00+00:00,2023-04-13 08:00:00+00:00,1875.4649838134765,1999.5398902253255,0.059696190956223014,111.958115805439,1751.3900774016274,1999.5398902253255,TP,7.4067993060372395,0.11566151545845761,0.0,7.347116848481502,7.4067993060372395,0.9919422067360336,20,998.5539511636292,bull,1,large
LTC,1,PULLBACK_V2,2023-04-14 16:00:00+00:00,2023-04-16 08:00:00+00:00,93.95879044189454,101.11004397441727,1.0472506113323727,98.39840073032435,86.8075369093718,101.11004397441727,TP,7.489154633727219,0.10214297804718797,0.0,7.436210856045194,7.489154633727219,0.9929306069548097,5,1005.9409628193093,bull,1,large
DOGE,1,PULLBACK_V2,2023-04-06 16:00:00+00:00,2023-04-16 16:00:00+00:00,0.09018803747445345,0.09034192872941495,708.3157001913282,63.88160291259924,0.07959953859185898,0.10607078579834514,TIME,0.10900359201137678,0.06393610470860493,0.0,0.07700828875907148,7.5,0.010267771834542864,30,1000.0450674873028,bull,1,low
AVAX,1,PULLBACK_V2,2023-04-01 16:00:00+00:00,2023-04-16 16:00:00+00:00,17.65352961845398,19.74221892269636,5.301899478009955,93.59723946911444,17.671183148072434,19.74221892269636,TP,11.074020731887646,0.09913424983505827,0.0,11.021685101787146,7.382680487925111,1.4929110259903406,45,995.2621986578176,bull,1,mid
LINK,1,PULLBACK_V2,2023-03-18 16:00:00+00:00,2023-04-17 00:00:00+00:00,7.028405350399018,8.269729097035368,8.921640827333286,62.704908125167584,7.035433755749416,8.269729097035368,TP,11.074644617929184,0.06824223043413219,0.0,11.037754841557636,7.383096411952789,1.495003481694777,88,1006.2475597547018,bull,1,mid
AVAX,1,PULLBACK_V2,2023-04-16 16:00:00+00:00,2023-04-17 08:00:00+00:00,19.183836305236817,21.23365786515724,5.462280207129401,104.78748934690549,19.203020141542055,21.23365786515724,TP,11.196699734900449,0.11038583921435571,0.0,11.138707640359545,7.464466489933632,1.4922309123339077,2,1017.3862673950614,bull,1,mid
ETH,1,PULLBACK_V2,2023-04-18 08:00:00+00:00,2023-04-19 08:00:00+00:00,2100.8700411621094,1964.3156952991608,0.05564751225678934,116.90819136549001,1965.2983444713964,2236.4417378528224,SL,-7.598909635126283,0.11310873654792687,0.0,-7.653564275991465,7.544227653270179,-1.0144927523063136,3,998.1850020643496,bull,1,large
DOGE,1,PULLBACK_V2,2023-04-17 08:00:00+00:00,2023-04-19 08:00:00+00:00,0.09309861508905887,0.08655515191922276,1153.8690516834881,107.42361070585844,0.08659845114479515,0.10284886100545443,SL,-7.550299642504616,0.10364846088460614,0.0,-7.600236298036292,7.500338006154771,-1.013319171989255,6,992.3195815220232,bull,1,low
SHIB,1,PULLBACK_V2,2023-04-17 16:00:00+00:00,2023-04-19 08:00:00+00:00,1.1292257747481927e-05,1.0694974874339743e-05,12670249.56216984,143.07572378094187,1.0700325036858173e-05,1.2180156813417557e-05,SL,-7.56772306192129,0.13929186224998125,0.0,-7.635477062280801,7.499935167614624,-1.0180724088458069,5,984.6841044597425,bull,1,low
ETH,1,PULLBACK_V2,2023-04-19 08:00:00+00:00,2023-04-19 16:00:00+00:00,2074.754955908203,1942.0361713193677,0.056823848452835675,117.89556119129749,1943.007675156946,2206.5022366594603,SL,-7.541592102320528,0.11412476514013722,0.0,-7.596769086865016,7.4863875154826225,-1.0147443037318216,1,990.4647297683953,bull,1,large
SHIB,1,PULLBACK_V2,2023-04-19 08:00:00+00:00,2023-04-19 16:00:00+00:00,1.1482295557107135e-05,1.092832246999684e-05,13464079.139668167,154.59853608595066,1.0933789364679178e-05,1.230505484574907e-05,SL,-7.458737486099312,0.150869167342901,0.0,-7.532307385399238,7.385130783448068,-1.019928773946838,1,977.0744978063002,bull,1,low
APT,1,PULLBACK_V2,2023-04-16 00:00:00+00:00,2023-04-19 16:00:00+00:00,12.567213066673279,11.090189757713727,5.016760779960711,63.046701626296276,11.09573762652699,14.774426226892713,SL,-7.409872607476073,0.059341765322558235,0.0,-7.437691021985483,7.382040276801328,-1.0075386672379778,11,1009.9017195873024,bull,1,mid
ADA,1,PULLBACK_V2,2023-04-17 16:00:00+00:00,2023-04-20 16:00:00+00:00,0.43408678545355794,0.3966237525313961,202.4589771356416,87.88476657102605,0.39682216361320266,0.4713514072939132,SL,-7.584727325819755,0.08409240290811618,0.0,-7.624877345442358,7.544557221144821,-1.0106461018113067,9,982.839852422953,bull,1,large
SOL,1,PULLBACK_V2,2023-03-22 16:00:00+00:00,2023-04-20 16:00:00+00:00,22.64752824897766,22.19700050354004,2.1286281395821556,48.20816592275563,19.1791623417241,27.850077109858,EOD,-0.9590060366010282,0.04772866290445511,0.0,-0.9826306165441056,7.38286126854732,-0.13309617786403993,87,1001.4670335109556,bull,1,mid
NEAR,1,PULLBACK_V2,2023-04-15 08:00:00+00:00,2023-04-20 16:00:00+00:00,2.279455843877792,2.060239982982819,33.83514845450944,77.12572687310418,2.0612706182919647,2.6067336822565332,SL,-7.41720119696451,0.07341712627462194,0.0,-7.45205545980258,7.382329498277102,-1.0094449809564516,16,1002.4496641274998,bull,1,mid
DOGE,1,PULLBACK_V2,2023-04-19 16:00:00+00:00,2023-04-20 16:00:00+00:00,0.09086817306429147,0.08357028833063207,1009.9199650647356,91.7695821665856,0.08361209437782098,0.10175229109399721,SL,-7.3702794952637705,0.08808444241895372,0.0,-7.4124791465994315,7.328058733547251,-1.0115201605393405,3,969.6161338686175,bull,1,low
BNB,1,PULLBACK_V2,2023-04-19 08:00:00+00:00,2023-04-20 16:00:00+00:00,337.0674,317.36521452436386,0.3830416616598515,129.11085698736582,317.52397651262015,356.6108234873799,SL,-7.546757862918264,0.1253374780559067,0.0,-7.6075399124804886,7.485945407128154,-1.0162430392875363,4,975.2323125104725,bull,1,large
LINK,1,PULLBACK_V2,2023-04-17 08:00:00+00:00,2023-04-20 16:00:00+00:00,8.111621656608582,7.513000011444092,11.553000807251975,93.71357154692154,7.4511528197438555,9.102324911905672,EOD,-6.915876349823862,0.09025563337200962,0.0,-6.959275197422411,7.63039700546296,-0.912046279170001,10,994.5077583135333,bull,1,mid
SOL,-1,DONCHIAN_V2,2023-05-22 00:00:00+00:00,2023-05-27 16:00:00+00:00,19.606078610229492,20.506587563385523,8.422445407588258,165.13112675154176,20.49633939368868,1.800862941045736,SL,-7.584487497001122,0.16892337050004233,0.0,-7.670845304125394,7.4981728472017535,-1.023028604493704,17,992.0029687593994,,2,mid
APT,-1,DONCHIAN_V2,2023-05-06 16:00:00+00:00,2023-05-28 08:00:00+00:00,9.083082922363282,8.650888650265212,10.837303402881119,98.43612546317897,8.646565367581422,-4.757233653888498,SL,4.683820455714136,0.09609421523532191,0.0,4.636944303210403,7.499585496438277,0.6182934117375678,65,996.6399130626098,,2,mid
AVAX,-1,DONCHIAN_V2,2023-05-08 08:00:00+00:00,2023-05-28 16:00:00+00:00,15.696859809303284,14.870770105850804,8.558622744822317,134.34350138619038,14.863338436632489,-1.8262320686940186,SL,7.0701901252319175,0.13080840632357443,0.0,7.006553469601438,7.498676635331952,0.934371997932042,61,1007.7225827848813,,2,mid
LINK,-1,DONCHIAN_V2,2023-05-08 08:00:00+00:00,2023-05-28 16:00:00+00:00,6.626674182605743,6.626102982000523,21.71931684843619,143.92683622336602,6.62279158620742,-0.2788987811292962,SL,0.012406086928798476,0.1439206331799016,0.0,-0.05955112813942014,7.49921636096779,-0.007940980133520901,61,1000.7160293152799,,2,mid
NEAR,-1,DONCHIAN_V2,2023-05-06 16:00:00+00:00,2023-05-28 16:00:00+00:00,1.7506498467206955,1.6843066989148543,63.1390014019318,110.53428312638968,1.6834649664316386,-0.6250608339903647,SL,4.188840102321574,0.1084398630752289,0.0,4.13566738080954,7.5,0.551422317441272,66,1000.7755804434194,,2,mid
SOL,1,DONCHIAN_V2,2023-06-04 08:00:00+00:00,2023-06-05 08:00:00+00:00,21.616321911621093,20.64754682106669,7.885129076015523,170.44748842183492,20.65787575894616,40.785244965119695,SL,-7.638916634650087,0.16662803010450988,0.0,-7.72032092054368,7.55747162625231,-1.0215481185170026,3,992.1876067750535,,2,mid
APT,1,DONCHIAN_V2,2023-06-02 08:00:00+00:00,2023-06-05 08:00:00+00:00,8.939287499999999,8.369244638465888,13.356609142133566,119.3985691466603,8.373431354142959,20.25641041714082,SL,-7.613839695774481,0.11559164929877305,0.0,-7.669732060499924,7.5579193708866095,-1.014794109876856,9,999.9079276955972,,2,mid
LINK,-1,DONCHIAN_V2,2023-06-06 00:00:00+00:00,2023-06-06 16:00:00+00:00,6.0517893733024595,6.311717643449205,28.980377238647886,175.38313900714576,6.308563361768321,0.9163096039852237,SL,-7.532819323841858,0.17914954866906668,0.0,-7.624277303007352,7.441407050812901,-1.0245746874140522,2,984.4144819730745,,2,mid
DOGE,-1,SQUEEZE_V2,2023-06-05 16:00:00+00:00,2023-06-06 16:00:00+00:00,0.06814636546373368,0.07185334298178603,2043.0017541813406,139.22314418349063,0.0718174342646537,0.01919878145146671,SL,-7.573361572091746,0.14300982496953651,0.0,-7.6467598249695365,7.5,-1.019567976662605,3,992.2836286029387,,2,low
LINK,-1,DONCHIAN_V2,2023-06-08 00:00:00+00:00,2023-06-14 16:00:00+00:00,5.914816689395905,5.442453226037296,26.475873453661965,156.59993817005378,5.439733359357618,0.3378606264568509,SL,12.50623528001602,0.15034682053004578,0.0,12.434188428571,7.382739148950353,1.6842242665906515,20,996.6412482020403,,2,mid
SOL,-1,DONCHIAN_V2,2023-06-08 00:00:00+00:00,2023-06-17 00:00:00+00:00,18.63127322883606,16.07645924889518,5.288110202927007,98.52422605492879,16.068425036376993,-9.2921562439894,SL,13.510137873905931,0.09176915711797583,0.0,13.46763082981542,7.383108614798059,1.8241138702500022,27,1010.1088790318557,,2,mid
APT,-1,DONCHIAN_V2,2023-06-10 00:00:00+00:00,2023-06-17 08:00:00+00:00,7.442811314678193,6.966394755964448,12.434348933026596,92.54651292938706,6.962913299314791,-4.43099396285374,SL,5.923929728518458,0.08958454806512783,0.0,5.880618436918024,7.382151899182215,0.7965994898546412,22,1015.9894974687737,,2,mid
NEAR,-1,DONCHIAN_V2,2023-06-06 00:00:00+00:00,2023-06-20 16:00:00+00:00,1.4957008514881134,1.275886065200551,81.77561630334931,122.31185893588481,1.275248440980061,-0.3240957334596368,SL,17.97548962125443,0.1133241141252576,0.0,17.923321436597114,7.440749364041624,2.408805962906621,44,1033.9128189053708,,2,mid
BNB,-1,SQUEEZE_V2,2023-06-05 08:00:00+00:00,2023-06-21 00:00:00+00:00,300.879814440918,250.50822530807537,1.1190370472858546,336.6956591398807,250.3830337911798,166.83599492322216,SL,56.36767437031244,0.3085118219547245,0.0,56.22751037792766,7.5,7.4970013837236875,47,1056.0591625483578,,2,large
AVAX,-1,DONCHIAN_V2,2023-06-10 08:00:00+00:00,2023-06-21 08:00:00+00:00,11.22775354232788,12.467816301118749,5.982828337209116,67.17372205623927,12.461585508364568,-13.448885778405872,SL,-7.41908261321172,0.07088326336284514,0.0,-7.456379015546445,7.38180484975873,-1.0101024298671555,33,1026.3424568371956,,2,mid
APT,1,DONCHIAN_V2,2023-06-22 00:00:00+00:00,2023-06-28 16:00:00+00:00,7.455790786743164,6.822824178392579,12.225386657897278,91.14992520832334,6.826237297041099,20.046860580784475,SL,-7.738261528623741,0.08728079444401146,0.0,-7.779967360463591,7.696534833436299,-1.010840271477085,20,1022.588634188982,,2,mid
NEAR,1,DONCHIAN_V2,2023-06-21 00:00:00+00:00,2023-06-28 16:00:00+00:00,1.2982595780611037,1.3446333484120474,92.10936885404335,119.58187034392489,1.3453060014127538,2.9818971487834176,SL,4.271458718407772,0.12171759970312879,0.0,4.209532053876606,7.753939700909355,0.5428894492670515,23,1030.3686015494457,,2,mid
LTC,1,SQUEEZE_V2,2023-06-30 08:00:00+00:00,2023-07-10 00:00:00+00:00,95.21903694763184,93.27010680121538,1.1900974733368632,113.31993528494607,93.31676518380728,228.31024587229587,SL,-2.31941684296027,0.11216022686346594,0.0,-2.374917102181263,7.919575573229566,-0.29987934078300393,29,1053.5118326941185,,2,large
ETH,1,SQUEEZE_V2,2023-07-14 00:00:00+00:00,2023-07-14 16:00:00+00:00,2005.6009911621093,1937.497957439468,0.11768016482571002,236.0194552145644,1938.4671910349855,3348.276993704583,SL,-8.0143762336113,0.23201226709775874,0.0,-8.128378773101776,7.900316664336199,-1.0288674642366047,2,1050.0664886957102,,2,large
ADA,1,SQUEEZE_V2,2023-07-13 16:00:00+00:00,2023-07-14 16:00:00+00:00,0.3112922498345375,0.32143706294587077,494.51874800468767,153.93985365173793,0.32159786187680917,0.6308309516801748,SL,5.016800278558059,0.15644825379101696,0.0,4.937321951592911,7.900893938787392,0.6249067497735171,3,1058.194867468812,,2,large
SOL,1,DONCHIAN_V2,2023-06-21 00:00:00+00:00,2023-07-14 16:00:00+00:00,16.6443289478302,25.712096695104474,6.511781595588227,108.38423491339705,25.72495917469182,40.46068712250825,SL,59.04732312976913,0.1379078964782816,0.0,58.96360735074755,7.75434614179028,7.603943165881729,71,1081.4903860490115,,2,mid
LINK,1,DONCHIAN_V2,2023-06-22 00:00:00+00:00,2023-07-17 08:00:00+00:00,5.558111560249328,6.500130011305469,25.137869524008835,139.71908320143277,6.503381702156547,11.681986753926292,SL,23.680336911858173,0.15155925165736187,0.0,23.598637201801527,7.697058779998304,3.0659291914367746,76,1105.089023250813,,2,mid
AVAX,1,DONCHIAN_V2,2023-06-21 08:00:00+00:00,2023-07-18 16:00:00+00:00,12.292457961845397,13.656298139166248,11.056021120043575,135.9056748434105,13.663129704018257,26.21712098971165,SL,15.078645804823303,0.14344499774582214,0.0,15.003153644499186,7.697568426278967,1.9490770089525227,82,1120.0921768953122,,2,mid
TRX,1,SQUEEZE_V2,2023-06-30 08:00:00+00:00,2023-07-22 08:00:00+00:00,0.07557511551976204,0.08490807037445461,3063.2512731027664,231.5055688307997,0.08495054564727825,0.1272877764343861,SL,28.589185840447662,0.24580016175102354,0.0,28.459138463112037,7.920443719112683,3.593124258232881,66,1078.5256271588223,,2,large
TRX,1,SQUEEZE_V2,2023-07-22 08:00:00+00:00,2023-07-23 08:00:00+00:00,0.0869573859706521,0.08288061176885626,2004.53889751651,174.3094626045286,0.08292207280525889,0.16766364927851646,SL,-8.172052463891573,0.1702234363725828,0.0,-8.255121168961892,8.088942203691166,-1.0205439674417374,3,1070.183351258558,,2,large
XRP,1,SQUEEZE_V2,2023-07-13 16:00:00+00:00,2023-07-24 08:00:00+00:00,0.5913682523846626,0.7008072662470272,200.57729587967077,118.6150449324023,0.7011578451696119,1.379227986015334,SL,21.950981464250884,0.12959053566452772,0.0,21.880698451052556,7.901338745205889,2.769239385455863,32,1092.0640497096106,,2,large
NEAR,1,DONCHIAN_V2,2023-07-14 00:00:00+00:00,2023-07-24 08:00:00+00:00,1.4648928869962692,1.3733903766652302,84.45053050239555,123.71098143602072,1.3740774153729167,3.28120231946332,SL,-7.7274355397571695,0.11984726366614212,0.0,-7.785427312705301,7.669414756417365,-1.0151266504645433,31,1112.2441950704208,,2,mid
SOL,-1,DONCHIAN_V2,2023-07-24 16:00:00+00:00,2023-07-26 16:00:00+00:00,23.204357833862304,25.403243899455546,3.8156923431835983,88.54069051516073,25.390548625142976,-20.519457991751167,SL,-8.390272724017244,0.09273582687716936,0.0,-8.438738205636833,8.341831463028155,-1.011616962418646,6,1103.6421692697577,,2,mid
LTC,-1,SQUEEZE_V2,2023-07-24 16:00:00+00:00,2023-07-29 16:00:00+00:00,88.8422286102295,93.83838403343734,1.6546584326915061,147.0035427490228,93.7914882892927,-10.142964971034715,SL,-8.266930702048251,0.15113700810004693,0.0,-8.344565938773787,8.189334263541987,-1.018955347313502,15,1083.4931674287834,,2,large
LINK,1,DONCHIAN_V2,2023-07-20 08:00:00+00:00,2023-07-30 16:00:00+00:00,7.432486432743072,7.55078577735124,16.832728253804795,125.10902437245512,7.55456305888068,17.41386461463819,SL,1.991300720392487,0.12610467473265136,0.0,1.9277505578460632,8.40069132671484,0.22947522803458675,31,1105.5699198276038,,2,mid
BTC,-1,SQUEEZE_V2,2023-07-24 16:00:00+00:00,2023-08-02 00:00:00+00:00,29095.079820000003,29889.729121450764,0.010504495717101754,305.6291413579237,29874.791725587973,13500.84170824062,SL,-8.347390183687423,0.30980283644976736,0.0,-8.50437844945823,8.19048037282208,-1.0383247456007265,25,1074.9887889793251,,2,large
SHIB,1,SQUEEZE_V2,2023-07-14 00:00:00+00:00,2023-08-06 08:00:00+00:00,7.992597820157243e-06,9.453091801190031e-06,11769978.483961776,94.07270437421055,9.457820711545803e-06,1.642323029714148e-05,SL,17.1899827327116,0.10266769574056635,0.0,17.134351389158137,7.44212721452204,2.302345941590917,70,1009.3709436399098,,2,low
NEAR,-1,DONCHIAN_V2,2023-07-24 16:00:00+00:00,2023-08-08 16:00:00+00:00,1.3851229768276214,1.3603999614715576,84.10971101630403,116.50229330301403,1.4298585575367846,-0.5983577258517139,EOD,2.0794456770501735,0.11546257046448895,0.0,2.0222342532371917,8.341499435438724,0.2424305448785098,45,1099.041224839254,,2,mid
LINK,-1,DONCHIAN_V2,2023-08-03 16:00:00+00:00,2023-08-08 16:00:00+00:00,7.212557425022125,7.458000183105469,20.03856245844258,144.52928244640964,7.62632602740661,-1.0628146226675605,EOD,-4.918320037825489,0.1469884424653224,0.0,-4.993043839067607,8.29132798222399,-0.6022007391062485,15,1097.3011947043035,,2,mid
XRP,-1,SQUEEZE_V2,2023-08-03 08:00:00+00:00,2023-08-08 16:00:00+00:00,0.6703359053134919,0.6418099999427795,192.10494737295934,128.7748438124534,0.6789094425567436,-0.16904028229632284,EOD,5.479967550006707,0.12603486003745007,0.0,5.418320111875484,8.062415917344937,0.6720467124771963,16,1080.3427216692944,,2,large
SOL,-1,DONCHIAN_V2,2023-08-03 08:00:00+00:00,2023-08-08 16:00:00+00:00,22.710457152557375,24.304450030213623,5.241831755189834,119.04439547715333,24.29230387827449,-8.926477361784876,SL,-8.355442483644945,0.12322211671897582,0.0,-8.419142402625344,8.291774398707028,-1.015360765717188,16,1097.0189905860168,,2,mid
APT,-1,DONCHIAN_V2,2023-07-25 08:00:00+00:00,2023-08-08 16:00:00+00:00,6.88812224111557,6.700399875640869,17.643735401406754,121.53220623478802,7.058115700128846,-2.5668626156328402,EOD,3.3121237453618013,0.11987614436210713,0.0,3.2530137041170883,8.341062551838839,0.3899999171448416,43,1102.2942385433712,,2,mid
NEAR,-1,DONCHIAN_V2,2023-09-13 00:00:00+00:00,2023-09-16 00:00:00+00:00,1.0700859230279922,1.1337670456419582,118.80062849068736,127.12688019476278,1.1332004454192486,-0.19220452479713468,SL,-7.56535738953168,0.1309095588895286,0.0,-7.632703508323828,7.498044926970817,-1.017959159042731,9,992.0430566476876,,3,mid
SOL,-1,DONCHIAN_V2,2023-09-10 08:00:00+00:00,2023-09-18 08:00:00+00:00,18.520295367813112,19.61629678612829,6.904079727846408,127.86559580264625,19.606493539358613,-3.2036680630969094,SL,-7.5668811738807396,0.13164903638958664,0.0,-7.634597412369003,7.499198776591128,-1.0180550802574435,24,984.4084592353187,,3,mid
PEPE,-1,SQUEEZE_V2,2023-09-18 00:00:00+00:00,2023-09-22 16:00:00+00:00,6.269745874760701e-07,7.177946508191062e-07,82908340.22836944,51.9814224130076,7.174359328526799e-07,-5.791766842120602e-07,SL,-7.529740711206496,0.05574629276861085,0.0,-7.5594962927686025,7.499999999999999,-1.0079328390358138,14,992.4145129960249,,3,low
APT,-1,DONCHIAN_V2,2023-09-01 00:00:00+00:00,2023-09-24 08:00:00+00:00,5.509897956371307,5.3679044858338685,22.977720189990485,126.60489351690029,5.36522187489642,-1.0181648261732752,SL,3.262686234814922,0.12497355039949283,0.0,3.2010151311738793,7.5,0.4268020174898506,70,987.4739601496694,,3,mid
APT,1,DONCHIAN_V2,2023-09-25 08:00:00+00:00,2023-09-26 16:00:00+00:00,5.525004812049866,5.248050566844953,26.996989764208156,149.15849835811102,5.250675904797352,11.011582957100138,SL,-7.476930922951013,0.14542003289663552,0.0,-7.547771706668593,7.40605470112252,-1.0191352901463977,4,979.8516091938218,,3,mid
SOL,1,DONCHIAN_V2,2023-09-18 16:00:00+00:00,2023-09-27 16:00:00+00:00,19.951989554214478,18.72479656354755,6.062032836618104,120.94961583350957,18.734163645370234,44.30850773109935,SL,-7.439284206290496,0.11722997373036433,0.0,-7.496039372104105,7.382500648698092,-1.0153794396788893,27,972.3555698217177,,3,mid
AVAX,-1,DONCHIAN_V2,2023-09-10 08:00:00+00:00,2023-09-28 16:00:00+00:00,9.540091416931153,9.359576898263919,18.849676425673604,179.82763628049824,9.35489944853965,1.5837540122280265,SL,3.4026402670135805,0.17812631614699148,0.0,3.314427769006838,7.498719280606869,0.4419991794570289,55,975.6699975907245,,3,mid
SUI,-1,DONCHIAN_V2,2023-09-03 16:00:00+00:00,2023-09-29 00:00:00+00:00,0.4783043119907379,0.46436320238445766,182.00689393677197,87.05468218199893,0.46413113681604967,-0.3457881242281455,SL,2.5373780574711633,0.08578599315326335,0.0,2.495119405408899,7.4995252316493115,0.3327036483428388,76,978.1651169961334,,3,mid
XRP,1,SQUEEZE_V2,2023-09-29 16:00:00+00:00,2023-10-02 16:00:00+00:00,0.5321263767957687,0.5104538328820013,350.12321953935134,186.30980024554452,0.5107091874757391,0.9604701631963593,SL,-7.58806085069621,0.1825157698201964,0.0,-7.677421720393634,7.498655278212561,-1.0238398000106075,9,992.0501271411584,,3,large
AVAX,1,DONCHIAN_V2,2023-10-01 16:00:00+00:00,2023-10-02 16:00:00+00:00,9.611921656608581,9.252617567737733,20.681282892091183,198.7868709169398,9.257246190833149,16.70543097211725,SL,-7.430869506223085,0.19507143616382827,0.0,-7.526547506928443,7.335143642585929,-1.0260940853606837,3,970.3932114024036,,3,mid
SUI,1,DONCHIAN_V2,2023-09-29 16:00:00+00:00,2023-10-03 08:00:00+00:00,0.47639526114463804,0.4500893477206149,281.28932800949366,134.00490287428246,0.4503145049731014,0.9980103845753708,SL,-7.399572709719394,0.13030511651942278,0.0,-7.462875374801676,7.336238377471001,-1.0172618433064509,11,962.9303360276019,,3,mid
LINK,1,DONCHIAN_V2,2023-09-18 08:00:00+00:00,2023-10-04 00:00:00+00:00,6.548309331321716,7.245643116597485,22.91871233003954,150.078817812676,7.249267750472721,12.991135034568503,SL,15.981992422752898,0.15806981402405246,0.0,15.898962017635183,7.38306344426489,2.1534370031704633,47,978.8292980452371,,3,mid
TRX,1,SQUEEZE_V2,2023-09-27 16:00:00+00:00,2023-10-06 08:00:00+00:00,0.08539707885682582,0.08597590932200248,4199.11876905606,358.5924766502577,0.08601891878139317,0.12111885960410362,SL,2.4305778704247776,0.3598077655854701,0.0,2.2500663431644363,7.499999999999999,0.3000088457552582,26,994.3001934843229,,3,large
AVAX,1,DONCHIAN_V2,2023-10-05 00:00:00+00:00,2023-10-08 00:00:00+00:00,10.099019522094727,10.20759191080335,13.621014246520966,137.55888878634562,10.212698259933315,20.87827516704693,SL,1.4788660533789684,0.1382983218130351,0.0,1.409347175959106,7.341219735339279,0.19197724993501672,9,980.169865776803,,3,mid
SOL,1,DONCHIAN_V2,2023-09-30 16:00:00+00:00,2023-10-09 16:00:00+00:00,21.427284935760497,21.567440073982112,7.37024780717168,157.92439981143156,21.5782291885764,41.333632866008145,SL,1.0329781001417053,0.15844088886150243,0.0,0.9534994111859187,7.335735859085222,0.12998006328227057,27,981.123365187989,,3,mid
SOL,-1,DONCHIAN_V2,2023-10-12 16:00:00+00:00,2023-10-16 00:00:00+00:00,21.278744345855714,22.608944386344277,5.578320909250034,118.69966450707287,22.597645563562498,-5.09928000827998,SL,-7.420282699342594,0.12240980585674416,0.0,-7.483342672945802,7.3572542399690875,-1.017137974149612,10,973.3708316693616,,3,mid
APT,-1,DONCHIAN_V2,2023-10-09 16:00:00+00:00,2023-10-16 08:00:00+00:00,4.979303889656067,5.228058372261084,29.8925806512806,148.84424310877918,5.225445649436367,0.05646869405006516,SL,-7.435913433638054,0.1525621998255982,0.0,-7.514053511909262,7.357812405880745,-1.0212347226879066,20,965.8567781574523,,3,mid
DOGE,-1,SQUEEZE_V2,2023-10-09 16:00:00+00:00,2023-10-16 08:00:00+00:00,0.05876824361383915,0.06168591346631041,2578.2872943741136,151.52141582224414,0.061655085923348736,0.020277012820378026,SL,-7.522591109805039,0.15528271137714666,0.0,-7.602113113271064,7.443108847470186,-1.0213626146089374,20,984.6392871757356,,3,low
SHIB,-1,SQUEEZE_V2,2023-10-09 16:00:00+00:00,2023-10-16 08:00:00+00:00,6.889621684513258e-06,7.2570338641140404e-06,20458043.403087318,140.9481794526238,7.253407160533774e-06,2.0391486709063806e-06,SL,-7.516534317095714,0.14470644661117166,0.0,-7.590766673980574,7.442339057840498,-1.0199436783229738,20,977.048520501755,,3,low
AVAX,-1,DONCHIAN_V2,2023-10-12 16:00:00+00:00,2023-10-16 08:00:00+00:00,8.961207697486877,9.579740927290631,11.986737308284981,107.41564263475651,9.57495345056535,-3.3137073640825854,SL,-7.4141953421026665,0.11112274030580785,0.0,-7.471610261091096,7.356809116227185,-1.015604746983402,11,958.3851678963612,,3,mid
LTC,-1,SQUEEZE_V2,2023-10-19 00:00:00+00:00,2023-10-20 00:00:00+00:00,60.22795367813111,62.552679959689264,3.251520991809274,195.83245567815987,62.521419250064234,14.35864223946853,SL,-7.558896304697062,0.19961190383050842,0.0,-7.660591980688491,7.4572514511324215,-1.0272674900247853,3,986.5416852757953,,3,large
SUI,-1,DONCHIAN_V2,2023-10-17 08:00:00+00:00,2023-10-22 00:00:00+00:00,0.39822033208608626,0.41863926176944494,323.7582447572917,128.9271157428571,0.4184300467460719,-0.045807820130464416,SL,-6.610796834106768,0.1322325141599105,0.0,-6.6785657903952504,7.187888759222709,-0.9291415065134458,14,951.4645609024786,,3,mid
PEPE,-1,SQUEEZE_V2,2023-10-09 16:00:00+00:00,2023-10-22 08:00:00+00:00,6.625674775250446e-07,7.546776809419721e-07,81132594.92041574,53.7558187614811,7.543005306766338e-07,-5.605398978294776e-07,SL,-7.473139821862673,0.05749238867241244,0.0,-7.503754301154345,7.4425406421608535,-1.0082248336874005,38,969.5447662006006,,3,low
NEAR,-1,DONCHIAN_V2,2023-10-09 16:00:00+00:00,2023-10-23 00:00:00+00:00,1.0402919448137284,1.0608164330768795,157.09257572090388,163.422141112497,1.0602862899319137,0.10346533730006224,SL,-3.2242447266118526,0.16503426347580294,0.0,-3.307567919531407,7.358425238909917,-0.44949398983380756,40,948.1569929829473,,3,mid
TRX,1,SQUEEZE_V2,2023-10-31 00:00:00+00:00,2023-11-07 08:00:00+00:00,0.09559911270439625,0.09585847409543674,3262.617549326209,311.90334280937736,0.09590642730909128,0.14095571688925695,SL,0.8461970260263643,0.3123264413223905,0.0,0.6898222561086624,7.399062639568465,0.09323103340410359,22,987.0755558604993,,3,large
APT,1,DONCHIAN_V2,2023-10-21 16:00:00+00:00,2023-11-09 16:00:00+00:00,5.791558108234406,6.333716091556939,20.677326481111365,119.75393783829051,6.33688453382385,12.74267196139941,SL,11.210377625500948,0.125359126651041,0.0,11.144895467769052,7.186522527463448,1.5508050555993664,57,959.1624527132917,,3,mid
AVAX,1,DONCHIAN_V2,2023-10-23 00:00:00+00:00,2023-11-09 16:00:00+00:00,10.08501678314209,11.841328578037317,12.839923795075345,129.49084696760033,11.847252204139386,21.16168290806027,SL,22.550909606846716,0.14076630177102367,0.0,22.474888728559492,7.111177447372104,3.160501744597157,53,981.6373414418512,,3,mid
NEAR,1,DONCHIAN_V2,2023-10-24 00:00:00+00:00,2023-11-09 16:00:00+00:00,1.100920160794258,1.378646793344869,135.68706723822342,149.38062788160622,1.3793364615756567,2.149021796628401,SL,37.683912264740115,0.16822258401397627,0.0,37.59037999466694,7.110691856695976,5.28645886395273,50,1019.2277214365181,,3,mid
SOL,1,DONCHIAN_V2,2023-10-20 08:00:00+00:00,2023-11-11 08:00:00+00:00,26.234245891571046,60.191680852289025,4.233185039360639,111.05441722710685,43.41251847926421,60.191680852289025,TP,143.74810565077325,0.1829284700524935,0.0,143.62070438933432,7.187405282538672,19.98227437351437,66,1162.7618971854458,,3,mid
SOL,1,DONCHIAN_V2,2023-11-11 16:00:00+00:00,2023-11-13 16:00:00+00:00,60.96219076309204,53.49429798700397,1.171960655934589,71.4452890739229,53.521058516262094,209.78483569969086,SL,-8.752076516313354,0.06706925081576622,0.0,-8.783423122592158,8.720714228890843,-1.0071907979157906,6,1153.9025783509294,,3,mid
APT,1,DONCHIAN_V2,2023-11-12 08:00:00+00:00,2023-11-14 00:00:00+00:00,8.032106512069703,7.156753810115867,10.003121180462617,80.34613477461616,7.160333977104419,25.467557211375368,SL,-8.756259153289596,0.07596800519797137,0.0,-8.79205409110026,8.720446309056817,-1.00821148132855,5,1145.1105242598292,,3,mid
BTC,1,SQUEEZE_V2,2023-11-09 08:00:00+00:00,2023-11-14 16:00:00+00:00,36553.50924,35193.85558502046,0.005516246130104025,201.6381538868717,35211.461315678294,63394.46772643406,SL,-7.500184212562691,0.19788806178059037,0.0,-7.597253197399845,7.403066668953745,-1.0262305524358522,16,979.3042132377475,,3,large
NEAR,1,DONCHIAN_V2,2023-11-16 08:00:00+00:00,2023-11-16 16:00:00+00:00,1.847369402861595,1.6473284208774404,43.109315243829016,79.63882995976466,1.6481524971260033,5.831707517573427,SL,-8.623629754040044,0.07532701508274464,0.0,-8.659137354142906,8.588104391255792,-1.0082710875009204,1,1136.3816287316495,,3,mid
SOL,1,DONCHIAN_V2,2023-11-16 00:00:00+00:00,2023-11-17 08:00:00+00:00,65.50309586334228,56.079827307007356,0.91411737605088,59.877518113807696,56.10788124763117,253.40738817756457,SL,-8.613973526539645,0.055570531350537876,0.0,-8.63960529883328,8.588328931948718,-1.0059704707738677,4,1120.0440129222097,,3,mid
SUI,1,DONCHIAN_V2,2023-11-11 00:00:00+00:00,2023-11-17 08:00:00+00:00,0.6100219777107239,0.5343972449774169,101.43384643245882,61.87687560753438,0.5346645772660499,2.1171699866042033,SL,-7.6709075265659985,0.05804142184425139,0.0,-7.6980105106064824,7.643790984254365,-1.0070932769438365,19,1128.683618221043,,3,mid
TRX,1,SQUEEZE_V2,2023-11-10 16:00:00+00:00,2023-11-21 08:00:00+00:00,0.10481096010804176,0.1003273541863542,1398.1428723303857,146.540696817163,0.10037754295783312,0.21069871553519204,SL,-6.268721661745773,0.1434063359862901,0.0,-6.338857649323482,7.402310525876668,-0.8563350088008852,32,972.965355588424,,3,large
SUI,-1,DONCHIAN_V2,2023-11-22 00:00:00+00:00,2023-11-23 00:00:00+00:00,0.502099567437172,0.573011126395378,118.93875297874213,59.719096422143075,0.5727247640133714,-0.9104043640868158,SL,-8.434132394267571,0.06393616261927686,0.0,-8.468209008675776,8.40007280965168,-1.0081113819568097,3,1111.5116393966705,,3,mid
XRP,-1,SQUEEZE_V2,2023-11-22 00:00:00+00:00,2023-11-23 08:00:00+00:00,0.5782843358278275,0.622767013822287,165.20263994380872,95.53409891690914,0.6224557859293224,-0.30514466620207215,SL,-7.348655836455092,0.0992084268351367,0.0,-7.400097213831774,7.297240166913179,-1.0140953353001818,4,965.5174913251337,,3,large
LINK,1,DONCHIAN_V2,2023-10-21 16:00:00+00:00,2023-11-26 16:00:00+00:00,8.954790668678283,14.76099967956543,13.886079615594513,124.34693616624946,13.995027638710111,19.306148326750254,EOD,80.62548058996119,0.16465967646123006,0.0,80.52299438158308,7.186988828474071,11.203996041090212,108,1191.9958783547183,,3,mid
AVAX,1,DONCHIAN_V2,2023-11-09 16:00:00+00:00,2023-11-26 16:00:00+00:00,13.734746751022339,21.070999145507812,8.094827463575086,111.18040520542432,19.695185462681557,32.621394910408355,EOD,59.3856973625995,0.14087325388672406,0.0,59.30041431131549,7.6442079107738845,7.757561673294681,51,1251.2962926660339,,3,mid
NEAR,1,DONCHIAN_V2,2023-11-17 08:00:00+00:00,2023-11-26 16:00:00+00:00,1.8763752467393875,1.8289999961853027,36.56514730932039,68.60993730458809,1.646639262747458,6.471094926577979,EOD,-1.7322830153260715,0.06774379579692505,0.0,-1.7657218424707026,8.400330096916573,-0.21019672109299953,28,1249.5305708235633,,3,mid
SUI,1,DONCHIAN_V2,2023-11-25 08:00:00+00:00,2023-11-26 16:00:00+00:00,0.6545308710336685,0.6349999904632568,118.42198817552914,77.51084707006787,0.5841356900042922,2.062434491621193,EOD,-2.3128857079669585,0.07635440421608439,0.0,-2.350484688648009,8.336337295475028,-0.2819565242308339,4,1247.1800861349152,,3,mid
BTC,1,SQUEEZE_V2,2023-11-24 16:00:00+00:00,2023-11-26 16:00:00+00:00,38227.74402,37450.0,0.004673804170168803,178.66898941682152,36678.389164450506,69214.84113098987,EOD,-3.6350232439998407,0.17685147779482158,0.0,-3.7225402270862515,7.2413811849385015,-0.5140649459013206,6,961.7056166033391,,3,large
LINK,1,DONCHIAN_V2,2023-12-08 16:00:00+00:00,2023-12-11 00:00:00+00:00,16.699338345336912,14.548903818538994,3.4993095812956176,58.43615467313476,14.55618190949374,45.274757489912545,SL,-7.525036143572862,0.05467363660134833,0.0,-7.550491702837643,7.49956785016138,-1.0067902382768852,7,990.9300662661872,,4,mid
AVAX,1,DONCHIAN_V2,2023-12-09 00:00:00+00:00,2023-12-11 00:00:00+00:00,30.469091943740843,32.16111547797176,1.6786853856588524,51.14801936025363,32.17720408001177,90.03434285296547,SL,2.840375179104286,0.05256820694980577,0.0,2.813380981834607,7.499348714581355,0.37515004154486253,6,993.7434472480218,,4,mid
SUI,1,DONCHIAN_V2,2023-12-09 00:00:00+00:00,2023-12-11 00:00:00+00:00,0.703640672814846,0.6041537880825885,75.60803411721756,53.200887996446795,0.6044560160906337,2.0261027624710093,SL,-7.522007775052217,0.04943988410892068,0.0,-7.544847215162915,7.499156909508754,-1.006092725649763,6,986.1986000328588,,4,mid
APT,1,DONCHIAN_V2,2023-12-08 00:00:00+00:00,2023-12-11 00:00:00+00:00,7.94438860502243,7.770340372964499,7.443330212388276,59.13270772271661,7.7742274867078525,21.378858363076148,SL,-1.2954984640895642,0.058484958490671826,0.0,-1.3244170687188777,7.49978959781534,-0.17659389659473584,9,998.4805579690249,,4,mid
SOL,1,DONCHIAN_V2,2023-12-08 00:00:00+00:00,2023-12-11 00:00:00+00:00,67.80355891571045,67.76975479227494,0.8274971128328795,56.10724924254445,67.80365662058523,188.64990200161787,SL,-0.02797281454473575,0.05609326283527208,0.0,-0.056012452758735606,7.5,-0.007468327034498081,9,999.8049750377437,,4,mid
AVAX,1,DONCHIAN_V2,2023-12-11 00:00:00+00:00,2023-12-13 00:00:00+00:00,37.197436626434325,35.117441010405905,1.268086819794475,47.169579116121625,35.135008514663234,114.96802651338676,SL,-2.637615025915929,0.04585077160316366,0.0,-2.6598810079610318,7.396489500246442,-0.35961397739730555,6,983.4910866946415,,4,mid
APT,1,DONCHIAN_V2,2023-12-12 16:00:00+00:00,2023-12-18 08:00:00+00:00,9.041807961845398,7.647485890578902,5.319188551594134,48.09508139636074,7.651311546352077,27.58176016842301,SL,-7.416661998715769,0.04438675039700285,0.0,-7.437001208414592,7.3963126143247555,-1.0055011998831733,17,976.0354109892211,,4,mid
SOL,1,DONCHIAN_V2,2023-12-21 08:00:00+00:00,2023-12-26 16:00:00+00:00,86.81736305236817,105.91792536906787,0.5859903508541774,50.87413703529172,105.97091082448011,253.37155640480808,SL,11.192745213474941,0.056470509642029196,0.0,11.161711772350557,7.319936264912305,1.524837289342748,16,987.0949077248583,,4,mid
NEAR,1,DONCHIAN_V2,2023-12-20 08:00:00+00:00,2023-12-28 16:00:00+00:00,2.7585514969825744,3.768860933162512,16.057177251162766,44.29455034350959,3.7707463063156696,8.837050822999183,SL,16.222717695263572,0.05240590919114138,0.0,16.192459061244186,7.320265582419158,2.212004315817869,25,1003.2651241265356,,4,mid
LINK,1,DONCHIAN_V2,2023-12-23 16:00:00+00:00,2023-12-29 00:00:00+00:00,15.828164809226989,15.584419067060521,4.153225301644611,65.73793456428237,15.592215174647844,39.32715641301316,SL,-1.0123309835339165,0.0652317690725154,0.0,-1.0446937853242908,7.319745486898424,-0.14272269263927045,16,1004.072103987974,,4,mid
SUI,1,DONCHIAN_V2,2023-12-20 08:00:00+00:00,2023-12-29 00:00:00+00:00,0.7298459689021111,0.7612773744918008,59.63374922687983,43.523451483757626,0.7616582035935975,2.3665253264262436,SL,1.874372558783905,0.04446063776314958,0.0,1.8516736467626342,7.320099477855369,0.25295744304627055,26,1005.1167977732982,,4,mid
APT,1,DONCHIAN_V2,2023-12-27 00:00:00+00:00,2024-01-03 08:00:00+00:00,10.748348847770691,8.955137281088348,4.138804923799672,44.485319133869865,8.959617089633165,34.598105622937716,SL,-7.421752861599406,0.040774442703070166,0.0,-7.440284644735541,7.4032118079364375,-1.0050076693414822,22,989.2256708753698,,4,mid
AVAX,1,DONCHIAN_V2,2023-12-16 16:00:00+00:00,2024-01-03 08:00:00+00:00,44.90697840957642,36.020123477063336,0.8316968839672956,37.348994011631326,36.038142548337504,163.15812322609526,SL,-7.391169555640521,0.03365340923381106,0.0,-7.406148467868516,7.376183150209811,-1.0040624421938131,53,996.6659555201054,,4,mid
SUI,1,DONCHIAN_V2,2024-01-11 08:00:00+00:00,2024-01-18 16:00:00+00:00,0.976495261144638,1.176675583493427,35.96288801203215,35.11758972082471,1.1772642156012276,3.7271799963205305,SL,7.199062514841996,0.038717120978245714,0.0,7.177904188724163,7.419192531565274,0.9674778162428674,22,996.3564128498332,,4,mid
LINK,1,DONCHIAN_V2,2024-01-17 16:00:00+00:00,2024-01-23 08:00:00+00:00,16.116223469924925,14.089691458151679,3.6737414885785107,59.20683880066593,14.096739828065711,43.04267202804776,SL,-7.444954729583852,0.055484361435874,0.0,-7.470835671619393,7.41906084060382,-1.0069786233228084,17,988.8855771782138,,4,mid
APT,1,DONCHIAN_V2,2024-02-03 08:00:00+00:00,2024-02-05 16:00:00+00:00,9.634026525306702,8.609054265392812,7.2658339734364095,69.99923722856096,8.613360945865745,23.242900917852786,SL,-7.447278267912232,0.06627559809460484,0.0,-7.478554247392556,7.415986642619262,-1.0084368551062002,7,981.2846651498947,,4,mid
LTC,1,DONCHIAN_V2,2024-02-11 08:00:00+00:00,2024-02-13 08:00:00+00:00,72.42448566284179,70.10616851993625,3.2841946574211396,237.8561088803789,70.141239139506,118.08941612955759,SL,-7.613804774938222,0.2340492064929098,0.0,-7.728925926990942,7.498626033514795,-1.0307122788157232,6,991.7405447494078,,4,large
SOL,1,DONCHIAN_V2,2024-01-29 16:00:00+00:00,2024-02-16 08:00:00+00:00,99.95999044189453,107.63230083568928,0.6558951090792207,65.56326883444427,107.6861439076431,250.72580142706028,SL,5.032230862627643,0.0680793842657581,0.0,4.996933112779107,7.416491853114934,0.6737596712494722,53,986.2061884971306,,4,mid
AVAX,1,DONCHIAN_V2,2024-02-10 00:00:00+00:00,2024-02-17 08:00:00+00:00,38.01960343780517,39.36664006626182,2.1873721407537112,83.16302136235906,39.38633323287826,82.88095313076455,SL,2.946470393660883,0.08463625655918951,0.0,2.903415647782873,7.359634988624212,0.3945053867848994,22,997.1421933542192,,4,mid
SUI,1,DONCHIAN_V2,2024-01-27 00:00:00+00:00,2024-02-17 08:00:00+00:00,1.4585916544675828,1.7524219713091307,27.41927506302691,39.99352577848215,1.7532986206194403,5.065126017265749,SL,8.05661427933475,0.044021832918149525,0.0,8.032589209305842,7.416641828836603,1.0830493631328368,64,994.2387777064364,,4,mid
LINK,1,DONCHIAN_V2,2024-02-01 16:00:00+00:00,2024-02-20 08:00:00+00:00,16.704340413665772,19.174728551538756,4.140213160087576,69.15953001124177,19.184320711894703,40.58796090725386,SL,10.22793347894597,0.07427349675071476,0.0,10.188239747200875,7.416245990856805,1.3737731676863942,56,1007.3304331014201,,4,mid
DOGE,1,SQUEEZE_V2,2024-02-15 00:00:00+00:00,2024-02-20 08:00:00+00:00,0.08556711275428533,0.08432541516782636,1356.7286456006038,116.0913529950757,0.08436759896731001,0.15927381919426878,SL,-1.6846466847220098,0.11524902965271469,0.0,-1.7418500378771866,7.5,-0.2322466717169582,16,998.1418191200423,,4,low
NEAR,1,DONCHIAN_V2,2024-02-13 00:00:00+00:00,2024-02-21 08:00:00+00:00,3.3836764969825746,3.203410453436586,19.994969904597177,67.65650972405938,3.205012959916544,8.291126162178667,SL,-3.6044141155228466,0.06585430266629795,0.0,-3.636440163327115,7.359323127294102,-0.49412698701058017,25,1003.693992938093,,4,mid
SHIB,1,SQUEEZE_V2,2024-02-15 00:00:00+00:00,2024-02-28 08:00:00+00:00,9.754950685783114e-06,1.043524917213667e-05,11949863.707240287,116.5703311659584,1.044046940684009e-05,1.812276122171122e-05,SL,8.129474192166857,0.12063506826204182,0.0,8.067124289487793,7.499564657426268,1.0756790104475615,40,1006.2089434095301,,4,low
APT,1,DONCHIAN_V2,2024-02-28 16:00:00+00:00,2024-03-03 00:00:00+00:00,11.327764634513855,11.215473115312763,4.8058476069678395,54.439510561073334,11.221083657141333,32.21207464400699,SL,-0.5396559288353503,0.05416968259665566,0.0,-0.5666058561514693,7.527510846172281,-0.07527134370581304,10,1003.0077210698214,,4,mid
BTC,1,DONCHIAN_V2,2024-02-12 16:00:00+00:00,2024-03-05 16:00:00+00:00,49948.78776,61236.24823007912,0.004104830593644623,205.03131211271008,61266.881670914576,86480.05940231813,SL,46.33311306213511,0.22819786864377764,0.0,46.20743084954769,7.4977340731064945,6.162852723103158,66,1134.2243567913083,,4,large
NEAR,1,DONCHIAN_V2,2024-02-25 00:00:00+00:00,2024-03-05 16:00:00+00:00,3.86577300953865,3.987592530610211,13.389360967812644,51.76023024434042,3.989587324272347,11.361978357582693,SL,1.6310855405531877,0.052575773014617015,0.0,1.6043898826607408,7.527704947035697,0.21313134533687145,29,1004.6121109524821,,4,mid
AVAX,1,DONCHIAN_V2,2024-02-29 08:00:00+00:00,2024-03-05 16:00:00+00:00,41.63632395172119,39.18623430784653,1.637813273521431,68.19252402876724,39.205837226459764,102.91366486801181,SL,-4.012789340055306,0.06618612935873959,0.0,-4.044879207399663,7.527063173909904,-0.5373781399125106,16,1003.0179513124966,,4,mid
ETH,1,DONCHIAN_V2,2024-02-11 08:00:00+00:00,2024-03-05 16:00:00+00:00,2528.0355353027344,3358.3701114741452,0.08851898190526913,223.7791318053401,3360.050136542416,4222.466502275399,SL,73.50037132343643,0.2605293174670583,0.0,73.35173157187204,7.499465205259065,9.780928314786166,70,1088.0169259417605,,4,large
SOL,1,DONCHIAN_V2,2024-02-29 00:00:00+00:00,2024-03-05 16:00:00+00:00,119.45388630523681,124.02389118533809,0.543638733027698,64.93975940621362,124.08593415241428,304.0692994635475,SL,2.4844316629486567,0.06618197523768796,0.0,2.4507195674140756,7.527306698007677,0.32557721715560367,17,1007.0628305198962,,4,mid
ADA,1,DONCHIAN_V2,2024-02-11 00:00:00+00:00,2024-03-05 16:00:00+00:00,0.5518103359937667,0.6413960390704246,258.44374708772597,142.61193091596613,0.6417168975191841,1.1322074308752454,SL,23.152864788619894,0.15418836331027608,0.0,23.0699823907676,7.5,3.0759976521023464,71,1014.6651943698886,,4,large
TRX,1,DONCHIAN_V2,2024-02-14 16:00:00+00:00,2024-03-05 16:00:00+00:00,0.12879574778079986,0.1379813626302142,2256.7945416041002,290.66554057352755,0.13805038782412626,0.19471272824578903,SL,20.73004545343588,0.30103056330024547,0.0,20.5743476604224,7.438054085620559,2.7660927742105654,60,1198.8168093211332,,4,large
BNB,1,DONCHIAN_V2,2024-02-13 00:00:00+00:00,2024-03-05 16:00:00+00:00,327.46547389526364,384.907908830472,0.7688754496559606,251.78016348802305,385.100459060002,522.4766479167683,SL,44.1660779901416,0.27386320248309387,0.0,44.01810486940252,7.496965205686071,5.871456470948671,65,1178.242461660711,,4,large
ETH,1,DONCHIAN_V2,2024-03-05 16:00:00+00:00,2024-03-06 00:00:00+00:00,3784.996838232422,3550.473875,0.04351014001134262,164.6857423739818,3578.3524544734955,7917.884513410947,SL_GAP,-10.204126966117625,0.159583678890923,0.0,-10.281367773821557,8.991126069908498,-1.1435016808663423,1,1188.4530986761247,,4,large
SOL,1,DONCHIAN_V2,2024-03-05 16:00:00+00:00,2024-03-06 00:00:00+00:00,139.23784871520996,120.52348548577297,0.4032703905452824,56.15050163006767,120.58377737446018,387.95879992520696,SL,-7.546948568341331,0.05237702734589701,0.0,-7.571250344872194,7.522634634843723,-1.0064625908858167,1,995.4186257168094,,4,mid
LTC,1,DONCHIAN_V2,2024-03-11 16:00:00+00:00,2024-03-14 16:00:00+00:00,101.24024522094726,91.06400248918226,0.8796478762763463,89.05576670230278,91.10955726781616,303.85400428356917,SL,-8.951510307469688,0.08458001154856792,0.0,-8.991562435667104,8.91143814319014,-1.008991174172958,9,1170.1183991712874,,4,large
ETH,1,DONCHIAN_V2,2024-03-11 08:00:00+00:00,2024-03-14 16:00:00+00:00,4010.7719646972655,3741.897370262094,0.033379175261366516,133.87626034300533,3743.7692548895384,9350.826160851804,SL,-8.974812210980438,0.12938885423751512,0.0,-9.037262935046451,8.912330245931908,-1.0140179600247161,10,1179.1099616069544,,4,large
XRP,1,DONCHIAN_V2,2024-03-11 16:00:00+00:00,2024-03-15 00:00:00+00:00,0.6934386687755585,0.6337106114204613,150.00288967460048,104.01780412844192,0.6340276252330778,1.8816595396251734,SL,-8.95938119791486,0.0995381135294845,0.0,-9.006910409380124,8.91182820995562,-1.0106692136769742,10,1152.055077275999,,4,large
BTC,1,DONCHIAN_V2,2024-03-11 08:00:00+00:00,2024-03-15 00:00:00+00:00,71222.2416,67024.9717268225,0.0021405997088351997,152.45830963155024,67058.50097731115,154497.05405377672,SL,-8.984674668426484,0.147965972297337,0.0,-9.056411485908045,8.912901964593027,-1.016101323888125,11,1161.0619876853793,,4,large
NEAR,1,DONCHIAN_V2,2024-03-06 16:00:00+00:00,2024-03-15 08:00:00+00:00,4.80096019077301,7.205637129700404,7.362745264963652,35.34824691189297,7.209241750575691,18.320359844165914,SL,17.70502374585496,0.04420075878482045,0.0,17.678497110526084,7.465492183737735,2.368028346347424,26,1013.0156240675924,,4,mid
AVAX,1,DONCHIAN_V2,2024-03-11 16:00:00+00:00,2024-03-15 08:00:00+00:00,46.72334350204468,49.59919916595859,1.0253306717891797,47.90687718118807,49.62401117154436,143.80042388029705,SL,2.948703019849567,0.04938122869111286,0.0,2.923275229749048,7.465208102967427,0.3915865692460795,11,1015.9388992973414,,4,mid
BNB,1,DONCHIAN_V2,2024-03-07 16:00:00+00:00,2024-03-15 16:00:00+00:00,448.9897738952637,635.0999755859375,0.29475087214996365,132.34012744204395,525.6914314471449,1053.7987215367127,EOD,54.856144264331746,0.15976819957420985,0.0,54.76254612847856,8.913398240070935,6.1438460005398285,24,1206.8176234044777,,4,large
SOL,1,DONCHIAN_V2,2024-03-07 16:00:00+00:00,2024-03-15 16:00:00+00:00,146.0992213256836,184.1199951171875,0.2765697503642777,40.40662517045968,159.3767905204045,506.00166271603723,EOD,10.515395916172906,0.045664323128546125,0.0,10.48993490562959,7.465359627811815,1.4051479672258353,24,1030.605338429964,,4,mid
APT,1,DONCHIAN_V2,2024-03-06 00:00:00+00:00,2024-03-15 16:00:00+00:00,13.665132725715637,15.123600006103516,2.8785501767386883,39.33577022276638,12.25898312455789,48.245687678715946,EOD,4.1982712477281225,0.04143490584663044,0.0,4.176504226992876,7.465639692876071,0.5594301893484381,29,1020.1154035243343,,4,mid
LINK,1,DONCHIAN_V2,2024-03-26 08:00:00+00:00,2024-04-02 00:00:00+00:00,19.872973281097412,17.670694739914534,3.419288511328998,67.95142922600452,17.679534507168118,49.11882360015464,SL,-7.530225714613,0.06418631636869802,0.0,-7.560436316368695,7.5,-1.008058175515826,20,992.326926190228,,5,mid
SOL,1,DONCHIAN_V2,2024-04-01 00:00:00+00:00,2024-04-02 08:00:00+00:00,202.7005356628418,180.2002065656773,0.3346429291373373,67.83230099192068,180.29035174154805,501.50298794675837,SL,-7.529576035629186,0.06406751297410608,0.0,-7.559727398107332,7.499409589928195,-1.0080430075802427,4,977.2299135169095,,5,mid
APT,1,DONCHIAN_V2,2024-03-26 08:00:00+00:00,2024-04-02 08:00:00+00:00,17.957989988708494,14.960879525020909,2.5085895276312855,45.049225622981595,14.968363706874346,57.819673746497145,SL,-7.518519922360823,0.04128996566180118,0.0,-7.537285275211133,7.499745182140403,-1.0050055158087405,21,984.7896409150169,,5,mid
SUI,1,DONCHIAN_V2,2024-03-27 08:00:00+00:00,2024-04-03 00:00:00+00:00,2.002300337648392,1.6635806916189217,22.19548692563635,44.44203096547213,1.6644128980679556,6.507466198720874,SL,-7.518047474903276,0.040683007228020485,0.0,-7.53650946664856,7.499576247544316,-1.0049247074614833,20,969.6934040502609,,5,mid
NEAR,1,DONCHIAN_V2,2024-04-22 16:00:00+00:00,2024-05-01 08:00:00+00:00,6.981396019077301,5.76504930087888,5.993344683221123,41.841912712398056,5.767933267512636,23.160899373272827,SL,-7.289985136467965,0.03819692014416407,0.0,-7.307261100255929,7.272700530376956,-1.004752095832163,26,962.3652219936488,,5,mid
AVAX,1,DONCHIAN_V2,2024-05-06 08:00:00+00:00,2024-05-08 08:00:00+00:00,38.26865378723144,34.24177274839338,1.8000464634826647,68.88535491194844,34.25890219949312,91.73200829040903,SL,-7.248572972825854,0.06526106842553552,0.0,-7.2793913637954155,7.2177391649523654,-1.0085417604368996,6,954.9849249427107,,5,mid
APT,1,DONCHIAN_V2,2024-05-06 08:00:00+00:00,2024-05-09 08:00:00+00:00,9.436087126922608,8.42667112361791,7.180140095344628,67.7524275231823,8.430886566901359,22.838761260539272,SL,-7.247748318210592,0.06412855336407702,0.0,-7.278000657813077,7.217480844871446,-1.0083851712588383,9,947.7069242848976,,5,mid
SOL,1,DONCHIAN_V2,2024-05-06 16:00:00+00:00,2024-05-23 08:00:00+00:00,153.88077610473633,169.96732696612062,0.42353303317082,65.17359185031881,170.05235314269197,381.0878243715749,SL,6.8131856795787575,0.0685801846901082,0.0,6.777192290813809,7.217226773268234,0.9390299769872466,50,954.3552319778421,,5,mid
LINK,1,DONCHIAN_V2,2024-05-17 00:00:00+00:00,2024-05-23 08:00:00+00:00,15.52110324897766,15.703624680734562,4.581321968771412,71.1071712941107,15.711480420945033,36.20682623409814,SL,0.836189445079506,0.07152526601665046,0.0,0.8002177647099109,7.107596786373914,0.11258626350949186,19,955.155449742552,,5,mid
ETH,1,DONCHIAN_V2,2024-05-21 16:00:00+00:00,2024-05-23 16:00:00+00:00,3778.8156706054688,3568.3309204627876,0.03593680432688563,135.79855934191784,3570.115978452013,7952.809513674581,SL,-7.5641492796709455,0.13201648470208238,0.0,-7.628266484702069,7.500000000000001,-1.0171021979602757,6,992.3038342356269,,5,large
ETH,1,DONCHIAN_V2,2024-05-27 16:00:00+00:00,2024-05-29 16:00:00+00:00,3965.5029029296875,3744.8824487360384,0.03402230047285256,134.9155312894429,3746.755826649363,8340.44442853618,SL,-7.5060153830335326,0.13116252359792613,0.0,-7.569720140986737,7.442278756767202,-1.0171239735012148,6,984.6666563289955,,5,large
SUI,1,DONCHIAN_V2,2024-05-20 16:00:00+00:00,2024-05-30 00:00:00+00:00,1.11692339322567,0.9865824565993099,54.736022511973786,61.13594399575042,0.9870759945966081,2.84822204161316,SL,-7.134344441412192,0.057568771775044325,0.0,-7.161345241189361,7.107330134481561,-1.0075999152544979,28,947.9590961012609,,5,mid
AVAX,1,DONCHIAN_V2,2024-05-21 00:00:00+00:00,2024-05-30 00:00:00+00:00,40.139026718902585,36.09287295142695,1.7643811892390728,70.82054369719626,36.11092841563476,93.84700409580691,SL,-7.13895759610282,0.06725106489914486,0.0,-7.170798389153367,7.107100874691577,-1.0089625172886763,27,940.7882977121076,,5,mid
NEAR,1,DONCHIAN_V2,2024-05-16 08:00:00+00:00,2024-06-04 00:00:00+00:00,8.114622516059875,7.056772582393305,6.741599703870812,54.70553675129268,7.060302733760184,22.172219613389082,SL,-7.131600799546306,0.05113973635151953,0.0,-7.155387767522179,7.107801932136732,-1.0066948735825483,56,933.6329099445854,,5,mid
LINK,1,DONCHIAN_V2,2024-05-27 16:00:00+00:00,2024-06-07 16:00:00+00:00,18.032605128479002,16.17953185948754,3.88278896503124,70.01680020362402,16.1876256723237,42.63233121054968,SL,-7.195092440234416,0.0664192539835068,0.0,-7.22650329411611,7.16366587306914,-1.008771685078613,33,926.3638496170049,,5,mid
SUI,1,DONCHIAN_V2,2024-06-05 16:00:00+00:00,2024-06-07 16:00:00+00:00,1.0996199234962463,1.0709434725858913,77.4031691406017,85.11406692875546,1.0714792121919872,2.3058146055882105,SL,-2.219648180166368,0.08400424283867228,0.0,-2.2610953895406625,7.0022468245843905,-0.32290998106523716,6,924.1027542274643,,5,mid
ETH,1,DONCHIAN_V2,2024-06-06 00:00:00+00:00,2024-06-07 16:00:00+00:00,3867.013238232422,3719.613102492637,0.050731667457041475,196.18002965398432,3721.4738394123433,6777.801214633989,SL,-7.477854669473531,0.19244110231924755,0.0,-7.572205756965786,7.3834563828379585,-1.0255638232747681,5,979.681942413413,,5,large
BNB,1,DONCHIAN_V2,2024-06-04 16:00:00+00:00,2024-06-07 16:00:00+00:00,663.4326477905273,674.1580151777878,0.278331428091909,184.65415630233392,674.4952628091924,1194.0949573324333,SL,2.985206821706591,0.18614675971318723,0.0,2.8913871401445705,7.384999922467466,0.39152162092081705,9,987.2541481703788,,5,large
BTC,1,DONCHIAN_V2,2024-06-05 00:00:00+00:00,2024-06-11 00:00:00+00:00,70557.70872000001,68227.89541287157,0.00321660688369341,226.95641156638658,68262.02642608462,116471.35459830797,SL,-7.494093521429846,0.22320936480567166,0.0,-7.603824680452325,7.384307469381333,-1.0297275285436325,18,972.0781177329607,,5,large
ETH,1,DONCHIAN_V2,2024-07-01 08:00:00+00:00,2024-07-03 00:00:00+00:00,3491.1380293945313,3367.160244774111,0.059605239664468186,208.0901189438002,3368.844667107665,5937.005275131856,SL,-7.389725565369961,0.20439525616111526,0.0,-7.490075762059176,7.2893251684823035,-1.0275403537277883,5,964.3159016427761,,5,large
DOGE,-1,PULLBACK_V2,2024-06-22 16:00:00+00:00,2024-07-03 16:00:00+00:00,0.12510497173070909,0.11849000304937363,561.7149472242436,70.27333259320574,0.13845657707518164,0.11175336638623655,EOD,3.7157267837263714,0.06841546920134256,0.0,3.6824479808216317,7.499796291429327,0.4910064004044866,33,1008.6331492350106,bear,5,low
SHIB,-1,PULLBACK_V2,2024-06-22 08:00:00+00:00,2024-07-03 16:00:00+00:00,1.805538775806781e-05,1.6381000023102388e-05,3008646.8504916574,54.32228551271635,2.0548202758530357e-05,1.5562572757605264e-05,EOD,5.037641385305579,0.05180346482006355,0.0,5.012999063241874,7.499999999999999,0.6683998750989166,34,1004.950701254189,bear,5,low
TRX,1,DONCHIAN_V2,2024-06-26 08:00:00+00:00,2024-07-03 16:00:00+00:00,0.1236147179737687,0.12865999341011047,2719.664315200939,336.1905373068869,0.12628113079427652,0.1772285837898413,EOD,13.72145556457856,0.34305126508917616,0.0,13.546499568142828,7.290585882997204,1.8580810631056963,22,977.862401210919,,5,large
AVAX,1,DONCHIAN_V2,2024-07-01 00:00:00+00:00,2024-07-03 16:00:00+00:00,29.367871911621094,26.506000518798828,2.217350811865327,65.11887462598997,26.24227699194444,71.04247084064313,EOD,-6.345772856328606,0.06194598819782567,0.0,-6.375159407213437,6.930540432707171,-0.9198646871934064,8,907.6825054853686,,5,mid
SOL,1,DONCHIAN_V2,2024-06-27 16:00:00+00:00,2024-07-03 16:00:00+00:00,147.80955477905272,140.82000732421875,0.4153524881473059,61.393066349425055,131.1230755728707,370.29594419481293,EOD,-2.9031259263889577,0.05994150338623058,0.0,-2.932370896600476,6.930770656705982,-0.4230944929281727,18,914.057664892582,,5,mid
APT,1,DONCHIAN_V2,2024-07-01 08:00:00+00:00,2024-07-03 16:00:00+00:00,7.144328570079804,6.552159832404402,11.768385005895935,84.0772092213211,6.555437551179992,14.996208822077298,SL,-6.96886969341952,0.08059277437461135,0.0,-7.007423863183471,6.930296236927324,-1.0111290518643605,7,916.9900357891825,,5,mid
SUI,1,DONCHIAN_V2,2024-07-14 08:00:00+00:00,2024-07-18 16:00:00+00:00,0.7987597380280494,0.7896625328118605,72.5712557105136,57.96699719969643,0.7900575615926568,2.176676604619573,SL,-0.6601956059950667,0.057636899396698894,0.0,-0.6888490067919173,7.4997867954932325,-0.09184914525915057,13,999.1823578645908,,6,mid
NEAR,1,DONCHIAN_V2,2024-07-14 08:00:00+00:00,2024-07-23 00:00:00+00:00,5.397079108428955,5.8091797635894435,10.534315691086036,56.85453513795578,5.812085806492689,14.889864680121885,SL,4.341198397963966,0.05902513433693776,0.0,4.310600531196006,7.5,0.5747467374928008,26,1003.416656280638,,6,mid
APT,1,DONCHIAN_V2,2024-07-15 08:00:00+00:00,2024-07-24 16:00:00+00:00,6.724144337940216,6.887276215551011,10.87455855583143,73.12210134079324,6.89072157633918,15.919071771439175,SL,1.7739871554013122,0.07400909491849389,0.0,1.736539111153215,7.499308259415398,0.2315599054050067,28,1005.1531953917912,,6,mid
LINK,1,DONCHIAN_V2,2024-07-22 00:00:00+00:00,2024-07-24 16:00:00+00:00,14.81996378917694,13.394540583460289,5.281926882051174,78.27796512907865,13.40124120406232,33.73626492403855,SL,-7.52898114857434,0.07451347455479149,0.0,-7.564355640564592,7.493588960490049,-1.0094436298077811,8,997.5888397512266,,6,mid
AVAX,1,DONCHIAN_V2,2024-07-21 16:00:00+00:00,2024-07-25 00:00:00+00:00,31.00019828109741,27.860698504624327,2.3976061215659175,74.32626516851639,27.874635822535595,72.67436439525497,SL,-7.527283882726695,0.07056262322715304,0.0,-7.5606833733695895,7.493867683984431,-1.008916048721804,10,990.028156377857,,6,mid
SOL,1,DONCHIAN_V2,2024-07-15 00:00:00+00:00,2024-07-25 08:00:00+00:00,147.63952261047362,166.91861341252104,0.4717071846686121,69.64262355640442,167.0021144697559,359.62327476305506,SL,9.094085645204323,0.07418966637900658,0.0,9.054717290603518,7.499569419253734,1.2073649544942187,31,999.0828736684606,,6,mid
SOL,1,DONCHIAN_V2,2024-07-27 08:00:00+00:00,2024-08-01 00:00:00+00:00,185.8771643371582,166.7074198436196,0.39259061640258236,72.97363052228904,166.7908152512452,440.3618188159985,SL,-7.525861806998334,0.06921069961878987,0.0,-7.5585856913559795,7.493121552513455,-1.008736564378909,14,991.4878011618434,,6,mid
SUI,1,DONCHIAN_V2,2024-08-09 00:00:00+00:00,2024-08-14 08:00:00+00:00,0.8528705350399017,0.920419869859236,47.39312372713901,40.42019879037731,0.9208803100142431,2.944920442681001,SL,3.2013739827786467,0.04202088578176664,0.0,3.1795631963920687,7.4361585087138256,0.42758141756475454,16,994.6221061845895,,6,mid
NEAR,1,DONCHIAN_V2,2024-08-23 08:00:00+00:00,2024-08-26 16:00:00+00:00,4.474894777107239,4.716443317769146,16.10071670004096,72.04901306869658,4.7188027191287105,10.651931763218656,SL,3.8891046225056907,0.07399356537994943,0.0,3.8511355636600895,7.4591041919291134,0.516300009299654,10,998.3356987914252,,6,mid
LINK,1,DONCHIAN_V2,2024-08-22 00:00:00+00:00,2024-08-27 08:00:00+00:00,11.215242897605895,11.562972119773102,6.598312856879996,74.00168140430505,11.568756498022113,26.288554030378386,SL,2.2944261973387596,0.07514889450297442,0.0,2.2562781435379375,7.459381698234379,0.302475223123653,16,1000.5919769349631,,6,mid
AVAX,1,DONCHIAN_V2,2024-08-21 08:00:00+00:00,2024-08-27 16:00:00+00:00,23.301660285186767,25.17421527184199,3.2512492994281272,75.7595066777257,25.18680867618008,53.89365784008166,SL,6.088143088503444,0.07880357822197742,0.0,6.047219263620329,7.459665796384421,0.810655521129555,19,1006.6391961985835,,6,mid
SUI,1,DONCHIAN_V2,2024-08-24 00:00:00+00:00,2024-08-27 16:00:00+00:00,1.015903122639656,0.8732353823380743,52.441725309167104,53.27571249819394,0.8736722184472979,2.9123151785377637,SL,-7.481742447375137,0.04953484127450637,0.0,-7.504639432400546,7.458834008130106,-1.0061410971501057,11,999.134556766183,,6,mid
APT,1,DONCHIAN_V2,2024-08-12 16:00:00+00:00,2024-08-28 00:00:00+00:00,6.5492097799301145,6.679278601619192,7.649189777857103,50.096148501683196,6.682619911574979,19.51094324263687,SL,0.9949211012820083,0.0505936090523242,0.0,0.9693755664805257,7.436006932968362,0.1303623806727091,46,1000.1039323326635,,6,mid
ADA,1,DONCHIAN_V2,2024-09-13 16:00:00+00:00,2024-09-15 08:00:00+00:00,0.3641728292047977,0.3454502787325025,404.22144850431096,147.20646852707637,0.3456230902776413,0.7351676077479259,SL,-7.56805647160624,0.14342244029127324,0.0,-7.637875677633975,7.498202338511959,-1.0186275766932338,5,991.9578868371855,,6,large
LTC,1,DONCHIAN_V2,2024-09-14 08:00:00+00:00,2024-09-16 00:00:00+00:00,65.36306847381591,62.63744764952494,2.7827962987414288,181.8921050233175,62.6687820405452,119.24879713923009,SL,-7.584847541609495,0.17809968125251274,0.0,-7.672001170350349,7.497650314254982,-1.0232540661124032,5,985.1775764995427,,6,large
XRP,1,DONCHIAN_V2,2024-09-12 16:00:00+00:00,2024-09-16 00:00:00+00:00,0.5580115915417672,0.5614669727152716,280.87867397626445,156.73355589563647,0.5617478466385908,1.0920085197859306,SL,0.970542882096468,0.15721882733668469,0.0,0.8916908327076015,7.499417455630941,0.11890134640232289,10,992.849577669893,,6,large
AVAX,1,DONCHIAN_V2,2024-09-09 08:00:00+00:00,2024-09-16 00:00:00+00:00,23.693736975860595,23.470335603732153,3.0230554381601977,71.62748041521273,23.48207664205318,56.77552246681572,SL,-0.6753547329053387,0.07128980304876006,0.0,-0.7108307957464923,7.500605364936083,-0.0947697900584788,20,999.2568851935523,,6,mid
LINK,1,DONCHIAN_V2,2024-09-13 16:00:00+00:00,2024-09-18 08:00:00+00:00,11.305261050224304,10.330691592030176,7.736820760392762,87.46677839503508,10.33585952179107,24.23061476266742,SL,-7.5400692166010606,0.08369674378673456,0.0,-7.580032571190277,7.500085870338722,-1.0106594380695997,14,991.676852622362,,6,mid
WIF,-1,PULLBACK_V2,2024-09-17 08:00:00+00:00,2024-09-19 00:00:00+00:00,1.5166965599536897,1.7145690711124772,38.06804082674382,57.73766656609896,1.7137122150049748,1.3196809049024045,SL,-7.532618833283047,0.06150397598274049,0.0,-7.565253975982738,7.5,-1.008700530131032,5,992.4058771907343,bear,6,low
TRX,1,DONCHIAN_V2,2024-09-20 08:00:00+00:00,2024-09-25 16:00:00+00:00,0.15241048052608966,0.14964405598320502,2745.1804396161738,418.3942699327231,0.14971891544092547,0.20624178222937325,SL,-7.594334542801038,0.41459710266132255,0.0,-7.799734510495999,7.38883182374657,-1.0556113194279035,16,976.9898820439607,,6,large
BNB,1,DONCHIAN_V2,2024-09-12 08:00:00+00:00,2024-09-26 00:00:00+00:00,542.1084,581.140533420426,0.28655738424689553,155.34516508226972,581.4312490449485,1065.5637644262792,SL,11.184946054533112,0.1609376381095363,0.0,11.10168099896471,7.500000000000001,1.4802241331952946,41,988.0915630429255,,6,large
AVAX,1,DONCHIAN_V2,2024-09-19 08:00:00+00:00,2024-09-30 00:00:00+00:00,25.908180477905272,28.219942751811157,2.886237884183919,74.77717200560443,28.234059781702005,60.26698569131398,SL,6.672295854174325,0.07811331993269158,0.0,6.631571120244436,7.437576394667715,0.8916306560560325,32,998.190549099818,,6,mid
LTC,1,DONCHIAN_V2,2024-09-22 00:00:00+00:00,2024-09-30 08:00:00+00:00,66.86336847381591,67.28685666720133,2.836739737295847,189.67397431912798,67.32051692566417,118.94169842736669,SL,1.2013257864520606,0.190274637212354,0.0,1.1058881363992705,7.386633401562122,0.14971477211328746,25,1000.1970853406676,,6,large
BTC,1,DONCHIAN_V2,2024-09-13 16:00:00+00:00,2024-09-30 08:00:00+00:00,59670.33168,63736.00903357287,0.0028036994453157355,167.29767583302197,63767.8929800629,113162.725219721,SL,11.398937341044988,0.17299714450354448,0.0,11.309589034457954,7.498829704796332,1.5081805401213764,50,999.0911972042684,,6,large
XRP,1,DONCHIAN_V2,2024-09-22 00:00:00+00:00,2024-09-30 16:00:00+00:00,0.597819539809227,0.615897767943671,280.77310081527264,167.85164592019598,0.6162058708791105,1.1240282701886066,SL,5.075880170553755,0.17038958600547285,0.0,4.98941640750838,7.387262845234321,0.6754079977981503,26,1005.186501748176,,6,large
ADA,1,DONCHIAN_V2,2024-09-26 08:00:00+00:00,2024-09-30 16:00:00+00:00,0.39557910429239274,0.3744533176423597,353.9269116301829,140.00609068764058,0.37464063796134034,0.8143484309134402,SL,-7.476984424804349,0.1362675984752384,0.0,-7.543248977935767,7.410686722821941,-1.0178879852936689,13,997.6432527702403,,6,large
APT,1,DONCHIAN_V2,2024-09-19 16:00:00+00:00,2024-09-30 16:00:00+00:00,6.701840111446381,7.638364901664281,11.320459400387284,75.86790888951575,7.642185994661611,15.461550552194343,SL,10.601890865117959,0.08116885432207473,0.0,10.558655965240641,7.437295980272695,1.4196901660559567,33,1008.7492050650586,,6,mid
TRX,1,DONCHIAN_V2,2024-09-27 00:00:00+00:00,2024-10-01 08:00:00+00:00,0.1531306188315153,0.15387407539653727,3133.949690822604,479.90365554250144,0.15395105092199826,0.20042022096955625,SL,2.3299554720906603,0.48106863327854676,0.0,2.0888386665833645,7.410161699981862,0.2818884055645476,13,999.7320914368237,,6,large
NEAR,1,DONCHIAN_V2,2024-09-12 08:00:00+00:00,2024-10-01 08:00:00+00:00,4.141827993965149,5.150256402140496,16.153353618785182,66.9044122147027,5.15283281854977,10.332770910126062,SL,16.289500676485027,0.07504916255294522,0.0,16.24790372003943,7.500336761884526,2.166289892823026,57,1024.9971087850981,,6,mid
SOL,1,DONCHIAN_V2,2024-09-20 08:00:00+00:00,2024-10-01 08:00:00+00:00,151.06020477905273,149.11495253822548,0.5633793811307586,85.10420468190839,149.18954731188143,327.069757718614,SL,-1.0959150035804743,0.08455624718011814,0.0,-1.1379191484196383,7.437011475614359,-0.15300758270319015,33,1023.8591896366785,,6,mid
DOGE,1,PULLBACK_V2,2024-09-30 08:00:00+00:00,2024-10-01 08:00:00+00:00,0.1229545837417245,0.10969571280682387,563.6963447566891,69.30904942629033,0.1097505881008743,0.1361585793825747,SL,-7.473977081604185,0.06557206088548824,0.0,-7.504894617776529,7.443044078930508,-1.008309844492404,3,984.8189028051463,bull,6,low
SHIB,1,PULLBACK_V2,2024-09-30 08:00:00+00:00,2024-10-01 16:00:00+00:00,1.8769753921515074e-05,1.5919431259498908e-05,2618523.6498465138,49.149044545286564,1.5927394956977396e-05,2.1612112886052752e-05,SL,-7.463637300182803,0.04541722589519517,0.0,-7.484480003805356,7.442784169995157,-1.0056021823094496,4,977.3344228013409,bull,6,low
SUI,1,DONCHIAN_V2,2024-09-08 00:00:00+00:00,2024-10-03 08:00:00+00:00,0.8913782460093498,1.644132615367797,52.0923815591694,46.434015704662215,1.6449550929142542,2.8112442655667214,SL,39.21276782895217,0.0660403996191383,0.0,39.16994443718536,7.500779492494976,5.2221165115408965,76,1063.0291340738638,,6,mid
PEPE,1,PULLBACK_V2,2024-10-01 00:00:00+00:00,2024-10-03 08:00:00+00:00,1.0466093097420526e-05,8.757281503943044e-06,4366619.064649796,45.701441651596106,8.761662335110599e-06,1.2170523859730453e-05,SL,-7.461729281973367,0.041970577010609425,0.0,-7.480849138158178,7.442599861078114,-1.0051392359919942,7,969.8535736631827,bull,6,low
TRX,1,DONCHIAN_V2,2024-10-04 00:00:00+00:00,2024-10-05 00:00:00+00:00,0.15775154355168342,0.15441542983346465,2300.796507242389,362.9542004158088,0.1544926761715504,0.22292889115434367,SL,-7.6757187906411515,0.3591163410204883,0.0,-7.853358031453736,7.497990685776178,-1.0473950102861151,3,991.6972563051621,,6,large
TRX,1,DONCHIAN_V2,2024-10-09 00:00:00+00:00,2024-10-15 00:00:00+00:00,0.16003199642300606,0.1593340615997836,2428.0504043915466,388.5657536304664,0.1594137684840256,0.2212970295445287,SL,-1.694620929764202,0.38771844316558435,0.0,-1.8880564961145532,7.437729422288715,-0.2538485052248064,18,989.2000975814043,,6,large
ADA,1,DONCHIAN_V2,2024-10-15 00:00:00+00:00,2024-10-15 08:00:00+00:00,0.36447287937998774,0.34741341197471176,439.36657894976776,160.13720213315656,0.3475872055775005,0.7021863554297327,SL,-7.495359832561176,0.15638952221687596,0.0,-7.571680753711473,7.419000731860532,-1.0205795938522104,1,981.5483482266262,,6,large
SUI,1,DONCHIAN_V2,2024-10-07 16:00:00+00:00,2024-10-15 16:00:00+00:00,2.0831165541172028,1.9851163850182734,22.356562623918347,46.57132569504223,1.9861094397381422,6.83789298246662,SL,-2.1909469176148026,0.045475852236234834,0.0,-2.2131371070035164,7.972534273734341,-0.2775951825374695,24,1060.6716880744,,6,mid
DOGE,1,PULLBACK_V2,2024-10-15 16:00:00+00:00,2024-10-16 08:00:00+00:00,0.11293258447051048,0.12380675372988675,668.901299879395,75.54075255106403,0.1020584152111342,0.12380675372988675,TP,7.273745952705347,0.07917762552741671,0.0,7.232338703453463,7.273745952705347,0.9943073005957153,2,977.0273620212243,bull,6,low
PEPE,1,PULLBACK_V2,2024-10-06 16:00:00+00:00,2024-10-16 16:00:00+00:00,9.985996716568479e-06,1.043491272812389e-05,4161821.744213891,41.55993827266322,8.238228011052283e-06,1.1733765422084675e-05,TIME,1.8683084182170882,0.04249409248177176,0.0,1.846594294871648,7.27390180247387,0.2538657167799017,30,978.873956316096,bull,6,low
LTC,1,DONCHIAN_V2,2024-10-14 16:00:00+00:00,2024-10-21 08:00:00+00:00,66.98339522094726,71.08596612490241,3.2641917851010755,218.64664841839468,71.12152688834658,112.53207354581946,SL,13.391578242485108,0.22534243753963723,0.0,13.275559129154669,7.43398108051296,1.7857940429730859,20,994.8239073557809,,6,large
SOL,1,DONCHIAN_V2,2024-10-14 16:00:00+00:00,2024-10-21 16:00:00+00:00,156.7913465057373,166.19000244140625,0.6816410093267655,106.8754116858734,159.25113966017116,312.7294793855469,EOD,6.406509318304383,0.1100786663450256,0.0,6.349868357802293,7.97203697165435,0.7965176755175754,21,1067.3548092943397,,6,mid
AVAX,1,DONCHIAN_V2,2024-10-12 16:00:00+00:00,2024-10-21 16:00:00+00:00,29.109820891571044,27.753000259399414,2.9557915393499736,86.0425623032988,26.412621334319372,65.07248165492666,EOD,-4.010478944988385,0.0840373228308046,0.0,-4.0514949866675405,7.972359631262987,-0.508192702544416,27,1061.0049409365374,,6,mid
APT,1,DONCHIAN_V2,2024-10-04 16:00:00+00:00,2024-10-21 16:00:00+00:00,9.269353423690795,10.101699829101562,5.300098398540398,49.12848523640854,9.606478509099736,29.326134527351307,EOD,4.411517850348465,0.051334244161582776,0.0,4.384747848805087,7.972718505553978,0.549968978053166,51,1065.056435923205,,6,mid
BNB,1,DONCHIAN_V2,2024-10-14 16:00:00+00:00,2024-10-21 16:00:00+00:00,588.3176522094726,598.7000122070312,0.3825077904526267,225.03608523092225,585.4872520253989,977.0587524644428,EOD,3.9713335823498928,0.2270217520220972,0.0,3.8568298729432566,7.434824965832576,0.5187519397790364,21,1009.6125859623847,,6,large
ETH,1,DONCHIAN_V2,2024-10-14 16:00:00+00:00,2024-10-21 16:00:00+00:00,2636.367255908203,2666.909912109375,0.06464358781974931,170.42423823241342,2521.34480267651,4936.816320542061,EOD,1.974386878388881,0.17141143167160788,0.0,1.8881875658334797,7.435464056725949,0.25394347298679615,21,1005.7557560894414,,6,large
BTC,1,DONCHIAN_V2,2024-10-14 08:00:00+00:00,2024-10-21 16:00:00+00:00,64633.02402,67378.7,0.0033346997613432194,215.53172977438456,66698.24049076963,109232.37528343895,EOD,9.15600503523181,0.22010973229200048,0.0,9.043661167827002,7.436272300712601,1.216155192025495,22,1003.8675685236079,,6,large
LINK,1,SQUEEZE_V2,2024-12-02 08:00:00+00:00,2024-12-03 08:00:00+00:00,19.803959236907957,22.72258562686837,4.184315805435523,82.8660196451948,22.733952603169953,55.652113863560814,SL,12.212454533672576,0.0889722469120311,0.0,12.164915296583143,7.500000000000001,1.6219887062110856,3,1012.047473010651,,7,mid
NEAR,1,SQUEEZE_V2,2024-12-03 00:00:00+00:00,2024-12-09 16:00:00+00:00,7.485497006034851,6.704249772413474,9.640639057495841,72.16497480114776,6.707603574200574,23.0433656427204,SL,-7.531722594010825,0.06839911350414235,0.0,-7.564039220114394,7.499389801511013,-1.0086206238526707,20,1003.4740523721695,,7,mid
WIF,1,SQUEEZE_V2,2024-12-06 08:00:00+00:00,2024-12-09 16:00:00+00:00,3.5147027389526366,3.309084706322559,11.220069606181053,39.435209376083776,3.310740076360739,12.426852842246955,SL,-2.307048638395478,0.03828168505688603,0.0,-2.325612718764322,7.499620837477197,-0.31009737280886807,10,983.8925261147173,,7,low
SHIB,1,SQUEEZE_V2,2024-12-01 08:00:00+00:00,2024-12-09 16:00:00+00:00,3.057511475562933e-05,2.6924541702619862e-05,1678502.5277297029,51.32040740294956,2.6938010707973847e-05,9.01520283127732e-05,SL,-6.127496097138325,0.0482566593543804,0.0,-6.1500925527912305,7.5,-0.8200123403721641,25,993.7602256006353,,7,low
DOGE,1,SQUEEZE_V2,2024-12-02 00:00:00+00:00,2024-12-09 16:00:00+00:00,0.4408181515038013,0.374230501834484,112.94815902628882,49.78959867772603,0.3744177106898289,1.3261573623567675,SL,-7.5209524440368645,0.0460291224557076,0.0,-7.542086767153709,7.499807548472239,-1.0056373738136897,23,986.2181388334816,,7,low
SUI,1,SQUEEZE_V2,2024-12-03 16:00:00+00:00,2024-12-09 16:00:00+00:00,3.7687534874439237,3.8064281794254935,20.072703032175983,75.64906955493946,3.8083323455982923,11.331617378184255,SL,0.7562329039747525,0.07602718600692683,0.0,0.7180302527452954,7.590356047579881,0.09459770374990947,18,1004.1920826249147,,7,mid
AVAX,1,SQUEEZE_V2,2024-12-02 08:00:00+00:00,2024-12-09 16:00:00+00:00,48.47169420089722,47.905905157150784,1.6474269928951293,79.85357741791638,47.92987009219688,139.51899747770756,SL,-0.9320961429521994,0.07938752934644028,0.0,-0.9715568835896815,7.49968925242633,-0.12954628530446904,22,1011.0380915922839,,7,mid
LINK,-1,SQUEEZE_V2,2024-12-10 00:00:00+00:00,2024-12-12 00:00:00+00:00,22.230553610229492,25.878578427621708,2.071870706682549,46.05883281837047,25.8656456048193,-50.47128628156662,SL,-7.558235756405887,0.049837950696573416,0.0,-7.585044290693276,7.53144061968686,-1.0071173197417633,6,996.506739829535,,7,mid
APT,-1,SQUEEZE_V2,2024-12-10 00:00:00+00:00,2024-12-12 00:00:00+00:00,11.932712581825257,13.69910752119655,4.28000625165092,51.07208444936569,13.6922613905013,-23.258263591695616,SL,-7.560181383393685,0.05485217514106253,0.0,-7.589497516310065,7.5308799012183965,-1.007783634297791,6,988.917242313225,,7,mid
AVAX,-1,SQUEEZE_V2,2024-12-10 00:00:00+00:00,2024-12-12 08:00:00+00:00,44.98599993209839,51.52069754384284,1.1570633882395152,52.05165350477636,51.49495006880844,-85.19300280210271,SL,-7.561059359765707,0.05583218318465921,0.0,-7.590865716197978,7.531267899063792,-1.007913384297695,7,981.326376597027,,7,mid
PEPE,1,SQUEEZE_V2,2024-12-08 00:00:00+00:00,2024-12-18 16:00:00+00:00,2.4923983570261043e-05,2.009878049554145e-05,1557474.8547233217,38.81847769021878,2.0108834912997948e-05,8.912596566710231e-05,SL,-7.515132457809423,0.03506091146131407,0.0,-7.530784130425627,7.4994729554420365,-1.0041751167274855,32,976.3090765387883,,7,low
DOGE,-1,SQUEEZE_V2,2024-12-18 08:00:00+00:00,2024-12-21 00:00:00+00:00,0.38384322990179065,0.33292202760489814,146.453308042769,56.215110788938354,0.33275564978000816,-0.287969881910876,SL,7.457578525894956,0.05248632152599088,0.0,7.4331997597634345,7.379193945860379,1.0073186603170055,8,983.7422762985517,,7,low
SHIB,-1,SQUEEZE_V2,2024-12-18 08:00:00+00:00,2024-12-21 00:00:00+00:00,2.56598670664971e-05,2.3389385487714014e-05,1914108.9114110046,49.11578021760385,2.337769663939432e-05,-2.574078274470184e-05,SL,4.345949023143228,0.04694280570603224,0.0,4.323564107545997,7.37898313919492,0.5859295279563028,8,988.0658404060977,,7,low
SUI,-1,SQUEEZE_V2,2024-12-19 00:00:00+00:00,2024-12-21 00:00:00+00:00,4.334133038139344,4.841339376437019,14.579211680564589,63.18824301476201,4.83891991647878,-5.76160452864938,SL,-7.394668571765862,0.06688557730064494,0.0,-7.429960027559125,7.359394752882042,-1.009588461693735,6,973.7910795685391,,7,mid
NEAR,-1,SQUEEZE_V2,2024-12-10 00:00:00+00:00,2024-12-23 16:00:00+00:00,6.499699727535248,5.619067489678478,7.910279052210688,51.41443860038159,5.6162593599984785,-12.541531702242025,SL,6.966046743819829,0.04793141522847167,0.0,6.943822547891548,7.531072705363148,0.9220230396855155,41,980.7349021164306,,7,mid
AVAX,-1,SQUEEZE_V2,2024-12-19 00:00:00+00:00,2024-12-24 16:00:00+00:00,42.7694442779541,41.640777521421604,1.3549939640823014,57.95233884378213,41.619967537652784,-65.86000012163265,SL,1.5293366425618808,0.05718767052250119,0.0,1.5011251414612707,7.359612074152705,0.20396797091157715,17,982.2360272578918,,7,mid
SOL,-1,SQUEEZE_V2,2024-12-19 00:00:00+00:00,2024-12-29 00:00:00+00:00,206.50869305114747,197.0983826601415,0.4335576322536328,89.53341999904774,196.99988271878212,-133.0054696321705,SL,4.0799118918963035,0.08749346405309959,0.0,4.0371851378427275,7.359947824477702,0.548534477977665,30,986.2732123957345,,7,mid
NEAR,-1,SQUEEZE_V2,2024-12-30 16:00:00+00:00,2025-01-02 08:00:00+00:00,4.993001158046723,5.4647359588472675,15.77183195408537,78.74877521126656,5.462004956369083,-4.387074808400473,SL,-7.440122005120126,0.08246883621382663,0.0,-7.4832164537283195,7.397049092968008,-1.0116488831799462,8,978.7506215544005,,7,mid
SHIB,-1,SQUEEZE_V2,2024-12-30 16:00:00+00:00,2025-01-03 08:00:00+00:00,2.0710857573430986e-05,2.3481938995345255e-05,2685597.581362249,55.62102900714427,2.3470203893398558e-05,-1.6080426692803312e-05,SL,-7.4420095644508235,0.05934203378936968,0.0,-7.473541083736621,7.410493803045733,-1.008507837988472,11,980.4860432857994,,7,low
AVAX,1,SQUEEZE_V2,2025-01-02 16:00:00+00:00,2025-01-07 08:00:00+00:00,39.41988114852905,40.53376372219761,2.2183474020493374,87.44699093493307,40.554040742568894,105.59742362084941,SL,2.470978513485684,0.08868248019167592,0.0,2.4260195287614743,7.340238970874085,0.33050961125214984,14,980.94168139149,,7,mid
ETH,1,SQUEEZE_V2,2025-01-02 16:00:00+00:00,2025-01-07 08:00:00+00:00,3464.1927,3409.87958326298,0.03051423837817243,105.70720183572477,3411.585375950955,6741.249798621244,SL,-1.6573233911749414,0.10487854014013731,0.0,-1.7093483303972163,7.499767611465807,-0.2279201728576133,14,998.0407829970657,,7,large
DOGE,1,SQUEEZE_V2,2025-01-02 08:00:00+00:00,2025-01-07 08:00:00+00:00,0.33436687139868737,0.3576884028904072,199.3132655284803,66.6437530230138,0.3578673365586865,0.830076587048028,SL,4.648290598739971,0.06896789832238379,0.0,4.612644576929094,7.410114163519842,0.6224795563389895,15,985.0642841010748,,7,low
TRX,1,SQUEEZE_V2,2025-01-04 00:00:00+00:00,2025-01-07 16:00:00+00:00,0.27026403989195824,0.25389546765600857,461.69169986560667,124.77866399026433,0.25402247889545626,0.4868181865119848,SL,-7.5572339399885795,0.12100004702027005,0.0,-7.615844655013717,7.498593904945936,-1.0156363648377391,11,990.424938342052,,7,large
SOL,1,SQUEEZE_V2,2025-01-02 08:00:00+00:00,2025-01-07 16:00:00+00:00,205.93117738952637,204.35408695053053,0.5059176097839218,104.18420904489797,204.45631510808457,496.12189301981266,SL,-0.7978778253098506,0.10378527013224305,0.0,-0.8495709909196447,7.340629661658003,-0.11573543824955133,16,980.0921104005703,,7,mid
LINK,1,SQUEEZE_V2,2025-01-03 16:00:00+00:00,2025-01-07 16:00:00+00:00,23.472694012069702,21.39403063192064,3.54934691525131,83.3127340843775,21.40473299841985,64.8319142850668,SL,-7.377897456177938,0.07962378535628853,0.0,-7.415864874492038,7.339911044658079,-1.0103480586306612,12,972.6762455260782,,7,mid
NEAR,1,SQUEEZE_V2,2025-01-03 16:00:00+00:00,2025-01-07 16:00:00+00:00,5.80616082830429,5.377053656048231,17.212244000030474,99.93705688019249,5.379743527812137,14.33450683814737,SL,-7.3858973510344,0.09624410820467529,0.0,-7.432172930798979,7.339598621905263,-1.0126129933886883,12,965.2440725952792,,7,mid
BTC,1,SQUEEZE_V2,2025-01-04 00:00:00+00:00,2025-01-08 00:00:00+00:00,98214.93906,95426.40202743397,0.0013823808332124002,135.77044929166792,95474.13909698246,170545.2536781914,SL,-3.8548201465222673,0.1338430392184068,0.0,-3.9207779610948403,7.499103044130779,-0.5228329225537796,12,986.5041603809572,,7,large
SHIB,1,SQUEEZE_V2,2025-01-03 16:00:00+00:00,2025-01-08 00:00:00+00:00,2.3804759325867053e-05,2.1250050246703372e-05,2890494.390872988,68.80752330750016,2.1260680586996868e-05,5.772580917746951e-05,SL,-7.384372263634917,0.06511533717568271,0.0,-7.41508383915685,7.353645324643496,-1.0083548378798555,13,977.6492002619179,,7,low
PEPE,1,SQUEEZE_V2,2024-12-31 16:00:00+00:00,2025-01-08 16:00:00+00:00,2.109121767753095e-05,1.765614594772291e-05,2162804.3764135493,45.61617789685475,1.766497843694138e-05,6.677440755205856e-05,SL,-7.429388170523291,0.04190148381159311,0.0,-7.448481565386457,7.410285224186956,-1.0051545035101792,24,970.2007186965315,,7,low
WIF,1,SQUEEZE_V2,2025-01-02 16:00:00+00:00,2025-01-08 16:00:00+00:00,2.0114021179676054,1.6766210868735079,22.18905548394527,44.631113196108224,1.6774598167818988,6.463966133777028,SL,-7.4284748739193365,0.040916875759148555,0.0,-7.447076193080431,7.409864249446006,-1.0050219467431143,18,962.753642503451,,7,low
APT,1,SQUEEZE_V2,2025-01-03 16:00:00+00:00,2025-01-08 16:00:00+00:00,9.756951114463806,8.998980731849759,9.740583024828021,95.03839239962299,9.0034824730863,24.826323942013904,SL,-7.38307344221279,0.09134685567851661,0.0,-7.426901101691495,7.339223857941963,-1.0119463918047211,15,957.8171714935878,,7,mid
LTC,1,SQUEEZE_V2,2025-01-03 16:00:00+00:00,2025-01-08 16:00:00+00:00,109.3618643371582,100.41522856858884,0.6538911402561792,71.51075417196596,100.46546129923846,262.2796972457744,SL,-5.8501258641665315,0.06858569123988269,0.0,-5.882956178320431,7.499371209458923,-0.7844599252401702,15,980.6212042026367,,7,large
LTC,-1,SQUEEZE_V2,2025-01-13 16:00:00+00:00,2025-01-15 16:00:00+00:00,96.23075,107.5718072663432,0.6515871977235792,62.70272472733832,107.5180482422221,-54.26655989629464,SL,-7.3896877233992,0.06639756858903792,0.0,-7.424733929624569,7.354659031519775,-1.0095279601412486,6,973.1651189106484,,7,large
LINK,-1,SQUEEZE_V2,2025-01-09 00:00:00+00:00,2025-01-16 08:00:00+00:00,20.435912533950805,22.443939962350623,3.597550567683511,73.51922873764529,22.43272360055035,-19.50030879804006,SL,-7.223980214963823,0.07713121884512722,0.0,-7.264351819440128,7.183628786201909,-1.0112370830454476,22,950.3407718342314,,7,mid
LTC,1,SQUEEZE_V2,2025-01-16 00:00:00+00:00,2025-01-19 08:00:00+00:00,117.01339586334228,114.16924988982592,0.5538512664770749,64.80801749369544,114.22636307136159,292.70024808484965,SL,-1.5752338494777103,0.06402040056895658,0.0,-1.6068502412998191,7.297828920468939,-0.2201819553200169,10,971.4046018124784,,7,large
PEPE,1,SQUEEZE_V2,2025-01-16 00:00:00+00:00,2025-01-19 08:00:00+00:00,1.9070813211874337e-05,1.6384213607025217e-05,2695797.697488259,51.411054345799506,1.639240981193118e-05,5.478285854444977e-05,SL,-7.242529028825126,0.047789789831386945,0.0,-7.264613291483613,7.220433718511486,-1.0061186868676408,10,958.9978579213398,,7,low
DOGE,1,SQUEEZE_V2,2025-01-15 00:00:00+00:00,2025-01-19 08:00:00+00:00,0.3560211879014969,0.3782972232603216,163.73577140963874,58.29340383922754,0.3784864664935684,0.9440134355422445,SL,3.6473838334255544,0.06011709575594032,0.0,3.616413439589228,7.220652318775882,0.5008430374338144,13,966.2624712128235,,7,low
NEAR,1,SQUEEZE_V2,2025-01-15 16:00:00+00:00,2025-01-19 08:00:00+00:00,5.249049744987488,5.104242371996761,15.799797857974964,82.93392491725734,5.1067957698817015,14.341616675385723,SL,-2.287927221597875,0.08178996130645841,0.0,-2.3282502204457045,7.183035975520004,-0.3241317777581025,11,947.9702857750392,,7,mid
SHIB,1,SQUEEZE_V2,2025-01-17 08:00:00+00:00,2025-01-19 08:00:00+00:00,2.3852770237499498e-05,2.1012142644766033e-05,2551157.9564326443,60.85218457435662,2.1022653971751907e-05,6.158765378080072e-05,SL,-7.246889684464088,0.05722873973212457,0.0,-7.273692331909035,7.22007362899141,-1.0074263374132812,6,951.7241655894308,,7,low
AVAX,1,SQUEEZE_V2,2025-01-15 16:00:00+00:00,2025-01-19 16:00:00+00:00,39.34286608428955,35.98284105074733,2.1494016116960606,84.56361977031423,36.00084147148307,106.183358340419,SL,-7.222043222434746,0.08095259815909686,0.0,-7.2607140107086865,7.183353089094142,-1.0107694722304539,12,940.7095717643305,,7,mid
APT,1,SQUEEZE_V2,2025-01-15 16:00:00+00:00,2025-01-19 16:00:00+00:00,9.310661503601073,8.467788400066604,8.564759474118542,79.74357632327809,8.47202441227274,26.083403330167734,SL,-7.219005398976542,0.07613407362378982,0.0,-7.255267684438692,7.182724973301562,-1.0100996086313723,12,933.4543040798918,,7,mid
SOL,1,SQUEEZE_V2,2025-01-16 00:00:00+00:00,2025-01-19 16:00:00+00:00,205.91116911621094,254.33547523600942,0.5018442201431028,103.33533008387944,254.46270658930405,492.1524227403833,SL,24.301458140661147,0.11548605915421001,0.0,24.237639746548876,7.18242593489035,3.374575660962788,11,957.6919438264407,,7,mid
WIF,1,SQUEEZE_V2,2025-01-16 00:00:00+00:00,2025-01-20 00:00:00+00:00,1.7723543551683425,1.4847696974532265,25.171500013057894,44.61281767426315,1.4855124536800666,5.596913041678689,SL,-7.238937215431292,0.0409933490665475,0.0,-7.257624155660708,7.220240927057689,-1.005177559721439,12,944.4665414337701,,7,low
BNB,1,SQUEEZE_V2,2025-01-15 16:00:00+00:00,2025-01-26 16:00:00+00:00,704.2407955810547,664.5679390343677,0.18551711916412159,130.64872359404632,664.9003892289821,1228.7795469420228,SL,-7.3599940555528445,0.1269687265662699,0.0,-7.4216384203220915,7.298318853182416,-1.0168969826641518,33,963.9829633921563,,7,large
BTC,1,SQUEEZE_V2,2025-01-15 16:00:00+00:00,2025-01-27 00:00:00+00:00,99009.49794,99058.32595447125,0.0011299620236468004,111.87697265253612,99107.87989441845,185133.19931625412,SL,0.05517380204258667,0.11190455955355741,0.0,-0.0007922711847026809,7.298738391829863,-0.00010854905905238933,34,978.4642703561753,,7,large
XRP,1,SQUEEZE_V2,2025-01-02 00:00:00+00:00,2025-01-27 00:00:00+00:00,2.333466544675827,2.8802244505384706,26.55717345771043,61.970275784720144,2.8816652831800607,6.098927509836132,SL,14.520344545368735,0.06923044805740451,0.0,14.482099235203691,7.5,1.9309465646938255,75,978.46506262736,,7,large
LINK,1,SQUEEZE_V2,2025-01-16 16:00:00+00:00,2025-01-27 00:00:00+00:00,23.315663024139404,23.532756489168744,3.6229584123533067,84.4716774929008,23.544528753545514,62.6622686294022,SL,0.7865205953949747,0.08486493779059828,0.0,0.7438914963508267,7.127555788756736,0.1043683863582335,31,958.4358353227915,,7,mid
PEPE,-1,SQUEEZE_V2,2025-01-27 00:00:00+00:00,2025-01-31 08:00:00+00:00,1.4008197421026125e-05,1.4150355749538518e-05,2631244.516430484,36.85899264915064,1.4143284107484776e-05,-2.188609273468404e-05,SL,-0.3740533223631569,0.03704601931033222,0.0,-0.3926698453489138,7.083499060753276,-0.05543444588346658,13,944.0053206794248,,7,low
LINK,-1,SQUEEZE_V2,2025-01-27 08:00:00+00:00,2025-01-31 08:00:00+00:00,22.839431062698363,25.578368529379972,2.6365954993253373,60.218341147061814,25.565585736511718,-31.6836624135687,SL,-7.221470197586271,0.06382907624585495,0.0,-7.255190103258595,7.1877671434410235,-1.0093802370711322,12,951.015854601049,,7,mid
ETH,-1,SQUEEZE_V2,2025-01-27 08:00:00+00:00,2025-01-31 08:00:00+00:00,3069.386,3403.6226660302805,0.02206671963120351,67.73128030194123,3401.921705177692,-1364.423402369222,SL,-7.375506799758402,0.07141903370182043,0.0,-7.413060193309252,7.337972173520676,-1.010232802470897,12,970.9260949811013,,7,large
DOGE,-1,SQUEEZE_V2,2025-01-27 08:00:00+00:00,2025-02-03 08:00:00+00:00,0.3150069892704487,0.2617468290477944,130.97213431561892,41.25713770908793,0.26161602103727577,-0.40607663972329733,SL,6.975596858352861,0.037769339279911496,0.0,6.958456087927494,7.0831396432022125,0.9823971343845551,21,963.7596932268264,,7,low
SHIB,-1,SQUEEZE_V2,2025-01-27 00:00:00+00:00,2025-02-03 08:00:00+00:00,1.9082181956400747e-05,1.4935167713505683e-05,3091139.565134578,58.985687634527494,1.4927703861574896e-05,-1.1471214033544715e-05,SL,12.818999803389548,0.05257618773283272,0.0,12.795916459473979,7.083360839530841,1.8064753087351544,22,956.8012371388988,,7,low
APT,-1,SQUEEZE_V2,2025-01-27 00:00:00+00:00,2025-02-03 08:00:00+00:00,7.817336328315735,6.1108680654272,9.545354720974627,74.61924822693506,6.107814158348026,-7.243955734776888,SL,16.28884488935645,0.06647482578225683,0.0,16.25967968768766,7.188268764920935,2.2619743667676433,22,967.2755342887367,,7,mid
SOL,-1,SQUEEZE_V2,2025-01-27 08:00:00+00:00,2025-02-03 16:00:00+00:00,227.4545,213.041339149941,0.26003653367910595,59.1464797497142,212.93487171408395,-325.3900438832305,SL,3.747948386808739,0.05727250555630983,0.0,3.7202491211272863,7.187988942740084,0.5175646694455147,22,970.995783409864,,7,mid
NEAR,-1,SQUEEZE_V2,2025-01-27 08:00:00+00:00,2025-02-03 16:00:00+00:00,4.506098569488525,3.6006141953916186,14.6133198046779,65.84905946733743,3.59881478799762,-5.330516060617043,SL,13.2321327368167,0.059232993098929085,0.0,13.205824273451439,7.187279769255309,1.837388371876294,22,997.3441012891244,,7,mid
ADA,-1,SQUEEZE_V2,2025-01-27 08:00:00+00:00,2025-02-03 16:00:00+00:00,0.8870225579023362,0.7924587102690833,52.46538092619924,46.53797639047769,0.7920626789296186,-0.9777545711131302,SL,4.961328287925676,0.04405731224651485,0.0,4.9405399638744,7.337718181219543,0.6733074018186499,22,988.7908154507176,,7,large
AVAX,-1,SQUEEZE_V2,2025-01-27 08:00:00+00:00,2025-02-03 16:00:00+00:00,33.80723637619019,27.423296226628107,2.0631118024761674,69.7481083768196,27.409591430912652,-35.8694657398576,SL,13.170782268863002,0.0631627172423881,0.0,13.142493605809024,7.187541324661722,1.8285103364504927,22,984.138277015673,,7,mid
BNB,-1,SQUEEZE_V2,2025-01-27 00:00:00+00:00,2025-02-03 16:00:00+00:00,666.5666722045898,602.902777018061,0.2039722543994714,135.96110683712365,602.601476279921,186.86208040266058,SL,12.985668225047947,0.12946827272459968,0.0,12.924180505741909,7.338482027671315,1.7611517555004597,23,983.8502754868432,,7,large
BNB,1,DONCHIAN_V2,2025-04-22 16:00:00+00:00,2025-04-24 08:00:00+00:00,610.122,593.4111173778412,0.4568754761262005,278.7497792450697,593.7079713635229,938.4025727295406,SL,-7.6347924544878545,0.27493238301782574,0.0,-7.770349947883146,7.499167148439538,-1.0361617222387205,5,991.8511315855703,,8,large
XRP,1,DONCHIAN_V2,2025-04-23 08:00:00+00:00,2025-04-24 08:00:00+00:00,2.2576514426708223,2.1304189595253424,59.43025705148243,134.1728055705771,2.1314847018762806,4.780986258561654,SL,-7.561459178634274,0.13039207598125999,0.0,-7.624764851830245,7.4981218367673685,-1.016889964956541,3,984.2263667337401,,8,large
SHIB,1,DONCHIAN_V2,2025-04-25 08:00:00+00:00,2025-04-28 00:00:00+00:00,1.4142827620889875e-05,1.3232888278170413e-05,8302003.301174212,117.41380159656558,1.3239508032186506e-05,3.2209219394957255e-05,SL,-7.554319427125269,0.11363664188300293,0.0,-7.609249168209989,7.4993622074307025,-1.0146528408336386,8,992.2470049217521,,8,low
XRP,1,DONCHIAN_V2,2025-04-28 08:00:00+00:00,2025-04-30 08:00:00+00:00,2.33476690120697,2.1965312713568554,53.82725098943196,125.67408399308587,2.1976300864000553,5.077503197345267,SL,-7.4408439436243325,0.12195366202127372,0.0,-7.499960563649063,7.38169775050305,-1.0160210858183611,6,976.6635691280944,,8,large
PEPE,1,DONCHIAN_V2,2025-04-22 16:00:00+00:00,2025-05-03 16:00:00+00:00,8.428684956743381e-06,8.037072057803317e-06,11461353.853490725,96.60414080883005,8.04109260410537e-06,2.1516144075223972e-05,SL,-4.488414008343377,0.09435993380465837,0.0,-4.53447187174362,7.5,-0.604596249565816,33,987.7125330500085,,8,low
WIF,1,DONCHIAN_V2,2025-04-22 16:00:00+00:00,2025-05-04 08:00:00+00:00,0.47259449642300605,0.5568660320679255,155.46917754346703,73.47387767045372,0.5571446043701105,1.4373693608652094,SL,13.101626337040594,0.08002469083897401,0.0,13.058338585036847,7.499637734471966,1.7411959147059064,35,1000.7708716350453,,8,low
AVAX,1,DONCHIAN_V2,2025-04-22 16:00:00+00:00,2025-05-04 08:00:00+00:00,21.63632636947632,19.995948805821502,4.599912478074679,99.52520764665034,20.00595178171236,54.24381812475549,SL,-7.54559322380953,0.09575241103474558,0.0,-7.59158303102095,7.4995804101913,-1.0122677024310087,35,992.1425538382125,,8,mid
LINK,1,DONCHIAN_V2,2025-04-23 08:00:00+00:00,2025-05-04 16:00:00+00:00,14.738947261047363,13.800675816884642,8.051459519288867,118.67003722925637,13.807579606687986,33.36630034823491,SL,-7.554454550780854,0.11489280995386594,0.0,-7.610012342120092,7.498868966649551,-1.0148213518551716,34,984.5325414960924,,8,mid
ADA,1,DONCHIAN_V2,2025-04-23 08:00:00+00:00,2025-05-05 08:00:00+00:00,0.7011401751995087,0.6577292260370987,174.0316746023705,122.02059882096992,0.658058255164681,1.5627785758960626,SL,-7.554880178812576,0.11824315873156364,0.0,-7.612113038133654,7.497618688746479,-1.015270761843227,36,969.0514560899608,,8,large
APT,1,DONCHIAN_V2,2025-04-23 08:00:00+00:00,2025-05-05 16:00:00+00:00,5.324764691162109,4.9640194446202415,20.93000110143405,111.44733085090009,4.9665026959682255,12.490004595039778,SL,-7.550398407458384,0.10767213164717089,0.0,-7.602346873680105,7.498423954009942,-1.0138593016755992,37,976.9301946224124,,8,mid
SUI,1,DONCHIAN_V2,2025-04-23 00:00:00+00:00,2025-05-06 08:00:00+00:00,2.668033519077301,3.1876826729328323,33.80507385235904,90.19307015297754,3.1892773115886266,7.104768207730732,SL,17.56677802340212,0.09897645916467859,0.0,17.51289809931393,7.499207190662626,2.335299939588214,40,994.4430927217263,,8,mid
NEAR,1,DONCHIAN_V2,2025-05-09 00:00:00+00:00,2025-05-16 16:00:00+00:00,2.733546640062332,2.783176607997537,36.4413513168488,99.61413345150308,2.7845688924437586,6.826465994187403,SL,1.8085830973707393,0.10051842500018845,0.0,1.7578717390963023,7.45757560476008,0.23571624778088393,23,995.9948411083736,,8,mid
SHIB,1,DONCHIAN_V2,2025-05-09 00:00:00+00:00,2025-05-17 00:00:00+00:00,1.4389877592111588e-05,1.431336334793001e-05,8742219.790440366,125.79947266777228,1.4320523609734876e-05,3.1559359777984694e-05,SL,-0.6689043397347857,0.1254650204979049,0.0,-0.7314696238988044,7.504969347847655,-0.09746470505020545,24,999.8349089748989,,8,low
AVAX,1,DONCHIAN_V2,2025-05-09 08:00:00+00:00,2025-05-17 16:00:00+00:00,23.01260102005005,22.182331635863736,4.922305997334299,113.27506401525378,22.193428350038754,53.31222910411524,SL,-4.086839969183341,0.1112316440306621,0.0,-4.141434081206376,7.457202051759635,-0.555360315096886,25,991.8534070271672,,8,mid
ETH,1,DONCHIAN_V2,2025-05-08 08:00:00+00:00,2025-05-18 16:00:00+00:00,1928.1555735351562,2336.9814996681903,0.0754780654246119,145.5334525281166,2338.150574955668,3853.8773065605687,SL,30.857389999946694,0.16096214752808996,0.0,30.76919457868266,7.267487547744452,4.233814557856688,31,999.4010730469237,,8,large
BNB,1,DONCHIAN_V2,2025-05-08 08:00:00+00:00,2025-05-18 16:00:00+00:00,612.7224955810547,638.5901107963631,0.5183827730747023,317.6247863845591,638.9095655791526,893.0922213801887,SL,13.409326108140947,0.32432944943862957,0.0,13.243809051894598,7.26694179729747,1.8224735275600923,31,1012.6448820988182,,8,large
LINK,1,DONCHIAN_V2,2025-05-09 00:00:00+00:00,2025-05-18 16:00:00+00:00,15.883176114463806,15.016087076846627,7.465847776033497,118.58137507051796,15.023598876284769,35.862207320693244,SL,-6.473554763117239,0.11534459768895935,0.0,-6.529608673270939,7.458020284916594,-0.875515005835622,29,985.3237983538963,,8,mid
SHIB,1,DONCHIAN_V2,2025-05-23 00:00:00+00:00,2025-05-23 16:00:00+00:00,1.5549109413404948e-05,1.4313772540738827e-05,6105606.4745145235,94.93674310741997,1.4320933007242447e-05,4.011263753665494e-05,SL,-7.5424808079567915,0.09116550270344158,0.0,-7.586177939106523,7.498761817311742,-1.011657407439315,2,992.2012626642387,,8,low
SUI,1,DONCHIAN_V2,2025-05-08 16:00:00+00:00,2025-05-25 08:00:00+00:00,3.890878022289276,3.5298547809184773,20.760386704017638,80.77613236088872,3.531620591214084,11.076026643793114,SL,-7.494982099995681,0.07702864131089088,0.0,-7.531622675126128,7.458323195412947,-1.0098278765605466,50,977.7921756787703,,8,mid
DOGE,1,DONCHIAN_V2,2025-05-08 16:00:00+00:00,2025-05-28 08:00:00+00:00,0.18930785863101482,0.22086475397155927,667.1394890293188,126.29474807632975,0.22097524159235543,0.41432171737242063,SL,21.052851032842522,0.13682117359275103,0.0,20.979177233287935,7.505781537262839,2.7950689917013607,59,1013.1804398975266,,8,low
LTC,1,DONCHIAN_V2,2025-05-07 00:00:00+00:00,2025-05-29 16:00:00+00:00,91.56831305236817,93.16000366210938,1.1601478487484451,106.2327814012291,91.07881925892619,216.86072174864273,EOD,1.846596436764362,0.1071560796196113,0.0,1.7925567478453652,7.267885920674705,0.24664073809223405,68,1057.0720930613113,,8,large
TRX,1,DONCHIAN_V2,2025-05-08 16:00:00+00:00,2025-05-29 16:00:00+00:00,0.2543308569252491,0.27445000410079956,1060.6822403971773,269.7642231256072,0.26234576350253525,0.3913323155643195,EOD,21.340022101043413,0.2804342341761289,0.0,21.19446997843009,7.2657507043485285,2.9170378727342334,63,1078.2665630397414,,8,large
BTC,1,DONCHIAN_V2,2025-04-22 08:00:00+00:00,2025-05-29 16:00:00+00:00,88505.49756,105548.4,0.002509378011301445,222.0937494563577,103780.26809909828,148281.2664256103,EOD,42.76708463169172,0.24347729177220356,0.0,42.634654214647696,7.5,5.684620561953026,112,1055.279536313466,,8,large
PEPE,1,DONCHIAN_V2,2025-05-08 16:00:00+00:00,2025-05-29 16:00:00+00:00,9.875974970418611e-06,1.342999985354254e-05,9142296.962408274,90.28909597287821,1.2648717022303736e-05,2.6294842051236978e-05,EOD,32.49195089330732,0.10653507141953188,0.0,32.43056036987423,7.505307931957553,4.321016627683604,63,1045.6110002674009,,8,low
WIF,1,DONCHIAN_V2,2025-05-09 00:00:00+00:00,2025-05-29 16:00:00+00:00,0.6911381847381591,1.0549999475479126,96.36677186878065,66.60275577846535,1.050538795816593,2.2486247445336396,EOD,35.06418348845989,0.08413484752269529,0.0,35.01335001882643,7.504497599825151,4.665648773029418,62,1080.6243502862274,,8,low
SOL,1,DONCHIAN_V2,2025-04-22 16:00:00+00:00,2025-05-29 16:00:00+00:00,145.3690643371582,166.63999938964844,0.769700322166196,111.89061565330914,164.69285699714078,340.2501052828725,EOD,16.37224556267797,0.12007673843464811,0.0,16.308114132069978,7.500000000000001,2.1744152176093303,111,994.1002898108402,,8,mid
NEAR,1,DONCHIAN_V2,2025-08-09 08:00:00+00:00,2025-08-11 16:00:00+00:00,2.794558710336685,2.5973623301896116,38.283319322530495,106.9849834733783,2.5986616610201216,6.712499696667953,SL,-7.54933199041752,0.10321031747816956,0.0,-7.599049816159001,7.499589293327496,-1.0132621292901995,7,992.2333397192087,,9,mid
APT,1,DONCHIAN_V2,2025-08-09 08:00:00+00:00,2025-08-11 16:00:00+00:00,4.8379672931671145,4.530086144218099,24.538025840838788,118.71416645686755,4.532352320378288,10.950266748943655,SL,-7.554795588818087,0.1149367686624585,0.0,-7.610375274252112,7.499188099639472,-1.0148265616404508,7,984.6229644449567,,9,mid
AVAX,1,DONCHIAN_V2,2025-08-14 00:00:00+00:00,2025-08-14 08:00:00+00:00,25.482094682693482,23.770971174544975,4.345161351683705,110.72381297518457,23.7828626058479,59.46673621960511,SL,-7.435107735564331,0.10700625910740241,0.0,-7.486752088184141,7.3834375478506615,-1.0139927424947957,1,976.9162257187497,,9,mid
XRP,1,DONCHIAN_V2,2025-08-08 00:00:00+00:00,2025-08-14 08:00:00+00:00,3.3184636050224303,3.0902408930498937,33.08262599872547,109.7834903353393,3.091786786443115,7.851999976608736,SL,-7.550206624602275,0.10600838702303816,0.0,-7.601323266457643,7.4990644116404335,-1.0136362150268343,19,991.9137113072089,,9,large
NEAR,1,DONCHIAN_V2,2025-08-13 16:00:00+00:00,2025-08-14 16:00:00+00:00,2.9115822133541105,2.700674426406173,35.23742026677503,102.59664609322584,2.7020254391257357,7.102717697921607,SL,-7.4318463262199295,0.09888072293011588,0.0,-7.479428726103432,7.384240123234934,-1.0128907783712209,3,969.4367969926464,,9,mid
ADA,1,DONCHIAN_V2,2025-08-14 08:00:00+00:00,2025-08-14 16:00:00+00:00,0.9987997261047363,0.9219967581140851,97.44803999142472,97.33107565287841,0.9224579871076388,2.5256345060466865,SL,-7.484298696213093,0.09358892630477186,0.0,-7.529222084691426,7.439352834804066,-1.0120802510491125,1,984.335823684691,,9,large
PEPE,1,DONCHIAN_V2,2025-08-09 00:00:00+00:00,2025-08-14 16:00:00+00:00,1.1822363599458186e-05,1.0918306692290782e-05,8345939.49261223,98.66873126073935,1.092376857657907e-05,2.9794264057040488e-05,SL,-7.545204245097307,0.0948961291381907,0.0,-7.590766008605128,7.499619689311598,-1.0121534588511776,17,992.19348434092,,9,low
APT,1,DONCHIAN_V2,2025-08-13 16:00:00+00:00,2025-08-15 08:00:00+00:00,4.942988312244415,4.613116619770612,22.541719571464988,111.42345637964262,4.61542433193658,11.494267918401109,SL,-7.435875186308994,0.10770551878648812,0.0,-7.487868976905661,7.383855385812085,-1.0140866235399784,5,961.9489280157406,,9,mid
TRX,1,DONCHIAN_V2,2025-08-11 16:00:00+00:00,2025-08-16 08:00:00+00:00,0.34469892897605897,0.34699717491464044,846.8273988513951,291.9004974116578,0.34717076029478783,0.5217706060695748,SL,1.9462176300897267,0.29287360622670267,0.0,1.799294272568853,7.497457386167793,0.23998726233354878,14,986.1351179572599,,9,large
SHIB,1,DONCHIAN_V2,2025-08-09 00:00:00+00:00,2025-08-18 00:00:00+00:00,1.3249649824683729e-05,1.247858442997442e-05,9805209.656414961,129.9155944051057,1.2484826843396117e-05,2.854610945043596e-05,SL,-7.560457853931134,0.12613536547814014,0.0,-7.6216354222067215,7.4992496815693706,-1.0163197314176822,27,984.5718489187133,,9,low
BTC,1,DONCHIAN_V2,2025-08-11 00:00:00+00:00,2025-08-18 00:00:00+00:00,119329.8612,116464.40124610902,0.002671222714052343,318.75663570215335,116522.66257739771,175473.8336520458,SL,-7.654281715040971,0.31492949484463284,0.0,-7.809832892034527,7.498652723551675,-1.0414981437272726,21,978.3252850652254,,9,large
SOL,1,DONCHIAN_V2,2025-08-13 00:00:00+00:00,2025-08-19 00:00:00+00:00,191.82835128479005,179.4449333235666,0.6006899388207577,115.22936059734735,179.53470067390356,437.7013635025197,SL,-7.438594577519183,0.11151006330858776,0.0,-7.492489960529097,7.384672233337175,-1.014600204827669,18,954.4564380552116,,9,mid
ETH,1,DONCHIAN_V2,2025-08-08 00:00:00+00:00,2025-08-19 00:00:00+00:00,3909.2416529296875,4216.925509665693,0.035255886601632216,137.82378041406633,4219.035027179283,8163.612751610146,SL,10.84766716223748,0.1432476139951851,0.0,10.773331438449327,7.499581250816985,1.4365243975822928,33,989.0986165036747,,9,large
HYPE,1,DONCHIAN_V2,2025-08-10 16:00:00+00:00,2025-08-19 00:00:00+00:00,45.03500617675781,41.6869519227028,2.253775458852686,101.49879171045589,41.7078058256156,111.57901319960206,SL,-7.545762512696529,0.09772591045410764,0.0,-7.5927390272954085,7.498762498090352,-1.0125322717220326,25,976.9791098914179,,9,low
LTC,1,DONCHIAN_V2,2025-08-04 16:00:00+00:00,2025-08-19 16:00:00+00:00,117.82356305236816,112.4365292364237,0.9477429294348642,111.66644880370482,112.4927756242358,276.09432967200877,SL,-5.10552320968788,0.10911368719886089,0.0,-5.158803672484889,7.5,-0.6878404896646518,45,983.9398128311899,,9,large
DOGE,1,DONCHIAN_V2,2025-08-09 00:00:00+00:00,2025-08-19 16:00:00+00:00,0.2303760712891817,0.21323247059250477,440.22012792503864,101.41618357379139,0.21333914016258607,0.5711146938210944,SL,-7.546958091786895,0.09764270452789794,0.0,-7.593892704527897,7.5,-1.0125190272703863,32,969.38521718689,,9,low
HYPE,1,DONCHIAN_V2,2025-08-27 00:00:00+00:00,2025-08-29 08:00:00+00:00,48.82576509246826,44.16715980119757,1.5680734189319872,76.56238440051678,44.18925442841177,141.55597837359795,SL,-7.305035126537475,0.07290986683724804,0.0,-7.339663801174464,7.270389128901675,-1.0095283307460676,7,962.0072721935154,,9,low
LINK,1,DONCHIAN_V2,2025-08-08 08:00:00+00:00,2025-08-30 00:00:00+00:00,19.32986541366577,22.896989513592217,5.665935948876689,109.52177933423708,22.908443735459947,45.80386747677393,SL,20.21109667187765,0.11962732767017592,0.0,20.146230233874594,7.5,2.6861640311832793,65,974.6026682890862,,9,mid
SHIB,1,DONCHIAN_V2,2025-09-12 00:00:00+00:00,2025-09-15 08:00:00+00:00,1.3257651340063602e-05,1.3275515817628423e-05,13107805.482263256,173.7787149172205,1.328215689607646e-05,2.426503673571956e-05,SL,0.23416409696193122,0.17389579696570145,0.0,0.14715765745484,7.214133331728188,0.020398521996763192,10,972.5365407260497,,9,low
DOGE,1,DONCHIAN_V2,2025-09-09 00:00:00+00:00,2025-09-15 08:00:00+00:00,0.24172833225131035,0.2614151485234981,547.5920293492869,132.36850800871372,0.2615459214842402,0.5052476734668914,SL,10.780343673913864,0.13775867984567064,0.0,10.70876924807255,7.215054541451364,1.4842256820858901,19,972.3893830685948,,9,low
PEPE,1,DONCHIAN_V2,2025-09-13 00:00:00+00:00,2025-09-15 08:00:00+00:00,1.1543308476393576e-05,1.0821570158205254e-05,10069510.676152892,116.2354679411713,1.0826983650030268e-05,2.586980500365972e-05,SL,-7.267551700385944,0.11260169209097834,0.0,-7.322035658506337,7.213040486658697,-1.0151108498627228,7,965.2145050675433,,9,low
HYPE,1,DONCHIAN_V2,2025-09-09 08:00:00+00:00,2025-09-16 16:00:00+00:00,54.525902389526365,54.40599822998047,2.077680757346305,113.28741817166186,51.053493005150564,123.97409007704239,EOD,-0.24912256501429045,0.1131628568891547,0.0,-0.3056417128176142,7.214558159546332,-0.042364578129180076,22,964.9088633547257,,9,low
WIF,1,DONCHIAN_V2,2025-09-12 00:00:00+00:00,2025-09-16 16:00:00+00:00,0.909781939458847,0.963100016117096,129.31300550705924,117.64663694746493,0.8539988290651019,2.0254441473337486,EOD,6.894720740533953,0.1210939973177319,0.0,6.832450061689953,7.213481661547249,0.9471778514543882,14,971.7413134164157,,9,low
BTC,1,SQUEEZE_V2,2025-10-27 00:00:00+00:00,2025-10-30 00:00:00+00:00,114531.30167999999,108356.60204973813,0.0012253350377095403,140.33921686298552,108410.80745346485,196137.89136713522,SL,-7.566075804292006,0.13655617896083952,0.0,-7.632462374821353,7.499656023872462,-1.0177083256253552,9,992.205968264367,,10,large
ETH,1,SQUEEZE_V2,2025-10-27 00:00:00+00:00,2025-10-30 08:00:00+00:00,4158.281685351562,3813.9709229893265,0.02190148342707988,91.07253741685705,3815.8788624205367,8723.652657765237,SL,-7.5409164556417485,0.08730207918903618,0.0,-7.582682266122356,7.4991297518092255,-1.0111416280393033,10,984.6232859982447,,10,large
LTC,1,SQUEEZE_V2,2025-10-26 16:00:00+00:00,2025-10-30 16:00:00+00:00,99.15982738952637,91.00655804188473,0.9250416197587386,91.7269673434044,91.05208408392669,207.2630714641889,SL,-7.542113483671696,0.08795591060156856,0.0,-7.584205910601562,7.5,-1.011227454746875,12,977.0390800876431,,10,large
APT,-1,SQUEEZE_V2,2025-11-03 16:00:00+00:00,2025-11-07 00:00:00+00:00,2.839431914186478,3.160324869420431,23.486864719850495,66.68935324972395,3.158745496672095,-3.546839735525869,SL,-7.536769429132895,0.07045773796429039,0.0,-7.573882490472323,7.499674915050514,-1.009894772275114,10,992.3494281729714,,10,mid
AVAX,-1,SQUEEZE_V2,2025-10-30 16:00:00+00:00,2025-11-07 16:00:00+00:00,18.211357152557373,17.394207961251123,4.760178999099234,86.68931986269924,17.385515203649298,-13.300062907147218,SL,3.889776419586932,0.08474443165290577,0.0,3.848376647865376,7.5,0.5131168863820501,24,996.1978048208368,,10,mid
ADA,-1,SQUEEZE_V2,2025-10-30 16:00:00+00:00,2025-11-07 16:00:00+00:00,0.602479458451271,0.5649395003165616,102.808927479075,61.9402669515491,0.5646571717306963,-0.3478651313087018,SL,3.8594428334388553,0.06001054553482967,0.0,3.8304024213798002,7.327793100657323,0.5227225125988072,24,980.7148031534615,,10,large
BNB,-1,SQUEEZE_V2,2025-11-03 08:00:00+00:00,2025-11-07 16:00:00+00:00,1028.6942444091796,984.1014305593584,0.0852888682419617,87.73616787267888,983.6096257464852,-116.8340409262853,SL,3.80327062497573,0.08583453256019101,0.0,3.761304176351879,7.327560824656255,0.5133091715452701,13,984.4761073298134,,10,large
TRX,-1,SQUEEZE_V2,2025-11-03 16:00:00+00:00,2025-11-11 08:00:00+00:00,0.2874624873995781,0.3008034092395182,555.4890926575072,159.68227629866172,0.30065308269816915,0.11158788341836384,SL,-7.41073656808306,0.16338764458270325,0.0,-7.494283074516432,7.3272318140267325,-1.0227986864247844,23,976.9818242552969,,10,large
TRX,1,SQUEEZE_V2,2025-11-11 16:00:00+00:00,2025-11-18 00:00:00+00:00,0.2993998776912689,0.2868206382098414,589.2173217667296,176.41159407053587,0.28696412026997636,0.4652099766418364,SL,-7.411905797109033,0.17270564117198134,0.0,-7.4964056412457465,7.3273636819147265,-1.0230699562174383,19,969.397212817016,,10,large
TRX,-1,SQUEEZE_V2,2025-11-18 08:00:00+00:00,2025-11-28 00:00:00+00:00,0.2876924557209015,0.2813660874611626,479.43189380762317,137.92893888043758,0.2812254747238007,0.08550004220032517,SL,3.0330627156910697,0.13641240752259204,0.0,2.9656147776086965,7.270311879577808,0.40790750475767923,29,972.2328273266204,,10,large
NEAR,-1,SQUEEZE_V2,2025-12-01 08:00:00+00:00,2025-12-02 08:00:00+00:00,1.6636672343254089,1.8227368770356072,47.23868420595119,78.58945110608619,1.8218259640535805,-1.4995073602380249,SL,-7.514240618740543,0.08234657141545645,0.0,-7.5572924646029564,7.471210288043486,-1.011521851646611,3,988.5647845489755,,10,mid
ADA,-1,SQUEEZE_V2,2025-12-01 16:00:00+00:00,2025-12-02 08:00:00+00:00,0.37592478712797167,0.4223093229361428,157.92063217713363,59.36628003430367,0.4220982737992432,-0.23972170182231506,SL,-7.325075218069279,0.06302881764333831,0.0,-7.358420895695466,7.291746204949653,-1.009143857845814,2,969.131317449012,,10,large
LTC,-1,SQUEEZE_V2,2025-11-18 00:00:00+00:00,2025-12-02 08:00:00+00:00,91.19175708465576,82.3841916776406,0.48898147568494854,44.591079949558335,82.34302016755683,-107.05649177980644,SL,4.306736329913978,0.042437711784601345,0.0,4.286594158104156,7.27047909612762,0.5895889530013597,43,976.4897383447075,,10,large
APT,-1,SQUEEZE_V2,2025-11-29 16:00:00+00:00,2025-12-09 16:00:00+00:00,2.0315936648368838,1.8898760996995159,35.86650454368462,72.86616341079298,1.8889316338825748,-2.1346799273143513,SL,5.082913693919326,0.07032470656383333,0.0,5.049022069060889,7.471483536156276,0.6757723609544848,30,993.6138066180364,,10,mid
TRX,1,SQUEEZE_V2,2025-12-05 00:00:00+00:00,2025-12-10 08:00:00+00:00,0.28624724115729333,0.27744568803036573,839.0494642359873,240.17559433205642,0.277584480270501,0.4017507196478577,SL,-7.384938435593179,0.23648312511425984,0.0,-7.501333763541411,7.26848488086759,-1.0320354085466608,16,961.4347745138579,,10,large
ADA,1,SQUEEZE_V2,2025-12-09 16:00:00+00:00,2025-12-11 08:00:00+00:00,0.4667933276474476,0.4166920950308658,145.65785753176564,67.99211601525072,0.41690054530351756,1.1320304255665141,SL,-7.297638202631919,0.06434329691393476,0.0,-7.327985441538229,7.267275782515551,-1.008353839986194,5,954.1067890723197,,10,large
ETH,1,SQUEEZE_V2,2025-12-09 16:00:00+00:00,2025-12-15 16:00:00+00:00,3245.6890470703124,2957.4237351892125,0.025341501199180036,82.25063287849783,2958.903186782604,7069.500517573091,SL,-7.305075746716901,0.07859809500513937,0.0,-7.342548525282791,7.267584222388845,-1.0103148860198974,18,946.7187803054632,,10,large
APT,-1,SQUEEZE_V2,2025-12-12 16:00:00+00:00,2025-12-19 16:00:00+00:00,1.6216755790233612,1.629701515663508,46.446864507635325,75.32174589423913,1.6288870721274444,-1.587197023522385,SL,-0.37277959167176083,0.07550813569007502,0.0,-0.4106268544147163,7.4521035496352726,-0.055102140178233776,21,993.1655188906745,,10,mid
SHIB,-1,SQUEEZE_V2,2026-01-01 00:00:00+00:00,2026-01-01 08:00:00+00:00,6.905618769997091e-06,7.218968095494006e-06,24210051.72002166,167.18538758038196,7.215360415286364e-06,7.107858642116367e-07,SL,-7.586203376714224,0.17097848926873907,0.0,-7.673589172192772,7.498861252297896,-1.0233005937856676,1,984.4372503874547,,10,low
DOGE,-1,SQUEEZE_V2,2026-01-01 00:00:00+00:00,2026-01-01 08:00:00+00:00,0.11739651881754398,0.12345613532510231,1250.335547290937,146.78504060578464,0.1233944381060493,-0.0025618669525624277,SL,-7.576553922351144,0.1505733175669602,0.0,-7.653734719615212,7.499411696200168,-1.0205780172721064,1,992.1108395596475,,10,low
WIF,-1,SQUEEZE_V2,2025-12-29 16:00:00+00:00,2026-01-02 16:00:00+00:00,0.29304137942790986,0.3187001378493027,294.1131564010672,86.18732505966534,0.3185408674155949,-0.216948380325791,SL,-7.546578428648305,0.08996061427398949,0.0,-7.5934453803924615,7.499734898669143,-1.0124951725613591,12,976.7881647507961,,10,low
XRP,-1,SQUEEZE_V2,2025-12-15 16:00:00+00:00,2026-01-04 00:00:00+00:00,1.9236152247905731,2.077848224220834,46.34609846091984,89.15206060906836,2.0768098193111784,-0.11897936881749827,SL,-7.148097777517856,0.09272610949782728,0.0,-7.19624785671115,7.099971761332662,-1.013560067365735,58,939.3928465994305,,10,large
HYPE,-1,SQUEEZE_V2,2025-12-16 08:00:00+00:00,2026-01-04 16:00:00+00:00,26.291741484832766,26.856000900268555,2.6888172572975315,70.69368822882376,29.081071990520638,-29.494868628924667,EOD,-1.5171904538163659,0.07145228345573194,0.0,-1.553295893157686,7.5,-0.20710611908769144,58,975.2348688576384,,10,low
PEPE,1,SQUEEZE_V2,2026-01-02 00:00:00+00:00,2026-01-04 16:00:00+00:00,4.918983431343804e-06,7.169000127760228e-06,22622664.63904048,111.28051253228749,5.680417107661275e-06,1.1446312988414996e-05,EOD,50.901373155270505,0.13673119910992276,0.0,50.820282212426726,7.38327937790591,6.883158500612052,8,1026.0551510700652,,10,low
TRX,1,SQUEEZE_V2,2026-01-04 00:00:00+00:00,2026-01-04 16:00:00+00:00,0.2957491380572319,0.29381999373435974,891.927827962062,263.78688632903885,0.2878500164818981,0.4010707590616825,EOD,-1.7206575057247149,0.2629265575761765,0.0,-1.8516906201363719,7.0454463494957285,-0.26282090988726425,2,919.5533139975782,,10,large
BNB,-1,SQUEEZE_V2,2025-11-21 00:00:00+00:00,2026-01-04 16:00:00+00:00,865.8268,895.2000122070312,0.08948731683823791,77.48051717863765,947.0650682028369,-217.35010937115817,EOD,-2.6285299473273986,0.07879478215230135,0.0,-2.668584470890381,7.269794646057006,-0.36707838402805076,134,936.5923686853756,,10,large
BTC,-1,SQUEEZE_V2,2025-12-15 16:00:00+00:00,2026-01-04 16:00:00+00:00,86967.00312,91488.7,0.0012850573766356828,111.75758888325443,92492.35240119707,13295.67937070565,EOD,-5.810639930554555,0.11466290884853171,0.0,-5.86942404496146,7.100390852290974,-0.8266339370694873,60,926.7701853806795,,10,large
LTC,-1,SQUEEZE_V2,2025-12-14 16:00:00+00:00,2026-01-04 16:00:00+00:00,78.82422833862304,82.20999908447266,1.1534585883511987,90.92048314734069,85.02800625515076,-3.892810548413138,EOD,-3.905346344988479,0.09287315631983493,0.0,-3.9527592597346435,7.155800918042397,-0.5523853031976181,63,932.639609425641,,10,large
ADA,-1,SQUEEZE_V2,2025-12-18 00:00:00+00:00,2026-01-04 16:00:00+00:00,0.36692661358714107,0.4004000127315521,159.32899655132837,58.4620491508162,0.41148622040559113,-0.2272014773255261,EOD,-5.3332830968411065,0.06112869069923675,0.0,-5.365180762964935,7.0996374411053775,-0.755697851822924,53,921.4050046177147,,10,large
APT,-1,PULLBACK_V2,2026-03-13 08:00:00+00:00,2026-03-23 08:00:00+00:00,0.9255148688673973,0.9750949872493744,72.6358654352356,67.22557347336199,1.0287696446597672,0.8222600930750275,TIME,-3.6012948070563375,0.06902622087689017,0.0,-3.636708241196547,7.499999999999999,-0.48489443215953965,30,996.3296789720669,bear,11,mid
SUI,-1,PULLBACK_V2,2026-03-23 16:00:00+00:00,2026-03-28 16:00:00+00:00,0.951409695160389,0.8514581977870327,74.7581042545191,71.12558517956059,1.0513611925337452,0.8514581977870327,TP,7.472184461032661,0.06738949294904426,0.0,7.440357760673398,7.472184461032653,0.9957406431110967,15,1003.696056439104,bear,11,mid
BNB,-1,PULLBACK_V2,2026-03-23 16:00:00+00:00,2026-03-29 16:00:00+00:00,637.0725722045898,599.112785792342,0.1975671238288952,125.86459576073699,675.0323586168377,599.112785792342,TP,7.499605822626977,0.1221147928494235,0.0,7.440423327657922,7.499605822626977,0.9921085859218766,18,1014.6834097589752,bear,11,large
BTC,-1,PULLBACK_V2,2026-03-23 16:00:00+00:00,2026-03-29 16:00:00+00:00,70084.88021999999,65084.244995633315,0.0014998094568975213,105.11396613948602,75085.51544436667,65084.244995633315,TP,7.5,0.10136396613948603,0.0,7.451193016930257,7.5,0.9934924022573676,18,1007.2429864313174,bear,11,large
ADA,-1,PULLBACK_V2,2026-03-23 16:00:00+00:00,2026-03-29 16:00:00+00:00,0.2608478107988834,0.2349407442532691,289.44695720081666,75.50160512823113,0.2867548773444977,0.2349407442532691,TP,7.498721581627135,0.07175224433741756,0.0,7.464720139853832,7.498721581627135,0.9954657015328305,18,1022.1481298988291,bear,11,large
AVAX,-1,PULLBACK_V2,2026-03-23 16:00:00+00:00,2026-03-29 16:00:00+00:00,9.416116621208191,8.500366358161301,8.159945886805472,76.83500209290843,10.331866884255081,8.500366358161301,TP,7.4724725922905,0.07309876579676318,0.0,7.437791327540191,7.4724725922905,0.9953587966604133,18,1011.1338477666442,bear,11,mid
BNB,-1,PULLBACK_V2,2026-04-01 00:00:00+00:00,2026-04-02 08:00:00+00:00,617.0765722045899,582.8361282249278,0.22385575670347516,138.1361430148451,651.3170161842519,582.8361282249278,TP,7.664920496930192,0.13430368276638,0.0,7.599684885671234,7.664920496930192,0.991489068766586,4,1029.520016404856,bear,11,large
SHIB,-1,PULLBACK_V2,2026-03-23 08:00:00+00:00,2026-04-02 08:00:00+00:00,5.753849074699247e-06,5.866172820879001e-06,13536576.747348757,77.88741959232799,6.307903481509959e-06,5.199794667888534e-06,TIME,-1.5204790107119628,0.07864765909768398,0.0,-1.5601829600134827,7.5,-0.20802439466846437,30,998.4008733301904,bear,11,low
LTC,-1,PULLBACK_V2,2026-03-23 16:00:00+00:00,2026-04-02 16:00:00+00:00,55.04898937301636,52.25044967880249,1.9970031321074766,109.93300419726486,58.80418319811512,51.293795547917604,TIME,5.5886925346722025,0.10713865792992877,0.0,5.5365203788409065,7.499133830392874,0.7382879815269082,30,1035.0565367836969,bear,11,large
AVAX,-1,PULLBACK_V2,2026-03-31 08:00:00+00:00,2026-04-06 00:00:00+00:00,8.915216416931152,9.65403191069613,10.330980540157402,92.10292731460753,9.649207307042609,8.181225526819695,SL,-7.63268848885277,0.09591927155903392,0.0,-7.6825562967545,7.582845602394271,-1.0131495087185667,17,1003.245784778207,bear,11,mid
NEAR,-1,PULLBACK_V2,2026-03-30 08:00:00+00:00,2026-04-07 16:00:00+00:00,1.2037591961860656,1.308609371078715,72.78100412808523,87.6108030268386,1.307955393382024,1.0995629989901072,SL,-7.631101011692372,0.09142635353268479,0.0,-7.678721963711637,7.5835038582498315,-1.0125559513440772,25,995.5670628144954,bear,11,mid
SUI,-1,PULLBACK_V2,2026-03-31 08:00:00+00:00,2026-04-07 16:00:00+00:00,0.8714256522536278,0.9571545676053934,88.94368181619909,77.50780594052043,0.9566762294906481,0.7861750750166074,SL,-7.625045369495308,0.08132032862526808,0.0,-7.667611795150316,7.582500216416842,-1.011224738055292,22,987.8994510193452,bear,11,mid
BTC,-1,PULLBACK_V2,2026-03-31 08:00:00+00:00,2026-04-07 16:00:00+00:00,67333.33064,71666.20797436529,0.0017840354009522339,120.12504552578173,71630.3927779763,63036.2685020237,SL,-7.73000655249122,0.12399004880202734,0.0,-7.793934078530357,7.666110974241217,-1.016673787363454,22,1027.2626027051665,bear,11,large
ADA,-1,PULLBACK_V2,2026-03-31 08:00:00+00:00,2026-04-07 16:00:00+00:00,0.2434512942790985,0.265001188902168,357.89711517571254,87.1305159082828,0.26486875452490555,0.22203383403329147,SL,-7.712645117937173,0.09098683846725139,0.0,-7.7600666984502835,7.665247236364847,-1.012370046152667,22,1019.5025360067162,bear,11,large
SOL,-1,PULLBACK_V2,2026-03-31 00:00:00+00:00,2026-04-10 00:00:00+00:00,82.49350013580323,82.9265856628418,1.0658305399127592,87.92409178903644,89.60830406923075,75.3786962023757,TIME,-0.4615957811119222,0.0881548896795924,0.0,-0.5057886248969964,7.583175317738481,-0.06669879090278463,30,987.3936623944481,bear,11,mid
XRP,-1,PULLBACK_V2,2026-03-31 08:00:00+00:00,2026-04-10 08:00:00+00:00,1.3184362159490586,1.347569512653351,83.58770299728873,110.20505483961914,1.4101442092356924,1.2267282226624248,TIME,-2.435185352250277,0.11142264751574427,0.0,-2.491505472346212,7.6656605053204965,-0.3250216299843876,30,1017.01103053437,bear,11,large
APT,-1,PULLBACK_V2,2026-04-02 00:00:00+00:00,2026-04-12 00:00:00+00:00,0.8893221219301224,0.8271654219388962,74.06512631373315,65.86775529435171,0.9916943170442847,0.7869499268159601,TIME,4.603643836094984,0.06356593337630422,0.0,4.573011780365856,7.582209562144565,0.6031238971812878,30,991.966674174814,bear,11,mid
TRX,1,PULLBACK_V2,2026-04-20 00:00:00+00:00,2026-04-24 16:00:00+00:00,0.3287657460093498,0.3228999972343445,779.6921200995433,256.3360615221379,0.3189836232363798,0.33854786878231985,EOD,-4.573478098355214,0.2540493224729603,0.0,-4.699359390067106,7.627044043931023,-0.6161442575917038,14,1015.0032474573059,bull,11,large
NEAR,1,PULLBACK_V2,2026-04-14 16:00:00+00:00,2026-04-24 16:00:00+00:00,1.3839767531633376,1.4057188181161882,54.56866816680915,75.5217681939481,1.247639358349728,1.520314147976947,TIME,1.1864355276733143,0.07611498595778476,0.0,1.1480814258125036,7.439750056311104,0.15431720382038797,30,993.0769947165295,bull,11,mid
BTC,1,PULLBACK_V2,2026-04-19 16:00:00+00:00,2026-04-24 16:00:00+00:00,75821.86133999999,77386.8,0.001894563800751305,143.64935380034882,71795.82499011143,79847.89768988854,EOD,2.9648761356322817,0.14513179186816494,0.0,2.8915690206642912,7.6275827290077745,0.3790937605524257,15,1019.702606847373,bull,11,large
BTC,-1,PULLBACK_V2,2026-07-01 08:00:00+00:00,2026-07-01 16:00:00+00:00,58731.7513,61319.906044897965,0.0029325397222809474,172.23319364637567,61289.26141419087,52977.35354307056,SL,-7.589866596823185,0.17602812694478726,0.0,-7.679778126944785,7.5,-1.0239704169259713,1,992.234105276232,bear,12,large
LINK,-1,PULLBACK_V2,2026-07-01 00:00:00+00:00,2026-07-02 08:00:00+00:00,7.1955606266975405,7.77667246572048,12.99319018616884,93.49328771878939,7.772786072684139,6.618335180710942,SL,-7.550496643859391,0.09726853604071908,0.0,-7.601018536040715,7.5,-1.013469138138762,4,992.3199387778135,bear,12,mid
APT,-1,PULLBACK_V2,2026-07-01 00:00:00+00:00,2026-07-03 16:00:00+00:00,0.5710857731580734,0.6377120228972005,113.10399874919239,64.5920845729523,0.6373933262340835,0.5047782200820633,SL,-7.535695267157613,0.06835993220653111,0.0,-7.571759157077668,7.499649400171055,-1.0096150837271098,8,984.7481796207359,bear,12,mid
TRX,-1,PULLBACK_V2,2026-07-01 16:00:00+00:00,2026-07-03 16:00:00+00:00,0.3176064536809921,0.32366185280661586,1262.6737180689006,401.03332175205634,0.3235001027552383,0.30434574326393826,SL,-7.64599332834251,0.4048563184162276,0.0,-7.85033298588271,7.44175578957174,-1.0549033330122866,6,984.1832556294733,bear,12,large
PEPE,-1,PULLBACK_V2,2026-07-02 08:00:00+00:00,2026-07-03 16:00:00+00:00,2.372525315695384e-06,2.6325655967349156e-06,28987055.414918553,68.77252279935924,2.631249971749041e-06,2.1138006596417274e-06,SL,-7.537802036603891,0.07254142381766118,0.0,-7.575957199021873,7.499665942233093,-1.0101726206708967,4,992.3451155039908,bear,12,low
SHIB,-1,PULLBACK_V2,2026-07-01 00:00:00+00:00,2026-07-04 16:00:00+00:00,4.1991601485278805e-06,4.554972294429065e-06,21214259.048042305,89.08207117508626,4.552695946455837e-06,3.845624350599924e-06,SL,-7.548291035587544,0.09285621669288002,0.0,-7.596606216692881,7.5,-1.012880828892384,11,984.7485092872979,bear,12,low
XRP,-1,PULLBACK_V2,2026-07-13 00:00:00+00:00,2026-07-15 08:00:00+00:00,1.0850829087257385,1.1280861018674808,173.92726703308455,188.72550481897764,1.1275223406971324,0.989594186790102,SL,-7.47942785683912,0.1924652187473972,0.0,-7.577530323177029,7.38137441722105,-1.0265744419492309,7,976.4524248514425,bear,12,large
SHIB,-1,PULLBACK_V2,2026-07-05 08:00:00+00:00,2026-07-15 08:00:00+00:00,4.339132032237103e-06,4.27285424184447e-06,20269532.435773216,87.95217747053252,4.7035022436890475e-06,3.9747618207851585e-06,TIME,1.343419822134845,0.0872804675594651,0.0,1.300115443310646,7.3856138196547345,0.17603349905064822,30,985.9678731303726,bear,12,low
TRX,-1,PULLBACK_V2,2026-07-18 16:00:00+00:00,2026-07-19 08:00:00+00:00,0.32234550545215607,0.32676119136670073,1722.1840911750737,555.1383013514911,0.32659789242049053,0.3127776347734036,SL,-7.6046240336546775,0.5589406133683186,0.0,-7.885995496347251,7.323393186385817,-1.0768226279325424,2,968.2888602044195,bear,12,large
ADA,-1,PULLBACK_V2,2026-07-13 00:00:00+00:00,2026-07-21 00:00:00+00:00,0.16186761878430844,0.1720888213784982,728.2210350278837,117.875404888608,0.17200281996851396,0.13906341611984602,SL,-7.4432947323705605,0.1215970522547933,0.0,-7.5059540821810495,7.380666696577977,-1.0169750770158963,24,960.7829061222385,bear,12,large
WIF,-1,PULLBACK_V2,2026-07-14 08:00:00+00:00,2026-07-24 08:00:00+00:00,0.15236952188313008,0.14302860667705536,482.7147981591061,73.55102300141463,0.16766899898048432,0.13707004478577584,TIME,4.508997998321683,0.07129652400225381,0.0,4.474476985820137,7.38528399898922,0.6058639026518862,30,990.3839275094621,bear,12,low
SHIB,-1,PULLBACK_V2,2026-07-18 00:00:00+00:00,2026-07-25 08:00:00+00:00,4.1391718736122134e-06,4.403327358044357e-06,28229128.199866295,116.84521346147994,4.401126794647034e-06,3.877216952577393e-06,SL,-7.45687903473276,0.12057365297884631,0.0,-7.519030080980866,7.394759048477794,-1.0168052848900673,22,982.8648974284812,bear,12,low
ADA,-1,PULLBACK_V2,2026-07-29 00:00:00+00:00,2026-07-30 08:00:00+00:00,0.16166765539944172,0.17067026381256925,808.0763151750305,130.6398032581675,0.1705849713269058,0.1416036945626475,SL,-7.274794633443821,0.1342772005748894,0.0,-7.343751932389627,7.205871795916789,-1.0191344143190235,4,953.2745933074715,bear,12,large
LTC,-1,PULLBACK_V2,2026-08-02 08:00:00+00:00,2026-08-09 08:00:00+00:00,44.80103937301636,46.382055142504846,4.589416297857801,205.6106202594903,46.358875704652526,41.295907626834975,SL,-7.255939539660658,0.20923859002932066,0.0,-7.362372819560234,7.149559449806036,-1.0297659416986835,21,945.6292312954356,bear,12,large
ETH,1,PULLBACK_V2,2026-08-09 00:00:00+00:00,2026-08-11 08:00:00+00:00,1916.6833088378905,1861.5980177254435,0.13200843733703654,253.01836846967052,1862.5292823666266,2038.5298683982346,SL,-7.271723200009885,0.2493825068696656,0.0,-7.394596522644715,7.148788409980063,-1.034384583592024,7,938.2346347727909,bull,12,large
ADA,1,PULLBACK_V2,2026-08-09 00:00:00+00:00,2026-08-11 08:00:00+00:00,0.19933986603319645,0.18597382468179888,538.5244725927201,107.34939622223061,0.1860668581108543,0.2292041338584663,SL,-7.197940369413867,0.10375042603752367,0.0,-7.248016097340275,7.147839591098303,-1.0140149348576217,7,930.9866186754506,bull,12,large
XRP,-1,PULLBACK_V2,2026-07-29 16:00:00+00:00,2026-08-12 16:00:00+00:00,1.067286495232582,1.0053000450134277,185.96877444168476,198.4819614965643,1.0367693497723107,0.980109982314514,EOD,11.527544179246622,0.192718189406941,0.0,11.434066970587963,7.20538189665457,1.5868786879841519,42,942.4206856460386,bear,12,large
