symbol,side,tag,entry_ts,exit_ts,entry,exit,qty,notional,sl,tp,reason,gross,fees,funding,pnl,r_unit,r_multiple,bars_held,equity_after,regime,fold
DOGE,1,DONCHIAN_V2,2023-01-05 06:00:00+00:00,2023-01-05 09:00:00+00:00,0.07484496908336878,0.07270720839892772,3569.068067399397,267.12678916094666,0.07274358018902223,0.1084671913929135,SL,-7.629813394580473,0.26331188246365644,0.0,-7.759561882463656,7.5,-1.0346082509951542,3,992.1068747229558,,1
APT,-1,DONCHIAN_V2,2023-01-05 15:00:00+00:00,2023-01-06 18:00:00+00:00,3.698960177087784,3.827616202874755,58.70771039617316,217.157482843447,3.825703351199156,1.6710693913058345,SL,-7.553100702624086,0.22093403319475907,0.0,-7.665455994397122,7.440801560422169,-1.0301922356282012,27,984.1639590509604,,1
AVAX,-1,DONCHIAN_V2,2023-01-06 07:00:00+00:00,2023-01-06 20:00:00+00:00,11.507698228836059,11.767062515741209,29.35094974132593,337.7618723529126,11.76118192477882,7.451959093751889,SL,-7.612588149647897,0.3415681664277366,0.0,-7.785275379899177,7.439987219861505,-1.0464097786506816,13,976.1691360998503,,1
APT,1,DONCHIAN_V2,2023-01-06 19:00:00+00:00,2023-01-09 20:00:00+00:00,3.844168681526184,4.933221653383571,55.09849881473397,211.80792354270793,4.935689498132637,5.987371135190939,SL,60.00518387906673,0.2418105154822413,0.0,59.86927732535584,7.380452365811406,8.11187097456103,73,1035.521873375544,,1
LINK,1,DONCHIAN_V2,2023-01-06 20:00:00+00:00,2023-01-09 20:00:00+00:00,5.715143025112152,6.020298472986678,66.66133291742392,380.9790518676944,6.023310128050703,7.472388060657552,SL,20.342068902329377,0.39115008631885906,0.0,20.141408341944366,7.321268520748876,2.7510817674372294,72,1055.6632817174882,,1
DOGE,1,DONCHIAN_V2,2023-01-06 20:00:00+00:00,2023-01-09 20:00:00+00:00,0.07260451892763375,0.07522514906122463,3959.239053458903,287.4586467958837,0.07526278045145035,0.10217978767593829,SL,10.375701169584207,0.2926464973806758,0.0,10.226783995601474,7.3184724403018935,1.397393250985531,72,1065.8900657130896,,1
NEAR,1,DONCHIAN_V2,2023-01-06 19:00:00+00:00,2023-01-10 02:00:00+00:00,1.560311942768097,1.6031887593895906,132.8498572608212,207.28721887909632,1.603990754766974,2.449282977597685,SL,5.696178967963841,0.21013530836307825,0.0,5.589687269040311,7.381229692882204,0.7572840165684729,79,1071.4797529821299,,1
XRP,1,DONCHIAN_V2,2023-01-06 20:00:00+00:00,2023-01-10 02:00:00+00:00,0.34200837374925613,0.34296056201147374,1066.1797448522711,364.6424006613221,0.34313212807551147,0.4518561157968203,SL,1.0152038384624897,0.3651500025805533,0.0,0.8323750362125975,7.3198398493043735,0.11371492455421693,78,1072.3121280183425,,1
SOL,1,DONCHIAN_V2,2023-01-10 21:00:00+00:00,2023-01-11 12:00:00+00:00,16.62132363052368,15.75799101689559,9.3958584303901,156.1716037580981,15.765873953872525,30.30851845694216,SL,-8.111751015988212,0.152115728250104,0.0,-8.185780942359267,8.037684056137238,-1.0184253181871399,15,1063.4273407407265,,1
APT,1,DONCHIAN_V2,2023-01-10 09:00:00+00:00,2023-01-11 13:00:00+00:00,5.781555879306793,5.105511270446299,11.941282096933902,69.03918971398915,5.108065303097848,16.5574050986499,SL,-8.072839384514495,0.0650027700217319,0.0,-8.103322559679233,8.042340960137569,-1.0075825682899946,28,1055.3240181810472,,1
NEAR,-1,DONCHIAN_V2,2023-01-11 14:00:00+00:00,2023-01-11 19:00:00+00:00,1.5796840429067611,1.6277493244542183,167.50531948138237,264.6054802867388,1.6269358565259553,0.8236550249996544,SL,-8.051190341569402,0.2686310754575235,0.0,-8.187518676883556,7.914930136357855,-1.0344397911073837,5,1046.8745231617788,,1
ETH,1,DONCHIAN_V2,2023-01-10 19:00:00+00:00,2023-01-12 13:00:00+00:00,1341.0481853027343,1378.744493119687,0.3947921616755377,529.4353119867235,1379.4342102247992,1666.8771239295195,SL,14.882206850241202,0.5368764154118442,0.0,14.610048090822719,8.039669438557187,1.8172448758595556,42,1061.3229970768075,,1
XRP,1,DONCHIAN_V2,2023-01-11 15:00:00+00:00,2023-01-12 13:00:00+00:00,0.37218443119525907,0.36064687002228635,696.8244309680031,259.3472044827863,0.36082728366411837,0.5538987916935101,SL,-8.039654499115242,0.2553273772332287,0.0,-8.165308274107078,7.913937865806778,-1.0317629999834064,22,1053.1576888027005,,1
AVAX,1,DONCHIAN_V2,2023-01-11 20:00:00+00:00,2023-01-12 13:00:00+00:00,14.562912419700622,14.63696952292482,10.348332342161598,150.70185758885475,14.6442916687592,26.702544065235173,SL,0.7663675164617763,0.15108504134708564,0.0,0.690633403909118,7.851558923713341,0.08796130941885458,17,1053.8483222066095,,1
BTC,1,DONCHIAN_V2,2023-01-10 19:00:00+00:00,2023-01-12 14:00:00+00:00,17434.4862,18005.598614008573,0.036901951550146125,643.3665650540912,18014.605916967055,19836.211382515074,SL,21.075162631431393,0.6539041463698069,0.0,20.742941767588633,5.539271645121003,3.7447056393883553,43,1074.5912639741982,,1
NEAR,1,DONCHIAN_V2,2023-01-11 20:00:00+00:00,2023-01-14 09:00:00+00:00,1.6853369427680969,2.160807613470544,102.32167207828387,172.44649399933468,2.1618885577494185,2.912993783362457,SL,48.65095405045747,0.1967719710245634,0.0,48.54040532643258,7.850993791747382,6.182708407877753,61,1122.6958987439418,,1
APT,1,DONCHIAN_V2,2023-01-12 21:00:00+00:00,2023-01-14 09:00:00+00:00,6.356971156024933,7.172327005740883,15.947957508120762,101.38070587663495,7.175914963222494,14.44039766566179,SL,13.003260445267674,0.10788233609926878,0.0,12.946068462106723,8.057133905981589,1.6067833317869529,36,1135.6419672060485,,1
SOL,1,DONCHIAN_V2,2023-01-13 05:00:00+00:00,2023-01-14 09:00:00+00:00,16.96039213256836,22.19599900200609,9.23764338529235,156.6740541953845,22.20710255328273,30.915039901131593,SL,48.364669165452646,0.18085638877811083,0.0,48.262149803772225,8.05675372833455,5.990272438642446,28,1183.9041170098208,,1
LINK,1,DONCHIAN_V2,2023-01-14 09:00:00+00:00,2023-01-14 10:00:00+00:00,7.079415668678283,6.708643893241883,33.336413424487304,236.0023275348525,6.81306185417191,11.341076700780256,SL_GAP,-12.360201192079025,0.229822226938813,0.0,-12.472022255250412,8.879280877573656,-1.4046207600832765,1,1171.1628447677535,,1
DOGE,1,DONCHIAN_V2,2023-01-14 09:00:00+00:00,2023-01-14 10:00:00+00:00,0.09162832153737545,0.0863368074335158,1902.9177293320586,174.36115756241026,0.08696264643645461,0.1662791231521089,SL_GAP,-10.069316003245175,0.16932649956078766,0.0,-10.151461924024758,8.878395868845399,-1.143389197101088,1,1161.0113828437288,,1
AVAX,1,DONCHIAN_V2,2023-01-14 09:00:00+00:00,2023-01-14 10:00:00+00:00,18.113622610473634,16.771610686302186,7.07403986996218,128.1364885359389,16.85864777605105,38.19321996123495,SL_GAP,-9.493445857553485,0.12338976560716217,0.0,-9.552767378892678,8.87774201450454,-1.0760357040433566,1,1151.4586154648362,,1
XRP,1,DONCHIAN_V2,2023-01-16 03:00:00+00:00,2023-01-16 08:00:00+00:00,0.3947389280319214,0.38397341000557683,816.7581667943871,322.40624322173363,0.3841654927519528,0.5639138925114191,SL,-8.792824767789117,0.31800983083783907,0.0,-8.949631477016089,8.63593961598627,-1.0363239988905357,5,1142.2208886563105,,1
NEAR,1,DONCHIAN_V2,2023-01-16 03:00:00+00:00,2023-01-16 08:00:00+00:00,2.377475493478775,2.2135771597058835,53.041820753403734,126.10562897071128,2.214684501956862,4.982131357829383,SL,-8.693466041763257,0.12175889594982967,0.0,-8.75217212322773,8.634730592574188,-1.0136010648386113,5,1133.468716533083,,1
SOL,1,DONCHIAN_V2,2023-01-16 07:00:00+00:00,2023-01-16 08:00:00+00:00,24.668932357406614,22.989199424080905,5.175691796324803,127.67879082632089,23.000699773967888,51.36065369242624,SL,-8.693779963030472,0.12333190084480566,0.0,-8.753272468462118,8.634257696465548,-1.0137840189835068,1,1124.7154440646207,,1
AVAX,1,DONCHIAN_V2,2023-01-17 16:00:00+00:00,2023-01-18 00:00:00+00:00,17.76355222892761,16.953678930325296,10.525889364449892,186.9771854813193,16.96216001033046,30.585827726482005,SL,-8.524636740310068,0.18271486711116428,0.0,-8.613863014680573,8.435365830484654,-1.021160574156825,8,1116.0080924571994,,1
BTC,1,DONCHIAN_V2,2023-01-12 18:00:00+00:00,2023-01-18 16:00:00+00:00,18850.66938,20583.26488275256,0.017540882235912197,330.657371662696,20593.56166358435,26202.121259250212,SL,30.391253676253736,0.34585299850082285,0.0,30.21072936358426,8.059434479806486,3.7484924580352996,142,1146.144888548752,,1
ETH,1,DONCHIAN_V2,2023-01-12 18:00:00+00:00,2023-01-18 16:00:00+00:00,1428.9457661865233,1521.9858500748358,0.1979284227127748,282.82898164339605,1522.747223686679,2080.348482721599,SL,18.415277053077933,0.29203662016993504,0.0,18.264654923729697,8.058194514662752,2.266593948619035,142,1164.4095434724818,,1
APT,-1,DONCHIAN_V2,2023-01-18 09:00:00+00:00,2023-01-18 16:00:00+00:00,7.50459895772934,7.933365286775082,19.703457159542953,147.86654406317075,7.929400586481842,0.7077728976893134,SL,-8.448178995807279,0.15209063356107438,0.0,-8.526336357336767,8.370060693428995,-1.018670792199925,7,1155.883207115145,,1
APT,-1,DONCHIAN_V2,2023-01-18 16:00:00+00:00,2023-01-18 17:00:00+00:00,7.2712452929496765,7.807001659154891,16.75047644496767,121.79682300513561,7.788790216632611,-1.0094734859772823,SL_GAP,-8.974174392361922,0.12628391020131657,0.0,-9.039559891060671,8.669124053363587,-1.0427304806595028,1,1146.7827488125818,,1
DOGE,-1,DONCHIAN_V2,2023-01-18 17:00:00+00:00,2023-01-20 22:00:00+00:00,0.08110377528965473,0.08637322499768067,1645.6950101150023,133.4720782956732,0.08633005996769683,-0.0025167795590188002,SL,-8.671907090550244,0.13780803184094836,0.0,-8.742979083243355,8.600870616094364,-1.0165225677134442,53,1137.3765866924043,,1
APT,1,DONCHIAN_V2,2023-01-18 19:00:00+00:00,2023-01-21 23:00:00+00:00,8.055110875511168,11.674209904937706,12.545622468111155,101.05637998293943,11.680049929902657,19.023552009666368,SL,45.40385009789285,0.12375830503188587,0.0,45.33061998285243,8.600370095800754,5.270775498950413,76,1182.5446400560822,,1
BTC,1,DONCHIAN_V2,2023-01-19 19:00:00+00:00,2023-01-22 02:00:00+00:00,20982.79572,22621.835381901914,0.024035449267017228,504.3309220082462,22633.151957880855,26707.6672055035,SL,39.39505464027256,0.5240284493283824,0.0,39.123191651948304,8.599991134375818,4.549213021344334,55,1221.6678317080305,,1
NEAR,1,DONCHIAN_V2,2023-01-22 12:00:00+00:00,2023-01-22 19:00:00+00:00,2.543508582830429,2.4034888228213926,66.00176804946918,167.87606351580803,2.4046911684055954,4.7645872136277685,SL,-9.241551722458752,0.16325528765457864,0.0,-9.320868978355426,9.162194788094899,-1.017318360276154,7,1212.2211647358731,,1
SOL,1,DONCHIAN_V2,2023-01-20 19:00:00+00:00,2023-01-22 20:00:00+00:00,22.93258509635925,23.947690454043688,9.303063384336545,213.3432927181217,23.95967028918828,37.71773089276725,SL,9.443589484317936,0.21806508746028067,0.0,9.332196043216717,8.59669678066505,1.0855560317313842,49,1221.5533607790899,,1
LINK,1,DONCHIAN_V2,2023-01-20 22:00:00+00:00,2023-01-22 20:00:00+00:00,6.865372643566132,6.86234642367593,47.35842542406265,325.13323834872654,6.865779313332596,9.747334811458241,SL,-0.14331700898691588,0.3250615798442331,0.0,-0.3058119696567857,8.530324400193033,-0.03584998123281988,46,1221.247548809433,,1
ETH,1,DONCHIAN_V2,2023-01-19 20:00:00+00:00,2023-01-23 14:00:00+00:00,1551.7502293945313,1598.3851130965654,0.24112347063058504,374.16340086341586,1599.18470544929,2122.2861375536204,SL,11.244765010688175,0.37978578336875995,0.0,11.052060927751123,8.598099893418288,1.2854073649704052,90,1232.0860604976915,,1
NEAR,1,DONCHIAN_V2,2023-01-23 04:00:00+00:00,2023-01-24 00:00:00+00:00,2.672534331321716,2.503961439462757,54.74145962077396,146.29843018317985,2.505214046486,5.349658888693176,SL,-9.227926152854291,0.1416844671067527,0.0,-9.296461404869454,9.159356616070747,-1.014968823089402,20,1222.789599092822,,1
APT,1,DONCHIAN_V2,2023-01-22 05:00:00+00:00,2023-01-24 21:00:00+00:00,13.705840824508666,12.199737901923234,6.108339149686048,83.71992408771159,12.2058408223344,37.70584085929693,SL,-9.199787445485173,0.07912003036496901,0.0,-9.237047513806287,9.162508737810228,-1.0081351928962934,64,1213.3514929692574,,1
SOL,1,DONCHIAN_V2,2023-01-24 03:00:00+00:00,2023-01-24 21:00:00+00:00,24.868973120498655,23.780875590960708,8.521568712470483,211.92266325491076,23.79277197694918,42.088191417290275,SL,-9.272297863826997,0.20728651432299727,0.0,-9.373623046522539,9.170921993196167,-1.022102581777138,18,1203.977869922735,,1
AVAX,1,DONCHIAN_V2,2023-01-24 03:00:00+00:00,2023-01-24 21:00:00+00:00,18.65372961845398,17.745472995975216,10.196060527942583,190.19455626163207,17.754350171060747,33.0438007767457,SL,-9.260639497698168,0.18556423651278298,0.0,-9.351106456080135,9.17012728320896,-1.019735731825943,18,1194.626763466655,,1
XRP,1,DONCHIAN_V2,2023-01-23 09:00:00+00:00,2023-01-24 22:00:00+00:00,0.42199436992406847,0.40802613536074395,665.4118367803214,280.80004880212886,0.40823025048598693,0.6422202809333735,SL,-9.294628617360141,0.2761527344934488,0.0,-9.430381327452526,9.15880799695756,-1.029651602106429,37,1185.1963821392023,,1
SOL,-1,DONCHIAN_V2,2023-01-24 23:00:00+00:00,2023-01-25 12:00:00+00:00,22.99140108985901,24.22649023009084,7.264843325510525,167.02892675179766,24.214383038571555,3.4236899104582896,SL,-8.97272909682373,0.1715152913002095,0.0,-9.060729924748042,8.88477224732418,-1.0198044105719035,13,1175.4920552551002,,1
ETH,-1,DONCHIAN_V2,2023-01-24 22:00:00+00:00,2023-01-25 21:00:00+00:00,1598.5302055908203,1597.6685558334664,0.260334015874937,416.1517879188469,1596.8701207730799,1052.2183247606652,SL,0.22431674160961007,0.4160396295480421,0.0,0.016353006020991406,8.888972866044018,0.0018396957969643584,23,1175.456948126445,,1
NEAR,-1,DONCHIAN_V2,2023-01-24 22:00:00+00:00,2023-01-25 21:00:00+00:00,2.439512057209015,2.51675145158147,80.98450504172362,197.56267649638903,2.515493704729106,0.6840131547395736,SL,-6.255194122975777,0.20069027355787694,0.0,-6.357103058285459,8.885513107361044,-0.7154458027887023,23,1169.0998450681595,,1
LINK,-1,DONCHIAN_V2,2023-01-24 22:00:00+00:00,2023-01-25 22:00:00+00:00,6.834632765674591,7.0785076510087634,36.97889836350846,252.73719039378545,7.074970165925801,2.989234361655238,SL,-9.01822459818463,0.25724630269287774,0.0,-9.149102305680616,8.887412296839322,-1.0294450173009706,24,1159.5354916864253,,1
APT,1,DONCHIAN_V2,2023-01-25 13:00:00+00:00,2023-01-26 19:00:00+00:00,15.658830869865417,17.128316798787072,6.5726662614776785,102.9202693525496,17.136885241407775,37.12029582471296,SL,9.658440586739546,0.10774948964591938,0.0,9.602151231769902,8.816190414413251,1.0891497098419873,30,1168.9743262857312,,1
BTC,1,DONCHIAN_V2,2023-01-25 21:00:00+00:00,2023-01-27 01:00:00+00:00,22942.88766,22522.871284279172,0.02145140969692425,492.15728282516767,22534.1383534559,29482.876564705624,SL,-9.009943355004756,0.4876523111476653,0.0,-9.251517024739838,8.768248838011196,-1.0551157016248933,28,1159.610434151673,,1
XRP,1,DONCHIAN_V2,2023-01-25 21:00:00+00:00,2023-01-27 01:00:00+00:00,0.4146028994500637,0.40365874561638887,816.0697132871629,338.3448692822399,0.40386067595436603,0.586478475381226,SL,-8.931192481217606,0.3338792730416311,0.0,-9.095899319618116,8.766403248200602,-1.037586232584629,28,1150.5145348320548,,1
ETH,1,DONCHIAN_V2,2023-01-25 22:00:00+00:00,2023-01-27 01:00:00+00:00,1618.9737544189452,1575.0811120338776,0.20175327983970287,326.63326492841986,1575.869046557156,2308.6490802075705,SL,-8.855484562018543,0.3222055226474106,0.0,-9.014373452201744,8.69651618764819,-1.0365499537625207,27,1141.5001613798531,,1
LINK,1,DONCHIAN_V2,2023-01-26 21:00:00+00:00,2023-01-27 01:00:00+00:00,7.243448503017426,6.957407532998239,31.028068818751468,224.750218636707,6.960887976986732,11.764416919508523,SL,-8.875298902737747,0.22031256918533812,0.0,-8.983236362604732,8.767307447142983,-1.0246288745733576,4,1132.5169250172485,,1
XRP,-1,DONCHIAN_V2,2023-01-27 02:00:00+00:00,2023-01-27 17:00:00+00:00,0.4001099577665329,0.4112224550702778,778.7035150501781,311.5670305193775,0.41101694659697935,0.22559813647938995,SL,-8.653340711411794,0.3158937008750834,0.0,-8.813450897027188,8.493310540881675,-1.0376932357064481,15,1123.3776080173961,,1
AVAX,-1,DONCHIAN_V2,2023-01-27 02:00:00+00:00,2023-01-27 17:00:00+00:00,17.60647861022949,18.4062436643373,10.74184376109095,189.1260424140749,18.397045141766416,4.957414105638703,SL,-8.59095125680653,0.19342151804247817,0.0,-8.68980975364197,8.492142164517228,-1.0232765285007426,15,1114.687798263754,,1
NEAR,-1,DONCHIAN_V2,2023-01-27 01:00:00+00:00,2023-01-28 00:00:00+00:00,2.450509775209427,2.5896114549330247,61.635800944265,151.03913271678383,2.5883172962848824,0.24558943800214328,SL,-8.57364344245656,0.15532595443801211,0.0,-8.65344983053618,8.493876937629363,-1.0187868147935935,23,1105.6104307514145,,1
DOGE,-1,DONCHIAN_V2,2023-01-24 22:00:00+00:00,2023-01-28 04:00:00+00:00,0.08639271892011166,0.08866102900420432,2936.744442338016,253.7133371471083,0.08861672064388239,0.03797739531612451,SL,-6.661447032958394,0.25704406066358754,0.0,-6.791634425048428,8.886464532375344,-0.7642673191689463,78,1098.818796326366,,1
NEAR,1,DONCHIAN_V2,2023-01-28 04:00:00+00:00,2023-01-28 11:00:00+00:00,2.6395277389526366,2.520221140231965,69.81304661956577,184.27347309313743,2.521481881172551,4.528261463434008,SL,-8.329157138508073,0.1801088945238834,0.0,-8.417129296485388,8.241140972447745,-1.021354849362002,7,1090.1704178966538,,1
DOGE,1,DONCHIAN_V2,2023-01-28 05:00:00+00:00,2023-01-28 13:00:00+00:00,0.09066812967807054,0.08793873355578204,3068.606293617787,278.2247933606809,0.08798272491824115,0.13363460583534087,SL,-8.375442118630497,0.27403707230136565,0.0,-8.510366794251523,8.240449946923647,-1.0327551103479053,8,1081.6600511024023,,1
LINK,1,DONCHIAN_V2,2023-01-27 19:00:00+00:00,2023-01-28 15:00:00+00:00,7.446489171695709,7.172900765913276,30.963531456539837,230.56960170858335,7.176489010418485,11.766491752131298,SL,-8.47126320858894,0.22633397010428888,0.0,-8.582312377838937,8.360158486978156,-1.0265729281576192,20,1073.0777387245635,,1
ETH,-1,DONCHIAN_V2,2023-01-28 21:00:00+00:00,2023-01-29 00:00:00+00:00,1560.8578099365234,1588.97901794535,0.29448685752501036,459.65211149157665,1588.1849254826088,1123.623961199156,SL,-8.28132617632652,0.46379277457973994,0.0,-8.51529289516047,8.047476382389561,-1.0581320765096796,3,1064.2517320343686,,1
NEAR,-1,DONCHIAN_V2,2023-01-28 15:00:00+00:00,2023-01-29 13:00:00+00:00,2.4465106266975405,2.5695049051385785,66.12498503450183,161.77547857712457,2.568220794741208,0.4991479379988557,SL,-8.132994821242992,0.16584197598774608,0.0,-8.217949057942176,8.048083040434225,-1.0211063947345635,22,1056.0337829764264,,1
XRP,1,DONCHIAN_V2,2023-01-27 20:00:00+00:00,2023-01-30 09:00:00+00:00,0.4126525136947632,0.4041933914565373,1012.3980070389003,417.7685824641708,0.40439558925116287,0.5447633047923687,SL,-8.563998495278312,0.41348658321653164,0.0,-8.76860078726276,8.359293850971747,-1.0489642957393381,61,1046.8215546398249,,1
AVAX,1,DONCHIAN_V2,2023-01-27 22:00:00+00:00,2023-01-30 09:00:00+00:00,19.823963694763183,19.815179268178515,10.06343547161183,199.49717943382495,19.825091814085557,33.1120337457735,SL,-0.08840151008992175,0.19945297867877998,0.0,-0.18810589905178926,8.357727218787506,-0.022506824418598175,59,1046.633448740773,,1
BTC,1,DONCHIAN_V2,2023-01-29 19:00:00+00:00,2023-01-30 09:00:00+00:00,23686.63638,23295.27891910777,0.020859020402431323,494.080031515392,23306.93238530042,29761.90029519329,SL,-8.163333261394705,0.48999836488469467,0.0,-8.406291610521704,7.920253372323198,-1.0613665012153444,14,1038.2271571302513,,1
ETH,1,DONCHIAN_V2,2023-01-29 19:00:00+00:00,2023-01-30 09:00:00+00:00,1629.7658293945312,1596.1444763244479,0.24124635580824635,393.1750671622348,1596.942947798347,2154.931934933479,SL,-8.111028905500012,0.38911955270948484,0.0,-8.30356092462838,7.918400572205016,-1.048641180616114,14,1029.923596205623,,1
BTC,-1,DONCHIAN_V2,2023-01-30 10:00:00+00:00,2023-02-01 19:00:00+00:00,23188.66134,23429.79173020926,0.019234059361152755,446.01208871922796,23418.08268886483,16763.03743897928,SL,-4.637916239062878,0.4483310468387594,0.0,-4.863241241542023,7.724426971542172,-0.6295924939751334,57,1024.387255576256,,1
ETH,-1,DONCHIAN_V2,2023-01-30 10:00:00+00:00,2023-02-01 19:00:00+00:00,1587.9123344726563,1624.796717478998,0.21409045223733594,339.9568698004948,1623.98472511644,1010.7540841721201,SL,-7.896594238322814,0.3439051669196562,0.0,-8.070520970342223,7.722754426209475,-1.0450314130088738,57,1016.3167346059137,,1
SOL,-1,DONCHIAN_V2,2023-01-30 10:00:00+00:00,2023-02-01 20:00:00+00:00,24.01119754753113,24.837008443828235,6.397261644169373,153.6059131013946,24.824596145755358,4.699235605226566,SL,-5.282928372218612,0.1562473772875039,0.0,-5.362372792955418,7.721479587947723,-0.6944747741515008,58,1010.9543618129583,,1
NEAR,-1,DONCHIAN_V2,2023-01-30 10:00:00+00:00,2023-02-01 20:00:00+00:00,2.402519516324997,2.361035505335759,79.93781565843469,192.05216221177926,2.3598555775469854,0.8571375711862115,SL,3.3161412232301894,0.19039409160016418,0.0,3.221773212735915,7.720903565773593,0.4172792970783738,58,1014.1761350256942,,1
LINK,-1,DONCHIAN_V2,2023-01-30 20:00:00+00:00,2023-02-01 20:00:00+00:00,6.891621525859833,7.143148392112913,31.135160428068406,214.57174181717548,7.139578602811508,2.92430829463303,SL,-7.831329332758953,0.21848740648355497,0.0,-7.94253086833392,7.720183370165298,-1.0288008053057245,48,1006.2336041573602,,1
BTC,1,DONCHIAN_V2,2023-02-01 22:00:00+00:00,2023-02-03 08:00:00+00:00,23695.63818,23333.290379608497,0.015939638660267954,377.69991041364943,23344.962861039017,31268.412748542076,SL,-5.775693007583477,0.37481206390985766,0.0,-5.961655116286511,7.544205642389208,-0.7902296674933277,34,999.7435805804013,,1
DOGE,1,DONCHIAN_V2,2023-02-04 18:00:00+00:00,2023-02-04 23:00:00+00:00,0.09883976488709449,0.09559053071277612,2342.1133641898878,231.49393425545043,0.09563834988771998,0.15006240487708683,SL,-7.610074783053547,0.22768889686392363,0.0,-7.722016712789745,7.498076854353009,-1.0298663060924387,5,991.9058169004838,,1
SOL,1,DONCHIAN_V2,2023-02-01 20:00:00+00:00,2023-02-05 12:00:00+00:00,24.224843313217164,23.734477636003604,6.488265913945929,157.1772251398279,23.746350811409307,42.83505967924903,SL,-3.1816229088337566,0.15558641368541104,0.0,-3.2586207099492537,7.546752031180201,-0.43179114624224024,88,988.6471961905346,,1
LINK,1,DONCHIAN_V2,2023-02-01 21:00:00+00:00,2023-02-05 12:00:00+00:00,7.142427993965149,6.977586240873809,29.469323054996792,210.48251795121166,6.981076779263441,11.239522509507566,SL,-4.8577748748007,0.20805363051381132,0.0,-4.960587246338906,7.546162616585927,-0.6573655377417774,87,983.6866089441957,,1
AVAX,1,DONCHIAN_V2,2023-02-01 21:00:00+00:00,2023-02-05 12:00:00+00:00,20.274054457855225,20.6730483590009,8.149278646140324,165.21891906408564,20.683390054027914,35.08836847956023,SL,3.2515124785466827,0.166844675303359,0.0,3.1672772627753667,7.54537330714361,0.4197641566357937,87,986.853886206971,,1
NEAR,1,DONCHIAN_V2,2023-02-01 21:00:00+00:00,2023-02-05 19:00:00+00:00,2.3854769904613495,2.3371800321303366,61.27007276143828,146.15834877630368,2.3383492067337035,4.355705755313238,SL,-2.959158151097312,0.14467876970075502,0.0,-3.030757746409915,7.544753736197119,-0.4017039988819499,94,983.0699924400187,,1
ETH,-1,DONCHIAN_V2,2023-02-05 18:00:00+00:00,2023-02-06 15:00:00+00:00,1618.2462322998047,1649.6635405187976,0.24183917387706122,391.3553319490517,1648.8391209583185,1128.760013763584,SL,-7.597935865122262,0.39515429988161277,0.0,-7.797412499029349,7.398558919687907,-1.0539096307363418,21,975.2725799409893,,1
BTC,-1,DONCHIAN_V2,2023-02-05 18:00:00+00:00,2023-02-06 16:00:00+00:00,22847.62956,23152.06263329344,0.025270274534300984,577.3658714392104,23140.492387099894,18161.824326401696,SL,-7.69310733944619,0.5812124251089336,0.0,-7.985636828835518,7.4007240417058044,-1.0790345355175406,22,967.2869431121538,,1
ETH,1,DONCHIAN_V2,2023-02-06 16:00:00+00:00,2023-02-06 23:00:00+00:00,1648.699669116211,1616.1017435589417,0.228209277123366,376.2485596825432,1616.9101986582707,2157.331196443256,SL,-7.439149027145716,0.3725289851689704,0.0,-7.6235537324734155,7.254652073341154,-1.0508503585565288,7,959.4752650998391,,1
SOL,-1,DONCHIAN_V2,2023-02-07 00:00:00+00:00,2023-02-07 09:00:00+00:00,22.64546961860657,23.386210049771154,9.870424801136318,223.52040495687328,23.374522788376968,10.980618902280174,SL,-7.311422722971335,0.22717611631835893,0.0,-7.426838636811257,7.196064488248793,-1.0320694942269235,9,951.6751114475207,,1
LINK,-1,DONCHIAN_V2,2023-02-07 00:00:00+00:00,2023-02-07 09:00:00+00:00,6.828633923721314,7.003208090346326,42.05906884144316,287.20598429080883,6.999708236228212,4.091444923610942,SL,-7.342426892018958,0.2908771977368183,0.0,-7.4897010976103715,7.195226286730206,-1.0409264141453412,9,944.1854103499104,,1
AVAX,-1,DONCHIAN_V2,2023-02-07 00:00:00+00:00,2023-02-07 09:00:00+00:00,19.556087466049195,20.162548782275042,12.062926297314366,235.90364176678472,20.15247254600204,10.013926186803646,SL,-7.315698159804651,0.23956149084668704,0.0,-7.437307829767946,7.1941492642891145,-1.0337994885212962,9,936.7481025201424,,1
LINK,1,DONCHIAN_V2,2023-02-07 18:00:00+00:00,2023-02-07 19:00:00+00:00,7.132426241970062,6.961517652511597,42.3453218197905,302.0248845721412,6.966513917609888,9.787023431732855,SL_GAP,-7.237179222385154,0.29840629496094867,0.0,-7.3845730750600325,7.025610768901068,-1.0510933950038786,1,929.2125170027963,,1
XRP,-1,DONCHIAN_V2,2023-02-05 18:00:00+00:00,2023-02-07 23:00:00+00:00,0.3965906796634197,0.4050292064429415,898.1288859454664,356.1895453024625,0.40482679304641833,0.26481286553544187,SL,-7.578884655512883,0.35997898763021896,0.0,-7.76076887049187,7.397091337193099,-1.0491649375032284,53,921.3629773503512,,1
NEAR,1,DONCHIAN_V2,2023-02-07 22:00:00+00:00,2023-02-08 16:00:00+00:00,2.4864972610473632,2.580023470619477,71.40227608029005,177.54156390618888,2.5813141276833185,4.048149188150504,SL,6.677984236611126,0.18088055602449443,0.0,6.585874462539726,6.969093877520971,0.9450115866257259,18,927.6758623278351,,1
LINK,1,DONCHIAN_V2,2023-02-08 00:00:00+00:00,2023-02-08 16:00:00+00:00,7.198439426708221,7.002915430267371,35.986845141777046,259.04912491141107,7.006418639587164,10.270772020645142,SL,-7.0362917814182495,0.255530979020702,0.0,-7.162298197983246,6.910222330127633,-1.036478691395586,16,920.5135641298519,,1
ETH,1,DONCHIAN_V2,2023-02-08 01:00:00+00:00,2023-02-08 16:00:00+00:00,1687.347411767578,1645.892844290723,0.17004787704026159,286.9298452004567,1646.7162023919188,2337.446761778124,SL,-7.049261193061486,0.283405214603926,0.0,-7.189201485065184,6.909250895909216,-1.0405182259804344,15,913.3243626447868,,1
APT,-1,DONCHIAN_V2,2023-02-09 03:00:00+00:00,2023-02-11 13:00:00+00:00,14.383322711181641,14.084631590791327,8.706205688123918,125.22416600221153,14.07759279439413,1.7985012900914565,SL,2.6004663313342613,0.1239239328365444,0.0,2.5391544814988225,6.84787774001995,0.3707943654805124,58,915.269377486448,,1
SOL,-1,DONCHIAN_V2,2023-02-09 04:00:00+00:00,2023-02-12 15:00:00+00:00,22.33653140335083,21.48936988934095,8.28929044076473,185.15399624163723,21.478630574053923,9.122042565840264,SL,7.022367839865874,0.18164281232170432,0.0,6.933302025664988,6.846171000023024,1.012726971856483,83,922.1350945297122,,1
BTC,-1,DONCHIAN_V2,2023-02-08 16:00:00+00:00,2023-02-12 16:00:00+00:00,22864.9261,22055.207213394373,0.023966603486502067,547.9946175868721,22044.185120833958,18311.280581475945,SL,19.406211490809007,0.5382915118414675,0.0,19.141917287760975,6.8209635350345605,2.806336258718027,96,941.2770118174732,,1
APT,1,DONCHIAN_V2,2023-02-11 14:00:00+00:00,2023-02-12 21:00:00+00:00,14.146329028129577,13.421202785140105,9.555126600878108,135.16996480145508,13.42791674351186,25.64092558201304,SL,-6.928673053383503,0.13170562827476334,0.0,-6.992793699257539,6.86452033114836,-1.0186864284642188,31,934.1411057351108,,1
SOL,1,DONCHIAN_V2,2023-02-12 16:00:00+00:00,2023-02-12 22:00:00+00:00,21.42228286743164,21.17834088214346,13.361076780703772,286.2247662097091,21.18893534981837,29.876185443698915,SL,-3.2593275954726995,0.2845951024119727,0.0,-3.4008103147798177,7.059577588631049,-0.4817300004261703,6,930.740295420331,,1
ETH,-1,DONCHIAN_V2,2023-02-09 04:00:00+00:00,2023-02-14 14:00:00+00:00,1619.186107763672,1534.0596249166201,0.20374835126288515,329.90649984461646,1533.2929784274065,1081.4711779922811,SL,17.344380528895094,0.3212343095801689,0.0,17.188099469237233,6.847408149397442,2.510161377009453,130,947.4458809920168,,1
BTC,-1,DONCHIAN_V2,2023-02-12 22:00:00+00:00,2023-02-14 14:00:00+00:00,21735.652000000002,21917.56607944501,0.02569254316604804,558.4441772521985,21906.61277305848,17810.205128369063,SL,-4.673835338652729,0.5607810949215248,0.0,-4.9553943449481554,6.303419574712924,-0.7861438202253637,40,942.4904866470687,,1
AVAX,-1,DONCHIAN_V2,2023-02-13 02:00:00+00:00,2023-02-14 14:00:00+00:00,17.386521389770508,17.971502706703035,12.114101585619034,210.62208633621816,17.962521445980045,8.170520490417928,SL,-7.08652309900984,0.21416534788572308,0.0,-7.195377403727454,6.977723194244606,-1.031192726255231,36,935.2951092433412,,1
NEAR,-1,DONCHIAN_V2,2023-02-12 22:00:00+00:00,2023-02-14 15:00:00+00:00,2.2325534400463103,2.2562352469070532,87.77462075476826,195.96153151481815,2.255107693060523,0.9604849555608468,SL,-2.0786616159893816,0.19700086232281283,0.0,-2.177681712554785,6.978458049987787,-0.3120577206247727,41,933.0529061246568,,1
DOGE,-1,DONCHIAN_V2,2023-02-05 13:00:00+00:00,2023-02-15 03:00:00+00:00,0.09220155692249536,0.08679636489149009,1967.0090012319843,181.36129239415155,0.08675298839729145,0.03199722320024706,SL,10.63206137837476,0.17604526170496415,0.0,10.54669676286687,7.401404146552282,1.424958906990605,230,943.523979784396,,1
BTC,1,DONCHIAN_V2,2023-02-15 12:00:00+00:00,2023-02-16 20:00:00+00:00,22443.18774,24508.519985961404,0.02293269157939541,514.6827024998884,24520.780376149476,27379.36217422688,SL,47.363627405612874,0.5383645162026949,0.0,47.082604240660125,7.074985367638854,6.654798814993603,32,989.9623120202145,,1
ETH,1,DONCHIAN_V2,2023-02-15 12:00:00+00:00,2023-02-16 21:00:00+00:00,1572.0643499999999,1671.967725319048,0.24723316325178424,388.66644208586007,1672.8041273827394,2029.8058739589826,SL,24.699427499658494,0.4010161558356893,0.0,24.492744564865735,7.07305530750448,3.4628238434498093,33,1014.4550565850802,,1
APT,1,DONCHIAN_V2,2023-02-14 14:00:00+00:00,2023-02-16 22:00:00+00:00,14.318963340568542,15.009819998134256,9.012021973242039,129.04281225925092,15.017328662465488,26.772929103462133,SL,6.226015378342765,0.1321558199484223,0.0,6.158380964523968,7.014713319325059,0.8779233996003866,56,1020.6134375496042,,1
XRP,1,DONCHIAN_V2,2023-02-15 11:00:00+00:00,2023-02-16 22:00:00+00:00,0.38532705214619634,0.388973478097674,999.656948434017,385.19486509754194,0.3891680621287384,0.4985887843349174,SL,3.6451750393447875,0.3870174526172143,0.0,3.450755019276344,7.07642984838297,0.4876406737876266,35,1024.0641925688806,,1
SOL,1,DONCHIAN_V2,2023-02-14 15:00:00+00:00,2023-02-17 00:00:00+00:00,21.958391273117066,22.03721940748369,6.887854596182731,151.24620625531816,22.048243529248314,38.214011535050446,SL,0.5429567276056622,0.15151768461912096,0.0,0.46706214611420027,6.997896795934926,0.06674321724571823,57,1024.1310447280532,,1
NEAR,-1,DONCHIAN_V2,2023-02-16 23:00:00+00:00,2023-02-17 14:00:00+00:00,2.3245350476741793,2.4493700365533786,62.1144278843773,144.38716458346536,2.448145963571593,0.3467603933155594,SL,-7.754053914184067,0.1482641915405574,0.0,-7.830124523432891,7.67802132123173,-1.0198102083645635,15,1016.2162574432436,,1
AVAX,-1,DONCHIAN_V2,2023-02-16 23:00:00+00:00,2023-02-17 19:00:00+00:00,18.676264305114746,19.509957336290586,9.319424634321349,174.05203764218285,19.50020723267425,5.49317746416269,SL,-7.769539372202167,0.17793680732828393,0.0,-7.86045016070936,7.678674016372889,-1.0236728560098889,20,1008.3558072825343,,1
SOL,-1,DONCHIAN_V2,2023-02-17 00:00:00+00:00,2023-02-17 19:00:00+00:00,22.244550749206542,23.26523992101569,7.6120001101644235,169.3255227535183,23.253613114458464,6.099552905175781,SL,-7.769486088254877,0.17321026579764576,0.0,-7.858033592675763,7.680982835460399,-1.0230505341579443,19,1000.4977736898586,,1
XRP,-1,DONCHIAN_V2,2023-02-16 23:00:00+00:00,2023-02-17 20:00:00+00:00,0.38704258446693424,0.39711880297106716,777.5530829515089,300.94615478578453,0.39692034279966737,0.2289984511432045,SL,-7.8347947623816,0.30486355216697536,0.0,-7.9891852371556835,7.680481444266604,-1.0401932867267745,21,992.508588452703,,1
BTC,1,DONCHIAN_V2,2023-02-17 21:00:00+00:00,2023-02-17 22:00:00+00:00,24838.4667,24091.70958256684,0.010131701860210712,251.65593926917182,24103.761463298488,36593.75048722424,SL,-7.565920475823142,0.24787297903126027,0.0,-7.6879654852198165,7.443814413395271,-1.0327991884624625,1,984.396252283056,,1
XRP,1,DONCHIAN_V2,2023-02-17 21:00:00+00:00,2023-02-17 22:00:00+00:00,0.39984994563460347,0.3904472575527609,808.2488424210767,323.1782557012987,0.39064257884218195,0.5471678143133474,SL,-7.59971175779572,0.3193783998224008,0.0,-7.757501029767471,7.4418435517209485,-1.0424165700142307,1,976.6387512532885,,1
DOGE,-1,DONCHIAN_V2,2023-02-16 23:00:00+00:00,2023-02-18 02:00:00+00:00,0.0849929975733161,0.08864263605945505,2129.994494137966,181.0346168714448,0.08859833689100954,0.02730756849022102,SL,-7.7737098810699745,0.1849214718119798,0.0,-7.868114044446232,7.679352896186158,-1.0245803456113887,27,968.6710514097889,,1
NEAR,1,DONCHIAN_V2,2023-02-18 15:00:00+00:00,2023-02-19 08:00:00+00:00,2.6485296019077302,2.5314039020010215,62.70561640707824,166.07768126001775,2.5326702371195813,4.502279438518116,SL,-7.344439209760638,0.16240546165513745,0.0,-7.423805830785766,7.265032885573416,-1.0218544014477393,17,961.1642067383731,,1
SOL,1,DONCHIAN_V2,2023-02-19 13:00:00+00:00,2023-02-19 17:00:00+00:00,24.443886975860597,23.98776405972252,10.033531045164372,245.25849883678634,23.999763941693363,35.93931209483627,SL,-4.576523439482311,0.24297023711704518,0.0,-4.696864427180963,7.208731550537799,-0.6515521342767382,4,956.3447130617737,,1
ETH,1,DONCHIAN_V2,2023-02-17 21:00:00+00:00,2023-02-20 01:00:00+00:00,1711.532179394531,1664.1922589125707,0.16003623956445193,273.90717388385167,1665.0247712982198,2455.6507089355146,SL,-7.576102855213129,0.27011912245624514,0.0,-7.709268390727448,7.442870703623012,-1.035792330367201,52,948.6354446710463,,1
XRP,1,DONCHIAN_V2,2023-02-20 15:00:00+00:00,2023-02-20 16:00:00+00:00,0.4082816357553005,0.3986321224214852,752.8270918091927,307.365476484763,0.3988315381905805,0.559483196790821,SL,-7.264415060470205,0.3037332689545279,0.0,-7.414465591182352,7.114289466961321,-1.0421934088590359,1,941.0037805987515,,1
LINK,1,DONCHIAN_V2,2023-02-18 00:00:00+00:00,2023-02-21 08:00:00+00:00,7.6555306054115295,7.860292678689569,26.016694122565085,199.17159810692726,7.864224791085111,12.16020170613936,SL,5.327232228377007,0.20183521422111578,0.0,5.224982813209355,7.324790634399663,0.7133286224825445,80,946.2287634119609,,1
SOL,1,DONCHIAN_V2,2023-02-20 03:00:00+00:00,2023-02-22 02:00:00+00:00,25.762151369476317,24.307107923605294,4.930934684696261,127.03148574014605,24.319267557383984,48.84829236295366,SL,-7.174724194985397,0.12344412364265336,0.0,-7.234652575757977,7.1147658350328475,-1.016850412719813,47,938.5678335378533,,1
DOGE,-1,DONCHIAN_V2,2023-02-21 14:00:00+00:00,2023-02-22 09:00:00+00:00,0.08581283702254296,0.08707772441250547,3457.8667642430532,296.7293570856571,0.08703420730885104,0.05297540881865679,SL,-4.373812066261515,0.2989162631187879,0.0,-4.524363650837475,7.096715725589707,-0.6375292213725412,19,933.9753900287242,,1
DOGE,1,DONCHIAN_V2,2023-02-22 10:00:00+00:00,2023-02-22 15:00:00+00:00,0.08752749918848277,0.08426501704732574,2175.1865698643655,190.38864072860187,0.08430717063264205,0.13905275608193426,SL,-7.096507337867106,0.18684038705966832,0.0,-7.188153404562473,7.0048154252154315,-1.0261731349390129,5,926.6920423037974,,1
APT,-1,DONCHIAN_V2,2023-02-21 14:00:00+00:00,2023-02-22 22:00:00+00:00,13.412316961860657,13.765678033788909,13.550208935182852,181.7396971381088,13.758798634471674,5.034554807898042,SL,-4.7881163541879825,0.18413375531520282,0.0,-4.881380260934131,7.095026724716303,-0.6880002641750887,32,921.6587082978333,,1
LINK,-1,DONCHIAN_V2,2023-02-21 21:00:00+00:00,2023-02-23 02:00:00+00:00,7.624474727535248,7.799625276423155,28.908833005579055,220.41466665357436,7.795727412716797,3.6980096505213558,SL,-5.063397968636015,0.22294636563789239,0.0,-5.17613700094712,7.094345200852035,-0.7296144822957675,29,916.4087151536145,,1
BTC,-1,DONCHIAN_V2,2023-02-22 16:00:00+00:00,2023-02-23 02:00:00+00:00,23713.256400000002,24267.692781046735,0.012815932360088192,303.90749005982843,24255.564998547463,15036.31882324063,SL,-7.105619157467014,0.307460299638562,0.0,-7.261125712075661,6.95019031727848,-1.0447376806393607,10,909.1475894415388,,1
BTC,1,DONCHIAN_V2,2023-02-23 03:00:00+00:00,2023-02-23 11:00:00+00:00,24534.80598,24003.894201035448,0.013140405898637386,322.3973092215158,24015.902152111503,32837.26722621599,SL,-6.976396271961885,0.3189091110855349,0.0,-7.134106728436662,6.818606920811541,-1.0462704202323443,8,901.7029909937031,,1
ETH,1,DONCHIAN_V2,2023-02-23 03:00:00+00:00,2023-02-23 11:00:00+00:00,1672.1643220458984,1633.1680289580952,0.17856267212492075,298.58612957647216,1633.9850214688295,2283.033131279002,SL,-6.96328229672472,0.29510448842810977,0.0,-7.109093720364593,6.817397930901959,-1.0427869683446866,8,894.5938972733385,,1
APT,1,DONCHIAN_V2,2023-02-23 00:00:00+00:00,2023-02-23 12:00:00+00:00,13.892678187561035,13.23592610217262,10.632383803120385,147.71228654338782,13.24254737586055,24.294771174768787,SL,-6.982840235349324,0.14422086642571316,0.0,-7.053204958503343,6.912440312233749,-1.020363958300004,12,887.5406923148352,,1
LINK,1,DONCHIAN_V2,2023-02-23 14:00:00+00:00,2023-02-23 17:00:00+00:00,8.117623375511169,7.804647853676908,21.537283987032477,174.83155993815723,7.808552129741779,13.062763307821404,SL,-6.740642694734161,0.17146123859079015,0.0,-6.824688153355873,6.656555192361264,-1.0252582538769528,3,880.6285883815102,,1
DOGE,-1,DONCHIAN_V2,2023-02-24 16:00:00+00:00,2023-02-26 20:00:00+00:00,0.08177364220023155,0.08256174420739158,3725.4670841374505,304.6450123669958,0.08252048396540888,0.053413760739723065,SL,-2.936048086617369,0.3061130364103045,0.0,-3.0898386168441756,6.603362805697745,-0.46791895398782163,52,877.0973817055901,,1
AVAX,-1,DONCHIAN_V2,2023-02-24 16:00:00+00:00,2023-02-27 15:00:00+00:00,18.816235694885254,18.626642665423738,11.567804121886407,217.6625288296798,18.617333998424527,9.684379287448468,SL,2.1931750276858586,0.21656594131583684,0.0,2.085440350784862,6.602220386901368,0.3158695451794249,71,878.9782324443488,,1
ETH,1,DONCHIAN_V2,2023-02-26 21:00:00+00:00,2023-02-27 18:00:00+00:00,1642.338411767578,1615.127147631837,0.2491442817877758,409.1792240523096,1615.9351151894316,2064.7911570179203,SL,-6.7795308596366475,0.4057894586224913,0.0,-6.980730706232984,6.578230362791926,-1.061186720628955,21,871.9975017381158,,1
DOGE,1,DONCHIAN_V2,2023-02-28 01:00:00+00:00,2023-02-28 07:00:00+00:00,0.08273654057085514,0.0810803698907256,4047.4874254302886,334.8751075841391,0.08112093035590355,0.10858630401008049,SL,-6.7033300021906195,0.3315234425830438,0.0,-6.867415890981594,6.539162029413277,-1.0501981538447624,6,864.8534171436633,,1
LINK,-1,DONCHIAN_V2,2023-02-27 19:00:00+00:00,2023-02-28 14:00:00+00:00,7.189561784744263,7.408493991360252,30.386038245230846,218.46229935768932,7.404791595562471,3.745884811652929,SL,-6.65248240334622,0.22178854055936242,0.0,-6.765039794226738,6.539981263035869,-1.0344127180398675,19,857.9502358747451,,1
XRP,-1,DONCHIAN_V2,2023-02-24 16:00:00+00:00,2023-03-01 08:00:00+00:00,0.38135371406674384,0.3848009813342477,945.1293213108647,360.4285769552792,0.38460867699574985,0.26954316261838457,SL,-3.258113372913105,0.3620576336417357,0.0,-3.4399567180772013,6.604714412861326,-0.5208335293617831,112,854.3758329419877,,1
AVAX,-1,DONCHIAN_V2,2023-02-28 08:00:00+00:00,2023-03-01 08:00:00+00:00,17.37652316093445,17.79337069021783,15.899783105293524,276.2829493829672,17.784478450992335,10.849238520008308,SL,-6.62778530358324,0.2795968420347588,0.0,-6.769240670926515,6.486400628577474,-1.0436050837043456,24,847.6065922710612,,1
DOGE,-1,DONCHIAN_V2,2023-02-28 21:00:00+00:00,2023-03-01 08:00:00+00:00,0.08082383102029563,0.08279933357220703,3326.8953718972643,268.8924293604281,0.08275795459490959,0.04987785382647231,SL,-6.572290297125304,0.27217857450899074,0.0,-6.71002265695408,6.434626769060588,-1.0427990461261356,11,840.8965696141072,,1
BTC,1,DONCHIAN_V2,2023-03-01 09:00:00+00:00,2023-03-01 19:00:00+00:00,23874.97404,23412.993181475085,0.014006585385073043,334.4068624576623,23424.705534242206,31079.270132124733,SL,-6.470774341198581,0.33117147528706303,0.0,-6.634742385256813,6.306724272105804,-1.052010853653744,10,834.0221816650435,,1
APT,1,DONCHIAN_V2,2023-03-01 11:00:00+00:00,2023-03-02 14:00:00+00:00,13.280755633735657,12.696415954321772,10.9093389827995,144.88426515614648,12.702767337990766,22.528568365653932,SL,-6.37475964382646,0.14169688533423325,0.0,-6.44401439658262,6.305470246371588,-1.0219720567693988,27,827.5781672684609,,1
XRP,-1,DONCHIAN_V2,2023-03-02 15:00:00+00:00,2023-03-02 19:00:00+00:00,0.37480501005053524,0.3806521487115214,1097.0514546696286,411.18038149340447,0.3804619177526451,0.2842944868167774,SL,-6.414611973689918,0.41438768748024946,0.0,-6.623409470423465,6.205918823531447,-1.0672729790323694,4,820.4328213139597,,1
DOGE,-1,DONCHIAN_V2,2023-03-02 15:00:00+00:00,2023-03-03 05:00:00+00:00,0.08001399569958449,0.07598076286033148,4849.705622122384,388.0443247927511,0.07594279146459919,0.05954470579036109,SL,19.559991975853958,0.3782643288048242,0.0,19.37574980944551,6.204376897100846,3.12291631066116,14,839.8085711234053,,1
SOL,-1,DONCHIAN_V2,2023-02-22 03:00:00+00:00,2023-03-11 01:00:00+00:00,24.41311566772461,18.468050135087886,5.5773182922028655,136.15971658326484,18.458820724725523,4.219156111570641,SL,33.15752274351958,0.11958095521150505,0.0,33.10602164659971,7.0392587515339,4.703055082239404,406,872.914592770005,,1
LINK,-1,DONCHIAN_V2,2023-03-02 14:00:00+00:00,2023-03-11 01:00:00+00:00,7.210557493209839,6.3124378069159315,33.92917428367308,244.64826186956148,6.309283165333265,4.283596193122918,SL,30.472459363863774,0.2294120321876296,0.0,30.365371462610923,6.206836254513456,4.8922462616167754,203,903.279964232616,,1
NEAR,-1,DONCHIAN_V2,2023-02-21 14:00:00+00:00,2023-03-12 22:00:00+00:00,2.5444910762786868,1.9024317117598086,60.39356052554809,153.67087582195387,1.9014809712741716,0.6646607291345752,SL,38.77625109206581,0.13428275027592096,0.0,38.71880377970087,7.095602990500635,5.456731983389764,464,941.9987680123169,,1
DOGE,-1,DONCHIAN_V2,2023-05-05 13:00:00+00:00,2023-05-05 16:00:00+00:00,0.07787442323714495,0.07916439122972146,5996.414050854976,466.96728570144325,0.07912482881531381,0.05786793398644334,SL,-7.735182195838973,0.47083487679936276,0.0,-7.972533429787614,7.497949578199169,-1.0632951511128232,3,991.5205933539175,,2
ETH,1,DONCHIAN_V2,2023-05-05 12:00:00+00:00,2023-05-06 06:00:00+00:00,1912.0722793945313,1954.852979084526,0.2859615469460279,546.7791468882778,1955.8308945317917,2331.7091196674946,SL,12.233635062784328,0.55289596441967,0.0,11.954128671808798,7.500000000000001,1.5938838229078396,18,1003.2641150412308,,2
DOGE,1,DONCHIAN_V2,2023-05-05 17:00:00+00:00,2023-05-06 08:00:00+00:00,0.07938587346822024,0.07794534785867571,5305.90583172041,421.2139689912483,0.07798434002869005,0.10181040850070319,SL,-7.643293232424888,0.4173923223750359,0.0,-7.8500785703043,7.436404450154381,-1.0556282438539677,15,995.4140364709265,,2
SOL,-1,DONCHIAN_V2,2023-05-06 13:00:00+00:00,2023-05-07 17:00:00+00:00,22.16456682548523,22.746513675976992,13.082465646243444,289.9671840582776,22.73514610292553,13.035298386440443,SL,-7.613299679498031,0.29377383389802664,0.0,-7.762089921366918,7.464583795571114,-1.0398556884005135,28,986.8241922161545,,2
APT,-1,DONCHIAN_V2,2023-05-06 09:00:00+00:00,2023-05-10 12:00:00+00:00,9.421515245246887,8.607895504834026,28.91192295491735,272.39412288915725,8.603593707980037,5.290012661943433,SL,23.52331124941649,0.260632467264449,0.0,23.39887584359662,7.465605273531948,3.1342235473597047,99,1010.081826830626,,2
DOGE,-1,DONCHIAN_V2,2023-05-06 14:00:00+00:00,2023-05-10 12:00:00+00:00,0.07712457544207574,0.07397888173140255,4971.366488258992,383.4145297739378,0.07394191077601454,0.05310759455989537,SL,15.638396295567784,0.3755953316261539,0.0,15.4545082288286,7.462325869176785,2.0710042016073844,94,1025.5363350594546,,2
XRP,-1,DONCHIAN_V2,2023-05-10 18:00:00+00:00,2023-05-10 20:00:00+00:00,0.42206555603146556,0.4336192723317633,678.4433559382393,286.34757225992644,0.4334025710462402,0.24067331579507117,SL,-7.838542060332325,0.29026684329009267,0.0,-7.985635117492454,7.691522512945909,-1.0382385417258433,2,1017.259550155968,,2
DOGE,-1,DONCHIAN_V2,2023-05-10 18:00:00+00:00,2023-05-10 20:00:00+00:00,0.07204558442682028,0.07395468090574132,4107.843694835748,295.95199972847024,0.07391772204471897,0.042091382540441195,SL,-7.8422699337689235,0.2998731346953547,0.0,-7.994167068600043,7.690448709549935,-1.0394929308445882,2,1009.2653830873679,,2
DOGE,-1,DONCHIAN_V2,2023-05-11 15:00:00+00:00,2023-05-11 22:00:00+00:00,0.07087582395225764,0.07258989110807694,4511.582975287042,319.76216070244715,0.07255361430092648,0.04403117837355611,SL,-7.733156198693043,0.32362873880179366,0.0,-7.896903857143613,7.56949037315526,-1.0432543629554647,7,1001.1124746076584,,2
SOL,-1,DONCHIAN_V2,2023-05-08 00:00:00+00:00,2023-05-13 00:00:00+00:00,21.65466859664917,20.984739873190925,13.044875611439865,282.4824582502415,20.974252746817516,12.576858535962232,SL,8.739136866043502,0.2781128898172197,0.0,8.602265205351403,7.401181441621159,1.162282707592581,120,1009.5424758255707,,2
APT,-1,DONCHIAN_V2,2023-05-11 15:00:00+00:00,2023-05-13 23:00:00+00:00,8.151969019126891,8.36003915098339,23.58290174782624,192.24708442939294,8.355861220373203,3.017203945019591,SL,-4.906897476229052,0.19470053316750746,0.0,-5.0054744671818625,7.5682912650526255,-0.66137444924922,56,1004.5370013583888,,2
SOL,-1,DONCHIAN_V2,2023-05-14 01:00:00+00:00,2023-05-14 15:00:00+00:00,20.748849659347535,21.213301309278613,16.600247947383068,344.4360489681438,21.202699959298965,13.487244860124664,SL,-7.710012548427061,0.3482910552423573,0.0,-7.886085579185346,7.534027510187915,-1.0467290660302686,14,996.4786977547194,,2
APT,1,DONCHIAN_V2,2023-05-14 16:00:00+00:00,2023-05-15 00:00:00+00:00,8.58211654701233,8.336935260247191,31.006625374174707,266.10247269071715,8.341105813153767,12.43828828874932,SL,-7.602244307484745,0.26230135053697473,0.0,-7.731494421676361,7.472929535907372,-1.0346002039128812,8,988.5260591296278,,2
ETH,-1,DONCHIAN_V2,2023-05-06 14:00:00+00:00,2023-05-15 01:00:00+00:00,1900.3598422363282,1831.033503222369,0.16425653403028787,312.1465210960839,1830.118444000369,1173.351060496937,SL,11.387304163441648,0.3064528690143631,0.0,11.236924554975326,7.463496418630895,1.50558450419095,203,999.7629836846031,,2
BTC,-1,DONCHIAN_V2,2023-05-12 03:00:00+00:00,2023-05-15 01:00:00+00:00,26644.47004,27238.74905512159,0.012930562115177615,344.527974878209,27225.136486878153,17353.806889949537,SL,-7.6843617187762785,0.3483701557375971,0.0,-7.860467887074771,7.508343559557438,-1.046897737793193,70,991.9025157975284,,2
AVAX,-1,DONCHIAN_V2,2023-05-06 14:00:00+00:00,2023-05-15 06:00:00+00:00,16.78664291534424,15.264644279956864,23.684682577535792,397.5863089923683,15.25701577207083,11.746498989232876,SL,36.048054562592604,0.379562281711072,0.0,35.86728543537772,7.460888064690133,4.807374822459203,208,1027.769801232906,,2
APT,1,DONCHIAN_V2,2023-05-15 09:00:00+00:00,2023-05-15 14:00:00+00:00,8.921884232139588,8.619646638463223,25.86609087982727,230.7742683678205,8.623958617772109,13.68869406201925,SL,-7.81770506533316,0.22686541583515393,0.0,-7.929183346984404,7.706171016657581,-1.02893944733964,5,1019.4448984065092,,2
BTC,1,DONCHIAN_V2,2023-05-15 07:00:00+00:00,2023-05-16 00:00:00+00:00,27479.59482,27088.241938900133,0.020402946045216582,560.664690456873,27101.792835317792,33524.42657491533,SL,-7.984751717720607,0.5566723145980128,0.0,-8.261091687090182,7.708273509246795,-1.071717509398211,17,1011.1838067194191,,2
SUI,1,DONCHIAN_V2,2023-05-14 15:00:00+00:00,2023-05-16 17:00:00+00:00,1.17133422,1.1423927201298612,150.41474169471786,176.18593413948383,1.1429642022309765,1.966319089057987,SL,-4.353228227224659,0.1740093200258715,0.0,-4.4391445801807885,7.473590233160396,-0.5939775183932695,50,1005.9183899945755,,2
DOGE,-1,DONCHIAN_V2,2023-05-16 02:00:00+00:00,2023-05-16 21:00:00+00:00,0.0713357307985425,0.07262856916880665,6033.036129466023,430.37104122946903,0.07259227303229052,0.05123105505857424,SL,-7.799740597363632,0.4342709115281509,0.0,-8.01882598827705,7.580764694401748,-1.0577858977998356,19,997.8995640062984,,2
XRP,1,DONCHIAN_V2,2023-05-16 22:00:00+00:00,2023-05-17 08:00:00+00:00,0.4348869589984417,0.44358323044853104,884.2647847844036,384.5552232043008,0.44380513301503854,0.5703078756076585,SL,7.6898066022399965,0.3884001265054208,0.0,7.493684087336726,7.4842467300472375,1.001260962877079,10,1005.0066274312887,,2
SUI,-1,DONCHIAN_V2,2023-05-17 12:00:00+00:00,2023-05-17 15:00:00+00:00,1.1212757,1.1641451218956491,178.24474634985543,199.86150273475658,1.1635633402255363,0.44467345639141886,SL,-7.641249231954918,0.20368212735073404,0.0,-7.745000607938273,7.537549705734666,-1.0275223262601871,3,997.161696071983,,2
AVAX,-1,DONCHIAN_V2,2023-05-16 02:00:00+00:00,2023-05-17 19:00:00+00:00,14.897019618606567,15.19277811527607,26.30134481631929,391.8116497244446,15.185185522514814,10.286365156074623,SL,-7.778846203260819,0.39570107282607503,0.0,-7.978641451224672,7.579150802997138,-1.0527091568186713,41,989.1830546207583,,2
BTC,-1,DONCHIAN_V2,2023-05-16 02:00:00+00:00,2023-05-17 20:00:00+00:00,27020.494820000004,27461.048305482214,0.017767920934478744,480.0980155722525,27447.324643160635,20191.217649429916,SL,-7.827719497456951,0.484011875320981,0.0,-8.071682364991807,7.583878550395642,-1.0643211532667167,42,980.9905643006176,,2
AVAX,1,DONCHIAN_V2,2023-05-17 20:00:00+00:00,2023-05-18 12:00:00+00:00,15.233045542144776,14.914394245611113,23.63743924993501,360.0701885939405,14.921855173197711,20.2120914452978,SL,-7.5321006637274746,0.35630413826207674,0.0,-7.708369707692581,7.355743441151105,-1.0479389023506092,16,972.8773873514913,,2
DOGE,1,DONCHIAN_V2,2023-05-16 22:00:00+00:00,2023-05-18 17:00:00+00:00,0.072994597569108,0.0728930663577794,5324.861214842286,388.6861014887643,0.07292953112334107,0.09255432723263068,SL,-0.5406396092996675,0.38841578168411445,0.0,-0.7347123402393998,6.509552866130727,-0.11286679059972243,43,972.1426750112519,,2
APT,1,DONCHIAN_V2,2023-05-17 19:00:00+00:00,2023-05-18 17:00:00+00:00,8.710542075920104,8.438861307345347,27.738332263573657,241.61591029771049,8.44308284876973,12.989889710326077,SL,-7.5359714283496855,0.23784792458353565,0.0,-7.653011397784366,7.418872909655687,-1.0315598462165252,22,964.4896636134675,,2
BTC,1,DONCHIAN_V2,2023-05-17 20:00:00+00:00,2023-05-18 17:00:00+00:00,27388.9767,26927.246936481817,0.016413329318496272,449.5442942737213,26940.71729512938,34561.127177929884,SL,-7.578522664775329,0.4457550329413336,0.0,-7.799505550579802,7.357429232254631,-1.0600857044451244,21,956.6901580628877,,2
BTC,-1,DONCHIAN_V2,2023-05-18 18:00:00+00:00,2023-05-18 21:00:00+00:00,26486.60162,27006.80338293604,0.014160457532277347,375.0623974143584,26993.306729571254,18379.319866859943,SL,-7.366294972271574,0.37874554490049417,0.0,-7.55750931846489,7.175176185471657,-1.053285539352662,3,948.4702582536879,,2
DOGE,-1,DONCHIAN_V2,2023-05-18 19:00:00+00:00,2023-05-18 22:00:00+00:00,0.07198559690117837,0.0737876945280738,4062.5507970907697,292.44514406993704,0.07375081911851454,0.04374204142379952,SL,-7.321113150579401,0.29610570064522673,0.0,-7.470996279189659,7.171304926081408,-1.041790351434967,3,940.9992619744983,,2
BTC,1,DONCHIAN_V2,2023-05-20 18:00:00+00:00,2023-05-21 10:00:00+00:00,27141.02712,26923.530901615348,0.02080243885717391,564.5995571846989,26936.999401316003,30405.47061894396,SL,-4.524451784613246,0.5623373312923923,0.0,-4.8044893373132895,4.244274143092501,-1.131993168992755,16,935.7578241863815,,2
XRP,1,DONCHIAN_V2,2023-05-20 23:00:00+00:00,2023-05-21 15:00:00+00:00,0.4700439805090427,0.46274041382849207,658.0178818313832,309.29734442215226,0.4629718997783812,0.5831972721996271,SL,-4.805877476950209,0.30689440568367715,0.0,-4.9581232104228095,4.653555582530429,-1.0654483700669086,16,930.5223603353759,,2
XRP,-1,DONCHIAN_V2,2023-05-21 16:00:00+00:00,2023-05-22 06:00:00+00:00,0.45947807663679124,0.4669746566876972,650.3605545392704,298.82641672014097,0.4667412860446749,0.34326672611065245,SL,-4.875479959055243,0.30126415669966855,0.0,-5.027330907394841,4.723704898246066,-1.064277090904115,14,925.345616219621,,2
LINK,-1,DONCHIAN_V2,2023-05-18 19:00:00+00:00,2023-05-22 10:00:00+00:00,6.442710967350006,6.586485461275576,51.056310828854535,328.941053729492,6.5831938643434045,4.194984615455631,SL,-7.34059525112513,0.3326113513550546,0.0,-7.508736075615438,7.1725384550328934,-1.0468728920298278,87,917.8368801440056,,2
BTC,-1,DONCHIAN_V2,2023-05-21 12:00:00+00:00,2023-05-22 13:00:00+00:00,26831.43264,27022.26359809366,0.020672816416769994,554.6812811656503,27008.75921848442,23091.35069791626,SL,-3.9450133633066033,0.5566537878473036,0.0,-4.224326510571082,4.832376710773335,-0.8741716061070608,25,913.3115931625085,,2
AVAX,-1,DONCHIAN_V2,2023-05-18 18:00:00+00:00,2023-05-23 03:00:00+00:00,14.527093733024598,14.851920018900788,22.601381411165303,328.3323862558381,14.844497770015781,9.448629141165673,SL,-7.341522779459989,0.3320031476455681,0.0,-7.509359733977639,7.173769701481353,-1.046780151365465,105,905.5291802908221,,2
DOGE,1,DONCHIAN_V2,2023-05-22 11:00:00+00:00,2023-05-24 02:00:00+00:00,0.07348469045162201,0.0722071108698315,1719.4428667254253,126.35272681056745,0.07224323248607453,0.0933480179003817,SL,-2.196725098583737,0.12525436426127556,0.0,-2.258803099439729,2.134616043200068,-1.0581777020908587,39,903.1139934111261,,2
LINK,1,DONCHIAN_V2,2023-05-22 10:00:00+00:00,2023-05-24 03:00:00+00:00,6.563312197780609,6.465075110858238,72.45856980597354,475.56821504128385,6.468309265490983,8.083359114414627,SL,-7.118118820300093,0.4720091556311338,0.0,-7.352343868410585,6.883776601080041,-1.0680683430745017,41,895.7616495427155,,2
BTC,1,DONCHIAN_V2,2023-05-22 14:00:00+00:00,2023-05-24 03:00:00+00:00,27008.4006,26798.204098870276,0.020219867274099048,546.1062754176971,26811.609903822184,32087.42367713615,SL,-4.250145354323054,0.5439812027405356,0.0,-4.5210734193547415,6.418573281361178,-0.7043735766768349,37,891.2405761233608,,2
ETH,1,DONCHIAN_V2,2023-05-23 04:00:00+00:00,2023-05-24 03:00:00+00:00,1865.6130382324218,1837.13306956698,0.16764867853239138,312.76756051246525,1838.0520956147875,2306.5881201145694,SL,-4.77462911140521,0.3103802459567626,0.0,-4.92862557710574,4.620555608953455,-1.0666737929861345,23,886.311950546255,,2
ETH,-1,DONCHIAN_V2,2023-05-24 04:00:00+00:00,2023-05-26 12:00:00+00:00,1821.8255034179688,1822.7070511349077,0.2658574640207797,484.3459082270815,1821.7961530583786,1421.7711567879364,SL,-0.23436604043869463,0.4844630912473008,0.0,-0.4766561775724547,6.647339629096912,-0.07170630720988327,56,885.128393433153,,2
DOGE,-1,DONCHIAN_V2,2023-05-24 04:00:00+00:00,2023-05-27 04:00:00+00:00,0.07136572083681822,0.07160417012617007,6919.169304135781,493.79150498163597,0.07156838593320347,0.05600228213904773,SL,-1.6498710034763095,0.4946164404833741,0.0,-1.8975916914688657,6.643889590224121,-0.28561457346627184,72,882.985533121067,,2
LINK,-1,DONCHIAN_V2,2023-05-24 04:00:00+00:00,2023-05-27 19:00:00+00:00,6.393720980930328,6.421760279122314,68.13942290414187,435.6644578506964,6.418551003620504,4.833267886682099,SL,-1.9105815974390385,0.43661974864941594,0.0,-2.1293691171631064,6.645523331941061,-0.3204215846972504,87,880.6637165932885,,2
SOL,-1,DONCHIAN_V2,2023-05-16 02:00:00+00:00,2023-05-27 20:00:00+00:00,20.811836784744262,19.810816826067366,16.830017764524502,350.26358279963046,19.800916367883424,13.603689257941964,SL,16.847183687175736,0.34183999095604256,0.0,16.68047548761951,7.582078182837247,2.1999872706901584,282,897.3441920809081,,2
AVAX,1,DONCHIAN_V2,2023-05-28 01:00:00+00:00,2023-05-28 08:00:00+00:00,14.682936305236817,14.461917804556343,28.693858797571885,421.31010107620705,14.469152380746715,18.103479097078456,SL,-6.341873650176564,0.41813916425111874,0.0,-6.549357763889579,6.134285742509746,-1.0676642789075574,7,890.335454880556,,2
APT,1,DONCHIAN_V2,2023-05-28 08:00:00+00:00,2023-05-28 16:00:00+00:00,8.396579302024842,8.342418678458232,45.92720843981267,385.6314477855117,8.346591974445454,10.722874720691111,SL,-2.487446247773902,0.38438772466162474,0.0,-2.679018248542771,6.67751591160417,-0.4011998299977361,8,887.4636209081204,,2
SOL,1,DONCHIAN_V2,2023-05-27 21:00:00+00:00,2023-05-29 15:00:00+00:00,19.83896608428955,20.45463808533904,25.07432946532708,497.448771848926,20.46487052059934,24.13344993872769,SL,15.437562596892185,0.5051675531473722,0.0,15.181119429669277,6.730081440606811,2.2557111029997414,42,902.4438502531099,,2
BTC,1,DONCHIAN_V2,2023-05-28 19:00:00+00:00,2023-05-29 16:00:00+00:00,27595.91808,27552.739830136685,0.004911669404124333,135.5420265122575,27566.523091682524,33095.268376155334,SL,-0.21207728877727852,0.13543598786786887,0.0,-0.27974226338901864,1.68818691201176,-0.16570574111112996,21,902.1641079897208,,2
ETH,1,DONCHIAN_V2,2023-05-26 15:00:00+00:00,2023-05-29 17:00:00+00:00,1829.8358646972656,1873.8265656025774,0.2680771815102112,490.5372412343431,1874.7639475763654,2207.311712629573,SL,11.792903111354676,0.4964336927900205,0.0,11.541738039181826,6.324541337616861,1.8249130526721877,74,913.583071627204,,2
APT,-1,DONCHIAN_V2,2023-05-29 16:00:00+00:00,2023-05-29 19:00:00+00:00,8.275944768333435,8.508244923444016,29.67018392108034,245.54880339715564,8.503992926980526,4.627174229979969,SL,-6.892388327026423,0.24899499756066884,0.0,-7.0186089228885145,6.766230809922906,-1.0372996606316602,3,906.5644627043156,,2
SUI,1,DONCHIAN_V2,2023-05-28 17:00:00+00:00,2023-05-29 22:00:00+00:00,1.04390874,1.0346063782690027,255.0396721914367,266.23814284737574,1.0351239402391221,1.4614737156522486,SL,-2.372471286479717,0.26505190720413585,0.0,-2.5044041222601647,6.655977156810903,-0.37626392988705915,29,904.0600585820554,,2
AVAX,1,DONCHIAN_V2,2023-05-30 11:00:00+00:00,2023-05-30 15:00:00+00:00,14.672934076309204,14.431494499573727,28.938421725211548,424.61155424646313,14.438713856501977,18.42045759322483,SL,-6.986880292727805,0.42111811410009925,0.0,-7.195692629704673,6.777963497353287,-1.0616304783161643,4,896.3204679069437,,2
XRP,1,DONCHIAN_V2,2023-05-27 04:00:00+00:00,2023-05-30 21:00:00+00:00,0.4739047493040562,0.5091483088710608,812.177598548487,384.8948212304911,0.5094030103762489,0.6043666878799232,SL,28.62402957343034,0.3992068360172063,0.0,28.41727014802838,6.622391498408002,4.2910888241596385,89,924.737738054972,,2
SOL,1,DONCHIAN_V2,2023-05-30 02:00:00+00:00,2023-05-31 05:00:00+00:00,20.867173469924925,20.58529050381091,15.96626662471148,333.1708553249272,20.59558829795989,27.661949580073138,SL,-4.5006185939408745,0.33092054602795673,0.0,-4.664953712306367,6.780450439365415,-0.6880005619129578,27,919.7891611787287,,2
BTC,-1,DONCHIAN_V2,2023-06-01 03:00:00+00:00,2023-06-01 16:00:00+00:00,26718.75518,27180.88638206512,0.015376014131492035,410.827957223556,27167.302730699772,19541.994368803655,SL,-7.105735893556691,0.41438082517033437,0.0,-7.314702740115248,6.896873478205832,-1.0605824165442153,13,912.0630137087173,,2
AVAX,-1,DONCHIAN_V2,2023-05-31 03:00:00+00:00,2023-06-02 05:00:00+00:00,14.24715,14.371092835289378,26.910231556445968,383.39410551941916,14.363910879849454,10.1234943438295,SL,-3.33533039739962,0.385061770718119,0.0,-3.5286951153580293,6.93553303541229,-0.50878499133964,50,908.5343185933593,,2
NEAR,-1,DONCHIAN_V2,2023-05-30 08:00:00+00:00,2023-06-02 08:00:00+00:00,1.6136771628141404,1.6004670049061005,204.51034993095627,330.01368124271255,1.5996671713204405,1.0833019675482456,SL,2.7016140164164333,0.32866287423450435,0.0,2.5379579828032854,6.779201048657946,0.37437420200212473,72,910.78284907456,,2
DOGE,-1,DONCHIAN_V2,2023-05-31 05:00:00+00:00,2023-06-02 19:00:00+00:00,0.07137572496533394,0.07260692811668745,5773.132290690837,412.0615025688375,0.07257064279528981,0.05225703968604008,SL,-7.107898669479285,0.4156154519035771,0.0,-7.317483370098444,6.898418708840465,-1.0607479306411103,62,903.3056753086391,,2
AVAX,1,DONCHIAN_V2,2023-06-02 06:00:00+00:00,2023-06-02 21:00:00+00:00,14.362871656608581,14.09912846174656,26.542769622655435,381.23039350112896,14.10618155252282,18.46991332198077,SL,-7.000474860765756,0.3777301560707461,0.0,-7.187589820085938,6.813266297163804,-1.0549403922576688,15,895.9341314496022,,2
APT,1,DONCHIAN_V2,2023-06-02 05:00:00+00:00,2023-06-05 02:00:00+00:00,8.878675099182129,8.827045082747944,22.258344572429507,197.62460970424556,8.83146081315452,13.776798491801676,SL,-1.1491986960722873,0.19705001035620942,0.0,-1.247436401576374,6.814007389450195,-0.18306942306926768,69,894.4872114610553,,2
SOL,1,DONCHIAN_V2,2023-06-02 20:00:00+00:00,2023-06-05 03:00:00+00:00,21.306260445785522,21.52801729529074,17.267604460112643,367.90807790196766,21.538786688635057,27.583719562215226,SL,3.82920956357685,0.36982268268375607,0.0,3.643340919844078,6.774792564814793,0.5377789629701641,55,898.1305523808993,,2
NEAR,1,DONCHIAN_V2,2023-06-02 08:00:00+00:00,2023-06-05 15:00:00+00:00,1.5863171656608581,1.5861362666186787,201.3347636641613,319.38079164473106,1.5869297314844208,2.12916401386466,SL,-0.036421265904270445,0.31936258101177895,0.0,-0.19609345109368384,6.830871368059199,-0.028706945355552536,79,897.5994121039286,,2
AVAX,1,DONCHIAN_V2,2023-06-03 08:00:00+00:00,2023-06-05 15:00:00+00:00,14.592918152618408,14.4403768341858,27.3397801432526,398.9671739410672,14.44760063450305,18.525360008793555,SL,-4.1704461087093785,0.39688195088671246,0.0,-4.367844472625557,6.719505985872016,-0.6500246419616404,55,893.231567631303,,2
LINK,-1,DONCHIAN_V2,2023-06-05 04:00:00+00:00,2023-06-06 14:00:00+00:00,6.359727861022949,6.177743001710185,74.99557123411337,476.95142383092207,6.174655673873249,4.922788639430435,SL,13.648058480120492,0.47012739459086184,0.0,13.416406797445092,6.7352548595020325,1.9919672050000239,34,906.2155053189721,,2
BTC,-1,DONCHIAN_V2,2023-06-05 16:00:00+00:00,2023-06-06 16:00:00+00:00,25966.90558,26298.13598309652,0.016153692407859483,419.46140552325005,26284.993486353345,19331.40792352582,SL,-5.350594047752501,0.4221367025471263,0.0,-5.563000047538002,6.6992367572347735,-0.8303931103092148,24,900.652505271434,,2
ETH,-1,DONCHIAN_V2,2023-06-05 16:00:00+00:00,2023-06-06 16:00:00+00:00,1819.8459189453126,1848.1305785127977,0.24478820398553816,445.47681402903436,1847.2069750252851,1382.0690216657529,SL,-6.923751015867034,0.4489386895369679,0.0,-7.149951298389484,6.697663776964061,-1.0675291469513626,24,893.5025539730445,,2
SUI,-1,DONCHIAN_V2,2023-05-31 03:00:00+00:00,2023-06-06 18:00:00+00:00,0.98900216,0.8394609632783447,185.8966843454614,183.8522223544995,0.8390414425570663,0.3921893372705224,SL,27.79921264360809,0.16995261603269546,0.0,27.721186138752646,6.934095307516592,3.9978086411218996,159,921.0340205601078,,2
AVAX,1,DONCHIAN_V2,2023-06-06 18:00:00+00:00,2023-06-07 15:00:00+00:00,14.422884076309204,14.053611356807028,19.06598504982095,274.9864921742119,14.060641677645851,20.218762454922846,SL,-7.040548149335206,0.2714662180995443,0.0,-7.174521121347644,6.906508157326772,-1.0388058564350715,21,913.4454244987552,,2
BTC,1,DONCHIAN_V2,2023-06-06 18:00:00+00:00,2023-06-07 16:00:00+00:00,26676.23418,26222.312234040648,0.012465496347769885,332.5324997430442,26235.429949015153,35542.63463319865,SL,-5.658362359528894,0.3297033185632797,0.0,-5.821799428220651,6.907755154200808,-0.8427918040320588,22,907.5185225826323,,2
ETH,1,DONCHIAN_V2,2023-06-06 17:00:00+00:00,2023-06-07 21:00:00+00:00,1864.2227455810546,1830.383082134008,0.2035374282810979,379.4391033786953,1831.2987314997577,2391.0069708818055,SL,-6.887638071909744,0.37599528434274043,0.0,-7.073913804563136,6.701269154797834,-1.0556080708231967,28,900.4446087780691,,2
ETH,-1,DONCHIAN_V2,2023-06-07 22:00:00+00:00,2023-06-08 12:00:00+00:00,1821.6255922363282,1856.4210508917838,0.1993701791562163,363.17782067970535,1855.493304239664,1279.7422001829548,SL,-6.937176825960901,0.3666464090926858,0.0,-7.122234324713734,6.752211809716192,-1.0548001936883988,14,892.9910847271053,,2
BTC,-1,DONCHIAN_V2,2023-06-07 22:00:00+00:00,2023-06-08 15:00:00+00:00,26146.16972,26749.29342541312,0.01145107046372497,299.4016318202322,26735.925462681782,16710.077837091547,SL,-6.9064120490285354,0.3028548378447464,0.0,-7.059566070963166,6.753334565835518,-1.0453452294036851,17,885.9315186561422,,2
AVAX,1,DONCHIAN_V2,2023-06-09 13:00:00+00:00,2023-06-09 17:00:00+00:00,14.232845542144775,13.940309008842446,23.26803158461674,331.17029961359617,13.947282650167528,18.801851813780722,SL,-6.806749296532869,0.3277669249653298,0.0,-6.968931071691401,6.644486389921067,-1.0488291589042127,4,878.797002434644,,2
XRP,1,DONCHIAN_V2,2023-06-06 19:00:00+00:00,2023-06-10 04:00:00+00:00,0.5171133755207061,0.5099119118409488,426.6586372288171,220.63088809245804,0.510166995338618,0.7760736348168124,SL,-3.0725666796581064,0.21909460475262899,0.0,-3.1813458403645063,6.905476957981118,-0.46069892923002426,81,875.350244529082,,2
AVAX,-1,DONCHIAN_V2,2023-06-10 02:00:00+00:00,2023-06-10 08:00:00+00:00,13.407317847442627,11.455189885687034,19.462869627873445,260.9448793242367,11.449465153110479,7.989851176130734,SL,37.99401201657543,0.24194787331594897,0.0,37.8825365829216,6.5899654710683135,5.748518220502965,6,913.094678992866,,2
SOL,-1,DONCHIAN_V2,2023-06-07 15:00:00+00:00,2023-06-10 17:00:00+00:00,19.397118869400025,15.169498186037618,10.836917442220933,210.20497580463393,15.161917227423906,9.282300562046903,SL,45.81437632262404,0.1872977876433219,0.0,45.73218102288304,6.850840683740664,6.675411549333033,74,958.6753376413669,,2
ETH,-1,DONCHIAN_V2,2023-06-10 08:00:00+00:00,2023-06-10 17:00:00+00:00,1732.3734267089844,1772.407390002085,0.17493038399927202,303.0447487643374,1771.5216291874915,1106.002187052872,SL,-7.003156571874861,0.30654632705027485,0.0,-7.158180524542967,6.848210092446495,-1.045262985205195,9,951.5171571168239,,2
LINK,-1,DONCHIAN_V2,2023-06-10 04:00:00+00:00,2023-06-10 20:00:00+00:00,5.770845436000824,5.220511215083616,47.8620058947269,276.20423827542925,5.217902263951641,3.5761603746489996,SL,26.340099725609363,0.26303418841262455,0.0,26.215167656334454,6.565126833968115,3.9930938608370186,16,977.7323247731583,,2
APT,-1,DONCHIAN_V2,2023-06-05 03:00:00+00:00,2023-06-11 19:00:00+00:00,8.855828692054748,6.280875244842811,21.80961654062076,193.14222792314115,6.277736376654484,3.914170681471493,SL,56.158747293641916,0.1650628542763202,0.0,56.09025555332717,6.735979142856745,8.326963959324132,160,1033.8225803264854,,2
NEAR,-1,DONCHIAN_V2,2023-06-09 20:00:00+00:00,2023-06-11 20:00:00+00:00,1.3717255790233613,1.2369185330206558,196.74434536897513,269.8792510708296,1.2363003828292412,0.8357221676196673,SL,26.52252401692762,0.25661798906236577,0.0,26.40084565340067,6.59097751825983,4.005603960908533,48,1060.223425979886,,2
LINK,-1,DONCHIAN_V2,2023-06-12 03:00:00+00:00,2023-06-13 02:00:00+00:00,5.028994209766388,5.205366095491668,45.75964010403426,230.1249651241821,5.2027647131351005,2.248666155866998,SL,-8.070714015258643,0.23416032213181143,0.0,-8.189811854828363,7.951675694849146,-1.029947921559914,23,1051.8113080533574,,2
AVAX,-1,DONCHIAN_V2,2023-06-12 03:00:00+00:00,2023-06-13 02:00:00+00:00,11.297740190696716,11.72239373191554,18.984962891377528,214.48717827680164,11.71653546418345,4.5970158149090015,SL,-8.062031721731426,0.21851819413766735,0.0,-8.173306326730692,7.95081272622993,-1.0279837556438414,23,1043.6380017266267,,2
XRP,1,DONCHIAN_V2,2023-06-13 12:00:00+00:00,2023-06-13 13:00:00+00:00,0.5616123128771782,0.5358419289290905,432.25970208534346,242.76237105174974,0.5435055801655821,0.8513200362627138,SL_GAP,-11.13949848802527,0.2371926218077371,0.0,-11.255309924307133,7.826810887653438,-1.4380454677986472,1,1032.1980939106254,,2
SUI,1,DONCHIAN_V2,2023-06-13 02:00:00+00:00,2023-06-14 18:00:00+00:00,0.7071413999999999,0.6630317550047219,178.79509294295818,126.43341233681355,0.6633634367230834,1.4075888124306635,SL,-7.886588076611625,0.12249011829850774,0.0,-7.945861488741726,7.827285012949699,-1.015149119470653,40,1024.1791990856739,,2
LINK,1,DONCHIAN_V2,2023-06-14 18:00:00+00:00,2023-06-14 20:00:00+00:00,5.477095032119751,5.350713588509418,62.094172521583076,340.0956838415494,5.353390283651243,7.456371007615874,SL,-7.847551163066726,0.336171908260016,0.0,-8.013675229405967,7.681343993142554,-1.0432647251002036,2,1015.9954760143472,,2
BTC,-1,DONCHIAN_V2,2023-06-14 21:00:00+00:00,2023-06-15 19:00:00+00:00,24932.11258,25425.133918065643,0.015864514119942573,395.5358520654079,25412.427704213536,17247.070592583445,SL,-7.821543979175364,0.39944662405499554,0.0,-8.023222677197655,7.619966070107604,-1.0529210502225184,22,1007.3937856424894,,2
LINK,-1,DONCHIAN_V2,2023-06-14 21:00:00+00:00,2023-06-15 19:00:00+00:00,5.162967234325409,5.355946203026557,40.02747425150519,206.66053803332528,5.353269568242436,2.118129891652976,SL,-7.724460700767221,0.21052276838370887,0.0,-7.831653200134267,7.617321770865154,-1.0281373737011992,22,999.5621324423552,,2
AVAX,-1,DONCHIAN_V2,2023-06-15 09:00:00+00:00,2023-06-15 19:00:00+00:00,11.087782152557374,11.438014139822778,22.107972835427564,245.12838663387697,11.432297990827365,5.575528740237509,SL,-7.742919260561375,0.24899984626415766,0.0,-7.869354913508594,7.616546793847529,-1.0331919604124638,10,991.6927775288466,,2
ETH,-1,DONCHIAN_V2,2023-06-14 21:00:00+00:00,2023-06-15 21:00:00+00:00,1637.9423655273438,1679.0857783374745,0.1890241189823357,309.61061258764903,1678.2466550099696,993.0737338053317,SL,-7.777097358361503,0.3134991612668298,0.0,-7.935791213334508,7.618482810662359,-1.0416498153973734,24,983.6359528479945,,2
LINK,1,DONCHIAN_V2,2023-06-15 20:00:00+00:00,2023-06-16 11:00:00+00:00,5.349069649600983,5.1821229449618125,45.25402563289383,242.0669350351773,5.184715302613118,7.978739201406814,SL,-7.5550104510681715,0.2382894298096432,0.0,-7.672266413360226,7.437695831466349,-1.0315380713609568,15,975.9636864346343,,2
ETH,1,DONCHIAN_V2,2023-06-17 06:00:00+00:00,2023-06-17 15:00:00+00:00,1759.231780883789,1725.765760291737,0.22446147289495177,394.87975670078436,1726.6290748291515,2280.875077757989,SL,-7.5118322740247825,0.3911238405637719,0.0,-7.705516236238163,7.31805142138511,-1.0529464460608717,9,967.6817500784159,,2
APT,1,DONCHIAN_V2,2023-06-17 13:00:00+00:00,2023-06-18 20:00:00+00:00,6.9693935351371765,6.699212184929216,27.418653122089314,191.09138381125803,6.702563466662547,11.238674630731246,SL,-7.4080087214098,0.18738737945055312,0.0,-7.499850408954724,7.316121090049197,-1.0251129412217383,31,959.9796503050078,,2
DOGE,1,DONCHIAN_V2,2023-06-18 15:00:00+00:00,2023-06-18 20:00:00+00:00,0.06319263558983802,0.06202778876990866,6401.042227965142,404.4987289069661,0.06205881817899815,0.08133371416327592,SL,-7.456233683478771,0.40077061206522674,0.0,-7.6547549310905145,7.257613125588119,-1.054720718593031,5,952.3248953739172,,2
BTC,1,DONCHIAN_V2,2023-06-17 06:00:00+00:00,2023-06-18 23:00:00+00:00,26693.437619999997,26243.192258512277,0.016745457801370017,446.99383323921285,26256.320418721636,33687.312840453786,SL,-7.539564701055196,0.4432240508886853,0.0,-7.759291835324275,7.319727648259756,-1.0600519866567746,41,944.565603538593,,2
LINK,-1,DONCHIAN_V2,2023-06-19 11:00:00+00:00,2023-06-19 18:00:00+00:00,5.07098562669754,5.173993363990605,70.54469803333251,357.7311497667474,5.171407660160525,3.4642330912897834,SL,-7.266649722436091,0.36136447462796545,0.0,-7.449148622180682,7.084242026539447,-1.0515096172990983,7,936.7942827756018,,2
NEAR,-1,DONCHIAN_V2,2023-06-19 17:00:00+00:00,2023-06-19 18:00:00+00:00,1.2037591961860656,1.234123737573216,238.09839439833348,286.61313185413076,1.2335069840811754,0.727794589864309,SL,-7.229748550922227,0.2902280061295919,0.0,-7.3766699911247535,7.0829005347278216,-1.0414758692369837,1,929.417612784477,,2
AVAX,1,DONCHIAN_V2,2023-06-20 01:00:00+00:00,2023-06-20 13:00:00+00:00,11.532305732917786,11.301901879337276,31.010632388838154,357.62409367920424,11.307555657165858,15.128306944948614,SL,-7.144969204356893,0.35405160907702576,0.0,-7.320208766594316,6.969641978506555,-1.050299109935469,12,921.6528200466554,,2
NEAR,1,DONCHIAN_V2,2023-06-20 01:00:00+00:00,2023-06-20 14:00:00+00:00,1.2502499999999999,1.2170740201569503,213.9672451397494,267.5125482359717,1.2176828615877442,1.7713242145960917,SL,-7.098573011829166,0.2639632617300571,0.0,-7.228779999441238,6.968300888155258,-1.037380577484641,13,914.4240400472141,,2
XRP,-1,DONCHIAN_V2,2023-06-13 16:00:00+00:00,2023-06-22 02:00:00+00:00,0.5077783964633942,0.5104368370878153,287.65830416780824,146.06667241970896,0.5101817462147079,0.0771849824209544,SL,-0.7647225217517858,0.14644903368058487,0.0,-0.8381382192225162,7.74148570432969,-0.10826580985013753,202,913.2463920516209,,2
SOL,1,DONCHIAN_V2,2023-06-20 00:00:00+00:00,2023-06-22 11:00:00+00:00,16.10521968269348,16.930188513118363,16.394144615299574,264.03130053924605,16.938657842039383,22.908265291431942,SL,13.52465830910008,0.27079362969379606,0.0,13.385880329675906,6.970632095883577,1.9203251793450378,59,926.5125967040357,,2
AVAX,1,DONCHIAN_V2,2023-06-20 20:00:00+00:00,2023-06-22 11:00:00+00:00,11.892378343391417,12.666800524102355,22.989082553567993,273.39486749448946,12.673137092648679,16.664493414487364,SL,17.803255443677887,0.2822964952163284,0.0,17.657656382208803,6.856659207784429,2.575256527575689,39,944.1702530862444,,2
BTC,1,DONCHIAN_V2,2023-06-20 17:00:00+00:00,2023-06-22 14:00:00+00:00,27382.37538,29623.929270031003,0.014813349083779662,405.62468524703377,29638.748644353178,34789.94298574953,SL,33.20492026313348,0.4222271453786005,0.0,32.9855054603784,6.858180300354106,4.809658541446522,45,977.1557585466228,,2
LINK,1,DONCHIAN_V2,2023-06-22 02:00:00+00:00,2023-06-22 14:00:00+00:00,5.700139681720733,5.534254316145751,41.990436706302496,239.3513545223777,5.537022827559531,8.310009348299975,SL,-6.965598943678138,0.23586855505053864,0.0,-7.081791821467488,6.849347940387156,-1.0339366437657118,12,970.0739667251553,,2
SUI,1,DONCHIAN_V2,2023-06-17 06:00:00+00:00,2023-06-23 09:00:00+00:00,0.75105018,0.7850948135638056,159.61019569858394,119.8752662092567,0.7854875573424768,1.4844941147335398,SL,5.433870625605592,0.12259220152205949,0.0,5.37121605718816,7.316570622297482,0.7341166148002739,147,975.3149010553052,,2
SOL,-1,DONCHIAN_V2,2023-06-23 13:00:00+00:00,2023-06-23 15:00:00+00:00,16.400718528747557,16.86495730357429,16.04803222502425,263.1992594628931,16.856529039054763,9.107750363832272,SL,-7.45011881852518,0.26692431887215573,0.0,-7.5854435076658895,7.314861757914788,-1.0369906853616648,2,967.4469833596081,,2
XRP,-1,DONCHIAN_V2,2023-06-23 13:00:00+00:00,2023-06-23 17:00:00+00:00,0.4889821958422661,0.501084692551582,617.0963261343453,301.74911659936737,0.500834275413875,0.2993489226965223,SL,-7.4684062563718125,0.30548331972755327,0.0,-7.623015017799682,7.313874760691803,-1.0422676443366714,4,959.4510095584749,,2
APT,1,DONCHIAN_V2,2023-06-23 17:00:00+00:00,2023-06-24 13:00:00+00:00,7.843868398189544,7.509409809029015,21.759416156861253,170.67799675585897,7.513166392225127,13.135100493620213,SL,-7.277623628780634,0.16703918494146866,0.0,-7.359323815344173,7.1958825716885615,-1.022713161593083,20,952.0063467447528,,2
DOGE,1,DONCHIAN_V2,2023-06-23 16:00:00+00:00,2023-06-24 15:00:00+00:00,0.06786357115656137,0.06601332347107672,3992.374705835481,270.93680493312195,0.06604634664439892,0.09693916335116066,SL,-7.386882059059577,0.26724336390359216,0.0,-7.518657020496608,7.255041177181617,-1.0363355406092125,23,944.4876897242563,,2
AVAX,1,DONCHIAN_V2,2023-06-23 16:00:00+00:00,2023-06-24 15:00:00+00:00,13.162631847381592,12.787095744036664,19.65118328523878,258.6612909490168,12.793492490281805,19.06886156097817,SL,-7.379728797055544,0.254971426550489,0.0,-7.505369578131525,7.254025164163118,-1.0346489580998584,23,936.9823201461247,,2
SOL,1,DONCHIAN_V2,2023-06-23 16:00:00+00:00,2023-06-24 21:00:00+00:00,16.9713940120697,16.39393337193199,12.746122718678423,216.31947078488457,16.402134439151563,26.07954717875993,SL,-7.360384184401877,0.21263927869268365,0.0,-7.464863727702118,7.255852375197061,-1.0288058992516893,29,929.2950159554924,,2
APT,1,DONCHIAN_V2,2023-06-25 04:00:00+00:00,2023-06-25 13:00:00+00:00,7.838567293167114,7.4913664759344645,20.29304545043294,159.06840234651733,7.49511403295094,13.333819456625896,SL,-7.045761964529616,0.15554552136425254,0.0,-7.12177328472061,6.969712619666193,-1.021817350779335,9,921.9677166350128,,2
XRP,-1,DONCHIAN_V2,2023-06-24 16:00:00+00:00,2023-06-25 14:00:00+00:00,0.4839531956732273,0.4955408505359973,619.6968502559378,299.9042710299945,0.4952932039340303,0.30251306350037904,SL,-7.180833220311451,0.3034946876401502,0.0,-7.334375772436603,7.027367401095936,-1.0436875367143588,22,914.6333408625762,,2
AVAX,1,DONCHIAN_V2,2023-06-25 09:00:00+00:00,2023-06-25 15:00:00+00:00,13.672734076309204,13.287939771601513,18.429647484189424,251.98366917144293,13.29458706513408,19.723086255111195,SL,-7.091623389686523,0.2484378574765997,0.0,-7.214069412577402,6.969116113157393,-1.0351484026729798,6,907.4192714499989,,2
LINK,1,DONCHIAN_V2,2023-06-23 08:00:00+00:00,2023-06-26 01:00:00+00:00,5.835166910648346,6.054693704968258,44.65398472164058,260.5634540763139,6.057722566251384,8.442075940887786,SL,9.802746119552094,0.26546482713609,0.0,9.66756301945416,7.275554750438665,1.3287733170960296,65,917.086834469453,,2
NEAR,1,DONCHIAN_V2,2023-06-26 07:00:00+00:00,2023-06-27 01:00:00+00:00,1.5473094505548477,1.4682282455437852,87.77646892748095,135.81735990782522,1.4689627269072387,2.8008570289165915,SL,-6.94146893440128,0.1323466254406246,0.0,-7.005906879887992,6.876998753824286,-1.0187448232402283,18,909.6899196624364,,2
SOL,-1,DONCHIAN_V2,2023-06-26 22:00:00+00:00,2023-06-27 07:00:00+00:00,16.06378603553772,16.638755246873494,12.135252806880711,194.93810457689028,16.630440026860065,6.997322174380244,SL,-6.97739673573243,0.1984268029447565,0.0,-7.078354486388742,6.876489438724631,-1.0293558289390101,9,902.6115651760476,,2
APT,-1,DONCHIAN_V2,2023-06-26 22:00:00+00:00,2023-06-29 11:00:00+00:00,7.214356648540497,7.470405276093503,19.949915289867025,143.9258040092719,7.466671940123442,1.6999405151949674,SL,-5.108148429769178,0.14647987822415648,0.0,-5.182665405988699,6.875758420832467,-0.7537590893662054,61,897.116989221183,,2
LINK,-1,DONCHIAN_V2,2023-06-28 08:00:00+00:00,2023-06-29 11:00:00+00:00,5.970805722045899,6.141618517600482,40.3482101098115,240.91132379797267,6.138549242978993,3.2869093871163955,SL,-6.891990564480584,0.24435731908021296,0.0,-7.015892221661811,6.7681508271680295,-1.0366040002387835,27,890.1010969995211,,2
BTC,1,DONCHIAN_V2,2023-06-29 11:00:00+00:00,2023-06-29 20:00:00+00:00,30706.14,30268.075517007026,0.015784812388052405,484.69065906127145,30283.21712556981,37472.90599088304,SL,-6.914765677913258,0.4812332762223148,0.0,-7.153653624604937,6.6757582274964085,-1.071586684361958,9,882.6192743186751,,2
DOGE,-1,DONCHIAN_V2,2023-06-26 02:00:00+00:00,2023-06-30 02:00:00+00:00,0.06557688364237547,0.06452394644402078,4686.629932571298,307.33458576310204,0.06449170059372392,0.042095102123527024,SL,4.934726990926888,0.3048672222676386,0.0,4.7835270615408,6.878151258520898,0.6954669767715267,96,887.4028013802159,,2
ETH,-1,DONCHIAN_V2,2023-06-28 08:00:00+00:00,2023-06-30 04:00:00+00:00,1850.749771118164,1884.4115146358254,0.2068944056778479,382.9097739539056,1883.4697797459526,1327.2296330735485,SL,-6.964426419166685,0.3863919871634889,0.0,-7.159363519353221,6.769586738820357,-1.0575776329591404,44,880.2434378608627,,2
SOL,1,DONCHIAN_V2,2023-06-29 11:00:00+00:00,2023-06-30 13:00:00+00:00,17.49749828109741,18.060368223975498,9.80982827736506,171.6474534210559,18.069402925438215,28.382811171516412,SL,5.52165748212432,0.17440828216211807,0.0,5.43307292667273,6.673940637524929,0.8140727078279224,26,885.2728538827777,,2
XRP,1,DONCHIAN_V2,2023-06-30 04:00:00+00:00,2023-06-30 13:00:00+00:00,0.4796259126484394,0.46964336581830796,677.276517713802,324.83936792383923,0.4698783049707933,0.6355876354907772,SL,-6.760944555026378,0.321458895646326,0.0,-6.919983766710785,6.601825783956469,-1.0481924233031856,9,878.3528701160669,,2
AVAX,1,DONCHIAN_V2,2023-06-30 04:00:00+00:00,2023-06-30 13:00:00+00:00,13.022604457855225,12.647543275643791,17.900717625580914,233.1139651496976,12.653870210749165,18.92235241155219,SL,-6.713864315083431,0.22975703299215589,0.0,-6.827064365500738,6.600607636326755,-1.0343084669853224,9,871.5258057505662,,2
DOGE,1,DONCHIAN_V2,2023-06-30 11:00:00+00:00,2023-06-30 13:00:00+00:00,0.06642327964156866,0.06463294610582693,3754.1126813917426,249.36047644204288,0.06466527874519952,0.09455129398347492,SL,-6.721113830448959,0.2459999195268184,0.0,-6.842433511754757,6.599733458957444,-1.036774220399448,2,864.6833722388114,,2
SOL,1,DONCHIAN_V2,2023-06-30 13:00:00+00:00,2023-06-30 14:00:00+00:00,19.291857706832886,18.05496717643738,6.651033011707355,128.3107824653065,18.316802361238334,34.89274323634571,SL_GAP,-8.22659974952873,0.12419748259054211,0.0,-8.28664184088662,6.4851252917910855,-1.2777920962260985,1,856.1207944093235,,2
LINK,1,DONCHIAN_V2,2023-06-30 13:00:00+00:00,2023-06-30 14:00:00+00:00,6.275254967880249,5.955021183013916,31.332666608133458,196.62047178962507,6.068293836628384,9.586633067910098,SL_GAP,-10.033778417877539,0.19160358258068633,0.0,-10.127071764563413,6.48464412635684,-1.5617004676327453,1,845.99372264476,,2
AVAX,1,DONCHIAN_V2,2023-06-30 13:00:00+00:00,2023-06-30 14:00:00+00:00,13.312662419700622,12.603694656848909,17.046982473745967,226.9407229475331,12.932307315237209,19.39834409111523,SL_GAP,-12.08576102778405,0.22089784243364108,0.0,-12.193188508743924,6.483906799587629,-1.8805311189111171,1,833.8005341360162,,2
NEAR,-1,DONCHIAN_V2,2023-06-30 14:00:00+00:00,2023-07-01 12:00:00+00:00,1.3237352009534835,1.4019566058510686,80.64796833280245,106.75655456751242,1.4012559778621376,0.08340277041501643,SL,-6.308397385127763,0.10991075326007631,0.0,-6.364929861104083,6.25189316126338,-1.0180803953178656,22,827.1151077699311,,2
XRP,-1,DONCHIAN_V2,2023-06-30 14:00:00+00:00,2023-07-02 02:00:00+00:00,0.46248747939467433,0.4782758324692302,402.1130608425224,185.9722559407355,0.47803681406219917,0.21369812471427674,SL,-6.34870298047212,0.18914660743097156,0.0,-6.444863459932724,6.252590557223158,-1.0307509185112795,36,820.6702443099983,,2
APT,-1,DONCHIAN_V2,2023-06-30 14:00:00+00:00,2023-07-02 05:00:00+00:00,7.018795735740662,7.441686011640573,14.913933606000022,104.67785359691231,7.43796702812651,0.3120550575671093,SL,-6.306957497394299,0.10783133234560946,0.0,-6.362449902941452,6.251492824183752,-1.0177488932449006,39,814.3077944070569,,2
BTC,-1,DONCHIAN_V2,2023-06-30 14:00:00+00:00,2023-07-03 15:00:00+00:00,30112.67626,30901.190961865515,0.00808916297421097,243.58634585679366,30885.748087821605,17743.52701485431,SL,-6.378423930951527,0.24677555782226943,0.0,-6.5034063158454,6.253504006020121,-1.0399619652573506,73,807.5302495196873,,2
SUI,-1,DONCHIAN_V2,2023-06-24 16:00:00+00:00,2023-07-04 04:00:00+00:00,0.7443511,0.720294454525156,194.76918194968985,144.9766548303518,0.7199344872815152,0.16715565749764294,SL,4.685493159589093,0.14263390825055727,0.0,4.6153475787537115,7.0262427600795725,0.656872774874269,228,811.8148530258076,,2
BTC,1,DONCHIAN_V2,2023-07-03 19:00:00+00:00,2023-07-04 16:00:00+00:00,31215.7419,30814.405729246675,0.015521596483721964,484.5181497118124,30829.820639566457,37390.482066936696,SL,-6.22937809675526,0.48140346066343476,0.0,-6.468522482562789,5.99011407893885,-1.079866325969653,21,805.2653634140381,,2
APT,1,DONCHIAN_V2,2023-07-04 02:00:00+00:00,2023-07-04 17:00:00+00:00,7.675835053825378,7.803992759670774,23.055471400056938,176.96999555502552,7.807896708024786,11.877638485749152,SL,2.954736321815442,0.17844736371593323,0.0,2.8647739558770215,6.0546599283362355,0.4731519176609205,15,808.1301373699151,,2
ETH,1,DONCHIAN_V2,2023-07-03 08:00:00+00:00,2023-07-04 19:00:00+00:00,1967.7834926513672,1936.389305044107,0.20071097512387556,394.95574364272153,1937.357984036125,2454.591630495245,SL,-6.3011580078750775,0.391805164638784,0.0,-6.495485300692501,6.106733502805155,-1.0636595321719493,35,801.5291267114518,,2
SUI,1,DONCHIAN_V2,2023-07-04 04:00:00+00:00,2023-07-04 19:00:00+00:00,0.71784354,0.6905077137316776,225.58433612622855,161.93425841340178,0.6908531403018285,1.149689935170743,SL,-6.16653422120141,0.1588509913028011,0.0,-6.24441808329751,6.0886113976935565,-1.0255898554575145,15,795.2847086281542,,2
SOL,1,DONCHIAN_V2,2023-07-02 21:00:00+00:00,2023-07-05 10:00:00+00:00,19.52290289955139,18.735867210642937,7.853411974365639,153.32139940571454,18.745239830558216,31.965512003442193,SL,-6.180915503526758,0.15023094165395118,0.0,-6.254485745477852,6.107308458052927,-1.024098551503627,61,788.7235638327546,,2
ETH,-1,DONCHIAN_V2,2023-07-05 09:00:00+00:00,2023-07-06 08:00:00+00:00,1928.9340822998047,1940.6504002460163,0.2473542113832601,477.1299687375607,1939.6805599660333,1594.7954676711747,SL,-2.898080585900702,0.4785790090305111,0.0,-3.1380946105624328,5.16566209463501,-0.6074912669610382,23,785.3237546812327,,2
AVAX,-1,DONCHIAN_V2,2023-07-05 10:00:00+00:00,2023-07-06 09:00:00+00:00,12.907417847442627,13.064180251358446,21.396054630146367,276.16781739800865,13.057651425645624,8.483853349407738,SL,-3.3540969581359263,0.27784486587707663,0.0,-3.4938579153139986,5.9154267287456594,-0.5906349745379833,23,781.5942996395142,,2
ETH,1,DONCHIAN_V2,2023-07-06 09:00:00+00:00,2023-07-06 11:00:00+00:00,1950.009919116211,1922.8489939261958,0.2237471976202702,436.30925473398196,1923.8108993758838,2369.1942349614455,SL,-6.077180896039701,0.4332706642859621,0.0,-6.292296932958672,5.861957247296357,-1.0734122866318747,2,775.0838480791886,,2
BTC,1,DONCHIAN_V2,2023-07-06 08:00:00+00:00,2023-07-06 12:00:00+00:00,30804.459659999997,30601.43885303178,0.015296299886752815,471.1942528087396,30616.7472266451,36278.70653426577,SL,-3.105467146636384,0.4696415192354214,0.0,-3.3395115394674355,5.233482615180538,-0.638105022032682,4,771.7443365397211,,2
NEAR,-1,DONCHIAN_V2,2023-07-04 18:00:00+00:00,2023-07-08 09:00:00+00:00,1.4039191178560257,1.3805621146859282,150.3296827126929,211.05071554158005,1.37987217859663,0.7588328332682523,SL,3.5112508756801324,0.20929509010373998,0.0,3.4074811433471823,6.060976030274364,0.5622000691517229,87,774.8822812209843,,2
SOL,1,DONCHIAN_V2,2023-07-08 09:00:00+00:00,2023-07-09 15:00:00+00:00,22.372473630523682,21.27587359217914,5.351609950434271,119.72875249693887,21.28651685060444,39.74778210923159,SL,-5.868575676851265,0.11679446465851323,0.0,-5.925505765261309,5.811617109157382,-1.0195967239349737,30,768.8969110794745,,2
LINK,-1,DONCHIAN_V2,2023-07-10 01:00:00+00:00,2023-07-10 15:00:00+00:00,6.053788828372955,6.161276865916312,55.23211812241261,334.36357965683686,6.158197767032796,4.383245809815499,SL,-5.936791986341009,0.3373319756500074,0.0,-6.106942172162598,5.766726833096059,-1.058996264070286,14,762.6227871174835,,2
BTC,-1,DONCHIAN_V2,2023-07-06 15:00:00+00:00,2023-07-10 20:00:00+00:00,30208.957000000002,30897.141346878536,0.008603698962591944,259.90877200188464,30881.700496630223,19445.061053916448,SL,-5.920930951310854,0.2628692374775401,0.0,-6.053845802787452,5.7880825240479075,-1.0459155994468585,101,756.4189779100428,,2
DOGE,1,DONCHIAN_V2,2023-07-10 20:00:00+00:00,2023-07-11 00:00:00+00:00,0.06581316370815038,0.0646047639489566,4823.767481144202,317.4673989265956,0.0646370824902017,0.08463046319532927,SL,-5.829039462621422,0.31455287919528485,0.0,-5.984858642353409,5.673142334325321,-1.0549459699154824,4,750.2753855682262,,2
SUI,-1,DONCHIAN_V2,2023-07-04 20:00:00+00:00,2023-07-12 06:00:00+00:00,0.68466304,0.6867183582923215,198.91263753046454,136.18813110602593,0.6863751707069681,0.20488374482695043,SL,-0.40882878249028554,0.1363925454972711,0.0,-0.4771272624345437,5.964635314711157,-0.07999269649525069,178,749.7237600034694,,2
NEAR,-1,DONCHIAN_V2,2023-07-12 20:00:00+00:00,2023-07-13 09:00:00+00:00,1.3096380653858186,1.344984541105614,162.16405330154012,212.3762170409518,1.3443123849131575,0.7548489529483973,SL,-5.7319277726465,0.21524218092727504,0.0,-5.8409818450532995,5.62292820002602,-1.038779375668761,13,743.7765900498956,,2
XRP,-1,DONCHIAN_V2,2023-07-05 11:00:00+00:00,2023-07-13 15:00:00+00:00,0.47519494243860244,0.5916177033360601,520.3364818066192,247.26126452080132,0.48244965204416346,0.2933313582010947,LIQ,-60.579009807596364,0.27755076942459955,0.0,-60.73292994476056,5.914391099430416,-10.268669914407493,196,683.043660105135,,2
ETH,-1,DONCHIAN_V2,2023-07-06 15:00:00+00:00,2023-07-13 15:00:00+00:00,1880.5937767089845,1920.538510783377,0.14844468572818054,279.1641521659373,1919.5787214226657,1256.8346612900846,SL,-5.929583496168939,0.28212894391402177,0.0,-6.072130363999992,5.787107866152901,-1.0492512848281443,168,676.971529741135,,2
LINK,1,DONCHIAN_V2,2023-07-10 19:00:00+00:00,2023-07-14 09:00:00+00:00,6.204240668678284,7.085486283506036,48.34222676444956,299.92680930646577,7.089030798905489,8.097300640863871,SL,42.60137534717997,0.32122749698005576,0.0,42.430111254853145,5.719670903381126,7.418278423986074,86,719.4016409959881,,2
SOL,1,DONCHIAN_V2,2023-07-11 05:00:00+00:00,2023-07-14 09:00:00+00:00,21.834365923690797,27.919742691974186,6.823949235128644,148.99660464448874,27.933709546747558,35.028052331073596,SL,41.526302143397054,0.1697597557161873,0.0,41.43104069000311,5.627065391761696,7.362814860950473,76,760.8326816859912,,2
BTC,-1,DONCHIAN_V2,2023-09-06 15:00:00+00:00,2023-09-06 17:00:00+00:00,25610.076960000002,25783.367696011028,0.023428277897685784,600.0,25770.482454783636,22401.96706432736,SL,-4.059903520360816,0.6020299517601804,0.0,-4.361933472120996,3.7580245081067627,-1.1606985166572195,2,995.0381565278791,,3
DOGE,-1,DONCHIAN_V2,2023-09-06 15:00:00+00:00,2023-09-06 17:00:00+00:00,0.06332733280807734,0.06404650603542993,9471.739506507269,599.82,0.0640144987860369,0.0495840132488862,SL,-6.8118214695378105,0.6032259107347689,0.0,-7.1151373802725795,6.508657140967306,-1.093180548025478,2,987.9230191476065,,3
APT,1,DONCHIAN_V2,2023-09-07 04:00:00+00:00,2023-09-07 11:00:00+00:00,5.60832158575058,5.516909170642391,83.56191927835005,468.64211563551805,5.519669005144963,7.381373197862908,SL,-7.638596852309496,0.4648228172093633,0.0,-7.8690986117011,7.40797978438396,-1.0622462318659642,7,979.6272182483424,,3
LINK,1,DONCHIAN_V2,2023-09-07 02:00:00+00:00,2023-09-07 12:00:00+00:00,6.352270032119751,6.226828538498094,60.57086010907271,384.7624594905803,6.229943510253221,8.798800469450356,SL,-7.59809916203051,0.380963409909565,0.0,-7.786681342194785,7.409422643607049,-1.0509160722412347,10,971.8405369061476,,3
SOL,1,DONCHIAN_V2,2023-09-08 01:00:00+00:00,2023-09-08 08:00:00+00:00,20.198039044189454,19.79596736517166,18.575692484156946,375.19256206785855,19.805870300321818,28.041413921542205,SL,-7.4687598660232055,0.37145818213484694,0.0,-7.652621767124123,7.2848059879833125,-1.050490813310271,7,963.4672470162835,,3
BTC,1,DONCHIAN_V2,2023-09-07 22:00:00+00:00,2023-09-08 10:00:00+00:00,26168.332619999997,25889.143869467483,0.022282822929957414,583.1043221436885,25902.094916925944,31493.0866814811,SL,-6.221113492152062,0.5799937653976125,0.0,-6.509555096477831,5.9325275948777145,-1.09726503456947,12,956.9576919198057,,3
NEAR,1,DONCHIAN_V2,2023-09-08 00:00:00+00:00,2023-09-08 10:00:00+00:00,1.1536306242942809,1.1356600671781723,418.71232532821375,483.03936126809725,1.1362281812688066,1.5016794848037662,SL,-7.52449375752932,0.4792771143893326,0.0,-7.762251191284604,7.286617385588068,-1.0652749802174704,10,949.1954407285211,,3
NEAR,1,DONCHIAN_V2,2023-09-09 17:00:00+00:00,2023-09-10 00:00:00+00:00,1.1703339936733246,1.1566957801279767,486.62797758233967,569.5172644371127,1.157274417336645,1.4315255204069184,SL,-6.636736275408714,0.5661988962994083,0.0,-6.918176539489566,6.355155220800596,-1.088592850863215,7,941.9925055568131,,3
AVAX,-1,DONCHIAN_V2,2023-09-10 00:00:00+00:00,2023-09-10 06:00:00+00:00,9.832032833862305,9.520573978420586,57.485111460115284,565.1955033340878,9.515816070385394,8.695885849164881,SL,17.904247020307164,0.5562433798239341,0.0,17.630601392150272,3.2655768025202714,5.398924128363332,6,958.6819348466206,,3
ETH,-1,DONCHIAN_V2,2023-09-10 05:00:00+00:00,2023-09-10 20:00:00+00:00,1625.064936645508,1627.203802724666,0.14863269219418965,241.53777652400208,1626.3906074209556,1468.3485130425693,SL,-0.31790542358810003,0.24169672923579613,0.0,-0.4388332645618951,1.1646591975574894,-0.3767911381133738,15,958.2431015820587,,3
LINK,-1,DONCHIAN_V2,2023-09-10 01:00:00+00:00,2023-09-12 03:00:00+00:00,6.132773024559021,5.899986426540598,92.13221203856895,565.0259446830876,5.897037907586805,4.99465876517197,SL,21.447144208370478,0.5543023725789022,0.0,21.175354808133118,5.242849213498321,4.038902120933542,50,978.9984121474075,,3
APT,-1,DONCHIAN_V2,2023-09-10 01:00:00+00:00,2023-09-12 03:00:00+00:00,5.419515817451477,5.093070486701226,94.21228710139447,510.58498014428704,5.090525224089181,3.9206231191674332,SL,30.755161223552307,0.4952073995325109,0.0,30.51524631409194,7.060705461246032,4.321840994725021,50,1009.5136584614995,,3
SUI,-1,DONCHIAN_V2,2023-09-11 09:00:00+00:00,2023-09-12 03:00:00+00:00,0.43811236,0.44466687867600185,692.5042470907018,303.39467000293047,0.444444656347828,0.23060430357486192,SL,-4.539032020766622,0.3056641860133138,0.0,-4.69299887177847,7.185010518997274,-0.6531652054468273,18,1004.820659589721,,3
SOL,-1,DONCHIAN_V2,2023-09-11 11:00:00+00:00,2023-09-12 03:00:00+00:00,17.625473910140993,18.182249612415088,3.0237891848919873,53.29571738808022,18.17316303089964,6.671691494968007,SL,-1.6835723469470492,0.05413750356155375,0.0,-1.7110619918145629,1.6560964400330003,-1.033189825455133,16,1003.1095975979065,,3
XRP,-1,DONCHIAN_V2,2023-09-11 08:00:00+00:00,2023-09-12 16:00:00+00:00,0.48541288964748386,0.48569047269337434,995.8493243321254,483.3980981775514,0.4854477488189649,0.3410773343327211,SL,-0.2764308886960916,0.4835363136218994,0.0,-0.5182681532292153,7.18682326186544,-0.07211366334542246,32,1002.3438972683394,,3
BTC,1,DONCHIAN_V2,2023-09-12 11:00:00+00:00,2023-09-13 00:00:00+00:00,26171.13318,25760.37214223964,0.018908785847070755,494.86435267578787,25773.258771625453,34128.621347490975,SL,-7.7669924973311835,0.4909808564271223,0.0,-8.010541177420412,7.5233219819842985,-1.064761178187353,13,994.1818638355297,,3
NEAR,-1,DONCHIAN_V2,2023-09-12 18:00:00+00:00,2023-09-13 07:00:00+00:00,1.072785354232788,1.0999527494335049,282.42789630100685,302.98451077849677,1.0994030479095502,0.5404314806975444,SL,-7.672830274516504,0.30682092591575505,0.0,-7.82815894504301,7.5175792295125445,-1.0413137934497838,13,985.994502965762,,3
AVAX,-1,DONCHIAN_V2,2023-09-13 06:00:00+00:00,2023-09-13 07:00:00+00:00,9.130173569488525,9.292368703441337,47.326587124609276,432.0999548992035,9.287724841020827,5.979148138842472,SL,-7.676142138205432,0.4359380259683062,0.0,-7.896030186724136,7.456363978766473,-1.0589652287910976,1,978.0984727790378,,3
SUI,-1,DONCHIAN_V2,2023-09-13 06:00:00+00:00,2023-09-13 07:00:00+00:00,0.4214157,0.4326046614714104,679.385923567261,286.3038945502438,0.43238846723779156,0.2019603552441684,SL,-7.601622923012659,0.2901047060117501,0.0,-7.748575681749287,7.454743603935602,-1.0394154505405875,1,970.3498970972885,,3
BTC,1,DONCHIAN_V2,2023-09-14 01:00:00+00:00,2023-09-14 02:00:00+00:00,26531.10516,26158.61415,0.021071753342044548,559.0569038233654,26185.731706253813,33438.574234923726,SL_GAP,-7.849038684849005,0.5551323844809408,0.0,-8.124642617418264,7.277624228229662,-1.1163866617216984,1,961.341188333367,,3
LINK,1,DONCHIAN_V2,2023-09-14 01:00:00+00:00,2023-09-14 02:00:00+00:00,6.120223758029938,6.01903114216585,74.07390159470374,453.34885238987755,6.022042163247473,8.08385565367923,SL,-7.495731869627104,0.44960098645506397,0.0,-7.718658429887229,7.272693790327351,-1.0613204202482729,1,953.6225299034797,,3
ETH,1,DONCHIAN_V2,2023-09-14 01:00:00+00:00,2023-09-14 05:00:00+00:00,1636.0571264648438,1612.7579643312336,0.3234663402622927,529.209411157626,1613.5647467045858,2085.904721670002,SL,-7.5364947065367,0.5254411638043577,0.0,-7.7973311647622445,7.275527764840326,-1.0717203503014012,4,945.8251987387175,,3
SOL,1,DONCHIAN_V2,2023-09-14 01:00:00+00:00,2023-09-14 05:00:00+00:00,19.266853088378905,18.63886367970667,11.756830479612464,226.51712563566866,18.648187773593467,31.640159384087646,SL,-7.383165020751541,0.2228255431252929,0.0,-7.492732001058999,7.273543229548484,-1.0301350751061833,4,938.3324667376585,,3
XRP,1,DONCHIAN_V2,2023-09-15 03:00:00+00:00,2023-09-15 14:00:00+00:00,0.49653928138017656,0.48963135830799565,1055.937682838331,524.3145382187937,0.4898762964562237,0.6297989798592334,SL,-7.2943362820641555,0.5206673700777616,0.0,-7.55284638303252,7.035696861385497,-1.0735036673460636,11,930.1094973029689,,3
SUI,-1,DONCHIAN_V2,2023-09-15 12:00:00+00:00,2023-09-15 21:00:00+00:00,0.4329134,0.442174593593555,778.0488951782148,336.8277925778446,0.44195361678516243,0.252109064296752,SL,-7.205661443497016,0.3404306232995931,0.0,-7.377678170507687,7.033730681867178,-1.0488997239441082,9,922.2099544505551,,3
ETH,-1,DONCHIAN_V2,2023-09-15 15:00:00+00:00,2023-09-15 21:00:00+00:00,1614.2870633544921,1630.0019456165878,0.34570412601964334,558.0656983817813,1629.1873519406176,1316.281291631982,SL,-5.43269963791938,0.5607820482007411,0.0,-5.714448836929231,5.151091243106983,-1.1093666501396406,6,916.4955056136258,,3
AVAX,-1,DONCHIAN_V2,2023-09-15 15:00:00+00:00,2023-09-15 21:00:00+00:00,9.199160013580322,9.331989417696896,52.79434912680115,485.66366543026834,9.327325754819487,6.635845188797001,SL,-7.0126419352353695,0.489169986397886,0.0,-7.258980088918121,6.7664268890757455,-1.07279369272985,6,909.2365255247078,,3
DOGE,1,DONCHIAN_V2,2023-09-15 23:00:00+00:00,2023-09-16 08:00:00+00:00,0.0626625325396657,0.06198344483329392,8703.418624119653,545.3782527402302,0.06201445205932358,0.07562414214650806,SL,-5.9103845910468085,0.5424230604447068,0.0,-6.1801185251214,5.640515722537979,-1.0956655081072308,9,902.3872678204045,,3
ETH,1,DONCHIAN_V2,2023-09-15 23:00:00+00:00,2023-09-16 10:00:00+00:00,1649.8799588378906,1632.0649891009787,0.33065551975010504,545.5419153148247,1632.8814298158866,1989.8505392779716,SL,-5.890618077691017,0.542596606275979,0.0,-6.160443726309584,5.620657448757994,-1.0960361456773828,11,896.2268240940949,,3
LINK,1,DONCHIAN_V2,2023-09-14 18:00:00+00:00,2023-09-17 01:00:00+00:00,6.1332263694763185,6.169210967069661,78.1161078453019,479.1037725176615,6.172297115627475,7.935029786120988,SL,2.8109767063713593,0.4805092608708472,0.0,2.570019331759343,7.037493500532439,0.3651895851221606,55,898.7968434258543,,3
NEAR,1,DONCHIAN_V2,2023-09-15 23:00:00+00:00,2023-09-17 01:00:00+00:00,1.128425694179535,1.1099182827313965,219.20644982166544,247.35819030864423,1.110473519491142,1.4874691879473978,SL,-4.056943958935289,0.2453297183291766,0.0,-4.178594582110144,3.935232480021004,-1.0618418615227125,26,894.6182488437441,,3
LINK,-1,DONCHIAN_V2,2023-09-17 18:00:00+00:00,2023-09-18 02:00:00+00:00,6.108778133487702,6.185593496735765,87.82836233137037,536.5239793099103,6.182502245612959,4.634295890982553,SL,-6.746567555966751,0.5398972630878937,0.0,-7.018202829399689,6.4750680322956455,-1.083880940616385,8,886.706107644151,,3
AVAX,-1,DONCHIAN_V2,2023-09-17 17:00:00+00:00,2023-09-18 05:00:00+00:00,9.163166961860657,9.163326988034648,58.56981402163314,536.6849848053519,9.158747614227535,7.058743113931007,SL,-0.00937270324920224,0.5366896711569765,0.0,-0.27771988200350284,6.162785669796487,-0.04506401761862245,12,886.167358035042,,3
NEAR,-1,DONCHIAN_V2,2023-09-17 18:00:00+00:00,2023-09-18 07:00:00+00:00,1.096880599451065,1.11136210627554,390.30632884786814,428.1194399561941,1.1108067029240782,0.8183585299908029,SL,-5.652223764846195,0.43094555183861727,0.0,-5.869109596706715,5.4354463217073095,-1.0797842990864437,13,880.2982484383352,,3
BTC,1,DONCHIAN_V2,2023-09-18 03:00:00+00:00,2023-09-18 17:00:00+00:00,26664.13176,26957.291109638205,0.01957909070170132,522.0594542111548,26970.776497887146,30258.118445447577,SL,5.73979349661818,0.5249293509594639,0.0,5.475893872764294,3.518349564754271,1.5563814146326138,14,885.2985758727491,,3
LINK,1,DONCHIAN_V2,2023-09-18 11:00:00+00:00,2023-09-18 17:00:00+00:00,6.780355605411529,6.597725465066589,14.055786057497599,95.30322778341906,6.601025978055617,10.366948152529767,SL,-2.5670101803392336,0.09401972269324943,0.0,-2.6133782891407735,2.5206188758854706,-1.0368002533594918,6,882.6851975836083,,3
SUI,-1,DONCHIAN_V2,2023-09-17 08:00:00+00:00,2023-09-18 22:00:00+00:00,0.44271144,0.45154973480405663,647.2575823105025,286.5483363156011,0.45132407276767283,0.23538634873179676,SL,-5.720653326621166,0.28940866297891166,0.0,-5.866787821442277,6.709636866328081,-0.8743823158127093,38,876.8184097621661,,3
ETH,1,DONCHIAN_V2,2023-09-18 11:00:00+00:00,2023-09-19 00:00:00+00:00,1648.8697470703125,1631.9870691814633,0.32032787914355376,528.1789490630011,1632.8034709169217,1970.1952701381315,SL,-5.407992402398843,0.5254749528618017,0.0,-5.669377880729145,5.146476165950342,-1.1016038349188089,13,871.0042334264587,,3
DOGE,1,DONCHIAN_V2,2023-09-19 16:00:00+00:00,2023-09-19 19:00:00+00:00,0.06318263491094113,0.06247019776145599,7821.0999511360915,494.1577028146112,0.06250144848569883,0.07680636341578731,SL,-5.572042155025787,0.49137168173709833,0.0,-5.81633498535558,5.327627117177121,-1.0917308695653243,3,864.6258329991729,,3
SUI,1,DONCHIAN_V2,2023-09-18 23:00:00+00:00,2023-09-20 03:00:00+00:00,0.45279053999999996,0.4422873627602716,639.5825097331846,289.59690995664386,0.44250861706880595,0.6584289986238802,SL,-6.717648459157938,0.2862380857270649,0.0,-6.859088089906681,6.576138073216247,-1.043026775523898,28,857.7667449092662,,3
XRP,1,DONCHIAN_V2,2023-09-19 03:00:00+00:00,2023-09-21 09:00:00+00:00,0.5110621748685836,0.5047022193284517,787.038265496797,402.2254876695908,0.50495469667679,0.6770650755426676,SL,-5.005528376942165,0.3997227234811197,0.0,-5.204138356588489,6.532531750698441,-0.7966495311763431,54,852.1839090782422,,3
SOL,1,DONCHIAN_V2,2023-09-18 11:00:00+00:00,2023-09-21 13:00:00+00:00,19.624924489974976,19.47177130373822,16.695641301547486,327.65069985457694,19.4815120597681,27.531486535742918,SL,-2.556990661597998,0.32637220452377796,0.0,-2.7195375161944875,6.600256192228527,-0.4120351448473481,74,849.2685843240205,,3
LINK,1,DONCHIAN_V2,2023-09-19 05:00:00+00:00,2023-09-21 13:00:00+00:00,6.857371146583557,6.657394878171692,33.21209957986826,227.7476933764485,6.660725240792088,10.790289262412951,SL,-6.641631740105342,0.22442687750639584,0.0,-6.752184770923513,6.531023405119679,-1.0338632021484513,56,842.516399553097,,3
SOL,-1,DONCHIAN_V2,2023-09-21 14:00:00+00:00,2023-09-22 08:00:00+00:00,19.39512036781311,19.809571666096552,15.619454097770024,302.9411923057813,19.799671830181463,11.304091120446056,SL,-6.473503029299416,0.30617794382043106,0.0,-6.6282103769669565,6.318872996648228,-1.0489545177570134,18,835.7367185799772,,3
SUI,1,DONCHIAN_V2,2023-09-23 01:00:00+00:00,2023-09-24 23:00:00+00:00,0.44628924,0.4389968629632206,351.39350069871693,156.82313836776984,0.43921647119882,0.5877446160235994,SL,-2.5624938953688403,0.15554189142008543,0.0,-2.6396242176050406,2.4853249886792947,-1.0620841256691105,46,832.836025014034,,3
LINK,1,DONCHIAN_V2,2023-09-22 18:00:00+00:00,2023-09-25 00:00:00+00:00,6.825364681720734,6.94103379241704,53.52322921100209,365.31555830841717,6.94450604543976,9.167534794304812,SL,6.190984324431203,0.3684110504706327,0.0,6.005231053114779,6.268025389349829,0.9580738239060788,54,838.8412560671488,,3
XRP,-1,DONCHIAN_V2,2023-09-25 00:00:00+00:00,2023-09-25 17:00:00+00:00,0.5018796106934548,0.5067696855493552,1002.8396111666409,503.3047536402893,0.5065164273356874,0.3931114607034091,SL,-4.903960767066953,0.5057567340238227,0.0,-5.158065124270631,5.4538504621666375,-0.9457657777843618,17,833.4190860516507,,3
LINK,1,DONCHIAN_V2,2023-09-25 17:00:00+00:00,2023-09-26 15:00:00+00:00,7.473494522094726,7.307720133238257,38.555966146517726,288.14780179006993,7.311375821148831,10.715868541012636,SL,-6.391591724709706,0.2849520059277151,0.0,-6.532469829742386,6.25064314538738,-1.0450876298326162,22,826.7425423210133,,3
ETH,-1,DONCHIAN_V2,2023-09-20 10:00:00+00:00,2023-09-27 09:00:00+00:00,1626.914542236328,1606.3822979434806,0.31634116825713354,514.6600469455597,1605.579508189386,1302.474078816786,SL,6.495194146540244,0.5114124498722896,0.0,6.241111720140734,5.13169376140118,1.216189431856634,167,832.7438487257032,,3
AVAX,-1,DONCHIAN_V2,2023-09-20 20:00:00+00:00,2023-09-27 10:00:00+00:00,8.963207152557374,9.112885722314719,27.081255380352754,242.73490192541067,9.10833155653645,5.698039320909586,SL,-4.053483572564606,0.24476164371169296,0.0,-4.176877765313594,4.421242195428299,-0.9447294630528531,158,828.5669709603895,,3
BTC,-1,DONCHIAN_V2,2023-09-21 11:00:00+00:00,2023-09-27 11:00:00+00:00,26646.069720000003,26700.948081169918,0.014695393360791998,391.57447605448874,26687.604279030405,21111.809461951943,SL,-0.8064591043875079,0.3919777056066825,0.0,-1.002649571966946,4.066406572650744,-0.24656894337876173,144,827.3157512971345,,3
DOGE,-1,DONCHIAN_V2,2023-09-25 00:00:00+00:00,2023-09-27 11:00:00+00:00,0.06067786265313625,0.06125436305414009,410.44670537059426,24.9050288149092,0.06122375117855081,0.04976009214484505,SL,-0.23662269023685048,0.025023340160027628,0.0,-0.24919351598942352,0.22405814675601823,-1.1121823490791243,59,827.0665577811451,,3
SOL,-1,DONCHIAN_V2,2023-09-26 16:00:00+00:00,2023-09-27 11:00:00+00:00,19.159167506790162,19.39469724283172,25.032957759343173,479.6106309016584,19.385004740461493,14.642422833363558,SL,-5.896005933397614,0.4825586338683572,0.0,-6.138759251815142,5.653373930981354,-1.085857635946174,19,820.92779852933,,3
ETH,1,DONCHIAN_V2,2023-09-27 10:00:00+00:00,2023-09-27 14:00:00+00:00,1612.5924735351562,1599.6057352293951,0.3082863096132363,497.1401825762337,1600.4059381984944,1873.9624326040957,SL,-4.0036336261959224,0.49513836576313575,0.0,-4.250201900670941,4.028839006256282,-1.0549445867831675,4,816.1057314042134,,3
AVAX,1,DONCHIAN_V2,2023-09-27 11:00:00+00:00,2023-09-27 14:00:00+00:00,9.108821751022338,8.993388662286176,54.07468634044961,492.5566791175979,8.99788760608922,11.32750464968472,SL,-6.242008066717288,0.4894356750842393,0.0,-6.485165402242728,5.998729091704347,-1.0810898947263805,3,809.6205660019707,,3
BTC,1,DONCHIAN_V2,2023-09-27 12:00:00+00:00,2023-09-27 14:00:00+00:00,26771.25318,26547.58110135547,0.01839319619455568,492.4089121138627,26560.86153212153,30979.086137569422,SL,-4.114044425752917,0.49035188990098627,0.0,-4.358191859596972,3.8697748571245807,-1.126213286432717,2,805.2623741423737,,3
SUI,-1,DONCHIAN_V2,2023-09-27 15:00:00+00:00,2023-09-28 00:00:00+00:00,0.43071384,0.4388451324194617,763.3320837924638,328.77769300545384,0.43862581950970686,0.27247424980586327,SL,-6.206876386473564,0.33188113119869067,0.0,-6.3743686711695275,6.039467806067803,-1.0554520490638684,9,798.5091716888494,,3
NEAR,-1,DONCHIAN_V2,2023-09-27 18:00:00+00:00,2023-09-28 00:00:00+00:00,1.067286495232582,1.0828537152594744,401.85074356302124,428.889871703984,1.0823125589799845,0.7667652202845332,SL,-6.2556989430158545,0.432017721175492,0.0,-6.473271728339355,6.038234889719033,-1.0720470214500988,6,792.03589996051,,3
BTC,1,DONCHIAN_V2,2023-09-28 16:00:00+00:00,2023-09-29 14:00:00+00:00,27033.70566,26725.79945334763,0.017568789584582682,474.94948643208187,26739.169037866563,32924.43810266876,SL,-5.409539356462509,0.47224471675385066,0.0,-5.644309330000318,5.174651939216094,-1.0907611557842039,22,785.6796280566961,,3
AVAX,1,DONCHIAN_V2,2023-09-28 15:00:00+00:00,2023-09-29 19:00:00+00:00,9.219844012069702,9.088446424932457,46.81463231617885,431.62360743756636,9.092992921393153,11.756865825600686,SL,-6.1513297290632085,0.42854794257303475,0.0,-6.36406586791746,5.938487168928914,-1.0716644975197116,28,779.3155621887786,,3
LINK,1,DONCHIAN_V2,2023-09-27 12:00:00+00:00,2023-10-01 17:00:00+00:00,7.632526241970062,7.872905827042666,20.8010890007441,158.76485765973416,7.876844249167249,10.922797276933062,SL,5.000157143057165,0.16126493623126276,0.0,4.918274635655769,3.4220610317417828,1.4372258676965892,101,783.792788016559,,3
SOL,1,DONCHIAN_V2,2023-09-28 16:00:00+00:00,2023-10-01 17:00:00+00:00,19.60492003211975,22.47634199012617,2.1489765687623974,42.13051378148589,22.48758578301768,25.475275002301142,SL,6.1706185067856385,0.04521582303487871,0.0,6.146467940641503,0.6307627640618881,9.74450029526225,73,789.9392559572005,,3
NEAR,1,DONCHIAN_V2,2023-09-29 21:00:00+00:00,2023-10-02 14:00:00+00:00,1.1195238678216934,1.1329926159888541,372.1199889216427,416.5972092913231,1.1335593956866974,1.4336626881174566,SL,5.011990418752236,0.41910320450069927,0.0,4.801185818897198,5.844866716415839,0.8214363221341954,65,794.6291620980041,,3
AVAX,1,DONCHIAN_V2,2023-10-01 02:00:00+00:00,2023-10-02 14:00:00+00:00,9.310861815261841,9.591668589330355,49.99541564416674,465.5004064594166,9.596466822741727,11.333382133837986,SL,14.039051385252995,0.47251993215204313,0.0,13.79928165633066,5.055837198799354,2.7293761871145046,36,808.4284437543348,,3
SUI,1,DONCHIAN_V2,2023-10-01 21:00:00+00:00,2023-10-02 14:00:00+00:00,0.49169831999999997,0.48150746518645837,452.63395690950387,222.55935618735543,0.4817483393561364,0.7268241923898981,SL,-4.612726938543596,0.22025299271808363,0.0,-4.721700253168002,5.321297699581943,-0.8873211986502754,17,803.7067435011668,,3
ETH,1,DONCHIAN_V2,2023-09-28 15:00:00+00:00,2023-10-02 15:00:00+00:00,1639.8679470703125,1690.939679793563,0.2897925658131849,475.221539976306,1691.785572579853,2022.4846890688432,SL,14.80020846639597,0.482621644209504,0.0,14.55519759217462,5.543974369341789,2.6254085287018913,96,818.0230307283888,,3
BTC,1,DONCHIAN_V2,2023-10-02 14:00:00+00:00,2023-10-02 15:00:00+00:00,28573.813619999997,28199.242780733694,0.016722329621794332,477.8207299053563,28213.349455461423,35783.09691077145,SL,-6.263697040923273,0.4746888813848947,0.0,-6.49947555735549,6.027800576258751,-1.0782499313189773,1,811.5235551710333,,3
XRP,-1,DONCHIAN_V2,2023-10-02 19:00:00+00:00,2023-10-03 22:00:00+00:00,0.5115976345419884,0.5213386898896287,641.9173247951222,328.4033849367058,0.5210781508142216,0.32198730909732276,SL,-6.252952189438519,0.331529861031425,0.0,-6.420280358001591,6.08570764314858,-1.054976797189671,27,804.3972641791173,,3
XRP,1,DONCHIAN_V2,2023-10-03 23:00:00+00:00,2023-10-04 00:00:00+00:00,0.5280756100058556,0.5186085826562926,655.2178465928018,346.00456402621694,0.5188680166646249,0.7122274768304688,SL,-6.2029652736157965,0.34290308138940906,0.0,-6.372866072992097,6.03297948134338,-1.0563380983972837,1,797.851395824112,,3
XRP,1,DONCHIAN_V2,2023-10-04 00:00:00+00:00,2023-10-04 01:00:00+00:00,0.5390878031730651,0.5264566273987293,521.7678012739376,281.27865775520746,0.5276193195792698,0.768457475048972,SL_GAP,-6.590540811279823,0.27798338734956757,0.0,-6.727884869751787,5.983885468680839,-1.124333830412527,1,790.9828716254827,,3
APT,-1,DONCHIAN_V2,2023-10-04 01:00:00+00:00,2023-10-04 08:00:00+00:00,5.155368923664093,5.298721870638717,42.16179474302423,217.35960638409125,5.296073833721857,2.3412707225088174,SL,-6.044017526151742,0.22038161514716711,0.0,-6.155719338106864,5.932371537191121,-1.037648990714006,7,784.7184724841838,,3
LINK,-1,DONCHIAN_V2,2023-10-02 19:00:00+00:00,2023-10-04 17:00:00+00:00,7.5284942097663885,7.771357325518615,25.468417778656416,191.73883577852618,7.767473588724253,2.748906630609091,SL,-6.1853392950038915,0.19483150542602812,0.0,-6.284301382540656,6.08642666378275,-1.0325108195150627,46,778.3215202591825,,3
BTC,1,DONCHIAN_V2,2023-10-05 14:00:00+00:00,2023-10-05 15:00:00+00:00,27996.69822,27729.88356908289,0.015696933439446743,439.4623084836171,27743.75544680629,33055.55368387411,SL,-4.188171816115082,0.4373682225755595,0.0,-4.405808884448833,3.9704258748106875,-1.1096565011829882,1,773.695980220492,,3
ETH,-1,DONCHIAN_V2,2023-10-05 16:00:00+00:00,2023-10-06 08:00:00+00:00,1618.0162978271485,1637.9854774977598,0.2658880686084381,430.21122840623593,1637.1668940507345,1235.004373355428,SL,-5.309566614313728,0.4328660117133928,0.0,-5.527327011824003,5.091915042589339,-1.085510454434693,16,767.9535475944648,,3
BTC,-1,DONCHIAN_V2,2023-10-06 13:00:00+00:00,2023-10-06 14:00:00+00:00,27250.14888,27564.12254597014,0.015366021117833306,418.7263631541816,27550.347372284003,21246.179034319928,SL,-4.824525981740729,0.42113862614505204,0.0,-5.0363014263086905,4.612856371977693,-1.0917967133993924,1,762.707882986579,,3
SUI,-1,DONCHIAN_V2,2023-10-03 11:00:00+00:00,2023-10-07 04:00:00+00:00,0.45480902000000006,0.45727922618181055,539.8121991971725,245.51145730091085,0.4570507008313949,0.2294694570542674,SL,-1.333447431473569,0.24617818101664762,0.0,-1.4568698838397611,6.082052251993269,-0.23953590391504803,89,761.04689558577,,3
XRP,1,DONCHIAN_V2,2023-10-06 22:00:00+00:00,2023-10-07 05:00:00+00:00,0.5273254547595978,0.52098572614887,774.161441010884,408.23503393840997,0.5212463493235316,0.6489075634809215,SL,-4.907973436898999,0.40578104721996044,0.0,-5.109636967149754,4.7062090244420745,-1.0857224871680038,7,755.9372586186203,,3
AVAX,1,DONCHIAN_V2,2023-10-04 10:00:00+00:00,2023-10-07 06:00:00+00:00,9.78495659236908,10.930420143436859,23.025312661785733,225.30168492129954,10.935888087480599,14.897059633123126,SL,26.37465640601499,0.23848901312430704,0.0,26.248818235351333,5.885388543631379,4.459997507514668,68,782.0751677596478,,3
AVAX,1,DONCHIAN_V2,2023-10-07 06:00:00+00:00,2023-10-07 07:00:00+00:00,11.517303343391418,10.779607347488405,15.953700277774164,183.74360554867297,11.149641693989057,18.870536331438657,SL_GAP,-11.768980814750801,0.1778591151412976,0.0,-11.854968127117763,5.865563758197358,-2.0211131641949973,1,770.1283278297557,,3
SOL,1,DONCHIAN_V2,2023-10-07 05:00:00+00:00,2023-10-07 17:00:00+00:00,23.868773120498656,23.24707336544726,9.293237969453655,221.8181886476929,23.25870271680566,36.07018119435854,SL,-5.777603769243663,0.21892938676307105,0.0,-5.885624061682887,5.669529439639652,-1.0381150895050244,12,764.2427037680728,,3
LINK,1,DONCHIAN_V2,2023-10-08 09:00:00+00:00,2023-10-08 10:00:00+00:00,7.694538439750671,7.584781078034937,54.076392030673446,416.0928771630437,7.588575365717795,9.813799920408197,SL,-5.935282120392456,0.41312523610284746,0.0,-6.140360917913782,5.7301007321770685,-1.0715973775876084,1,757.6650236004472,,3
ETH,-1,DONCHIAN_V2,2023-10-08 06:00:00+00:00,2023-10-10 02:00:00+00:00,1629.0841521728516,1594.8258711097367,0.28147448469696384,458.5456222608437,1594.028856681396,1409.0945754215538,SL,9.642832008844039,0.4537242062564216,0.0,9.418380613718039,3.0960726377387653,3.042041229561335,44,766.8822764213111,,3
SUI,-1,DONCHIAN_V2,2023-10-08 10:00:00+00:00,2023-10-13 14:00:00+00:00,0.43791240000000003,0.41762765003019275,918.575463284952,402.2555857082252,0.4174189405599128,0.3141884839118864,SL,18.633073601135138,0.39293904890765763,0.0,18.441262345081594,5.682487677003354,3.2452797776776787,124,785.0811981424147,,3
DOGE,-1,DONCHIAN_V2,2023-10-02 19:00:00+00:00,2023-10-14 23:00:00+00:00,0.06164766719192267,0.06001623904510718,5550.972146299969,342.20448346673317,0.05998624592214611,0.03972546700754328,SL,9.056012201662547,0.3376764773659019,0.0,8.889437966030012,6.084476130455067,1.4610030141354435,292,793.9706361084446,,3
DOGE,1,DONCHIAN_V2,2023-10-14 23:00:00+00:00,2023-10-15 04:00:00+00:00,0.05988197492882609,0.05934689196161176,7955.355217179803,476.38238166506676,0.05937658025173763,0.06998986847059536,SL,-4.256775074852559,0.47425399412764047,0.0,-4.492837878147666,4.02059418111059,-1.1174561957174776,5,789.2396070394645,,3
LINK,1,DONCHIAN_V2,2023-10-15 10:00:00+00:00,2023-10-15 13:00:00+00:00,7.40548060541153,7.326366121110696,63.945041443716455,473.5437642236787,7.330031136679035,8.914469980061426,SL,-5.058978977415071,0.47101427473497115,0.0,-5.293221370038203,4.824619405005748,-1.097127239621484,3,783.7096137873145,,3
AVAX,-1,DONCHIAN_V2,2023-10-15 14:00:00+00:00,2023-10-15 18:00:00+00:00,9.081183583068848,9.182361387021235,33.90294628622777,307.8788792321566,9.17777250077085,7.149405229028789,SL,-3.430225652756266,0.30959399205853466,0.0,-3.5858802051987224,3.2746488886958502,-1.095042652535131,4,779.7346812583635,,3
BTC,-1,DONCHIAN_V2,2023-10-11 03:00:00+00:00,2023-10-15 20:00:00+00:00,27116.47562,27228.750889513474,0.0169686272029177,460.12936585278663,27215.14331785455,21958.757239070692,SL,-1.9051571924812372,0.4610819444490273,0.0,-2.136174454003871,4.37597002118127,-0.4881602121733051,113,777.4483071843883,,3
SOL,-1,DONCHIAN_V2,2023-10-15 13:00:00+00:00,2023-10-15 20:00:00+00:00,21.78864066772461,22.038243121332844,21.58123471047606,470.2257682723887,22.027229506579555,17.01686389062575,SL,-5.386729135629991,0.4729191328402037,0.0,-5.624535384334,5.149041730628511,-1.0923460477853708,7,771.8237718000544,,3
BTC,1,DONCHIAN_V2,2023-10-15 21:00:00+00:00,2023-10-15 23:00:00+00:00,27208.04052,27049.122264117657,0.01702049299506235,463.0942630800326,27062.653590913113,30115.779101737742,SL,-2.7048670610329166,0.46174182954951615,0.0,-2.9350617590424166,2.474557208096971,-1.1860957384370157,2,768.6571629094719,,3
NEAR,-1,DONCHIAN_V2,2023-10-02 19:00:00+00:00,2023-10-16 05:00:00+00:00,1.1143770231723786,1.0493708409819071,272.94452417900817,304.16310634580447,1.0488464177730208,0.6686312891672928,SL,17.74308146667216,0.2952915656124684,0.0,17.59987145423259,6.083192863642067,2.8931963606518596,322,786.2570343637045,,3
XRP,-1,DONCHIAN_V2,2023-10-11 03:00:00+00:00,2023-10-16 05:00:00+00:00,0.4909017966628075,0.4922680031391344,50.01383631130691,24.551882103220123,0.49202199214306286,0.3535508459266192,SL,-0.06832922707446114,0.024586046716757355,0.0,-0.08063933273960842,0.3434723983661045,-0.23477674806828466,122,786.176395030965,,3
ETH,1,DONCHIAN_V2,2023-10-16 06:00:00+00:00,2023-10-16 13:00:00+00:00,1585.577061767578,1570.352951387947,0.29740864486383295,471.56432526747335,1571.1385206482712,1874.3478841537162,SL,-4.527782037263448,0.4693004342488416,0.0,-4.761300308878552,4.294146948103771,-1.108788396489568,7,780.7795895821079,,3
APT,1,DONCHIAN_V2,2023-10-16 13:00:00+00:00,2023-10-16 14:00:00+00:00,5.094918983745575,5.025756931483753,87.86241505097378,447.6518864009392,5.028271067017261,6.427877318311848,SL,-6.076744941605338,0.44461351393013654,0.0,-6.297532512335005,5.855846921865809,-1.075426423600647,1,774.2582311265724,,3
LINK,1,DONCHIAN_V2,2023-10-15 19:00:00+00:00,2023-10-17 12:00:00+00:00,7.43148582830429,7.411956809236535,40.42250054469548,300.39923994252695,7.415664641557313,9.15891242347844,SL,-0.7894117839037242,0.30000453405057503,0.0,-0.9392166979830359,3.491345124217415,-0.26901284879235804,41,773.1684294995573,,3
SOL,1,DONCHIAN_V2,2023-10-16 06:00:00+00:00,2023-10-17 13:00:00+00:00,22.71254178314209,23.612431629260442,14.42991809548691,327.7401176710646,23.62424375113601,29.86593825741921,SL,12.985336774448141,0.33423278605828866,0.0,12.814974047225386,5.161146261418181,2.482970525951358,31,785.9834035467827,,3
SUI,-1,DONCHIAN_V2,2023-10-17 07:00:00+00:00,2023-10-18 17:00:00+00:00,0.40101978000000005,0.3870908308167395,751.0099827592737,301.1698580639278,0.3868973821256767,0.24637638332731843,SL,10.460779885975299,0.2959394681209402,0.0,10.315425346886324,5.806936733449293,1.7763970610299744,34,795.8996474983992,,3
BTC,1,DONCHIAN_V2,2023-10-16 06:00:00+00:00,2023-10-19 01:00:00+00:00,27924.98388,28082.238324660102,0.016891892902986306,471.70583701857896,28096.286467894046,33540.21527649737,SL,2.6563252377170348,0.47303399963743753,0.0,2.419144156588887,4.742594368756017,0.5100887759927545,67,798.3187916549881,,3
AVAX,-1,DONCHIAN_V2,2023-10-17 13:00:00+00:00,2023-10-19 16:00:00+00:00,9.201159468650818,9.084668828500975,41.81440794761076,384.7410356131868,9.080128764118916,6.38223298409987,SL,4.870987149303865,0.38230554203853484,0.0,4.681052125071924,5.893587099966885,0.7942619741885593,51,802.6009458793125,,3
ETH,-1,DONCHIAN_V2,2023-10-19 02:00:00+00:00,2023-10-19 16:00:00+00:00,1549.1800922363282,1568.444047769712,0.30919018220892713,478.9912749929928,1567.6602176608815,1179.5775837452602,SL,-5.956225921431592,0.48196938795370864,0.0,-6.1986996718888046,5.713873347261464,-1.0848507299973158,14,796.4022462074237,,3
XRP,-1,DONCHIAN_V2,2023-10-19 02:00:00+00:00,2023-10-19 16:00:00+00:00,0.4837732256472111,0.489614805464135,658.99580547428,318.8045265022745,0.4893701204039331,0.3718353305127711,SL,-3.849576596696065,0.3207293148006225,0.0,-4.0109036482455505,3.688330168360777,-1.0874578644427964,14,792.3913425591782,,3
LINK,-1,DONCHIAN_V2,2023-10-17 13:00:00+00:00,2023-10-20 07:00:00+00:00,7.382523024559021,7.512940983232416,46.539703917840676,343.5804357296185,7.509186390037398,4.849255714991505,SL,-6.069613182228959,0.34661524232073293,0.0,-6.244438206684883,5.89487552660087,-1.0592994166724297,66,785.5769092810522,,3
NEAR,-1,DONCHIAN_V2,2023-10-17 13:00:00+00:00,2023-10-20 08:00:00+00:00,1.0189961273908614,1.005954279251133,68.7356088155617,70.04131919691054,1.0054515534743957,0.7189824314750626,SL,0.8964393719643413,0.06959309951092836,0.0,0.8618669320518683,1.031081202088964,0.8358865725664781,67,786.438776213104,,3
SOL,1,DONCHIAN_V2,2023-10-19 16:00:00+00:00,2023-10-22 07:00:00+00:00,24.76295102005005,28.83454993647331,10.765968456565135,266.59714957332625,28.84897442368515,35.80317483859524,SL,43.83470550199759,0.2885145023243251,0.0,43.67948957445993,5.942935069193836,7.349817735832185,63,829.9018220827919,,3
AVAX,1,DONCHIAN_V2,2023-10-22 07:00:00+00:00,2023-10-22 08:00:00+00:00,10.050009935760498,9.808368018292757,26.29208313159695,264.2356967043903,9.813274655620567,14.784715538559107,SL,-6.353269382140321,0.2610590620133202,0.0,-6.482210595801447,6.224263665620939,-1.041442159914473,1,823.2874936386382,,3
BTC,1,DONCHIAN_V2,2023-10-20 03:00:00+00:00,2023-10-23 23:00:00+00:00,28988.49654,32542.204840237984,0.016293686651809604,472.3294791298269,32558.484082279123,36280.193586407826,SL,57.903009496012636,0.5012809838778333,0.0,57.637893251699715,5.940431341704765,9.702644460689783,92,880.7947584288776,,3
XRP,1,DONCHIAN_V2,2023-10-19 21:00:00+00:00,2023-10-24 05:00:00+00:00,0.5032406006813049,0.5384552058621265,796.9617587214344,401.06351417900385,0.5387245681461995,0.6523552919411615,SL,28.064693677588465,0.4150958610177981,0.0,27.85012957366017,5.941935329882936,4.687046900964648,104,908.5545929753977,,3
ETH,1,DONCHIAN_V2,2023-10-20 09:00:00+00:00,2023-10-24 15:00:00+00:00,1611.7922646972656,1798.061175478809,0.2685751874019311,432.887409544051,1798.9606558067123,2029.5638658598236,SL,50.02720762030659,0.45790101335420436,0.0,49.785750311724414,5.6101543036719415,8.874221209769363,102,958.2382117034847,,3
LINK,1,DONCHIAN_V2,2023-10-22 23:00:00+00:00,2023-10-24 15:00:00+00:00,10.102020381546021,9.813594384291124,12.409002518808803,125.35599635966244,9.818503636109178,20.05309673028041,SL,-3.579078926425964,0.12356645689644946,0.0,-3.6399673851425822,6.174146573815183,-0.5895498821780224,40,954.5982443183422,,3
NEAR,1,DONCHIAN_V2,2023-10-24 10:00:00+00:00,2023-10-24 15:00:00+00:00,1.1433286432743073,1.104634940760433,178.6565643013989,204.26316727476745,1.1051875345276967,1.9061508182065172,SL,-6.91288395122918,0.20080672529915286,0.0,-7.011559092890949,6.8141594473154825,-1.0289690382359977,5,947.5866852254512,,3
LINK,1,DONCHIAN_V2,2023-10-25 02:00:00+00:00,2023-10-25 08:00:00+00:00,11.522304457855224,10.850462313837461,10.664388830620208,122.87833496335668,10.855890258966944,24.85058843562081,SL,-7.164785856602964,0.1192959420350552,0.0,-7.222642631156341,7.106900139190883,-1.0162859319391866,6,940.3026034268132,,3
SOL,1,DONCHIAN_V2,2023-10-25 13:00:00+00:00,2023-10-26 11:00:00+00:00,33.296658915710445,31.640105285180034,4.298262458404227,143.1177790076886,31.655933251805937,66.1111721938006,SL,-7.120302280442091,0.13955762786746756,0.0,-7.1883010188057135,7.052269525701098,-1.0192890377500274,22,932.8207110449638,,3
APT,1,DONCHIAN_V2,2023-10-22 08:00:00+00:00,2023-10-26 14:00:00+00:00,6.02410468454361,6.322600511387918,22.559522730337598,135.90092656089476,6.32576339308446,11.49820648722601,SL,6.733923390605094,0.1392678882561973,0.0,6.662605965629344,6.174656202289787,1.079024604342928,102,939.3736237584224,,3
AVAX,1,DONCHIAN_V2,2023-10-26 03:00:00+00:00,2023-10-26 14:00:00+00:00,10.712142038154601,10.64888203311425,22.13287996187121,237.0905538649902,10.65420913768309,17.08361894690041,SL,-1.400126097945474,0.23639049081601748,0.0,-1.5179713118289964,7.050956680055266,-0.2152858655510983,11,937.8556524465934,,3
NEAR,1,DONCHIAN_V2,2023-10-26 11:00:00+00:00,2023-10-26 14:00:00+00:00,1.2094418646097183,1.170287769573262,181.3948324109829,219.3865043417065,1.1708732061763503,1.9808150332770762,SL,-7.102350507341664,0.21583532908803568,0.0,-7.208492584258846,6.996155332837228,-1.0303505627476552,3,930.6471598623345,,3
DOGE,1,DONCHIAN_V2,2023-10-26 02:00:00+00:00,2023-10-27 16:00:00+00:00,0.07065412572026253,0.06856943927287984,2929.402792893914,206.97439321441476,0.06860374114345157,0.11879863388510609,SL,-6.10688630127094,0.2039209500637793,0.0,-6.207320054727512,7.05173283402982,-0.8802545701636068,38,924.3245365857689,,3
SUI,1,DONCHIAN_V2,2023-10-28 07:00:00+00:00,2023-10-30 17:00:00+00:00,0.45939186,0.44349812353677626,442.34868983418414,203.21138739148893,0.44371998352854053,0.7728293894291889,SL,-7.030573501076816,0.1996961006409505,0.0,-7.128663908022022,6.932434024393267,-1.0283060585846584,58,916.645291682778,,3
XRP,1,DONCHIAN_V2,2023-10-29 10:00:00+00:00,2023-10-30 17:00:00+00:00,0.5513202282071114,0.568776610227583,1005.8287908981371,554.5337585352438,0.569061140797982,0.6640213918306265,SL,17.558131621106945,0.5633128243457973,0.0,17.27208567602877,5.667903757012621,3.0473498521669247,31,933.9173773588067,,3
APT,1,DONCHIAN_V2,2023-10-31 01:00:00+00:00,2023-10-31 02:00:00+00:00,7.425284751605988,7.169610506940685,27.78178566497751,206.2876694705433,7.173197105493431,12.46703767385712,SL,-7.10308706534647,0.20273612593787008,0.0,-7.202679356549068,7.003444953087752,-1.0284480573197732,1,926.4868372204159,,3
NEAR,1,DONCHIAN_V2,2023-10-27 13:00:00+00:00,2023-10-31 15:00:00+00:00,1.222844503211975,1.2440999049925436,188.5819849299831,230.60644367643334,1.2447222661256063,1.963090577253351,SL,4.008385858263927,0.2326106366055653,0.0,3.8910784434965784,6.979853698967509,0.5574727797048474,98,930.2337867568717,,3
AVAX,1,DONCHIAN_V2,2023-10-29 15:00:00+00:00,2023-10-31 15:00:00+00:00,11.182236305236817,11.123746974800389,30.71092710231113,343.4168440109448,11.129311630615696,15.695022556860318,SL,-1.796261563296135,0.3425187132292968,0.0,-1.9670718545199593,6.929592480096042,-0.28386544521485285,48,928.2667149023517,,3
XRP,1,DONCHIAN_V2,2023-10-31 11:00:00+00:00,2023-10-31 15:00:00+00:00,0.6009101818084717,0.5861316194748272,479.70199675071814,288.25781408136095,0.5864248318907725,0.8906171801624552,SL,-7.089305860554218,0.2847131611510838,0.0,-7.229890114664621,6.948651279153118,-1.0404738738804258,4,921.0368247876871,,3
SUI,-1,DONCHIAN_V2,2023-10-31 16:00:00+00:00,2023-11-01 17:00:00+00:00,0.43051388,0.4491807617719438,374.5115502760644,161.23242061416354,0.4489562836301288,0.061665807397424666,SL,-6.990962831230684,0.16472790202977888,0.0,-7.075074522953381,6.906893174336447,-1.0243497827998609,25,913.6438997871394,,3
SOL,1,DONCHIAN_V2,2023-10-31 01:00:00+00:00,2023-11-01 19:00:00+00:00,35.862170542144774,42.253002439261635,6.955348503506096,249.43389421278707,42.274139509016145,56.003160822244304,SL,44.450463071770784,0.27165912574867246,0.0,44.30352089312851,7.00438033019105,6.325116399257562,42,957.9474206802679,,3
DOGE,-1,DONCHIAN_V2,2023-10-31 16:00:00+00:00,2023-11-01 20:00:00+00:00,0.06720655841231346,0.06921272922127505,3503.672229085853,235.4697523216589,0.06917814015119945,0.027774923634593524,SL,-7.028964950161436,0.2389842347967396,0.0,-7.150214308797346,6.907776185907653,-1.0350964067689807,28,950.6870972414475,,3
NEAR,1,DONCHIAN_V2,2023-11-01 10:00:00+00:00,2023-11-02 06:00:00+00:00,1.3610721878528595,1.4578768723665643,175.5959635248005,238.99878225283115,1.4586061754542914,2.1476834987425573,SL,16.998511850898314,0.2474980381782803,0.0,16.87051320384645,6.906288552759143,2.4427756058797283,20,967.2583571380604,,3
DOGE,1,DONCHIAN_V2,2023-11-02 09:00:00+00:00,2023-11-02 13:00:00+00:00,0.07036406877189874,0.06854162135407554,4056.929948339012,285.4620978877018,0.06857590930872991,0.1061272580352755,SL,-7.3935415086400305,0.2817653271333818,0.0,-7.532575786829561,7.254437678535453,-1.0383404090874016,4,959.5830503022871,,3
AVAX,1,DONCHIAN_V2,2023-11-01 19:00:00+00:00,2023-11-02 15:00:00+00:00,11.789357102394105,11.532820308994209,18.679412128537106,220.21826004611552,11.538589603796106,19.48189646676291,SL,-4.791956490050029,0.2178222818010905,0.0,-4.899669641828061,7.1846056551020085,-0.6819677901665564,20,954.6833806604591,,3
ETH,1,DONCHIAN_V2,2023-11-01 20:00:00+00:00,2023-11-02 15:00:00+00:00,1836.2872279541016,1803.4702655812068,0.2234122901715245,410.2491350099461,1804.3724518071103,2474.5827508939274,SL,-7.331712720201163,0.4065832786498455,0.0,-7.533171431346036,7.1301532293108565,-1.056523077285133,19,947.150209229113,,3
SUI,1,DONCHIAN_V2,2023-11-01 20:00:00+00:00,2023-11-02 15:00:00+00:00,0.46169232,0.4439876337607128,407.7552761915685,188.257479457126,0.44420973863002783,0.8113439473994435,SL,-7.219179227385602,0.18464788984343322,0.0,-7.309698377500473,7.128614795054569,-1.0254023520209747,19,939.8405108516125,,3
LINK,-1,DONCHIAN_V2,2023-11-03 02:00:00+00:00,2023-11-03 07:00:00+00:00,10.678863555908203,11.077035875312317,17.950861918596537,191.69480513964095,11.071500125249694,2.826132169078387,SL,-7.1475363254305755,0.19526857330235625,0.0,-7.246957496163112,7.048164840440556,-1.0282048817277845,5,932.4125071600081,,3
APT,-1,DONCHIAN_V2,2023-11-02 17:00:00+00:00,2023-11-04 08:00:00+00:00,6.643870735740662,6.922165799182687,25.647336096787257,170.39758574315,6.918706445959708,1.1471565313597525,SL,-7.137527026174346,0.17396634925623716,0.0,-7.226294582559008,7.048803831387094,-1.0251802653922044,39,924.7199220228368,,3
SOL,1,DONCHIAN_V2,2023-11-04 08:00:00+00:00,2023-11-06 05:00:00+00:00,41.694338024139405,39.944888233933355,4.010136066249664,167.19996866900618,39.96487066926799,76.28368512156769,SL,-7.015531699798189,0.16369220281910707,0.0,-7.095623918282794,6.935399415171276,-1.0231024189841214,45,917.5406981202196,,3
XRP,1,DONCHIAN_V2,2023-11-06 10:00:00+00:00,2023-11-07 00:00:00+00:00,0.691838321685791,0.6800118587148883,354.1677828386024,245.02684447423638,0.6803520347322545,1.0804425691273285,SL,-4.188552169227411,0.24293256838962268,0.0,-4.308971315379916,6.881555235901647,-0.626162425159309,14,913.1092133826025,,3
SOL,1,DONCHIAN_V2,2023-11-07 00:00:00+00:00,2023-11-07 02:00:00+00:00,42.17543321685791,40.90679023333394,5.486646661949233,231.40169987553625,40.927253860264074,67.1390203487346,SL,-6.960595790757094,0.2279214019801577,0.0,-7.0728163427994835,6.84831910036952,-1.0327813641770651,2,905.9206961898653,,3
ETH,1,DONCHIAN_V2,2023-11-03 21:00:00+00:00,2023-11-07 17:00:00+00:00,1827.7955397216797,1851.8700581249395,0.26136490938092377,477.72161560621345,1852.796456353116,2362.8491742217607,SL,6.292234320857391,0.4808677327666422,0.0,6.050227395893856,6.99221223475239,0.865280857154661,92,911.8676403575861,,3
NEAR,-1,DONCHIAN_V2,2023-11-07 16:00:00+00:00,2023-11-09 02:00:00+00:00,1.4579083378791808,1.5066149405422284,141.68686122392,206.56645634628336,1.5058620095374597,0.49883490471360104,SL,-6.901085652207838,0.2100169991723873,0.0,-7.007819423207084,6.79440522142399,-1.031410284613311,34,904.7708321139038,,3
AVAX,1,DONCHIAN_V2,2023-11-03 17:00:00+00:00,2023-11-09 16:00:00+00:00,12.131425510025025,13.042507960862658,19.37818869823884,235.0850527118933,13.049032477101207,19.34891514499346,SL,17.655127651985556,0.2439126165378861,0.0,17.528757561803616,6.99309380370006,2.5065812148164115,143,922.0616223375259,,3
LINK,1,DONCHIAN_V2,2023-11-03 21:00:00+00:00,2023-11-09 16:00:00+00:00,11.343267803192138,14.951724435620394,19.374878978388065,219.7744409062935,14.959204037639212,18.559231099263723,SL,69.9134105520592,0.2547311461823231,0.0,69.76856662633003,6.990420778693867,9.980596137928913,139,991.830188963856,,3
SOL,1,DONCHIAN_V2,2023-11-07 18:00:00+00:00,2023-11-09 16:00:00+00:00,43.06760990753174,44.87496777683951,4.132517252117403,177.97764095033733,44.89741648508205,76.16611566296561,SL,7.468937575664519,0.1817121097381696,0.0,7.3762142864015185,6.839007302681895,1.0785504328250914,46,999.2064032502575,,3
ETH,1,DONCHIAN_V2,2023-11-09 03:00:00+00:00,2023-11-09 16:00:00+00:00,1918.2936161865234,1975.3528809382094,0.2481031435162519,475.93467636303484,1976.3410514639413,2465.3065354653772,SL,14.156582951619361,0.4830129678388445,0.0,13.911537321962035,6.785781240854278,2.050101061054936,13,1013.1179405722195,,3
ETH,1,DONCHIAN_V2,2023-11-09 16:00:00+00:00,2023-11-09 19:00:00+00:00,2038.277569116211,1994.5886171390302,0.1779849686177567,362.78276917342623,1995.5864103442022,2892.1007445563837,SL,-7.775976746601195,0.3588947808001256,0.0,-7.953480142814608,7.598384554291646,-1.0467330372641381,3,1004.7812539736859,,3
NEAR,-1,DONCHIAN_V2,2023-11-09 17:00:00+00:00,2023-11-10 00:00:00+00:00,1.400719822883606,1.4868706222151635,88.94357024920885,124.58502196610738,1.4861275584359457,-0.3074348881631894,SL,-7.662559672371884,0.12841630180229333,0.0,-7.728683463191124,7.596468926925379,-1.0174047360079517,7,996.9234454976421,,3
APT,-1,DONCHIAN_V2,2023-11-09 17:00:00+00:00,2023-11-10 00:00:00+00:00,7.002399155330658,7.41215454710232,18.707006302917016,130.9939251343114,7.408450321941349,-1.118624176883169,SL,-7.66529669652671,0.13482657348257476,0.0,-7.734626307442129,7.596001733093007,-1.0182496765035196,7,989.1888191902,,3
DOGE,-1,DONCHIAN_V2,2023-11-09 17:00:00+00:00,2023-11-10 21:00:00+00:00,0.07136572083681822,0.07506525919945305,2074.542139112373,148.05119516410934,0.07502774532678966,-0.0018747689626106567,SL,-7.674848228548741,0.1518886192783837,0.0,-7.75271125024507,7.597024118907245,-1.0204931732348137,28,981.2893909282186,,3
ETH,1,DONCHIAN_V2,2023-11-09 23:00:00+00:00,2023-11-11 01:00:00+00:00,2095.8289940917966,2033.654364673617,0.12322094332761387,258.25002570535526,2034.6717005238788,3318.974865450154,SL,-7.661216487952905,0.2544194174613788,0.0,-7.786510892561607,7.535859404802644,-1.033261168274878,26,973.4271555665086,,3
SUI,1,DONCHIAN_V2,2023-11-10 21:00:00+00:00,2023-11-11 04:00:00+00:00,0.59651928,0.5672476233602636,253.88775078091723,151.4489382966522,0.567531389054791,1.1762770989041806,SL,-7.431715065893979,0.14773308076370517,0.0,-7.503723677509358,7.359670431961639,-1.0195733283004254,7,965.7904663212322,,3
SOL,1,DONCHIAN_V2,2023-11-10 10:00:00+00:00,2023-11-11 23:00:00+00:00,49.15983152618408,55.73120533916118,2.645030366890929,130.02924721799891,55.75908488160198,105.25685208815956,SL,17.38148328751626,0.13871998886175707,0.0,17.307777922263504,7.4189161439265,2.3329254012976715,37,983.0116133994424,,3
DOGE,1,DONCHIAN_V2,2023-11-11 01:00:00+00:00,2023-11-12 00:00:00+00:00,0.07610521856993437,0.07650070463499428,3494.2562485344274,265.9311355340715,0.0765389741220553,0.1178921005126133,SL,1.3819296540439054,0.26662210036109346,0.0,1.2482731214498477,7.300703666748815,0.17097983679780485,23,984.2598865208922,,3
APT,1,DONCHIAN_V2,2023-11-12 08:00:00+00:00,2023-11-13 03:00:00+00:00,8.032106512069703,7.63659955799474,18.84497784328686,151.36486925487364,7.6404197678786785,15.865841395890186,SL,-7.453319786408554,0.14763820936166938,0.0,-7.525275561142786,7.3813280157890215,-1.0195015781775114,19,976.5761107760994,,3
AVAX,1,DONCHIAN_V2,2023-11-10 18:00:00+00:00,2023-11-13 05:00:00+00:00,14.243848375511169,17.82310462191631,11.471954204135539,163.40477625451453,17.832020632232428,27.177004143471194,SL,41.061063743625866,0.18393530812632747,0.0,40.9588308236268,7.418428534249431,5.521227391290204,59,1017.5349415997263,,3
LINK,1,DONCHIAN_V2,2023-11-11 15:00:00+00:00,2023-11-13 06:00:00+00:00,15.779155222892761,15.111927529258983,10.980415976611484,173.2616881068842,15.11948727289543,28.972514222839383,SL,-7.3264376272139735,0.16959846929327724,0.0,-7.4094052524538085,7.2434284974092416,-1.0229141152016523,39,1010.1255363472725,,3
ETH,1,DONCHIAN_V2,2023-11-13 15:00:00+00:00,2023-11-13 21:00:00+00:00,2076.4252117675783,2042.569466230319,0.23073500277053968,479.1039769900106,2043.5912618612494,2733.104209894155,SL,-7.811705540338207,0.47519812421984153,0.0,-8.047351676063043,7.575941522604543,-1.062224629381304,6,1001.8386326827144,,3
XRP,1,DONCHIAN_V2,2023-11-13 21:00:00+00:00,2023-11-13 22:00:00+00:00,0.7125424991726875,0.654272724211216,327.3995604600848,233.2861010382682,0.6895925913152626,1.1715406563211848,SL_GAP,-19.077498710493845,0.2237473516830213,0.0,-19.18460301165773,7.513789745120358,-2.5532525745901644,1,982.5373866205376,,3
NEAR,1,DONCHIAN_V2,2023-11-12 08:00:00+00:00,2023-11-13 23:00:00+00:00,1.6503299761533736,1.589715098644342,100.36507876519204,165.63549804519084,1.5905103538212526,3.1213494262904167,SL,-6.083616955536424,0.16259368956742265,0.0,-6.163392896081252,7.381949148906691,-0.8349275742429201,39,976.1956949196808,,3
BTC,1,DONCHIAN_V2,2023-10-23 23:00:00+00:00,2023-11-14 18:00:00+00:00,33385.47576,35136.94093231678,0.005409240101246514,180.59005428018543,35154.518191412484,57810.202947444624,SL,9.474095646032547,0.18532710210320172,0.0,9.379063571069437,6.605960688216581,1.4197879784236975,523,985.4313577392372,,3
BTC,-1,DONCHIAN_V2,2023-11-14 19:00:00+00:00,2023-11-15 09:00:00+00:00,35223.4539,35943.109470788266,0.010532719025365171,370.99874303160306,35925.1468973396,21189.59395320806,SL,-7.579929922151594,0.3747887079926788,0.0,-7.769219258628471,7.390735183044279,-1.051210612504762,14,977.476639109093,,3
NEAR,-1,DONCHIAN_V2,2023-11-14 01:00:00+00:00,2023-11-15 10:00:00+00:00,1.556688640999794,1.6448582475617262,83.81320655676322,130.47106661268276,1.6440362294470028,-0.19026312794438405,SL,-7.389777446803768,0.13416595533608466,0.0,-7.458707868833511,7.320881472761056,-1.0188264755528782,33,969.9511666253848,,3
APT,-1,DONCHIAN_V2,2023-11-13 22:00:00+00:00,2023-11-15 11:00:00+00:00,7.345030619907379,7.693628272757667,21.37265505678043,156.98280582077055,7.689783381067134,0.4499753967122855,SL,-7.4504573879724845,0.1607080345147568,0.0,-7.532674019576856,7.368281844140044,-1.022310788174797,37,962.418492605808,,3
LINK,-1,DONCHIAN_V2,2023-11-14 01:00:00+00:00,2023-11-15 11:00:00+00:00,14.293140327072145,14.970016293449552,10.937445014604574,156.3304364133788,14.962535025936585,0.9052463497833312,SL,-7.403293663960227,0.16003208324535895,0.0,-7.485160528998897,7.321467711897606,-1.0223579237855935,34,954.933332076809,,3
DOGE,-1,DONCHIAN_V2,2023-11-13 22:00:00+00:00,2023-11-16 00:00:00+00:00,0.07460507701784372,0.07678519017118897,2675.619565175292,199.61480373035218,0.07674681676280756,0.019522280527893253,SL,-5.833153407386554,0.20253138043404545,0.0,-5.935877385955424,7.369030399654032,-0.8055167456269561,50,948.7364258799512,,3
ETH,1,DONCHIAN_V2,2023-11-16 01:00:00+00:00,2023-11-16 08:00:00+00:00,2077.3653411621094,2038.6056977366195,0.18854147111237163,391.66951746055787,2039.6255104918653,2832.1619545669932,SL,-7.307800191232831,0.3880156173649415,0.0,-7.499981049867493,7.115523194099634,-1.0540308625635093,7,941.0406100713534,,3
DOGE,1,DONCHIAN_V2,2023-11-16 08:00:00+00:00,2023-11-16 09:00:00+00:00,0.07943588431477547,0.0774485581508469,3622.019867441375,287.7183511758914,0.07748730180174777,0.11840753457532935,SL,-7.198134848835309,0.2841192837514738,0.0,-7.338394956998838,7.05780457553515,-1.0397560428970098,1,933.5583559387666,,3
LINK,1,DONCHIAN_V2,2023-11-15 12:00:00+00:00,2023-11-16 12:00:00+00:00,15.137026624488831,14.546302190538325,12.273147408474578,185.7789590883558,14.55357898002834,26.80597951369866,SL,-7.250048055662259,0.18215393506052469,0.0,-7.339312511178606,7.1607389455908805,-1.024937868416175,24,926.103890624168,,3
NEAR,1,DONCHIAN_V2,2023-11-15 11:00:00+00:00,2023-11-16 13:00:00+00:00,1.664332834339142,1.7126410487534178,120.70587113969628,200.89474463530595,1.7134977976522439,2.8510191028616223,SL,5.831085104078406,0.20381028718734517,0.0,5.7277221892087145,7.161999990576068,0.7997378102129837,26,931.8316128133768,,3
DOGE,1,DONCHIAN_V2,2023-11-16 10:00:00+00:00,2023-11-16 13:00:00+00:00,0.08011601990461349,0.07764151454134766,2874.6511261296005,230.30560683981867,0.077680354718707,0.12882932362274335,SL,-7.113339629125871,0.22674893702525573,0.0,-7.224935762731218,7.001687669540749,-1.0318848974314663,3,924.6066770506455,,3
AVAX,1,DONCHIAN_V2,2023-11-15 09:00:00+00:00,2023-11-16 19:00:00+00:00,19.121823630523682,21.094320221505466,6.983080292424416,133.52922974952543,21.10487265783438,40.1185027071521,SL,13.774102071359241,0.14041628078520507,0.0,13.700450405448798,7.331074793318197,1.868818801021629,34,938.2385101948572,,3
SOL,1,DONCHIAN_V2,2023-11-15 12:00:00+00:00,2023-11-16 19:00:00+00:00,63.0126,60.240375877825265,2.148521376380091,135.38391808128813,60.270511133391956,129.6746934193284,SL,-5.95618278660895,0.13240582668798367,0.0,-6.02089665425629,7.161246635283685,-0.8407609681519896,31,932.217613540601,,3
BTC,-1,DONCHIAN_V2,2023-11-16 20:00:00+00:00,2023-11-17 02:00:00+00:00,35912.316100000004,36657.61310259695,0.009617400108971554,345.3831127735609,36639.29345586902,21372.768982619753,SL,-7.16781947399206,0.34896702251055695,0.0,-7.344094940115837,6.991632101554507,-1.050412097410412,6,924.4865633525586,,3
NEAR,1,DONCHIAN_V2,2023-11-17 03:00:00+00:00,2023-11-17 09:00:00+00:00,1.9393878104925155,1.8335920670250594,66.11126174719426,128.21537516878868,1.8345093216859023,4.036957586624781,SL,-6.99429008811601,0.12471823012473068,0.0,-7.054900630656347,6.9336492251441895,-1.017487386738927,6,917.3675550343179,,3
DOGE,1,DONCHIAN_V2,2023-11-17 09:00:00+00:00,2023-11-17 14:00:00+00:00,0.08482696563899517,0.08095452334087636,1795.4999468818828,152.30681229896712,0.080995020851302,0.16146586139285835,SL,-6.952969940575482,0.14883032732867937,0.0,-7.0256468617546775,6.880256662757384,-1.0211315080415948,5,910.1783948561082,,3
XRP,-1,DONCHIAN_V2,2023-11-17 15:00:00+00:00,2023-11-17 21:00:00+00:00,0.5957808191418648,0.6113393342733705,447.54073013700287,266.6361828003718,0.6110338173646882,0.2907208546853956,SL,-6.963069221801689,0.27011771741127266,0.0,-7.099868847812775,6.826337961420811,-1.04006993031078,6,902.9452079168952,,3
LINK,-1,DONCHIAN_V2,2023-11-17 11:00:00+00:00,2023-11-19 03:00:00+00:00,13.40631859664917,13.941166594505056,13.032647206713502,174.7198206109311,13.934199494757678,2.8487006344790053,SL,-6.9704852652728215,0.1782050632435675,0.0,-7.0613304182109236,6.879685512211263,-1.0264030827684267,40,895.8029531045191,,3
ETH,-1,DONCHIAN_V2,2023-11-16 20:00:00+00:00,2023-11-19 23:00:00+00:00,1964.607,2015.3351158715247,0.14059137342266806,276.2067963657876,2014.3279518955771,970.1879620884567,SL,-7.131935481521914,0.2797727641065486,0.0,-7.273604847445569,6.990336914881605,-1.040522786814598,75,888.4247074148524,,3
DOGE,-1,DONCHIAN_V2,2023-11-19 02:00:00+00:00,2023-11-20 11:00:00+00:00,0.07818435754477977,0.08149648113468558,2070.091683464816,161.84878833048825,0.08145575325805655,0.012756443279244259,SL,-6.856399498071638,0.16527698807952407,0.0,-6.940752091985917,6.7720890593767145,-1.024905613486531,33,881.217427910642,,3
BTC,1,DONCHIAN_V2,2023-11-20 00:00:00+00:00,2023-11-20 14:00:00+00:00,37379.17434,37001.29518604478,0.014260743685782317,533.0548244489114,37019.80508858907,44566.55936821853,SL,-5.388837758755646,0.5303604055695336,0.0,-5.6526707521007244,5.12487278292271,-1.102987526039039,14,875.4135244569179,,3
DOGE,1,DONCHIAN_V2,2023-11-20 12:00:00+00:00,2023-11-20 14:00:00+00:00,0.08165632566064596,0.07983212827581573,3704.1270324084894,302.4654032467497,0.07987206430796971,0.11734155271417085,SL,-6.7570588455985,0.29908687382395044,0.0,-6.904913017799076,6.609130709329815,-1.0447535873442053,2,868.5086114391188,,3
ETH,1,DONCHIAN_V2,2023-11-20 18:00:00+00:00,2023-11-20 21:00:00+00:00,2058.1215029296873,2014.091018215573,0.15140330432209606,311.6063962399132,2015.0985674993226,2918.5802115369816,SL,-6.666360876620432,0.30827321580160294,0.0,-6.818830894302079,6.513814585793391,-1.0468260655091302,3,861.5339773466967,,3
LINK,1,DONCHIAN_V2,2023-11-19 04:00:00+00:00,2023-11-21 02:00:00+00:00,14.109821751022338,14.312669962123916,14.832340771927946,209.28168444232438,14.319829877062446,23.169109494733757,SL,3.0087137920345874,0.21078604133834167,0.0,2.902568592917408,6.718522148283893,0.43202486035694754,46,864.4365459396141,,3
XRP,-1,DONCHIAN_V2,2023-11-21 15:00:00+00:00,2023-11-22 18:00:00+00:00,0.6049789560675621,0.6036194434472952,585.3134013427772,354.10229051670734,0.6033177845550177,0.3834876785206818,SL,0.795740955936851,0.3537044200387389,0.0,0.6190876811564657,6.482090651436111,0.09550740871223493,27,864.7207900607128,,3
SOL,-1,DONCHIAN_V2,2023-11-21 03:00:00+00:00,2023-11-22 19:00:00+00:00,55.40891416931152,57.25363985692336,2.6212568983057842,145.24099849394094,57.22502734325173,5.942003095181562,SL,-4.835499934134402,0.14765874846100813,0.0,-4.91053818334844,6.483274094547106,-0.7574164090144749,40,859.8102518773644,,3
LINK,-1,DONCHIAN_V2,2023-11-21 03:00:00+00:00,2023-11-22 21:00:00+00:00,14.263146594047546,14.595613451002924,11.942934890388862,170.34383110478151,14.588319291357246,3.406971792291296,SL,-3.9706300258303058,0.17232914611769667,0.0,-4.057787256395612,6.482729440802753,-0.6259380857167375,42,855.5079726460226,,3
SUI,-1,DONCHIAN_V2,2023-11-16 16:00:00+00:00,2023-11-23 01:00:00+00:00,0.57378522,0.5675195375240937,239.1740283487223,137.23452247435785,0.5672359195643115,-0.006089620571658183,SL,1.498588518116508,0.13648522821529963,0.0,1.4307205511383874,6.934550077879841,0.20631771853550646,153,856.7454885375178,,3
BTC,1,DONCHIAN_V2,2023-11-22 21:00:00+00:00,2023-11-23 15:00:00+00:00,37638.42618,36994.93504360913,0.010266351665142639,386.40931928639134,37013.44176449138,50138.1144901725,SL,-6.606306299590923,0.38310616613659587,0.0,-6.796207806084323,6.416309794845169,-1.0592081778134157,18,849.8511943405874,,3
APT,-1,DONCHIAN_V2,2023-11-16 20:00:00+00:00,2023-11-25 01:00:00+00:00,7.36622655992508,7.5444765229691555,20.678238101199135,152.32058671350782,7.5407061698842135,0.6061717571999568,SL,-3.6858951773553437,0.1541635343021855,0.0,-3.763898418300775,6.989301139395233,-0.5385228570401039,197,845.8368582717889,,3
APT,1,DONCHIAN_V2,2023-11-25 02:00:00+00:00,2023-11-25 09:00:00+00:00,7.5823162164688105,7.387066874432315,33.11743806781165,251.10688770946976,7.3907622555600945,11.413395434643135,SL,-6.466157992674615,0.24787380871313247,0.0,-6.588478357533013,6.343776437038416,-1.0385735410008925,7,839.122826470401,,3
SUI,1,DONCHIAN_V2,2023-11-23 02:00:00+00:00,2023-11-26 01:00:00+00:00,0.56651328,0.6352312187455763,346.280993963546,196.17278169194864,0.6355489932421974,0.9376333400693565,SL,23.795716131944232,0.20807063975792078,0.0,23.685731883032286,6.425591164031383,3.6861560716184716,71,862.8085583534333,,3
NEAR,1,DONCHIAN_V2,2023-11-26 03:00:00+00:00,2023-11-26 09:00:00+00:00,1.9133825875997543,1.86761294910344,144.32946412401975,276.1574835325028,1.8685472227147972,2.810089885298897,SL,-6.6059073973231675,0.27285452983384123,0.0,-6.740683185390758,6.47106418765075,-1.0416653258137267,6,855.7607099165834,,3
XRP,1,DONCHIAN_V2,2023-11-26 11:00:00+00:00,2023-11-26 13:00:00+00:00,0.6338267531633377,0.6273776931354627,605.0378082735252,383.4891495590705,0.627691538904915,0.7565310383317918,SL,-3.901925144689915,0.3815381869867256,0.0,-4.091718756897105,3.7120365882045347,-1.1022840588099423,2,851.4772465849068,,3
LINK,1,DONCHIAN_V2,2023-11-26 06:00:00+00:00,2023-11-26 14:00:00+00:00,14.991998120498657,14.697814089924583,22.55690113271118,338.17301938588,14.705166673261212,20.728627065247547,SL,-6.635880092481878,0.3348550793396391,0.0,-6.801648662128578,6.470028597087503,-1.0512548066928722,8,844.6755979227781,,3
DOGE,1,DONCHIAN_V2,2023-11-24 08:00:00+00:00,2023-11-26 16:00:00+00:00,0.0777555466979742,0.07679526198714033,6441.666508258917,500.8753009957026,0.0768336788265536,0.09754509634132312,SL,-6.185833860171637,0.4977823840656168,0.0,-6.433178593739402,6.373883957554406,-1.0093027479916261,56,838.2424193290387,,3
BTC,-1,DONCHIAN_V2,2023-11-26 17:00:00+00:00,2023-11-26 20:00:00+00:00,37217.555,37542.34127071862,0.013513661808182274,502.94545159742324,37523.57948097814,31097.065380437336,SL,-4.389051822432183,0.5051399775086394,0.0,-4.642719074142111,4.135511340963041,-1.1226469211086616,3,833.0063768423714,,3
DOGE,-1,DONCHIAN_V2,2023-11-26 17:00:00+00:00,2023-11-26 20:00:00+00:00,0.07640471768528223,0.07762863781143028,4352.913275413497,332.58310991648545,0.0775898428899853,0.05270221359122078,SL,-5.3276181651556245,0.3352469189990632,0.0,-5.496573529196445,5.158747236579128,-1.0654861107018176,3,827.509803313175,,3
DOGE,1,DONCHIAN_V2,2023-11-27 01:00:00+00:00,2023-11-27 02:00:00+00:00,0.07967593041658401,0.07813805836072164,4140.907341019117,329.93064516456104,0.07817714693418873,0.10965160006448961,SL,-6.3681856856686325,0.3267465523217268,0.0,-6.529966915408079,6.206323524848811,-1.0521473605530662,1,820.8148710751847,,3
ETH,1,DONCHIAN_V2,2023-11-22 19:00:00+00:00,2023-11-27 10:00:00+00:00,2063.3024705566404,2022.9473155864866,0.15769146271853632,325.36518461284635,2023.9592952341036,2881.1751413923866,SL,-6.363663415476758,0.32218335290510797,0.0,-6.523164176075443,6.4485768890802335,-1.011566472460228,111,814.0314841212523,,3
SOL,1,DONCHIAN_V2,2023-11-22 20:00:00+00:00,2023-11-27 10:00:00+00:00,57.31145923690796,55.02558887579358,2.8549048908930725,163.61876527966749,55.053115433510335,102.47833530486034,SL,-6.525942473892948,0.16035579404272102,0.0,-6.604488885295835,6.447356769637935,-1.0243715558595843,110,807.4269952359565,,3
DOGE,1,DONCHIAN_V2,2023-11-27 06:00:00+00:00,2023-11-27 10:00:00+00:00,0.08061612091809511,0.07881189124995673,3488.26923515748,281.2107344563266,0.07885131690841093,0.11591220111177875,SL,-6.29363884452551,0.2780639150340638,0.0,-6.43109739233141,6.156111533063885,-1.044668758483436,4,800.9958978436251,,3
ETH,-1,DONCHIAN_V2,2023-11-27 11:00:00+00:00,2023-11-28 16:00:00+00:00,2024.595,2052.8224239886385,0.22085045134562578,447.1327195420972,2051.7965257257756,1480.56448548449,SL,-6.234039328215162,0.4502497392062048,0.0,-6.460722707650318,6.007469233827188,-1.0754483221105695,29,794.1090724617998,,3
SOL,-1,DONCHIAN_V2,2023-11-27 11:00:00+00:00,2023-11-28 16:00:00+00:00,55.04898937301636,56.653136452379044,3.8111818521273557,209.80170927639162,56.62482404035887,23.532296026166204,SL,-6.113696237010158,0.2128585573948967,0.0,-6.221653939766859,6.005792486128905,-1.0359422098143605,29,787.8874185220329,,3
NEAR,-1,DONCHIAN_V2,2023-11-27 07:00:00+00:00,2023-11-28 17:00:00+00:00,1.767646406674385,1.8140311494394574,135.3408805936501,239.2348212575126,1.8131245871458845,0.8580827972443975,SL,-6.277751931934827,0.24237369722348,0.0,-6.400508218529551,6.155056992809674,-1.0398779777354805,34,781.2505440779468,,3
LINK,-1,DONCHIAN_V2,2023-11-27 11:00:00+00:00,2023-11-29 06:00:00+00:00,14.282142847442627,14.728710496117703,13.672382472094629,195.27091953132626,14.7213498212071,5.498003372153153,SL,-6.1056436923496245,0.19832374137750106,0.0,-6.206331973961462,6.005005729719119,-1.0335264033547826,43,774.7727213050528,,3
ETH,1,DONCHIAN_V2,2023-11-28 17:00:00+00:00,2023-11-29 15:00:00+00:00,2057.4114,2026.097559941603,0.1933770318380822,397.85610980183327,2027.1111154993528,2663.417090012945,SL,-6.055377445945224,0.3948284210788606,0.0,-6.251277812123168,5.859379080584601,-1.0668840036032397,22,768.4300869278819,,3
LINK,1,DONCHIAN_V2,2023-11-29 07:00:00+00:00,2023-11-29 15:00:00+00:00,14.76195162448883,14.442156044715002,12.377301778460952,182.71313009534015,14.449380735082542,21.01336941261458,SL,-3.958206398278554,0.18073402689620088,0.0,-4.047583860127085,3.8687842253435725,-1.0462159749339945,8,764.3825030677548,,3
SUI,1,DONCHIAN_V2,2023-11-30 07:00:00+00:00,2023-11-30 08:00:00+00:00,0.6292258199999999,0.6054526908402244,244.26107250821843,153.6953736430632,0.6057555686245366,1.0986308475092663,SL,-5.806850025443186,0.1507919486303416,0.0,-5.880794287251996,5.7328687730081604,-1.0258030525555213,1,758.4248610936812,,3
LINK,-1,DONCHIAN_V2,2023-11-30 09:00:00+00:00,2023-11-30 10:00:00+00:00,14.322134809303284,14.645023656980191,18.025118177831143,258.1581724965208,14.637704804577902,8.010734903810915,SL,-5.820109637679971,0.26106822731536083,0.0,-5.952098778747071,5.688186458202609,-1.046396566372027,1,752.3436832286859,,3
BTC,1,DONCHIAN_V2,2023-11-28 16:00:00+00:00,2023-11-30 14:00:00+00:00,37523.703239999995,37456.67683210764,0.012598235523014433,472.7324511132197,37475.41453937732,45209.79622331271,SL,-0.8444144728895517,0.4723102438767749,0.0,-1.0803584912097168,4.841560482778102,-0.22314262004009994,46,751.2633247374762,,3
XRP,-1,DONCHIAN_V2,2023-11-26 17:00:00+00:00,2023-12-02 19:00:00+00:00,0.612477508509159,0.621877968620677,573.2753589453157,351.11826353652083,0.621567185028163,0.3932135195218417,SL,-5.389052144681582,0.35381278960886164,0.0,-5.567305802522183,6.284932099524299,-0.8858179713578078,146,745.2303829518897,,3
XRP,1,DONCHIAN_V2,2023-12-02 19:00:00+00:00,2023-12-03 15:00:00+00:00,0.6170234068036079,0.6181384094992074,671.0658090867144,414.063311712104,0.6184476333158653,0.7046000987336005,SL,0.7482401860563449,0.4144374318051322,0.0,0.5408344101072647,2.938486181356955,0.1840520515422381,20,745.5641857061408,,3
SUI,-1,DONCHIAN_V2,2023-12-03 15:00:00+00:00,2023-12-03 21:00:00+00:00,0.60417914,0.6189479477676609,386.71709658359117,233.64640283717102,0.6186386284534342,0.31498937093131424,SL,-5.711350459911045,0.23650207806712656,0.0,-5.8310293365595856,5.591731392796056,-1.042794964019878,6,739.6163331681627,,3
SOL,1,DONCHIAN_V2,2023-11-28 17:00:00+00:00,2023-12-04 11:00:00+00:00,57.271450321197506,61.69245911307894,2.5339935910349602,145.1254880631916,61.723320773465666,88.88636592858603,SL,11.202807944536765,0.15072689203545997,0.0,11.1246437965329,4.005599676511683,2.777272991548898,138,750.5395593586233,,3
DOGE,1,DONCHIAN_V2,2023-11-30 17:00:00+00:00,2023-12-04 11:00:00+00:00,0.08334666395634413,0.08656673726074061,3193.3750432357024,266.157156615142,0.08661004228188154,0.11863519010341327,SL,10.282901727649254,0.2712986074789666,0.0,10.144681698477857,5.634474935531071,1.8004662039590174,90,760.6842410571011,,3
AVAX,1,DONCHIAN_V2,2023-12-01 02:00:00+00:00,2023-12-04 11:00:00+00:00,22.031405827331543,21.534335198126133,9.885036644221094,217.78125392687843,21.54510775200213,33.426000603371634,SL,-4.913561384461517,0.2153244732346477,0.0,-5.019995230732726,5.631799345360315,-0.8913661376924561,81,755.6642458263683,,3
ETH,1,DONCHIAN_V2,2023-12-01 02:00:00+00:00,2023-12-04 15:00:00+00:00,2088.607579394531,2200.9876882754934,0.21417788578366714,447.3335555864634,2202.088732641814,2614.6634628561824,SL,24.069334124262827,0.4593682226485948,0.0,23.833632679407465,5.633476846193764,4.230714588897364,85,779.4314874852406,,3
SUI,-1,DONCHIAN_V2,2023-12-04 12:00:00+00:00,2023-12-04 17:00:00+00:00,0.5982803200000001,0.6241283837577938,221.93951001165712,132.78204107041745,0.6238164755200338,0.08755720959932589,SL,-5.736706605154805,0.13565039437299486,0.0,-5.8059659789925915,5.667481843697762,-1.0244348617453136,5,773.625521506248,,3
DOGE,1,DONCHIAN_V2,2023-12-05 00:00:00+00:00,2023-12-05 02:00:00+00:00,0.09193838729560375,0.08916589964330608,2126.9947016837486,195.55246265909764,0.08921050489575395,0.1464960352925995,SL,-5.8970665469207475,0.19260392938563728,0.0,-5.9918942449768355,5.802191411296859,-1.0326950319685464,2,767.3136461926708,,3
APT,1,DONCHIAN_V2,2023-12-05 00:00:00+00:00,2023-12-05 07:00:00+00:00,7.776555095386505,7.475755699449066,19.529606678135625,151.8730623237499,7.479495447172652,13.717748059663574,SL,-5.874493891678968,0.14893581537791045,0.0,-5.947493175895004,5.801458089561887,-1.0251721350182408,7,761.3661530167758,,3
NEAR,1,DONCHIAN_V2,2023-12-05 01:00:00+00:00,2023-12-05 08:00:00+00:00,2.286457213354111,2.1936241766307307,63.234815737815445,144.58370057884616,2.19472153739943,4.1211707324477205,SL,-5.870279971584792,0.14164856059305378,0.0,-5.939636681888423,5.800888565578173,-1.023918424693342,7,755.4265163348874,,3
SUI,1,DONCHIAN_V2,2023-12-05 01:00:00+00:00,2023-12-06 11:00:00+00:00,0.63982794,0.6144367515240524,231.2385914859388,147.95291163894976,0.6147441235858453,1.1415042682830947,SL,-5.871422659332117,0.1450172003092837,0.0,-5.942463403821925,5.800346376701003,-1.024501472479606,34,749.1766881935619,,3
ETH,1,DONCHIAN_V2,2023-12-05 18:00:00+00:00,2023-12-06 11:00:00+00:00,2293.4986470703125,2248.021500701561,0.12774228070412583,292.97674796858865,2249.14607373843,3180.550113707962,SL,-5.8093543970596855,0.2900720707700588,0.0,-5.95293809384545,5.665698872511656,-1.0506979329112243,17,743.2237500997164,,3
DOGE,1,DONCHIAN_V2,2023-12-05 20:00:00+00:00,2023-12-06 20:00:00+00:00,0.09482896355241537,0.0968718383859981,1765.1769464564384,167.38990031908145,0.09692029853526572,0.15900407484057255,SL,3.6060355607362693,0.16919291809944959,0.0,3.5205375927963605,5.664021349106574,0.6215614977072217,24,746.7442876925128,,3
BTC,1,DONCHIAN_V2,2023-12-03 23:00:00+00:00,2023-12-07 09:00:00+00:00,40094.31726,43320.78577316597,0.010047189718492536,402.83521214464986,43342.4570016668,48720.47724518403,SL,32.41694127252098,0.41904368278091036,0.0,32.199315195812396,4.33343329566065,7.430439791944109,82,778.8238620778952,,3
XRP,1,DONCHIAN_V2,2023-12-07 06:00:00+00:00,2023-12-07 09:00:00+00:00,0.6508301131010056,0.6352918186916149,367.96333795744704,239.4816208598688,0.6356096235033666,0.9552399050537849,SL,-5.717522677044939,0.23662285952134632,0.0,-5.834404726136351,5.600582157693846,-1.041749689917733,3,772.9894573517589,,3
LINK,-1,DONCHIAN_V2,2023-12-07 13:00:00+00:00,2023-12-07 16:00:00+00:00,14.981003405952453,15.463590896761541,12.208706377020947,182.89867181642424,15.455862965278904,5.483812219423461,SL,-5.891768976511452,0.18584455630467997,0.0,-5.98616419690792,5.797420930138192,-1.0325564193188967,3,766.9118438189428,,3
AVAX,1,DONCHIAN_V2,2023-12-05 19:00:00+00:00,2023-12-09 17:00:00+00:00,23.620722421646118,31.62987416454941,6.535059511065398,154.36282671981417,31.645697013055937,40.95675494014196,SL,52.340283273026174,0.18053296835632726,0.0,52.23693171802975,5.664600209706773,9.22164491476686,94,818.751451352749,,3
APT,1,DONCHIAN_V2,2023-12-07 16:00:00+00:00,2023-12-09 23:00:00+00:00,7.797859194374085,8.165527886845886,23.011247356971193,179.43846677657416,8.169612693192482,12.795970500653581,SL,8.460515227882803,0.18366872439051557,0.0,8.366565736880574,5.750638779323604,1.454893283675289,55,827.1180170896296,,3
SOL,1,DONCHIAN_V2,2023-12-07 18:00:00+00:00,2023-12-10 09:00:00+00:00,66.39327325286865,71.20765283789068,2.186369681550131,145.16023969894528,71.24327447512823,118.98642158159,SL,10.526013560166055,0.1504232464790283,0.0,10.448170433536498,5.749403248159266,1.8172617196196135,63,837.566187523166,,3
LINK,-1,DONCHIAN_V2,2023-12-10 10:00:00+00:00,2023-12-10 20:00:00+00:00,15.787842166137695,16.252563725873813,13.757677399200022,217.20403935120967,16.24444150512125,6.655855386466632,SL,-6.393489299302571,0.220400784000861,0.0,-6.505288063627827,6.281746406423745,-1.0355859091948516,10,830.9522974398626,,3
SOL,1,DONCHIAN_V2,2023-12-11 00:00:00+00:00,2023-12-11 01:00:00+00:00,74.87497261047363,72.5395824617538,2.7104798178706377,202.94710212430556,72.57587039695227,120.857016880901,SL,-6.330027864959029,0.19978208819182605,0.0,-6.428336402088703,6.231670148971371,-1.0315591564405562,1,824.359543243032,,3
ETH,1,DONCHIAN_V2,2023-12-07 16:00:00+00:00,2023-12-11 02:00:00+00:00,2322.4644,2289.4920623282424,0.13779033667466017,320.0131515909126,2290.6373810187515,3157.332645111099,SL,-4.5432695087420445,0.3177415168365416,0.0,-4.70100444978313,5.751838828642071,-0.8173046202848788,82,819.6585387932489,,3
SUI,1,DONCHIAN_V2,2023-12-07 17:00:00+00:00,2023-12-11 02:00:00+00:00,0.66543306,0.6609900450061696,225.47198117936276,150.03651038044578,0.661320705358849,1.1754712345880085,SL,-1.0017753930685487,0.1495356226839115,0.0,-1.0762927605622372,5.749965885073192,-0.18718246022229,81,818.5822460326867,,3
AVAX,1,DONCHIAN_V2,2023-12-10 20:00:00+00:00,2023-12-11 02:00:00+00:00,35.554110285186766,33.77709783294213,3.5407576325172423,125.88848735963482,33.793994830357306,70.75641938177603,SL,-6.2919704033633685,0.12274250215795314,0.0,-6.351768661841504,6.232142230798969,-1.0191950739588944,6,812.2304773708452,,3
DOGE,1,DONCHIAN_V2,2023-12-11 02:00:00+00:00,2023-12-11 03:00:00+00:00,0.10420083672255277,0.09746124755218626,1735.8313777464234,180.87508197043888,0.1006914356030788,0.17438885911203222,SL_GAP,-11.698790355042185,0.1750256867929178,0.0,-11.783378500849883,6.091728580281338,-1.934324280138181,1,800.3566613290101,,3
APT,-1,DONCHIAN_V2,2023-12-11 03:00:00+00:00,2023-12-12 07:00:00+00:00,7.85892775888443,8.226758534764192,16.495022348120454,129.63318901506287,8.222647211158613,0.5845387134007716,SL,-6.067376868463158,0.13266687744929445,0.0,-6.135227151404921,5.999560493708767,-1.0226127660248474,28,793.7413554152565,,3
APT,1,DONCHIAN_V2,2023-12-12 08:00:00+00:00,2023-12-12 09:00:00+00:00,8.375174570274353,8.068210871612386,19.651760531815,164.58692506717819,8.072246995109941,14.433726073562594,SL,-6.032377098065197,0.1615707365181456,0.0,-6.111654372049753,5.953060165614423,-1.0266407867589495,1,787.5474075806732,,3
NEAR,1,DONCHIAN_V2,2023-12-12 14:00:00+00:00,2023-12-12 15:00:00+00:00,2.4264853182792665,2.31643844499532,54.24474236671259,131.6240709466694,2.3175972436171284,4.604246811522031,SL,-5.969464289549949,0.12863933880189443,0.0,-6.032291592878509,5.906605556855048,-1.0212788944197557,1,781.4493039523213,,3
APT,1,DONCHIAN_V2,2023-12-12 15:00:00+00:00,2023-12-13 06:00:00+00:00,8.704740668678284,8.326876103728084,15.683395158696774,136.51988766085992,8.331041624540354,16.178721551436865,SL,-5.9261992885830175,0.1335567880165684,0.0,-5.991496132769156,5.860869779642409,-1.0222878784272726,15,775.3895478757217,,3
SOL,-1,DONCHIAN_V2,2023-12-13 07:00:00+00:00,2023-12-13 13:00:00+00:00,64.27714291534424,67.23174713636296,1.990897419357643,127.96919795384126,67.1981480623318,5.857039975593125,SL,-5.882313918849354,0.13091035491326594,0.0,-5.949239674785699,5.815421609067913,-1.0230108966663956,6,769.3763236019591,,3
BTC,-1,DONCHIAN_V2,2023-12-11 03:00:00+00:00,2023-12-13 19:00:00+00:00,41949.808359999995,42553.808838326346,0.007410536743644556,310.87059624062755,42532.54256704282,25749.429986286035,SL,-4.4759677378163065,0.3131085801095357,0.0,-4.633641019805529,6.0026749599675755,-0.771929356613132,64,764.7426825821536,,3
ETH,-1,DONCHIAN_V2,2023-12-11 03:00:00+00:00,2023-12-13 22:00:00+00:00,2230.1739931640627,2282.9746633190953,0.10582286177738812,236.00339421812632,2281.8337464458723,1095.9182955896406,SL,-5.587518019569472,0.23879715322791106,0.0,-5.708313475688319,6.001509195231673,-0.951146335029145,67,758.82064962299,,3
AVAX,1,DONCHIAN_V2,2023-12-13 20:00:00+00:00,2023-12-14 00:00:00+00:00,41.084215413665774,38.404977606976345,2.155730796934056,88.56650843511214,38.42418970182726,94.28472965043603,SL,-5.775715452190454,0.08567865070901692,0.0,-5.8171108486819145,5.7342993476467194,-1.0144414332100016,4,752.927389817309,,3
BTC,1,DONCHIAN_V2,2023-12-13 20:00:00+00:00,2023-12-14 13:00:00+00:00,42745.14732,42000.655473398285,0.007927741036392709,338.87245851541576,42021.66630655156,57214.76758896879,SL,-5.902138563564175,0.3359213892336337,0.0,-6.0686237235401,5.735570119366151,-1.0580680903977433,17,746.6738571096736,,3
SOL,1,DONCHIAN_V2,2023-12-13 22:00:00+00:00,2023-12-14 13:00:00+00:00,71.90437738952636,69.18280510598656,2.1180617860489113,152.29791399839516,69.217413812893,125.64364892219356,SL,-5.7644582517355225,0.14941568487252738,0.0,-5.837724979608852,5.691154872172426,-1.0257540184248188,15,740.8361321300647,,3
ETH,1,DONCHIAN_V2,2023-12-14 12:00:00+00:00,2023-12-14 13:00:00+00:00,2308.3414587890625,2271.957567250307,0.1602093861731163,369.81796819055154,2273.0941143074606,3013.288348421097,SL,-5.82904093001326,0.36690344772554495,0.0,-6.011035393643529,5.646955423629817,-1.0644736752286394,1,734.8250967364212,,3
LINK,-1,DONCHIAN_V2,2023-12-11 03:00:00+00:00,2023-12-14 17:00:00+00:00,14.805038010978699,15.547597094737725,8.166457027568455,120.9047067081751,15.539827181147151,0.10925460760963546,SL,-6.064076847948694,0.12393674513214945,0.0,-6.127561239726757,6.000624182503355,-1.0211539755469983,86,728.6975354966944,,3
XRP,-1,DONCHIAN_V2,2023-12-11 03:00:00+00:00,2023-12-15 01:00:00+00:00,0.6214756522536278,0.6447106574784155,261.8696934061583,162.74563851504976,0.6443884632467921,0.1632194323903401,SL,-6.084543694505647,0.1657879103623026,0.0,-6.168958785610425,6.000170789853198,-1.0281305318913025,94,722.3847096199669,,3
XRP,1,DONCHIAN_V2,2023-12-15 02:00:00+00:00,2023-12-15 07:00:00+00:00,0.640828122639656,0.6282091694439678,440.3105377252364,282.1633752689207,0.6285234311595475,0.8869219522418272,SL,-5.5562580671231,0.2793852462353591,0.0,-5.694561625723998,5.417885322149751,-1.0510672129664909,5,716.5490663066084,,3
LINK,1,DONCHIAN_V2,2023-12-14 18:00:00+00:00,2023-12-15 13:00:00+00:00,15.443087580299377,14.840208911841083,9.178246674796906,141.74046723248014,14.847632728205184,27.35218462218325,SL,-5.53336913408332,0.1389737826654385,0.0,-5.601472683132519,5.465231516225208,-1.0249287091503512,19,710.8910937507976,,3
SOL,1,DONCHIAN_V2,2023-12-14 22:00:00+00:00,2023-12-15 23:00:00+00:00,74.83496369476318,72.82098236244867,1.9508757376722263,145.9937150016954,72.85741106798267,130.8580089758895,SL,-3.9290273173371446,0.14402920134302682,0.0,-4.000059661179324,5.464699989473086,-0.7319815669450895,25,706.8910340896183,,3
AVAX,1,DONCHIAN_V2,2023-12-15 10:00:00+00:00,2023-12-16 00:00:00+00:00,40.72514245376587,38.76891454538608,2.774692451594142,112.9997453565603,38.78830869973595,79.46181753436423,SL,-5.427930810979193,0.1102857799510707,0.0,-5.481716718251984,5.374117997299563,-1.020021652112307,14,701.4093173713663,,3
SUI,-1,DONCHIAN_V2,2024-01-01 05:00:00+00:00,2024-01-01 15:00:00+00:00,0.76344728,0.7997687685206755,208.78684167560317,159.39774637702988,0.7993690839786861,0.1886984163410218,SL,-7.583448873188517,0.16318947081362412,0.0,-7.666939470813626,7.5,-1.0222585961084834,10,992.2533616559979,,4
DOGE,1,DONCHIAN_V2,2024-01-01 16:00:00+00:00,2024-01-02 14:00:00+00:00,0.09110821916610003,0.09166995790937296,5224.053669628186,475.9542266679539,0.0917158158172816,0.11390094124148294,SL,2.9345533431673037,0.47742150333953753,0.0,2.695108953161743,7.441900212419984,0.3621533313042554,22,994.1003727770536,,4
SUI,1,DONCHIAN_V2,2024-01-01 17:00:00+00:00,2024-01-02 14:00:00+00:00,0.8189637599999999,0.8497980644856608,220.68475886812382,180.732819897332,0.8502231760736976,1.358313306011578,SL,6.804661050284368,0.1841351504224742,0.0,6.71089230981056,7.439139031699831,0.902106047650669,21,1000.8112650868642,,4
XRP,1,DONCHIAN_V2,2024-01-01 18:00:00+00:00,2024-01-02 14:00:00+00:00,0.6236246895074844,0.6233524335286623,933.9751495019966,582.4499626158889,0.623664265661493,0.7510535409083625,SL,-0.2542803185231627,0.5823228224566274,0.0,-0.5453781596718457,7.438461283625217,-0.07331867961354092,20,1000.2658869271924,,4
SOL,1,DONCHIAN_V2,2024-01-01 20:00:00+00:00,2024-01-02 15:00:00+00:00,108.83175955810546,108.4097704432138,1.8073586588160286,196.698022991526,108.46400244443602,174.66287335495892,SL,-0.7626856807255514,0.19631668015116321,0.0,-0.8606533493809516,7.436277096265408,-0.11573712736083794,19,999.4052335778114,,4
APT,1,DONCHIAN_V2,2024-01-01 16:00:00+00:00,2024-01-03 11:00:00+00:00,9.68463669719696,9.8064439996494,26.883882191963288,260.3606320394075,9.811349674486642,14.112637284876454,SL,3.2746531692522014,0.26199795862403363,0.0,3.1428355266478714,7.440115384069979,0.42241757881564473,43,1002.1070016827837,,4
SUI,1,DONCHIAN_V2,2024-01-02 23:00:00+00:00,2024-01-03 11:00:00+00:00,0.92178432,0.8714775568410166,150.2432210573377,138.49184535694772,0.8719135135978154,1.7197172224349524,SL,-7.5582501379742775,0.13471272028796058,0.0,-7.623716935583764,7.492750590591107,-1.0174790743945377,12,994.4832847472,,4
XRP,-1,DONCHIAN_V2,2024-01-03 12:00:00+00:00,2024-01-03 20:00:00+00:00,0.6181763606905938,0.5896574650358513,478.3388017342206,295.69773963316,0.5893627836440293,0.3687292144035517,SL,13.641694374272811,0.2888768924460236,0.0,13.500666351643368,7.457515565685309,1.8103437039762615,8,1007.6882262398681,,4
LINK,-1,DONCHIAN_V2,2024-01-02 18:00:00+00:00,2024-01-04 15:00:00+00:00,15.223954836463928,14.586049280460568,15.423635606931292,234.8087318939989,14.578759900510313,7.448315481016355,SL,9.838822847432736,0.22988932047028254,0.0,9.726337892909452,7.495539251833585,1.2976168313080558,45,1017.3583080300954,,4
AVAX,-1,DONCHIAN_V2,2024-01-02 21:00:00+00:00,2024-01-04 15:00:00+00:00,40.45290633544922,39.02905637619896,4.3941743437096425,177.75712314772022,39.00955160039876,13.16799101376234,SL,6.256644960229521,0.17462880066760544,0.0,6.170894721135776,7.49341717980291,0.8235087641681362,42,1023.5292027512312,,4
BTC,-1,DONCHIAN_V2,2024-01-03 12:00:00+00:00,2024-01-04 15:00:00+00:00,43696.458959999996,44179.65934603739,0.006768328266328713,295.75197831744055,44157.580555759516,26064.631797693175,SL,-3.270458831117848,0.2973872077329994,0.0,-3.419970049692127,7.458624635603999,-0.45852556158501173,27,1020.1092327015391,,4
DOGE,-1,DONCHIAN_V2,2024-01-02 21:00:00+00:00,2024-01-05 00:00:00+00:00,0.09072185469120742,0.08475899531407158,3649.3647983675814,331.0771429527112,0.0847166369955738,0.057862837812691095,SL,21.760649108535567,0.3201968183984434,0.0,21.605990861613478,7.494658719088982,2.882851864432835,51,1041.4250143988702,,4
BTC,1,DONCHIAN_V2,2024-01-04 15:00:00+00:00,2024-01-05 01:00:00+00:00,43687.03566,42589.81476492903,0.007110986336032424,310.65791364002126,42611.12032509158,60901.68101853479,SL,-7.802322792458921,0.3067567522437918,0.0,-7.953750587882702,7.650819245261543,-1.0395946280927728,10,1033.4712638109875,,4
AVAX,1,DONCHIAN_V2,2024-01-04 16:00:00+00:00,2024-01-05 01:00:00+00:00,39.32186197586059,37.123839711734036,3.509899544503056,138.01578543808512,37.14241091719263,74.19307891454801,SL,-7.714837343665378,0.13415836676625242,0.0,-7.779987817712588,7.649654278085393,-1.017037833984285,9,1025.691275993275,,4
SOL,1,DONCHIAN_V2,2024-01-04 20:00:00+00:00,2024-01-05 01:00:00+00:00,105.1910321685791,99.03406428074526,1.2524321396106695,131.74462948674827,99.08360608378715,202.90984952525042,SL,-7.711184465273925,0.12788903725411133,0.0,-7.773201187784663,7.64913671889,-1.0162194079481255,5,1017.9180748054903,,4
APT,1,DONCHIAN_V2,2024-01-04 10:00:00+00:00,2024-01-05 16:00:00+00:00,9.705841117286681,9.722108711648671,11.592215863062911,112.51220536417891,9.726972197747545,20.137202004387504,SL,0.18857746541693185,0.11260649409688739,0.0,0.13222707400213393,7.55766169679901,0.017495765133035485,30,1017.8535647996787,,4
NEAR,-1,DONCHIAN_V2,2024-01-05 15:00:00+00:00,2024-01-06 17:00:00+00:00,3.5722853542327884,3.5876879937065085,34.4453259488837,123.04853340897186,3.585895046183417,0.02655193251018284,SL,-0.5305489371454318,0.12331380787754459,0.0,-0.5923384783184905,7.633371464942858,-0.07759853965431573,26,1017.0994762771932,,4
NEAR,1,DONCHIAN_V2,2024-01-06 18:00:00+00:00,2024-01-06 22:00:00+00:00,3.6797357007980347,3.458830122225066,34.80431475968723,128.07067956303308,3.460560402426279,7.186540474746129,SL,-7.688467288824424,0.12422644591862086,0.0,-7.748658394961528,7.628246072078947,-1.0157850601232328,4,1009.28678254245,,4
LINK,-1,DONCHIAN_V2,2024-01-06 05:00:00+00:00,2024-01-08 13:00:00+00:00,13.682263419532775,13.757801625390345,15.018730840504402,205.4902315868421,13.75092616230919,5.5495903546056,SL,-1.1344879819494433,0.20605747557781684,0.0,-1.237800341733839,7.63390173599759,-0.16214517615507199,56,1007.8931173029973,,4
DOGE,-1,DONCHIAN_V2,2024-01-07 10:00:00+00:00,2024-01-08 15:00:00+00:00,0.07967406390458345,0.07944216890364536,3912.5630118595723,311.7297954376091,0.07940246766981046,0.048718801704849525,SL,0.9073038033055222,0.31127614353595634,0.0,0.7518925574883704,7.569650869068375,0.09932988594768685,29,1008.472002690426,,4
SOL,-1,DONCHIAN_V2,2024-01-05 15:00:00+00:00,2024-01-08 18:00:00+00:00,97.44050708465576,97.75962566372722,1.314917125964892,128.12619152831726,97.71077027858793,4.54479026370052,SL,-0.41961448483464037,0.1283359987707346,0.0,-0.4838873878412163,7.634385561041177,-0.0633826237844901,75,1007.9881153025848,,4
AVAX,-1,DONCHIAN_V2,2024-01-05 15:00:00+00:00,2024-01-08 18:00:00+00:00,35.73385292892456,35.371287123641956,3.9822023942752107,142.29943469024164,35.353610318482716,5.061760124008764,SL,1.4438104178787168,0.14157752948130228,0.0,1.3733826057425353,7.633905087822946,0.17990564330348516,75,1009.3614979083274,,4
SUI,1,DONCHIAN_V2,2024-01-08 18:00:00+00:00,2024-01-09 09:00:00+00:00,0.87497496,0.8193320891021888,137.02884605433812,119.89680909524064,0.8197419600822299,1.7587029586843221,SL,-7.624678390277578,0.11608446990010185,0.0,-7.680814455630059,7.568514242851387,-1.0148378148174513,15,1001.3944695200072,,4
ETH,1,DONCHIAN_V2,2024-01-08 13:00:00+00:00,2024-01-09 12:00:00+00:00,2265.652991162109,2265.3930414919546,0.15272168397765373,346.0143401192855,2266.5263046442765,3057.597991546318,SL,-0.039699951375443576,0.3459944901435978,0.0,-0.2126872714593986,7.5591983797724795,-0.028136220373383054,23,1001.1817822485478,,4
BTC,1,DONCHIAN_V2,2024-01-08 18:00:00+00:00,2024-01-09 21:00:00+00:00,45661.73052,45069.0739457989,0.006819053664005478,311.3697908072367,45091.61975567673,63424.22158065133,SL,-4.041356983802951,0.30934911231533524,0.0,-4.195021200714668,7.570211234312455,-0.5541485000709718,27,996.8512375211274,,4
LINK,-1,DONCHIAN_V2,2024-01-09 13:00:00+00:00,2024-01-10 09:00:00+00:00,13.491301634788513,14.09270030239975,12.63361588418888,170.44392263164755,14.08565747366292,3.981608212798019,SL,-7.597839759863352,0.17424284251157923,0.0,-7.686860641059107,7.508863366864109,-1.0237049557967033,20,989.1024296517589,,4
SOL,1,DONCHIAN_V2,2024-01-08 18:00:00+00:00,2024-01-10 12:00:00+00:00,96.61931847381591,93.98770200893853,1.4610045662439213,141.1612654776207,94.03471936862283,179.51070728918233,SL,-3.844803671788541,0.13923886364172644,0.0,-3.913461902691457,7.569043597596927,-0.5170351910687805,42,985.0803079461623,,4
ETH,1,DONCHIAN_V2,2024-01-10 10:00:00+00:00,2024-01-10 12:00:00+00:00,2426.2751970703125,2342.281857722283,0.08956923191265688,217.3196058103181,2343.45358451454,3751.4209979626735,SL,-7.523218891182154,0.21355799636472705,0.0,-7.628117084641722,7.418268222388192,-1.0282881200790517,2,977.4521908615205,,4
BTC,1,DONCHIAN_V2,2024-01-10 19:00:00+00:00,2024-01-10 20:00:00+00:00,46547.507639999996,44861.208046132175,0.004405543689108489,205.06707852713114,44883.649871067704,73169.23194291671,SL,-7.429066533710588,0.20135254526027585,0.0,-7.527885539707299,7.330198093493789,-1.0269689091197924,1,969.7293267202009,,4
NEAR,-1,DONCHIAN_V2,2024-01-09 17:00:00+00:00,2024-01-10 21:00:00+00:00,3.110377861022949,3.3441831882942834,32.344343766252656,100.6031307798679,3.3425119323281196,-0.6037672798597815,SL,-7.562279879645244,0.10438427071969053,0.0,-7.6163625849750005,7.508224202154241,-1.0144026576603469,28,962.1129641352259,,4
AVAX,-1,DONCHIAN_V2,2024-01-09 21:00:00+00:00,2024-01-10 21:00:00+00:00,34.20215783386231,36.28421271651826,3.622416375613277,123.89445661869274,36.26607967667992,1.1794083487805267,SL,-7.5420697018585034,0.127665491469622,0.0,-7.607787965018779,7.476384281408455,-1.017575833272386,24,954.505176170207,,4
APT,-1,DONCHIAN_V2,2024-01-06 05:00:00+00:00,2024-01-10 23:00:00+00:00,9.263546852874756,9.051258587836143,12.739165529299493,118.00985674719288,9.046735220226031,-0.3234310446313664,SL,2.704375348254686,0.11665766907306555,0.0,2.6467226075552173,7.63313114762914,0.34674140354280336,114,957.1518987777623,,4
BTC,1,DONCHIAN_V2,2024-01-10 23:00:00+00:00,2024-01-12 15:00:00+00:00,46907.3796,44866.27549573452,0.0035561412768889485,166.80926878625863,44888.71985566235,79205.93550940244,SL,-7.25845455560593,0.16318004150845566,0.0,-7.338229962721256,7.178639240833217,-1.0222313333396478,40,949.536333859718,,4
XRP,1,DONCHIAN_V2,2024-01-10 23:00:00+00:00,2024-01-12 16:00:00+00:00,0.6078215302705765,0.5800982781297879,261.6556175048265,159.0399178356763,0.5803884723659708,1.046750456744268,SL,-7.253944658140054,0.15541294550660628,0.0,-7.329837644728823,7.1780137060752685,-1.0211512466916934,41,942.2064962149891,,4
SUI,1,DONCHIAN_V2,2024-01-11 08:00:00+00:00,2024-01-12 17:00:00+00:00,0.97649526,1.0893424447027262,105.02460668973465,102.55603061589018,1.0898873883969247,2.0699406964717815,SL,11.851731189447666,0.10848189621061402,0.0,11.794527308544996,7.1774173063833855,1.6432829254689272,33,954.0010235235341,,4
ETH,1,DONCHIAN_V2,2024-01-10 16:00:00+00:00,2024-01-12 21:00:00+00:00,2449.899794091797,2528.8956291137274,0.07546844370668931,184.89012469744654,2530.1607094684614,4004.115796733252,SL,5.961692728415468,0.1878709710616543,0.0,5.8662668197025365,7.330891431461405,0.8002119352807143,53,959.8672903432366,,4
APT,1,DONCHIAN_V2,2024-01-11 09:00:00+00:00,2024-01-12 22:00:00+00:00,9.381376289176941,8.843703834245312,13.459079938421564,126.26469340844511,8.84812789819441,17.91335054489745,SL,-7.23657655161216,0.12264640513263904,0.0,-7.296090610040577,7.177032721268576,-1.0165887342855748,37,952.5711997331961,,4
SOL,-1,DONCHIAN_V2,2024-01-12 23:00:00+00:00,2024-01-13 20:00:00+00:00,90.201957220459,96.35334116233255,1.1703731308871932,105.56994708426126,96.30518856804854,-7.4497443409736235,SL,-7.199414483339764,0.10916965432593115,0.0,-7.255799164123564,7.143057980807236,-1.0157833218796843,21,944.9529726903392,,4
LINK,-1,DONCHIAN_V2,2024-01-12 23:00:00+00:00,2024-01-14 05:00:00+00:00,13.927214305114747,14.689285636140067,9.463859524441274,131.80519975039496,14.681944663808164,1.8515285660200878,SL,-7.212136024427611,0.13541126776260876,0.0,-7.281644692315022,7.14266209350567,-1.0194580951737475,30,937.584602842315,,4
DOGE,-1,DONCHIAN_V2,2024-01-12 23:00:00+00:00,2024-01-14 08:00:00+00:00,0.07933413210958243,0.08290495331617108,2023.6270135854943,160.54269283631135,0.0828635215553934,0.022863900976607003,SL,-7.226010254336742,0.16415569796347973,0.0,-7.309894605882066,7.142167824006607,-1.023484015779031,33,930.164901105164,,4
DOGE,1,DONCHIAN_V2,2024-01-14 08:00:00+00:00,2024-01-14 19:00:00+00:00,0.08254650531560183,0.08063637426690652,3731.021512013233,307.9827870740251,0.08067671262321813,0.11246318839374105,SL,-7.126740033446588,0.3044194170573018,0.0,-7.277168056966877,6.97623675828873,-1.04313662352709,11,922.7337416546601,,4
SOL,1,DONCHIAN_V2,2024-01-13 21:00:00+00:00,2024-01-14 23:00:00+00:00,96.64932325286865,94.44442074054359,1.7946355502615268,173.45031141831612,94.4916665738305,159.83449569989608,SL,-3.956996433479512,0.17147181320157634,0.0,-4.041743090971931,7.087147295177544,-0.5702919556536011,26,918.6919985636881,,4
LINK,1,DONCHIAN_V2,2024-01-14 07:00:00+00:00,2024-01-16 13:00:00+00:00,15.005000255012511,14.953711612477548,14.636071896406785,219.61426253796526,14.961192208581839,22.692182522045485,SL,-0.7506642596108323,0.21923893040815984,0.0,-0.8600960587500095,7.031884521317362,-0.12231373483773848,54,917.8319025049381,,4
SUI,-1,DONCHIAN_V2,2024-01-16 19:00:00+00:00,2024-01-17 01:00:00+00:00,1.2462507,1.318299189153702,96.4152856076348,120.1576171792148,1.3176403689692173,0.10401599649252491,SL,-6.946575659352745,0.12363090500889118,0.0,-7.010127755772029,6.883055323101588,-1.0184616317471615,6,910.6705031825167,,4
SUI,-1,DONCHIAN_V2,2024-01-17 07:00:00+00:00,2024-01-17 18:00:00+00:00,1.2277544,1.3066848175950914,87.25415798224033,107.12667638099069,1.3060318016942443,-0.024684027107906736,SL,-6.887007126446302,0.11057017994421384,0.0,-6.944013968200021,6.830028773868874,-1.016688830765581,11,903.6729258761261,,4
LINK,-1,DONCHIAN_V2,2024-01-18 17:00:00+00:00,2024-01-19 09:00:00+00:00,14.902018733024597,15.31944382950751,12.334701840905215,183.8119578994425,15.31178793553974,6.1127922324369806,SL,-5.148814106027812,0.18638636495245642,0.0,-5.2432944920305475,6.775780518558197,-0.7738288567154262,16,898.102202003446,,4
LINK,1,DONCHIAN_V2,2024-01-19 11:00:00+00:00,2024-01-19 16:00:00+00:00,15.47809538154602,14.91762400771633,12.18021511207269,188.52653127240933,14.925086550991825,24.326236670413145,SL,-6.826661897404516,0.18511320032370707,0.0,-6.917511832092018,6.735766515025845,-1.0269821284126674,5,891.0904269057178,,4
XRP,-1,DONCHIAN_V2,2024-01-18 13:00:00+00:00,2024-01-19 18:00:00+00:00,0.5604878627419472,0.5410864288121711,840.4228435831816,471.04680339944724,0.5408160208017702,0.4314566828625518,SL,16.30540827285366,0.4628940992630204,0.0,16.078037575290363,6.777546944070946,2.372250271074192,29,907.0822701991029,,4
SOL,-1,DONCHIAN_V2,2024-01-19 16:00:00+00:00,2024-01-19 20:00:00+00:00,91.2517426437378,94.83679462114272,1.889153662341465,172.38856381045812,94.78939992118212,34.64922620462851,SL,-6.772714072799008,0.17577492084685764,0.0,-6.8622947117406365,6.683178201792883,-1.0268010974029844,4,900.2199754873623,,4
SOL,-1,DONCHIAN_V2,2024-01-20 16:00:00+00:00,2024-01-21 10:00:00+00:00,90.82182833862305,93.8632512211113,2.2545288198213655,204.76042945829448,93.81634304958651,42.90959296320773,SL,-6.856975541833926,0.20818891722921146,0.0,-6.9627842443339905,6.751219717246162,-1.031337230300383,18,893.0974645070917,,4
SUI,-1,DONCHIAN_V2,2024-01-20 10:00:00+00:00,2024-01-23 15:00:00+00:00,1.0731853199999999,1.1369288361278496,106.87160947644031,114.69304241488862,1.1363606557999497,0.06237994720080309,SL,-6.812372162270726,0.11809922849602399,0.0,-6.873124869559305,6.751649816155217,-1.0179919066764134,77,886.0958423818148,,4
AVAX,-1,DONCHIAN_V2,2024-01-22 00:00:00+00:00,2024-01-23 15:00:00+00:00,32.54149073562622,29.206270441373736,7.897441255008161,256.9945114350004,29.1916746040717,18.971057948565267,SL,26.33970634637002,0.24382465826181537,0.0,26.224378943825702,6.698230983803187,3.915120127573709,39,912.3202213256405,,4
APT,-1,DONCHIAN_V2,2024-01-16 14:00:00+00:00,2024-01-23 18:00:00+00:00,9.313737275123597,8.254272912576697,19.582420110408012,182.38551611943703,8.25014783865737,3.689313548147503,SL,20.746876239399008,0.17201207799973756,0.0,20.66605691945899,6.883739268787036,3.002155676227478,172,932.9862782450996,,4
AVAX,1,DONCHIAN_V2,2024-01-24 10:00:00+00:00,2024-01-24 22:00:00+00:00,31.09021643371582,29.70045990377812,5.0890496083289385,158.2196537648634,29.7153175625594,53.088598372218584,SL,-7.072539924352033,0.15468338380268742,0.0,-7.148113481272289,6.9969285617504875,-1.021607326441529,12,925.6467138763389,,4
SUI,1,DONCHIAN_V2,2024-01-24 10:00:00+00:00,2024-01-25 16:00:00+00:00,1.2512501999999999,1.1629004446169355,79.71395154178971,99.74209780945468,1.1634821857097903,2.655538428643351,SL,-7.042708119334565,0.0962207437497874,0.0,-7.0890578141796246,6.99633523804887,-1.0132530207567088,30,918.4756978241935,,4
LINK,-1,DONCHIAN_V2,2024-01-25 16:00:00+00:00,2024-01-26 10:00:00+00:00,13.594280722045898,14.010328458955518,16.840566820602973,228.93539287764878,14.00332679555774,7.04954354585643,SL,-7.0064797139871065,0.23243863273464233,0.0,-7.124450650282925,6.888567733681451,-1.0342426649081393,18,911.2367794774717,,4
BTC,-1,DONCHIAN_V2,2024-01-12 23:00:00+00:00,2024-01-26 16:00:00+00:00,42491.40002,41965.444513763505,0.0040511036739587355,172.13706673267228,41944.47227762469,14274.757552224928,SL,2.1307002836534963,0.17107171659084555,0.0,2.045697100428987,7.144283997998969,0.28634039478301293,329,913.2025038951914,,4
SUI,1,DONCHIAN_V2,2024-01-26 16:00:00+00:00,2024-01-28 12:00:00+00:00,1.2922584,1.3356952819647907,97.04478854134905,125.40694316878205,1.336363463696639,2.421472056029876,SL,4.21532302516866,0.12751460468136638,0.0,4.150511892071685,6.849018779213934,0.6060009507738627,44,917.2903123156786,,4
DOGE,-1,DONCHIAN_V2,2024-01-28 15:00:00+00:00,2024-01-29 09:00:00+00:00,0.07930413462221622,0.08074094790005137,4926.501773161186,390.6919598353616,0.08070059760125076,0.05696072695766373,SL,-7.078463160956416,0.39423119141583984,0.0,-7.2773483724545756,6.879677342367589,-1.0578037326893197,18,909.8176179633065,,4
ETH,-1,DONCHIAN_V2,2024-01-12 23:00:00+00:00,2024-01-30 21:00:00+00:00,2498.590269873047,2394.432227552589,0.06195527651312917,154.80085106299865,2393.2356097477154,653.7398846155775,SL,6.45314031303017,0.15157428090648356,0.0,6.378966457655186,7.143638483998723,0.8929576254374642,430,916.0541151843701,,4
SOL,1,DONCHIAN_V2,2024-01-25 00:00:00+00:00,2024-01-31 00:00:00+00:00,88.77775413665772,99.22236136595426,1.8463688063056491,163.91647593179712,99.27199736463658,148.93778570013114,SL,19.2845969822876,0.17355877442294093,0.0,19.192996445830556,6.942350354072542,2.764625158188898,144,935.0877849775436,,4
NEAR,1,DONCHIAN_V2,2024-01-26 10:00:00+00:00,2024-01-31 00:00:00+00:00,2.836567165660858,2.9663505175692575,56.386948052917276,159.94536541872958,2.9678344347866505,4.77581760061394,SL,7.318087122192406,0.1636044089798258,0.0,7.234455395921945,6.834275846081038,1.0585547845673189,110,942.3222403734655,,4
DOGE,1,DONCHIAN_V2,2024-01-29 10:00:00+00:00,2024-01-31 00:00:00+00:00,0.0810562104061246,0.07907553990109306,3515.3194524589585,284.93847318325606,0.07911509744981797,0.11211401770703067,SL,-6.962689555249062,0.28145712840563153,0.0,-7.101677447063065,6.823632134724798,-1.0407474064909392,38,935.2205629264025,,4
LINK,1,DONCHIAN_V2,2024-01-31 03:00:00+00:00,2024-01-31 15:00:00+00:00,15.868172771072388,15.361854434315038,14.063422705888343,223.16082124965857,15.369539203916997,23.846309845558643,SL,-7.120568793560928,0.21960053685287811,0.0,-7.228588919788977,7.012494630251225,-1.0308156085575513,12,927.6591147030829,,4
BTC,1,DONCHIAN_V2,2024-01-31 18:00:00+00:00,2024-01-31 20:00:00+00:00,43724.94323999999,42893.39922918641,0.008588518203735926,375.53247097406006,42914.85665751517,56686.3285597572,SL,-7.1417308740800225,0.37196160553702007,0.0,-7.325926244130012,6.957443360273122,-1.052962397934983,2,920.1454222234659,,4
APT,1,DONCHIAN_V2,2024-01-23 19:00:00+00:00,2024-02-01 01:00:00+00:00,8.460492075920104,8.598388717318,14.767465329580402,124.94002340233986,8.602690062349174,16.041911831492552,SL,2.0363838709090127,0.1259582153377944,0.0,1.9728956672723883,6.997397086838246,0.2819470787192149,198,921.9741096833483,,4
AVAX,-1,DONCHIAN_V2,2024-02-01 01:00:00+00:00,2024-02-02 02:00:00+00:00,33.04238998641968,34.451229605123004,4.968880040458922,164.18367209258048,34.43401259882359,10.77642818795701,SL,-7.000355061582712,0.16768384962337185,0.0,-7.085947075159794,6.9148058226251115,-1.024749972294914,25,914.8060707721422,,4
XRP,-1,DONCHIAN_V2,2024-01-30 21:00:00+00:00,2024-02-02 22:00:00+00:00,0.5121975544929505,0.513034461783529,622.129689060105,318.65330531404544,0.5127780727471554,0.33550369828396986,SL,-0.5206648724597394,0.3189136377502753,0.0,-0.6802518575529919,6.870405863882776,-0.09901188823924165,73,914.0209318973392,,4
SOL,1,DONCHIAN_V2,2024-02-02 08:00:00+00:00,2024-02-03 13:00:00+00:00,101.20023630523681,97.84135134164706,2.0728611133602453,209.7740344999931,97.890296489892,154.15927335075386,SL,-6.962502025275654,0.20629278348735527,0.0,-7.063907791513013,6.861045530791066,-1.0295672517856849,29,906.8520321930221,,4
APT,1,DONCHIAN_V2,2024-02-03 01:00:00+00:00,2024-02-03 21:00:00+00:00,9.580816117286682,9.263405632993637,21.91711259643483,209.9838256083098,9.268039652820047,14.585239548752854,SL,-6.956721323539585,0.20650546494653998,0.0,-7.05823487568197,6.855156989230044,-1.029624104418174,20,899.7937973173401,,4
ETH,-1,DONCHIAN_V2,2024-01-31 22:00:00+00:00,2024-02-05 10:00:00+00:00,2278.864204345703,2334.5584780212334,0.12656147489173958,288.4164147799828,2333.3917821301684,1406.422959794255,SL,-7.048749419399318,0.2919407894896825,0.0,-7.1964820014990085,6.9010906666759935,-1.0428035725207034,108,892.343821664746,,4
LINK,1,DONCHIAN_V2,2024-02-05 10:00:00+00:00,2024-02-06 12:00:00+00:00,19.185835606384277,18.37988646495744,8.399799203824216,161.15716665120894,18.38908100546017,31.93390922117,SL,-6.769810956479952,0.15777226117296897,0.0,-6.847004634327316,6.692578662485594,-1.0230742109476183,26,885.4162384470931,,4
SOL,-1,DONCHIAN_V2,2024-02-04 08:00:00+00:00,2024-02-07 17:00:00+00:00,96.49070013580322,98.08862798043974,2.899000889689208,279.72662554042813,98.03960817635156,59.249725004865695,SL,-4.632394243260418,0.2820428226620584,0.0,-4.774573753152262,6.747601252342613,-0.7075957180330771,81,880.4531544675636,,4
NEAR,-1,DONCHIAN_V2,2024-01-31 01:00:00+00:00,2024-02-08 03:00:00+00:00,2.9514095027446747,2.980672909955566,44.893782214472765,132.49993544194479,2.979183318296418,0.45200182209769624,SL,-1.3137450301791944,0.13315680795703438,0.0,-1.3806518704152564,7.012991505009132,-0.19687060356897704,194,878.8570798528548,,4
DOGE,-1,DONCHIAN_V2,2024-01-31 00:00:00+00:00,2024-02-09 07:00:00+00:00,0.07968406058400869,0.08110525027546706,3891.0899883520833,310.05785036967706,0.08106471791650881,0.05084215050556887,SL,-5.529976979982834,0.31282283885966844,0.0,-5.687770893657664,7.014154221948019,-0.8108990355330421,223,872.9711248676739,,4
APT,-1,DONCHIAN_V2,2024-02-03 22:00:00+00:00,2024-02-09 12:00:00+00:00,9.243351117134095,8.99665889281345,24.586394454767884,227.26067664977825,8.992162811407747,4.851684178058292,SL,6.065272336071463,0.2242280404817425,0.0,5.95467463391461,6.748453479880051,0.8823761846574144,134,878.7685757772396,,4
DOGE,1,DONCHIAN_V2,2024-02-09 08:00:00+00:00,2024-02-09 14:00:00+00:00,0.08193638193011284,0.08063780884750171,3837.7023892257725,314.44744869770943,0.08067814792146244,0.10206812606851909,SL,-4.983537021720985,0.31195568018684894,0.0,-5.13826897755898,4.828727661202749,-1.0641041156334605,6,873.5108790104462,,4
AVAX,1,DONCHIAN_V2,2024-02-09 12:00:00+00:00,2024-02-10 10:00:00+00:00,36.46629143371582,38.35373430205819,6.550037557371953,238.8555784689097,38.37292076243941,48.84920768165022,SL,12.362821675036407,0.24503698930642792,0.0,12.237212474964434,5.069285405860113,2.413991617204699,22,885.6108974714593,,4
XRP,1,DONCHIAN_V2,2024-02-08 03:00:00+00:00,2024-02-12 02:00:00+00:00,0.5161031728148461,0.5184920142656034,768.0018335958782,396.3681830464522,0.5187513899605837,0.6534242636884878,SL,1.8346346143514833,0.397285500353628,0.0,1.6355332055210814,6.591428098896411,0.24813032638479593,95,887.1443074762234,,4
AVAX,1,DONCHIAN_V2,2024-02-10 21:00:00+00:00,2024-02-12 02:00:00+00:00,40.04900856628418,38.72724370437737,5.099911554013356,204.24640151397256,38.74661701288381,60.88727342069012,SL,-6.740883890927393,0.20087595956850884,0.0,-6.839636649738916,6.642081731035945,-1.0297429219787932,29,880.3046708264844,,4
APT,1,DONCHIAN_V2,2024-02-09 14:00:00+00:00,2024-02-12 09:00:00+00:00,9.064212344169617,8.8433698916038,30.271579866379348,274.3880279023521,8.847793788498048,12.526909234914697,SL,-6.685249940733223,0.27104540293198554,0.0,-6.819101329714032,6.551331592578346,-1.040872566645692,67,873.1465956038779,,4
SOL,-1,DONCHIAN_V2,2024-02-12 12:00:00+00:00,2024-02-12 15:00:00+00:00,104.22915,107.09626655364708,2.327484604437646,242.59174195862207,107.04274518105656,59.21162710309521,SL,-6.673169637741899,0.24592832677749302,0.0,-6.797802093540081,6.548599467029084,-1.0380543393691557,3,866.2274976393585,,4
XRP,-1,DONCHIAN_V2,2024-02-12 03:00:00+00:00,2024-02-12 17:00:00+00:00,0.5218956147789955,0.5306147068223528,780.9734605404734,407.5866243148499,0.5303495320563246,0.3866329383417288,SL,-6.809379485871659,0.4109913140577858,0.0,-7.01657748777202,6.602285031198633,-1.0627498592707945,14,859.1029672063383,,4
DOGE,-1,DONCHIAN_V2,2024-02-12 03:00:00+00:00,2024-02-12 17:00:00+00:00,0.08028394328951836,0.08177288475408974,3367.5620602624504,270.3611614700442,0.08173201874471739,0.05711473600633389,SL,-5.014102786042169,0.2728682128630653,0.0,-5.151790418170212,4.876483963325512,-1.0564559336019954,14,853.9511767881681,,4
XRP,1,DONCHIAN_V2,2024-02-12 18:00:00+00:00,2024-02-13 13:00:00+00:00,0.5315063048958778,0.5212607905285674,641.3652388568792,340.8896681934819,0.5215215513042195,0.6912623623624096,SL,-6.571116769401596,0.3376041098087811,0.0,-6.738276045113636,6.403873872241002,-1.0522187319026026,19,846.9411287529233,,4
ETH,1,DONCHIAN_V2,2024-02-06 20:00:00+00:00,2024-02-13 14:00:00+00:00,2379.2758088378905,2605.2237409729664,0.15846017151681363,377.02045275425763,2606.5270044752037,3049.790977391633,SL,35.8037480799935,0.3949223267942544,0.0,35.59733597957637,6.640621788353198,5.360542598888789,162,882.5384647324997,,4
BTC,1,DONCHIAN_V2,2024-02-07 21:00:00+00:00,2024-02-13 14:00:00+00:00,44148.828,48973.328112967814,0.00975893377253752,430.8454885871501,48997.82702648105,54975.25443127958,SL,47.08197708805267,0.4543864771311764,0.0,46.843013355215064,6.603398658506727,7.093773339713524,137,929.3814780877148,,4
AVAX,1,DONCHIAN_V2,2024-02-12 16:00:00+00:00,2024-02-13 14:00:00+00:00,40.188036305236814,39.38360292613478,5.372392143187646,215.90589049639414,39.403304578423985,59.53645632862087,SL,-4.32173156560567,0.2137450247135913,0.0,-4.427523645071064,6.496706232295188,-0.6815028241636973,22,924.9539544426436,,4
SOL,1,DONCHIAN_V2,2024-02-12 18:00:00+00:00,2024-02-13 16:00:00+00:00,109.82196305236816,108.42834983518861,1.8452985763179002,202.654312068972,108.48259113075399,165.35451617396473,SL,-2.5716324855992307,0.2013684958261724,0.0,-2.671673825390917,6.404633825911261,-0.4171470060602235,22,922.2822806172527,,4
XRP,1,DONCHIAN_V2,2024-02-14 10:00:00+00:00,2024-02-14 11:00:00+00:00,0.5321064052462577,0.5224983457309598,739.9155249495439,393.7137901667995,0.5227597255937566,0.6816532796862755,SL,-7.10915240000816,0.3901592139667954,0.0,-7.302454718891555,6.915753381615596,-1.0559160102938232,1,914.2958491418639,,4
NEAR,1,DONCHIAN_V2,2024-02-14 09:00:00+00:00,2024-02-15 05:00:00+00:00,3.3976794744014738,3.2785979334387876,58.89844477847156,200.11803689798145,3.28023805246502,5.276742225384733,SL,-7.013717564526072,0.19661117811571843,0.0,-7.1102697241928,6.917117104629395,-1.0279238614355877,20,907.0366545863537,,4
DOGE,1,DONCHIAN_V2,2024-02-14 10:00:00+00:00,2024-02-15 15:00:00+00:00,0.08310661785453557,0.08455764517311773,4786.704509564913,397.80682245899334,0.08459994514569057,0.10621822440083044,SL,6.945639009359081,0.4012796419636729,0.0,6.7432627786249055,6.91427695490247,0.9752665134195544,29,913.7104646996671,,4
BTC,1,DONCHIAN_V2,2024-02-15 15:00:00+00:00,2024-02-15 21:00:00+00:00,52626.92328,51543.85472202621,0.006481541555623952,341.1035901839536,51569.63954179711,69543.46309124629,SL,-7.019953866096835,0.3375936132509052,0.0,-7.186995684255764,6.852828485247503,-1.048763397439122,6,906.3529172203193,,4
SUI,1,DONCHIAN_V2,2024-02-14 09:00:00+00:00,2024-02-16 07:00:00+00:00,1.89947982,1.8182389277144437,86.09801047972721,163.54143344839036,1.8191485019654263,3.184780908553181,SL,-6.994679195384216,0.16004409385069823,0.0,-7.072952572510719,6.916366661991027,-1.022639908809377,46,899.1715403053363,,4
AVAX,1,DONCHIAN_V2,2024-02-14 10:00:00+00:00,2024-02-16 07:00:00+00:00,41.79735926513672,40.74530212749346,5.090595046270321,212.7734300222859,40.765684969978444,63.52459583841858,SL,-5.355596853280113,0.21009563159564587,0.0,-5.459305769864615,6.912785179318249,-0.7897404053865047,45,893.7122345354717,,4
APT,1,DONCHIAN_V2,2024-02-15 12:00:00+00:00,2024-02-16 14:00:00+00:00,10.33476631565094,9.82371527686254,13.440587467621665,138.90533062293656,9.828629591658368,18.432953899532095,SL,-6.868826187254405,0.13547091752930934,0.0,-6.934844439472246,6.802774909397653,-1.019414067323049,26,886.5620011022821,,4
ETH,1,DONCHIAN_V2,2024-02-14 11:00:00+00:00,2024-02-16 15:00:00+00:00,2754.580835302734,2737.169880720159,0.10812885169949477,297.8496626347198,2738.5391502953066,3769.2545340666748,SL,-1.8826265260058865,0.29690834937171684,0.0,-2.0306100440602437,6.8572188685639786,-0.2961273488541119,52,884.5313910582219,,4
XRP,1,DONCHIAN_V2,2024-02-15 22:00:00+00:00,2024-02-17 14:00:00+00:00,0.5638127603173256,0.5458656153789909,384.611169180514,216.84868494453954,0.5461386847213515,0.8465979698529116,SL,-6.902672398185058,0.21339734874544702,0.0,-7.007645404458235,6.797646879152395,-1.0308928264499708,40,877.3403529453507,,4
ETH,-1,DONCHIAN_V2,2024-02-17 14:00:00+00:00,2024-02-17 21:00:00+00:00,2743.461207763672,2794.326241364286,0.13301481765822612,364.9209923031016,2792.929776476048,1951.9641083656575,SL,-6.765803169565212,0.36830389388788426,0.0,-6.9516465673015455,6.58005264709013,-1.0564727883105531,7,870.2062458818976,,4
SOL,-1,DONCHIAN_V2,2024-02-16 09:00:00+00:00,2024-02-18 10:00:00+00:00,111.16776444091798,112.91516899252676,2.0315946164939627,225.84783176583795,112.8587396227154,58.37895151851714,SL,-3.5500176798854466,0.22762284060578067,0.0,-3.664716604608308,6.702841759016036,-0.5467407312247636,49,866.5415292772893,,4
APT,-1,DONCHIAN_V2,2024-02-17 10:00:00+00:00,2024-02-19 00:00:00+00:00,9.505798426437378,9.81479076302239,21.81408281509347,207.36027409789017,9.809885820112335,4.640400127638061,SL,-6.740384419494693,0.21073046630763753,0.0,-6.847434748753385,6.633387588651434,-1.032268152168305,38,859.419751836068,,4
DOGE,1,DONCHIAN_V2,2024-02-18 18:00:00+00:00,2024-02-20 07:00:00+00:00,0.08494698868989944,0.08722506990746849,4411.857911733296,374.7740441294516,0.08726870425959829,0.10851405519861608,SL,10.05057064330302,0.3797993294511032,0.0,9.858158335916643,6.498409302051646,1.5170109911058194,37,869.1105592379541,,4
NEAR,1,DONCHIAN_V2,2024-02-18 15:00:00+00:00,2024-02-20 14:00:00+00:00,3.4926985030174253,3.3604953788972427,49.792829428628565,173.911340806373,3.362176467130808,5.581051077203304,SL,-6.582767609248065,0.17061995700174898,0.0,-6.666431895846627,6.49906146957967,-1.0257530148084262,47,862.4441273421075,,4
ETH,1,DONCHIAN_V2,2024-02-19 06:00:00+00:00,2024-02-20 15:00:00+00:00,2907.6214470703126,2896.540713854152,0.11511191334702206,334.7018680611007,2897.989708708506,3803.535407855814,SL,-1.2755244018001655,0.33406410586020063,0.0,-1.4422375736298156,6.44564813877051,-0.2237536928140354,33,861.0018897684778,,4
SUI,-1,DONCHIAN_V2,2024-02-16 15:00:00+00:00,2024-02-22 19:00:00+00:00,1.7675464200000002,1.765674179289316,90.1957317352741,159.42514272796413,1.7647917833976172,0.5907305675767369,SL,0.1688681208847263,0.15934070866752176,0.0,0.0892399835811866,6.633985432936663,0.013451941443543804,148,860.8431816060103,,4
XRP,1,DONCHIAN_V2,2024-02-22 21:00:00+00:00,2024-02-23 01:00:00+00:00,0.5514102492213249,0.5398103289166171,569.8492652679081,314.22072537996604,0.5400803691011676,0.7326883311438414,SL,-6.6102060628040284,0.31091562234856407,0.0,-6.7640113224626095,6.4563238620450765,-1.0476567574663256,4,853.9220599208577,,4
XRP,-1,DONCHIAN_V2,2024-02-23 09:00:00+00:00,2024-02-24 09:00:00+00:00,0.5319936018347741,0.5434600134767845,572.0875296174095,304.34690544592365,0.543188419267151,0.35287652291674276,SL,-6.559791109854065,0.3076268010008507,0.0,-6.715244458131954,6.404415449406432,-1.0485335486401541,24,847.0546420100028,,4
XRP,1,DONCHIAN_V2,2024-02-24 10:00:00+00:00,2024-02-26 09:00:00+00:00,0.5445088567256927,0.5343558275708218,642.6351714235964,349.92054248358204,0.534623139140392,0.7026803380905043,SL,-6.524693631409251,0.3466581956678774,0.0,-6.696391555835338,6.35290981507502,-1.0540668372066702,47,840.1832901829256,,4
NEAR,1,DONCHIAN_V2,2024-02-26 09:00:00+00:00,2024-02-26 10:00:00+00:00,3.896779108428955,3.709144465684891,43.62945253705496,170.01433915858843,3.752349730796492,6.2076491505483675,SL_GAP,-8.186396739909416,0.16592114078863374,0.0,-8.267310711118755,6.301374676371941,-1.3119852628535835,1,831.8309723022276,,4
AVAX,-1,DONCHIAN_V2,2024-02-16 10:00:00+00:00,2024-02-26 14:00:00+00:00,40.38692145767212,37.63025733067529,5.074171248320089,204.93015566868152,37.611451604872855,19.25402861140648,SL,13.98778585448272,0.19793626274144016,0.0,13.89231466957562,6.701994829646916,2.0728626360798783,244,845.6229856279875,,4
APT,-1,DONCHIAN_V2,2024-02-26 10:00:00+00:00,2024-02-26 14:00:00+00:00,9.34573046321869,9.641200345577799,21.46463440399082,200.60268763122897,9.636382154500549,4.695303402708942,SL,-6.342153002228454,0.20377376413234322,0.0,-6.445625422545183,6.238732292266707,-1.0331626876400728,4,839.1773602054424,,4
SOL,-1,DONCHIAN_V2,2024-02-20 15:00:00+00:00,2024-02-26 16:00:00+00:00,107.68845708465577,105.60722753061589,1.6908298862292306,182.0828616406499,105.55445030546316,46.58223485987905,SL,3.5190051300741616,0.1803233590756128,0.0,3.4297232018188737,6.457514173263583,0.531121281315828,145,842.4260553473284,,4
LINK,-1,DONCHIAN_V2,2024-02-20 16:00:00+00:00,2024-02-26 17:00:00+00:00,18.965206062698364,19.112973631134658,8.79529289742217,166.8045421813988,19.103421920174572,7.219229776815016,SL,-1.2996590451370773,0.16745437170396735,0.0,-1.3837111457503453,6.456831362532431,-0.2143018871113339,145,840.8205444438612,,4
DOGE,-1,DONCHIAN_V2,2024-02-20 16:00:00+00:00,2024-02-26 19:00:00+00:00,0.08451309736818076,0.0882687808846527,1739.480540334953,147.00888827538355,0.08822466855037751,0.025127958453032617,SL,-6.532938392559695,0.15027535747166343,0.0,-6.6097093058936665,6.456205845499251,-1.02377611000452,147,834.0715890373782,,4
NEAR,1,DONCHIAN_V2,2024-02-26 15:00:00+00:00,2024-02-27 16:00:00+00:00,4.0698135672569276,3.849148228227537,28.768936860667118,117.08420955110095,3.8510737651100917,7.569650401606298,SL,-6.348307205874244,0.11391005594816384,0.0,-6.403675157046857,6.292911556877138,-1.017601327965379,25,827.5489534908295,,4
LINK,1,DONCHIAN_V2,2024-02-26 20:00:00+00:00,2024-02-27 16:00:00+00:00,19.22084245376587,18.70612032384812,12.378270077180053,237.92077900364208,18.71547806287956,27.306672707946838,SL,-6.371369538823272,0.23473509423423045,0.0,-6.487144243555681,6.255536917780336,-1.037024371979492,20,821.0618092472738,,4
AVAX,1,DONCHIAN_V2,2024-02-26 15:00:00+00:00,2024-02-28 17:00:00+00:00,37.75154828109741,39.117584546537955,6.4890559849449465,244.97191031439328,39.1371531230995,53.27018203279978,SL,8.86428580390879,0.24940405321634768,0.0,8.737367705849639,6.293830201540818,1.3882433154473424,50,829.6304387003169,,4
BTC,1,DONCHIAN_V2,2024-02-26 16:00:00+00:00,2024-02-28 17:00:00+00:00,52859.669819999996,61130.133531742154,0.008392022064162029,443.5995154337597,61160.71388868649,64905.768587231214,SL,69.40591394979158,0.4783024724086554,0.0,69.1494112350998,6.318195415104962,10.944487577858661,49,898.7798499354167,,4
ETH,1,DONCHIAN_V2,2024-02-26 17:00:00+00:00,2024-02-28 17:00:00+00:00,3155.3809499999998,3297.9198192223603,0.08825945443402873,278.49220117852724,3299.5696040243724,4298.583862144468,SL,12.580402833208908,0.2847824025951317,0.0,12.43486653120304,6.306154083328959,1.9718621471803288,48,911.2147164666197,,4
XRP,1,DONCHIAN_V2,2024-02-27 18:00:00+00:00,2024-02-28 17:00:00+00:00,0.5742148375511169,0.5726490672694615,376.1932418947383,216.0157412824152,0.57293553503698,0.8361212360111968,SL,-0.5890321983183777,0.215721225183256,0.0,-0.6967455528604262,6.157963569354553,-0.11314544898053944,23,910.5179709137593,,4
DOGE,1,DONCHIAN_V2,2024-02-27 20:00:00+00:00,2024-02-28 17:00:00+00:00,0.0988497655659914,0.11003525738736299,1228.7410459236924,121.46076433086806,0.11009030253863229,0.1790248817892301,SL,13.744072919763031,0.12833280079074957,0.0,13.676470501137716,6.157153510324744,2.221232665095008,21,924.194441414897,,4
BTC,1,DONCHIAN_V2,2024-02-28 17:00:00+00:00,2024-02-28 18:00:00+00:00,62526.60282,60481.69416928612,0.003440522723552804,215.12419782877083,60511.9501443583,94761.04563026724,SL,-7.035554680370802,0.21160642048858547,0.0,-7.139599001945002,6.931458310611728,-1.0300284127821444,1,916.607527398008,,4
ETH,1,DONCHIAN_V2,2024-02-28 17:00:00+00:00,2024-02-28 18:00:00+00:00,3428.5456794433594,3325.165677561773,0.06813688677941711,233.6104287782919,3326.829092107827,5056.011076811877,SL,-7.04399148346158,0.2300884330365611,0.0,-7.157274702108995,6.93065159486987,-1.0326986725760205,1,909.4502526958989,,4
SOL,1,DONCHIAN_V2,2024-02-28 17:00:00+00:00,2024-02-28 18:00:00+00:00,116.27325,110.86164871080508,1.293799642371538,150.43428926737644,110.91710726443729,201.97153376900332,SL,-7.001527812617741,0.14693352536106757,0.0,-7.073244193345121,6.9297755557619505,-1.0207032156277962,1,902.3770085025538,,4
XRP,1,DONCHIAN_V2,2024-02-28 17:00:00+00:00,2024-02-28 18:00:00+00:00,0.6024204482674599,0.5720138668715954,330.6413437502734,199.185106517795,0.5814635668666551,0.9377305506803367,SL_GAP,-10.053672931580701,0.19415827005200464,0.0,-10.148238648373809,6.929211427177198,-1.4645589552327989,1,892.2287698541801,,4
DOGE,1,DONCHIAN_V2,2024-02-28 17:00:00+00:00,2024-02-28 18:00:00+00:00,0.1191438257932663,0.10948523055762054,808.0654356603476,96.27600749587629,0.11056968788651887,0.2563300323012251,SL_GAP,-7.804776966959047,0.09237361901239675,0.0,-7.849012582223506,6.928464483027757,-1.1328646630794976,1,884.3797572719566,,4
APT,1,DONCHIAN_V2,2024-02-29 03:00:00+00:00,2024-02-29 16:00:00+00:00,13.017902857017516,11.633843515001352,4.812292409275178,62.64595510350705,11.63966334667469,35.06973502250273,SL,-6.660498265570782,0.059315705970721666,0.0,-6.68849099398975,6.632491533785922,-1.0084432011588054,13,877.4439643285962,,4
ETH,1,DONCHIAN_V2,2024-02-29 12:00:00+00:00,2024-02-29 17:00:00+00:00,3517.983485302734,3380.605455560727,0.04887457150827047,171.93993541734307,3382.2966038626582,5688.973588343952,SL,-6.7142923382910356,0.16858278924819753,0.0,-6.796905159830562,6.631638189677208,-1.0249209871567795,5,870.6470591687656,,4
DOGE,1,DONCHIAN_V2,2024-02-29 05:00:00+00:00,2024-02-29 22:00:00+00:00,0.1282156338840723,0.11449118862848796,485.26916065752755,62.21909303809662,0.11454846285991792,0.34689037027054265,SL,-6.660050029667603,0.05888906802326282,0.0,-6.687829551171817,6.632256611454284,-1.008379190217332,17,863.9592296175938,,4
SUI,1,DONCHIAN_V2,2024-02-29 10:00:00+00:00,2024-02-29 22:00:00+00:00,1.70654124,1.595533232583039,60.17632533068997,102.69338084847907,1.5963313982821798,3.4698987074851204,SL,-6.6800539686346925,0.09935335386416172,0.0,-6.728060632074615,6.632023289855391,-1.0144808511704304,12,857.2311689855192,,4
LINK,1,DONCHIAN_V2,2024-03-02 07:00:00+00:00,2024-03-02 09:00:00+00:00,21.449288694763183,20.70895612238511,8.806167733197517,188.88603400386182,20.71931578027525,33.12885532657011,SL,-6.519492810710897,0.18562628759850638,0.0,-6.6106760813074725,6.428263925671798,-1.0283765815692782,2,850.3967376579302,,4
DOGE,1,DONCHIAN_V2,2024-03-01 18:00:00+00:00,2024-03-03 07:00:00+00:00,0.13188637487590313,0.12844117572196537,618.705407826756,81.59881335438807,0.12850542843618346,0.29814925051423335,SL,-2.1315633475814573,0.08053303168059733,0.0,-2.1712969725848605,6.429233767391393,-0.3377225111330562,37,848.1404802976966,,4
XRP,1,DONCHIAN_V2,2024-03-02 03:00:00+00:00,2024-03-03 07:00:00+00:00,0.6325264562487602,0.6092506175147743,279.8707365610876,177.0256452047151,0.6095553952123804,1.0000634328308367,SL,-6.514226130557748,0.17376853213943622,0.0,-6.5994818400948265,6.428927771841316,-1.0265291622967887,28,841.5409984576017,,4
LINK,1,DONCHIAN_V2,2024-03-02 17:00:00+00:00,2024-03-03 07:00:00+00:00,21.574313694763184,20.754139666822535,7.876068629649985,169.92077529755238,20.764521927786426,34.5309819663913,SL,-6.459746932317013,0.1666909018313939,0.0,-6.541477446499631,6.377975532434476,-1.0256353937442506,14,834.9995210111022,,4
DOGE,1,DONCHIAN_V2,2024-03-03 20:00:00+00:00,2024-03-05 04:00:00+00:00,0.15104020866751672,0.1800227183742839,484.61291618661517,73.19603598380014,0.18011277476166473,0.3577711431624902,SL,14.045298547403329,0.08021868525750181,0.0,14.001677880137727,6.261530064474569,2.236143200777343,32,848.6787129697209,,4
BTC,1,DONCHIAN_V2,2024-03-04 01:00:00+00:00,2024-03-05 05:00:00+00:00,63525.60258,66284.25761671568,0.004944216168693873,314.0843114020572,66317.41632487811,83787.67969219454,SL,13.639386836378462,0.32090400482024645,0.0,13.475524987259243,6.261255579339631,2.152208102113681,28,862.0443211663104,,4
SUI,-1,DONCHIAN_V2,2024-03-03 08:00:00+00:00,2024-03-05 06:00:00+00:00,1.5406918,1.5829607984164586,79.33836794945498,122.2359729251081,1.5821697135596788,0.2778499016917435,SL,-3.3535533492199217,0.12391274959971806,0.0,-3.4163481123570856,6.261988449373039,-0.5455692133541281,46,858.6279730539533,,4
ETH,1,DONCHIAN_V2,2024-03-05 04:00:00+00:00,2024-03-05 17:00:00+00:00,3693.8587412109373,3612.188565127288,0.05951326153516466,219.83358133964063,3613.995562908742,5405.098268827675,SL,-4.8604585488891825,0.21740335206519604,0.0,-4.967945110284559,6.365090347272907,-0.7804987579497676,13,853.6018974470611,,4
AVAX,1,DONCHIAN_V2,2024-03-05 16:00:00+00:00,2024-03-05 17:00:00+00:00,44.147827738952635,41.68162324105248,2.633447650080586,116.26099321530734,41.70247447829162,83.27347990952885,SL,-6.4946204396133425,0.11301368299550066,0.0,-6.549503626001189,6.43970979790465,-1.017049499362885,1,847.0523938210599,,4
SOL,1,DONCHIAN_V2,2024-02-29 02:00:00+00:00,2024-03-05 19:00:00+00:00,123.89477674713135,123.58497309450446,0.767631508211937,95.10553433398167,123.64679649275084,262.14544746261004,SL,-0.23781504511554108,0.09498662681142389,0.0,-0.28524890475997416,6.632848179539674,-0.04300549281979355,137,846.7671449162999,,4
ETH,-1,DONCHIAN_V2,2024-03-05 20:00:00+00:00,2024-03-06 04:00:00+00:00,3374.1851354003907,3600.42652794071,0.02829414109751804,95.46967031016666,3598.6272143335436,-216.88812753005413,SL,-6.401305882634761,0.09867032325148405,0.0,-6.452241370731161,6.3503958495549115,-1.0160376649879845,8,840.1542318671708,,4
LINK,-1,DONCHIAN_V2,2024-03-03 08:00:00+00:00,2024-03-06 05:00:00+00:00,20.223955040740968,19.450740288558745,6.69777610038765,135.45552272718922,19.44101977866941,5.263774076266337,SL,5.178819287633256,0.1328661130833726,0.0,5.113680935913478,6.262496407583266,0.816556306478885,69,845.2679128030843,,4
BTC,-1,DONCHIAN_V2,2024-03-05 20:00:00+00:00,2024-03-06 05:00:00+00:00,61446.90816,65570.32690924479,0.00155250476896542,95.39661795658017,65537.5581301797,-4003.49136287524,SL,-6.401627272643962,0.09859743159290216,0.0,-6.452526395258574,6.350753586872249,-1.016025312113621,9,838.8153864078257,,4
XRP,-1,DONCHIAN_V2,2024-03-05 20:00:00+00:00,2024-03-06 07:00:00+00:00,0.5680863521814347,0.6172363113377504,130.01317441345827,73.85870998807015,0.6169278474140434,-0.21337757154030568,SL,-6.390142212204424,0.07705378109417235,0.0,-6.430266638304561,6.350037838291248,-1.0126343814094345,11,832.3851197695211,,4
AVAX,-1,DONCHIAN_V2,2024-03-05 20:00:00+00:00,2024-03-06 21:00:00+00:00,37.60048010864258,41.838290584963914,1.5057881808279128,56.61835854104903,41.81738189401691,-29.869948457346702,SL,-6.381244927833375,0.05980898100496572,0.0,-6.412744729567816,6.349760868128794,-1.0099190918755943,25,825.854751989446,,4
APT,1,DONCHIAN_V2,2024-03-06 07:00:00+00:00,2024-03-08 15:00:00+00:00,14.51610244617462,12.927226630934701,3.945180116228048,57.268638735777444,12.933693477673538,39.83464594219195,SL,-6.268401273440162,0.054134438099057366,0.0,-6.293901392171331,6.2428883982714085,-1.0081713768764546,56,819.4542140638474,,4
BTC,1,DONCHIAN_V2,2024-03-08 15:00:00+00:00,2024-03-08 16:00:00+00:00,68485.89443999999,67052.91745723368,0.004391709571703428,300.77015813881854,67086.46068757746,90876.8344787605,SL,-6.293218731245508,0.29762354877319586,0.0,-6.440457200949295,6.145906605478856,-1.0479263051618548,1,812.8633717838287,,4
SUI,1,DONCHIAN_V2,2024-03-07 01:00:00+00:00,2024-03-10 22:00:00+00:00,1.52390472,1.514815363411331,73.48099002155918,111.97802752412693,1.515573149986324,2.872587831232674,SL,-0.6678949207943755,0.11164408006372975,0.0,-0.7235499870960418,6.193910639920844,-0.11681634255951882,93,812.0641406041748,,4
AVAX,-1,DONCHIAN_V2,2024-03-08 16:00:00+00:00,2024-03-11 08:00:00+00:00,42.3765213218689,44.10537683787797,3.5718454557936736,151.36238511586114,44.08333517029283,15.067499747086025,SL,-6.175204718580821,0.15444998747515154,0.0,-6.2539735134980425,6.096475288378715,-1.0258343087881543,64,805.7047750382939,,4
LINK,1,DONCHIAN_V2,2024-03-10 22:00:00+00:00,2024-03-12 04:00:00+00:00,20.18903646583557,20.626651477221397,10.44052325738811,210.7841047658129,20.636969962202496,29.522639243219647,SL,4.568929704155885,0.21306856961789086,0.0,4.461253186920901,6.09048105453131,0.732496028963383,30,810.0404393627769,,4
BTC,1,DONCHIAN_V2,2024-03-11 08:00:00+00:00,2024-03-12 17:00:00+00:00,71222.2416,69474.03609634738,0.003526675364788101,251.17772487570625,69508.79049159317,98637.45933450914,SL,-6.16535328231865,0.24809504823454692,0.0,-6.287859468115344,6.042785812787204,-1.0405564027785887,33,803.6719726219251,,4
APT,-1,DONCHIAN_V2,2024-03-12 17:00:00+00:00,2024-03-13 06:00:00+00:00,12.836632179832458,13.420872818689503,10.436691915400734,133.97197529223033,13.414165735821593,3.5960952840062976,SL,-6.097539552207881,0.13702074506833425,0.0,-6.1675743096300994,6.027539794664438,-1.0232324496786598,13,797.4374123246488,,4
APT,1,DONCHIAN_V2,2024-03-13 07:00:00+00:00,2024-03-13 13:00:00+00:00,13.647529146194458,13.141109279298577,11.96524587430918,163.29604181101752,13.147683120859005,21.645065551561707,SL,-6.059438223044139,0.16026632269949545,0.0,-6.138056524838126,5.980780592434866,-1.0262968905099443,6,791.2177077789052,,4
LINK,-1,DONCHIAN_V2,2024-03-12 09:00:00+00:00,2024-03-14 09:00:00+00:00,20.278944345855713,21.05366952842619,7.9498490021582455,161.21454547272364,21.04314795444897,8.051686608363621,SL,-6.1589482196047785,0.16429401958252604,0.0,-6.242634966450943,6.075303295220826,-1.0275429329366568,48,784.9275844506841,,4
AVAX,1,DONCHIAN_V2,2024-03-14 01:00:00+00:00,2024-03-14 15:00:00+00:00,56.238246590423586,52.69812632484416,1.6888279649248552,94.97672354024724,52.724488569128724,112.45837493114136,SL,-5.978654103707738,0.09198739648839338,0.0,-6.023153138426008,5.934132808341788,-1.0150014050846792,14,778.813755200069,,4
LINK,1,DONCHIAN_V2,2024-03-14 11:00:00+00:00,2024-03-14 15:00:00+00:00,21.28125582733154,20.580140103283025,8.521688092555433,181.35222437839712,20.590435320943495,32.33438392954031,SL,-5.974689517127627,0.1783648796198333,0.0,-6.062378284558261,5.886956883380131,-1.0297983159471362,4,772.7513769155107,,4
APT,1,DONCHIAN_V2,2024-03-15 01:00:00+00:00,2024-03-15 02:00:00+00:00,14.520103910064696,13.59342120652998,6.3004076517478005,91.48257377914477,13.600221317188574,29.238225396082655,SL,-5.838478796092465,0.08856333438109854,0.0,-5.8813008435839915,5.79563532686633,-1.0147810398491688,1,766.8243347850372,,4
ETH,1,DONCHIAN_V2,2024-03-06 09:00:00+00:00,2024-03-15 03:00:00+00:00,3827.7353646972656,3682.8786985517863,0.029111750362615645,111.43207639122235,3684.721059081327,7258.747825641025,SL,-4.217031103187949,0.10932356083962838,0.0,-4.270638625831967,6.2426736408761485,-0.6841040989021796,210,762.5536961592052,,4
NEAR,1,DONCHIAN_V2,2024-03-06 18:00:00+00:00,2024-03-15 03:00:00+00:00,5.410081719875335,8.084473705578311,12.30025521485278,66.54538588767629,8.088517964560591,13.529920746372337,SL,32.895703968703515,0.08299323787202806,0.0,32.84598342377532,6.242255770589682,5.261877217291993,201,795.3996795829805,,4
SOL,1,DONCHIAN_V2,2024-03-07 14:00:00+00:00,2024-03-15 08:00:00+00:00,144.79895827331544,168.00973409302378,0.699556409371043,101.29503933034803,168.09378098351553,286.45422756914957,SL,16.237246991151398,0.10941366282592373,0.0,16.17848084799065,6.1934907223176285,2.612174874129237,186,811.5781604309711,,4
APT,-1,DONCHIAN_V2,2024-03-15 09:00:00+00:00,2024-03-15 19:00:00+00:00,12.547289959144592,13.835179809418339,4.751718647265439,59.62119167151376,13.828265676580049,-7.9483215198227235,SL,-6.119690217169655,0.06268103678009859,0.0,-6.152560658113996,6.0868362032322825,-1.0107978024522515,10,805.3957891770214,,4
APT,1,DONCHIAN_V2,2024-03-15 23:00:00+00:00,2024-03-16 17:00:00+00:00,14.950089105606079,13.743666968693988,5.035625194050685,75.28304535349265,13.750542239813894,34.14283895828103,SL,-6.075089707294988,0.07224550049984516,0.0,-6.109693685118087,6.04046841882766,-1.0114602480288875,18,799.0341165575857,,4
SOL,1,DONCHIAN_V2,2024-03-16 10:00:00+00:00,2024-03-16 18:00:00+00:00,194.32885128479003,181.5374025007023,0.4755540945186529,92.41388091158828,181.6282166090068,397.5390060973215,SL,-6.083025844098559,0.089372367989539,0.0,-6.126191271632304,6.039838823054294,-1.0142971445278306,8,792.9079252859534,,4
SUI,1,DONCHIAN_V2,2024-03-16 01:00:00+00:00,2024-03-17 06:00:00+00:00,1.54340862,1.4908577011716735,60.003008715568626,92.60916087754374,1.491603502923135,3.154044149572135,SL,-3.153213240467209,0.09103255425731013,0.0,-3.197941214285747,6.040186107407584,-0.5294441524515022,29,789.5126414971886,,4
ETH,-1,DONCHIAN_V2,2024-03-16 19:00:00+00:00,2024-03-17 15:00:00+00:00,3596.290607763672,3643.871943584589,0.052971195774022865,190.49981384412916,3642.0509181255266,1800.2824466478792,SL,-2.5204402549593237,0.19176003397160885,0.0,-2.6169503820088678,5.946043744637973,-0.4401162343228273,20,786.8956911151797,,4
DOGE,-1,DONCHIAN_V2,2024-03-16 13:00:00+00:00,2024-03-17 17:00:00+00:00,0.15418915590941906,0.15649644771009807,667.419310574282,102.90882013509496,0.15641823859080267,0.009404798002742604,SL,-1.53993110290288,0.1036787856865464,0.0,-1.5921554785218788,6.039492271000875,-0.2636240609441204,28,785.2698381905238,,4
BTC,-1,DONCHIAN_V2,2024-03-16 18:00:00+00:00,2024-03-17 17:00:00+00:00,67266.544,68537.54776996745,0.003035466414242001,204.18533511413176,68503.2961219065,35920.80069416448,SL,-3.858089256111184,0.20611437974218735,0.0,-3.9621109682963054,5.9468094396446505,-0.6662582698350361,23,781.3077272222275,,4
LINK,-1,DONCHIAN_V2,2024-03-16 14:00:00+00:00,2024-03-18 02:00:00+00:00,18.7272547000885,19.129973991322753,7.51540808364254,140.74296135747787,19.12041378443054,5.870241384056609,SL,-3.0265998167806925,0.1422562612658682,0.0,-3.098484597367822,6.039106362925368,-0.5130700489711035,36,778.1597200227685,,4
LINK,1,DONCHIAN_V2,2024-03-18 08:00:00+00:00,2024-03-18 09:00:00+00:00,19.47889538154602,18.721649443520718,7.802773621936029,151.98941106757883,18.731014950996215,31.444982270342887,SL,-5.908618630542039,0.1490351017523078,0.0,-5.981659026760557,5.835541695856186,-1.0250392060445954,1,772.0145723818638,,4
SUI,1,DONCHIAN_V2,2024-03-18 07:00:00+00:00,2024-03-18 12:00:00+00:00,1.74654924,1.6334287269829373,51.96532394132184,90.75999703606946,1.6342458499078911,3.5434034814737423,SL,-5.878344103340178,0.08782082498439939,0.0,-5.920784929806543,5.8358820458450715,-1.0145484235792461,5,766.0534435330823,,4
NEAR,1,DONCHIAN_V2,2024-03-17 15:00:00+00:00,2024-03-18 13:00:00+00:00,8.082616528129577,7.371140744831924,8.338251856105956,67.39489226786912,7.374828158911379,19.40723043562075,SL,-5.932464270656098,0.06442866013254107,0.0,-5.963195484654705,5.901717683363848,-1.0104169336097106,22,760.0902480484276,,4
SOL,1,DONCHIAN_V2,2024-03-17 23:00:00+00:00,2024-03-19 01:00:00+00:00,201.24023694763184,189.23960070698843,0.4921739592670228,99.04520418234976,189.33426784090886,391.7357426551997,SL,-5.90640065228079,0.09609200385620938,0.0,-5.952970054045824,5.8598079541667065,-1.015898490293163,26,754.0158004017469,,4
APT,1,DONCHIAN_V2,2024-03-18 07:00:00+00:00,2024-03-19 01:00:00+00:00,14.894178305625916,13.85522037747127,5.655083379313192,84.22782018467224,13.862151453197868,31.406607944474693,SL,-5.87539371131301,0.08129012332901574,0.0,-5.914569924549689,5.836197900170764,-1.0134286098106153,18,748.1012304771972,,4
AVAX,1,DONCHIAN_V2,2024-03-18 11:00:00+00:00,2024-03-19 01:00:00+00:00,62.95158697586059,58.40500296133758,1.281744302662767,80.68783794988896,58.43422007137326,135.22945744765786,SL,-5.827558157192484,0.07777405887129273,0.0,-5.864988297088832,5.790109292863979,-1.0129322263946103,14,742.2362421801083,,4
ETH,-1,DONCHIAN_V2,2024-03-18 15:00:00+00:00,2024-03-20 12:00:00+00:00,3514.726845654297,3323.42715503519,0.048416513996124746,170.17082151517664,3321.7662718992406,1630.938543355491,SL,9.262064148314327,0.1655397894410195,0.0,9.181609769630896,5.700403918999128,1.6106945928917604,45,751.2426010569258,,4
DOGE,-1,DONCHIAN_V2,2024-03-19 02:00:00+00:00,2024-03-20 18:00:00+00:00,0.1365626859664917,0.13859568687600832,719.4597608357933,98.25135738454567,0.13852642366417622,0.012772259435973765,SL,-1.462662348139769,0.09898268855861556,0.0,-1.5125193580061116,5.5663894165879615,-0.2717235976158569,40,749.7300816989197,,4
BTC,-1,DONCHIAN_V2,2024-03-19 09:00:00+00:00,2024-03-20 19:00:00+00:00,63486.10024000001,65870.4406664029,0.002367087560593762,150.27715814871266,65837.52190545018,25863.35359279705,SL,-5.643942563559099,0.15309912943049223,0.0,-5.721903113915235,5.5660209739977695,-1.0280060281205703,34,744.0081785850044,,4
LINK,-1,DONCHIAN_V2,2024-03-19 02:00:00+00:00,2024-03-20 20:00:00+00:00,17.562486784744262,18.299886792193227,5.806311563020012,101.97327009364676,18.290741421482487,2.2225677854120747,SL,-4.281574189821969,0.10411405718855775,0.0,-4.334701611963703,5.566771816350812,-0.7786742038234344,42,739.6734769730407,,4
ETH,1,DONCHIAN_V2,2024-03-20 21:00:00+00:00,2024-03-22 21:00:00+00:00,3461.722235302734,3254.272256532597,0.026953145458876383,93.3043029463413,3255.900206635915,6754.874693971844,SL,-5.591429453232321,0.09050858821972514,0.0,-5.635285889978875,5.547551077297805,-1.0158150527067893,48,733.8221382200237,,4
SUI,1,DONCHIAN_V2,2024-03-21 01:00:00+00:00,2024-03-22 21:00:00+00:00,1.84246842,1.709253110023027,41.90987051706533,77.21761291398194,1.7101081641050795,3.9602325143187302,SL,-5.5830363920256625,0.0744260947179691,0.0,-5.618853680286641,5.5472011861617565,-1.0129168731618445,44,728.2032845397371,,4
BTC,-1,DONCHIAN_V2,2024-03-22 14:00:00+00:00,2024-03-23 14:00:00+00:00,63059.3856,65074.63634299606,0.002797452543805238,176.4056386575154,65042.115285353386,31335.710634345858,SL,-5.637568317399726,0.17922442281621526,0.0,-5.728589920887184,5.546592201969984,-1.032812529259418,24,722.4746946188499,,4
SUI,-1,DONCHIAN_V2,2024-03-24 06:00:00+00:00,2024-03-24 21:00:00+00:00,1.6319735400000002,1.6869314911610496,100.13063897331372,163.41055334774077,1.686088446937581,0.766135028998709,SL,-5.502974766420046,0.1661620407309508,0.0,-5.587431530477126,5.418560209641374,-1.0311653491522113,15,716.8055578116988,,4
NEAR,-1,DONCHIAN_V2,2024-03-18 14:00:00+00:00,2024-03-25 01:00:00+00:00,7.395520436000824,7.1922226950362935,9.841682459570144,72.78436375438186,7.188628380845871,-1.8722882075423328,SL,2.0007918113208563,0.07178396784872143,0.0,1.9654000253493258,5.700676860363207,0.34476608190419417,155,718.7709578370482,,4
AVAX,1,DONCHIAN_V2,2024-03-25 10:00:00+00:00,2024-03-26 12:00:00+00:00,57.43048251800537,55.54152444244958,2.895822891872699,166.3085059669348,55.569309096998076,87.20925725412201,SL,-5.47008803698226,0.1635734619484437,0.0,-5.550507245947236,5.389628598297946,-1.0298496723317996,26,712.8585105310563,,4
SUI,1,DONCHIAN_V2,2024-03-26 12:00:00+00:00,2024-03-26 14:00:00+00:00,1.8155630399999998,1.7558870641722581,90.92955249885016,165.08833476065197,1.756765446895706,2.756324529668701,SL,-5.426309776948747,0.1623751798721776,0.0,-5.5061407894405985,5.346438828982921,-1.0298707168577215,2,707.2698255742354,,4
NEAR,1,DONCHIAN_V2,2024-03-25 01:00:00+00:00,2024-03-27 07:00:00+00:00,7.117423375511169,7.494175210820709,20.38206488357652,145.06778504355285,7.497924172907162,11.349208301774762,SL,7.678980352285566,0.14890727521969566,0.0,7.602606969587647,5.390782183777861,1.410297561727812,54,714.8176836325266,,4
SOL,1,DONCHIAN_V2,2024-03-25 07:00:00+00:00,2024-03-27 09:00:00+00:00,187.84755955810547,184.4156808769381,0.8653559832398937,162.55500960061886,184.50793484436028,287.5103717922641,SL,-2.9697967505016245,0.16107011122536807,0.0,-3.049589356926683,5.390238179583948,-0.5657615220932722,50,711.6486436017001,,4
APT,1,DONCHIAN_V2,2024-03-26 14:00:00+00:00,2024-03-27 13:00:00+00:00,18.62112269554138,17.710179607851707,5.880301869178978,109.49782259280308,17.719039127415414,33.05445978555682,SL,-5.356620341257258,0.10681951242217444,0.0,-5.408690942383031,5.304523691806765,-1.0196374371439154,23,706.164415961773,,4
BTC,1,DONCHIAN_V2,2024-03-25 14:00:00+00:00,2024-03-27 16:00:00+00:00,68020.00128,68492.76318106765,0.0036746370887218564,249.94881947839613,68527.02669441486,91484.65288520126,SL,1.737228415797866,0.25081743368629505,0.0,1.611385391850769,5.38900494140057,0.29901353021064025,50,707.7758013536237,,4
LINK,-1,DONCHIAN_V2,2024-03-27 19:00:00+00:00,2024-03-28 09:00:00+00:00,19.018194959259034,19.70304015647668,7.864191876411693,149.5627343026187,19.69319355969683,8.218217352254316,SL,-5.385754036558561,0.152255611320898,0.0,-5.46322828072815,5.308318510152177,-1.0291824558529612,14,702.2377917057443,,4
XRP,-1,DONCHIAN_V2,2024-03-27 08:00:00+00:00,2024-03-28 16:00:00+00:00,0.6204758651256561,0.6347170275268327,385.02923518408295,238.9013477995136,0.6343998276130262,0.3976924653277357,SL,-5.483263867457332,0.24164297973324222,0.0,-5.6054561732908175,5.36113262724395,-1.045573121023956,32,696.5107975696661,,4
DOGE,1,DONCHIAN_V2,2024-03-21 08:00:00+00:00,2024-03-29 07:00:00+00:00,0.15379075306355952,0.20921824367369796,553.8575620560991,85.17817155855464,0.2093229051262611,0.314031565868105,SL,30.6989348202186,0.10052763896866394,0.0,30.640996267029212,5.546911620113329,5.523974125696126,191,726.97882806214,,4
BTC,1,DONCHIAN_V2,2024-03-28 15:00:00+00:00,2024-03-29 07:00:00+00:00,71577.41262,69991.51466675161,0.0033959864806118443,243.07592557469562,70026.52793071697,96391.56764852851,SL,-5.385688008861539,0.24038308157026483,0.0,-5.504533127644456,5.266783437793082,-1.0451413453124623,16,721.4742949344956,,4
XRP,1,DONCHIAN_V2,2024-03-28 17:00:00+00:00,2024-03-29 07:00:00+00:00,0.6303260684251785,0.6135252607816184,316.7130670353734,199.6325023632869,0.6138321768700534,0.8942283333071791,SL,-5.321035317463253,0.1969719847045553,0.0,-5.418191050986165,5.223830981772496,-1.0372064237705716,14,716.0561038835094,,4
NEAR,-1,DONCHIAN_V2,2024-03-29 02:00:00+00:00,2024-03-31 14:00:00+00:00,7.103579019069672,7.360865404812225,20.595117806755585,146.29904674733717,7.357186811406522,3.0458543416800756,SL,-5.298843424442242,0.1489484684595583,0.0,-5.374642369528131,5.223082359888633,-1.029017350138574,60,710.6814615139813,,4
AVAX,-1,DONCHIAN_V2,2024-03-27 09:00:00+00:00,2024-04-06 15:00:00+00:00,54.419114305114746,47.75755705986053,2.7761090384749596,151.07339508823102,47.73369021475316,23.657412927881808,SL,18.49320927886858,0.14182679044879673,0.0,18.4269191859639,5.337364827012751,3.4524376322757746,246,729.1083806999452,,4
SUI,-1,DONCHIAN_V2,2024-05-03 11:00:00+00:00,2024-05-03 14:00:00+00:00,1.0811837199999998,1.1372466262959042,135.14836469330538,146.12021169102456,1.1366782871523282,0.44696009540196013,SL,-7.5768101058454915,0.14990861674394731,0.0,-7.653658616743926,7.5,-1.0204878155658568,3,992.1302995283313,,5
AVAX,1,DONCHIAN_V2,2024-05-03 13:00:00+00:00,2024-05-06 12:00:00+00:00,34.64392843780517,37.455579523130254,4.7573150856494815,164.8120833833316,37.47431668147099,52.658886386361644,SL,13.375910123799748,0.17150003844523148,0.0,13.286816127046183,7.498997731400752,1.7718122611785767,71,1005.1703187422941,,5
LINK,1,DONCHIAN_V2,2024-05-03 14:00:00+00:00,2024-05-07 00:00:00+00:00,13.934786560249329,14.369078661224112,12.657889718593227,176.38499153177105,14.376266794621422,20.652414781235997,SL,5.497221519794961,0.17913360229166853,0.0,5.406280413269179,7.440212254278903,0.7266298633026229,82,1010.4855412457244,,5
XRP,1,DONCHIAN_V2,2024-05-06 16:00:00+00:00,2024-05-07 00:00:00+00:00,0.5596118790149689,0.5361782361721804,325.43236930221957,182.11581967750837,0.5364464594018813,0.8243595317359702,SL,-7.626065911710656,0.17830278672165306,0.0,-7.713310788593555,7.538777390567205,-1.023151419518599,8,1002.772230457131,,5
BTC,1,DONCHIAN_V2,2024-05-03 14:00:00+00:00,2024-05-07 23:00:00+00:00,61680.63366,62245.90046489112,0.0033073252253901578,203.99791562176725,62277.03898438331,87393.17602103722,SL,1.869521162892104,0.20493267620321332,0.0,1.7665874444997742,7.440977246462484,0.23741336466787716,105,1004.4579128056957,,5
NEAR,1,DONCHIAN_V2,2024-05-03 15:00:00+00:00,2024-05-07 23:00:00+00:00,6.6453288534164425,7.124975110165816,17.03616502820867,113.21091901351923,7.128539379855743,11.636090429991697,SL,8.171332785144875,0.11729658540609167,0.0,8.110641659245543,7.439550810560659,1.0902058290578849,104,1012.5685544649413,,5
SOL,1,DONCHIAN_V2,2024-05-03 13:00:00+00:00,2024-05-08 04:00:00+00:00,141.9583786743164,147.01832410557688,0.8534291241322466,121.15141477525565,147.09187004059717,242.38619511032758,SL,4.318304797557588,0.12331056717403445,0.0,4.255569937771182,7.49945204920616,0.5674507830504293,111,1016.5199027296542,,5
SUI,-1,DONCHIAN_V2,2024-05-08 07:00:00+00:00,2024-05-10 04:00:00+00:00,1.05498896,1.061331686424021,125.02545216231987,131.90047175025558,1.0608012857811304,0.35808864194550716,SL,-0.7930022391051204,0.13229697286980813,0.0,-0.8593489760998008,7.623899270472406,-0.11271777677180042,45,1015.5946035176793,,5
AVAX,-1,DONCHIAN_V2,2024-05-07 23:00:00+00:00,2024-05-10 07:00:00+00:00,35.61587649841309,36.024090799783856,4.333221658697061,154.33148743640325,36.0060877559059,15.588415130812024,SL,-1.768883052089707,0.15521592896244812,0.0,-1.8469332373339535,7.593550069595652,-0.24322394932628666,56,1013.7476702803453,,5
SOL,1,DONCHIAN_V2,2024-05-10 07:00:00+00:00,2024-05-10 14:00:00+00:00,154.99099871520997,147.75452328299724,1.0615068130674734,164.5240011003274,147.8284375017481,236.84884115477414,SL,-7.681567973889201,0.16068321711338282,0.0,-7.75998919045242,7.6031075271025905,-1.020633887235002,7,1005.8051680470035,,5
AVAX,1,DONCHIAN_V2,2024-05-10 08:00:00+00:00,2024-05-10 14:00:00+00:00,36.023202040100095,34.63997211260486,5.565915113691911,200.5020846785704,34.65730076298635,51.633502349971444,SL,-7.698940359156702,0.19665261449899207,0.0,-7.7953419313164085,7.602490562098464,-1.0253668672973286,6,998.009826115687,,5
SUI,1,DONCHIAN_V2,2024-05-10 14:00:00+00:00,2024-05-10 15:00:00+00:00,1.09901976,1.0407712404689902,129.66134435010676,142.50037954893168,1.0412918864121963,1.7587668867177582,SL,-7.552581348794186,0.13872408887453458,0.0,-7.620055247894255,7.485073695867653,-1.018033429931508,1,990.3185206780183,,5
BTC,-1,DONCHIAN_V2,2024-05-08 00:00:00+00:00,2024-05-13 08:00:00+00:00,62318.0339,62735.72088843653,0.004231329806199256,263.68815430480566,62704.368704084496,41809.86764147115,SL,-1.7673714038330917,0.2645718400067222,0.0,-1.900099166687411,7.592971326517766,-0.25024448071487987,128,988.174687896355,,5
APT,-1,DONCHIAN_V2,2024-05-07 04:00:00+00:00,2024-05-13 14:00:00+00:00,8.936712704277038,8.469280341159621,18.106231813012187,161.8101918699311,8.465047817250996,4.189623063792919,SL,8.46343872350805,0.15757847250817708,0.0,8.386765346934839,7.520791728428482,1.1151439435868153,154,996.3934386473287,,5
DOGE,1,DONCHIAN_V2,2024-05-13 14:00:00+00:00,2024-05-14 16:00:00+00:00,0.14725944530367852,0.14542388774583295,998.411720466888,147.02555614064525,0.14549663606386487,0.23280046023098583,SL,-1.832642179344588,0.14610923505097295,0.0,-1.9052386363252383,7.472950789854965,-0.2549513157388549,26,994.4146872329331,,5
SUI,-1,DONCHIAN_V2,2024-05-14 18:00:00+00:00,2024-05-15 12:00:00+00:00,0.8968206000000001,0.945238788113438,155.55292414203788,139.50306676081692,0.9447664049109825,0.34886854387448685,SL,-7.531590742704526,0.14326886213216916,0.0,-7.605108071456287,7.458110154246999,-1.0197098077353524,18,986.7398276280965,,5
LINK,-1,DONCHIAN_V2,2024-05-07 23:00:00+00:00,2024-05-15 13:00:00+00:00,14.135171934700013,13.641604006968878,13.47162278993338,190.4237043751314,13.634786613662047,7.692622901367233,SL,6.649160943602951,0.18709912390332992,0.0,6.557273671887186,7.594264158487059,0.8634508274984125,182,993.2971012999836,,5
XRP,-1,DONCHIAN_V2,2024-05-10 15:00:00+00:00,2024-05-15 16:00:00+00:00,0.5002999267697334,0.515533438581729,495.9569604351979,248.1272309866691,0.5152758006813883,0.32914708206510557,SL,-7.555166215030974,0.2519048140941846,0.0,-7.683007413631824,7.427388905085137,-1.0344156623294194,121,985.4739407959322,,5
ETH,-1,DONCHIAN_V2,2024-05-10 16:00:00+00:00,2024-05-15 18:00:00+00:00,2917.606303417969,3009.6405045649694,0.08203300036914175,239.33999896529653,3008.136436346796,1882.9762128027992,SL,-7.5498416566655715,0.2431149197936293,0.0,-7.673286576976553,7.426458427968937,-1.033236320030828,122,977.8006542189556,,5
BTC,1,DONCHIAN_V2,2024-05-13 08:00:00+00:00,2024-05-16 17:00:00+00:00,62347.567019999995,64709.33036846208,0.005389611944510706,336.0291919221737,64741.70121907161,78063.1117393634,SL,12.728987952978837,0.34239368589866315,0.0,12.554608863041262,7.411310159222663,1.6939796869003327,81,990.13265788431,,5
NEAR,1,DONCHIAN_V2,2024-05-15 13:00:00+00:00,2024-05-18 14:00:00+00:00,7.4134825793266295,7.891792521142724,16.008829084099673,118.6811755303904,7.895740391338393,12.731349632989698,SL,7.65718210775952,0.12250976658427018,0.0,7.594012928940445,7.449122165979968,1.0194507164377289,73,997.6544654227735,,5
AVAX,1,DONCHIAN_V2,2024-05-15 13:00:00+00:00,2024-05-19 16:00:00+00:00,33.79975786743164,35.69410271679898,4.781839146389494,161.62500530897088,35.71195869614705,51.60457081357242,SL,9.05845235746607,0.16615423148770392,0.0,8.97311062863285,7.449728259749877,1.204488313636036,99,1006.3780902897882,,5
APT,-1,DONCHIAN_V2,2024-05-19 16:00:00+00:00,2024-05-20 16:00:00+00:00,8.248249884223938,8.528911040000125,27.307769857206015,225.24130956311345,8.524648715642304,5.089406096585471,SL,-7.664230249793558,0.22907342468801023,0.0,-7.780683019700012,7.547835677173412,-1.0308495511144724,24,998.4847866153066,,5
XRP,-1,DONCHIAN_V2,2024-05-19 13:00:00+00:00,2024-05-20 17:00:00+00:00,0.5138971985697747,0.521864229161995,970.9559122426258,498.9715232362454,0.5216034274482709,0.42582601138695986,SL,-7.7356354565342365,0.5028393409645124,0.0,-7.988989035880627,7.4824084906708,-1.0677028721221837,28,990.4288727606881,,5
LINK,1,DONCHIAN_V2,2024-05-15 19:00:00+00:00,2024-05-20 19:00:00+00:00,13.747748885536193,16.340727378768975,13.862077597072723,190.57236183637275,16.348901829683815,19.793059987131468,SL,35.94406908073352,0.2085443963767395,0.0,35.83081086527497,7.332550014016402,4.886541625598631,120,1026.0949206532596,,5
SOL,1,DONCHIAN_V2,2024-05-17 07:00:00+00:00,2024-05-21 15:00:00+00:00,166.83336305236816,176.13171500920777,0.865598932442346,144.4107809538962,176.2198249216686,264.87936374864734,SL,8.048643527313565,0.148435102717553,0.0,7.972413815072961,7.425994934132325,1.073581908658342,104,1033.9262521106903,,5
ETH,1,DONCHIAN_V2,2024-05-15 19:00:00+00:00,2024-05-21 19:00:00+00:00,3004.6007999999997,3680.45389489152,0.08474937287424954,254.63803353746843,3682.295042412726,3993.5341903591016,SL,57.27812594717702,0.2832770965110569,0.0,57.1221678674347,7.333504906642168,7.789204288347512,144,1091.048419978125,,5
BTC,1,DONCHIAN_V2,2024-05-20 17:00:00+00:00,2024-05-21 19:00:00+00:00,68208.639,69470.1744250971,0.0048311467614354986,329.525945406773,69504.92688854136,85780.84443518794,SL,6.094662783394007,0.33257327679847004,0.0,5.9268524792989234,7.428216545705161,0.7978836431102302,26,1096.975272457424,,5
XRP,1,DONCHIAN_V2,2024-05-20 20:00:00+00:00,2024-05-22 04:00:00+00:00,0.5341067794919014,0.5307053609190738,528.2927049774252,282.16471528455776,0.5309708463422449,0.7005883386166087,SL,-1.7969446185995501,0.28126624297525804,0.0,-1.9371285039325292,7.695711904899445,-0.2517153094958328,32,1095.0381439534913,,5
SUI,1,DONCHIAN_V2,2024-05-20 16:00:00+00:00,2024-05-23 13:00:00+00:00,1.11692334,1.0539063594830242,119.83780146953339,133.84963747560815,1.0544335762711599,1.8310920683296021,SL,-7.551816400402799,0.13007372927540675,0.0,-7.614965310940401,7.488635899614799,-1.0168694823755686,69,1087.3206789839185,,5
ETH,1,DONCHIAN_V2,2024-05-23 12:00:00+00:00,2024-05-23 13:00:00+00:00,3918.963567626953,3760.079091851224,0.05230957464324799,204.99931726495154,3761.9600718871675,5713.289233224505,SL,-8.311179345243836,0.20084372759232963,0.0,-8.40952341420369,8.212786079651185,-1.0239550053592608,1,1078.9111555697148,,5
LINK,-1,DONCHIAN_V2,2024-05-23 14:00:00+00:00,2024-05-24 02:00:00+00:00,15.97280463218689,17.011904255189954,7.851591291024688,125.41193374331738,17.003402553913,4.194542669602804,SL,-8.158585550477897,0.12949122651855632,0.0,-8.225370810124794,8.09183366677286,-1.0165027049308084,12,1070.3097366447614,,5
BTC,-1,DONCHIAN_V2,2024-05-23 19:00:00+00:00,2024-05-25 10:00:00+00:00,67401.0171,69481.15379957583,0.003955196863209089,266.58429141102215,69446.43058428369,44024.86299390068,SL,-8.227350149208425,0.2706979664856264,0.0,-8.36475596998854,8.090012997004438,-1.0339607579228653,39,1061.8816825375109,,5
NEAR,-1,DONCHIAN_V2,2024-05-23 14:00:00+00:00,2024-05-25 13:00:00+00:00,7.612477043628693,8.13909805579801,15.484277533376433,117.87370726000361,8.135030540527747,1.6404370790680556,SL,-8.154345907337321,0.12195088021367229,0.0,-8.217359933920992,8.091363372021323,-1.0155717344663255,47,1053.6643226035899,,5
NEAR,1,DONCHIAN_V2,2024-05-25 22:00:00+00:00,2024-05-26 16:00:00+00:00,8.214642897605895,7.871476237965393,23.295424395158335,191.36359255440252,7.875413944937861,12.091545213811992,SL,-7.994212974594355,0.18736648606710535,0.0,-8.085897664384259,7.902482419526923,-1.0232098263710299,18,1045.3990036587902,,5
DOGE,1,DONCHIAN_V2,2024-05-26 00:00:00+00:00,2024-05-26 21:00:00+00:00,0.17400479295551777,0.1657122380008504,962.4962935334974,167.47896827674947,0.1657951355686347,0.2678294488056099,SL,-7.981553407790193,0.16348819157285438,0.0,-8.061302115224672,7.901764806054845,-1.0201900857701534,21,1037.210507867368,,5
APT,-1,DONCHIAN_V2,2024-05-23 14:00:00+00:00,2024-05-27 03:00:00+00:00,8.726953944206238,9.267646456427133,15.093284670923742,131.7184001899455,9.263014948952657,2.6005424613900274,SL,-8.160826006386882,0.13579881319313894,0.0,-8.230765619485048,8.090921345619098,-1.0172840975572788,85,1028.8811320840005,,5
AVAX,-1,DONCHIAN_V2,2024-05-26 16:00:00+00:00,2024-05-27 15:00:00+00:00,36.877621321868894,38.03323649384523,6.898149698284983,254.38735239491777,38.01422937915565,23.887814952877388,SL,-7.971606449902113,0.25837315561986884,0.0,-8.102785929324524,7.840492527440926,-1.0334536894162705,23,1020.6469548057904,,5
BTC,1,DONCHIAN_V2,2024-05-27 16:00:00+00:00,2024-05-28 01:00:00+00:00,70422.28164,68989.7049229979,0.005475320750255742,385.58457994384594,69024.21703151366,86400.16287984392,SL,-7.8438170249348405,0.38166267143137855,0.0,-8.032687406394295,7.6548521610434275,-1.0493589212961842,9,1012.4214751094241,,5
ETH,1,DONCHIAN_V2,2024-05-27 03:00:00+00:00,2024-05-28 18:00:00+00:00,3915.112944140625,3798.2456605602724,0.06712008095813121,262.7826977709462,3800.1457334269858,5229.023923725077,SL,-7.844141535270152,0.25886062700331114,0.0,-7.97161081338799,7.716608490630004,-1.033045906510305,39,1004.3034435950343,,5
LINK,1,DONCHIAN_V2,2024-05-24 02:00:00+00:00,2024-05-31 15:00:00+00:00,16.94838869476318,17.68442567902651,7.469516825712699,126.59627452425246,17.693272315184103,29.230419341477404,SL,5.497840638301769,0.12934519484340334,0.0,5.431793580720492,8.02732302483571,0.6766631371274188,181,1009.6348933128487,,5
LINK,-1,DONCHIAN_V2,2024-05-31 16:00:00+00:00,2024-05-31 20:00:00+00:00,17.565486444091796,18.2871341576763,10.627605711701966,186.6790640620534,18.27799516009625,9.42252968975517,SL,-7.669387362727323,0.1905137577434171,0.0,-7.766561588439713,7.572261699846365,-1.025659425980654,4,1001.774992192378,,5
SOL,-1,DONCHIAN_V2,2024-06-02 18:00:00+00:00,2024-06-03 08:00:00+00:00,162.31753610229492,166.1391607567577,2.009661182841314,326.2032515992257,166.05613269041248,119.59071795237989,SL,-7.6801707234631715,0.33004333696095733,0.0,-7.847112434624516,7.513312441442835,-1.0444278067474562,14,993.7647781319539,,5
BTC,-1,DONCHIAN_V2,2024-05-28 04:00:00+00:00,2024-06-03 13:00:00+00:00,68059.98528000001,69859.64274838554,0.004302695641188136,292.84140200358473,69824.73038319395,47891.46981492638,SL,-7.74337834485409,0.29671309117601175,0.0,-7.8936707350283095,7.5931610633206805,-1.039576359463684,153,985.8711073969256,,5
NEAR,-1,DONCHIAN_V2,2024-05-26 21:00:00+00:00,2024-06-04 16:00:00+00:00,7.839431880092621,7.42627400698214,25.15747706996062,197.2203277649484,7.42256272561933,4.305541833409083,SL,10.394009719050644,0.19202332290542307,0.0,10.300596560027694,7.77907880900526,1.3241409186012436,211,995.8690023511285,,5
AVAX,-1,DONCHIAN_V2,2024-05-30 00:00:00+00:00,2024-06-05 01:00:00+00:00,36.182760626983644,36.356197548374524,5.546501215902231,200.68772581226415,36.33802853410747,20.662498581184604,SL,-0.9619680953768591,0.2011687098599526,0.0,-1.0627929423306797,7.532275826962757,-0.14109851613854535,145,994.660947221611,,5
SUI,-1,DONCHIAN_V2,2024-05-23 14:00:00+00:00,2024-06-05 08:00:00+00:00,1.07088578,1.0881450167669633,103.19298203108345,110.50789705288278,1.087601216158884,0.1748749696988089,SL,-1.7810321095634567,0.11139841310766452,0.0,-1.8371765741446797,8.090427401618385,-0.22708028673209235,306,992.7082849715581,,5
SOL,1,DONCHIAN_V2,2024-06-04 16:00:00+00:00,2024-06-06 19:00:00+00:00,167.97359044189452,169.16316284020974,1.729583642342161,290.52437437378234,169.2477867335765,217.3266243812839,SL,2.0574649615077396,0.2915531068545362,0.0,1.9111740418400947,7.469017517633464,0.2558802462744316,51,994.5054627596346,,5
NEAR,1,DONCHIAN_V2,2024-06-05 01:00:00+00:00,2024-06-07 12:00:00+00:00,7.476494904613495,7.231400126691619,30.892999294875437,230.9713518163645,7.235017635509373,10.236235122946315,SL,-7.5717128015181725,0.2271854954156054,0.0,-7.683412621025596,7.459957104162082,-1.0299539948746947,59,986.6046017356141,,5
BTC,1,DONCHIAN_V2,2024-06-03 13:00:00+00:00,2024-06-07 17:00:00+00:00,69772.75176,69999.56892517359,0.005640522436106239,393.55477173115105,70034.58621828273,84754.20759748686,SL,1.27936730905565,0.3941944553856789,0.0,1.0819502395355467,7.394033305476941,0.14632747714756975,100,987.6865519751497,,5
SUI,1,DONCHIAN_V2,2024-06-05 08:00:00+00:00,2024-06-07 17:00:00+00:00,1.0805160600000001,1.1208724955553273,211.00334920270473,227.99250752731066,1.121433212161408,1.4837763963430408,SL,8.515343064057154,0.23225017905933926,0.0,8.39708913876147,7.4453121372866855,1.1278357419977347,57,996.0836411139111,,5
XRP,-1,DONCHIAN_V2,2024-06-06 20:00:00+00:00,2024-06-07 20:00:00+00:00,0.5198959809303284,0.5020150658058277,836.5073436645077,434.8968059898826,0.5017641837139707,0.4179921231519017,SL,14.957516813086634,0.42741804758333923,0.0,14.747547168498237,7.458790970697259,1.9772034404014962,24,1010.4402674973624,,5
NEAR,-1,DONCHIAN_V2,2024-06-10 08:00:00+00:00,2024-06-10 15:00:00+00:00,6.351729563999176,6.5539537809951085,38.09170522087133,241.9482101945502,6.550678441774222,4.078028103712938,SL,-7.70306526233058,0.24579974282571548,0.0,-7.82789090005902,7.578302006230216,-1.0329346723875104,7,1002.491402492206,,5
BTC,1,DONCHIAN_V2,2024-06-10 16:00:00+00:00,2024-06-11 01:00:00+00:00,70062.70973999999,69156.5544700884,0.008585092465413452,601.4948414953236,69191.15004511096,80023.39196730318,SL,-7.7794267802126456,0.5976051281052173,0.0,-8.0762844875702,7.482420569749864,-1.0793678880095603,9,994.1143705838881,,5
ETH,-1,DONCHIAN_V2,2024-06-07 18:00:00+00:00,2024-06-12 10:00:00+00:00,3722.9752267089843,3560.8931047599576,0.08555087057477348,318.5037717732683,3559.113547985965,2724.9889147504073,SL,13.866266637345836,0.3115706384545953,0.0,13.713947884777875,7.470627308354333,1.8357157061551839,112,1007.7517270144717,,5
LINK,-1,DONCHIAN_V2,2024-06-03 15:00:00+00:00,2024-06-12 12:00:00+00:00,17.86742608985901,15.665462347099707,11.856684832651938,211.84843991816084,15.657633530334541,10.741794234389648,SL,26.10799011082371,0.198794444862749,0.0,26.015119885920043,7.392557475082949,3.519096060274883,213,1033.7668469003918,,5
SOL,-1,DONCHIAN_V2,2024-06-07 18:00:00+00:00,2024-06-12 12:00:00+00:00,165.48690027160646,153.74319577808726,1.469251994865313,243.14195834813492,153.66636259678887,107.3859428140386,SL,17.25446125421183,0.234514727721029,0.0,17.14151750566487,7.469432919210183,2.2948887406940406,114,1050.9083644060568,,5
DOGE,-1,DONCHIAN_V2,2024-06-07 18:00:00+00:00,2024-06-12 12:00:00+00:00,0.15591880492269994,0.14308086605151726,1412.2468427194328,220.19583997267014,0.14300936137083187,0.09547998877770238,SL,18.130338637852812,0.21113067065374375,0.0,18.029305887185405,7.468521136866378,2.414039614641848,114,1068.9376702932423,,5
SUI,-1,DONCHIAN_V2,2024-06-11 01:00:00+00:00,2024-06-12 13:00:00+00:00,1.0272945,1.0401073232762814,149.11294510832153,153.1829083885806,1.0395875295115258,0.45584979323088126,SL,-1.910557813878775,0.15413818729552,0.0,-1.9881045469800047,7.45585777937916,-0.26665000940315037,36,1066.9495657462624,,5
AVAX,1,DONCHIAN_V2,2024-06-12 17:00:00+00:00,2024-06-13 03:00:00+00:00,33.66673184738159,32.17736340026681,5.4315315026355675,182.86191461983725,32.19346013033198,50.5041228993772,SL,-8.089551639535332,0.1788171388000696,0.0,-8.176937821025483,8.002121743096968,-1.021846215733886,10,1058.681196967927,,5
XRP,-1,DONCHIAN_V2,2024-06-14 16:00:00+00:00,2024-06-15 16:00:00+00:00,0.47410517029762267,0.48578463938264527,694.1560997414591,329.102995881058,0.48554186844842107,0.3434000485742123,SL,-8.107374707110235,0.3331566832346131,0.0,-8.275979892404319,7.9388537822785725,-1.0424653381169826,24,1049.8729920122696,,5
SOL,-1,DONCHIAN_V2,2024-06-14 15:00:00+00:00,2024-06-16 22:00:00+00:00,145.07098610229494,151.05920672039363,1.3428840216853533,194.81350924690983,150.98371486296216,77.49694312324092,SL,-8.041485786371526,0.1988342521400956,0.0,-8.142913283888166,7.940108977259452,-1.0255417535463993,55,1041.5777957730952,,5
ETH,1,DONCHIAN_V2,2024-06-16 23:00:00+00:00,2024-06-17 06:00:00+00:00,3629.6156705566405,3554.400706179616,0.10637480789463016,386.09966968680186,3556.1787955774043,4468.894241747908,SL,-8.000977386407426,0.3820991809935982,0.0,-8.190026732557623,7.811833468298214,-1.0484128682202691,7,1033.1947192056941,,5
XRP,1,DONCHIAN_V2,2024-06-15 20:00:00+00:00,2024-06-17 16:00:00+00:00,0.4941988244354725,0.4975239096702578,616.2821429619411,304.56591057236506,0.4977727960682919,0.6402181674080776,SL,2.0491906540245983,0.3055905058993773,0.0,1.8958831034114034,7.874047440092021,0.24077618503518275,44,1034.9732446964124,,5
APT,-1,DONCHIAN_V2,2024-06-17 07:00:00+00:00,2024-06-18 21:00:00+00:00,7.666366505432129,6.869146744058287,30.616228068404567,234.71522538628778,6.86571388711473,4.773797663750419,SL,24.40786203486062,0.22251129436885747,0.0,24.302708353184908,7.748960394042705,3.1362540414929074,38,1059.1871068247297,,5
NEAR,-1,DONCHIAN_V2,2024-06-14 15:00:00+00:00,2024-06-19 02:00:00+00:00,5.695860626697541,4.903032318070344,24.562601069455436,139.9051523207901,4.9005820270568154,2.0017993507649967,SL,19.47392546138093,0.13016818959009965,0.0,19.413709847951225,7.9393784265997756,2.445243041055747,107,1078.6008166726808,,5
DOGE,-1,DONCHIAN_V2,2024-06-14 16:00:00+00:00,2024-06-19 02:00:00+00:00,0.13940211537778377,0.1251511376093336,1604.995369241416,223.73974964380054,0.12508859331267727,0.08288129616786793,SL,22.87275332552488,0.21230337298103807,0.0,22.77231982736574,7.93761964604402,2.8689104344669745,106,1101.3731365000465,,5
SOL,-1,DONCHIAN_V2,2024-06-17 16:00:00+00:00,2024-06-19 02:00:00+00:00,141.22175000000001,140.21179931736216,1.2582512944039974,177.69244973549775,140.1417284531356,70.71755676205838,SL,1.2707717537132757,0.17705706385864112,0.0,1.1825609147223834,7.762299335223092,0.1523467291909577,34,1102.555697414769,,5
AVAX,-1,DONCHIAN_V2,2024-06-14 16:00:00+00:00,2024-06-19 17:00:00+00:00,30.693860762786866,27.56345475813147,5.7629999947107935,176.88871941359454,27.549679918172387,14.954477744483702,SL,18.040529788271677,0.1678684545194587,0.0,17.961105693459015,7.936780621982855,2.263021563643997,121,1120.516803108228,,5
ETH,1,DONCHIAN_V2,2024-06-20 08:00:00+00:00,2024-06-20 14:00:00+00:00,3608.001485302734,3512.3975484932976,0.0895488252712612,323.09229458582547,3514.1546258062003,4680.537022405979,SL,-8.561220232592937,0.318811684469529,0.0,-8.718485769769554,8.40387602331171,-1.037436266977897,6,1111.5570083248497,,5
SUI,1,DONCHIAN_V2,2024-06-20 12:00:00+00:00,2024-06-21 08:00:00+00:00,0.9171834,0.868438360658138,173.93002602478322,159.52573263149915,0.8688727970566662,1.4693045764952428,SL,-8.478225961309144,0.1552866196508446,0.0,-8.553749714644239,8.402664427207013,-1.0179806403963993,20,1102.7817575735478,,5
SOL,-1,DONCHIAN_V2,2024-06-21 08:00:00+00:00,2024-06-24 23:00:00+00:00,131.39371416931152,131.484442801094,1.4216932778366183,186.8015601844962,131.4187334343768,64.91610534290663,SL,-0.1289882859124492,0.18686605432745243,0.0,-0.22245356014765355,8.269692339575824,-0.02689985927083036,87,1102.0640571135277,,5
LINK,-1,DONCHIAN_V2,2024-06-21 18:00:00+00:00,2024-06-25 02:00:00+00:00,14.024195027160644,13.91110659403192,11.61550348229446,162.8980861743611,13.904154516773534,5.889491059703186,SL,1.313579088813911,0.16224129662995418,0.0,1.2327868352711373,8.267759697875718,0.14910772450097748,80,1103.2968439487988,,5
BTC,-1,DONCHIAN_V2,2024-06-21 04:00:00+00:00,2024-06-25 03:00:00+00:00,64489.69948,60912.89137995725,0.006869346219434808,443.0020733154249,60882.450154879814,50619.920325512736,SL,24.5703331996725,0.43071690671558865,0.0,24.361117329614626,8.336677562436373,2.9221613942923264,95,1127.6579612784135,,5
ETH,-1,DONCHIAN_V2,2024-06-21 08:00:00+00:00,2024-06-25 03:00:00+00:00,3474.005011181641,3380.3893627197203,0.08987453746831128,312.22459354254556,3378.700012713364,2422.2705231739615,SL,8.413663105311132,0.30801776198988995,0.0,8.261757640092515,8.270863181801609,0.9988990820535965,91,1135.919718918506,,5
APT,1,DONCHIAN_V2,2024-06-25 15:00:00+00:00,2024-06-26 15:00:00+00:00,7.079115678119659,6.779419558152285,28.750352742818798,203.5270728531591,6.782810963634102,10.465455272240305,SL,-8.616369164716136,0.19921888827080103,0.0,-8.713824516560358,8.518865060819977,-1.022885613793443,24,1126.8397464938503,,5
LINK,1,DONCHIAN_V2,2024-06-25 19:00:00+00:00,2024-06-27 06:00:00+00:00,14.195838439750672,13.64234144896905,15.580594676268671,221.17960481954947,13.649166031985041,20.4435230999293,SL,-8.623812267902856,0.21686769868559805,0.0,-8.73009016417868,8.517481206096154,-1.024961482501465,35,1118.0179019969528,,5
LINK,-1,DONCHIAN_V2,2024-06-27 06:00:00+00:00,2024-06-27 13:00:00+00:00,13.715256811904908,14.107269966465346,21.781660296741148,298.7410647594777,14.100219856537079,9.31567915896582,SL,-8.538697364489337,0.30301041344172236,0.0,-8.692337245551322,8.385134264977145,-1.036636620340988,7,1109.176194219022,,5
ETH,1,DONCHIAN_V2,2024-06-27 14:00:00+00:00,2024-06-28 16:00:00+00:00,3462.092182324219,3381.3207187621347,0.10519506743462236,364.19502058447506,3383.012224874572,4365.863124605896,SL,-8.496759556206584,0.35994664080637173,0.0,-8.674608686720719,8.318821456642665,-1.0427689465307557,26,1100.3194880220087,,5
SOL,1,DONCHIAN_V2,2024-06-25 04:00:00+00:00,2024-06-28 21:00:00+00:00,135.7871465057373,139.6323869468657,1.0464045285196721,142.08828501836769,139.70223806589863,228.8339029772634,SL,4.023677010843736,0.14410012352378954,0.0,3.95062102982913,8.519397891888795,0.46372068542431427,89,1104.1739563602623,,5
DOGE,1,DONCHIAN_V2,2024-06-25 16:00:00+00:00,2024-06-30 02:00:00+00:00,0.1270954088062048,0.12049370552020786,1302.178064919062,165.5008534993609,0.12055398251146358,0.20185456646038993,SL,-8.596593210129303,0.16120255689429625,0.0,-8.675045340273918,8.518101834296775,-1.0184247041219012,106,1095.3560500983772,,5
ETH,-1,DONCHIAN_V2,2024-06-30 03:00:00+00:00,2024-06-30 17:00:00+00:00,3362.8273,3414.9551391048926,0.16293082982212626,547.9082425375003,3413.248514847469,2786.5848446003574,SL,-8.493232082194451,0.5521548585785976,0.0,-8.771432819504298,8.215170375737829,-1.0677116137979683,14,1086.310663157604,,5
LINK,-1,DONCHIAN_V2,2024-06-29 15:00:00+00:00,2024-06-30 20:00:00+00:00,13.701259672927856,14.105423425989017,20.85369156143511,285.7218432223668,14.098374238869583,9.162807490736691,SL,-8.428306246649468,0.2899359963456915,0.0,-8.575381321383976,8.281304672701967,-1.0355109080398148,29,1077.5974134070693,,5
XRP,-1,DONCHIAN_V2,2024-06-21 09:00:00+00:00,2024-07-01 11:00:00+00:00,0.485802834635973,0.4824602987376296,676.3434389799918,328.56955984392226,0.48221918914305806,0.3460768339572006,SL,2.260702224399675,0.32743920873172244,0.0,2.0975477955899136,8.268991833725133,0.25366427223147714,242,1079.5940435003351,,5
AVAX,1,DONCHIAN_V2,2024-06-26 20:00:00+00:00,2024-07-02 05:00:00+00:00,26.527303759002685,28.440032054274766,6.917727753446946,183.50866543777036,28.454259183866697,40.48944095601226,SL,13.231733613006945,0.19012453224427384,0.0,13.133363413481556,8.451298098703877,1.5540054628407605,129,1092.5911048138128,,5
NEAR,1,DONCHIAN_V2,2024-06-30 20:00:00+00:00,2024-07-03 03:00:00+00:00,5.302060318279266,5.3153744148719415,38.067353544111995,201.8354046481438,5.318033431587735,7.728430527353997,SL,0.5068324221138337,0.2020888208592007,0.0,0.4056613035787049,8.08198060055302,0.05019330330376529,55,1092.7746029231994,,5
LINK,1,DONCHIAN_V2,2024-07-01 18:00:00+00:00,2024-07-03 03:00:00+00:00,14.52090324897766,14.082555098234472,18.77322610952301,272.6042000075649,14.089599898183563,19.450084400910196,SL,-8.229208948593147,0.26848959553326834,0.0,-8.361396444122633,8.096955326252512,-1.0326593277614773,33,1084.4132064790767,,5
XRP,1,DONCHIAN_V2,2024-07-02 11:00:00+00:00,2024-07-03 03:00:00+00:00,0.4862972448170185,0.4770901049286667,913.6929997441977,444.32638838420013,0.47732876931332335,0.5887941077163918,SL,-8.412499263652624,0.4401201387523739,0.0,-8.630456208212898,8.194433286103596,-1.0532096493907304,16,1075.7827502708637,,5
SOL,1,DONCHIAN_V2,2024-06-30 18:00:00+00:00,2024-07-03 04:00:00+00:00,144.04880827331542,149.14303409524638,1.9141904858969454,275.7368583015736,149.21764291670473,192.69200404844003,SL,9.751318601350794,0.280612517602249,0.0,9.608574512899333,8.14732997368203,1.1793525662931903,58,1085.2541635676832,,5
AVAX,-1,DONCHIAN_V2,2024-07-03 08:00:00+00:00,2024-07-05 10:00:00+00:00,27.843431130599978,23.57821404684222,8.094218240211417,225.37080812737273,23.56643083142651,16.35515856544593,SL,34.52359791781339,0.20810900916846603,0.0,34.42817431270861,8.13650121772164,4.2313241762592755,50,1119.1823179381968,,5
SUI,-1,DONCHIAN_V2,2024-06-28 17:00:00+00:00,2024-07-05 11:00:00+00:00,0.80853826,0.6324262038651943,237.84326934785665,192.30538315122735,0.632110148790799,0.41200360408178716,SL,41.887067202675425,0.17136184954988964,0.0,41.81185804470115,8.252396160165064,5.066632434168651,162,1160.994175982898,,5
APT,-1,DONCHIAN_V2,2024-07-03 03:00:00+00:00,2024-07-05 11:00:00+00:00,6.821335483646393,5.525813228980766,40.21535560267907,274.3224321600125,5.523051703129202,4.52843147617632,SL,52.09988816256272,0.24827248807873115,0.0,51.988776890564,8.068370627031477,6.443528599985963,56,1212.982952873462,,5
BTC,-1,DONCHIAN_V2,2024-07-03 04:00:00+00:00,2024-07-05 11:00:00+00:00,60977.802,55650.10978629514,0.006227289110928008,379.7264024029241,55622.29863697666,46040.03633798529,SL,33.17707970878021,0.36313786254853403,0.0,33.00380504743314,8.139406226757623,4.054817283714857,55,1245.9867579208951,,5
ETH,-1,DONCHIAN_V2,2024-07-03 04:00:00+00:00,2024-07-05 11:00:00+00:00,3360.2577456542967,2942.4930010457606,0.1175334464656486,394.94267385964037,2941.0224898008605,2568.9467252022027,SL,49.101330245682746,0.370392008736799,0.0,48.92840957387577,8.137982252748614,6.012351471686994,55,1294.915167494771,,5
SOL,1,DONCHIAN_V2,2024-07-06 10:00:00+00:00,2024-07-07 23:00:00+00:00,139.90798088378907,131.61304801228357,1.1801863524149785,165.11748963298356,131.67888745601158,233.95476291553163,SL,-9.789566569149173,0.16022270634840896,0.0,-9.86723053068109,9.711863756210782,-1.015997627064213,37,1284.8816436483162,,5
AVAX,1,DONCHIAN_V2,2024-07-06 17:00:00+00:00,2024-07-08 00:00:00+00:00,26.551308726882933,24.999138643900398,6.307378051951066,167.4691419145182,25.011644466133465,44.14747170687684,SL,-9.790123514299104,0.16257408015736863,0.0,-9.868963023499214,9.711244565624659,-1.0162408079426646,31,1274.877944122953,,5
XRP,-1,DONCHIAN_V2,2024-07-07 23:00:00+00:00,2024-07-08 08:00:00+00:00,0.4204159102499485,0.43566811046340576,640.967663587602,269.4730037279645,0.4354503852707704,0.24859333858341254,SL,-9.776167135390015,0.2743610872956595,0.0,-9.915791720821693,9.636612327362371,-1.0289706988281155,9,1264.4860062135356,,5
BTC,-1,DONCHIAN_V2,2024-07-08 00:00:00+00:00,2024-07-08 08:00:00+00:00,55858.826,57492.03865868422,0.005959300577596899,332.8795340456847,57463.30700518163,37521.90022649565,SL,-9.732805140235442,0.33774593661580243,0.0,-9.904111309828401,9.561584580922148,-1.0358232180040203,8,1254.5818949037073,,5
SOL,-1,DONCHIAN_V2,2024-07-08 00:00:00+00:00,2024-07-08 08:00:00+00:00,131.6236638977051,138.5919288222005,1.3857560960666941,182.39829463287847,138.52266748845628,52.77790857483427,SL,-9.656315598127224,0.18722645243194208,0.0,-9.752342903242726,9.560336282669477,-1.0200836680736125,8,1244.8295520004644,,5
DOGE,-1,DONCHIAN_V2,2024-07-08 00:00:00+00:00,2024-07-08 08:00:00+00:00,0.10412916723489761,0.10999502779358855,1645.1268940665245,171.30569347488083,0.10994005776470621,0.03771898975137071,SL,-9.650084961946556,0.1761307359558541,0.0,-9.74056285116497,9.559652289064601,-1.0189243872716285,8,1235.0889891492996,,5
ETH,-1,DONCHIAN_V2,2024-07-08 01:00:00+00:00,2024-07-08 08:00:00+00:00,2886.6425267089844,2991.986191029653,0.09204771722827478,265.7088550376212,2990.490945556875,1699.803454161662,SL,-9.696643825179214,0.2705571769502108,0.0,-9.834346574610613,9.559009892714071,-1.0288038913011697,7,1225.254642574689,,5
BTC,1,DONCHIAN_V2,2024-07-10 05:00:00+00:00,2024-07-10 19:00:00+00:00,59350.46772,57347.41127994131,0.004653553329666753,276.19056667568515,57376.09932960611,81914.67789593013,SL,-9.32132996614554,0.2715299016926124,0.0,-9.45476458450031,9.187828597106261,-1.0290532180234753,14,1215.3252563494668,,5
LINK,1,DONCHIAN_V2,2024-07-08 09:00:00+00:00,2024-07-11 20:00:00+00:00,13.441687929725648,12.516645102743894,10.001737173084283,134.44022983573532,12.522906556021905,23.942046486339848,SL,-9.252035229318379,0.12981421222107614,0.0,-9.314629326621587,9.189409819310166,-1.013626501567956,83,1205.8208738179314,,5
LINK,-1,DONCHIAN_V2,2024-07-11 21:00:00+00:00,2024-07-13 07:00:00+00:00,12.451509672927857,13.028925881499543,15.840913171328355,197.2432835808053,13.022414674162462,5.926881087389512,SL,-9.146800023701696,0.20181668359265614,0.0,-9.24999506550395,9.043656553634486,-1.0228158279392574,34,1196.472257110637,,5
XRP,1,DONCHIAN_V2,2024-07-11 02:00:00+00:00,2024-07-13 19:00:00+00:00,0.4429885820031166,0.5645845433528791,856.695692045935,379.50640982760734,0.5258204524408031,0.5645845433528791,TP,104.17073625852557,0.43159177795687015,0.0,103.9288976854825,9.114939422621001,11.402039318830463,65,1300.251962905646,,5
XRP,1,DONCHIAN_V2,2024-07-13 20:00:00+00:00,2024-07-13 21:00:00+00:00,0.5609121759295463,0.5271994839346674,291.54537566886586,163.53135104862056,0.5274632155424386,0.9431860089250631,SL,-9.828779452455741,0.1586169613223927,0.0,-9.905630738253823,9.751889721792345,-1.015765253796699,1,1290.2645664918678,,5
DOGE,1,DONCHIAN_V2,2024-07-13 16:00:00+00:00,2024-07-16 06:00:00+00:00,0.11078215532898902,0.1218754931921995,2693.4281975376352,298.3837809470932,0.12193646142291094,0.148858078417993,SL,29.87910900558298,0.3133233354498847,0.0,29.71497756060664,8.973541928329777,3.3113989768962298,62,1319.7576401529461,,5
BTC,1,DONCHIAN_V2,2024-07-13 23:00:00+00:00,2024-07-16 06:00:00+00:00,59478.693360000005,63165.35853635775,0.007461626575595091,443.80779905664735,63196.957014865184,74300.40878342063,SL,27.508518855231927,0.45756205848426335,0.0,27.272860696275988,9.676984248689008,2.8183223197837473,55,1347.030500849222,,5
XRP,1,DONCHIAN_V2,2024-07-16 15:00:00+00:00,2024-07-18 05:00:00+00:00,0.5787157094120979,0.5859032967271891,275.75853066852744,159.58579370227463,0.5861963949246514,0.9974144779895782,SL,1.9820385170612873,0.16057681296080528,0.0,1.9012546009516194,10.102728756369164,0.18819218518095843,38,1348.758253297042,,5
SUI,1,DONCHIAN_V2,2024-07-09 19:00:00+00:00,2024-07-18 14:00:00+00:00,0.72804558,0.8272036474408605,195.97066797999244,142.675578632481,0.8276174561689449,1.2638904140538232,SL,19.43207271199058,0.1523916149884763,0.0,19.351018886318343,9.188363630526132,2.1060353795782776,211,1368.1092721833604,,5
AVAX,1,DONCHIAN_V2,2024-07-16 16:00:00+00:00,2024-07-18 15:00:00+00:00,28.46469143371582,26.916937979821363,6.58424536228724,187.41851256138074,26.930403181412068,45.999414317187295,SL,-10.190788500768644,0.1823231183109964,0.0,-10.27940236279895,10.102130309642781,-1.0175479871791948,47,1357.8298698205615,,5
SUI,-1,DONCHIAN_V2,2024-07-18 19:00:00+00:00,2024-07-19 15:00:00+00:00,0.80063984,0.8442306959105939,235.8624295080612,188.8408578233454,0.8438087915148365,0.30728039411615443,SL,-10.281445179408498,0.19398158041304964,0.0,-10.381006330909875,10.181933783605027,-1.019551546055563,20,1347.1157443875154,,5
LINK,-1,DONCHIAN_V2,2024-07-18 16:00:00+00:00,2024-07-19 16:00:00+00:00,13.528293937301637,14.091617526464821,18.3067883018769,247.65961319574578,14.0845752388454,7.170793348230063,SL,-10.312645692263894,0.25281593604187774,0.0,-10.4416318217079,10.18372402365421,-1.0253254897181654,24,1336.490184105318,,5
AVAX,-1,DONCHIAN_V2,2024-07-18 16:00:00+00:00,2024-07-19 17:00:00+00:00,26.880622479629515,28.086103524925697,8.546592751983118,229.7377332531961,28.072067491180107,13.264108061908487,SL,-10.30275556438138,0.2348891110353868,0.0,-10.422775808790169,10.182795300104727,-1.0235672525679635,25,1326.0674082965277,,5
DOGE,1,DONCHIAN_V2,2024-07-19 17:00:00+00:00,2024-07-21 18:00:00+00:00,0.12443488542437553,0.1280508802534195,1854.5258282003292,230.7677089486531,0.12811493772228064,0.18572436383591748,SL,6.705955805100902,0.23412068685120357,0.0,6.587218972724025,9.945505562223957,0.6623312340947531,49,1332.4549706455573,,5
NEAR,1,DONCHIAN_V2,2024-07-19 17:00:00+00:00,2024-07-21 18:00:00+00:00,6.386277228927612,6.00646495743365,26.391829292443283,168.54553844007526,6.009469692279789,10.6926490763313,SL,-10.023940632443763,0.1635335681238534,0.0,-10.103201431347578,9.944640183315398,-1.015944392668747,49,1322.3517692142098,,5
SOL,1,DONCHIAN_V2,2024-07-09 07:00:00+00:00,2024-07-23 13:00:00+00:00,142.63852261047364,172.78495534368122,1.0133549006347797,144.5434459066283,172.8713910392008,246.27059141132773,SL,30.549035346852634,0.15981796358005462,0.0,30.461489106225894,9.188905668448282,3.315029036680696,342,1352.6694435741565,,5
DOGE,1,DONCHIAN_V2,2024-07-21 21:00:00+00:00,2024-07-23 13:00:00+00:00,0.14096818364560604,0.13086033557943252,987.522538558107,139.2092585696343,0.13092579847867186,0.2557382998391394,SL,-9.981727781667322,0.13421839467880065,0.0,-10.046341547061306,9.917081693229116,-1.0130340616151667,40,1342.6231020270952,,5
BTC,1,DONCHIAN_V2,2024-07-19 15:00:00+00:00,2024-07-23 16:00:00+00:00,65759.1492,65873.00969466382,0.005594003655070915,367.85692097915364,65905.96267600181,86400.3698577617,SL,0.6369360233176053,0.3681753889908125,0.0,0.4526890948163697,10.103368082906366,0.044805760920683765,97,1343.0757911219116,,5
AVAX,1,DONCHIAN_V2,2024-07-21 20:00:00+00:00,2024-07-23 16:00:00+00:00,31.74734742164612,29.611134290702637,4.6750436191521185,148.42023398857214,29.6259472643348,55.991920648061175,SL,-9.986889566966292,0.143426789205089,0.0,-10.056106239177096,9.917638269106574,-1.0139617887155503,44,1333.0196848827345,,5
ETH,1,DONCHIAN_V2,2024-07-10 05:00:00+00:00,2024-07-23 17:00:00+00:00,3119.6838706054687,3395.71456119926,0.08058299200179057,251.39346039311553,3397.4132678331766,4422.588069727231,SL,22.24337893236822,0.2625151498592997,0.0,22.106560512705478,9.186792882481226,2.4063414507647853,324,1355.12624539544,,5
NEAR,-1,DONCHIAN_V2,2024-07-23 17:00:00+00:00,2024-07-26 04:00:00+00:00,5.707858310604095,5.649262601287862,29.463178572532087,168.17164867203977,5.646439381597064,1.7661755289817558,SL,1.7264158471683495,0.16730844074845558,0.0,1.6431932307559138,10.161769071231234,0.16170346120223525,59,1356.2896605136154,,5
LINK,-1,DONCHIAN_V2,2024-07-23 17:00:00+00:00,2024-07-26 06:00:00+00:00,13.519295912742615,13.45984316233054,15.103305802486178,204.1860604044532,13.453116604028526,5.829373188456927,SL,0.897933070272468,0.20373709386931696,0.0,0.7962890066053777,10.16253476895775,0.0783553537290425,61,1357.0859495202208,,5
SUI,-1,DONCHIAN_V2,2024-07-23 17:00:00+00:00,2024-07-26 09:00:00+00:00,0.8019395800000001,0.7811430926937938,220.47115510411732,176.8045455263107,0.780752716335626,0.27524876812776855,SL,4.585025578507419,0.174512032737057,0.0,4.498915818533517,10.16051152166717,0.4427843823551238,64,1361.5848653387543,,5
APT,-1,DONCHIAN_V2,2024-07-23 17:00:00+00:00,2024-07-27 03:00:00+00:00,6.951009727478027,7.049027410575694,24.050448539067027,167.1749017452646,7.045504658246571,2.1225219707441827,SL,-2.3573692432590176,0.16835358636689413,0.0,-2.4421353787532794,10.161138427548714,-0.24034072522151667,82,1358.6958674089346,,5
ETH,-1,DONCHIAN_V2,2024-07-23 17:00:00+00:00,2024-07-27 12:00:00+00:00,3402.9491568359376,3299.6371671691263,0.07147302460421781,243.21906881343722,3297.988173082585,1777.8090592962938,SL,7.384020379366701,0.23952705862375387,0.0,7.266102855149666,10.1634468404658,0.714925061271502,91,1365.8396905004133,,5
LINK,1,DONCHIAN_V2,2024-07-27 13:00:00+00:00,2024-07-27 19:00:00+00:00,13.699738949775696,13.377953992908067,32.5104321169064,445.38443314602137,13.3846463160661,17.300797620742514,SL,-10.461367996486727,0.44015374914777805,0.0,-10.678829529061494,10.243797678753097,-1.0424678292124714,6,1354.9381687547789,,5
AVAX,1,DONCHIAN_V2,2024-07-27 03:00:00+00:00,2024-07-27 20:00:00+00:00,28.846767803192137,27.630968593659084,8.477883172579068,244.55952734197825,27.64479098915366,42.58364567791761,SL,-10.3074036597352,0.23940582551211065,0.0,-10.424529721576322,10.190219005567009,-1.0229936879552153,17,1344.5136390332025,,5
NEAR,-1,DONCHIAN_V2,2024-07-28 15:00:00+00:00,2024-07-29 03:00:00+00:00,5.457908310604096,5.680442763402964,45.89523935371072,250.4920082857819,5.677603961422253,2.947100872682295,SL,-10.213271975651097,0.25559864427360746,0.0,-10.343624615781813,10.082984479268584,-1.025849502897592,12,1333.92905994922,,5
AVAX,-1,DONCHIAN_V2,2024-07-28 05:00:00+00:00,2024-07-29 05:00:00+00:00,27.375524318695067,28.582680386249486,8.453424505107124,231.41692811581288,28.56839618815541,13.742702953434,SL,-10.204602682953272,0.23651922945728954,0.0,-10.325413448352656,10.083852292749018,-1.0239552453358858,24,1323.3926425531545,,5
BTC,1,DONCHIAN_V2,2024-07-26 14:00:00+00:00,2024-07-29 15:00:00+00:00,67905.47837999999,67694.40565297566,0.006323449067798538,429.39683396042466,67728.26978786959,86361.74693227037,SL,-1.3347076389396466,0.42872948014095486,0.0,-1.548738702100389,10.211886490040657,-0.15166039140866155,73,1321.6784502048747,,5
LINK,1,DONCHIAN_V2,2024-07-29 08:00:00+00:00,2024-07-29 15:00:00+00:00,13.892778343391418,13.469331435759813,23.818654856473948,330.9072923587361,13.476069470495059,18.655165462206966,SL,-10.08593574291842,0.32586432448727687,0.0,-10.246346421226328,9.925444819148659,-1.0323312060995564,7,1311.4321037836485,,5
DOGE,1,DONCHIAN_V2,2024-07-26 20:00:00+00:00,2024-07-29 21:00:00+00:00,0.13362671656608582,0.12786396792854723,1791.5105299668285,239.3936698130356,0.12792793189449447,0.19875568424141563,SL,-10.324024865702377,0.23423165738018442,0.0,-10.438559688176044,10.209432747169458,-1.0224426710749537,73,1300.761627429246,,5
SOL,1,DONCHIAN_V2,2024-07-26 14:00:00+00:00,2024-07-29 23:00:00+00:00,182.7965465057373,182.79029983695654,1.2305188618656833,224.9345983592173,182.88174070731017,277.62554512304973,SL,-0.007686643758554427,0.22493075503733803,0.0,-0.1201500996162838,10.210276251913307,-0.01176756599448216,81,1300.6414773296297,,5
ETH,1,DONCHIAN_V2,2024-07-29 03:00:00+00:00,2024-07-30 20:00:00+00:00,3332.646376464844,3252.013087148552,0.1266284651157593,422.00789542534005,3253.639907102103,4235.577454896171,SL,-10.210469663356966,0.4169026605936616,0.0,-10.416368376237957,10.00446794961915,-1.0411716473772588,41,1289.9841683512554,,5
AVAX,-1,DONCHIAN_V2,2024-07-30 00:00:00+00:00,2024-08-01 22:00:00+00:00,26.981602111816407,25.766286432150178,8.87895905979108,239.56854051839045,25.753409727286535,14.426845453904862,SL,10.790738164478622,0.23417317143615113,0.0,10.676349263301667,9.753902407483144,1.0945720817455407,70,1300.5259519325161,,5
LINK,-1,DONCHIAN_V2,2024-07-30 20:00:00+00:00,2024-08-01 22:00:00+00:00,13.140371049118043,12.879778624413543,20.481260618599418,269.13136408208527,12.873341953436825,7.741774076402698,SL,5.337261365605609,0.2664627333992825,0.0,5.205364314247369,9.674881262634415,0.5380287543528961,50,1305.7313162467635,,5
APT,-1,DONCHIAN_V2,2024-07-29 17:00:00+00:00,2024-08-05 07:00:00+00:00,6.751049441432953,4.864270081643883,38.22088454850439,258.0310812822539,4.861839162062852,3.8102581104662856,SL,72.11437607899907,0.2219738932427544,0.0,72.02141772639744,9.834969019935473,7.3229938579786165,158,1377.557990387424,,5
SUI,-1,DONCHIAN_V2,2024-07-29 23:00:00+00:00,2024-08-05 13:00:00+00:00,0.7394520800000001,0.5080273053117677,327.6921795315156,242.31266375431264,0.5077734186024665,0.3992439146447423,SL,75.83608881517681,0.20439461934672426,0.0,75.75285052770724,9.754811079972223,7.765691196545751,158,1453.2531994011215,,5
NEAR,-1,DONCHIAN_V2,2024-07-29 16:00:00+00:00,2024-08-05 14:00:00+00:00,5.367926158046722,3.51259893549477,38.33924780467878,205.80225117057057,3.5108435137379015,2.435983762847189,SL,71.13185014418569,0.17023632609847772,0.0,71.06451494367249,9.835740778377364,7.225130932679607,166,1524.317714344794,,5
XRP,-1,DONCHIAN_V2,2024-08-02 07:00:00+00:00,2024-08-05 14:00:00+00:00,0.5655868545651436,0.4847092727571288,287.0260450504796,162.33815799837393,0.48446703923751006,0.1756576859867935,SL,23.213972439601104,0.15073117177857337,0.0,23.14441034682172,9.792984871850726,2.3633662922679237,79,1547.4621246916158,,5
ETH,-1,DONCHIAN_V2,2024-08-02 15:00:00+00:00,2024-08-05 14:00:00+00:00,3037.4324310546876,2397.8242265810995,0.07478323176931077,227.14901347518378,2396.6259136242875,1540.9355946721334,SL,47.83196859670105,0.20323302917683325,0.0,47.74231007426181,9.792376103758231,4.87545714833591,71,1595.2044347658775,,5
BTC,-1,DONCHIAN_V2,2024-08-05 07:00:00+00:00,2024-08-06 01:00:00+00:00,51573.6832,56223.82347917666,0.002235307251036273,115.28302801960761,56195.72561636848,-1249.6587013540775,SL,-10.394492284379426,0.12048027416179732,0.0,-10.45733104453142,10.33168492790568,-1.0121612416079755,18,1584.747103721346,,5
ETH,-1,DONCHIAN_V2,2024-08-07 19:00:00+00:00,2024-08-08 12:00:00+00:00,2343.801165527344,2505.920455101679,0.07387756561857292,173.15432440313404,2504.668121041159,505.32167394088583,SL,-11.976978453564373,0.17914281362991624,0.0,-12.069544104992723,11.884459061831912,-1.0155737036240235,17,1572.3827078254806,,5
SUI,1,DONCHIAN_V2,2024-08-07 11:00:00+00:00,2024-08-11 03:00:00+00:00,0.6368273400000001,0.8854643382862306,268.5905452187576,171.04580246081113,0.8859072919321966,1.1425403006026964,SL,66.78154693125396,0.2044365759264381,0.0,66.66263325655792,11.88510048359114,5.608924665684904,88,1638.8065406299397,,5
DOGE,1,DONCHIAN_V2,2024-08-11 03:00:00+00:00,2024-08-11 13:00:00+00:00,0.1091718299165368,0.10547771385399192,3375.409196251154,368.49959867184515,0.10553047909353869,0.15078726789365815,SL,-12.469153329533102,0.36226502200707866,0.0,-12.647168552204258,12.291049054724548,-1.0289738895267708,10,1625.9751222783996,,5
APT,1,DONCHIAN_V2,2024-08-08 22:00:00+00:00,2024-08-11 14:00:00+00:00,5.602020353221893,5.9910601402523955,42.40358323766957,237.54573634696365,5.994057168836814,8.780180364765759,SL,16.496680992113156,0.24579407684302024,0.0,16.369659783443616,11.791970101811666,1.3882039762743847,64,1642.3447820618433,,5
LINK,-1,DONCHIAN_V2,2024-08-11 20:00:00+00:00,2024-08-12 11:00:00+00:00,10.206957833862305,10.589534627095812,32.64798911867176,333.236648294678,10.58424250584289,5.895133011227044,SL,-12.49036298254389,0.33948182978594993,0.0,-12.663226488182502,12.317585865463824,-1.0280607439228646,15,1629.3621954982523,,5
AVAX,-1,DONCHIAN_V2,2024-08-11 20:00:00+00:00,2024-08-12 14:00:00+00:00,20.83283249320984,21.683596946367725,14.663560637849935,305.4835025223529,21.672760566084683,11.233654517497314,SL,-12.475236147407905,0.31172112059605683,0.0,-12.634215516742785,12.31633622803272,-1.025809565671531,18,1616.6694779441168,,5
SUI,1,DONCHIAN_V2,2024-08-12 11:00:00+00:00,2024-08-13 03:00:00+00:00,0.98229642,0.9641115839461287,119.11279772889829,117.0040747852809,0.9645938808865719,2.154795256563805,SL,-2.16604669861794,0.11592105143597195,0.0,-2.2234657126612714,12.220216466236892,-0.1819497812337827,16,1614.4460122314556,,5
APT,1,DONCHIAN_V2,2024-08-13 18:00:00+00:00,2024-08-15 13:00:00+00:00,6.8718741877555845,6.43361241399929,27.830615576678138,191.248488810723,6.436830829413997,11.843798283088013,SL,-12.197094947364516,0.1851499413370407,0.0,-12.286620644296194,12.107524465191762,-1.0147921385266923,43,1601.9543504702,,5
SOL,1,DONCHIAN_V2,2024-08-07 05:00:00+00:00,2024-08-15 18:00:00+00:00,153.38067610473632,139.71410701021492,0.8741550008763828,134.07848505475596,139.78399900971976,308.771271476354,SL,-11.946699718798506,0.1281051351953567,0.0,-12.007765611466484,11.885603277910095,-1.0102781769423042,205,1589.8792627099779,,5
NEAR,1,DONCHIAN_V2,2024-08-13 17:00:00+00:00,2024-08-15 19:00:00+00:00,4.174834586334228,3.941863843992955,52.41734506668451,218.8337451082103,3.943835761873892,6.814821151595213,SL,-12.211707791744145,0.21272789121233826,0.0,-12.315018810402378,12.108345091735917,-1.0170687007267012,50,1577.4352247616491,,5
BTC,1,DONCHIAN_V2,2024-08-08 16:00:00+00:00,2024-08-15 20:00:00+00:00,59434.8846,56486.84868020584,0.004038960779790472,240.0551678507727,56515.1062333225,92803.7802191714,SL,-11.907001457462133,0.23410166712204167,0.0,-12.021075540658789,11.792870308691104,-1.0193511185991337,172,1565.2785724322573,,5
BTC,-1,DONCHIAN_V2,2024-08-15 20:00:00+00:00,2024-08-16 17:00:00+00:00,57032.79116,59343.55669708126,0.005146440357586199,293.51585813160943,59313.89974720766,30962.97873476959,SL,-11.89221701695433,0.2994619666400866,0.0,-12.044921054528611,11.739589293241929,-1.0260087260005297,21,1553.0868934486627,,5
ETH,-1,DONCHIAN_V2,2024-08-15 19:00:00+00:00,2024-08-18 09:00:00+00:00,2553.1992189453126,2665.930741295743,0.10620149632435641,271.15357746617025,2664.5984420747054,1280.0652403236782,SL,-11.972256356538312,0.2771397056444394,0.0,-12.113819273449666,11.830764185712368,-1.0239253427161648,62,1540.870135887147,,5
AVAX,-1,DONCHIAN_V2,2024-08-15 18:00:00+00:00,2024-08-18 13:00:00+00:00,20.349929291534423,21.300956173492736,12.680057613781594,258.03827585303816,21.290311017983747,9.602709560684998,SL,-12.05907565548648,0.2640678136807814,0.0,-12.194124331240742,11.924094470324833,-1.0226457331068555,67,1528.4307890141813,,5
ETH,1,DONCHIAN_V2,2024-08-18 10:00:00+00:00,2024-08-19 09:00:00+00:00,2645.4088587890624,2581.7826437916433,0.18539481404555272,490.44508344965607,2583.0741808820844,3357.805177725952,SL,-11.795970297868868,0.4845470983007216,0.0,-12.03529485444476,11.556526019153601,-1.0414284391777993,23,1516.201536415715,,5
AVAX,1,DONCHIAN_V2,2024-08-18 13:00:00+00:00,2024-08-19 10:00:00+00:00,21.12822534942627,20.493616477884256,18.36006013886558,387.9154880429706,20.5038684120903,28.263733204694514,SL,-11.651457046168995,0.3820897595198861,0.0,-11.839589061667395,11.46323091760636,-1.0328317685272297,21,1504.3619473540477,,5
BTC,-1,DONCHIAN_V2,2024-08-19 10:00:00+00:00,2024-08-19 17:00:00+00:00,57996.49838,59293.58943564635,0.008901837393118677,516.2753979490308,59263.95745691789,43511.251786652654,SL,-11.546493661432454,0.522048644779747,0.0,-11.810404607237686,11.282714605155359,-1.0467697731041794,7,1492.1003454231857,,5
APT,-1,DONCHIAN_V2,2024-08-16 17:00:00+00:00,2024-08-20 00:00:00+00:00,5.819635667610169,6.151975352472922,35.37619670559897,205.87657613229712,6.148900902021912,2.056604417190246,SL,-11.756914064781535,0.2117550331646879,0.0,-11.865730809880073,11.64815170086497,-1.0186792818811714,79,1480.2346146133057,,5
ETH,-1,DONCHIAN_V2,2024-08-19 10:00:00+00:00,2024-08-20 00:00:00+00:00,2579.484,2656.173083477492,0.1496885614719646,386.11924929994916,2654.8456606471686,1718.207878318072,SL,-11.479478586349217,0.3918589885931238,0.0,-11.678277950292365,11.28077857241305,-1.0352368744167528,14,1468.5563366630133,,5
SUI,-1,DONCHIAN_V2,2024-08-15 16:00:00+00:00,2024-08-20 05:00:00+00:00,0.8533293000000001,0.9299388093984651,157.7870319365169,134.64429751146562,0.929474072362284,-0.016896669854672974,SL,-12.08798710609649,0.14068829106451386,0.0,-12.161353248405272,12.0146576285265,-1.0122097211934256,109,1455.950294277252,,5
LINK,1,DONCHIAN_V2,2024-08-20 06:00:00+00:00,2024-08-20 14:00:00+00:00,10.522104457855225,10.176741755291845,32.09089806751297,337.6637816127558,10.181832671627658,14.41092487188456,SL,-11.082999284282215,0.33212228197061466,0.0,-11.246289675446452,10.919627207079388,-1.0299151667151496,8,1444.5351727109992,,5
BTC,1,DONCHIAN_V2,2024-08-20 01:00:00+00:00,2024-08-20 15:00:00+00:00,60491.99598,58780.78447938299,0.006549013303072413,396.16288640242294,58810.18957417007,79712.64061805629,SL,-11.206746881911279,0.3905595129614673,0.0,-11.399224951671535,11.014172524972599,-1.0349597235585244,14,1432.9770459055137,,5
NEAR,1,DONCHIAN_V2,2024-08-20 14:00:00+00:00,2024-08-20 15:00:00+00:00,4.140827866458893,3.997666098774877,76.7488332953531,317.8037076276062,3.999665931740747,5.754107120380562,SL,-10.987498642248612,0.3123099583064819,0.0,-11.14090674674129,10.834013795332494,-1.028326800870515,1,1421.8361391587723,,5
XRP,1,DONCHIAN_V2,2024-08-07 21:00:00+00:00,2024-08-22 23:00:00+00:00,0.60182034791708,0.5976999998092651,185.1465644396664,111.4249698267321,0.537634389246548,1.3353741612945877,EOD,-0.762868296457392,0.1110435356785034,0.0,-0.8181993472225293,11.883809733115399,-0.0688499198150688,362,1420.7303425786752,,5
APT,1,DONCHIAN_V2,2024-08-20 01:00:00+00:00,2024-08-22 23:00:00+00:00,6.143628267860413,6.5055999755859375,33.755493404944566,207.38120347819316,6.086137320433472,9.872185202549,EOD,12.218533592905478,0.2134904702746459,0.0,12.108733724369928,11.012686914148588,1.099525830414119,70,1432.8390763030452,,5
AVAX,1,DONCHIAN_V2,2024-08-20 02:00:00+00:00,2024-08-22 23:00:00+00:00,21.699338694763185,25.207000732421875,13.17248368035856,285.8341848313411,24.13217161442713,31.253375299160915,EOD,46.20462094727235,0.30893649530497724,0.0,46.03860154438305,11.011909234635546,4.1808010367156605,69,1478.8776778474282,,5
LINK,1,DONCHIAN_V2,2024-08-21 18:00:00+00:00,2024-08-22 23:00:00+00:00,10.698139299201966,11.47599983215332,26.051243621849235,278.6998331839898,10.971708081152356,15.376290977478774,EOD,20.264234247737225,0.28883195030785846,0.0,20.11475221402136,10.663771043690792,1.8862700757179358,29,1498.9924300614496,,5
DOGE,1,DONCHIAN_V2,2024-08-21 19:00:00+00:00,2024-08-22 23:00:00+00:00,0.10578115264624358,0.10525000095367432,2802.9060484597103,296.494632565196,0.10197698449541459,0.14925736008428905,EOD,-1.4887682917519898,0.29575024841932,0.0,-1.6362712238887118,10.662725919316353,-0.15345712121554958,28,1497.3561588375608,,5
SOL,-1,DONCHIAN_V2,2024-09-01 06:00:00+00:00,2024-09-01 20:00:00+00:00,131.57368610229491,136.10599788369424,1.6799973365367693,221.0434422101804,136.03797889424712,80.55319705141252,SL,-7.614271721105093,0.22485057807073294,0.0,-7.728600578070736,7.5,-1.0304800770760982,14,991.9777285193475,,6
ETH,-1,DONCHIAN_V2,2024-09-01 23:00:00+00:00,2024-09-02 09:00:00+00:00,2405.598862109375,2497.928113912272,0.08168377772464581,196.4984027472031,2496.679774025259,1364.6741544992715,SL,-7.541802081750658,0.20026930378807845,0.0,-7.643822184165135,7.439832963895106,-1.0274185215259497,10,984.0896344124084,,6
LINK,-1,DONCHIAN_V2,2024-09-01 23:00:00+00:00,2024-09-02 10:00:00+00:00,10.261947138977051,10.744493061679057,15.588787344896925,159.97131169408667,10.739123499929093,4.808503013810856,SL,-7.5223057731486325,0.16373246458066099,0.0,-7.60605258188225,7.438600816893154,-1.0225111911649851,11,976.4835818305261,,6
AVAX,-1,DONCHIAN_V2,2024-09-01 06:00:00+00:00,2024-09-03 02:00:00+00:00,21.93661178474426,22.738758978223157,9.483216489159343,208.02963859337393,22.727395280582865,12.89908611801735,SL,-7.606935491931945,0.2118331063393399,0.0,-7.714753778974598,7.499171087091711,-1.0287475361448906,44,968.6553313463345,,6
SOL,-1,DONCHIAN_V2,2024-09-01 23:00:00+00:00,2024-09-03 02:00:00+00:00,129.02419305114748,136.35964665841732,1.0236384974262251,132.0741311065078,136.29150090796335,45.969246116108934,SL,-7.508852708485483,0.13582855746075054,0.0,-7.578644200392979,7.439096094884803,-1.0187587448432252,27,961.0766871459415,,6
ETH,1,DONCHIAN_V2,2024-09-02 21:00:00+00:00,2024-09-03 13:00:00+00:00,2555.4909764648437,2471.8050914702244,0.08882575306447406,226.9934104339579,2473.0416122763622,3497.7694243332053,SL,-7.4334617555140285,0.2232766795562009,0.0,-7.543241729853251,7.323626863728945,-1.0299871730510974,16,953.4821340220166,,6
SUI,1,DONCHIAN_V2,2024-09-03 10:00:00+00:00,2024-09-04 01:00:00+00:00,0.82936584,0.7707268352993099,123.73645403984929,102.622788143381,0.7711123914950574,1.4951195371993449,SL,-7.255782510089455,0.09899489688833629,0.0,-7.3034660129061,7.208075153594561,-1.0132338880046179,15,946.1125143335101,,6
SOL,-1,DONCHIAN_V2,2024-09-04 01:00:00+00:00,2024-09-04 14:00:00+00:00,126.63467166137696,132.35983458229774,1.2537715644826624,158.77095040663286,132.29368773842853,61.960202209358926,SL,-7.178046472280976,0.16235997364277333,0.0,-7.261020970720433,7.095113440357492,-1.0233833513385773,13,938.5914660690138,,6
ETH,-1,DONCHIAN_V2,2024-09-04 01:00:00+00:00,2024-09-04 16:00:00+00:00,2395.7807577636718,2484.301623585033,0.08130038793864178,194.77790502211968,2483.060093538264,1398.3026346254755,SL,-7.196780731941141,0.19837629538809026,0.0,-7.297768074818172,7.095843857501326,-1.0284566883617912,15,931.2936979941957,,6
ETH,-1,DONCHIAN_V2,2024-09-06 08:00:00+00:00,2024-09-07 05:00:00+00:00,2343.7811500000003,2275.570729392316,0.08569540858347774,200.85128327950335,2274.4335126359983,1412.2823050411266,SL,5.8453198636263695,0.19792862334769018,0.0,5.747816881918431,6.984702734956468,0.8229150330410239,21,936.8084456771883,,6
XRP,-1,DONCHIAN_V2,2024-09-06 08:00:00+00:00,2024-09-07 05:00:00+00:00,0.5349929632186889,0.5250706749051322,495.87028766897316,265.2871145721277,0.5248082707697473,0.37403037242331066,SL,4.920167960377897,0.2628270305919387,0.0,4.789984487072022,6.98394954264417,0.6858561130524008,21,941.5984301642603,,6
LINK,-1,DONCHIAN_V2,2024-09-04 01:00:00+00:00,2024-09-07 07:00:00+00:00,10.17596485004425,9.91841676126889,16.362648120024108,166.50573212300796,9.913460031253264,5.220764097519587,SL,4.214168750615951,0.16439864774769997,0.0,4.133022968929755,7.094518049293467,0.5825657134442496,78,945.73145313319,,6
APT,-1,DONCHIAN_V2,2024-09-01 06:00:00+00:00,2024-09-07 14:00:00+00:00,6.348130163478851,5.9244510922781135,24.93154996575695,158.26872435990182,5.9214903471045615,2.9108831015967245,SL,10.562975933086689,0.15298723639335848,0.0,10.48912305887328,7.498390975946986,1.3988498455895186,152,956.2205761920633,,6
NEAR,-1,DONCHIAN_V2,2024-09-03 15:00:00+00:00,2024-09-07 16:00:00+00:00,3.799239952325821,3.715873538842818,34.82468937493866,132.30735120060348,3.7140165305775295,1.4524267710474796,SL,2.9032094538482696,0.1308557464736793,0.0,2.838507382974892,7.151116005165124,0.3969320845759863,97,959.0590835750381,,6
AVAX,1,DONCHIAN_V2,2024-09-08 03:00:00+00:00,2024-09-09 14:00:00+00:00,22.20444076309204,23.291996846058105,10.214370848322773,226.8043924338372,23.3036486703933,30.25200488216549,SL,11.108701149764663,0.23235874300871956,0.0,10.989744602972863,7.192570379563829,1.5279300754842668,35,969.5729662760837,,6
SUI,1,DONCHIAN_V2,2024-09-07 20:00:00+00:00,2024-09-11 01:00:00+00:00,0.9097819199999999,0.8943068609450759,109.25614611961042,99.39926638849971,0.8947542380641079,1.662188692763485,SL,-1.6907453133143733,0.09855389373184253,0.0,-1.7395995738519658,7.192943126812786,-0.24184809238479096,77,967.714534149523,,6
DOGE,1,DONCHIAN_V2,2024-09-09 02:00:00+00:00,2024-09-11 04:00:00+00:00,0.09716942794919013,0.10057651831668392,2457.102489566887,238.75524332374533,0.10062683173255019,0.13061983732308352,SL,8.371570224148345,0.2429410284358195,0.0,8.248006817374398,7.191719863092201,1.1468754309665266,50,975.9625409668974,,6
LINK,1,DONCHIAN_V2,2024-09-09 08:00:00+00:00,2024-09-11 13:00:00+00:00,10.626124395561218,10.249792756870882,19.371615261448987,205.8451935111091,10.254920216979372,14.868457865068029,SL,-7.290151715419831,0.20220011765339918,0.0,-7.3894292363176755,7.190824530929738,-1.0276191839383209,53,968.5051334417747,,6
NEAR,1,DONCHIAN_V2,2024-09-09 08:00:00+00:00,2024-09-11 13:00:00+00:00,3.8417682801246644,3.8607679758963878,47.09282158778694,180.9197081975299,3.8626993255591673,5.586663299676859,SL,0.894749283199997,0.1813670828391299,0.0,0.8038420544596321,7.190052611454071,0.11179918950510546,53,969.3089754962343,,6
SUI,-1,DONCHIAN_V2,2024-09-11 05:00:00+00:00,2024-09-11 21:00:00+00:00,0.87972402,0.9275507201747861,154.54457820784637,135.956577610211,0.927087176586493,0.3384308018686526,SL,-7.391357205585446,0.13965225621300376,0.0,-7.463031172993344,7.3197190572517306,-1.01957890932981,16,961.5185389204702,,6
LINK,-1,DONCHIAN_V2,2024-09-11 14:00:00+00:00,2024-09-12 02:00:00+00:00,10.22395463218689,10.61896605830457,18.65468711801435,190.72467477221994,10.613659228690226,5.770187815005918,SL,-7.368814562265963,0.19440908205335292,0.0,-7.467861306933206,7.269817316221756,-1.0272419487446456,12,954.050677613537,,6
XRP,-1,DONCHIAN_V2,2024-09-11 14:00:00+00:00,2024-09-12 02:00:00+00:00,0.5262947496533394,0.5390832577451007,580.6408944301111,305.5882541725864,0.5388138508196909,0.3832193077521805,SL,-7.42553077682696,0.30930101956099987,0.0,-7.582037669301667,7.269102098691361,-1.043050099773209,12,946.4686399442353,,6
XRP,1,DONCHIAN_V2,2024-09-12 13:00:00+00:00,2024-09-12 15:00:00+00:00,0.5770153853416443,0.5547993402363824,323.51925725416504,186.6755888899546,0.5550768786757203,0.8277411758093475,SL,-7.18731841157935,0.18308192968416492,0.0,-7.277062546818537,7.097529381825283,-1.0252951633357075,2,938.9668505687742,,6
APT,-1,DONCHIAN_V2,2024-09-11 15:00:00+00:00,2024-09-13 15:00:00+00:00,6.011797411441803,6.29061348252308,26.364474008261915,158.49787659689366,6.287469747649255,2.8612564262137807,SL,-7.350839059108029,0.16217329612644768,0.0,-7.4337634169360305,7.267956142738215,-1.0228134665291675,48,931.4155895448447,,6
LINK,1,DONCHIAN_V2,2024-09-13 00:00:00+00:00,2024-09-15 20:00:00+00:00,10.788157451820373,11.053804953718315,21.782701544407256,234.99521398707628,11.059334621028828,14.482964211295032,SL,5.786520249860217,0.2378884741120064,0.0,5.666129382741749,7.042251379265807,0.8045906170609426,68,936.9909553732492,,6
NEAR,1,DONCHIAN_V2,2024-09-12 02:00:00+00:00,2024-09-15 21:00:00+00:00,4.0988196496009826,4.068174712998316,36.83224133118724,150.96871450711572,4.07020981790727,6.30139762182716,SL,-1.128721700528335,0.15040435365685156,0.0,-1.2036416969316286,7.098514799581764,-0.16956246918053136,91,935.7873136763176,,6
DOGE,1,DONCHIAN_V2,2024-09-13 15:00:00+00:00,2024-09-15 23:00:00+00:00,0.10690137772411108,0.10273615170546872,1698.080160789958,181.5271086744266,0.10278754547820781,0.15391660339157692,SL,-7.072887667462735,0.1779906648406952,0.0,-7.160114777966217,6.985616921586335,-1.0249795914002475,56,928.3206945990602,,6
BTC,1,DONCHIAN_V2,2024-09-09 17:00:00+00:00,2024-09-16 01:00:00+00:00,56439.285599999996,58377.044638424646,0.004210987132293662,237.66510541744697,58406.24776230579,76174.86104617076,SL,8.159878376291944,0.24174504460559293,0.0,8.036965884395075,7.2717972470706265,1.1052241435406756,152,936.2173750345627,,6
ETH,-1,DONCHIAN_V2,2024-09-15 22:00:00+00:00,2024-09-16 08:00:00+00:00,2353.109362109375,2327.280799797937,0.13990691220281715,329.2162649282634,2326.1177409274733,1779.7971510873908,SL,3.613594399631343,0.3274094677284477,0.0,3.4507930643670273,7.018404852572382,0.491677687003514,10,939.5749453579361,,6
SUI,1,DONCHIAN_V2,2024-09-12 02:00:00+00:00,2024-09-16 17:00:00+00:00,1.0132025999999998,1.038482408634932,110.35241509239717,111.80935388789604,1.039001909589727,1.7482967369802043,SL,2.7896879359384017,0.11320419785586523,0.0,2.7323884150264846,7.097948666902362,0.3849546598959745,111,942.2119139768585,,6
NEAR,-1,DONCHIAN_V2,2024-09-16 01:00:00+00:00,2024-09-17 08:00:00+00:00,3.9922014305114746,4.035321532852633,46.70242352058825,186.44548198724513,4.033304880412427,2.2739350639060065,SL,-2.0138132817878818,0.18745238862813907,0.0,-2.1080429294223983,7.0216303127592194,-0.3002212927091603,31,940.0045259181232,,6
APT,-1,DONCHIAN_V2,2024-09-16 13:00:00+00:00,2024-09-17 14:00:00+00:00,5.7237547888755795,5.938073791559153,33.34167853927527,190.83959220832696,5.935106238439933,3.3083096509972596,SL,-7.145755292333767,0.19441246985449384,0.0,-7.244747966084097,7.04681209018452,-1.0280887120823445,25,932.7130515180746,,6
DOGE,-1,DONCHIAN_V2,2024-09-16 21:00:00+00:00,2024-09-17 14:00:00+00:00,0.09848029845058918,0.10203382609443887,2017.5635304892842,198.6902586256091,0.10198283467710033,0.058451313004747554,SL,-7.169467778816633,0.2022749925150174,0.0,-7.272397642018847,7.066589354826438,-1.029124132853686,17,925.4406538760558,,6
SOL,-1,DONCHIAN_V2,2024-09-15 22:00:00+00:00,2024-09-17 15:00:00+00:00,132.1135713897705,135.44795804203218,2.148093724731506,283.79233365423386,135.38026790807814,94.77989689482612,SL,-7.16257504355182,0.2873736211760098,0.0,-7.3080524979007135,7.017170291578902,-1.0414529210828603,41,918.1326013781551,,6
LINK,-1,DONCHIAN_V2,2024-09-16 00:00:00+00:00,2024-09-17 15:00:00+00:00,10.804838760185241,10.799127504905377,25.967152681524148,280.5708977849802,10.793730639585585,7.740569595704871,SL,0.14830503785540505,0.2804967452660525,0.0,0.008093741481842637,6.962405209492951,0.001162492161589095,39,918.1406951196369,,6
NEAR,1,DONCHIAN_V2,2024-09-17 16:00:00+00:00,2024-09-18 09:00:00+00:00,4.218843535137176,3.9982261742455085,31.494178886842803,132.8690129912105,4.000226287389203,6.717326366542584,SL,-6.948162629465334,0.12939493167647784,0.0,-7.011123054646206,6.885170708323903,-1.0182932786503074,17,910.945203548712,,6
BTC,1,DONCHIAN_V2,2024-09-17 16:00:00+00:00,2024-09-18 13:00:00+00:00,61152.12798,59337.137131859374,0.003857069694178013,235.86801956615332,59366.82054213044,81555.64155565211,SL,-7.000546195573648,0.2323677464683665,0.0,-7.1149799322589375,6.8860552133972766,-1.0332446824440606,21,903.7140028114324,,6
LINK,-1,DONCHIAN_V2,2024-09-18 10:00:00+00:00,2024-09-18 18:00:00+00:00,10.407917847442627,10.71919168436042,22.333151879980313,232.44161004129398,10.713834766976932,6.911724481336294,SL,-6.951725876149269,0.2359174729793686,0.0,-7.071422544107991,6.83208902661534,-1.0350307960801293,8,896.3118876615124,,6
SOL,-1,DONCHIAN_V2,2024-09-18 15:00:00+00:00,2024-09-18 18:00:00+00:00,128.03438555908204,132.32211845192992,1.6055161924100545,205.56127920037827,132.25599045670157,79.7874724434303,SL,-6.884024588196484,0.2090032914944765,0.0,-6.990247240090771,6.777855021085743,-1.0313361997776997,3,889.3216404214216,,6
XRP,-1,DONCHIAN_V2,2024-09-18 16:00:00+00:00,2024-09-18 18:00:00+00:00,0.5641871406674385,0.579647014825017,446.7367721780122,252.04314212611357,0.5793573361569386,0.39081347793029375,SL,-6.906494279434905,0.255496389265831,0.0,-7.035969097637679,6.777084166288741,-1.038200046656748,2,882.285671323784,,6
AVAX,-1,DONCHIAN_V2,2024-09-18 16:00:00+00:00,2024-09-18 18:00:00+00:00,22.91341566772461,23.68717250036673,8.893514317229384,203.7807902975369,23.67533483295026,14.205768065145769,SL,-6.881417469156765,0.20722149903211529,0.0,-6.986748573040112,6.77613900450577,-1.0310810578700198,2,875.2989227507438,,6
AVAX,1,DONCHIAN_V2,2024-09-19 00:00:00+00:00,2024-09-20 15:00:00+00:00,24.71494108428955,27.186404958036977,5.9802201176813625,147.800787879578,27.200004960517234,37.25711975555996,SL,14.779897977907082,0.15519073686853152,0.0,14.69860763497834,6.562936555829985,2.239638843060471,39,889.6829146850366,,6
SUI,1,DONCHIAN_V2,2024-09-17 09:00:00+00:00,2024-09-21 04:00:00+00:00,1.14452886,1.4428662405330883,81.65182302965222,93.4528679290496,1.4435880345503633,2.1313018862189934,SL,24.359790998417733,0.10563276342825847,0.0,24.300884668953998,7.050033944385924,3.446917399355964,91,913.9837993539907,,6
APT,1,DONCHIAN_V2,2024-09-18 21:00:00+00:00,2024-09-22 04:00:00+00:00,6.049909595775604,7.852257530715602,21.780822554205383,131.77200737457287,7.856185623527365,9.494482075228545,SL,39.2566205518666,0.15140031765050616,0.0,39.17110623790338,6.564741920630579,5.966892028885849,79,952.9225729600658,,6
XRP,1,DONCHIAN_V2,2024-09-21 17:00:00+00:00,2024-09-22 10:00:00+00:00,0.6049209458827972,0.5908187050292604,496.4452218306454,300.3101131687891,0.5911142621603405,0.7627116169965887,SL,-7.000990088843286,0.29680961812436746,0.0,-7.147644650383259,6.854262163340601,-1.0428029275874195,17,945.7749283096825,,6
DOGE,1,DONCHIAN_V2,2024-09-19 00:00:00+00:00,2024-09-22 21:00:00+00:00,0.10390077909529209,0.10454751163649796,1577.300272083905,163.8827271367339,0.10459981154226909,0.15145799700905666,SL,1.0200914132095322,0.1643927728433387,0.0,0.9376400039345605,6.563551116056748,0.14285559559988253,93,946.5423178295653,,6
LINK,-1,DONCHIAN_V2,2024-09-22 15:00:00+00:00,2024-09-23 03:00:00+00:00,11.052789305114747,11.365261612997472,23.120876716094525,255.55017889252613,11.35958182208643,7.54658911115266,SL,-7.22463370775002,0.25916249574640116,0.0,-7.356021114050158,7.093311962322619,-1.037036176206963,12,939.1862967155151,,6
ETH,1,DONCHIAN_V2,2024-09-23 04:00:00+00:00,2024-09-25 17:00:00+00:00,2677.525388232422,2576.1868771003756,0.07040392987712003,188.508309677324,2577.4756149078294,3820.9513690849076,SL,-7.134629431592334,0.18494099496152785,0.0,-7.2253162717152,7.043897225366363,-1.0257554930948614,61,931.7738809201097,,6
NEAR,1,DONCHIAN_V2,2024-09-21 14:00:00+00:00,2024-09-25 23:00:00+00:00,4.535906847381591,5.135196734965677,36.23424290172292,164.35515048761283,5.137765617774564,6.697990617933648,SL,21.714815355267994,0.17521255816524683,0.0,21.621780372346553,6.854878495154929,3.1542178884175645,105,953.3956612924562,,6
XRP,-1,DONCHIAN_V2,2024-09-26 01:00:00+00:00,2024-09-26 10:00:00+00:00,0.5771845521092415,0.5904813391568182,549.9642970510464,317.43089646948204,0.5901862460338013,0.428593764399986,SL,-7.312758141658008,0.321087275540311,0.0,-7.475129968963578,7.150467459693421,-1.045404375462199,9,945.704465590862,,6
APT,1,DONCHIAN_V2,2024-09-26 06:00:00+00:00,2024-09-28 09:00:00+00:00,8.505700510025024,7.971553120810422,13.48514077785143,114.70056879193017,7.97554089125605,14.56466758167044,SL,-7.2030527396807065,0.11109904242208982,0.0,-7.256801497706832,7.149277093831661,-1.0150398987847236,51,938.3872462104027,,6
NEAR,1,DONCHIAN_V2,2024-09-26 14:00:00+00:00,2024-09-28 09:00:00+00:00,5.691138057231903,5.354402709054896,21.232267481403824,120.83576550474467,5.3570812496797355,9.508930143542393,SL,-7.149654982937865,0.11726093801327575,0.0,-7.206498038198768,7.092783491931466,-1.0160324287914133,43,931.180748172204,,6
LINK,1,DONCHIAN_V2,2024-09-24 18:00:00+00:00,2024-09-30 00:00:00+00:00,11.7603519739151,12.362302214835266,15.789556138709816,185.69073770311925,12.368486458064297,16.858253583113544,SL,9.50452712171886,0.19044300126397867,0.0,9.40692948930644,7.043190319205074,1.3356063180141564,126,940.4298428127366,,6
DOGE,1,DONCHIAN_V2,2024-09-28 15:00:00+00:00,2024-09-30 00:00:00+00:00,0.13022603861689566,0.12271372567524554,937.216409572188,122.04998034533605,0.12277511323186147,0.21537947158871498,SL,-7.040662962756013,0.11852964886395806,0.0,-7.098167621447303,6.9831295373520215,-1.0164737147549612,33,933.3316751912894,,6
BTC,1,DONCHIAN_V2,2024-09-19 00:00:00+00:00,2024-09-30 10:00:00+00:00,61780.25358,63465.39148398729,0.003007042998611942,185.77587898020934,63497.14005401429,86728.34198876188,SL,5.067282135880589,0.18830952004814963,0.0,4.971860555322544,6.564247775602925,0.7574151258886445,274,938.1507415259061,,6
XRP,1,DONCHIAN_V2,2024-09-28 11:00:00+00:00,2024-09-30 10:00:00+00:00,0.6194238678216935,0.6306582964486973,312.58033030459427,193.6197172022543,0.6309737833403675,0.8747678065228212,SL,3.511661411012255,0.1953755479077604,0.0,3.4130957217056217,6.9838556112915295,0.48871224029708077,47,941.5638372476118,,6
SUI,1,DONCHIAN_V2,2024-09-22 18:00:00+00:00,2024-10-01 15:00:00+00:00,1.59041802,1.7210212916193703,53.41412643908915,84.95078921128582,1.7218822327357381,3.1079092845712166,SL,6.976059663635752,0.08843881904310369,0.0,6.930096239198291,7.0923536491517725,0.9771222054087945,213,948.1426514477159,,6
BTC,-1,DONCHIAN_V2,2024-09-30 10:00:00+00:00,2024-10-02 16:00:00+00:00,63527.691920000005,62354.93137729686,0.005861930664350408,372.39492530125364,62323.769492550586,49759.96309732814,SL,6.874640987211791,0.3689576048076477,0.0,6.6918808450547695,7.061728779357088,0.9476264317339033,54,954.742721780741,,6
LINK,-1,DONCHIAN_V2,2024-09-30 10:00:00+00:00,2024-10-04 07:00:00+00:00,12.058587670326233,10.982237001692955,15.444645435815575,186.24061102488602,10.976748627379266,6.8341548844202595,SL,16.623854441644003,0.17792868380406401,0.0,16.53904606335238,7.060332298387208,2.342530827781349,93,971.2227069247865,,6
ETH,-1,DONCHIAN_V2,2024-09-30 02:00:00+00:00,2024-10-04 12:00:00+00:00,2614.966892236328,2395.6313745384155,0.11686130417897453,305.58844141157726,2394.4341574596856,1930.3959092613454,SL,25.631834650948612,0.29277252408610294,0.0,25.491856347568298,6.9999875639346705,3.641700233712902,106,996.6773675885561,,6
DOGE,-1,DONCHIAN_V2,2024-09-30 16:00:00+00:00,2024-10-04 12:00:00+00:00,0.11711657454818487,0.10971063680211637,1228.9340122648923,143.9285418622212,0.10965580889766754,0.05146493708361369,SL,9.101408788859976,0.13937783746779123,0.0,9.033995222323295,7.059633896095865,1.2796690813271911,92,1005.7113628108793,,6
SOL,-1,DONCHIAN_V2,2024-10-01 15:00:00+00:00,2024-10-04 13:00:00+00:00,150.80982833862305,142.40025057863815,1.2175666936448402,183.6210240594032,142.32908603562035,84.06246201505331,SL,10.239221788173994,0.1785014131653162,0.0,10.15253088703838,7.111069885857869,1.4277079328427373,70,1015.8638936979177,,6
BTC,1,DONCHIAN_V2,2024-10-06 15:00:00+00:00,2024-10-07 10:00:00+00:00,62728.64322,62861.39889761601,0.009715609156536952,609.4469804453715,62892.845320276145,70992.24037310091,SL,1.2898022770284006,0.6100918815838858,0.0,0.9844338856672006,7.025014514577496,0.14013264792897118,19,1016.271206494245,,6
SOL,1,DONCHIAN_V2,2024-10-06 15:00:00+00:00,2024-10-07 11:00:00+00:00,146.39926911621095,145.69684942908756,2.0966130647855206,306.94262030409925,145.76973429623567,187.9127637399495,SL,-1.4727022929854388,0.3062062691576065,0.0,-1.6254372519909956,7.615801829390474,-0.21342956242876485,20,1014.645769242254,,6
BTC,1,DONCHIAN_V2,2024-10-07 15:00:00+00:00,2024-10-07 22:00:00+00:00,64017.60096,62548.708045930696,0.0052934250408562976,338.87237197721015,62579.99804495317,80447.34856053523,SL,-7.775474533670848,0.33498463471037476,0.0,-7.941022982392617,7.6098432693169045,-1.04351991248112,7,1006.4888036062142,,6
SUI,1,DONCHIAN_V2,2024-10-07 15:00:00+00:00,2024-10-09 07:00:00+00:00,2.0879174999999996,1.9161647191009792,44.54818512563128,93.01293531704523,1.9171232807413499,4.039851434384568,SL,-7.651274679331551,0.08918729797737945,0.0,-7.693955509650408,7.6085724979219895,-1.0112219488940584,40,998.7000855415545,,6
AVAX,1,DONCHIAN_V2,2024-10-06 13:00:00+00:00,2024-10-09 13:00:00+00:00,26.659330128479002,25.792466206466248,8.921926274357306,237.85257793004214,25.8053688909117,36.418887129248134,SL,-7.734096002098017,0.23398552992899313,0.0,-7.849155243061989,7.6189792027343834,-1.0302108765758275,72,990.8509302984925,,6
APT,1,DONCHIAN_V2,2024-10-04 09:00:00+00:00,2024-10-10 15:00:00+00:00,8.900379344558715,8.024867564665835,8.358224376465841,74.39136759748372,8.028882005668668,18.86034893187354,SL,-7.31772390058367,0.07073250564719188,0.0,-7.35126072243212,7.284170301935898,-1.0092104409583054,150,983.3131922595445,,6
NEAR,-1,DONCHIAN_V2,2024-10-09 13:00:00+00:00,2024-10-11 10:00:00+00:00,4.79704025888443,4.763289630988376,31.03069617199887,148.85549879828955,4.760909176400176,2.0600704123455373,SL,1.0473054798566614,0.14833184605836122,0.0,0.973401383197445,7.4313819772386935,0.13098524422225102,45,984.1960478402955,,6
DOGE,-1,DONCHIAN_V2,2024-10-10 15:00:00+00:00,2024-10-11 14:00:00+00:00,0.1050089942097664,0.1093400663579506,1724.5342292428654,181.091604893108,0.10928542364612755,0.05613551493706745,SL,-7.469082168864092,0.18482614597754005,0.0,-7.563362512395078,7.374848941946584,-1.0255616856606065,23,976.6326853279004,,6
SOL,-1,DONCHIAN_V2,2024-10-09 14:00:00+00:00,2024-10-11 17:00:00+00:00,141.0817786102295,145.83273923605293,1.588434285710702,224.0991342335353,145.75985930639973,87.61799922542664,SL,-7.5465887481195235,0.22787242860759505,0.0,-7.662411609610351,7.430823769118201,-1.031165836748088,51,968.7994282765388,,6
LINK,-1,DONCHIAN_V2,2024-10-08 06:00:00+00:00,2024-10-11 19:00:00+00:00,11.107777656745911,10.999317419783091,17.06237880117623,189.52511001864042,10.993820509528328,6.051597045248448,SL,1.850589647924971,0.18859981519467794,0.0,1.7567523877396134,7.5486660270466075,0.23272355426047872,85,970.396577942816,,6
AVAX,1,DONCHIAN_V2,2024-10-11 15:00:00+00:00,2024-10-15 04:00:00+00:00,26.652328759002685,28.647882379428818,8.769907541409909,233.73845897971384,28.662213486171904,36.1970983133427,SL,17.50082074506299,0.24248886935224534,0.0,17.3752011052006,7.324340318367292,2.3722547492268626,85,987.6267795986012,,6
SUI,1,DONCHIAN_V2,2024-10-11 14:00:00+00:00,2024-10-15 11:00:00+00:00,2.0029005,2.1683866784465606,53.8980466192444,107.95242452270791,2.1694714141536373,3.5560434853010006,SL,8.919381760753323,0.11241211540308457,0.0,8.860945857611592,7.324745139959252,1.2097275315794653,93,996.3695319062117,,6
BTC,1,DONCHIAN_V2,2024-10-11 18:00:00+00:00,2024-10-15 14:00:00+00:00,62924.28234,65805.41355543463,0.005072849956402786,319.2054429251456,65838.33272179552,79293.76925737303,SL,14.61554636060827,0.3265132161054497,0.0,14.448635865965393,7.265995712074041,1.988527992379052,92,1010.818167772177,,6
ETH,1,DONCHIAN_V2,2024-10-11 20:00:00+00:00,2024-10-15 14:00:00+00:00,2460.1418323242187,2590.9723622225742,0.11787893487295563,289.9988988307803,2592.2684964708096,3165.7543289725777,SL,15.422163513282523,0.2977099805874216,0.0,15.269452982110492,7.27797433457112,2.098036112820436,90,1026.0876207542876,,6
LINK,1,DONCHIAN_V2,2024-10-15 04:00:00+00:00,2024-10-15 14:00:00+00:00,11.46929340763092,11.10434761039185,20.610432709380458,236.38710000211796,11.109902561672685,15.576617361439316,SL,-7.521690796567055,0.23262625460383443,0.0,-7.6361235011698305,7.407200846989509,-1.0309054201322705,10,1018.4514972531179,,6
BTC,1,DONCHIAN_V2,2024-10-15 14:00:00+00:00,2024-10-15 15:00:00+00:00,67693.43598,65336.115600000005,0.0043292532339275405,293.0620266320819,65929.07020681357,87857.61624498767,SL_GAP,-10.205436878518256,0.2879593081928228,0.0,-10.346865173395038,7.638386229398384,-1.3545878491417918,1,1007.6556825829131,,6
ETH,1,DONCHIAN_V2,2024-10-15 14:00:00+00:00,2024-10-15 15:00:00+00:00,2672.1842323242186,2566.466125,0.08844167366525371,236.33244584865506,2585.8302893210007,3659.0864380752787,SL_GAP,-9.349886348476813,0.23165750267441665,0.0,-9.463377628226903,7.637287246798514,-1.2391019641422902,1,998.1923049546862,,6
SOL,1,DONCHIAN_V2,2024-10-15 14:00:00+00:00,2024-10-15 15:00:00+00:00,158.58171305236817,152.1414423577706,1.199906774416165,190.28327179005692,152.21755113333725,231.31499212700737,SL,-7.7277244355215435,0.18641940957229614,0.0,-7.819002209198811,7.636401000126581,-1.0239119460946595,1,990.3733027454873,,6
LINK,1,DONCHIAN_V2,2024-10-15 14:00:00+00:00,2024-10-15 15:00:00+00:00,11.655330477905274,11.121436355113984,15.290964909707764,178.22124934869697,11.155971053372836,17.362295329704565,SL_GAP,-8.163756297100825,0.17413937120014655,0.0,-8.248785043626624,7.635687437857368,-1.0802937012232254,1,982.1245177018607,,6
XRP,-1,DONCHIAN_V2,2024-10-02 19:00:00+00:00,2024-10-17 04:00:00+00:00,0.5690861393094063,0.5583337615680771,207.5640759010259,118.1218386138394,0.5580547342009766,0.1748219098992494,SL,2.2318073496177555,0.11700593493903053,0.0,2.1738623339856447,7.160570413355558,0.30358787198448034,345,984.1296131971643,,6
XRP,1,DONCHIAN_V2,2024-10-17 05:00:00+00:00,2024-10-17 18:00:00+00:00,0.5593118288397789,0.5441352550530412,495.2220100936468,276.9835281471891,0.5444074587824324,0.7296474866380258,SL,-7.515773377002821,0.27322564145868766,0.0,-7.6505072543879145,7.380972098978732,-1.036517568660973,13,976.2692248731224,,6
SOL,-1,DONCHIAN_V2,2024-10-17 18:00:00+00:00,2024-10-18 15:00:00+00:00,149.42010694885255,155.2247418783557,1.2784949811102837,191.03285681106982,155.1471682942086,83.9679772876406,SL,-7.421196624547225,0.19474345512334343,0.0,-7.520423651265033,7.322019186548418,-1.0270969605052542,21,968.6532847934519,,6
DOGE,1,DONCHIAN_V2,2024-10-16 08:00:00+00:00,2024-10-20 13:00:00+00:00,0.12016402917802334,0.137170909941136,1034.9337605889457,124.36181060473149,0.137239529705989,0.20150159575731563,SL,17.600995064055997,0.1331623081367595,0.0,17.530013661221602,7.3656619449928105,2.379964461054113,101,986.0127681806209,,6
AVAX,-1,DONCHIAN_V2,2024-10-16 08:00:00+00:00,2024-10-20 22:00:00+00:00,27.33153249320984,28.777088704880875,5.1462583674220355,140.65512778764838,28.762707351205272,10.97524840183345,SL,-7.439205749890968,0.14437473066259388,0.0,-7.513252916659738,7.365195588203042,-1.0201022941867073,110,978.3653566493471,,6
SOL,1,DONCHIAN_V2,2024-10-20 22:00:00+00:00,2024-10-21 13:00:00+00:00,163.88277610473634,164.41219277027466,1.5376314215430655,251.99130598834967,164.4944399902698,218.42113070511584,SL,0.8140477000202778,0.2523983298383598,0.0,0.6876450231760929,7.3377401748701025,0.09371346038268057,15,978.9270060195289,,6
BTC,1,DONCHIAN_V2,2024-10-18 15:00:00+00:00,2024-10-21 15:00:00+00:00,68445.58638,66954.13936906336,0.00498294435249041,341.06054810511546,66987.63318565617,85107.9086010722,SL,-7.43179746018542,0.3373446493750228,0.0,-7.598611835507885,7.264899635950889,-1.0459348671391957,72,971.2276093538835,,6
LINK,1,DONCHIAN_V2,2024-10-20 14:00:00+00:00,2024-10-23 03:00:00+00:00,11.78535659236908,11.754499154974912,22.76700133129132,268.3172292282098,11.760379344647236,15.497544196698342,SL,-0.7025313182332643,0.26796596356909314,0.0,-0.8363386671882526,7.395095761354656,-0.11309368995041241,61,970.3260996294729,,6
APT,1,DONCHIAN_V2,2024-10-22 02:00:00+00:00,2024-10-23 09:00:00+00:00,10.641527408409118,10.041799135121884,12.248440420489102,130.3421144449009,10.04682254639508,17.43815440285525,SL,-7.345736023841486,0.12666924643298016,0.0,-7.407234213052015,7.284207070154126,-1.0168895724288196,31,962.7451515205018,,6
BTC,-1,DONCHIAN_V2,2024-10-23 09:00:00+00:00,2024-10-24 13:00:00+00:00,66531.39106,67833.011055339,0.005695726290209111,378.9445931846254,67799.11149958921,52043.15746469468,SL,-7.413671227314216,0.3826514287982825,0.0,-7.606850359520186,7.220588636403764,-1.0534944922868228,28,954.9488288643894,,6
BTC,1,DONCHIAN_V2,2024-10-24 14:00:00+00:00,2024-10-25 18:00:00+00:00,67914.5802,66532.23087522072,0.005308942039306351,360.5545699056227,66565.51363203673,83332.48383386593,SL,-7.338812443327465,0.356885163683959,0.0,-7.515420322058613,7.16211621648292,-1.0493295689286077,28,947.253131257378,,6
XRP,-1,DONCHIAN_V2,2024-10-23 08:00:00+00:00,2024-10-27 03:00:00+00:00,0.5265946798324586,0.5163399888736057,659.7632014601957,347.4277918381696,0.5160819478996559,0.40053307416000716,SL,6.7656677369977105,0.3440449579696707,0.0,6.5953366749471245,7.277445747221046,0.9062708131442422,91,953.7899109187631,,6
AVAX,-1,DONCHIAN_V2,2024-10-21 14:00:00+00:00,2024-10-28 11:00:00+00:00,27.738450681304933,26.238124849291953,7.2667959213333,201.56966027501159,26.225012343120394,16.191679587726078,SL,10.90256163674291,0.19611837945664012,0.0,10.807228087423775,7.341952545146467,1.471982830312366,165,964.491493247652,,6
APT,-1,DONCHIAN_V2,2024-10-25 18:00:00+00:00,2024-10-29 01:00:00+00:00,9.43231344680786,9.471700526791048,12.41625692194744,117.11402712390601,9.466967043269413,2.8930539866700187,SL,-0.4890401044765516,0.1173585471761443,0.0,-0.5478416380907429,7.104398484430335,-0.07711302220608358,79,963.7109609388052,,6
SUI,-1,DONCHIAN_V2,2024-10-15 21:00:00+00:00,2024-10-29 02:00:00+00:00,1.9944010399999998,1.8936096154933757,36.36015902378705,72.51673897160627,1.89266328385145,-0.32082814979066643,SL,3.664792223294881,0.07068434285995884,0.0,3.6303662499207254,7.365933882763954,0.4928589242995602,317,967.3413271887259,,6
NEAR,-1,DONCHIAN_V2,2024-10-17 08:00:00+00:00,2024-10-29 02:00:00+00:00,4.8460307220458985,4.4502714440987905,29.463001650234197,142.77861116072393,4.448047420388597,1.9833863409983885,SL,11.660256259251137,0.13694848303109836,0.0,11.5946970818004,7.37993341074818,1.5711113415893174,282,978.9360242705263,,6
DOGE,1,DONCHIAN_V2,2024-10-27 16:00:00+00:00,2024-10-29 19:00:00+00:00,0.1410482039809227,0.1720842668470331,1498.0092699258805,211.29151706981867,0.17217035202304462,0.19562291361535564,SL,46.49230987543579,0.23453767200753656,0.0,46.36341796196316,7.153424331890723,6.481290052271907,51,1024.998553712117,,6
BTC,1,DONCHIAN_V2,2024-10-28 13:00:00+00:00,2024-10-30 12:00:00+00:00,68933.2839,71781.68802528495,0.0067511848439880924,465.38134151200836,71817.59682369679,81178.64546713965,SL,19.23010276017696,0.47499639289209683,0.0,18.987797038040867,7.23368619935739,2.624913013192038,47,1043.9863507501577,,6
SOL,1,DONCHIAN_V2,2024-10-29 03:00:00+00:00,2024-10-30 15:00:00+00:00,180.9461856628418,173.90979801330724,1.0563779125282238,191.14755389045723,173.99679641151297,260.36777710659965,SL,-7.433084496954694,0.1874310116419799,0.0,-7.524941731651445,7.34118131066482,-1.0250314510989764,36,1036.4614090185062,,6
ETH,1,DONCHIAN_V2,2024-10-29 03:00:00+00:00,2024-10-31 13:00:00+00:00,2613.432494091797,2597.997770542976,0.08559587092436224,223.69903043381552,2599.297419252602,3593.7227951797763,SL,-1.3211486046380783,0.22303845613149648,0.0,-1.432337545552667,7.342020182028947,-0.19508766116696297,58,1034.583381761322,,6
LINK,1,DONCHIAN_V2,2024-10-29 03:00:00+00:00,2024-10-31 14:00:00+00:00,11.46929340763092,11.849011155069267,16.298341125046754,186.93045642081864,11.854938624381457,16.61650577098498,SL,6.188769378984529,0.19002484111031093,0.0,6.092209766084627,7.34046450733773,0.8299488077348085,59,1040.58335220878,,6
XRP,-1,DONCHIAN_V2,2024-10-31 07:00:00+00:00,2024-11-01 03:00:00+00:00,0.5179964032649994,0.5184532602456663,833.2771630438262,431.6345733795645,0.5181941631640843,0.4113817577610626,SL,-0.3806884887668714,0.4318249176239479,0.0,-0.5966961197010371,7.7734605676387964,-0.07676068007408503,20,1039.8750934939806,,6
AVAX,-1,DONCHIAN_V2,2024-10-31 07:00:00+00:00,2024-11-01 13:00:00+00:00,25.83983031349182,25.547587452809566,10.105340702598237,261.12028901516067,25.534820042788173,17.05031461739731,SL,2.95321367509613,0.2596436821776126,0.0,2.824130137426098,7.771841937988622,0.3633797701960202,30,1042.6381886897018,,6
SUI,-1,DONCHIAN_V2,2024-11-01 08:00:00+00:00,2024-11-01 13:00:00+00:00,1.9331133,2.0576485094318464,63.14678162414834,122.06988340983676,2.05662019933218,0.5216058790607976,SL,-7.863997674510381,0.12600188224709197,0.0,-7.928964615052555,7.799063201204854,-1.016656027845451,5,1034.7092240746492,,6
NEAR,-1,DONCHIAN_V2,2024-10-31 09:00:00+00:00,2024-11-01 14:00:00+00:00,4.220155994510651,4.150354338137295,47.065691677425065,198.62456086827544,4.148280198038276,2.3332218672270626,SL,3.28526323744193,0.19698192924955446,0.0,3.1875935886265134,7.7708627369048155,0.4101981590136995,29,1037.8968176632757,,6
SOL,-1,DONCHIAN_V2,2024-10-31 14:00:00+00:00,2024-11-01 14:00:00+00:00,171.905614440918,173.2973944593863,1.2979517331231467,223.12519019718894,173.21078906485388,103.18745144256391,SL,-1.806463287097127,0.2240284218407375,0.0,-1.91892911383927,7.80437514156585,-0.24587863589733347,24,1035.9778885494363,,6
AVAX,-1,DONCHIAN_V2,2024-11-02 13:00:00+00:00,2024-11-03 21:00:00+00:00,24.178163964462282,23.727016019785196,10.392702208006405,251.27645801900806,23.715158440564917,15.634530804623104,SL,4.6886462407830996,0.24893213489861651,0.0,4.565352334893987,7.769250580407535,0.5876181090627807,32,1040.1796236094085,,6
SUI,-1,DONCHIAN_V2,2024-11-02 13:00:00+00:00,2024-11-03 22:00:00+00:00,1.90821828,1.939402015087362,69.48883650911995,132.5998680826341,1.938432798688018,0.6305934027731717,SL,-2.166921469229409,0.13368332881724881,0.0,-2.234304864005341,7.768308293689962,-0.28761794454272893,33,1037.9453187454033,,6
BTC,-1,DONCHIAN_V2,2024-11-04 22:00:00+00:00,2024-11-05 07:00:00+00:00,67101.87694,68997.00698397806,0.0041834311724906715,280.71608372342894,68962.5257211175,45837.319441514206,SL,-7.9281461019014365,0.28468015677437963,0.0,-8.072468216814102,7.783896111983735,-1.0370729645769674,9,1029.639988672489,,6
APT,-1,DONCHIAN_V2,2024-10-31 13:00:00+00:00,2024-11-05 09:00:00+00:00,9.338431546401978,8.273543675912363,19.754777484481522,184.47863725323376,8.26940897142665,4.8494629589702125,SL,21.036622927445727,0.1739603257895109,0.0,20.954901920282833,7.759375363209915,2.7005913413646434,116,1050.5460442456192,,6
NEAR,-1,DONCHIAN_V2,2024-11-02 14:00:00+00:00,2024-11-05 09:00:00+00:00,3.853229291534424,3.724845701479628,48.72170483699219,187.73590021139273,3.722984209374941,2.0311464301254434,SL,6.255067380563179,0.18460836652111115,0.0,6.164326964147764,7.7678110441846515,0.7935732382113838,67,1056.710371209767,,6
SOL,-1,DONCHIAN_V2,2024-11-01 16:00:00+00:00,2024-11-05 14:00:00+00:00,164.08717111816406,166.0061275262234,0.9484124960526261,155.62232353039235,165.92316594325177,70.4590239750232,SL,-1.819962236783731,0.1565323046487842,0.0,-1.898683379667319,7.769834164120773,-0.24436601085194104,94,1054.8116878300996,,6
LINK,-1,DONCHIAN_V2,2024-11-04 15:00:00+00:00,2024-11-05 16:00:00+00:00,10.491901634788514,10.93883742103365,17.633374284000144,185.00762847713884,10.933370735665818,5.446540481905037,SL,-7.880985999774373,0.18894812147702605,0.0,-7.97743030701283,7.784589890590525,-1.0247720713785318,25,1046.5146536745265,,6
DOGE,1,DONCHIAN_V2,2024-11-05 07:00:00+00:00,2024-11-06 08:00:00+00:00,0.16940386959314346,0.19414607515284238,576.6851403070019,97.692694304871,0.19424319675121798,0.322442070169882,SL,14.268462284699652,0.10482692544722083,0.0,14.212481706404866,7.722299915043668,1.8404467403186189,25,1060.6397357069627,,6
SOL,1,DONCHIAN_V2,2024-11-05 15:00:00+00:00,2024-11-09 17:00:00+00:00,166.9633786743164,195.87697933314263,1.1763801833066092,196.41241001038313,195.9749668165509,243.80807467997494,SL,34.01338684308409,0.21341910343192516,0.0,33.89817394465736,7.909875537661765,4.285550864012455,98,1094.447244934043,,6
SUI,1,DONCHIAN_V2,2024-11-05 15:00:00+00:00,2024-11-10 20:00:00+00:00,2.0335066200000003,2.8716127245128154,58.79646626493112,119.56300338234412,2.873049249137384,3.5708466276676947,SL,49.277677300420564,0.14420184203255443,0.0,49.19325696007918,7.909138991124228,6.219799274647304,125,1143.5679776254592,,6
LINK,1,DONCHIAN_V2,2024-11-06 01:00:00+00:00,2024-11-10 20:00:00+00:00,11.062212419700622,14.074323825975922,15.801481774636706,174.7993479370592,14.081364508230036,16.738974720134152,SL,47.5958234894345,0.19859725968177644,0.0,47.48462590372125,7.8488599025589485,6.04987558616506,115,1191.0526035291805,,6
NEAR,1,DONCHIAN_V2,2024-11-09 21:00:00+00:00,2024-11-10 20:00:00+00:00,4.545909076309204,4.606939263654075,31.90748756550184,145.0485373262379,4.609243885596873,7.485963935185522,SL,1.9473199438267148,0.14602219729815125,0.0,1.8738220151916825,8.208354337005323,0.22828230096549587,23,1192.9264255443723,,6
BTC,1,DONCHIAN_V2,2024-11-05 15:00:00+00:00,2024-11-11 23:00:00+00:00,69981.89357999999,89556.7733183887,0.004618798766264042,323.2322837281254,85862.82602943126,89556.7733183887,TP,90.41243038543679,0.3684384989208438,0.0,90.20560802838001,7.911087658725747,11.4024280755991,152,1282.969729173079,,6
ETH,1,DONCHIAN_V2,2024-11-06 19:00:00+00:00,2024-11-12 10:00:00+00:00,2678.885767675781,3270.595685064251,0.06768837900522051,181.32943515412938,3272.2318009647333,4021.9815646559305,SL,40.05188514933847,0.20135537772879863,0.0,39.941194489186735,7.9547980178022195,5.0210193143561215,135,1322.85150822915,,6
NEAR,1,DONCHIAN_V2,2024-11-11 03:00:00+00:00,2024-11-12 10:00:00+00:00,5.124024744987488,5.142641009901691,19.60376365039026,100.45017003948594,5.145213616710046,10.339902588586995,SL,0.36494885743109234,0.1006326444682015,0.0,0.3145412979826338,8.946948191582791,0.03515626683504789,31,1323.1660495271328,,6
SUI,1,DONCHIAN_V2,2024-11-11 04:00:00+00:00,2024-11-12 10:00:00+00:00,3.2671533,2.894441592165648,24.09761574780319,78.73060481256715,2.895889536934115,7.510167735038685,SL,-8.981463520099698,0.07423987305251731,0.0,-9.016338090745933,8.946571503445144,-1.00779813666877,30,1314.149711436387,,6
SOL,1,DONCHIAN_V2,2024-11-11 11:00:00+00:00,2024-11-13 04:00:00+00:00,215.8031465057373,202.42634950029608,0.6738920486066825,145.42802449451935,202.52761330694955,367.5235259204542,SL,-9.01451713779251,0.14092076592562308,0.0,-9.082723891470874,8.946276263677095,-1.0152518907053845,41,1305.0669875449162,,6
AVAX,1,DONCHIAN_V2,2024-11-11 23:00:00+00:00,2024-11-13 04:00:00+00:00,35.059008538055416,32.20401190771513,3.389453130204176,118.83086623116687,32.22012196869947,67.50342647355185,SL,-9.676877265429265,0.11399242759845224,0.0,-9.731454259912134,9.622272968798093,-1.0113467256092277,29,1295.335533285004,,6
BTC,1,DONCHIAN_V2,2024-11-13 15:00:00+00:00,2024-11-14 21:00:00+00:00,91554.3072,87062.7771423208,0.00218414275397046,199.9676766656655,87106.33030747453,142388.3288288624,SL,-9.81014282972053,0.19506260525080524,0.0,-9.905221596638501,9.715016499637528,-1.0195784636092045,30,1285.1814148938106,,6
LINK,-1,DONCHIAN_V2,2024-11-14 15:00:00+00:00,2024-11-16 02:00:00+00:00,13.018395708465576,14.048327801250979,9.496374661373295,123.62756313760335,14.041307147677141,1.3279792603334055,SL,-9.78062102886247,0.1285178736520346,0.0,-9.847325120945703,9.7139502721576,-1.0137302379620354,35,1275.2846439829357,,6
XRP,1,DONCHIAN_V2,2024-11-14 18:00:00+00:00,2024-11-16 15:00:00+00:00,0.7660531958341599,1.086564966770267,117.27475125669227,89.83869799084528,1.0871085210307823,1.7126446404992344,SL,37.587938211373896,0.10863266709653221,0.0,37.52422489327279,9.713486668795833,3.863105615187364,45,1312.6514238734514,,6
LINK,1,DONCHIAN_V2,2024-11-16 03:00:00+00:00,2024-11-17 02:00:00+00:00,14.012802228927612,13.907575399164473,12.790223885180922,179.22687776674638,13.914532665497221,22.559182129911505,SL,-1.3458747113983573,0.17855394041104722,0.0,-1.4348152129260314,9.564634829872018,-0.15001254501058983,23,1311.178282829798,,6
APT,1,DONCHIAN_V2,2024-11-16 04:00:00+00:00,2024-11-17 02:00:00+00:00,12.521203385925293,11.632665865421016,10.83467168176048,135.6631277470482,11.638485107975002,22.609412276785765,SL,-9.627012311589365,0.13084962159125352,0.0,-9.690030369307093,9.563962729080393,-1.013181527761853,22,1301.488252460491,,6
XRP,1,DONCHIAN_V2,2024-11-16 15:00:00+00:00,2024-11-17 02:00:00+00:00,1.1939386959314346,1.0400728652008662,64.20066768583871,76.65166145475766,1.040593161781757,2.9464590862134656,SL,-9.878289066938736,0.0717125169212883,0.0,-9.911675753132645,9.844885679050886,-1.006784240697064,11,1291.5765767073583,,6
LINK,-1,DONCHIAN_V2,2024-11-17 22:00:00+00:00,2024-11-18 05:00:00+00:00,13.644270912742614,14.44287141986563,12.239066448290723,166.99313833953718,14.435653593069096,4.59989742329711,SL,-9.774124672317262,0.17188020067569582,0.0,-9.862508303823189,9.685785210542226,-1.0182456134881674,7,1281.492023199304,,6
BTC,1,DONCHIAN_V2,2024-11-18 07:00:00+00:00,2024-11-18 13:00:00+00:00,92188.73406,89845.94573970215,0.004182701210685609,385.5979295643357,89890.8911852948,118449.79548520241,SL,-9.799183543689946,0.38069833779249074,0.0,-9.987082916700269,9.61119017399478,-1.0391099058389823,6,1271.3121413178214,,6
NEAR,1,DONCHIAN_V2,2024-11-14 22:00:00+00:00,2024-11-20 02:00:00+00:00,5.618123503017426,5.564168647639835,17.602243846210495,98.89157985823903,5.566952123701685,11.87632603408925,SL,-0.9497265210433791,0.09841671659771734,0.0,-0.9986974477119769,9.63886061170358,-0.10361156654753889,124,1270.2442135480173,,6
AVAX,1,DONCHIAN_V2,2024-11-17 06:00:00+00:00,2024-11-20 02:00:00+00:00,36.459290064239504,33.46657081747148,3.254806167247194,118.66792215454109,33.48331247370833,70.4704625274529,SL,-9.740721061219947,0.11379756162393112,0.0,-9.795184661766609,9.686230215250307,-1.0112483849851885,68,1260.4490288862507,,6
APT,-1,DONCHIAN_V2,2024-11-20 03:00:00+00:00,2024-11-20 08:00:00+00:00,11.392421110343934,12.199961164552922,11.795431835464193,134.37852664796517,12.193864232436704,2.233071143569422,SL,-9.525283663829185,0.13914116847987978,0.0,-9.597235568985083,9.45336771664688,-1.0152186878423082,5,1250.7846040539416,,6
SUI,1,DONCHIAN_V2,2024-11-13 16:00:00+00:00,2024-11-20 19:00:00+00:00,3.420684,3.4238417784653965,24.661632385684754,84.35965131559367,3.425554555743268,7.9224212822820625,SL,0.07787597166903884,0.08439858930142818,0.0,0.035657208025407484,9.714266620850033,0.0036706021583631757,171,1250.5876087106367,,6
LINK,1,DONCHIAN_V2,2024-11-18 16:00:00+00:00,2024-11-20 19:00:00+00:00,15.159031337356566,14.108074580468283,9.133871492360708,138.46064418408375,14.115132146541553,27.089307803813853,SL,-9.59930396144575,0.13366099220336086,0.0,-9.66373463155707,9.53484105988366,-1.013518166780536,51,1240.9238740790797,,6
APT,1,DONCHIAN_V2,2024-11-20 09:00:00+00:00,2024-11-20 19:00:00+00:00,12.499999919700622,11.486812633317973,9.311596873573738,116.39496017195628,11.49255891277436,24.01361142742934,SL,-9.434391568225337,0.11167776438784362,0.0,-9.487871852527203,9.380884530404561,-1.011404822410497,10,1231.4360022265525,,6
ETH,-1,DONCHIAN_V2,2024-11-20 19:00:00+00:00,2024-11-21 12:00:00+00:00,3048.7900223632814,3165.6650371163983,0.08010696364163698,244.229311472441,3164.082995618589,1731.1560423026217,SL,-9.362502557443715,0.24891056275116286,0.0,-9.489298464458658,9.235770016699144,-1.0274507103686115,17,1221.7016094449173,,6
LINK,-1,DONCHIAN_V2,2024-11-20 20:00:00+00:00,2024-11-21 12:00:00+00:00,14.164166416931153,15.189038516690985,9.07754156097413,128.57580932624654,15.18144779279459,2.53809354992044,SL,-9.303319080252704,0.1332274688663729,0.0,-9.372258644455954,9.234413968605294,-1.0149272792317192,16,1212.3293508004613,,6
NEAR,-1,DONCHIAN_V2,2024-11-20 19:00:00+00:00,2024-11-21 14:00:00+00:00,5.42691437330246,5.856790211489056,21.629881269579073,117.38351355470434,5.853863279849132,0.5474982984833492,SL,-9.298163340636851,0.12203259522502276,0.0,-9.361504179084521,9.234854156781124,-1.013714350021478,19,1202.8648445913898,,6
XRP,1,DONCHIAN_V2,2024-11-21 19:00:00+00:00,2024-11-23 16:00:00+00:00,1.208341581273079,1.4488443031564537,82.07021550126198,99.16885397421726,1.4495690877003038,2.464615862207444,SL,19.73811021360865,0.1090379090810216,0.0,19.678656731514735,9.021486334435423,2.181309819912979,45,1222.426580209266,,6
DOGE,1,DONCHIAN_V2,2024-11-22 03:00:00+00:00,2024-11-23 16:00:00+00:00,0.3971394188582897,0.4407763635913276,339.1085520798342,134.67337330286142,0.44099686202233873,0.701167289104873,SL,14.797661145608236,0.14207220387566555,0.0,14.722925628384,9.02111445123302,1.6320517501439802,37,1237.14950583765,,6
APT,1,DONCHIAN_V2,2024-11-24 02:00:00+00:00,2024-11-24 11:00:00+00:00,13.30105960521698,12.171507280754263,8.258510007260032,109.84693385684659,12.177596078793659,26.140642764340633,SL,-9.328419175299176,0.105182724269197,0.0,-9.37867843263995,9.278134775758634,-1.010836623880913,9,1227.65103486825,,6
SOL,1,DONCHIAN_V2,2024-11-17 05:00:00+00:00,2024-11-24 12:00:00+00:00,235.2170321685791,244.2768736260108,0.673545391281633,158.42934796809007,244.3990731625921,399.58095648720496,SL,6.102214459395396,0.16148045519778778,0.0,6.019948678181653,9.686824325305187,0.621457401932598,175,1233.6709835464317,,6
ETH,1,DONCHIAN_V2,2024-11-21 13:00:00+00:00,2024-11-24 12:00:00+00:00,3287.0273912109374,3284.6046695075015,0.06267184159304279,206.00405997396456,3286.2477934042035,4945.091710256906,SL,-0.15183643082175866,0.20592814175855367,0.0,-0.2547625425933301,9.09247013100346,-0.028019068407455314,71,1233.4162210038382,,6
LINK,1,DONCHIAN_V2,2024-11-23 16:00:00+00:00,2024-11-24 12:00:00+00:00,17.93058544578552,16.639900476777573,7.23557744702433,129.73813966346842,16.648224589072107,32.58613809393884,SL,-9.338851052967206,0.1250687141369848,0.0,-9.399050697272456,9.278621293782374,-1.0129792347027657,20,1224.0171703065657,,6
BTC,1,DONCHIAN_V2,2024-11-20 14:00:00+00:00,2024-11-24 15:00:00+00:00,94409.47812,95976.18981078824,0.0036957109544169826,348.91014248887444,96024.20191174411,123417.46112671909,SL,5.790113558059268,0.3518051992679041,0.0,5.612763430035801,9.380448049303917,0.5983470512852849,97,1229.5673180203282,,6
ETH,1,DONCHIAN_V2,2024-11-25 11:00:00+00:00,2024-11-25 15:00:00+00:00,3503.9106029296872,3373.8082707000535,0.07180317568935764,251.59190862196337,3375.496018709408,4971.505851161452,SL,-9.341760618679565,0.2469210283126236,0.0,-9.462885692681207,9.220574951844526,-1.0262793526544902,4,1219.821311932278,,6
AVAX,1,DONCHIAN_V2,2024-11-25 08:00:00+00:00,2024-11-25 17:00:00+00:00,45.00299828109741,41.20110317708634,2.4386979883189084,109.74872137643155,41.221714034103385,88.21767538960054,SL,-9.271673941951311,0.1051128844054559,0.0,-9.321912465668552,9.22141028640631,-1.0108987862095666,9,1210.4993994666095,,6
LINK,1,DONCHIAN_V2,2024-11-25 09:00:00+00:00,2024-11-26 08:00:00+00:00,18.460692132568358,16.945885475967394,6.1215018892424995,113.00716176624135,16.95436265729604,35.67588613568054,SL,-9.272891810219916,0.1083707158611314,0.0,-9.324758945197926,9.220998728701149,-1.0112526006726164,23,1201.039893722805,,6
NEAR,1,DONCHIAN_V2,2024-11-25 00:00:00+00:00,2024-11-26 10:00:00+00:00,6.877375127506256,6.184115042735225,13.361638309604814,91.89299897321088,6.187208647058754,14.764992046906276,SL,-9.263090507196484,0.08726145371961264,0.0,-9.304405461429491,9.221754885152462,-1.0089625648595475,34,1191.683951241543,,6
SUI,-1,DONCHIAN_V2,2024-11-24 12:00:00+00:00,2024-11-26 14:00:00+00:00,3.3201358400000003,3.3891154585142957,37.7187677196258,125.2314325465647,3.3874217476404755,0.5386091943068858,SL,-2.60182620812911,0.12653234565062926,0.0,-2.665742837506457,9.180128777299243,-0.2903818565267129,50,1188.8961045406452,,6
APT,-1,DONCHIAN_V2,2024-11-26 09:00:00+00:00,2024-11-27 19:00:00+00:00,11.477003685379028,12.486236726267894,8.980918930648789,103.07403966514643,12.479996727903943,0.014226056522852915,SL,-9.063840122355057,0.10760595972632396,0.0,-9.119909062248807,9.007799202921037,-1.01244586572172,34,1179.6728332474324,,6
BTC,-1,DONCHIAN_V2,2024-11-25 22:00:00+00:00,2024-11-27 20:00:00+00:00,93763.44356,96970.62325151727,0.002874186217796006,269.49359721324566,96922.16217043206,57663.80229791934,SL,-9.218031667354197,0.27410261304692274,0.0,-9.357387481794497,9.07874549599957,-1.0306916837703741,46,1170.3154457656378,,6
SOL,-1,DONCHIAN_V2,2024-11-26 11:00:00+00:00,2024-11-27 20:00:00+00:00,227.11457166137697,241.31418569320334,0.6348191413946093,144.17667738027978,241.19358889875397,66.21151751992542,SL,-9.014186787818863,0.1486837707741892,0.0,-9.090782219902913,8.937629634311572,-1.017135705087106,33,1161.224663545735,,6
DOGE,-1,DONCHIAN_V2,2024-11-26 11:00:00+00:00,2024-11-28 01:00:00+00:00,0.3774844776928425,0.4114157347703695,264.9938085233396,100.03104940226997,0.4112101297055168,-0.007951545309149322,SL,-8.99157304095841,0.10452683592274918,0.0,-9.046084352180024,8.937088971771397,-1.0121958481954134,38,1151.8624069893253,,6
SOL,1,DONCHIAN_V2,2024-11-27 21:00:00+00:00,2024-12-02 03:00:00+00:00,241.77834172668457,230.55111289631378,0.7836741611143621,189.4754391282811,230.66644611937346,368.7714343816688,SL,-8.79848913527981,0.18507619456064117,0.0,-8.88882761027631,8.7081054684499,-1.0207533248743001,102,1142.9048576020339,,6
APT,1,DONCHIAN_V2,2024-11-27 21:00:00+00:00,2024-12-02 03:00:00+00:00,12.558211442184447,12.864820484402555,12.342532364706553,155.0001311679897,12.871256112458784,20.620826312233962,SL,3.784332026888676,0.15689229718143405,0.0,3.704939795291237,8.70739493555317,0.42549348257578107,102,1146.609797397325,,6
LINK,1,DONCHIAN_V2,2024-12-02 03:00:00+00:00,2024-12-02 04:00:00+00:00,19.5969190120697,18.58247523947966,8.555530575616151,167.6620397956358,18.59177112504218,31.084323435241398,SL,-8.6791047136375,0.16332248743881705,0.0,-8.758596181178499,8.599573480479938,-1.0184919288217635,1,1137.7673701962487,,6
DOGE,1,DONCHIAN_V2,2024-11-28 02:00:00+00:00,2024-12-02 08:00:00+00:00,0.41174231777787207,0.42369385252088865,333.80963796007984,137.4435540302756,0.4239058054236004,0.7075128774884194,SL,3.98953748563368,0.13943832277309245,0.0,3.918820939875725,8.63896805241994,0.4536214182176525,102,1141.5199028551453,,6
ETH,1,DONCHIAN_V2,2024-11-27 16:00:00+00:00,2024-12-03 13:00:00+00:00,3553.7106,3544.937921918237,0.05817143971379043,206.724461928158,3546.7112775570154,5305.521813382085,SL,-0.5103193141617631,0.20646930227107713,0.0,-0.6134263854687613,8.916720784054839,-0.06879506494873201,141,1140.8459179714803,,6
BTC,1,DONCHIAN_V2,2024-11-27 20:00:00+00:00,2024-12-03 13:00:00+00:00,96668.8299,93697.33862972658,0.002977886858261529,287.86883816272916,93744.21073509412,130093.04892749577,SL,-8.848764803186059,0.28344445576113614,0.0,-8.98827483986583,8.709184976593011,-1.0320454628099998,137,1131.8576431316144,,6
LINK,1,DONCHIAN_V2,2024-12-02 08:00:00+00:00,2024-12-03 13:00:00+00:00,19.803959236907957,23.96916022487966,6.115797096109277,121.11699639254817,23.981150800279796,35.802620010679554,SL,25.473524106948823,0.1338537584460226,0.0,25.400228846699076,8.56139927141359,2.966831477128994,29,1157.2578719783135,,6
AVAX,1,DONCHIAN_V2,2024-12-02 04:00:00+00:00,2024-12-03 14:00:00+00:00,47.10841882324219,48.27209667795158,2.7669675014207966,130.34746392723088,48.29624480035175,82.35070137046273,SL,3.219858806103957,0.13195739333028284,0.0,3.1530751447372896,8.532496917354248,0.36953721463693107,34,1160.4109471230508,,6
BTC,-1,DONCHIAN_V2,2024-12-03 14:00:00+00:00,2024-12-03 15:00:00+00:00,93715.95306,96051.21633092818,0.0038050225044443066,356.5913104187463,96003.2147235664,67575.81976209824,SL,-8.885729299683929,0.36103417506858826,0.0,-9.068467819543145,8.703082103422881,-1.0419834849054863,1,1150.9936530738737,,6
SOL,-1,DONCHIAN_V2,2024-12-02 04:00:00+00:00,2024-12-03 21:00:00+00:00,228.39431444091798,230.79617661466972,0.885438407371295,202.22909803122516,230.68083619657145,118.25348857035226,SL,-2.1267010178520955,0.20329244854015122,0.0,-2.228878917376634,8.533255276471865,-0.2611991373939278,41,1148.7226521902594,,6
ETH,-1,DONCHIAN_V2,2024-12-03 14:00:00+00:00,2024-12-04 00:00:00+00:00,3546.2906000000003,3677.986485237771,0.06700979183953311,237.636194908493,3676.148411032255,2062.2013310599486,SL,-8.824913855906052,0.24204865183644603,0.0,-8.948144410288252,8.70174488600881,-1.028316105276267,10,1139.7745077799711,,6
DOGE,-1,DONCHIAN_V2,2024-12-03 14:00:00+00:00,2024-12-04 21:00:00+00:00,0.396090756303072,0.42962747648782434,261.11428326567665,103.42495394023643,0.42941277010277296,0.01526774144934695,SL,-8.75691665412316,0.107803412267298,0.0,-8.813007589420339,8.700853750277902,-1.0128899809560474,31,1130.7328091480144,,6
APT,1,DONCHIAN_V2,2024-12-04 12:00:00+00:00,2024-12-05 01:00:00+00:00,14.765052639770508,13.595212169286626,7.348848245348435,108.50613118425477,13.602013175874562,28.05693222715275,SL,-8.596980088853062,0.10420764113982825,0.0,-8.646934664400764,8.547000523522701,-1.0116923054588598,13,1121.940227354064,,6
BTC,1,DONCHIAN_V2,2024-12-04 21:00:00+00:00,2024-12-05 19:00:00+00:00,98799.85602,99809.87249597916,0.002948326757076184,291.2942590990405,99859.80239717774,131672.72360064223,SL,2.977858601217127,0.29278318839964906,0.0,2.830722542366998,8.480496068610108,0.33379209417296896,22,1124.7282795736492,,6
AVAX,1,DONCHIAN_V2,2024-12-04 07:00:00+00:00,2024-12-05 22:00:00+00:00,54.155829457855226,49.575996856011706,1.8766736275352813,101.63281692085522,49.60079725463902,106.21334035175477,SL,-8.594851062406025,0.0973353913896522,0.0,-8.64137004533525,8.548308808349784,-1.0108865085564722,39,1116.086909528314,,6
ETH,1,DONCHIAN_V2,2024-12-04 08:00:00+00:00,2024-12-05 22:00:00+00:00,3716.2931588378906,3766.5231263039927,0.06652950302903608,247.24313696769153,3768.407329968977,5184.673316058093,SL,3.341774772684427,0.24891402435403376,0.0,3.2164823168142394,8.54792768528633,0.3762879653685906,38,1119.3033918451283,,6
DOGE,1,DONCHIAN_V2,2024-12-05 05:00:00+00:00,2024-12-05 22:00:00+00:00,0.46307259816527363,0.41720512812547006,184.29215181803863,85.34064556384821,0.4174138350429915,0.9848870338484981,SL,-8.453014752084819,0.0811141381878058,0.0,-8.491458567490701,8.41455170515548,-1.0091397456489692,17,1110.8119332776375,,6
NEAR,1,DONCHIAN_V2,2024-12-06 02:00:00+00:00,2024-12-09 07:00:00+00:00,8.116622771072388,7.302594043630151,10.280528510376575,83.44317180598141,7.306247167213757,17.37805824374245,SL,-8.368645540735477,0.07925884903561367,0.0,-8.4061828038681,8.331089499582282,-1.0090136235230198,77,1102.1556489533498,,6
APT,1,DONCHIAN_V2,2024-12-06 23:00:00+00:00,2024-12-09 07:00:00+00:00,14.69463832168579,13.715478863151644,8.567006566334076,125.8890629917865,13.722340033168226,25.80661876188653,SL,-8.388465510750153,0.12169483023641142,0.0,-8.447215809490672,8.329685822165354,-1.0141097743461787,56,1093.708433143859,,6
SUI,1,DONCHIAN_V2,2024-12-03 15:00:00+00:00,2024-12-09 09:00:00+00:00,3.84546894,3.975183239423007,21.907323603312005,84.2439324750652,3.9771718253356747,8.348830492571775,SL,2.8416931334367255,0.08566477904178355,0.0,2.7981503206324745,8.632452398054053,0.3241431509385722,138,1096.5065834644915,,6
ETH,1,DONCHIAN_V2,2024-12-06 15:00:00+00:00,2024-12-09 19:00:00+00:00,3986.196982324219,3800.099184076575,0.045227586315872925,180.2860680901408,3802.000184168659,6091.30324695919,SL,-8.416754233439216,0.17607769097342119,0.0,-8.502688890367567,8.330776587688009,-1.020635807582888,76,1087.7748187182322,,6
LINK,1,DONCHIAN_V2,2024-12-06 21:00:00+00:00,2024-12-09 20:00:00+00:00,25.19503853416443,23.28550416129644,4.389147403019923,110.58473795121468,23.29715273766527,46.885161922726226,SL,-8.381227833650806,0.10639412403438928,0.0,-8.432329588709589,8.330100514932672,-1.0122722497277985,71,1079.3424891295226,,6
SOL,-1,DONCHIAN_V2,2024-12-09 09:00:00+00:00,2024-12-10 21:00:00+00:00,226.61467166137695,215.44151580292777,0.910418033033391,206.31408363045853,215.33384887848854,123.38047025883994,SL,10.17224257942481,0.20122796234074614,0.0,10.074171658899292,8.223799375983686,1.2250021186459543,36,1089.1964092835851,,6
NEAR,-1,DONCHIAN_V2,2024-12-09 09:00:00+00:00,2024-12-11 08:00:00+00:00,7.173565190696716,6.551636876774499,17.90741541836743,128.46001190054628,6.5483626954267855,1.925898414507234,SL,11.13712867784998,0.12289144756162129,0.0,11.078467236238632,8.222563032109125,1.3473253039201032,47,1100.2748765198237,,6
DOGE,-1,DONCHIAN_V2,2024-12-09 09:00:00+00:00,2024-12-11 11:00:00+00:00,0.43363324863910674,0.4043509288071042,284.5206557380077,123.37761625260119,0.40414885437991427,0.10333232090241756,SL,8.331424840131426,0.11921190383253547,0.0,8.27390174442519,8.223025698170073,1.0061870226510954,50,1108.548778264249,,6
ETH,-1,DONCHIAN_V2,2024-12-09 20:00:00+00:00,2024-12-11 11:00:00+00:00,3795.7707232910157,3726.851666694689,0.05283729613087692,200.55826175144026,3724.9891721086346,2045.0227871864847,SL,3.641496602440783,0.19873751345021987,0.0,3.5430382198662835,8.094168875666712,0.4377272422024238,39,1112.0918164841153,,6
BTC,-1,DONCHIAN_V2,2024-12-09 20:00:00+00:00,2024-12-11 15:00:00+00:00,97052.38564000001,100376.82662514623,0.0024723219974395225,239.94474792175563,100326.66329349949,59632.06960000603,SL,-8.21908857676653,0.2440542922101389,0.0,-8.343170495015793,8.09506866847142,-1.0306485141393151,43,1103.7486459890995,,6
AVAX,1,DONCHIAN_V2,2024-12-12 00:00:00+00:00,2024-12-13 16:00:00+00:00,48.46969108428955,50.926742732185105,3.0772824777496797,149.15493107562412,50.952218841605905,79.20552224701136,SL,7.561041982994964,0.1529354520671216,0.0,7.482683996465655,8.27599803416019,0.9041427952954997,40,1110.8087383683155,,6
APT,1,DONCHIAN_V2,2024-12-12 01:00:00+00:00,2024-12-14 13:00:00+00:00,13.204840375900268,13.578953972676114,9.96191024384167,131.54543460897497,13.585746846099163,22.698646283295737,SL,3.726886072081752,0.13340887764501586,0.0,3.659249911741224,8.275438703168657,0.4421819849067459,60,1114.368755607743,,6
SUI,1,DONCHIAN_V2,2024-12-11 17:00:00+00:00,2024-12-14 18:00:00+00:00,4.22204424,4.4188968615508415,22.445080031557794,94.7641208635776,4.42110741525847,8.437089437702486,SL,4.418372845130601,0.0969733072861429,0.0,4.368781598276247,8.278114844918246,0.5277507838584948,73,1118.6591379331767,,6
NEAR,-1,DONCHIAN_V2,2024-12-14 13:00:00+00:00,2024-12-16 00:00:00+00:00,6.6446707084655765,7.002348167292024,23.59763975741489,156.79854568501744,6.998848742920564,2.5969217432657157,SL,-8.44034382273411,0.1610187175963845,0.0,-8.522963267487986,8.357765667058072,-1.019765761210683,35,1110.0660281890018,,6
APT,-1,DONCHIAN_V2,2024-12-14 18:00:00+00:00,2024-12-16 00:00:00+00:00,13.334932234382629,14.139467771953738,10.520709884993673,140.2929533739901,14.132401571168154,4.22099695683376,SL,-8.464284982953064,0.14452509586546664,0.0,-8.538663602131535,8.389943534498824,-1.0177259914826822,30,1101.5273645868704,,6
XRP,-1,DONCHIAN_V2,2024-12-16 12:00:00+00:00,2024-12-16 16:00:00+00:00,2.348630292892456,2.448810102479817,83.48150830199447,196.06719929441726,2.4475863093251546,1.2177043908044745,SL,-8.363161605759498,0.20024878009729702,0.0,-8.465376786209585,8.260997507358628,-1.0247402663744787,4,1092.902923928627,,6
SOL,-1,DONCHIAN_V2,2024-12-13 16:00:00+00:00,2024-12-17 10:00:00+00:00,221.1057638977051,223.83515061823857,0.8976036677140533,198.4653446272976,223.72328897375172,115.03202445220356,SL,-2.4499075309608864,0.19969029839277805,0.0,-2.550365157040016,8.331065537762367,-0.30612712689390464,90,1090.2830874452384,,6
ETH,1,DONCHIAN_V2,2024-12-11 21:00:00+00:00,2024-12-17 22:00:00+00:00,3833.2064293945314,3887.419283606725,0.05368394911377151,205.7816588981978,3889.3639655895195,5595.216405404358,SL,2.9103601068397165,0.20723683895161765,0.0,2.8060140973371976,8.276769715381059,0.33902285478870664,145,1093.0289688883058,,6
XRP,1,DONCHIAN_V2,2024-12-16 17:00:00+00:00,2024-12-17 23:00:00+00:00,2.5175033599376677,2.5217875253237767,55.19065233757163,138.94265269698826,2.523049049848701,4.214845020380856,SL,0.2364458823813993,0.13906087563817898,0.0,0.16685633309171444,8.196771929464703,0.020356346928712354,30,1093.1958252213976,,6
SUI,1,DONCHIAN_V2,2024-12-16 01:00:00+00:00,2024-12-18 01:00:00+00:00,4.89337848,4.559897596877716,24.944022881577638,122.0605447733396,4.562178686220825,8.678518980333422,SL,-8.31835477917098,0.11790136738375412,0.0,-8.375225874168065,8.261455234401527,-1.01377125900202,48,1084.7000830820452,,6
BTC,1,DONCHIAN_V2,2024-12-11 20:00:00+00:00,2024-12-18 04:00:00+00:00,101156.7273,104123.33187217957,0.002609189681179334,263.9370890530318,104175.41958197055,137414.33101581733,SL,7.740434037870359,0.267807306071967,0.0,7.604595276324908,8.277759479465008,0.9186779701910828,152,1092.2071761400377,,6
ETH,-1,DONCHIAN_V2,2024-12-18 02:00:00+00:00,2024-12-20 13:00:00+00:00,3844.4409189453127,3312.4628342085634,0.05072374391394715,195.0044366648817,3310.807430493317,2011.4868492824958,SL,26.983920138018945,0.18151247659587222,0.0,26.899909879755512,8.13525062311534,3.3065864994155976,59,1119.0519984406792,,6
AVAX,-1,DONCHIAN_V2,2024-12-17 23:00:00+00:00,2024-12-20 15:00:00+00:00,48.03839073562622,37.65872689872191,2.656698775560585,127.62353384723914,37.63990694524929,12.768114644608282,SL,27.575640206234176,0.11383571374412206,0.0,27.525616259413674,8.198968689160482,3.357204705002003,64,1146.577614700093,,6
NEAR,-1,DONCHIAN_V2,2024-12-17 23:00:00+00:00,2024-12-20 15:00:00+00:00,6.435712397861481,5.142743812911181,17.621824828401387,113.40899652108607,5.1401737260481575,1.1186109831625854,SL,22.784465912620202,0.10201676356477599,0.0,22.73915364731597,8.198490100908554,2.7735782281173975,64,1169.316768347409,,6
LINK,-1,DONCHIAN_V2,2024-12-18 05:00:00+00:00,2024-12-20 15:00:00+00:00,27.18256212539673,22.63978347160968,4.053155759195441,110.17515822823962,22.628469236991183,4.085063900101847,SL,18.412589463347093,0.10096886349656609,0.0,18.366708178964647,8.191553821050283,2.2421519262641865,58,1187.6834765263736,,6
APT,-1,DONCHIAN_V2,2024-12-17 19:00:00+00:00,2024-12-20 23:00:00+00:00,13.104278835105896,10.869799613952637,9.17756024984036,120.2653085398922,11.116960058006498,2.921525083272961,EOD,20.507067679150403,0.110011774700317,0.0,20.45718855872003,8.177123155839288,2.501758646512685,76,1208.1406650850936,,6
DOGE,1,DONCHIAN_V2,2024-12-29 08:00:00+00:00,2024-12-29 16:00:00+00:00,0.32936584635972976,0.3193156429908064,758.3060539040928,249.76011524382838,0.31947538068114695,0.4423997398292475,SL,-7.621130057621901,0.2459495502150174,0.0,-7.7421995502150045,7.5,-1.0322932733620005,8,992.1329203921631,,7
LINK,-1,DONCHIAN_V2,2024-12-29 23:00:00+00:00,2024-12-30 01:00:00+00:00,20.86882459144592,21.757619545747474,8.47376120932331,176.83743630716683,21.746746172661144,10.835435091843387,SL,-7.531436206802778,0.18060315441056823,0.0,-7.623620643059763,7.439297839729336,-1.0247769086950729,2,984.1943392693648,,7
XRP,-1,DONCHIAN_V2,2024-12-29 22:00:00+00:00,2024-12-30 17:00:00+00:00,2.1100779972553254,2.090942741220866,118.54139524356408,250.13158986739165,2.0898977923247037,1.3927651421945912,SL,2.268319948667636,0.24899742989305784,0.0,2.1443883137082738,7.4402358331913385,0.2882150998684785,19,986.0207158941968,,7
BTC,-1,DONCHIAN_V2,2024-12-30 14:00:00+00:00,2024-12-30 18:00:00+00:00,92668.56258000001,94642.50343672415,0.0038312528953835827,355.03669869565977,94595.20583380725,70649.78253648871,SL,-7.562666622640286,0.3588180320069799,0.0,-7.743966305299436,7.381457544520236,-1.049110728957361,4,978.2767495888974,,7
SUI,1,DONCHIAN_V2,2024-12-30 20:00:00+00:00,2024-12-31 01:00:00+00:00,4.34226828,4.068848413708317,27.035728520953704,117.39638638322857,4.0708838556361355,7.443804558444162,SL,-7.392105277297388,0.11370033374457988,0.0,-7.447107417850353,7.33707562191673,-1.0149966828207337,5,970.7709439778554,,7
BTC,1,DONCHIAN_V2,2024-12-31 14:00:00+00:00,2025-01-01 09:00:00+00:00,95605.71732000001,92924.78642883452,0.0027635018218942825,264.20657399732977,92971.27206486695,125713.66309294931,SL,-7.408757402108509,0.2605021952962755,0.0,-7.537156310406119,7.280294262240963,-1.0352818222605868,19,963.0366420347236,,7
AVAX,-1,DONCHIAN_V2,2024-12-29 18:00:00+00:00,2025-01-01 20:00:00+00:00,36.20775715255738,37.554040148979844,5.6052058802620115,202.95193330261353,37.53527251272349,21.03615303637323,SL,-7.546193368043971,0.2067250299866355,0.0,-7.6514424313793,7.440996902941223,-1.0282818997485261,74,955.301669437133,,7
LINK,-1,DONCHIAN_V2,2024-12-30 14:00:00+00:00,2025-01-01 20:00:00+00:00,20.376924318695067,21.60372233687457,6.069174932451579,123.67111827548707,21.592925873937602,6.479763687351808,SL,-7.445651779116305,0.12739394416504524,0.0,-7.511210164143606,7.380126156900127,-1.01776175697497,54,947.7904592729894,,7
NEAR,-1,DONCHIAN_V2,2024-12-30 14:00:00+00:00,2025-01-01 20:00:00+00:00,5.048990190696716,5.288480900418848,31.15782658312832,157.31556078164425,5.285837981428134,2.3421582966233685,SL,-7.462010001792503,0.1610465657825405,0.0,-7.544398787184222,7.379662390206594,-1.022323026212723,54,940.2460604858052,,7
APT,-1,DONCHIAN_V2,2024-12-31 05:00:00+00:00,2025-01-02 00:00:00+00:00,8.673864931869508,9.16391694666267,14.997315784331095,130.08469145388253,9.15933727802366,3.1256095472506322,SL,-7.349464816600753,0.1337594238621829,0.0,-7.418181894735994,7.280782079833915,-1.0188715736023257,43,932.6045370612363,,7
XRP,1,DONCHIAN_V2,2025-01-01 13:00:00+00:00,2025-01-05 09:00:00+00:00,2.168633656024933,2.36316943682737,77.03483341156216,167.0603324225877,2.3643516126336865,3.240174856713778,SL,14.98603146670391,0.17455334815593965,0.0,14.895008284759264,7.2227748152604265,2.0622279754989434,92,947.4152448628714,,7
DOGE,1,DONCHIAN_V2,2025-01-02 01:00:00+00:00,2025-01-05 14:00:00+00:00,0.333976770401001,0.37834680990488534,504.8284227847624,168.60096624828603,0.37853607794385724,0.4923227115965265,SL,22.39925706164354,0.17980059477910781,0.0,22.303756949988575,6.994534027959272,3.188740931251989,85,969.71900181286,,7
NEAR,1,DONCHIAN_V2,2025-01-01 20:00:00+00:00,2025-01-07 14:00:00+00:00,5.253050255012512,5.81078819642951,28.846712526427428,151.53323059322224,5.813695043951485,8.04687015377492,SL,16.08890606113754,0.159577683623791,0.0,16.00509499281036,7.051845453643539,2.2696321265153174,138,985.4107056733183,,7
LINK,1,DONCHIAN_V2,2025-01-01 21:00:00+00:00,2025-01-07 14:00:00+00:00,21.826364903640748,22.954302337744675,6.352183466647854,138.64507427792972,22.965785230359852,34.51271529197852,SL,7.16486552032817,0.14222750703809384,0.0,7.09196055042904,7.051277204028814,1.0057696421829767,137,992.5026662237473,,7
AVAX,1,DONCHIAN_V2,2025-01-01 21:00:00+00:00,2025-01-07 14:00:00+00:00,37.660530477905276,42.5452986098573,4.155670480697619,156.50475479444395,42.5665819008077,57.050923347461854,SL,20.29948673100547,0.1666544981599467,0.0,20.211084610242743,7.050757285000272,2.8665126018789007,137,1012.71375083399,,7
BTC,1,DONCHIAN_V2,2025-01-06 05:00:00+00:00,2025-01-07 14:00:00+00:00,99493.49472,100056.08455818065,0.004416268881455916,439.3900246392345,100106.13762699414,118312.71581338542,SL,2.4845479953805123,0.44063229863692477,0.0,2.263610709063205,7.272189792696206,0.31126947640126956,33,1014.9773615430532,,7
APT,1,DONCHIAN_V2,2025-01-05 22:00:00+00:00,2025-01-07 15:00:00+00:00,10.088417312049865,10.069551341380093,18.574988947093807,187.39224006499606,10.07458863569794,14.5631856050864,SL,-0.35043519666721135,0.18721702246666244,0.0,-0.4439560991013758,7.2728925135964495,-0.061042576701279924,41,1014.5334054439519,,7
XRP,-1,DONCHIAN_V2,2025-01-07 16:00:00+00:00,2025-01-11 11:00:00+00:00,2.312537363767624,2.4330136607489465,63.78504199395439,147.50529286050647,2.4317977618680127,0.949561385477466,SL,-7.684585662229787,0.15134758569162138,0.0,-7.7621806014911545,7.607029501049017,-1.0203957537460242,91,1006.3649711088941,,7
XRP,1,DONCHIAN_V2,2025-01-11 11:00:00+00:00,2025-01-12 10:00:00+00:00,2.3876775571346283,2.4771382393041588,84.14865535028734,200.91985584293784,2.4783774280181676,3.412766482292149,SL,7.527996111285419,0.20468385389858057,0.0,7.423772185308307,7.547737283316705,0.9835758594456637,23,1013.6882833662809,,7
SUI,-1,DONCHIAN_V2,2025-01-12 10:00:00+00:00,2025-01-13 15:00:00+00:00,4.80183944,4.575922781105147,37.518241960525245,180.15657396551305,4.573635963123586,2.4859642122347982,SL,8.475995871330547,0.17591857602984778,0.0,8.390155582283455,7.6026621252471065,1.10358127772392,29,1021.9883606615816,,7
SOL,-1,DONCHIAN_V2,2025-01-07 16:00:00+00:00,2025-01-14 04:00:00+00:00,207.72845027160645,184.95467267964335,1.0187305510922289,211.6193186227283,184.86224155886393,122.37514314246874,SL,23.20034299671242,0.20001914712437208,0.0,23.10613350889941,7.608301890805951,3.03696328569998,156,1045.094494170481,,7
ETH,-1,DONCHIAN_V2,2025-01-07 16:00:00+00:00,2025-01-14 07:00:00+00:00,3461.3076,3190.9387149117047,0.05382551755405844,186.3066729837959,3189.3440428902595,1845.716888892136,SL,14.552745170391255,0.17903030039860024,0.0,14.466868206484552,7.609000540829639,1.9012836349341582,159,1059.5613623769657,,7
LINK,-1,DONCHIAN_V2,2025-01-07 16:00:00+00:00,2025-01-14 09:00:00+00:00,22.054588215255738,19.802354412683794,5.789480869606945,127.68461655928186,19.792458183592,7.037187835496981,SL,13.039264513872372,0.12116498430234568,0.0,12.981941837849666,7.6075083183611145,1.7064643631761898,161,1072.5433042148154,,7
AVAX,-1,DONCHIAN_V2,2025-01-07 16:00:00+00:00,2025-01-14 09:00:00+00:00,40.87182506790161,36.275708045192864,3.4104561241188303,139.39156610673857,36.25757925556508,15.382226259753619,SL,15.67485544726385,0.13155413838310664,0.0,15.612997091934112,7.6064763562007895,2.052592601462097,161,1088.1563013067496,,7
XRP,1,DONCHIAN_V2,2025-01-14 10:00:00+00:00,2025-01-16 00:00:00+00:00,2.579315722990036,2.9708319813313775,61.36100675367953,158.2694094982634,2.972318140401578,4.099154976820627,SL,24.02383177225839,0.1702813253843926,0.0,23.93268515162313,8.160150837895525,2.932872887653053,38,1111.597425860675,,7
AVAX,1,DONCHIAN_V2,2025-01-15 08:00:00+00:00,2025-01-16 14:00:00+00:00,37.268453787231444,38.57358119948994,5.769268696177077,215.0117237895964,38.59287763830909,53.429535207556874,SL,7.529630724065518,0.21877653915162917,0.0,7.4183600468086865,8.158291849282099,0.9093030972484119,30,1118.9148889673359,,7
DOGE,1,DONCHIAN_V2,2025-01-14 10:00:00+00:00,2025-01-18 03:00:00+00:00,0.3542708455324173,0.40741557840923054,458.5043066426812,162.4347083945574,0.40761938810328213,0.5576540687499605,SL,24.367088899393767,0.17461825284425428,0.0,24.27368800074679,8.159557327609907,2.974878051118127,89,1143.124200072686,,7
LINK,1,DONCHIAN_V2,2025-01-15 08:00:00+00:00,2025-01-18 05:00:00+00:00,20.72814573097229,24.19956717135972,8.443889834253755,175.0261790206873,24.211673007863652,31.771056532383913,SL,29.312300210897952,0.18968232912613625,0.0,29.210130971282158,8.158948197453427,3.580134383056781,69,1172.3343310439682,,7
SOL,1,DONCHIAN_V2,2025-01-16 00:00:00+00:00,2025-01-18 16:00:00+00:00,205.91116911621094,246.65893094181777,0.9800045386653277,201.79388029577058,246.7823221028692,303.13498349695703,SL,39.932991529548474,0.22176037606054483,0.0,39.81212809363581,8.336980693955063,4.775365273725846,64,1212.146459137604,,7
ETH,-1,DONCHIAN_V2,2025-01-19 09:00:00+00:00,2025-01-19 14:00:00+00:00,3221.965585400391,3366.13930988514,0.06379429545160567,205.54302448993815,3364.457081344468,1593.4913460395082,SL,-9.197461176138477,0.21014175507800742,0.0,-9.304831418971515,9.090144591597724,-1.0236175371261127,5,1202.61167594848,,7
SOL,1,DONCHIAN_V2,2025-01-18 16:00:00+00:00,2025-01-19 21:00:00+00:00,257.77154522094725,257.98144314168405,0.41449513241945496,106.84505077032405,258.11049839087946,508.4337600450741,SL,0.08700166645037127,0.10688855160354924,0.0,0.033535640231984055,9.091098443532031,0.003688843591375185,29,1202.5989570926397,,7
BTC,1,DONCHIAN_V2,2025-01-14 10:00:00+00:00,2025-01-19 22:00:00+00:00,97198.83588,102526.39441931358,0.0028022884453951747,272.3791746923859,102577.68326094405,130482.54022716403,SL,14.929355736884853,0.27984385256082833,0.0,14.785701471670217,8.161172259800622,1.8117129501726057,132,1217.3846585643098,,7
SUI,1,DONCHIAN_V2,2025-01-16 18:00:00+00:00,2025-01-19 22:00:00+00:00,4.91988378,4.596918007916272,26.17008786190094,128.75379079294132,4.5992176167246335,8.584639931718472,SL,-8.452042631817847,0.1245277694770324,0.0,-8.512193505898408,8.391861667255018,-1.0143391113217373,76,1208.8724650584113,,7
LINK,1,DONCHIAN_V2,2025-01-19 17:00:00+00:00,2025-01-19 22:00:00+00:00,26.157230827331542,23.595108439609692,3.536650831094026,92.50899214460037,23.60691189555747,55.30373290474952,SL,-9.06133227190109,0.08797832600864983,0.0,-9.10305610183744,9.0195875696136,-1.009254140677678,5,1199.769408956574,,7
AVAX,-1,DONCHIAN_V2,2025-01-18 17:00:00+00:00,2025-01-20 06:00:00+00:00,38.367325,37.602735206887296,3.8448201704047795,147.51546504447555,37.583943235269665,11.345595959929394,SL,2.9397102586453467,0.14604560991515286,0.0,2.8674223812524318,9.090697774591641,0.3154237938991694,37,1202.5068779921535,,7
NEAR,-1,DONCHIAN_V2,2025-01-20 01:00:00+00:00,2025-01-20 06:00:00+00:00,4.758048024559021,5.272775139966871,17.5709226402333,83.60329375804143,5.270140069931905,-1.0944324939882266,SL,-9.044230325661772,0.08812540892087231,0.0,-9.090554087703623,8.997929713925787,-1.0102939650255864,5,1193.4163239044499,,7
SUI,-1,DONCHIAN_V2,2025-01-20 01:00:00+00:00,2025-01-20 07:00:00+00:00,4.358728080000001,4.820316645842958,19.594981934071125,85.40919798312854,4.817907691996959,-0.8890389142509569,SL,-9.044819608666547,0.08993160778746181,0.0,-9.092046617462444,8.997616201574195,-1.0104950482186301,6,1184.3242772869874,,7
BTC,1,DONCHIAN_V2,2025-01-20 07:00:00+00:00,2025-01-20 17:00:00+00:00,107607.81726,101327.28737389088,0.00142578794951353,153.42592912276206,101377.97636207192,178805.99895060656,SL,-8.954703828173958,0.14894857720867508,0.0,-9.026939440821252,8.882432079652405,-1.0162688957115562,10,1175.1726968309458,,7
XRP,1,DONCHIAN_V2,2025-01-20 11:00:00+00:00,2025-01-20 17:00:00+00:00,3.321564143371582,3.012286990351779,28.858723535065817,95.85610131754821,3.013793887295426,6.83893849852765,SL,-8.92534385471075,0.09139342939019283,0.0,-8.968809233442169,8.881856732418195,-1.0097899013284692,6,1166.2038875975036,,7
DOGE,-1,DONCHIAN_V2,2025-01-21 01:00:00+00:00,2025-01-21 11:00:00+00:00,0.3446210570514202,0.3866962846661353,208.83754712255893,71.96981624140204,0.3865030331495606,-0.13403009835589869,SL,-8.786887329680459,0.07636325990624226,0.0,-8.827265681466,8.746529156981277,-1.0092306928880792,10,1157.3406370079167,,7
LINK,1,DONCHIAN_V2,2025-01-21 19:00:00+00:00,2025-01-23 04:00:00+00:00,27.02340324897766,24.443842074044948,3.380961606708856,91.36508886740484,24.456070109099496,56.36435341901384,SL,-8.721397294604293,0.0870043902201027,0.0,-8.762719140390693,8.680054777559375,-1.0095234840043903,33,1148.4678398349736,,7
SOL,1,DONCHIAN_V2,2025-01-22 14:00:00+00:00,2025-01-23 10:00:00+00:00,260.34206654663086,242.67522936441034,0.4946990624508007,128.79097623712224,242.79662767824945,460.86136789956134,SL,-8.739767790515437,0.12442109234186453,0.0,-8.79979339473874,8.679712158476121,-1.0138347025880754,20,1139.5478394564454,,7
LINK,-1,DONCHIAN_V2,2025-01-23 11:00:00+00:00,2025-01-23 14:00:00+00:00,24.059186376190187,25.352916813819103,6.670505693749766,160.48693970936344,25.34024669047387,9.418497070090947,SL,-8.629836250381063,0.16480185783455398,0.0,-8.714394638360934,8.545320120466165,-1.019785627163321,3,1130.5813779539399,,7
ETH,-1,DONCHIAN_V2,2025-01-23 05:00:00+00:00,2025-01-23 22:00:00+00:00,3196.5705189453124,3312.752226342774,0.07520996835636061,240.41396757875216,3311.0966780037725,1887.7001297057684,SL,-8.738022536951037,0.2447829788472277,0.0,-8.862598532008889,8.613508798762302,-1.0289184975677252,17,1121.718779421931,,7
AVAX,-1,DONCHIAN_V2,2025-01-23 10:00:00+00:00,2025-01-25 16:00:00+00:00,35.109977179718015,36.86608986622047,4.918376945779784,172.68410232757938,36.84766603320387,15.250675997022523,SL,-8.637224151485075,0.17700271440332194,0.0,-8.727884814724607,8.54660879592334,-1.0212102862234356,54,1112.8475643884324,,7
ETH,1,DONCHIAN_V2,2025-01-24 06:00:00+00:00,2025-01-26 23:00:00+00:00,3410.9720970703124,3244.0524727528777,0.05089310578872882,173.5949637786016,3245.6753104080817,5300.078230352947,SL,-8.495058098602074,0.16934743472930056,0.0,-8.577608051442073,8.412466850137847,-1.0196305321906285,65,1104.1651032715147,,7
AVAX,1,DONCHIAN_V2,2025-01-26 04:00:00+00:00,2025-01-26 23:00:00+00:00,37.485496240997314,35.97556728455263,5.594327192659497,209.70613095134664,35.993564066585925,54.53614966284179,SL,-8.447036620022462,0.2054826126413354,0.0,-8.547666167188124,8.346356732913243,-1.0241194380634406,19,1095.6174371043267,,7
DOGE,-1,DONCHIAN_V2,2025-01-26 23:00:00+00:00,2025-01-27 12:00:00+00:00,0.3435612600505352,0.3219093541244927,830.6715527832175,285.3865653623369,0.3217484798845504,0.23050807347774108,SL,17.985622316301914,0.27639375420418594,0.0,17.851921844778897,8.21713077828245,2.1725249757446745,13,1113.0514742952562,,7
BTC,-1,DONCHIAN_V2,2025-01-27 00:00:00+00:00,2025-01-27 12:00:00+00:00,102591.07768,100412.31357449507,0.005364820750327329,550.382742336107,100362.13250824096,85088.56649563601,SL,11.68867888328122,0.5445384028944664,0.0,11.419331851554807,8.21606057866234,1.389879217932202,12,1124.470806146811,,7
SUI,-1,DONCHIAN_V2,2025-01-23 22:00:00+00:00,2025-01-27 20:00:00+00:00,4.1891620000000005,3.9387306919437233,26.98999794453917,113.06547376934161,3.936762310788329,0.626830348548185,SL,6.759140489687177,0.10968590352449802,0.0,6.70598732304735,8.412890845664482,0.797108561856978,94,1131.1767934698582,,7
XRP,1,DONCHIAN_V2,2025-01-28 13:00:00+00:00,2025-01-29 19:00:00+00:00,3.1711341400623323,2.993574819718174,48.18664079318209,152.80630171418,2.995072355896122,5.183268816247594,SL,-8.555987188905506,0.14852830811972723,0.0,-8.628112346168143,8.483825951023936,-1.0170072318759429,30,1122.3855769590293,,7
NEAR,-1,DONCHIAN_V2,2025-01-23 10:00:00+00:00,2025-01-30 10:00:00+00:00,4.93701260213852,4.6025988400099,34.628772504719365,170.96268625238739,4.600298690664569,2.116579728414404,SL,11.580338091199298,0.16517251720678772,0.0,11.500646917118704,8.545961230539612,1.345740591008102,168,1133.6989527987769,,7
AVAX,-1,DONCHIAN_V2,2025-01-28 21:00:00+00:00,2025-01-30 13:00:00+00:00,32.55648712539673,34.166305023494054,5.326189737233031,173.40202760764737,34.14923040828991,14.353706749474632,SL,-8.574195567660027,0.17768912539147735,0.0,-8.665183679247681,8.48325292739251,-1.0214458714613726,40,1124.9204459393275,,7
APT,-1,DONCHIAN_V2,2025-01-20 00:00:00+00:00,2025-01-31 11:00:00+00:00,8.501299659347534,8.103212750770748,10.691800459527824,90.89419960439571,8.099163169186156,-1.1170408904820945,SL,4.256265792053296,0.08876606670836906,0.0,4.2129468251471245,8.998270567174304,0.46819517080492745,275,1129.0463517323606,,7
SOL,1,DONCHIAN_V2,2025-01-30 15:00:00+00:00,2025-01-31 18:00:00+00:00,242.17843088378905,230.32601021526838,0.718817376066857,174.08206422787393,230.4412308306837,376.31786006213576,SL,-8.519725924986608,0.1698222012653806,0.0,-8.602507094138051,8.436903344544955,-1.0196284990867142,27,1120.362586874398,,7
ETH,1,DONCHIAN_V2,2025-01-30 10:00:00+00:00,2025-02-01 06:00:00+00:00,3222.744517675781,3270.5276475288833,0.07032712619946323,226.6463604032129,3272.16372939358,4604.490100149512,SL,3.360450203384465,0.22832658550490514,0.0,3.2454467980811663,8.502742145990826,0.3816941337697092,44,1123.6080336724792,,7
LINK,1,DONCHIAN_V2,2025-01-31 12:00:00+00:00,2025-02-01 15:00:00+00:00,25.67713528518677,24.327062316105174,6.329192327886556,162.51552764910926,24.339231932071208,40.96745932079318,SL,-8.544871477998251,0.15824309191011016,0.0,-8.621856806083807,8.467847637992705,-1.0181875223404007,27,1114.7473041173662,,7
BTC,1,DONCHIAN_V2,2025-01-29 21:00:00+00:00,2025-02-01 20:00:00+00:00,104221.84019999999,100955.8795177281,0.002617945300465203,272.8470767574254,101006.38270908264,140969.9258104841,SL,-8.55010641965783,0.26857202354759646,0.0,-8.682254904826713,8.417891827192719,-1.0314049031587706,71,1105.9610598698466,,7
SUI,1,DONCHIAN_V2,2025-01-30 08:00:00+00:00,2025-02-01 23:00:00+00:00,4.09721928,3.7562308286545387,24.82051143353087,101.69507798492313,3.7581098835963367,7.972755238899011,SL,-8.463507755322007,0.09746332410726213,0.0,-8.510123540436808,8.416868650654878,-1.0110795229975074,63,1097.336822132875,,7
XRP,-1,DONCHIAN_V2,2025-02-01 10:00:00+00:00,2025-02-02 19:00:00+00:00,2.974404904651642,2.6702452455385437,83.71549790992283,249.00378757862873,2.6689107901434723,1.8240867530887896,SL,25.46287730676541,0.23627234892524604,0.0,25.351106851629478,8.426202471129294,3.008604046542912,33,1122.4714838730301,,7
SOL,-1,DONCHIAN_V2,2025-02-01 10:00:00+00:00,2025-02-03 03:00:00+00:00,226.9546,195.79798884042629,1.0078743082525887,228.74171047974298,195.70013877104077,131.39778379734597,SL,31.401947919950242,0.21304073651976785,0.0,31.303278038670346,8.427060252543594,3.7146142427570603,41,1153.726418083129,,7
AVAX,-1,DONCHIAN_V2,2025-02-01 15:00:00+00:00,2025-02-03 06:00:00+00:00,33.55928869171143,24.6468239719994,6.197350822783242,207.97868538559817,24.634506718640083,18.141447801846468,SL,55.233670563733966,0.18036185010373118,0.0,55.157298056323036,8.360604780880246,6.597285663168951,39,1208.883716139452,,7
ETH,-1,DONCHIAN_V2,2025-02-01 20:00:00+00:00,2025-02-03 07:00:00+00:00,3195.960777636719,2603.6415794790537,0.07141151251495013,228.2283930694943,2602.3404092744167,1868.4904729752368,SL,42.29840983208133,0.20707918815345366,0.0,42.205444840462626,8.294707949023849,5.088237596771507,35,1251.0891609799146,,7
BTC,-1,DONCHIAN_V2,2025-02-01 23:00:00+00:00,2025-02-03 07:00:00+00:00,100630.3699,95294.70757078174,0.004301785071239224,432.89022294910103,95247.08402876736,78765.62297762344,SL,22.95287255300463,0.42141378667259877,0.0,22.747903877806582,8.230026165996563,2.7640135546339506,32,1273.837064857721,,7
LINK,-1,DONCHIAN_V2,2025-02-02 19:00:00+00:00,2025-02-03 07:00:00+00:00,20.450908923721315,19.403101795429144,4.7277926621243,96.68765714334201,19.393405092882706,0.10064224523267384,SL,4.953814852461258,0.09421074971711138,0.0,4.907947931315818,8.418536129047725,0.5829930353783477,12,1278.745012789037,,7
AVAX,-1,DONCHIAN_V2,2025-02-06 15:00:00+00:00,2025-02-11 00:00:00+00:00,25.55388821525574,26.032580468773293,5.7621007578456025,147.2440786510269,26.019570683431578,6.535474680455955,SL,-2.7582729967683184,0.14862321514941107,0.0,-2.833274172592216,9.588776316165454,-0.29547817981901164,105,1275.596612610143,,7
XRP,-1,DONCHIAN_V2,2025-02-05 18:00:00+00:00,2025-02-13 22:00:00+00:00,2.390921818780899,2.60403857761005,45.273446747095115,108.24527163904483,2.6027372090055474,-0.02982549807222412,SL,-9.648530231765077,0.11306953675492737,0.0,-9.707477132700483,9.589612789550783,-1.0122908344410035,196,1265.8321105541688,,7
NEAR,-1,DONCHIAN_V2,2025-02-05 18:00:00+00:00,2025-02-14 09:00:00+00:00,3.261347683906555,3.535499943374955,35.204556186487935,114.81429778176062,3.533733076836537,0.14837176470676594,SL,-9.651408622107908,0.11964000209281458,0.0,-9.713641475309842,9.589206869782137,-1.0129765273830758,207,1256.009299686024,,7
SUI,1,DONCHIAN_V2,2025-02-11 02:00:00+00:00,2025-02-16 13:00:00+00:00,3.35807148,3.3360595946460507,33.96290020226436,114.04984654731017,3.337728458875488,6.577374067773441,SL,-0.7475874655398634,0.11367605281454024,0.0,-0.8042385950807486,9.566974594576072,-0.08406404628028447,131,1255.1001314014804,,7
XRP,1,DONCHIAN_V2,2025-02-13 22:00:00+00:00,2025-02-17 05:00:00+00:00,2.501900273895264,2.682988918369502,87.26918012992175,218.33878566966635,2.6843310839114576,3.745178771857873,SL,15.803457534105664,0.2262405144367192,0.0,15.68638641250378,9.493740829156266,1.652287195825828,79,1270.6508536241577,,7
DOGE,1,DONCHIAN_V2,2025-02-14 10:00:00+00:00,2025-02-17 05:00:00+00:00,0.27175433480143546,0.25942617521729366,772.2393060583319,209.85937892540412,0.2595559531938906,0.41116441031623413,SL,-9.520289402234033,0.2050992342242871,0.0,-9.620458946995617,9.42006974764518,-1.021272581277918,67,1261.0303946771621,,7
AVAX,-1,DONCHIAN_V2,2025-02-16 14:00:00+00:00,2025-02-17 15:00:00+00:00,25.07198426437378,25.95478264972718,10.82197471057433,271.32837965297057,25.94181174385525,15.131098784585504,SL,-9.553621800830346,0.2761051905533858,0.0,-9.694062801557246,9.413250985511104,-1.0298315445406023,25,1250.85379562217,,7
ETH,1,DONCHIAN_V2,2025-02-17 15:00:00+00:00,2025-02-17 16:00:00+00:00,2826.875320605469,2734.1174677391427,0.10265228305730485,290.185205578502,2735.485210344315,3871.3337235900876,SL,-9.521805368221951,0.285424302894391,0.0,-9.662137068327091,9.381403467166276,-1.0299244779465404,1,1241.0465659510537,,7
BTC,-1,DONCHIAN_V2,2025-02-17 05:00:00+00:00,2025-02-18 23:00:00+00:00,95994.2973,95612.9393551673,0.007418409343716311,712.1249920338015,95565.15677677891,81424.01483974299,SL,2.8290693412474055,0.7107104573631778,0.0,2.4744213799011283,9.457727960078715,0.26162957851459856,42,1243.4257979295073,,7
XRP,-1,DONCHIAN_V2,2025-02-17 17:00:00+00:00,2025-02-19 23:00:00+00:00,2.617276437330246,2.7466108575520223,72.73927972592989,190.37880289505,2.745238238432806,1.154855853300989,SL,-9.407692570702736,0.19508264918040136,0.0,-9.507585818435611,9.307849244632903,-1.0214589394986044,54,1233.850976785317,,7
DOGE,-1,DONCHIAN_V2,2025-02-17 05:00:00+00:00,2025-02-20 00:00:00+00:00,0.2626774564027786,0.25588199301897235,962.9585968272257,252.94751483576445,0.25575411596099185,0.15046307848739188,SL,6.5437498848608735,0.24967563989333402,0.0,6.420548002385422,9.45505749135859,0.6790596469935223,67,1240.183028396174,,7
APT,1,DONCHIAN_V2,2025-02-19 08:00:00+00:00,2025-02-20 15:00:00+00:00,6.183536550807953,6.228624545024732,21.74656046813851,134.4706515090898,6.2317404152323475,11.08451177695445,SL,0.9805087926222593,0.13496090590540094,0.0,0.9127832124714033,9.325693484471305,0.09787832014759286,31,1240.839700661418,,7
SOL,-1,DONCHIAN_V2,2025-02-05 17:00:00+00:00,2025-02-21 09:00:00+00:00,199.76004305114748,179.2719061661845,0.7373835754655084,147.29977478019902,179.18231500868015,51.11730265280997,SL,15.107615630860767,0.13974596696476863,0.0,15.041519551286099,9.590587595917777,1.5683626681735856,376,1255.7898090253725,,7
XRP,1,DONCHIAN_V2,2025-02-19 23:00:00+00:00,2025-02-21 17:00:00+00:00,2.7047408693790436,2.562044662103605,65.43798153115075,176.99278305697447,2.563326325266238,4.320907087811108,SL,-9.337751776255406,0.17232390716884677,0.0,-9.421579291895766,9.253882325889878,-1.018121795815008,42,1246.242132972858,,7
BTC,1,DONCHIAN_V2,2025-02-20 03:00:00+00:00,2025-02-21 17:00:00+00:00,97165.32917999999,97013.93783569317,0.005271652952522742,512.221894454591,97062.46907022828,117330.04855574858,SL,-0.798082627201413,0.5118228531409904,0.0,-1.053794533115108,9.301372712971304,-0.11329451744746562,38,1245.188338439743,,7
NEAR,1,DONCHIAN_V2,2025-02-20 18:00:00+00:00,2025-02-21 17:00:00+00:00,3.3836764969825746,3.402844993379229,54.03068964362488,182.8223746628933,3.4045472670127355,5.352144590387167,SL,1.0356870797425823,0.1833402182027646,0.0,0.9437580488712644,9.306297754960635,0.10141068701226574,23,1246.1320964886143,,7
AVAX,1,DONCHIAN_V2,2025-02-21 09:00:00+00:00,2025-02-21 17:00:00+00:00,25.52310324897766,24.557632038979396,9.88098973613343,252.19352123742203,24.569916997478135,36.41666040897222,SL,-9.539811116525161,0.24742361567915946,0.0,-9.66113797158561,9.418423567690294,-1.0257701729117326,8,1236.4709585170287,,7
ETH,-1,DONCHIAN_V2,2025-02-21 18:00:00+00:00,2025-02-23 07:00:00+00:00,2671.7956121093753,2823.5632578885366,0.061676933758895484,164.78816098537754,2822.1521817976377,953.4348156720882,SL,-9.360563035464844,0.16946844250310997,0.0,-9.447637397475265,9.273532188877715,-1.0187744221998134,37,1226.6086239303522,,7
SOL,-1,DONCHIAN_V2,2025-02-23 16:00:00+00:00,2025-02-25 11:00:00+00:00,166.68665722045898,141.33520641455135,1.7641698337272274,294.0635723531645,141.2645741274876,107.0904210525135,SL,44.72426475300205,0.27170143997666346,0.0,44.59959509920197,9.199564679477641,4.848011471531322,43,1271.0611872433776,,7
XRP,-1,DONCHIAN_V2,2025-02-21 20:00:00+00:00,2025-02-25 21:00:00+00:00,2.5238951158046725,2.326044238590364,61.16458996113485,154.37300986310376,2.324881797691518,0.791613486910447,SL,12.101467778264023,0.14832227597397174,0.0,12.030332007221604,9.271000858745694,1.297630341159221,97,1283.0915192505993,,7
SOL,-1,DONCHIAN_V2,2025-02-26 19:00:00+00:00,2025-02-27 06:00:00+00:00,131.32373610229493,142.19648008152788,0.8908483469969758,116.9895332281965,142.12541737284147,7.875950153191582,SL,-9.685966001220995,0.121832516228807,0.0,-9.749303750835704,9.622659904654578,-1.0131610019927928,11,1273.2135221031606,,7
BTC,-1,DONCHIAN_V2,2025-02-21 20:00:00+00:00,2025-02-28 14:00:00+00:00,95223.05158000001,82441.45631432644,0.003485443563133799,331.8945721914688,82400.25618623332,64819.88548014821,SL,44.5495289453234,0.3096198077188071,0.0,44.40585642370033,9.272245463391412,4.789115710862389,162,1317.5553648661878,,7
DOGE,-1,DONCHIAN_V2,2025-02-21 18:00:00+00:00,2025-02-28 18:00:00+00:00,0.24620075357556342,0.20144972223780816,724.3626705947773,178.3386353624418,0.2013490477139512,0.09989812511602214,SL,32.415976571686976,0.16213064707659833,0.0,32.3430152422916,9.27291423327402,3.487901907496899,168,1349.8983801084794,,7
XRP,-1,DONCHIAN_V2,2025-02-28 02:00:00+00:00,2025-03-02 02:00:00+00:00,2.0814835013866424,2.237852301160156,61.50772814708043,128.0273213459227,2.23673393419306,0.3071928407418716,SL,-9.617889627154533,0.13283626615949998,0.0,-9.68671223264107,9.549101415773704,-1.0144108655752733,48,1340.031411113573,,7
LINK,-1,DONCHIAN_V2,2025-02-05 18:00:00+00:00,2025-03-02 16:00:00+00:00,19.089181811904908,15.723280421982063,5.901174333273601,112.6485897516065,15.71542271062675,0.5165390895152129,SL,19.86277089054263,0.10271720430633519,0.0,19.816377981112097,9.590035221762351,2.0663509072566746,598,1359.8477890946851,,7
ETH,-1,DONCHIAN_V2,2025-02-26 19:00:00+00:00,2025-03-02 16:00:00+00:00,2292.141577636719,2309.1615971397855,0.06125156550003356,140.39725997796575,2308.007593343114,496.6075013923737,SL,-1.042502839403931,0.14091851139766773,0.0,-1.113222720812616,9.623186394379495,-0.11568130089039981,93,1358.7345663738724,,7
NEAR,1,DONCHIAN_V2,2025-03-01 18:00:00+00:00,2025-03-03 06:00:00+00:00,3.1986395542144774,3.3263762377708113,57.60332791148932,184.25228311207658,3.3280402578997608,5.207169713486568,SL,7.358058069221644,0.1879313121466874,0.0,7.262252898630995,10.123576871158276,0.7173603748020034,36,1365.7389427401563,,7
SOL,1,DONCHIAN_V2,2025-03-02 16:00:00+00:00,2025-03-03 06:00:00+00:00,157.43147389526368,163.5352491036879,0.8675185232660757,136.5747197492209,163.61705763250416,291.67986134592104,SL,5.295138055160266,0.13922228877680104,0.0,5.224203126258075,10.190509247804043,0.512653783949398,14,1370.9631458664144,,7
XRP,1,DONCHIAN_V2,2025-03-02 16:00:00+00:00,2025-03-03 06:00:00+00:00,2.598519649600983,2.667258712851518,48.46868776117975,125.94683753780025,2.6685930093561963,5.0012484010702085,SL,3.331692193686184,0.12761268363464334,0.0,3.2670529288204406,10.189997092604983,0.32061372531611265,14,1374.2301987952349,,7
APT,1,DONCHIAN_V2,2025-03-01 09:00:00+00:00,2025-03-03 17:00:00+00:00,6.52310440120697,6.145350764290191,27.02106705287891,176.26124141794307,6.14842497677858,10.80515496610285,SL,-10.207306352597161,0.17115758824164448,0.0,-10.290333320129834,10.124237850813595,-1.0164057257211605,56,1363.939865475105,,7
BTC,1,DONCHIAN_V2,2025-03-02 17:00:00+00:00,2025-03-03 18:00:00+00:00,91219.7403,87505.46742692364,0.0027760603853350567,253.23150740738183,87549.24204794761,133168.29175202735,SL,-10.311045783271917,0.24807598451574586,0.0,-10.432506014083971,10.189524791964216,-1.0238461780191535,25,1353.507359461021,,7
APT,-1,DONCHIAN_V2,2025-03-03 19:00:00+00:00,2025-03-05 09:00:00+00:00,5.933812942790985,5.813600622284136,22.1280956698008,131.30398048478114,5.810695274646813,0.6911888014534338,SL,2.6600697288643125,0.12997394562034897,0.0,2.595747773486354,10.150812749028411,0.25571822056660504,38,1355.8063951973643,,7
NEAR,-1,DONCHIAN_V2,2025-03-03 19:00:00+00:00,2025-03-05 20:00:00+00:00,3.124375,2.9730141896401934,42.03054407109277,131.3191811321205,2.9715284254274796,0.364122448212985,SL,6.361777210464173,0.1281382925268884,0.0,6.2992985085033455,10.151305195957658,0.6205407469191039,49,1362.1056937058677,,7
SUI,-1,DONCHIAN_V2,2025-03-03 19:00:00+00:00,2025-03-05 20:00:00+00:00,2.73555278,2.6494696060871643,42.36520409693863,115.89225184264787,2.648145533320504,-0.0026297384044799976,SL,3.6469312321295435,0.11406878622658309,0.0,3.5908085718242844,10.150320359101592,0.3537630778918694,49,1365.696502277692,,7
ETH,-1,DONCHIAN_V2,2025-03-03 20:00:00+00:00,2025-03-06 03:00:00+00:00,2109.268003417969,2295.8741334526467,0.0547285304788619,115.4371382131485,2294.726770067613,-10.260758292247829,SL,-10.21267927514533,0.12054347785072117,0.0,-10.275504183889478,10.149885763157183,-1.0123763383808981,55,1355.2903293419063,,7
DOGE,-1,DONCHIAN_V2,2025-03-03 20:00:00+00:00,2025-03-06 05:00:00+00:00,0.19870025749206544,0.2190838778912114,500.61093965721534,99.47152261323352,0.21897439069586347,-0.03300412197991209,SL,-10.20426336163244,0.10457365429404974,0.0,-10.259101254619873,10.149452873888883,-1.0108033784769894,57,1345.0312280872863,,7
BTC,1,DONCHIAN_V2,2025-03-06 05:00:00+00:00,2025-03-06 17:00:00+00:00,92312.35878,88439.97733361939,0.0026351533534980658,243.2572218084336,88484.21944334106,136062.52262753068,SL,-10.20431895445354,0.23815506233120684,0.0,-10.320845405880531,10.087734210654647,-1.0231083799749277,12,1334.3965250866058,,7
ETH,1,DONCHIAN_V2,2025-03-06 05:00:00+00:00,2025-03-06 17:00:00+00:00,2299.639767626953,2185.9494337882174,0.08958354845538605,206.00989055314184,2187.04295526585,3586.4604803252682,SL,-10.184783530351384,0.20091749878796616,0.0,-10.28269608386278,10.086821996072866,-1.0194188107875974,12,1324.1138290027432,,7
DOGE,1,DONCHIAN_V2,2025-03-06 05:00:00+00:00,2025-03-06 17:00:00+00:00,0.21429284833073617,0.20207972903046295,832.7299703561627,178.44807723799158,0.20218081944018304,0.35271603565134346,SL,-10.170230472872793,0.1733629620015552,0.0,-10.254369396255353,10.086049458983291,-1.0166883910253033,12,1313.859459606488,,7
BTC,-1,DONCHIAN_V2,2025-03-07 01:00:00+00:00,2025-03-07 14:00:00+00:00,85509.09475999999,90835.97932244008,0.0018657513899021786,159.53871239774708,90790.58403042487,25149.217383715644,SL,-9.938642276221048,0.1645080335358576,0.0,-10.023380953558032,9.85394594704866,-1.0171946352679273,13,1303.6169472358515,,7
ETH,-1,DONCHIAN_V2,2025-03-07 01:00:00+00:00,2025-03-07 14:00:00+00:00,2117.2864189453126,2250.7201504765853,0.07447227779558037,157.67914236450488,2249.5953528001855,605.1843177467631,SL,-9.937113921897836,0.1626476993254538,0.0,-10.020922050041039,9.853347676877169,-1.017006846673757,13,1293.5960251858105,,7
SOL,-1,DONCHIAN_V2,2025-03-07 01:00:00+00:00,2025-03-07 14:00:00+00:00,136.43271471252442,147.61176297889915,0.8872137423195124,121.04497939490919,147.53799398190822,9.515237348138243,SL,-9.918205247980787,0.1260040820188996,0.0,-9.983686840302232,9.852756380093302,-1.0132887138540707,13,1283.6123383455083,,7
LINK,1,DONCHIAN_V2,2025-03-06 02:00:00+00:00,2025-03-08 01:00:00+00:00,16.886376020050047,15.66246998561391,8.422434288690392,142.2243924029887,15.670305138183,30.784328955673445,SL,-10.308268150570003,0.1370702583277037,0.0,-10.374226212696213,10.24227709291498,-1.012882791451962,47,1273.2381121328121,,7
APT,1,DONCHIAN_V2,2025-03-05 20:00:00+00:00,2025-03-08 16:00:00+00:00,6.353870617675781,5.804587545441532,18.74654341523618,119.11311138905255,5.807491291087075,12.598205778689564,SL,-10.297158960893672,0.11396453190860571,0.0,-10.351566937107751,10.242723767082689,-1.0106263892788805,68,1262.6409557014065,,7
DOGE,-1,DONCHIAN_V2,2025-03-09 03:00:00+00:00,2025-03-10 09:00:00+00:00,0.18995200093686582,0.17859518107548406,1047.2680323864029,198.93065826901162,0.17850592811142835,0.0866103880119162,SL,11.893634390396098,0.19298384107381356,0.0,11.80011587845679,9.469807167760548,1.2460777362636963,30,1274.3416062507288,,7
NEAR,-1,DONCHIAN_V2,2025-03-08 09:00:00+00:00,2025-03-11 11:00:00+00:00,2.8704258514881134,2.4828011791062123,44.715823426035314,128.35345553266953,2.481560398906759,0.42988912490481024,SL,17.332956405803873,0.1196869773297676,0.0,17.27744615624044,9.548928316432153,1.80935970861869,74,1291.5621650649123,,7
XRP,-1,DONCHIAN_V2,2025-03-08 12:00:00+00:00,2025-03-11 11:00:00+00:00,2.3161367642879487,2.15918562730648,60.00089052386451,138.970268432339,2.1581065740194703,0.49741195011423,SL,9.417207987621165,0.13426166443852844,0.0,9.352431457398806,9.548446990973906,0.979471474915199,71,1300.914596522311,,7
SUI,-1,DONCHIAN_V2,2025-03-08 15:00:00+00:00,2025-03-11 18:00:00+00:00,2.5277943400000003,2.282597915398368,50.84091647838851,128.51538091448322,2.281457186804966,0.3815082350669696,SL,12.46601094397106,0.12228237544249769,0.0,12.407986258985805,9.547925852467285,1.2995478233400242,75,1313.322582781297,,7
AVAX,1,DONCHIAN_V2,2025-03-13 10:00:00+00:00,2025-03-13 17:00:00+00:00,19.22284366264343,17.930456985927094,7.674248121947029,147.5208718765227,17.93942669927673,33.89046610112001,SL,-9.91809602661971,0.14256182386321287,0.0,-9.98689741454466,9.849260220791864,-1.0139743687005287,7,1303.1740382550988,,7
LINK,-1,DONCHIAN_V2,2025-03-08 02:00:00+00:00,2025-03-14 08:00:00+00:00,15.584882697486877,14.150056893668108,6.117459179310941,95.33988371622536,14.142985400967625,-2.254990381643756,SL,8.777488284283333,0.0909511395740837,0.0,8.734207086567363,9.54928584099609,0.9146450563947401,150,1311.68829520341,,7
BTC,-1,DONCHIAN_V2,2025-03-13 18:00:00+00:00,2025-03-14 10:00:00+00:00,80062.38432,83110.42124011775,0.003250888819349358,260.2739100363393,83068.8867967194,45702.3560146355,SL,-9.908829144574854,0.2652283246086268,0.0,-10.043920514165311,9.773805286913241,-1.0276366491169764,16,1301.5667580071463,,7
ETH,-1,DONCHIAN_V2,2025-03-13 18:00:00+00:00,2025-03-14 15:00:00+00:00,1826.7946021728517,1927.1470660539876,0.0983287153697214,179.62636647599777,1926.1839740669543,690.9160662402498,SL,-9.867528857618462,0.18456013090480702,0.0,-9.96227580528527,9.772829259750605,-1.0193850256153456,21,1291.604482201861,,7
XRP,1,DONCHIAN_V2,2025-03-13 10:00:00+00:00,2025-03-16 11:00:00+00:00,2.280856117773056,2.2991180049711812,77.06463816822516,175.77335142996333,2.3002681390407016,3.7415845370748935,SL,1.40734572919245,0.17647702429455958,0.0,1.3187553806128722,9.849919370859727,0.1338848909275658,73,1292.6625866153831,,7
NEAR,1,DONCHIAN_V2,2025-03-14 09:00:00+00:00,2025-03-16 13:00:00+00:00,2.695538933229446,2.523451176607,57.588989824301414,155.23336419675886,2.5247135333736863,4.647829217295273,SL,-9.91036006501692,0.15027818416425043,0.0,-9.983021567082792,9.837662214025574,-1.014775802410656,52,1282.4884486456453,,7
ETH,-1,DONCHIAN_V2,2025-03-16 12:00:00+00:00,2025-03-16 16:00:00+00:00,1873.515236645508,1921.9956756877168,0.20401905350648564,382.232805310396,1921.0351581086627,1330.4304199237397,SL,-9.890933286970332,0.38717827195388116,0.0,-10.086995156269015,9.694969399615372,-1.0404359973193105,4,1272.3019255591062,,7
BTC,1,DONCHIAN_V2,2025-03-14 16:00:00+00:00,2025-03-16 22:00:00+00:00,84760.9488,82155.87716707823,0.0037778396987438977,320.2132772798389,82196.97565490568,114063.49902964936,SL,-9.841543032923447,0.3152925057633772,0.0,-9.996728900046904,9.686279534050577,-1.0320504239945782,54,1262.3051966590592,,7
LINK,-1,DONCHIAN_V2,2025-03-16 14:00:00+00:00,2025-03-17 17:00:00+00:00,13.355328201675416,14.00767706557488,14.904602682489402,199.05586054021776,14.000676727211275,5.979916481265603,SL,-9.723000626794864,0.20391736085361523,0.0,-9.82739005737837,9.61866336484234,-1.0217001764817926,27,1252.2967170253523,,7
BTC,-1,DONCHIAN_V2,2025-03-16 23:00:00+00:00,2025-03-17 17:00:00+00:00,82076.68138000001,84264.2601188757,0.004412692455001721,362.17915265710633,84222.14904435353,57557.050930245474,SL,-9.653112195758926,0.3670057087549858,0.0,-9.839028328185359,9.467288974942946,-1.0392656603412334,18,1242.457688697167,,7
SOL,1,DONCHIAN_V2,2025-03-14 15:00:00+00:00,2025-03-18 03:00:00+00:00,130.73614871520996,124.37598378721594,1.5381259037950414,201.08865690126527,124.43820288866027,202.71267244720647,SL,-9.782734428156328,0.1961972896871871,0.0,-9.878387389392882,9.687033616513956,-1.019753598516755,84,1232.5793013077741,,7
APT,-1,DONCHIAN_V2,2025-03-10 09:00:00+00:00,2025-03-19 03:00:00+00:00,5.403718978214264,5.524091945222057,21.054885454324957,113.77468411366323,5.521331279582267,0.215883557654446,SL,-2.53443903214633,0.1150419036297364,0.0,-2.5925935937192346,9.557562046880465,-0.27126097439937025,210,1229.4872190043939,,7
BTC,-1,DONCHIAN_V2,2025-03-18 14:00:00+00:00,2025-03-19 08:00:00+00:00,81348.727,83485.21197182641,0.004412300288973544,358.9350116497299,83443.49022671307,57408.57583756486,SL,-9.42681325857733,0.3636484182790186,0.0,-9.610994171031484,9.242724390557225,-1.0398442888603818,18,1219.7810230968312,,7
XRP,-1,DONCHIAN_V2,2025-03-18 07:00:00+00:00,2025-03-19 11:00:00+00:00,2.251949441432953,2.346654382593954,98.82755817714303,222.55466443519992,2.3454816417730675,1.1830100089745024,SL,-9.359458082251715,0.2272343934763258,0.0,-9.47541514351044,9.243558970548857,-1.0250829981936942,28,1210.3056079533208,,7
DOGE,-1,DONCHIAN_V2,2025-03-18 14:00:00+00:00,2025-03-19 11:00:00+00:00,0.16346729606688024,0.17081742360395485,1272.0828307607546,207.94394071756338,0.17073205757516727,0.08044145025788552,SL,-9.349971043814454,0.21261892623947062,0.0,-9.458617999695143,9.241378384263538,-1.0235072741747624,21,1200.8469899536256,,7
SOL,-1,DONCHIAN_V2,2025-03-18 04:00:00+00:00,2025-03-19 13:00:00+00:00,124.09517874603272,129.63461192671056,1.6885732760663474,209.54380251922743,129.56982701320396,61.527769978361384,SL,-9.353738833447819,0.21422067193595135,0.0,-9.463187604124156,9.244344759808305,-1.0236731591045063,33,1191.0363124799496,,7
ETH,1,DONCHIAN_V2,2025-03-19 11:00:00+00:00,2025-03-20 10:00:00+00:00,1973.9347470703124,1984.552179117538,0.1634955015976226,322.729451593237,1985.5449515933344,2603.491774574007,SL,1.7359023782398095,0.32359740278235694,0.0,1.573669701254071,9.00635242465219,0.1747288610366414,23,1192.5300148717356,,7
AVAX,1,DONCHIAN_V2,2025-03-19 12:00:00+00:00,2025-03-20 16:00:00+00:00,19.549908726882933,18.563335055285116,9.213688917061909,180.12677736645315,18.5726213659681,30.71890713733816,SL,-9.089982903865884,0.17558178591452023,0.0,-9.175501301097178,9.004421726045676,-1.0189995071595377,28,1183.3545135706383,,7
XRP,1,DONCHIAN_V2,2025-03-19 14:00:00+00:00,2025-03-21 10:00:00+00:00,2.5226043917655945,2.3805193956815223,63.400594821185855,159.93461893647444,2.3817102508069254,4.1328231455789535,SL,-9.00827326689604,0.15543048230302642,0.0,-9.08373643973083,8.932772343599622,-1.016900027261903,44,1174.2707771309076,,7
ETH,-1,DONCHIAN_V2,2025-03-21 13:00:00+00:00,2025-03-22 09:00:00+00:00,1945.500836645508,2005.4275286697484,0.1494274713017089,290.71127043529725,2004.4253160117426,1272.0782153171128,SL,-8.95469405265855,0.29518861746162656,0.0,-9.104527034902528,8.804935949466168,-1.034025356590416,20,1164.7415772587024,,7
BTC,-1,DONCHIAN_V2,2025-03-21 13:00:00+00:00,2025-03-23 16:00:00+00:00,83449.8067,85420.56493116944,0.004567452686769694,381.1530438223266,85377.87599317286,61414.72906373885,SL,-9.001344977928358,0.38565371631129075,0.0,-9.196422172328486,8.806365273380502,-1.0442926095885474,51,1155.423410151118,,7
SUI,-1,DONCHIAN_V2,2025-03-21 11:00:00+00:00,2025-03-24 04:00:00+00:00,2.2602478599999998,2.373592729074376,78.52296356026302,177.48136034794246,2.37240652581147,0.978434536440338,SL,-8.90017502407002,0.18193144785997747,0.0,-8.993365791756027,8.807030828481807,-1.021157523676608,65,1146.1175302935392,,7
BTC,1,DONCHIAN_V2,2025-03-24 00:00:00+00:00,2025-03-25 01:00:00+00:00,86098.41623999999,86871.77523931753,0.007259461427297689,625.0281316457008,86915.2328557454,99740.79085559647,SL,5.6141698249992285,0.6278352165582004,0.0,5.298848674263878,8.665675576133385,0.6114755425252394,25,1151.3039417354212,,7
AVAX,1,DONCHIAN_V2,2025-03-22 10:00:00+00:00,2025-03-26 13:00:00+00:00,19.524904108428956,22.422159347371622,12.470733231738654,243.48987051149555,22.433376035389315,27.530447205315603,SL,36.13089718911122,0.2615553191060512,0.0,35.99108680526091,8.735561829440268,4.12006548725522,99,1187.2164073854374,,7
SOL,1,DONCHIAN_V2,2025-03-24 04:00:00+00:00,2025-03-26 14:00:00+00:00,138.1976321685791,139.47825875692357,1.6271947734200787,224.87446476374245,139.5480327733102,198.57064163151605,SL,2.0838288912568936,0.2259163792093709,0.0,1.970349744429394,8.595881477201544,0.22922020849813493,58,1189.1867571298667,,7
LINK,1,DONCHIAN_V2,2025-03-19 12:00:00+00:00,2025-03-26 18:00:00+00:00,14.472894267082214,15.078269651271896,13.274712479656282,192.12351014398212,15.08581255755067,22.22567316090265,SL,8.03618416737948,0.19614160222767188,0.0,7.936104320223799,9.005142189208717,0.8812858424083524,174,1197.1228614500906,,7
DOGE,1,DONCHIAN_V2,2025-03-25 15:00:00+00:00,2025-03-27 13:00:00+00:00,0.19168833319544792,0.19106054675824144,820.3019342296972,157.2423104894926,0.19115612482065175,0.31198939660639985,SL,-0.5149744287236496,0.15698482327513077,0.0,-0.593338096754034,8.634779563015659,-0.06871490956125964,46,1196.1576213671576,,7
APT,1,DONCHIAN_V2,2025-03-19 04:00:00+00:00,2025-03-28 04:00:00+00:00,5.542108089351654,5.713053898832033,34.35578483722679,190.4034730624195,5.715911854759413,8.609557116381703,SL,5.872977449333475,0.19333996178708623,0.0,5.774839224077598,9.221154142532953,0.6262599165803893,216,1201.9324605912352,,7
SUI,1,DONCHIAN_V2,2025-03-27 07:00:00+00:00,2025-03-28 10:00:00+00:00,2.70164022,2.5357818239703622,54.536677552832984,147.33848154190474,2.5370503491449345,4.582667315486461,SL,-9.04536586369842,0.14281579861005556,0.0,-9.114512421537523,8.976184715285118,-1.0154105235843522,27,1192.6274280459727,,7
XRP,-1,DONCHIAN_V2,2025-03-26 18:00:00+00:00,2025-03-30 01:00:00+00:00,2.3884222615718844,2.1665887364189165,124.1176441166161,296.44534426198254,2.165505983427203,1.5617023241145866,SL,27.533454528070482,0.2826786169979473,0.0,27.398998583203525,8.978421460875678,3.0516498587861194,79,1219.9324218127626,,7
ETH,-1,DONCHIAN_V2,2025-03-26 19:00:00+00:00,2025-04-01 06:00:00+00:00,1994.4710211181641,1864.2221977001682,0.1504259241560498,300.02014655416014,1863.2905524239563,1312.4221870718861,SL,19.59279963289018,0.29022374673771506,0.0,19.452585959429545,8.977309790834697,2.166861388618836,131,1239.296813257079,,7
AVAX,-1,DONCHIAN_V2,2025-03-28 10:00:00+00:00,2025-04-01 06:00:00+00:00,20.43291287460327,19.52561677326326,9.201313291986715,188.00963282709355,19.51585884384134,9.323063130952814,SL,8.348315677027582,0.18383547498857977,0.0,8.258485018452548,8.944705710344795,0.9232819151223036,92,1247.5552982755316,,7
LINK,-1,DONCHIAN_V2,2025-03-28 05:00:00+00:00,2025-04-01 08:00:00+00:00,14.880023773765565,14.009271663041961,11.714753981235354,174.31581774459687,14.002270527778073,6.086503834466546,SL,10.200646755768428,0.16921549436671268,0.0,10.118589170274014,9.013718237822868,1.1225765997227368,99,1257.6738874458056,,7
DOGE,-1,DONCHIAN_V2,2025-03-31 01:00:00+00:00,2025-04-01 08:00:00+00:00,0.1639272029131651,0.17251650251996886,1076.02049624275,176.38903022630987,0.17243028737628074,0.06674909476327195,SL,-9.242262425290647,0.1810101614389552,0.0,-9.335078071616447,9.14949316359572,-1.020283627158621,31,1248.3388093741892,,7
LINK,1,DONCHIAN_V2,2025-04-01 16:00:00+00:00,2025-04-02 05:00:00+00:00,14.315862325286865,13.628007606122793,13.743859180442042,196.75519584533825,13.634825018632108,22.099145829912658,SL,-9.453778396793513,0.19202830664694148,0.0,-9.547429105517786,9.360080839290498,-1.020015667540056,13,1238.30001317847,,7
SUI,1,DONCHIAN_V2,2025-04-01 16:00:00+00:00,2025-04-02 05:00:00+00:00,2.4924984,2.3117805255179276,52.12335555049357,129.91738031223636,2.312936994014935,4.5446287541150285,SL,-9.419622025958537,0.12520756929925708,0.0,-9.479870905101675,9.359343007306078,-1.0128778160712253,13,1228.8201422733682,,7
SOL,-1,DONCHIAN_V2,2025-03-28 05:00:00+00:00,2025-04-02 15:00:00+00:00,134.253142779541,130.95238410757085,1.5398107293830017,206.7244297053253,130.88694063725222,67.34700920709061,SL,5.082543618203637,0.2041831578962235,0.0,4.981722675160076,9.014493454434264,0.5526347875608637,130,1233.8018649485282,,7
BTC,1,DONCHIAN_V2,2025-04-01 10:00:00+00:00,2025-04-02 21:00:00+00:00,84368.97042,84617.40461320443,0.005022625271011138,423.7537229206832,84659.73448044465,105672.66392715857,SL,1.2477918569718516,0.42437761884916914,0.0,1.035291099583024,9.362541070306419,0.1105780035365058,35,1234.750600189453,,7
ETH,1,DONCHIAN_V2,2025-04-01 16:00:00+00:00,2025-04-02 22:00:00+00:00,1918.8536646972657,1840.6118151268888,0.12106597058382097,232.30788132489624,1841.5325814175976,2802.523187893472,SL,-9.472425458510992,0.22757166859564076,0.0,-9.583843186444184,9.360951993845466,-1.02381073984198,30,1225.1667570030088,,7
DOGE,1,DONCHIAN_V2,2025-04-02 16:00:00+00:00,2025-04-02 22:00:00+00:00,0.17622524175345897,0.1667218947778788,982.3321312761648,173.11171731633272,0.1668052974265921,0.28388174834622326,SL,-9.335443088778561,0.16844399577194344,0.0,-9.417331225892339,9.25351398711396,-1.0177032464646947,6,1215.7494257771164,,7
XRP,-1,DONCHIAN_V2,2025-04-02 23:00:00+00:00,2025-04-05 11:00:00+00:00,2.0171965394973754,2.1717625520612738,59.39953189451521,119.82053018538006,2.1706772134545465,0.26313169427256455,SL,-9.18114879309732,0.12441110458192872,0.0,-9.245649632586558,9.11668018791067,-1.0141465360216222,60,1206.1938843323032,,7
AVAX,-1,DONCHIAN_V2,2025-04-06 03:00:00+00:00,2025-04-07 09:00:00+00:00,17.411517915344238,15.635980405689708,14.321149217897503,249.3529461757405,15.628166322528445,10.192261579457707,SL,25.427737617736653,0.23663907736687217,0.0,25.315775013457653,9.046454132492274,2.7984196506928205,30,1231.384982872673,,7
ETH,-1,DONCHIAN_V2,2025-04-02 23:00:00+00:00,2025-04-07 14:00:00+00:00,1797.6704232910156,1567.2851932010983,0.08671599003549442,155.88677051320676,1566.5019422299833,595.9647909689413,SL,19.978083316802355,0.14589772885480556,0.0,19.910128973204152,9.118120693328372,2.183578134447395,111,1251.295111845877,,7
SOL,-1,DONCHIAN_V2,2025-04-02 23:00:00+00:00,2025-04-07 14:00:00+00:00,118.61627138977052,109.1647106654318,0.9784967869636502,116.0656404364988,109.11015558763799,12.125975085592586,SL,9.248321800557267,0.11144147953622016,0.0,9.194913141239297,9.117536117938949,1.0084866154956171,111,1260.4900249871164,,7
LINK,-1,DONCHIAN_V2,2025-04-02 23:00:00+00:00,2025-04-07 14:00:00+00:00,12.889421798324586,11.555596556999566,8.703444488029312,112.18236710451298,11.549821646176479,0.9176744426630083,SL,11.608873944604609,0.10637793013221067,0.0,11.558587198024654,9.117100871787313,1.2677919615645004,111,1272.048612185141,,7
DOGE,-1,DONCHIAN_V2,2025-04-02 23:00:00+00:00,2025-04-07 14:00:00+00:00,0.1629674025028944,0.14815498847388442,710.7453051053363,115.82831621414384,0.14808094799988447,0.016381143254992764,SL,10.527853728395266,0.1105643893499462,0.0,10.475203497152393,9.116230860922474,1.1490717662773628,111,1282.5238156822934,,7
NEAR,-1,DONCHIAN_V2,2025-04-08 18:00:00+00:00,2025-04-09 18:00:00+00:00,1.944611052441597,2.1371435774136875,50.23870879749876,97.69474838801098,2.1360755396438655,-0.24355451558432728,SL,-9.672585456120018,0.10253104111607099,0.0,-9.726269123042083,9.6189286176172,-1.0111592995116199,24,1272.7486991850571,,7
SOL,1,DONCHIAN_V2,2025-04-09 18:00:00+00:00,2025-04-10 16:00:00+00:00,119.3538678314209,108.94073531514574,0.9214490087456445,109.97850320322145,108.99523293161154,237.73826668638506,SL,-9.59517063505878,0.10518091788569206,0.0,-9.645362301342862,9.544953860387373,-1.0105195313067143,22,1262.7994972889853,,7
AVAX,1,DONCHIAN_V2,2025-04-11 13:00:00+00:00,2025-04-13 21:00:00+00:00,19.18683716468811,19.301022605250157,9.76250647084716,187.31162197535846,19.310677944222267,30.27414934560303,SL,1.1147361023635116,0.18786899002654023,0.0,1.0205229233246507,9.47099622966739,0.10775243686909272,56,1263.7263644013224,,7
ETH,1,DONCHIAN_V2,2025-04-14 11:00:00+00:00,2025-04-15 20:00:00+00:00,1679.3358,1594.7731223453861,0.11314940524604501,190.0158469783912,1595.5709077992856,2636.6488537224513,SL,-9.568216682632587,0.18523173863707493,0.0,-9.658440497780466,9.477947733009918,-1.0190434437765388,33,1253.9729159800527,,7
AVAX,-1,DONCHIAN_V2,2025-04-15 23:00:00+00:00,2025-04-19 17:00:00+00:00,19.023195027160646,19.986028105343895,9.870226842759825,187.76325019213624,19.976040085301246,8.133537219839493,SL,-9.503380893381365,0.1925149406388269,0.0,-9.602014208924125,9.404796869850395,-1.0209698669522531,90,1244.2770201460323,,7
BTC,1,DONCHIAN_V2,2025-04-09 18:00:00+00:00,2025-04-19 23:00:00+00:00,82209.23856,85091.6,0.0021453663428896803,176.36893348121248,77759.82819448147,133059.64273735473,EOD,6.18372122141905,0.179460794091922,0.0,6.092444894067734,9.545615243887928,0.638245386851176,245,1250.1608172125111,,7
LINK,1,DONCHIAN_V2,2025-04-09 18:00:00+00:00,2025-04-19 23:00:00+00:00,12.599519522094726,12.928999900817871,8.788257603529459,110.72782324086683,11.513463346731003,25.01159009768012,EOD,2.8955584435274493,0.11217560246263056,0.0,2.8387467526852523,9.54454144100036,0.29742096781002864,245,1252.9995639651963,,7
XRP,1,DONCHIAN_V2,2025-04-09 18:00:00+00:00,2025-04-19 23:00:00+00:00,2.0705140890598295,2.0878000259399414,48.12418456070742,99.64180215746023,1.8721912229419935,4.337061130406527,EOD,0.8318716167232455,0.10005773796582186,0.0,0.7816347798361538,9.544126211663208,0.08189694504259308,245,1253.7811987450325,,7
DOGE,1,DONCHIAN_V2,2025-04-09 18:00:00+00:00,2025-04-19 23:00:00+00:00,0.16134226420819758,0.1573600023984909,687.7437100547081,110.96212737517276,0.14746536149665415,0.3199354380544082,EOD,-2.7387755114168466,0.10959273961946434,0.0,-2.7928871873487244,9.543752554905119,-0.29264036041182656,245,1250.9883115576838,,7
ETH,1,DONCHIAN_V2,2025-04-19 18:00:00+00:00,2025-04-19 23:00:00+00:00,1619.3238,1613.31005859375,0.25769747543862925,417.29565517768776,1583.1104935436172,2033.1901595015177,EOD,-1.5497259783313493,0.4165207921885221,0.0,-1.7575989429310275,9.332077651095242,-0.18833951116177758,5,1249.2307126147527,,7
