symbol,side,tag,entry_ts,exit_ts,entry,exit,qty,notional,sl,tp,reason,gross,fees,funding,pnl,r_unit,r_multiple,bars_held,equity_after,regime,fold
BTC,-1,SWEEP_V2,2022-09-04 12:15:00+00:00,2022-09-04 17:00:00+00:00,19780.643079999998,19951.30949112348,0.04044357894556379,800.0,19941.338821712627,19313.16455865417,SL,-6.9023604716286,0.8034511802358143,0.0,-7.305811651864414,6.499110916170625,-1.1241247835433328,19,991.9772786984677,chop,1
ETH,-1,SWEEP_V2,2022-09-04 12:15:00+00:00,2022-09-04 17:00:00+00:00,1556.878503417969,1576.0813644432485,0.4071090312728086,633.8192993359494,1575.2937175844563,1503.306971297278,SL,-7.817658149667958,0.6377281284107834,0.0,-8.138476628410766,7.497,-1.0855644428985949,19,983.8388020700569,chop,1
SOL,-1,SWEEP_V2,2022-09-07 14:45:00+00:00,2022-09-07 16:00:00+00:00,31.363726839065553,31.62884756457766,25.084908348947465,786.7562132393832,31.613041044055635,30.63844915182168,SL,-6.650529100877703,0.7900814777898221,0.0,-7.047232472047834,6.2540239822669035,-1.126831699403464,5,976.0046559705613,chop,1
SOL,-1,SWEEP_V2,2022-09-07 16:15:00+00:00,2022-09-07 16:30:00+00:00,31.45370708465576,31.758810153283306,24.823901445860194,780.8037247764491,31.742938683941336,30.61230606855227,SL,-7.573848506439704,0.784590649029669,0.0,-7.9680372930811485,7.17985671569364,-1.1097766443813166,1,967.646216815092,chop,1
XRP,-1,SWEEP_V2,2022-09-07 13:15:00+00:00,2022-09-07 17:15:00+00:00,0.32425512449145316,0.3272077524801898,2427.3202864270893,787.0710416560455,0.3270442303650073,0.31614136195020476,SL,-7.166973815332846,0.790654528563712,0.0,-7.564092823068536,6.7700532678708925,-1.1172870469078835,16,960.0821239920234,chop,1
BTC,-1,SWEEP_V2,2022-09-07 19:30:00+00:00,2022-09-07 20:15:00+00:00,19104.6783,19224.60443801429,0.04020301661889899,768.0656991936188,19214.99693954452,18783.75134859776,SL,-4.82139251962883,0.7704763954534333,0.0,-5.207836065485454,4.435142098982628,-1.1742207914105103,3,954.4902550769411,chop,1
BTC,1,SWEEP_V2,2022-09-10 14:15:00+00:00,2022-09-10 19:15:00+00:00,21211.641480000002,21514.816658042444,0.035998732336746664,763.5922040615529,21241.802390574925,21514.816658042444,TP,10.913922085495383,0.7690491651043007,0.0,10.526669022421858,3.7516607168890586,2.8058691381748275,20,964.6351279973322,chop,1
XRP,1,SWEEP_V2,2022-09-11 06:45:00+00:00,2022-09-11 21:15:00+00:00,0.35370073231458665,0.3554728877454514,2181.810869736897,771.7081023978658,0.35565071310200236,0.3609854337736864,SL,3.8665079819239425,0.7736413563888278,0.0,3.4787206767340475,5.463507784024143,0.6367192679593472,58,967.7279946228673,chop,1
ETH,-1,SWEEP_V2,2022-09-13 12:45:00+00:00,2022-09-14 04:30:00+00:00,1674.5650444091798,1616.5446178493344,0.16084295950269223,269.34199762252973,1615.7367494745972,1543.2937385185867,SL,9.332177119494146,0.2646759090627827,0.0,9.202172209242628,7.2579599596715045,1.2678731021353167,63,976.7954958332986,chop,1
LINK,-1,SWEEP_V2,2022-09-14 09:15:00+00:00,2022-09-14 12:15:00+00:00,7.252549386882782,7.334555135960239,93.51465111832721,678.2196256327812,7.330889691114682,7.024650320026345,SL,-7.668739014675438,0.682053995140119,0.0,-8.011683196999167,7.3259662187497385,-1.093600892738822,12,968.444702823483,chop,1
SOL,-1,SWEEP_V2,2022-09-15 07:00:00+00:00,2022-09-15 07:15:00+00:00,33.86322493209839,34.56413699638374,10.624524311305278,359.78065655027837,34.54686356460144,31.874458001180432,SL,-7.446857267086842,0.3635040851838218,0.0,-7.630471023995525,7.263335271176122,-1.0505464416982577,1,960.6343414712123,chop,1
XRP,-1,SWEEP_V2,2022-09-16 11:30:00+00:00,2022-09-16 14:30:00+00:00,0.32909417285323145,0.3313059511834114,2335.220543451272,768.5074731769699,0.33114038099291493,0.32314156735597044,SL,-5.164990194196538,0.7710899682740683,0.0,-5.551826425882122,4.778347283966075,-1.1618716882532765,12,954.6982613087417,chop,1
ETH,-1,SWEEP_V2,2022-09-17 16:30:00+00:00,2022-09-17 16:45:00+00:00,1456.9485422363282,1470.3345767409028,0.5242179712638787,763.7586090469935,1469.5997768524767,1420.1449506257145,SL,-7.0171998512563665,0.7672672089726216,0.0,-7.4025877557054915,6.632004544460714,-1.1161915987962336,1,946.9137942485128,chop,1
ETH,-1,SWEEP_V2,2022-09-17 17:15:00+00:00,2022-09-17 23:30:00+00:00,1467.2065,1472.3023547599423,0.5163083965336919,757.5310353988102,1471.5665714742054,1437.5177170479196,SL,-2.6310326000743967,0.7588465516988474,0.0,-3.011113634073839,5.2691952228524785,-0.5714560775836605,25,943.5239150967395,chop,1
LINK,-1,SWEEP_V2,2022-09-21 12:45:00+00:00,2022-09-21 15:15:00+00:00,7.0395916893959045,6.918054640192508,107.22484561347702,754.8191320773917,7.058339534506977,6.918054640192508,TP,13.031791337151795,0.7483032364088158,0.0,12.660897666781675,4.47967827214593,2.826296197542919,10,955.8074031974825,chop,1
XRP,1,SWEEP_V2,2022-09-21 17:30:00+00:00,2022-09-21 18:00:00+00:00,0.39388876599669453,0.38673379895887666,1029.7424428844377,405.60398012217286,0.38692726259017174,0.4141404122702154,SL,-7.367773236280204,0.4019200935040328,0.0,-7.56689133972315,7.168555523981118,-1.055567096384965,2,948.0377098676983,chop,1
BTC,-1,SWEEP_V2,2022-09-21 18:15:00+00:00,2022-09-21 18:30:00+00:00,18862.02684,19510.626926573826,0.011129821926956145,209.9309999106673,19500.876488329664,17003.555135768245,SL,-7.218803465375044,0.21354040164335486,0.0,-7.327378367063065,7.1102828240077365,-1.0305326171164821,1,940.2821169738235,chop,1
ETH,-1,SWEEP_V2,2022-09-21 18:15:00+00:00,2022-09-21 18:30:00+00:00,1318.7161844726563,1373.7237228422082,0.13087927312845787,172.59261568651462,1373.0372042400882,1160.6913996946728,SL,-7.199346638392705,0.176192289005711,0.0,-7.289242619555159,7.10949558275807,-1.0252826708596614,1,932.9928743542683,chop,1
SOL,-1,SWEEP_V2,2022-09-21 18:15:00+00:00,2022-09-21 18:30:00+00:00,31.303737466049196,32.31264259783157,7.160714239985397,224.15711863790287,32.296494350656246,28.4157174381014,SL,-7.224481343948388,0.22776935930987707,0.0,-7.340172143939314,7.108848360449247,-1.0325402613420562,1,925.652702210329,chop,1
LINK,-1,SWEEP_V2,2022-09-21 18:15:00+00:00,2022-09-21 18:30:00+00:00,6.924614918231964,7.1252550360590226,36.066744842482464,249.74831938831983,7.121694188964541,6.35129340337356,SL,-7.236435934834128,0.2533665373557369,0.0,-7.364928312495705,7.1080077712543535,-1.036145225147385,1,918.2877738978333,chop,1
SOL,1,SWEEP_V2,2022-09-24 18:15:00+00:00,2022-09-24 19:45:00+00:00,33.43668630523682,34.082909852897636,21.9707841982897,734.6302191182667,33.28435151702214,34.082909852897636,TP,14.19803810950899,0.7417292381730212,0.0,13.823623980895103,4.880575600143721,2.8323757510257668,6,931.7440827691693,chop,1
SOL,1,SWEEP_V2,2022-09-24 22:15:00+00:00,2022-09-25 13:30:00+00:00,33.38667706832886,33.31061706416617,22.326129212853875,745.3952662153355,33.32728070451843,34.277033261172875,SL,-1.6981254808662962,0.7445462034749023,0.0,-2.069974051233531,6.833133796121906,-0.3029318776705835,61,929.301411084828,chop,1
LINK,1,SWEEP_V2,2022-09-25 22:15:00+00:00,2022-09-26 05:00:00+00:00,7.729545764064788,7.552105050207581,40.133878368782526,310.2166495409144,7.555882991703433,8.234746556388732,SL,-7.121384027615088,0.30665595752710684,0.0,-7.2729316603717376,6.96976058313621,-1.0434980618945606,27,921.8733710996859,chop,1
SOL,1,SWEEP_V2,2022-09-30 12:45:00+00:00,2022-09-30 20:30:00+00:00,34.096818152618404,33.42295218063243,10.52132836931532,358.7438201325296,33.43967201664075,36.00851600273522,SL,-7.089965168172286,0.35519883754844345,0.0,-7.265792095654465,6.914050283247644,-1.050873481967447,31,914.4282070939652,chop,1
XRP,1,SWEEP_V2,2022-10-01 02:15:00+00:00,2022-10-01 18:15:00+00:00,0.4723744516789913,0.47390520691275595,1029.8893148910593,486.4934004117161,0.4657152782571074,0.49174659254265346,TIME,1.5765084589677982,0.4872816546412,0.0,1.3324735045324563,6.85821155320474,0.19428877254592875,64,915.5174338982918,chop,1
LINK,-1,SWEEP_V2,2022-10-03 21:30:00+00:00,2022-10-04 00:00:00+00:00,7.29654025888443,7.367383646297377,100.37825066843563,732.4139471186335,7.3637017953996775,7.101161243567345,SL,-7.111135299937896,0.7359695147686025,0.0,-7.480897841147182,6.741557547604837,-1.109669062130163,10,907.6703290835852,chop,1
BTC,1,SWEEP_V2,2022-10-05 14:00:00+00:00,2022-10-05 14:15:00+00:00,19925.18424,19791.94596954882,0.0364431392212245,726.1362632668682,19801.846892995316,20283.98379492271,SL,-4.8556208396475204,0.7237084528470445,0.0,-5.216261160861131,4.4948001080681275,-1.1605101529427275,1,902.0909997910907,chop,1
LINK,1,SWEEP_V2,2022-10-06 10:00:00+00:00,2022-10-06 14:00:00+00:00,7.80156019077301,7.779224661125827,92.5036508320993,721.6727998328726,7.783116219235445,7.944077194450604,SL,-2.0661180356330178,0.720639740815056,0.0,-2.4259213765316376,4.531774206378779,-0.5353138232520475,16,899.3042420146426,bull,1
XRP,1,SWEEP_V2,2022-10-06 23:15:00+00:00,2022-10-07 01:45:00+00:00,0.4920783824265003,0.48774642920646666,1462.0503954350695,719.4433936117141,0.48799042441867596,0.5039706239038075,SL,-6.333533918356432,0.716276626652536,0.0,-6.690088848203111,5.976800621861557,-1.1193428175824593,10,892.2544314696336,bull,1
ETH,1,SWEEP_V2,2022-10-07 12:30:00+00:00,2022-10-07 12:45:00+00:00,1355.401030883789,1336.571370239258,0.5217107102028751,707.1272344320905,1342.5741747254785,1392.7155215261466,SL_GAP,-9.823635627737412,0.7022154166182218,0.0,-10.172287427139588,6.691908236022251,-1.520087704189159,1,881.7285804252779,chop,1
BTC,-1,SWEEP_V2,2022-10-09 11:00:00+00:00,2022-10-09 16:00:00+00:00,19486.002020000004,19564.139448884474,0.036199465832767175,705.3828643402223,19554.3622677506,19287.135844725544,SL,-2.828533187163678,0.7067971309338041,0.0,-3.1826388859273713,2.474604452767184,-1.2861202453460552,20,878.1932501071803,bear,1
BTC,-1,SWEEP_V2,2022-10-09 16:15:00+00:00,2022-10-10 08:00:00+00:00,19485.20218,19263.07104822847,0.03605580242872001,702.5546000857444,19561.559756546463,19263.07104822847,TP,8.009116200422252,0.6985500419855333,0.0,7.6618434584795905,2.753133693895133,2.7829536485892974,63,885.503816265617,bear,1
BTC,1,SWEEP_V2,2022-10-14 15:30:00+00:00,2022-10-14 16:00:00+00:00,19404.580140000002,19279.386421393338,0.03650700236240688,708.4030530124937,19289.030936861767,19740.72327640214,SL,-4.570447380931997,0.7061178293220277,0.0,-4.922363683747777,4.218355031941763,-1.166891749621641,2,880.227251055363,chop,1
SOL,1,SWEEP_V2,2022-10-18 09:15:00+00:00,2022-10-18 14:15:00+00:00,30.626124839401246,30.356805031686523,22.99284694152176,704.1818008442905,30.37199102720012,31.365423202168156,SL,-6.192429117104696,0.7010855862857381,0.0,-6.541423802968289,5.843259846605911,-1.1194819286990823,20,873.3337363519726,chop,1
ETH,1,SWEEP_V2,2022-10-23 12:30:00+00:00,2022-10-23 17:45:00+00:00,1306.51125,1327.81602641339,0.5347577290907967,698.6669890815781,1299.1877331078972,1327.81602641339,TP,11.392893853611643,0.7043634360083839,0.0,11.037863912144047,3.9163072621789907,2.8184366478953695,21,884.0222667695758,chop,1
SOL,1,SWEEP_V2,2022-10-26 13:45:00+00:00,2022-10-26 14:15:00+00:00,30.91618184738159,31.95748762779389,18.522665398114864,572.6500917463219,30.864626854651817,31.95748762779389,TP,19.287758547699863,0.5822939710201718,0.0,18.99178962255285,6.630167000771817,2.8644511699844086,2,902.7277313462555,chop,1
BTC,1,SWEEP_V2,2022-10-27 09:45:00+00:00,2022-10-27 10:30:00+00:00,20613.82194,20500.52492116876,0.03503388101338205,722.1821850770044,20510.78031132442,20913.57940523806,SL,-3.9692342769046687,0.7201975679385519,0.0,-4.328340752304719,3.609948158445457,-1.1990035763196725,3,898.0382995014123,bull,1
XRP,1,SWEEP_V2,2022-10-29 18:15:00+00:00,2022-10-30 08:30:00+00:00,0.4713742645561695,0.4646213836823738,1032.947595182254,486.90491300409883,0.4648538105876676,0.490342857919084,SL,-6.975372059139469,0.48341722697452916,0.0,-7.215336829611949,6.735287246260593,-1.071273809980098,57,890.5795102152983,chop,1
SOL,1,SWEEP_V2,2022-10-30 08:45:00+00:00,2022-10-30 09:45:00+00:00,32.906581526184084,32.491718912097305,16.756652675086844,551.4041573586959,32.507972898546576,34.066170261129564,SL,-6.951708732130747,0.5479283029926305,0.0,-7.22393495644403,6.679346326614738,-1.0815332224441345,4,883.0798731801749,chop,1
ETH,1,SWEEP_V2,2022-10-30 10:15:00+00:00,2022-10-30 12:30:00+00:00,1601.0401146972656,1589.7582524333766,0.4410765892135385,706.1813129847224,1590.5535291979754,1631.5465452406552,SL,-4.976165327333101,0.7036932303210559,0.0,-5.326767901161796,4.625387364523067,-1.1516371454677181,9,877.0467826732487,chop,1
SOL,1,SWEEP_V2,2022-10-30 10:00:00+00:00,2022-10-30 13:30:00+00:00,32.60651847381592,32.31334223955065,21.66633948090635,706.46389854414,32.32950699304717,33.412370054234096,SL,-6.352055819325014,0.7032878706344774,0.0,-6.702111740687421,6.001824782444279,-1.1166790074064685,14,870.0245583030318,chop,1
ETH,1,SWEEP_V2,2022-10-30 12:45:00+00:00,2022-10-30 13:30:00+00:00,1599.5998853027343,1582.3735723731077,0.40024087582236056,640.2252590589138,1583.165154950583,1647.410009963538,SL,-6.894674574143805,0.6367779217718419,0.0,-7.21133986638619,6.577850870049365,-1.0963063786108715,3,862.8132184366456,chop,1
BTC,1,SWEEP_V2,2022-11-02 18:15:00+00:00,2022-11-02 18:30:00+00:00,20647.228619999998,20379.83551388908,0.0251599812307351,519.4838845458966,20390.030529153657,21395.441247916628,SL,-6.727605530978653,0.5161200817804072,0.0,-6.983983670486111,6.471099138274842,-1.079257715150382,1,855.2929789655027,chop,1
ETH,1,SWEEP_V2,2022-11-02 18:15:00+00:00,2022-11-02 18:45:00+00:00,1597.9094838134765,1558.1496663686326,0.16595927424583076,265.18789824421464,1558.9291309340995,1711.306874008028,SL,-6.598510447293028,0.26188864302056813,0.0,-6.727805141191489,6.469151073707795,-1.0399826908564445,2,848.5651738243112,chop,1
SOL,1,SWEEP_V2,2022-11-02 18:15:00+00:00,2022-11-02 18:45:00+00:00,32.44648662643433,31.701510760094695,8.871216838893593,287.83981852336,31.717369444817102,34.56755479113899,SL,-6.608842450041496,0.28453539729833927,0.0,-6.749457938078155,6.468156619089379,-1.0434901836109804,2,841.815715886233,chop,1
ETH,1,SWEEP_V2,2022-11-05 15:00:00+00:00,2022-11-05 23:00:00+00:00,1629.7559397216796,1623.9969010378215,0.4132229595211629,673.4525727089864,1624.8093056906669,1651.5137275940176,SL,-2.3797670089406986,0.672262689204516,0.0,-2.7153034117907215,3.0905935146766543,-0.8785702160106951,32,838.7636861880877,chop,1
ETH,1,SWEEP_V2,2022-11-06 03:30:00+00:00,2022-11-06 11:30:00+00:00,1619.6438102783202,1609.304790220322,0.4142953806832155,671.0109489504703,1610.1098451428934,1647.37898158138,SL,-4.283408250819741,0.6688692448250604,0.0,-4.616772021169566,3.949877715202149,-1.1688392284654023,32,833.8114086924429,chop,1
LINK,-1,SWEEP_V2,2022-11-07 13:30:00+00:00,2022-11-07 15:15:00+00:00,8.322335558509828,8.505297002490975,34.99274436752609,291.2213607397069,8.50104647925135,7.802449243625398,SL,-6.402323038345742,0.29442252225887977,0.0,-6.551134880234768,6.253585565193322,-1.0475805938752272,7,827.1146631318384,chop,1
ETH,-1,SWEEP_V2,2022-11-10 12:30:00+00:00,2022-11-10 13:30:00+00:00,1207.9184021728515,1239.0608557364933,0.2032340422481838,245.490139579556,1238.441634919034,1119.1235432748663,SL,-6.329206723265273,0.24865474294118864,0.0,-6.455116396416683,6.203359973488787,-1.0405838809941426,4,820.536801665632,bear,1
XRP,-1,SWEEP_V2,2022-11-21 20:15:00+00:00,2022-11-21 22:15:00+00:00,0.3543391106963158,0.3615259115967481,878.3775811286389,311.2435309527029,0.36134523897725945,0.3339576466062979,SL,-6.312724790974828,0.3143998933481903,0.0,-6.471502918846667,6.154026012492239,-1.0515884895042646,8,813.909676981309,bear,1
XRP,1,SWEEP_V2,2022-11-26 15:30:00+00:00,2022-11-26 19:00:00+00:00,0.4025405008614063,0.3986567889654933,1617.545912005582,651.1277415850473,0.3988562170740303,0.4132584173337729,SL,-6.282082300641558,0.6479867004347264,0.0,-6.60450513028376,5.959498178938505,-1.1082317557583587,14,806.9796079802327,chop,1
ETH,1,SWEEP_V2,2022-11-26 19:15:00+00:00,2022-11-26 22:45:00+00:00,1207.2814470703124,1199.8109262872244,0.5347416610690177,645.5836863841862,1200.411131853151,1227.267818611146,SL,-3.9947986925990833,0.6435862870378867,0.0,-4.3155931364448765,3.673843771292707,-1.1746806356238602,14,802.3412230005956,chop,1
ETH,-1,SWEEP_V2,2022-11-29 02:30:00+00:00,2022-11-29 04:00:00+00:00,1183.1833599365234,1191.9649765151964,0.6761420309722064,800.0,1191.3692918692618,1159.369739768557,SL,-5.937620068723186,0.8029688100343616,0.0,-6.340588878757548,5.534852642401989,-1.145575011371195,6,993.2594111212425,chop,2
LINK,1,SWEEP_V2,2022-11-30 17:30:00+00:00,2022-11-30 20:15:00+00:00,7.338467293167114,7.59147036522395,85.65553867897383,628.5803690742601,7.251497487147577,7.59147036522395,TP,21.671114424463493,0.6394159262864919,0.0,21.345988682714133,7.449445583409318,2.8654466219947756,11,1014.0447103606929,chop,2
XRP,1,SWEEP_V2,2022-11-30 18:45:00+00:00,2022-12-01 06:45:00+00:00,0.3981596073389053,0.4010097781002522,1237.690886694398,492.798517453183,0.3921426862424635,0.4156633778012815,TIME,3.527630376841842,0.494562332641604,0.0,3.2794673029268298,7.44708840702529,0.4403690575007958,48,1017.3241776636197,chop,2
ETH,1,SWEEP_V2,2022-12-01 14:00:00+00:00,2022-12-01 15:00:00+00:00,1279.0558088378907,1267.1449156941585,0.6360424562968792,813.5337983940435,1267.7788050967067,1311.8616379031532,SL,-7.575833731829092,0.809745881528129,0.0,-7.978812714160199,7.172653159211761,-1.1123934947158425,4,1008.3288544683662,chop,2
SOL,1,SWEEP_V2,2022-12-01 14:00:00+00:00,2022-12-01 15:00:00+00:00,13.732745542144775,13.525383274102916,29.537270636591465,405.6278216617752,13.532149348777304,14.316298104668325,SL,-6.1249154309698035,0.40256536394629033,0.0,-6.3246668840852065,5.925064052165009,-1.0674427868461918,4,1002.004187584281,chop,2
BTC,1,SWEEP_V2,2022-12-01 14:00:00+00:00,2022-12-01 15:15:00+00:00,17096.4186,16951.293676647714,0.047604083707385114,813.8593421308958,16959.77356342943,17493.931433659844,SL,-6.908538999290106,0.8104050726312508,0.0,-7.312014400855909,6.50486175910418,-1.124084518878828,5,994.6921731834251,chop,2
BTC,1,SWEEP_V2,2022-12-01 15:45:00+00:00,2022-12-01 21:00:00+00:00,16953.8901,16881.026603463808,0.04691757657738512,795.4354370513215,16889.471339133375,17141.290131612,SL,-3.418578678432849,0.7937261477121051,0.0,-3.8145871076192934,3.0223721459801496,-1.2621169476739702,21,990.0819914880068,chop,2
ETH,1,SWEEP_V2,2022-12-01 15:30:00+00:00,2022-12-02 03:30:00+00:00,1267.7334764648438,1273.3352478271486,0.6276979769957252,795.7537385467401,1261.3170504383538,1286.39944308736,TIME,3.5162205517113208,0.7975118488225958,0.0,3.116585572162095,4.027577636370457,0.7738114205467377,48,993.1985770601689,chop,2
SOL,-1,SWEEP_V2,2022-12-04 16:15:00+00:00,2022-12-04 18:00:00+00:00,13.48730177116394,13.563843674550547,58.91162481045054,794.5588616481351,13.557065141979558,13.284353783336687,SL,-4.509207894589548,0.79681346559543,0.0,-4.908741929360911,4.109873527002036,-1.1943778554523095,7,987.892555699984,chop,2
LINK,-1,SWEEP_V2,2022-12-04 19:15:00+00:00,2022-12-04 22:15:00+00:00,7.382523024559021,7.420563631976303,107.00920489026879,789.9979189421632,7.416855204374116,7.282647592369656,SL,-4.070695153266148,0.7920332665187964,0.0,-4.467729460313863,3.6738592641629872,-1.2160861750733782,12,982.634670257919,chop,2
XRP,-1,SWEEP_V2,2022-12-04 18:45:00+00:00,2022-12-05 03:15:00+00:00,0.3903419058263302,0.39336814177024354,2024.6712760366843,790.3140445599872,0.39317155599224746,0.3821101962527528,SL,-6.127132990151071,0.7933776110550628,0.0,-6.52535357892614,5.729111412165076,-1.1389817913246267,34,976.1093166789929,chop,2
XRP,-1,SWEEP_V2,2022-12-08 01:00:00+00:00,2022-12-08 01:15:00+00:00,0.3846930519402027,0.3904451223760843,2029.8974712560619,780.8874533431944,0.3882654057090632,0.37430075006715396,SL_GAP,-11.676113232282827,0.7867255099593358,0.0,-12.072395015570565,7.251511881841998,-1.6648107611600558,1,963.6464779367507,chop,2
LINK,-1,SWEEP_V2,2022-12-08 13:45:00+00:00,2022-12-08 15:00:00+00:00,6.923615190696716,6.954795313059766,111.34604698789218,770.9171823494006,6.95131965323315,6.843020390590726,SL,-3.4717833697244314,0.7726530740342629,0.0,-3.858977852583994,3.084782387356078,-1.2509724732613854,5,959.402041492992,chop,2
SOL,-1,SWEEP_V2,2022-12-08 15:15:00+00:00,2022-12-08 18:30:00+00:00,13.557288419532776,13.640364977470878,56.61321124426183,767.5216331943936,13.633548203369193,13.33544177564502,SL,-4.70323072399588,0.7698732485563916,0.0,-5.089343155955074,4.317311251772792,-1.1788223871663799,13,953.5453302081693,chop,2
LINK,-1,SWEEP_V2,2022-12-08 15:15:00+00:00,2022-12-08 18:30:00+00:00,6.931613487720489,6.965918215022596,110.68341099806763,767.2146245411159,6.962436996524334,6.841945098472943,SL,-3.7969642311556533,0.7691131066566937,0.0,-4.1824700255417895,3.411651093338445,-1.2259372107858384,13,949.3628601826275,chop,2
XRP,1,SWEEP_V2,2022-12-09 13:00:00+00:00,2022-12-09 13:30:00+00:00,0.3904680866897106,0.38846560358043497,1945.0764711269187,759.4902881461021,0.38865993354720857,0.3957281685588075,SL,-3.8949827796811283,0.7575427967562616,0.0,-4.272780432364339,3.5169961336749256,-1.214894833535029,2,944.7103346061901,chop,2
XRP,1,SWEEP_V2,2022-12-09 13:45:00+00:00,2022-12-10 01:45:00+00:00,0.3892578405976295,0.38757248296737673,1755.9839849120604,683.5305340908891,0.38522287924808096,0.40099590997813445,TIME,-2.959461007573246,0.6820508035871025,0.0,-3.299746544114904,7.085327509546426,-0.46571545770735173,48,941.0688227950299,chop,2
ETH,-1,SWEEP_V2,2022-12-10 13:30:00+00:00,2022-12-10 14:15:00+00:00,1263.9771344726562,1270.6502328228069,0.5956239537118863,752.855058236024,1270.0152252102018,1246.411779599796,SL,-3.9746572228250057,0.7548423868474365,0.0,-4.35307208055443,3.596431477968056,-1.2103864920606988,3,936.3393231853574,chop,2
LINK,-1,SWEEP_V2,2022-12-10 15:30:00+00:00,2022-12-10 15:45:00+00:00,6.891621525859833,6.9204583168029785,108.69306385115631,749.071458548286,6.91630482163374,6.819815574517557,SL_GAP,-3.134359159245785,0.750638638127909,0.0,-3.510462068099551,2.682903043610267,-1.3084565528598728,1,932.4543253879838,chop,2
LINK,-1,SWEEP_V2,2022-12-12 21:15:00+00:00,2022-12-12 21:30:00+00:00,6.67166525888443,6.70535114121437,111.81068464383954,745.9634603103871,6.694073762834127,6.60647688375804,SL_GAP,-3.766441566142404,0.7478466810934583,0.0,-4.141306517080669,2.505510168459762,-1.6528795489289503,1,927.9400371407479,chop,2
LINK,-1,SWEEP_V2,2022-12-12 22:15:00+00:00,2022-12-13 02:00:00+00:00,6.703658923721314,6.625081820175217,110.73833531203975,742.3520297125983,6.730669803065284,6.625081820175217,TP,8.701497640336475,0.7380012808924301,0.0,8.334672374300345,2.991139813865679,2.786453624021276,15,935.5325059557416,chop,2
SOL,-1,SWEEP_V2,2022-12-13 00:15:00+00:00,2022-12-13 04:00:00+00:00,13.297340190696717,12.995805314026926,55.80477586185852,742.0550889007134,13.400992804551958,12.995805314026926,TP,16.82708620709085,0.7336415457971679,0.0,16.46447220574404,5.784310883687479,2.8464016780591836,15,951.9969781614857,chop,2
ETH,1,SWEEP_V2,2022-12-14 19:00:00+00:00,2022-12-14 19:15:00+00:00,1333.0465853027345,1312.1227114737858,0.3522873010839177,469.6153837554328,1312.779101024298,1392.006539567277,SL,-7.371215039420747,0.4659297762357224,0.0,-7.602337123778753,7.1399773362111425,-1.064756478318594,1,944.1598333458293,chop,2
ETH,1,SWEEP_V2,2022-12-14 19:15:00+00:00,2022-12-14 19:30:00+00:00,1318.0035382324218,1302.2684646593375,0.4694630168089151,618.753917223417,1302.9199246216483,1361.8831414637627,SL,-7.387035109330374,0.6150603996687518,0.0,-7.692718550387418,7.081198750093719,-1.0863582314061733,1,936.1577378368302,chop,2
BTC,1,SWEEP_V2,2022-12-14 19:45:00+00:00,2022-12-14 20:30:00+00:00,17833.46598,17675.616443128933,0.04199554876821898,748.9261902694642,17684.458672465164,18266.941783737708,SL,-6.628977923709728,0.7456117013076093,0.0,-7.000126529882605,6.257643650400264,-1.1186521510273038,3,928.4283114918354,chop,2
ETH,1,SWEEP_V2,2022-12-14 19:45:00+00:00,2022-12-15 01:30:00+00:00,1311.7422764648438,1298.1203071809218,0.5410159089081398,709.6734399548599,1298.7696920269352,1349.480703920578,SL,-7.369702093259822,0.70598858890823,0.0,-7.720853962190622,7.018374560562715,-1.100091466416632,23,920.3360862050481,chop,2
BTC,1,SWEEP_V2,2022-12-14 20:45:00+00:00,2022-12-15 01:45:00+00:00,17752.74984,17624.384789167045,0.0418381746989946,742.7426491934684,17633.201389861973,18100.527149492442,SL,-5.3705594219945185,0.7400573694824711,0.0,-5.739245466880256,5.001688941868817,-1.1474614942239612,20,914.5968407381679,chop,2
SOL,1,SWEEP_V2,2022-12-15 02:00:00+00:00,2022-12-15 14:00:00+00:00,13.972794267082215,13.9972,33.81071782937311,472.430204252199,13.769915513068389,14.562987006031525,TIME,0.8251753491022688,0.47284279192675016,0.0,0.5885476593016181,6.859476305536258,0.08580066948064292,48,914.9491732953434,chop,2
BTC,-1,SWEEP_V2,2022-12-17 23:15:00+00:00,2022-12-17 23:45:00+00:00,16744.35046,16806.470619468033,0.04371380904770401,731.9593386362748,16798.071583676196,16588.070827487438,SL,-2.7155087889984504,0.733317093030774,0.0,-3.082846212711087,2.34835494220924,-1.3127684223965166,2,911.1345141358638,chop,2
ETH,-1,SWEEP_V2,2022-12-17 23:15:00+00:00,2022-12-18 04:00:00+00:00,1184.383071118164,1191.2533962487555,0.6177617468055004,731.6665549008203,1190.658067215148,1166.1285370178468,SL,-4.2442240537959215,0.7337886669277183,0.0,-4.61217944327323,3.8764525500705758,-1.1897938601594025,19,906.1578808869363,chop,2
BTC,-1,SWEEP_V2,2022-12-18 00:00:00+00:00,2022-12-18 12:00:00+00:00,16775.24428,16733.24598,0.043451385812468844,728.9076113086911,16801.932375377768,16697.60618435558,TIME,1.8248843367677794,0.7279951691403073,0.0,1.4613429732818177,1.1596347288594098,1.2601752404562439,48,907.2567607078634,chop,2
ETH,-1,SWEEP_V2,2022-12-18 04:45:00+00:00,2022-12-18 16:45:00+00:00,1190.7517922363281,1186.5373088378906,0.6087971560790841,724.9263047095491,1196.5418702213913,1173.9079290070536,TIME,2.5657655073112946,0.7236434219558934,0.0,2.204585237710176,3.5249830107825506,0.6254172661163423,48,909.4613459455735,chop,2
XRP,-1,SWEEP_V2,2022-12-20 06:00:00+00:00,2022-12-20 06:15:00+00:00,0.34427112857699393,0.3457509570306817,2113.3607101001585,727.5690767564588,0.34557816794670837,0.34046883222873375,SL,-3.127411311712006,0.7291327824123148,0.0,-3.4927595557460913,2.762245650508563,-1.2644637724754972,1,905.6048018514491,chop,2
XRP,-1,SWEEP_V2,2022-12-20 06:30:00+00:00,2022-12-20 10:15:00+00:00,0.34427112857699393,0.34630305008949624,2104.3990661538537,724.4838414811593,0.3461299850969478,0.3388635459734917,SL,-4.275973733407788,0.7266218283478632,0.0,-4.640353641015071,3.9117759247049424,-1.186252415867886,15,900.6022062896935,chop,2
ETH,1,SWEEP_V2,2022-12-21 05:15:00+00:00,2022-12-21 17:15:00+00:00,1208.5616102783204,1208.5382732910157,0.5961481474377088,720.4817650317549,1202.650793316798,1225.7567141663856,TIME,-0.013912301748458759,0.7204748088808807,0.0,-0.374146228113462,3.523722581454974,-0.10617925204514082,48,899.8678191790642,chop,2
XRP,1,SWEEP_V2,2022-12-28 01:15:00+00:00,2022-12-28 03:00:00+00:00,0.3644328766644001,0.3616948367053293,1975.3823034088923,719.8942553432514,0.3618757745926256,0.37187171905501687,SL,-5.408675681174851,0.717189917502664,0.0,-5.7659184710058895,5.051254180593579,-1.141482543713199,7,893.7419535803867,chop,2
SOL,-1,SWEEP_V2,2022-12-29 22:45:00+00:00,2022-12-30 00:15:00+00:00,8.959208242416382,9.890639743708578,7.234912841374495,64.8190907616065,9.885696895260947,6.263968525050375,SL,-6.738825729559627,0.06818850362638632,0.0,-6.77460468780521,6.7030646518529,-1.0106727354826475,6,886.9349393472007,chop,2
SOL,1,SWEEP_V2,2023-01-01 05:00:00+00:00,2023-01-01 05:15:00+00:00,9.854970287132263,9.804157627698425,71.99899449765209,709.5479514777606,9.809062158777813,9.98852120598157,SL,-3.65846038698796,0.7077187212842666,0.0,-4.011405132533347,3.305339080789521,-1.2136138031488053,1,882.5687602389285,chop,2
LINK,1,SWEEP_V2,2023-01-03 01:30:00+00:00,2023-01-03 08:30:00+00:00,5.657131337356567,5.631809055050469,124.80795761780286,706.0550081911429,5.634626368234586,5.722600338438695,SL,-3.160422336845589,0.7044747970227201,0.0,-3.5118696297727374,2.808799232366218,-1.250309950709518,28,878.7038631050601,bear,2
SOL,1,SWEEP_V2,2023-01-04 19:15:00+00:00,2023-01-04 19:30:00+00:00,13.233646146583556,13.068462309360505,53.119380909661665,702.9630904840482,13.120998000485665,13.561349844322876,SL_GAP,-8.774463169570781,0.6985758588992628,0.0,-9.12155748322802,5.9837997813411,-1.5243754498055215,1,869.2308240765901,chop,2
ETH,1,SWEEP_V2,2023-01-05 14:45:00+00:00,2023-01-05 19:45:00+00:00,1245.6390926513673,1254.4748159440114,0.5582553272161138,695.3846592612722,1242.6018127695208,1254.4748159440114,TP,4.932589597926105,0.6978509540602352,0.0,4.582430973496506,1.6955776742870905,2.7025780316570867,20,873.465562720456,chop,2
ETH,1,SWEEP_V2,2023-01-06 13:45:00+00:00,2023-01-07 01:45:00+00:00,1248.6896293945313,1267.9264177001953,0.5596045916671767,698.7724501763648,1238.4416214444177,1278.502016158498,TIME,10.76499506477905,0.7041549477087543,0.0,10.410226342158479,5.73483230432528,1.815262555159104,48,883.5264028375262,bull,2
BTC,1,SWEEP_V2,2023-01-09 21:45:00+00:00,2023-01-09 23:00:00+00:00,17196.03852,17153.311176410363,0.041103718245801016,706.8211222700211,17161.8921224716,17295.373494628067,SL,-1.7562526922998885,0.7059429959238711,0.0,-2.108785127088749,1.403543903116415,-1.5024717947236446,5,881.0642071493025,bull,2
SOL,1,SWEEP_V2,2023-01-10 02:30:00+00:00,2023-01-10 02:45:00+00:00,16.084215574264526,15.720135687351227,42.68001937731505,686.4746323785224,15.929451390523102,16.534438654239576,SL_GAP,-15.538936628350257,0.6787051640643473,0.0,-15.874404476225344,6.605338360998322,-2.4032689331945303,1,864.4941396740282,bull,2
BTC,1,SWEEP_V2,2023-01-09 23:15:00+00:00,2023-01-10 11:15:00+00:00,17172.9339,17271.34504,0.041044318333947706,704.8513657194421,17123.718575837578,17316.105752108862,TIME,4.039218157766701,0.7068709747983255,0.0,3.6847728658280965,2.0200094318308723,1.8241364657829024,48,867.8331148839867,bull,2
LINK,1,SWEEP_V2,2023-01-10 02:45:00+00:00,2023-01-10 14:45:00+00:00,6.015202738952636,6.123775,114.97456390965183,691.5953117392227,5.960592022336823,6.174070278198639,TIME,12.483048366605535,0.6978368359225255,0.0,12.131009186552621,6.278843327696698,1.932045211741683,48,879.9641240705394,chop,2
LINK,1,SWEEP_V2,2023-01-12 13:45:00+00:00,2023-01-13 01:45:00+00:00,6.219243535137176,6.32073562669754,48.003774420760486,298.547163728498,6.081759951603069,6.619195778145487,TIME,4.872003468754887,0.3009831654628754,0.0,4.72029388515626,6.599730930529045,0.7152252015792216,48,884.3739669294589,chop,2
XRP,1,SWEEP_V2,2023-01-12 13:45:00+00:00,2023-01-13 01:45:00+00:00,0.368733734947443,0.3719855888962746,874.2213098317628,322.35488874491165,0.36118574760778993,0.390691516299161,TIME,2.842840018529148,0.32377630875417623,0.0,2.6802411541474274,6.598611378665063,0.40618260423902336,48,887.0542080836063,chop,2
SOL,1,SWEEP_V2,2023-01-15 09:15:00+00:00,2023-01-15 12:00:00+00:00,22.251449140548704,23.247201313143055,19.43030490973533,432.35244148432946,21.909159331219396,23.247201313143055,TP,19.347768328039635,0.4420263256483493,0.0,19.12191822313345,6.650795362763634,2.8751325488366306,11,905.6784570375424,bull,2
LINK,1,SWEEP_V2,2023-01-15 08:45:00+00:00,2023-01-15 16:00:00+00:00,6.666332961845398,6.8955031115974,84.45214184960521,562.9860969104664,6.587555722868147,6.8955031115974,TP,19.353909994551397,0.572663051907742,0.0,19.062739991098887,6.652906560627048,2.865325075195734,29,924.7411970286413,chop,2
BTC,1,SWEEP_V2,2023-01-16 08:15:00+00:00,2023-01-16 15:00:00+00:00,20799.75912,20601.58003548918,0.035567381014117876,739.792957622913,20611.885978478418,21346.29916806278,SL,-7.048711007825363,0.7362686021190004,0.0,-7.415083131132907,6.68215560681735,-1.1096842946260936,27,916.7010029407089,bull,2
ETH,1,SWEEP_V2,2023-01-16 08:15:00+00:00,2023-01-16 19:30:00+00:00,1540.2080044189452,1601.0648002353648,0.3314026121872136,510.4289559760939,1519.288480857051,1601.0648002353648,TP,20.16810110290537,0.5205130065275466,0.0,19.90280257436587,6.932784754123723,2.8708236704633574,45,936.6038055150748,bull,2
BTC,-1,SWEEP_V2,2023-01-19 14:45:00+00:00,2023-01-19 15:00:00+00:00,20803.3385,20905.023258723366,0.03601744231638878,749.2830444120599,20894.575970738,20537.920403307646,SL,-3.662424931774681,0.7511142568779472,0.0,-4.038897666446599,3.286140339399008,-1.2290703528459956,1,932.1902663264221,chop,2
BTC,-1,SWEEP_V2,2023-01-19 15:15:00+00:00,2023-01-19 18:30:00+00:00,20842.63064,20957.60220204703,0.035780138598720465,745.7522130611378,20947.12863772817,20538.63646479078,SL,-4.113698424954144,0.7478090622736149,0.0,-4.48863138069719,3.738952842002668,-1.2005049462707258,13,926.9560318831064,chop,2
ETH,-1,SWEEP_V2,2023-01-19 15:15:00+00:00,2023-01-19 19:15:00+00:00,1537.2824478271484,1545.2531423940013,0.4849166873853047,745.4539121759133,1544.48090194303,1516.3414903991295,SL,-3.8651228055183537,0.7473864735786724,0.0,-4.239782323009069,3.4906505241683847,-1.2146109424744427,16,922.7162495600974,chop,2
SOL,-1,SWEEP_V2,2023-01-19 20:30:00+00:00,2023-01-20 06:00:00+00:00,21.66466682548523,20.955989551089246,28.407840390609095,615.4463972941082,21.90827463855885,20.955989551089246,TP,20.131990899493022,0.6053804018443618,0.0,19.834333696295715,6.92037187170073,2.866079173780193,38,941.8753834621502,chop,2
LINK,-1,SWEEP_V2,2023-01-20 02:45:00+00:00,2023-01-20 14:45:00+00:00,6.497700272464752,6.527305222892761,113.10974042711541,734.9531911916852,6.558862679182224,6.319773271104834,TIME,-3.348608258269734,0.7366274953208201,0.0,-3.7177591579947116,6.918063947710877,-0.5373987847026022,48,938.1576243041555,chop,2
BTC,-1,SWEEP_V2,2023-01-23 15:00:00+00:00,2023-01-23 17:45:00+00:00,22620.874920000002,22997.06962771264,0.019292967242731808,436.42379883349355,22985.576839292997,21559.923882056744,SL,-7.257912172789007,0.44005275491988805,0.0,-7.479753028292149,7.036182182281166,-1.0630414100317076,11,930.2724980749541,bull,2
ETH,-1,SWEEP_V2,2023-01-23 15:00:00+00:00,2023-01-23 17:45:00+00:00,1598.5702366455077,1629.4260498260912,0.234160873513169,374.3226029850654,1628.6117439541142,1511.1767608386526,SL,-7.225224167324582,0.3779352150687277,0.0,-7.415998080900777,7.034545593035541,-1.0542256045995193,11,922.8564999940534,bull,2
XRP,1,SWEEP_V2,2023-01-24 13:45:00+00:00,2023-01-24 17:00:00+00:00,0.4193138600885868,0.4150937406221966,1724.9788460519314,723.3075385091914,0.41530139131785554,0.43098649651253224,SL,-7.279616807335009,0.719667730105524,0.0,-7.637630768185938,6.9214237499554,-1.1034768342619035,13,914.8572154566128,chop,2
XRP,1,SWEEP_V2,2023-01-24 17:15:00+00:00,2023-01-24 21:45:00+00:00,0.4185536892592907,0.4143855731264276,1732.3255383844562,725.0712450889012,0.41459286956120817,0.4300760738355308,SL,-7.220534023911022,0.7214609780769456,0.0,-7.579459379443517,6.861429115924596,-1.1046473338699156,18,906.9152204546249,chop,2
ETH,-1,SWEEP_V2,2023-01-25 21:15:00+00:00,2023-01-25 21:30:00+00:00,1579.6940077636718,1592.5259049950878,0.45928652814909093,725.5321763636999,1591.7300399751002,1544.6800958758802,SL,-5.893517528982964,0.7284789351281915,0.0,-6.259230375929306,5.527987447077571,-1.132280135556081,1,900.2932239905138,chop,2
LINK,1,SWEEP_V2,2023-01-28 12:15:00+00:00,2023-01-28 12:30:00+00:00,7.289457706832885,7.247426686178216,98.80496028082969,720.234579192411,7.251052212284359,7.401182781883144,SL,-4.152873326347282,0.7181581425292374,0.0,-4.510914179280314,3.7946533634327917,-1.1887552688605962,1,895.4221925216372,bull,2
LINK,1,SWEEP_V2,2023-01-28 12:30:00+00:00,2023-01-28 13:00:00+00:00,7.277455222892761,7.207937712749899,98.43245091552322,716.3377540173097,7.211543484492145,7.469198461876371,SL,-6.842778904906608,0.7129163645648564,0.0,-7.19752639246281,6.487853954875445,-1.1093847738440636,2,887.8664972521657,bull,2
LINK,1,SWEEP_V2,2023-01-28 13:15:00+00:00,2023-01-28 14:15:00+00:00,7.242448375511169,7.186254097850813,98.07362938249462,710.2931978017326,7.189849022361994,7.395464675581498,SL,-5.511176760678806,0.7075376094213932,0.0,-5.863567771199333,5.158609466511191,-1.1366566531668292,4,881.6477828820655,bull,2
XRP,-1,SWEEP_V2,2023-01-31 10:45:00+00:00,2023-01-31 13:00:00+00:00,0.3991901440739632,0.4029460445584179,1766.8728468781253,705.3182263056524,0.4027446722223068,0.388849698551509,SL,-6.636198581559464,0.7086363255964321,0.0,-6.99217579400307,6.2803992687723165,-1.1133330055574462,9,874.3029479749096,chop,2
BTC,-1,SWEEP_V2,2023-01-31 14:15:00+00:00,2023-01-31 15:30:00+00:00,23069.8851,23220.733702719826,0.03031841534312313,699.4423583799277,23209.12913815075,22664.81153447054,SL,-4.5734905911894845,0.7017291036755224,0.0,-4.925498515675043,4.2216585827081605,-1.1667211876985502,5,868.5038458137295,chop,2
ETH,-1,SWEEP_V2,2023-01-31 14:15:00+00:00,2023-01-31 15:30:00+00:00,1582.6233534179687,1591.713321956959,0.44177446258871667,699.1625814365757,1590.9178630254462,1558.4938709234887,SL,-4.01571596626074,0.7011704394197061,0.0,-4.367305114962158,3.664302524280317,-1.191851678736573,5,864.1365406987674,chop,2
SOL,-1,SWEEP_V2,2023-01-31 14:15:00+00:00,2023-01-31 16:30:00+00:00,24.088181811904906,24.4190914978079,14.471924610815268,348.6023511934993,24.406888053781014,23.161036380992595,SL,-4.788900027376703,0.3509968012071877,0.0,-4.96559565298714,4.612292705427281,-1.0766002875628704,9,859.1709450457802,chop,2
LINK,-1,SWEEP_V2,2023-01-31 16:45:00+00:00,2023-01-31 21:15:00+00:00,7.038591961860657,6.905522129702214,97.62675977844594,687.1549266390709,7.084334716665122,6.905522129702214,TP,12.991176537890471,0.6806593383701257,0.0,12.654094662839881,4.465716934899847,2.833608768157106,18,871.2541754983589,chop,2
SOL,-1,SWEEP_V2,2023-01-31 16:45:00+00:00,2023-02-01 04:45:00+00:00,24.195160762786866,23.932785096359254,18.787785637789973,454.57349388310655,24.538137961487827,23.197408912020435,TIME,4.929457777414266,0.45210876499439945,0.0,4.70463575936142,6.443782087843351,0.7301047265761899,48,875.9588112577203,chop,2
BTC,1,SWEEP_V2,2023-02-01 19:45:00+00:00,2023-02-02 00:45:00+00:00,23267.25252,24218.59410462018,0.02008934426732711,467.4238460291142,22940.22885028681,24218.59410462018,TP,19.11182860925935,0.4769797603337439,0.0,18.868560771940164,6.569691084432901,2.8720620999440656,20,894.4299625649913,chop,2
ETH,1,SWEEP_V2,2023-02-01 19:45:00+00:00,2023-02-02 07:45:00+00:00,1607.211392651367,1664.9469732910156,0.20370380947152755,327.3950833091225,1574.9688034624382,1701.0080157464329,TIME,11.760957718346985,0.333275562168296,0.0,11.59137969783325,6.567938245010293,1.764842978942334,48,906.0213422628246,chop,2
XRP,1,SWEEP_V2,2023-02-02 21:45:00+00:00,2023-02-03 02:15:00+00:00,0.41105219641327856,0.4071920029177069,1763.3212524706155,724.8170738102598,0.40739570076809095,0.42168927465382433,SL,-6.806761229390327,0.7214136931955646,0.0,-7.165766385680762,6.447576480725563,-1.1113891253717054,18,898.2380338468258,chop,2
ETH,1,SWEEP_V2,2023-02-02 22:15:00+00:00,2023-02-03 10:15:00+00:00,1644.8489235351562,1638.3523177001953,0.3102211878092778,510.2669868258882,1622.953442923689,1708.544867132152,TIME,-2.0153847788502786,0.5092592944364631,0.0,-2.2695105798737973,6.792442002944396,-0.334122923521468,48,895.968523266952,bull,2
LINK,-1,SWEEP_V2,2023-02-06 16:15:00+00:00,2023-02-06 23:00:00+00:00,7.027594005489349,6.895241782643115,101.99434088731921,716.7748186135617,7.073090082092742,6.895241782643115,TP,13.499177734173221,0.7100252297464751,0.0,13.147539913733526,4.640342346122048,2.8333124871101325,27,908.7576757713788,chop,2
BTC,1,SWEEP_V2,2023-02-08 14:45:00+00:00,2023-02-08 15:00:00+00:00,23122.22352,22988.603860958443,0.031441878415726994,727.006140617103,23000.1039129149,23477.480558793017,SL,-4.2012530735355185,0.7249055140803353,0.0,-4.562655517307302,3.8396698381460714,-1.188293710042089,1,903.8315171837629,chop,2
ETH,1,SWEEP_V2,2023-02-08 15:30:00+00:00,2023-02-08 15:45:00+00:00,1662.6425206054687,1654.730364615975,0.4348891627550212,723.0652137470104,1655.558143687819,1683.251617093177,SL,-3.4409108938580037,0.7213447583000814,0.0,-3.80072304528458,3.0809187463576784,-1.2336330030702265,1,899.3078735377741,chop,2
LINK,1,SWEEP_V2,2023-02-08 15:30:00+00:00,2023-02-08 15:45:00+00:00,7.149429363441467,7.0893167047687164,101.09561909338095,722.7759876615115,7.092863136336884,7.313985660472979,SL,-6.077126443870785,0.7197374244395762,0.0,-6.4354758744796055,5.71859774891454,-1.1253590752560167,1,892.8723976632945,chop,2
LINK,1,SWEEP_V2,2023-02-08 15:45:00+00:00,2023-02-08 16:00:00+00:00,7.129425382518768,7.070112253395476,100.19011067597147,714.2979181306356,7.0736490779344425,7.291683723127715,SL,-5.942588971400813,0.7113266236449352,0.0,-6.29676663598043,5.588234129400275,-1.1267900539192681,1,886.2184820682487,chop,2
SOL,-1,SWEEP_V2,2023-02-11 22:15:00+00:00,2023-02-11 22:30:00+00:00,20.680862466049195,20.77421067183415,34.28168369759674,708.974785654599,20.763828757455425,20.439505981958344,SL,-3.20013366445803,0.7105748524868281,0.0,-3.5562211241175588,2.844224159551005,-1.2503308194523428,1,882.3077735513039,chop,2
ETH,-1,SWEEP_V2,2023-02-11 22:30:00+00:00,2023-02-11 22:45:00+00:00,1535.6128599365234,1541.1101358032226,0.45965115118287053,705.8462188410431,1539.6296683328976,1523.927599147071,SL_GAP,-2.526829180498138,0.7071096334312922,0.0,-2.8810157045089086,1.8463306034744418,-1.560400774968138,1,879.0738347373745,chop,2
LINK,-1,SWEEP_V2,2023-02-14 10:00:00+00:00,2023-02-14 13:30:00+00:00,6.664666689395904,6.548690513006174,105.52051596351387,703.2590677898996,6.704533500029874,6.548690513006174,TP,12.23786597211983,0.6971401348038397,0.0,11.89235537121094,4.2067664279161825,2.826958799588454,14,890.6145605746904,chop,2
SOL,1,SWEEP_V2,2023-02-16 14:45:00+00:00,2023-02-16 15:15:00+00:00,23.161630987930298,23.578095833725467,30.76172178164125,712.4916484597524,23.01847119718821,23.578095833725467,TP,12.8111757181851,0.718897236318845,0.0,12.44852430609613,4.403841653126134,2.82674203266581,2,902.7068390565566,bull,2
XRP,1,SWEEP_V2,2023-02-16 21:30:00+00:00,2023-02-16 22:15:00+00:00,0.39279855785965917,0.39091631710074615,1838.5135505086653,722.1654712452454,0.39111187303726475,0.3977052773429884,SL,-3.4605251405813067,0.7204352086749548,0.0,-3.8198776136336385,3.1009929014094504,-1.231824043162899,3,898.5258787073004,chop,2
BTC,1,SWEEP_V2,2023-02-16 23:15:00+00:00,2023-02-16 23:30:00+00:00,24072.41352,23798.368894062813,0.02570747397893581,618.8409441755825,23810.274031078352,24835.001124135695,SL,-7.044995090347397,0.6153184466304088,0.0,-7.350893064890014,6.738944090304753,-1.0908078426508487,1,890.8655651703226,bull,2
BTC,1,SWEEP_V2,2023-02-16 23:30:00+00:00,2023-02-16 23:45:00+00:00,23865.57216,23749.160778325124,0.029862785076268546,712.6924521362581,23761.04129897461,24169.661937528403,SL,-3.4763680713882854,0.7109542681005641,0.0,-3.8309761134207205,3.1215826366384802,-1.2272544280763173,1,886.6782428308337,bull,2
ETH,1,SWEEP_V2,2023-02-16 23:45:00+00:00,2023-02-17 00:00:00+00:00,1646.5992735351563,1633.1527544155622,0.43079248586193547,709.342594264667,1633.9697392852047,1683.3397368077426,SL,-5.79265939771998,0.7064462645658071,0.0,-6.144434365153454,5.440708454815094,-1.1293445359520329,1,880.179137168548,bull,2
ETH,1,SWEEP_V2,2023-02-17 00:15:00+00:00,2023-02-17 12:15:00+00:00,1643.57865,1665.3369099365234,0.4249659856775982,698.4650210359061,1628.0448337623582,1688.7679336004123,TIME,9.246520380554093,0.7030882812261832,0.0,8.892664609845863,6.60134352876411,1.347099203533001,48,888.7225692678759,bull,2
ETH,1,SWEEP_V2,2023-02-18 20:15:00+00:00,2023-02-19 05:15:00+00:00,1685.0469029296876,1706.4086278562638,0.42193368871701253,710.9780554143008,1677.703809986177,1706.4086278562638,TP,9.013231395628468,0.715484671112115,0.0,8.653235752223503,3.098298292247274,2.7928995003083106,36,897.0203159923923,bull,2
LINK,1,SWEEP_V2,2023-02-19 17:00:00+00:00,2023-02-19 17:45:00+00:00,8.056611305236816,7.9086999495766825,46.734403693880175,376.52092514361624,7.91265627771554,8.475389567116892,SL,-6.912549006329745,0.37306465064045136,0.0,-7.097353194398388,6.727652369942942,-1.0549524268089645,3,889.3759695132102,bull,2
ETH,1,SWEEP_V2,2023-02-19 17:15:00+00:00,2023-02-19 17:45:00+00:00,1690.968130883789,1681.6419999652587,0.4242928245187395,717.4656444238564,1682.4832415860517,1715.6514452044792,SL,-3.9570104292547357,0.715487139209229,0.0,-4.313764746252037,3.6000776458657637,-1.1982421410287785,2,885.0622047669582,chop,2
LINK,1,SWEEP_V2,2023-02-19 18:00:00+00:00,2023-02-19 20:00:00+00:00,7.900579967880248,7.83717067116618,89.6199730516162,708.0497638135666,7.841091216774567,8.07363815291496,SL,-5.682739462736753,0.7052083940821983,0.0,-6.0339229749121674,5.331380270965492,-1.1317750128935087,8,878.6742569101393,bull,2
SOL,1,SWEEP_V2,2023-02-21 08:45:00+00:00,2023-02-21 09:00:00+00:00,25.62412328109741,25.24836917972565,27.432720246341496,702.9394055281115,25.465554535156798,26.085414178379196,SL_GAP,-10.307957144346972,0.697785426955938,0.0,-10.654272868538854,4.349972047202038,-2.44927386956241,1,867.6685143388364,bull,2
LINK,-1,SWEEP_V2,2023-02-22 20:00:00+00:00,2023-02-22 21:45:00+00:00,7.568486171627045,7.616763141673944,91.71382436731686,694.1348114710692,7.612956663342273,7.439117468455472,SL,-4.427665551867533,0.6963486442470029,0.0,-4.776946790379002,4.07855886669865,-1.171233993796847,7,862.5445001427219,chop,2
BTC,-1,SWEEP_V2,2023-02-23 00:30:00+00:00,2023-02-23 02:00:00+00:00,24180.26298,24275.787106468615,0.028525727219949858,689.7595858741319,24263.655278829203,23937.66720158777,SL,-2.72489517456772,0.6911220334614157,0.0,-3.07113741509207,2.3788259686463986,-1.2910307250595598,6,858.7834651346357,chop,2
SOL,-1,SWEEP_V2,2023-02-22 23:30:00+00:00,2023-02-23 02:30:00+00:00,24.240151839065554,24.401623598149524,28.466636871560873,690.0356001141776,24.38942888370767,23.805891345561218,SL,-4.596557930855523,0.6923338790796053,0.0,-4.94387400987804,4.249415423086882,-1.1634244990541984,12,853.4960777387038,chop,2
BTC,-1,SWEEP_V2,2023-02-23 02:15:00+00:00,2023-02-23 02:30:00+00:00,24177.763479999998,24296.14373523451,0.02841564616495738,687.0267721077086,24284.001734367328,23868.70674002231,SL,-3.3638514456612203,0.6887086978305392,0.0,-3.709046757437905,3.0188286452847937,-1.2286377245131768,1,849.7870309812658,chop,2
ETH,-1,SWEEP_V2,2023-02-23 02:30:00+00:00,2023-02-23 02:45:00+00:00,1649.1600922363282,1669.3342499999999,0.41222779279307936,679.8296247850127,1654.1929473982368,1634.5190590380485,SL_GAP,-8.316348526377752,0.6839877990482017,0.0,-8.660421513033446,2.07468277484085,-4.174335285401785,1,840.7866946558398,chop,2
LINK,1,SWEEP_V2,2023-02-27 08:15:00+00:00,2023-02-27 08:30:00+00:00,7.312462070274353,7.247374427556992,109.40227686815,800.0,7.294735257666025,7.364030979680397,SL_GAP,-7.1207363092598825,0.7964396318453701,0.0,-7.517175941105252,1.9393536609660977,-3.8761243461703305,1,992.0828240588947,chop,3
SOL,1,SWEEP_V2,2023-02-27 09:15:00+00:00,2023-02-27 10:30:00+00:00,22.685535955810547,22.69686738102048,34.98556352352039,793.6662592471158,22.70822149176636,22.925563034413557,SL,0.39643629649407774,0.7938644773953629,0.0,-0.0005950512777271877,2.8866346457542806,-0.0002061401426752779,5,991.2887214816217,chop,3
LINK,1,SWEEP_V2,2023-02-27 09:15:00+00:00,2023-02-27 13:30:00+00:00,7.253450255012512,7.366848074277126,109.37536825253218,793.348792743417,7.260703705267525,7.366848074277126,TP,12.402928241101185,0.7995502568639676,0.0,12.000052380608926,4.263506582878523,2.814596892801569,17,1003.2887738622306,chop,3
BTC,-1,SWEEP_V2,2023-02-27 14:30:00+00:00,2023-02-27 15:00:00+00:00,23782.7425,23887.082679697593,0.0337484635798325,802.6310190897846,23875.14510714402,23513.93491558103,SL,-3.5213207544373706,0.8043916794670033,0.0,-3.9243969243594816,3.1184460218815393,-1.258446321283979,2,998.9630614283262,chop,3
BTC,-1,SWEEP_V2,2023-02-27 15:15:00+00:00,2023-02-27 15:30:00+00:00,23833.03244,23591.36029274804,0.03353205057537618,799.170449142661,23916.10724061786,23591.36029274804,TP,8.103762664312491,0.7951185678105048,0.0,7.708229321073317,2.7856684158574376,2.767102242748694,1,1006.2717055248282,chop,3
LINK,1,SWEEP_V2,2023-02-27 18:15:00+00:00,2023-02-27 18:30:00+00:00,7.239447516059875,7.154420992374421,111.1987292723685,805.0173644198626,7.193437536761093,7.373294728565424,SL_GAP,-9.454841388269445,0.8002899437257278,0.0,-9.852622649785241,5.116251231872567,-1.9257503596396195,1,996.0165741928331,chop,3
XRP,-1,SWEEP_V2,2023-02-27 20:45:00+00:00,2023-02-27 22:45:00+00:00,0.37753447598814965,0.3803648707582902,1051.9093551602837,397.1320471874701,0.38017478336660687,0.3698535817962741,SL,-2.9773187375075545,0.39862070655622395,0.0,-3.1773734204700435,2.777364031897872,-1.144024832171111,8,991.843980852067,chop,3
XRP,-1,SWEEP_V2,2023-02-27 23:00:00+00:00,2023-02-28 00:00:00+00:00,0.3796840451300144,0.3794940132654268,1028.1711157119219,390.3801682993426,0.3793043610848844,0.3764382612560616,SL,0.19538527423385277,0.3902824756622256,0.0,0.0002928827212984042,1.147169796795617,0.00025530895436448196,4,991.6490836506387,chop,3
BTC,1,SWEEP_V2,2023-02-27 20:15:00+00:00,2023-02-28 07:45:00+00:00,23233.6458,23245.2510060771,0.03429566182653376,796.8132593542665,23256.879445799997,23696.660658681063,SL,0.3980082230474515,0.7970122634657902,0.0,-0.0005974107412055063,5.458544098557708,-0.00010944507004410903,46,991.6484862398975,chop,3
ETH,1,SWEEP_V2,2023-02-27 20:15:00+00:00,2023-02-28 07:45:00+00:00,1618.0134793945313,1618.8216771274888,0.49226693361576757,796.4945340505249,1619.6314928739257,1656.4668324231282,SL,0.39784901975821524,0.796693458560404,0.0,-0.000597171776926253,6.506951750279754,-9.177442831054937e-05,46,991.6478890681205,chop,3
LINK,-1,SWEEP_V2,2023-02-28 12:15:00+00:00,2023-02-28 13:00:00+00:00,7.352529291534424,7.37938475553489,107.8541754118603,793.0009839299946,7.375696907081349,7.28513259176155,SL,-2.8964739250731486,0.7944492208925312,0.0,-3.2944226540006825,2.4987240710726306,-1.318441956893016,3,987.5603067665277,chop,3
SOL,1,SWEEP_V2,2023-02-28 08:15:00+00:00,2023-02-28 14:30:00+00:00,22.191437674713136,22.202522297831656,35.7488470500707,793.3183112544965,22.21362911238785,22.684375155783695,SL,0.39626249647167255,0.7935164425027323,0.0,-0.0005947904038115515,6.057544149263265,-9.819002373823251e-05,25,986.9692058491073,chop,3
ETH,-1,SWEEP_V2,2023-02-28 13:15:00+00:00,2023-02-28 14:30:00+00:00,1636.2227388183594,1644.0444549473445,0.4828488363288338,790.0482454132222,1643.2228435255818,1615.8587978518945,SL,-3.7767065309749475,0.7919365986787097,0.0,-4.173619006947046,3.3799924120623097,-1.2348012948350091,5,982.7955868421602,chop,3
LINK,-1,SWEEP_V2,2023-02-28 14:15:00+00:00,2023-02-28 14:30:00+00:00,7.3515295639991765,7.409226129731718,53.18131488370729,390.96400861992356,7.405523368047695,7.194456679494395,SL,-3.068379229930814,0.39249819823488896,0.0,-3.2653954238557414,2.871461494873458,-1.1371893475450012,1,979.5301914183045,chop,3
ETH,-1,SWEEP_V2,2023-02-28 14:45:00+00:00,2023-02-28 15:15:00+00:00,1640.9017344726562,1640.0804631545525,0.4775570265251017,783.6241531346436,1639.2608327381836,1627.924873567737,SL,0.3922038886439798,0.7834280511903217,0.0,0.0005879140209799627,2.1302844431629393,0.00027597911765578944,2,978.7473119040214,chop,3
LINK,-1,SWEEP_V2,2023-02-28 14:45:00+00:00,2023-02-28 19:15:00+00:00,7.38352322883606,7.255638189281789,106.08901457967934,783.3107034733898,7.42748371118284,7.255638189281789,TP,13.567197825795926,0.7765271045604919,0.0,13.18232607297213,4.663724252617334,2.826566357471512,18,991.5381390522319,chop,3
BTC,-1,SWEEP_V2,2023-02-28 16:15:00+00:00,2023-02-28 21:00:00+00:00,23499.69912,23162.39283860703,0.03331948402934348,782.9978495232172,23472.288410746016,23162.39283860703,TP,11.238871255870365,0.777378413895282,0.0,10.852991766736691,3.8633619942054227,2.8092091248541737,19,1002.0306952263833,chop,3
SOL,1,SWEEP_V2,2023-02-28 20:15:00+00:00,2023-02-28 21:00:00+00:00,22.23644675102234,21.996051147636397,32.41845215839492,720.8711851707138,22.007054674973883,22.90376915407239,SL,-7.793253367455627,0.716974558486986,0.0,-8.149792333357256,7.436536042891739,-1.095912436428959,3,993.880902893026,chop,3
LINK,1,SWEEP_V2,2023-02-28 21:30:00+00:00,2023-02-28 22:30:00+00:00,7.173434331321716,7.266702979970674,110.84017579177053,795.1047223144209,7.180607765653038,7.266702979970674,TP,10.337913412111362,0.8002736790204765,0.0,9.935192094248096,3.5536577354132652,2.795765049413996,4,1003.0211492859042,chop,3
SOL,1,SWEEP_V2,2023-02-28 21:45:00+00:00,2023-02-28 23:30:00+00:00,21.867373469924928,21.878296222973155,36.34577703255478,794.7866804254951,21.88924084339485,22.33475518818935,SL,0.39699594687252415,0.7949851783989315,0.0,-0.0005958913136597244,5.839402154138794,-0.00010204663044784034,7,1003.0205533945906,chop,3
BTC,1,SWEEP_V2,2023-03-01 01:00:00+00:00,2023-03-01 03:00:00+00:00,23108.520780000003,23402.161419221255,0.03472383413697986,802.4164427156725,23131.62930078,23402.161419221255,TP,10.1963288521955,0.8075146071417703,0.0,9.790022466411566,3.5049880429422187,2.7931685776004684,8,1011.8083575635669,chop,3
SOL,1,SWEEP_V2,2023-03-01 01:00:00+00:00,2023-03-01 03:00:00+00:00,21.768352738952636,22.18975800485018,18.37183919297837,399.92467601606813,21.79012109169159,22.18975800485018,TP,7.741989780143971,0.4037956709061401,0.0,7.538156447245865,2.661308986924488,2.832499527218465,8,1019.3465140108128,chop,3
ETH,1,SWEEP_V2,2023-03-01 01:00:00+00:00,2023-03-01 03:15:00+00:00,1602.3204,1632.7663468516864,0.5005837010741336,802.0954761385863,1607.58991259617,1632.7663468516864,TP,15.240744757723524,0.809715848517448,0.0,14.83207664727537,5.239006010467465,2.8310860147213184,9,1034.1785906580883,chop,3
XRP,-1,SWEEP_V2,2023-03-01 07:00:00+00:00,2023-03-01 08:30:00+00:00,0.3820735643744469,0.3832608935817964,2164.5358708119265,827.0119353774601,0.3830693589023452,0.3791767075660154,SL,-2.5700166597706535,0.8282969437073454,0.0,-2.9848076357892688,2.155432975594164,-1.384783321766932,6,1030.366605618347,chop,3
ETH,-1,SWEEP_V2,2023-03-01 05:15:00+00:00,2023-03-01 08:45:00+00:00,1652.9593810546876,1664.224067330575,0.5005222039990942,827.3428725264707,1663.3923711450027,1622.6088644283163,SL,-5.638225602165545,0.8301619853275536,0.0,-6.054716151229863,5.22194319430523,-1.1594756828900035,14,1024.311889467117,chop,3
LINK,-1,SWEEP_V2,2023-03-01 09:00:00+00:00,2023-03-01 10:30:00+00:00,7.423515190696716,7.474390979139767,55.01624956058085,408.4139643481335,7.470655651314111,7.286379305264296,SL,-2.7989950735742006,0.4098134618849206,0.0,-3.0046015532850543,2.5934913457273163,-1.1585161285519718,6,1020.2837953099865,chop,3
LINK,-1,SWEEP_V2,2023-03-01 10:45:00+00:00,2023-03-01 11:30:00+00:00,7.460507493209839,7.493651910495892,53.88324422207085,401.99634727721536,7.489906957017384,7.374981780315163,SL,-1.7859287312226144,0.4028893116428267,0.0,-1.9878198692268334,1.5841384883398797,-1.254827077214693,3,1018.0949772671211,chop,3
SOL,-1,SWEEP_V2,2023-03-01 09:00:00+00:00,2023-03-01 14:45:00+00:00,22.756447479629518,22.74505787766596,35.995149616490124,819.1217317690641,22.73369103214989,22.221473809976914,SL,0.4099704267505233,0.8189167465556888,0.0,0.000614546079366507,6.619407190009702,9.284004771514989e-05,23,1018.0955918132005,chop,3
ETH,-1,SWEEP_V2,2023-03-01 09:00:00+00:00,2023-03-01 21:00:00+00:00,1658.3682111816406,1642.2983646972657,0.4941300165117188,819.4495115736936,1653.433161706967,1617.485000341694,TIME,7.940593508664966,0.8154792148193611,0.0,7.534839049632452,6.944307441291966,1.0850382292738208,48,1025.2895186776095,chop,3
LINK,-1,SWEEP_V2,2023-03-01 15:00:00+00:00,2023-03-01 21:30:00+00:00,7.436512602138519,7.523553630777059,91.68603711512299,681.824370446752,7.519793733910104,7.194240218802999,SL,-7.980446982291633,0.6858145939378979,0.0,-8.325349391006155,7.635716938599003,-1.0903166602367118,26,1016.9641692866034,chop,3
LINK,-1,SWEEP_V2,2023-03-02 00:15:00+00:00,2023-03-02 02:30:00+00:00,7.533492847442627,7.407784363247455,107.9939082580351,813.5713354292827,7.525959354595185,7.407784363247455,TP,13.575750509430097,0.8067834601745677,0.0,13.175752716970171,4.666664237616596,2.823377051805943,9,1029.123771242908,chop,3
SOL,1,SWEEP_V2,2023-03-02 01:45:00+00:00,2023-03-02 02:30:00+00:00,22.164431847381593,22.04801386592847,18.294368283317432,405.4842790064886,22.059043387622282,22.471016457590498,SL,-2.129793427503826,0.40441938229273666,0.0,-2.331470670293318,1.9280152956484164,-1.209259426289569,3,1026.7923005726147,chop,3
SOL,1,SWEEP_V2,2023-03-02 03:00:00+00:00,2023-03-02 05:00:00+00:00,22.033405128479004,22.04441081434068,37.28129336651455,821.4338404580918,22.055438533607482,22.275083714701804,SL,0.410306203308838,0.8216389935597463,0.0,-0.0006158700218623636,3.0972185314732203,-0.00019884616329265582,8,1026.3809677823638,chop,3
LINK,1,SWEEP_V2,2023-03-02 06:15:00+00:00,2023-03-02 07:15:00+00:00,7.356471019077301,7.318859880970785,111.61666675455479,821.1047742258911,7.322521141541555,7.455234299181287,SL,-4.1980298682944905,0.8190057592917439,0.0,-4.606483240473289,3.789372167265216,-1.2156323098234452,4,1021.3639321547774,chop,3
ETH,-1,SWEEP_V2,2023-03-02 00:30:00+00:00,2023-03-02 08:30:00+00:00,1668.8761189453126,1638.5439961648108,0.4873015424350741,813.245906895111,1663.6500357664452,1638.5439961648108,TP,14.780890216268565,0.8058554617869768,0.0,14.381657707929143,5.0809310118423054,2.8305162330307785,32,1035.3370442898447,chop,3
LINK,1,SWEEP_V2,2023-03-02 07:30:00+00:00,2023-03-02 08:30:00+00:00,7.344468535137176,7.296636863802778,111.25258986606316,817.091145723822,7.300287007306431,7.472996616099345,SL,-5.321397313574138,0.8144304470670349,0.0,-5.727282187779262,4.9153093954099685,-1.165192610891907,4,1029.6097621020654,chop,3
LINK,1,SWEEP_V2,2023-03-02 08:45:00+00:00,2023-03-02 10:00:00+00:00,7.346468790149689,7.2883918363530595,112.12023534164761,823.6878096816523,7.292037855280699,7.504813327950385,SL,-6.511601727604042,0.8204320088178503,0.0,-6.920189831581066,6.102809227376975,-1.133935139335071,5,1021.8660491983645,chop,3
LINK,1,SWEEP_V2,2023-03-02 11:00:00+00:00,2023-03-02 12:00:00+00:00,7.291457961845397,7.29510004509734,112.11651272440335,817.4928393586916,7.298749419807243,7.382337764632335,SL,0.4083376732597335,0.8176970081953214,0.0,-0.0006129152562421303,3.5025122569088167,-0.00017499303679327188,4,1021.4566898634289,chop,3
LINK,1,SWEEP_V2,2023-03-02 12:30:00+00:00,2023-03-02 12:45:00+00:00,7.265452738952637,7.242574256316258,112.4727365590906,817.1653518907432,7.246197354993755,7.321468401378475,SL,-2.5732055504331135,0.8158787491155267,0.0,-2.9805016236032684,2.165705727351454,-1.3762265048115596,1,1018.0676055638803,chop,3
LINK,1,SWEEP_V2,2023-03-02 13:00:00+00:00,2023-03-02 13:15:00+00:00,7.257451241970062,7.223386736392976,54.77244349030177,397.5083380344256,7.227386867032121,7.344911241789529,SL_GAP,-1.8657962067460525,0.3965754399310526,0.0,-2.0636174776598923,1.646699277359643,-1.2531841763899636,1,1015.3980068749776,chop,3
XRP,1,SWEEP_V2,2023-03-02 08:45:00+00:00,2023-03-02 13:45:00+00:00,0.3786257030367851,0.3764716007758663,2174.5970438720765,823.3583345577796,0.3766599307412369,0.38434431335110725,SL,-4.684304408792251,0.8210161823533835,0.0,-5.093641423866744,4.274762622824805,-1.1915612335219719,20,1010.3043654511108,chop,3
SOL,1,SWEEP_V2,2023-03-02 12:45:00+00:00,2023-03-02 13:45:00+00:00,21.8633710521698,21.874291806010362,37.25199021265639,814.4540844511043,21.88523442322197,22.07699913701522,SL,0.4068198151834458,0.814657494358696,0.0,-0.0006106369496980957,2.7355870182472226,-0.00022321971321875557,4,1010.3037548141612,chop,3
BTC,1,SWEEP_V2,2023-03-02 14:15:00+00:00,2023-03-02 16:30:00+00:00,23262.051480000002,23273.670874714262,0.034745130047804745,808.2430038513289,23285.313531480002,23508.27173012623,SL,0.4037173804237431,0.8084448625415408,0.0,-0.0006059801921332042,2.9407656475445942,-0.00020606204803812577,9,1009.2936531605101,chop,3
SOL,1,SWEEP_V2,2023-03-02 14:15:00+00:00,2023-03-02 19:00:00+00:00,21.759350160598753,22.09684612590254,37.12977183081266,807.9197066497884,21.781109510759354,22.09684612590254,TP,12.531148185549501,0.8141852807425631,0.0,12.120922758131831,4.307582188782641,2.8138575718174064,19,1021.414575918642,chop,3
ETH,1,SWEEP_V2,2023-03-02 14:30:00+00:00,2023-03-02 19:15:00+00:00,1626.0150793945313,1650.7289223366356,0.24773979129806256,402.82863641670383,1627.641094473926,1650.7289223366356,TP,6.122602292650014,0.4058899375630288,0.0,5.918126673295337,2.1046445380984387,2.8119364416009205,19,1027.3327025919373,chop,3
BTC,-1,SWEEP_V2,2023-03-02 21:00:00+00:00,2023-03-03 01:15:00+00:00,23462.60654,23091.11029459044,0.03502876633388533,821.8661620735498,23590.308374359538,23091.11029459044,TP,13.013055174367272,0.8153596344863663,0.0,12.608628620917681,4.473237716188762,2.818680656135651,17,1039.1196294240137,chop,3
ETH,-1,SWEEP_V2,2023-03-02 22:45:00+00:00,2023-03-03 01:15:00+00:00,1650.3598034179688,1621.4033655062674,0.49779291394960046,821.5374156087205,1660.3135789501162,1621.4033655062674,TP,14.41430960566653,0.8143302608058873,0.0,14.010748052665003,4.954918926947863,2.8276442580051175,10,1053.1303774766786,chop,3
SOL,-1,SWEEP_V2,2023-03-03 20:15:00+00:00,2023-03-03 23:00:00+00:00,21.455707084655764,21.444968503259894,39.26714224132316,842.5043019813429,21.43425137757111,21.139005754789945,SL,0.42167340314165497,0.8422934652797721,0.0,0.0006320888525543356,4.2748599327009575,0.00014786188612148676,11,1052.0787215238556,chop,3
XRP,-1,SWEEP_V2,2023-03-03 23:00:00+00:00,2023-03-03 23:30:00+00:00,0.3751049700260162,0.3763941043865395,2243.806519440969,841.6629772190845,0.3762060013858466,0.37190196970650974,SL,-2.8925680825774274,0.8431092612603732,0.0,-3.3148458552282585,2.4705013432963225,-1.3417705131887725,2,1048.3430441800178,chop,3
LINK,-1,SWEEP_V2,2023-03-04 00:15:00+00:00,2023-03-04 00:30:00+00:00,6.961607220745087,6.985490874052047,119.88816382848674,834.6143069902632,6.974888345744257,6.922971220747501,SL_GAP,-2.8633673404876214,0.8360459906605071,0.0,-3.282106177652997,1.5922496897271305,-2.0613011883930485,1,1044.6436308488696,chop,3
BTC,1,SWEEP_V2,2023-03-03 21:30:00+00:00,2023-03-04 09:30:00+00:00,22291.4574,22342.630579999997,0.03777982233950079,842.1673002605503,22138.50122623306,22736.42081459473,TIME,1.933313648947218,0.8431339570850239,0.0,1.5112633419924693,5.7786570706447735,0.2615250089280423,48,1045.741286450698,chop,3
ETH,1,SWEEP_V2,2023-03-03 21:30:00+00:00,2023-03-04 09:30:00+00:00,1559.0217029296875,1568.5161900634766,0.26933844494925546,419.90448110922216,1560.5807246326171,1597.242877800017,TIME,2.5572304002054715,0.42118309630932493,0.0,2.3459995444507578,3.5387109325246433,0.6629531457029856,48,1048.0872859951487,chop,3
SOL,-1,SWEEP_V2,2023-03-04 01:15:00+00:00,2023-03-04 13:15:00+00:00,21.464706062698365,21.150229108428956,38.538402431958396,827.2154803279668,21.383700714660563,20.932167536434775,TIME,12.119439419211071,0.8211557606183613,0.0,11.711891398756693,7.054844512260963,1.6601204149009974,48,1059.7991773939054,chop,3
SOL,1,SWEEP_V2,2023-03-04 16:00:00+00:00,2023-03-04 17:45:00+00:00,20.96419108428955,20.974662697736154,40.44226359635171,847.8393419151244,20.985155275373838,21.105662294983777,SL,0.4234957512866811,0.8480510897907676,0.0,-0.0006356675465243877,1.9667367480031515,-0.0003232092689424691,7,1059.3746220554015,chop,3
SOL,1,SWEEP_V2,2023-03-04 18:15:00+00:00,2023-03-04 19:30:00+00:00,20.950188345336915,20.787302262876487,40.43690127271931,847.1606977652635,20.797701113433202,21.393787565420443,SL,-6.586608435152349,0.8438673935476875,0.0,-7.006895479817405,6.166111141840695,-1.1363556897752771,5,1051.3091992837267,chop,3
LINK,1,SWEEP_V2,2023-03-04 18:15:00+00:00,2023-03-04 19:30:00+00:00,6.8913778664588925,6.8444438673762225,61.293139991880075,422.3941883058087,6.847867801276861,7.017952601533894,SL,-2.8767321761528657,0.4209558222177323,0.0,-3.0864909042176936,2.6668685162580967,-1.1573464853634299,5,1048.222708379509,chop,3
ETH,1,SWEEP_V2,2023-03-04 18:15:00+00:00,2023-03-04 20:00:00+00:00,1562.9225073486327,1555.5364528380803,0.5422531786825654,847.4996976443213,1556.3146101431519,1582.1454810373043,SL,-4.005111536269745,0.8454971418761864,0.0,-4.426858829323771,3.5831532640796415,-1.2354645484194327,7,1043.3765604668336,chop,3
LINK,1,SWEEP_V2,2023-03-04 19:45:00+00:00,2023-03-04 20:00:00+00:00,6.857371146583557,6.8124975138403,122.28857805390905,838.5781667036072,6.815905466573586,6.977998579339838,SL,-5.487532740286322,0.835834400333464,0.0,-5.9040780572679825,5.07077904645782,-1.1643335280783456,1,1037.4724824095656,chop,3
SOL,1,SWEEP_V2,2023-03-04 21:00:00+00:00,2023-03-04 21:30:00+00:00,20.64012687950134,20.349002664404853,27.684926270347304,571.4203908696082,20.35918225553262,21.457420331046713,SL,-8.059752430459003,0.5673905146543787,0.0,-8.341432749678578,7.777931200624513,-1.0724487700545384,2,1028.0945906350275,chop,3
LINK,1,SWEEP_V2,2023-03-04 21:00:00+00:00,2023-03-04 21:30:00+00:00,6.835366910648346,6.747021375739274,91.5117990969576,625.5167234812432,6.750396574026286,7.082553344457973,SL,-8.084658841712255,0.6214743940603871,0.0,-8.39337487403202,7.775788374158752,-1.079424293737943,2,1019.7012157609955,chop,3
XRP,1,SWEEP_V2,2023-03-04 21:00:00+00:00,2023-03-04 21:30:00+00:00,0.37245446442961694,0.3693737452996322,123.51294945758893,46.00294944034863,0.3695585245619131,0.380879016772028,SL,-0.38050870619483435,0.04581269508725122,0.0,-0.40331992656191124,0.3576860745119177,-1.1275807343415967,2,1019.2978958344336,chop,3
LINK,1,SWEEP_V2,2023-03-04 22:00:00+00:00,2023-03-04 22:15:00+00:00,6.7413477710723875,6.8248024652408334,58.20261230857469,392.3640507570003,6.712660219951984,6.8248024652408334,TP,4.857281210016731,0.3947926913620087,0.0,4.658670544033222,1.6696904159432462,2.7901403155634887,1,1023.3526651947546,chop,3
BTC,1,SWEEP_V2,2023-03-04 22:00:00+00:00,2023-03-05 01:00:00+00:00,22222.543619999997,22396.741019931185,0.03669419354558778,815.4383166675469,22262.535725283862,22396.741019931185,TP,6.392033108213193,0.8186343332216535,0.0,5.981117933325312,2.197261380948268,2.7220784860579728,12,1029.1331386141828,chop,3
ETH,1,SWEEP_V2,2023-03-04 21:00:00+00:00,2023-03-05 01:15:00+00:00,1558.3316235351563,1587.3117218267073,0.5326067785525679,829.9779859276525,1562.757387516102,1587.3117218267073,TP,15.43499679319977,0.8376954843242526,0.0,15.012290301839345,5.305780147662402,2.829421853910286,17,1044.1454289160222,chop,3
LINK,1,SWEEP_V2,2023-03-04 22:15:00+00:00,2023-03-05 01:15:00+00:00,6.759351496982574,6.942611190246662,59.36797753060311,401.28902779430996,6.774054451931139,6.942611190246662,TP,10.87975735196762,0.4067289064702938,0.0,10.67367295939448,3.739916589738871,2.853986901386947,12,1054.8191018754167,chop,3
BTC,-1,SWEEP_V2,2023-03-05 01:15:00+00:00,2023-03-05 01:30:00+00:00,22391.0209,22573.98135,0.03768721780346931,843.8552815003334,22416.557939929302,22316.731329296574,SL_GAP,-6.895270328570706,0.8473029166646187,0.0,-7.320645604485158,0.9624199858715123,-7.606497903153997,1,1046.798839107312,chop,3
SOL,-1,SWEEP_V2,2023-03-05 01:15:00+00:00,2023-03-05 13:15:00+00:00,21.33273249320984,21.29625821685791,26.03412600401812,555.3790457382365,21.636486834935752,20.44908349909809,TIME,0.9495759064514752,0.5549042577850107,0.0,0.6723611715355826,7.907978806759997,0.0850231377657242,48,1047.4712002788476,chop,3
ETH,-1,SWEEP_V2,2023-03-05 21:30:00+00:00,2023-03-06 00:30:00+00:00,1570.7058155273437,1569.9196772666721,0.5332900414313178,837.641769438989,1569.1351097118163,1544.5401795822747,SL,0.41923970560428986,0.8374321495861867,0.0,0.0006284407375975465,4.796643870295287,0.00013101675975766343,12,1046.4251953286712,chop,3
LINK,-1,SWEEP_V2,2023-03-05 21:30:00+00:00,2023-03-06 01:15:00+00:00,6.99360088558197,6.900862051797486,59.718599759816286,417.6480521659664,6.969548059386631,6.900862051797486,TP,5.5382332969677215,0.41487893551748256,0.0,5.332178387533222,1.903767695832661,2.8008555871629386,15,1051.4599341688545,chop,3
SOL,1,SWEEP_V2,2023-03-06 00:30:00+00:00,2023-03-06 01:15:00+00:00,21.000199489974975,20.712784083237292,28.32730684219434,594.8790946998141,20.723145656065324,21.806174279530325,SL,-8.141704417832432,0.590808242490898,0.0,-8.435073112973424,7.848188964965034,-1.074779563874964,3,1043.024861055881,chop,3
LINK,1,SWEEP_V2,2023-03-06 01:30:00+00:00,2023-03-06 02:00:00+00:00,6.92238420381546,6.843479416956076,103.61147256319205,717.2384210054996,6.846902868390271,7.141966270506918,SL,-8.175441158785532,0.7131507004261068,0.0,-8.529972648708888,7.820732314440052,-1.090687202393989,2,1033.8757167327954,chop,3
XRP,1,SWEEP_V2,2023-03-06 02:15:00+00:00,2023-03-06 02:30:00+00:00,0.3628525607407093,0.36040602296560087,1953.0509693733147,708.6695454942319,0.36058631612366265,0.369445272353936,SL,-4.7782129732839875,0.7062804390075899,0.0,-5.130158639544462,4.426091246160044,-1.1590720466947553,1,1028.3912233205037,chop,3
XRP,1,SWEEP_V2,2023-03-06 02:45:00+00:00,2023-03-06 03:45:00+00:00,0.3614522868454456,0.36575878561880976,1930.2701464660545,697.7005586696487,0.36181373913229103,0.36575878561880976,TP,8.312706018017487,0.7018569116786574,0.0,7.9596993856736535,2.857492693693501,2.785553714009749,4,1036.0020724268427,chop,3
SOL,1,SWEEP_V2,2023-03-06 01:30:00+00:00,2023-03-06 05:00:00+00:00,20.95419076309204,20.629312293701467,24.868768908324363,521.1049277482808,20.639632109756345,21.869270481886787,SL,-8.07932757856428,0.5170652639589988,0.0,-8.335840378649138,7.822686457919108,-1.0655981705888968,14,1027.6662320481935,chop,3
BTC,-1,SWEEP_V2,2023-03-05 21:30:00+00:00,2023-03-06 06:15:00+00:00,22454.0083,22442.77006884585,0.03731970475058024,837.9769602230781,22431.554291700002,22154.7603233826,SL,0.4194074685917042,0.8377672564887823,0.0,0.0006286922144609908,3.8389471087584157,0.0001637668341474809,35,1027.058594054964,chop,3
SOL,1,SWEEP_V2,2023-03-06 05:15:00+00:00,2023-03-06 08:00:00+00:00,20.691137674713133,20.701472897981652,19.061319461960583,394.4003852491153,20.711828812387846,21.067791727485776,SL,0.19700299243194158,0.3944988867453313,0.0,-0.0002957016888320285,2.4679611091236504,-0.00011981618662420065,11,1027.0582983532752,chop,3
ETH,1,SWEEP_V2,2023-03-06 05:15:00+00:00,2023-03-06 08:15:00+00:00,1557.6814691162108,1558.4595310100344,0.5277927496338596,822.1329856385548,1559.239150585327,1569.984118104791,SL,0.41065542632650337,0.8223383133517181,0.0,-0.0006163942059372873,2.2320543222528895,-0.0002761555575919583,12,1027.0576819590692,chop,3
XRP,1,SWEEP_V2,2023-03-06 08:30:00+00:00,2023-03-06 11:30:00+00:00,0.3615222766935825,0.3617028570707909,2272.740017798855,821.6461455672554,0.36188379897027606,0.3697450740086617,SL,0.41041224971078144,0.8218513516921109,0.0,-0.0006160291977016508,6.424096427453887,-9.589351664601437e-05,12,1026.6462428570878,chop,3
SOL,1,SWEEP_V2,2023-03-06 12:15:00+00:00,2023-03-06 13:45:00+00:00,20.61112175102234,20.859243527924992,39.84824330315413,821.3169942856703,20.631732872773362,20.859243527924992,TP,9.887216934827867,0.8262606027530842,0.0,9.471614829217618,3.3987308213470664,2.7868093494569837,6,1035.7071991891626,chop,3
SOL,-1,SWEEP_V2,2023-03-06 16:15:00+00:00,2023-03-06 20:45:00+00:00,21.030792847442626,20.54172970366889,39.39774241331491,828.5657593513301,20.960382446826433,20.54172970366889,TP,19.26798376224371,0.8189317674702083,0.0,18.863334874449166,6.6233694182712615,2.8479967948658684,18,1053.7421340174124,chop,3
LINK,1,SWEEP_V2,2023-03-07 00:15:00+00:00,2023-03-07 00:45:00+00:00,6.850369777107239,6.897299480342963,123.05813184436705,842.99370721393,6.857220146884346,6.897299480342963,TP,5.775081608198782,0.8458812480180293,0.0,5.350697213787718,1.9851843028183245,2.6953150930074576,2,1058.6713343775932,chop,3
XRP,-1,SWEEP_V2,2023-03-06 19:45:00+00:00,2023-03-07 06:00:00+00:00,0.3716356604218483,0.37144965677380715,2228.619105355633,828.2343330475895,0.37126402476142645,0.3636445057055343,SL,0.4145312836903884,0.8280270674057443,0.0,0.0006213828084388751,6.121926275654102,0.00010150119104014902,41,1058.2484872266507,chop,3
SOL,1,SWEEP_V2,2023-03-07 11:30:00+00:00,2023-03-07 11:45:00+00:00,20.43808681526184,20.29281915353915,41.42260464169941,846.5987897813206,20.30297063885858,20.831152055707694,SL,-6.017364918763174,0.843590107321939,0.0,-6.437655631194453,5.596863955850428,-1.1502254980604167,1,1051.3875322005656,chop,3
XRP,-1,SWEEP_V2,2023-03-07 12:15:00+00:00,2023-03-07 13:15:00+00:00,0.37349528116583824,0.3755237347546809,2251.996392390793,841.1100257604526,0.3753360667213203,0.3681402686407995,SL,-4.568070164205878,0.8433940608425556,0.0,-4.990909212168207,4.145442430110683,-1.2039509162921724,4,1045.9760679755173,chop,3
XRP,-1,SWEEP_V2,2023-03-07 13:30:00+00:00,2023-03-07 14:30:00+00:00,0.37415515139698985,0.37587718024629513,2236.454185532686,836.7808543804139,0.3756893355785059,0.3696920701416704,SL,-3.8512386276368273,0.8387064736942322,0.0,-4.2715546741408525,3.431132634129662,-1.2449401202540138,4,1041.0824241575792,chop,3
SOL,1,SWEEP_V2,2023-03-07 14:15:00+00:00,2023-03-07 14:30:00+00:00,20.306060445785523,20.206497478995466,20.062849428714276,407.39743321416563,20.216605781886408,20.566292195310222,SL,-1.9975168113849857,0.40639867480847314,0.0,-2.200216769586376,1.7947154525041902,-1.225941843046141,1,1038.8822073879928,chop,3
ETH,-1,SWEEP_V2,2023-03-07 03:15:00+00:00,2023-03-07 15:00:00+00:00,1575.8448021728516,1547.8186606810232,0.5374495421974781,846.9370675020746,1574.2689573706787,1547.8186606810232,TP,15.062636914344926,0.8394057490449021,0.0,14.646699699051062,5.177781439306064,2.8287597440601973,47,1052.9139089662901,chop,3
BTC,1,SWEEP_V2,2023-03-07 14:45:00+00:00,2023-03-07 15:00:00+00:00,22317.26256,22188.92498726501,0.03724048877750867,831.1057659103943,22200.024999764893,22658.317280683943,SL,-4.7793539371700415,0.8287160889418094,0.0,-5.192517143156654,4.365984046237953,-1.189311982857771,1,1047.7213918231334,chop,3
SOL,1,SWEEP_V2,2023-03-07 14:45:00+00:00,2023-03-07 15:00:00+00:00,20.331065064239503,20.077646164528364,19.619753039855176,398.8904755976064,20.08769000953313,21.039065223385315,SL,-4.972016227964379,0.3964044674836242,0.0,-5.1689754576492,4.774958469400284,-1.0825173644491202,1,1042.5524163654843,chop,3
XRP,-1,SWEEP_V2,2023-03-07 15:30:00+00:00,2023-03-07 18:30:00+00:00,0.3800539669632912,0.37986374995282607,2194.5355280897415,834.0419330923875,0.3796739129963279,0.37081318943173286,SL,0.41743798751272687,0.8338332140986311,0.0,0.0006257399602895286,6.97098001881123,8.976355671669775e-05,12,1042.1360211388983,chop,3
XRP,-1,SWEEP_V2,2023-03-07 21:15:00+00:00,2023-03-07 21:30:00+00:00,0.3794840817451477,0.3838545738633406,1094.9624182420432,415.52080783202814,0.3836627424920946,0.3673279777540295,SL,-4.785524618644291,0.41791357014135033,0.0,-4.995677784869628,4.575476476490073,-1.0918377158179378,1,1036.0990408749649,chop,3
SOL,1,SWEEP_V2,2023-03-07 20:15:00+00:00,2023-03-07 22:00:00+00:00,19.9719940120697,19.829696606150115,41.743894796247304,833.7088169111187,19.83961641435729,20.357092478142164,SL,-5.9400479424860615,0.8307387929398756,0.0,-6.353932326970378,5.525956512286762,-1.149833936051187,7,1029.7451085479945,chop,3
LINK,1,SWEEP_V2,2023-03-07 20:15:00+00:00,2023-03-07 22:00:00+00:00,6.697339299201965,6.700684620181916,124.43379320555803,833.3753333843542,6.704036638501167,6.810404736727975,SL,0.41627097902549204,0.833583468873867,0.0,-0.000624823156197829,4.836274187183821,-0.00012919514734164932,7,1029.7444837248383,chop,3
XRP,-1,SWEEP_V2,2023-03-07 22:00:00+00:00,2023-03-08 00:00:00+00:00,0.382713441246748,0.382521893169404,2152.5128155839775,823.7955869798707,0.38233072780550126,0.37606492360656557,SL,0.4123096912834437,0.823589432134229,0.0,0.0006180526391500463,4.919412927388013,0.00012563544639831737,8,1029.3332039839875,chop,3
XRP,-1,SWEEP_V2,2023-03-08 00:30:00+00:00,2023-03-08 01:00:00+00:00,0.38401318835020065,0.38027499541630155,2143.512779074805,823.1371765619151,0.38362917516185047,0.38027499541630155,TP,8.012864324459855,0.8191307443996853,0.0,7.605302168341128,2.7544221115330605,2.7611244247920146,2,1036.115204282454,chop,3
LINK,-1,SWEEP_V2,2023-03-08 00:15:00+00:00,2023-03-08 04:45:00+00:00,6.920615531349182,6.917151763275741,118.98747437377932,823.46656318719,6.913694915817833,6.809682975616708,SL,0.4121450148753101,0.8232604906797523,0.0,0.00061780578915277,4.537357217399732,0.00013615983039281664,18,1036.1158220882432,chop,3
SOL,1,SWEEP_V2,2023-03-08 06:45:00+00:00,2023-03-08 07:15:00+00:00,19.507900510025024,19.388372469061295,42.473104688109956,828.5611006075264,19.3980715048137,19.827403070639786,SL,-5.076726997017164,0.8260227371090179,0.0,-5.488469183822419,4.664778836131547,-1.1765765059022497,2,1029.7986260252817,chop,3
XRP,-1,SWEEP_V2,2023-03-08 10:30:00+00:00,2023-03-08 11:15:00+00:00,0.38559287227392197,0.38705342282420757,2136.5511659016797,823.8389008202254,0.3868599928277937,0.3819067033899315,SL,-3.1205409810710383,0.8253991713107609,0.0,-3.5340207019716865,2.7072678967126413,-1.30538270935911,3,1025.8526858728999,chop,3
BTC,1,SWEEP_V2,2023-03-08 05:45:00+00:00,2023-03-08 13:45:00+00:00,21935.3862,21946.3429254069,0.037787921767732296,828.8926576705946,21957.3215862,22266.592278934706,SL,0.4140318825064869,0.8290996736118479,0.0,-0.0006214622700636552,4.302233856175069,-0.00014445106678049588,32,1025.2410683946664,chop,3
SOL,1,SWEEP_V2,2023-03-08 13:30:00+00:00,2023-03-08 13:45:00+00:00,18.89677824897766,18.71947805102183,43.42973907431654,820.6821486983199,18.72884247225796,19.385318690344068,SL,-7.700101335046375,0.8168320980307967,0.0,-8.106592358728012,7.293406964179332,-1.1114959577249068,1,1017.1344760359384,chop,3
XRP,-1,SWEEP_V2,2023-03-08 13:30:00+00:00,2023-03-08 14:15:00+00:00,0.39796038862466815,0.3915975853254298,1008.4166532631411,401.3098832281869,0.3975624282360435,0.3915975853254298,TP,6.4163568083895886,0.3981017048239921,0.0,6.2189100451796895,2.2056226528839176,2.8195711705482704,3,1022.9465322907037,chop,3
LINK,1,SWEEP_V2,2023-03-08 14:00:00+00:00,2023-03-08 14:15:00+00:00,6.682336432743073,6.650541894483671,121.76992119726708,813.7075808287508,6.653868828898119,6.765151280292029,SL,-3.8716184183508795,0.8117717716195754,0.0,-4.276536399556079,3.466497876875019,-1.2336763360176335,1,1018.6699958911476,chop,3
SOL,1,SWEEP_V2,2023-03-08 14:15:00+00:00,2023-03-08 17:30:00+00:00,18.875774140548707,18.885202589731914,26.66901137889389,503.3982353397245,18.894649914689257,19.709158133202784,SL,0.2514474185522898,0.5035239590490006,0.0,-0.00037742282684860573,7.640024969183607,-4.9400732114221895e-05,13,1017.821729546901,chop,3
LINK,1,SWEEP_V2,2023-03-08 15:15:00+00:00,2023-03-08 18:15:00+00:00,6.711342038154602,6.586964358708073,63.05824283870987,423.20543601559496,6.590259488452299,7.063582182743122,SL,-7.843037914254453,0.4192839170584678,0.0,-8.050719113305124,7.635252822658018,-1.054414215258752,12,1009.7710104335958,chop,3
ETH,1,SWEEP_V2,2023-03-08 15:15:00+00:00,2023-03-08 22:45:00+00:00,1561.5522382324218,1545.272519159024,0.49257024686829204,769.174171483878,1546.0455419299888,1606.6626274758635,SL,-8.01890524293006,0.765164718862413,0.0,-8.399482876050534,7.638137225801082,-1.0996768750995571,30,1001.3715275575453,chop,3
BTC,1,SWEEP_V2,2023-03-08 23:15:00+00:00,2023-03-09 10:45:00+00:00,21738.746880000002,21535.608523515337,0.036843328514919955,800.9277928025313,21546.38171437252,22298.354634552677,SL,-7.484293201945454,0.7971856462015585,0.0,-7.8810149517457475,7.087372992040288,-1.1119797082214786,46,992.878262155017,chop,3
SOL,1,SWEEP_V2,2023-03-08 23:00:00+00:00,2023-03-09 11:00:00+00:00,18.378675,18.604278201675417,23.04698835811694,423.5731087626149,18.052806546387643,19.326655955963226,TIME,5.199474362567209,0.4261728459438985,0.0,4.9850880710046175,7.510286456681589,0.6637680333177695,48,997.8633502260216,chop,3
BTC,1,SWEEP_V2,2023-03-09 11:00:00+00:00,2023-03-09 16:30:00+00:00,21651.62946,21509.826938165617,0.036869773781026884,798.2906801808173,21520.58723178151,22032.843214817432,SL,-5.2282269016128184,0.7956765667300109,0.0,-5.624758128252421,4.8314973101774905,-1.164185296430557,22,991.8394467576787,chop,3
LINK,1,SWEEP_V2,2023-03-09 17:15:00+00:00,2023-03-09 17:30:00+00:00,6.540307834339142,6.504374011393195,121.27168764424434,793.1541687831806,6.507627825305848,6.635376951526907,SL,-4.357755352164457,0.7909752911070984,0.0,-4.752153558879964,3.963159847696732,-1.1990819804156452,1,986.2939803357042,chop,3
BTC,1,SWEEP_V2,2023-03-09 17:15:00+00:00,2023-03-09 18:15:00+00:00,21478.394819999998,21359.376127603045,0.03694277733768482,793.471557406143,21370.061158182136,21793.54729074287,SL,-4.396881052243008,0.7912731168800216,0.0,-4.791418390419958,4.002146346713319,-1.1972121894929735,4,981.5025619452842,chop,3
XRP,1,SWEEP_V2,2023-03-09 18:45:00+00:00,2023-03-09 19:00:00+00:00,0.3873474575579166,0.3835880071909496,2027.1258639636821,785.2020495562274,0.3837798971395193,0.3977258151387087,SL,-7.620879073166582,0.7813916100196441,0.0,-8.009669658408113,7.231893995386234,-1.1075479899896319,1,973.100291262098,chop,3
BTC,1,SWEEP_V2,2023-03-09 19:00:00+00:00,2023-03-09 19:15:00+00:00,21017.002559999997,20934.435698484936,0.03704049760603344,778.4802330096785,20944.908152561216,21226.73174527645,SL,-3.0583176362863016,0.7769510741915354,0.0,-3.446028593972998,2.670412726144558,-1.290447937217647,1,968.8759381311619,chop,3
LINK,1,SWEEP_V2,2023-03-09 19:00:00+00:00,2023-03-09 19:30:00+00:00,6.34326840763092,6.29846753997283,122.67632250597205,778.1688409164746,6.301618349147403,6.464432214128426,SL,-5.4960056893713025,0.7754208380717889,0.0,-5.882342106984854,5.109476006916569,-1.1512613228875284,2,962.7322613381396,chop,3
SOL,1,SWEEP_V2,2023-03-09 19:15:00+00:00,2023-03-09 19:45:00+00:00,17.778554618453978,17.52261717698698,29.39886752842828,522.6693720748552,17.53138286842119,18.497599709458452,SL,-7.524270937253126,0.5189072366062286,0.0,-7.781843487821927,7.266569535983714,-1.0709102072562027,2,954.9504178503176,chop,3
ETH,1,SWEEP_V2,2023-03-09 20:00:00+00:00,2023-03-09 20:15:00+00:00,1488.4875793945312,1476.3614255981447,0.5132460256007031,763.9603342802542,1478.1149654885155,1518.6624562120312,SL_GAP,-6.223700241818229,0.760848484159345,0.0,-6.602568558837446,5.323702862353121,-1.2402210885073808,1,947.3934969143938,chop,3
SOL,1,SWEEP_V2,2023-03-09 20:00:00+00:00,2023-03-09 20:15:00+00:00,17.73054468269348,17.428071574068564,24.37156903425253,432.1211937491633,17.43678996905309,18.58510384964734,SL,-7.371744247857109,0.42843532162523473,0.0,-7.584118972607762,7.159263282623831,-1.0593434929282588,1,939.8093779417861,chop,3
LINK,1,SWEEP_V2,2023-03-09 20:00:00+00:00,2023-03-09 20:15:00+00:00,6.299259458827972,6.244927258100329,113.12809558026643,712.6232261431883,6.2480512837422,6.448228695441128,SL,-6.146498397003018,0.7095499769446868,0.0,-6.499736760876111,5.793083325594286,-1.1219822667075712,1,933.30964118091,chop,3
SOL,1,SWEEP_V2,2023-03-10 07:15:00+00:00,2023-03-10 09:00:00+00:00,16.7053400642395,16.71368438160159,44.695151973772084,746.647712944728,16.72204540430374,17.139834464955086,SL,0.37295053261590144,0.746834188211036,0.0,-0.0005597991227704879,6.675553937159308,-8.385807800224335e-05,7,932.9357575253149,chop,3
XRP,1,SWEEP_V2,2023-03-10 10:00:00+00:00,2023-03-10 10:15:00+00:00,0.3647329268395901,0.36049233207884723,1723.293802116127,628.5419922503403,0.36067266841305373,0.3765445877167867,SL,-7.307790668474263,0.6248880969161033,0.0,-7.618407769265196,6.997018181439861,-1.088807770926424,1,925.0030787599245,chop,3
LINK,1,SWEEP_V2,2023-03-10 10:15:00+00:00,2023-03-10 10:30:00+00:00,6.041207961845398,5.968014694452286,122.49246635467459,740.0024630079397,5.98561976207906,6.202919088438381,SL_GAP,-8.965623843539465,0.7355196510861699,0.0,-9.331142263121665,6.809135689595074,-1.3703857124451826,1,915.3019352652989,chop,3
XRP,1,SWEEP_V2,2023-03-10 10:45:00+00:00,2023-03-10 13:30:00+00:00,0.35892177228927613,0.36690233344965334,2040.1146008553717,732.2415482122392,0.35928069406156543,0.36690233344965334,TP,16.281259346304832,0.7403821778853916,0.0,15.90699794252556,5.596682900292275,2.8422189046470456,11,930.8428124337183,chop,3
SOL,-1,SWEEP_V2,2023-03-10 13:45:00+00:00,2023-03-10 14:00:00+00:00,17.685461376190187,17.26834813386057,42.10657749361995,744.6742499469747,17.828844053240992,17.26834813386057,TP,17.563211061767074,0.7358926444160911,0.0,17.19965554232447,6.037353802482427,2.8488732158205394,1,947.6701308510693,chop,3
SOL,-1,SWEEP_V2,2023-03-10 14:00:00+00:00,2023-03-10 15:30:00+00:00,17.56748494567871,17.558692419463398,16.880347817291696,296.54525615809234,17.54991746073303,16.342602648088345,SL,0.1484209007071353,0.2964710457077388,0.0,0.00022248307844266457,7.107525981383019,3.1302464320977784e-05,6,947.5220807060687,chop,3
SOL,-1,SWEEP_V2,2023-03-10 23:15:00+00:00,2023-03-11 01:00:00+00:00,18.233352111816405,18.22422631908444,41.33780326396059,753.7267224407868,18.215118759704588,17.733247911755768,SL,0.37724022458163264,0.753538102328496,0.0,0.0005654834735300263,7.106415605295514,7.95736563885516e-05,7,947.1457828283218,chop,3
ETH,-1,SWEEP_V2,2023-03-11 01:00:00+00:00,2023-03-11 01:15:00+00:00,1435.7128,1446.392878967285,0.5277633704057367,757.7166262626574,1444.5131091723065,1410.111900589654,SL_GAP,-5.636554471973751,0.7605349034986444,0.0,-6.018231062341067,4.644480829388982,-1.295781225806634,1,940.7486934528494,chop,3
LINK,-1,SWEEP_V2,2023-03-11 01:15:00+00:00,2023-03-11 01:30:00+00:00,6.264746594047547,6.292097627324404,120.1323857979127,752.5989547622795,6.2889531507490295,6.19432752000687,SL,-3.2857448815869543,0.7542418272030731,0.0,-3.6636872314088875,2.907991408501562,-1.2598686573481739,1,936.7087067440593,chop,3
BTC,-1,SWEEP_V2,2023-03-11 01:30:00+00:00,2023-03-11 01:45:00+00:00,20343.73044,20611.600649999997,0.036835277954815816,749.3669653952475,20406.41357666029,20161.379496988247,SL_GAP,-9.867073641164785,0.7543005022158299,0.0,-10.24669066068299,2.3089507619614564,-4.437812546499872,1,925.7127989913741,chop,3
ETH,-1,SWEEP_V2,2023-03-11 01:30:00+00:00,2023-03-11 01:45:00+00:00,1444.581021118164,1465.0821505737304,0.5185359683247681,749.0672186090894,1451.5435057864947,1424.3265202648383,SL_GAP,-10.63057301399352,0.7543825051160862,0.0,-11.01042190980506,3.6102987294392204,-3.049726001902143,1,914.7023770815691,chop,3
SOL,-1,SWEEP_V2,2023-03-11 02:00:00+00:00,2023-03-11 04:00:00+00:00,18.719254972839355,18.07316131131713,21.49715585695668,402.410741677239,18.700535717866515,18.07316131131713,TP,13.889176139935106,0.39546615360727144,0.0,13.694915357166455,4.774404298102681,2.868402946647968,8,927.483302845876,chop,3
BTC,-1,SWEEP_V2,2023-03-11 02:00:00+00:00,2023-03-11 07:15:00+00:00,20575.884000000002,20173.74578048492,0.03556405652681825,731.7619016652553,20555.308116,20173.74578048492,TP,14.30166637042848,0.7246110684800411,0.0,13.942936252781067,4.916197814834795,2.836121892961219,21,941.4262390986571,chop,3
ETH,-1,SWEEP_V2,2023-03-11 02:00:00+00:00,2023-03-11 07:45:00+00:00,1465.7767322998047,1423.630957293099,0.4733371236477598,693.806542376602,1464.3109555675048,1423.630957293099,TP,19.949159915579703,0.6838319624188122,0.0,19.61223122434919,6.857523720980523,2.859958203913429,23,961.0384703230063,chop,3
XRP,1,SWEEP_V2,2023-03-11 08:00:00+00:00,2023-03-11 09:30:00+00:00,0.36270253565311433,0.3628837055696731,2119.728153744446,768.8307762584051,0.36306523818876746,0.36949824146336707,SL,0.38403097274112374,0.7690227917447756,0.0,-0.0005764308744493629,4.951735569879132,-0.00011640986605902972,6,960.395921012062,chop,3
LINK,1,SWEEP_V2,2023-03-11 11:45:00+00:00,2023-03-11 15:00:00+00:00,5.976194904613495,5.9791800139683495,128.5628646777443,768.3167368096497,5.9821710995181085,6.093814629233088,SL,0.38377421003645884,0.768508623914668,0.0,-0.0005760454733843012,5.198025504272677,-0.00011082005521342727,13,960.0111865981838,chop,3
SOL,1,SWEEP_V2,2023-03-11 08:15:00+00:00,2023-03-11 15:45:00+00:00,17.148429457855226,17.156995098369425,30.038609958256163,515.1149838811833,17.16557788731308,17.846188936874725,SL,0.25729993444865895,0.5152436338484077,0.0,-0.000386207459157073,7.204905412011578,-5.3603404496221635e-05,30,960.0108003907246,chop,3
LINK,1,SWEEP_V2,2023-03-11 16:00:00+00:00,2023-03-11 19:15:00+00:00,5.96819340763092,6.101670754338698,128.683604544485,768.0086403125797,5.974161601038551,6.101670754338698,TP,17.17634609939072,0.7765968133622752,0.0,16.783753606184735,5.9043689716655425,2.8425990460163035,13,976.0266989583249,chop,3
ETH,-1,SWEEP_V2,2023-03-11 20:45:00+00:00,2023-03-11 21:30:00+00:00,1467.8063555908204,1467.0717185098472,0.5319648305054274,780.8213591666599,1466.3385492352297,1451.2041188519527,SL,0.3908010902629334,0.7806259586215285,0.0,0.000585811224734889,3.0359333306509364,0.00019295918616542374,3,975.6368740899663,chop,3
BTC,-1,SWEEP_V2,2023-03-12 00:00:00+00:00,2023-03-12 03:00:00+00:00,20450.909,20440.6733200455,0.038165027249985474,780.5094992719731,20430.458091,20173.553291774508,SL,0.39064500438567573,0.7803141767697803,0.0,0.0005855772518819635,3.6386928058129504,0.0001609306647009282,12,975.2472049175822,chop,3
LINK,-1,SWEEP_V2,2023-03-12 03:15:00+00:00,2023-03-12 04:30:00+00:00,6.182763215255737,6.179668742266502,126.18917088866624,780.1977639340657,6.176580452040482,6.118012573134179,SL,0.3904889808489706,0.7800025194436413,0.0,0.0005853433723622126,2.8087227588159673,0.0002084019757823899,5,974.8576913789875,chop,3
XRP,1,SWEEP_V2,2023-03-11 17:15:00+00:00,2023-03-12 05:15:00+00:00,0.3604620854973793,0.3635672823548317,2129.770280269979,767.7014368564547,0.3608225475828767,0.36843657900824345,TIME,6.613355981389897,0.7710081148471497,0.0,6.226198584970975,5.838194752377741,1.0664595562584154,48,981.0838899639585,chop,3
XRP,1,SWEEP_V2,2023-03-12 08:00:00+00:00,2023-03-12 12:30:00+00:00,0.3602320251703262,0.35713958971980087,2178.7821657446007,784.8671119711669,0.357318248844223,0.3687084653917174,SL,-6.737743208320988,0.7814982403670063,0.0,-7.126807892702411,6.348483894282551,-1.1225999799922024,18,973.1723719327073,chop,3
XRP,1,SWEEP_V2,2023-03-12 12:45:00+00:00,2023-03-12 13:45:00+00:00,0.3582416366994381,0.3552340422394133,2173.2200218796816,778.5378975461658,0.35541174811347,0.36647403985861804,SL,-6.536164498220301,0.7752698152970556,0.0,-6.922165364744274,6.149970534714677,-1.1255607365386218,4,965.8609376191899,chop,3
SOL,-1,SWEEP_V2,2023-03-12 11:30:00+00:00,2023-03-12 14:45:00+00:00,18.229353201675416,17.83483662232801,43.03790466105358,784.5531651263784,18.21112384847374,17.83483662232801,TP,16.979166929158673,0.7760635816617991,0.0,16.595379930060062,5.836588631898289,2.843335546960175,13,982.45631754925,chop,3
XRP,1,SWEEP_V2,2023-03-12 15:00:00+00:00,2023-03-12 15:30:00+00:00,0.3522604258954525,0.35036024005559113,2231.2045187632484,785.9650540394,0.3505355078094959,0.3572783694182353,SL,-4.239703232388573,0.7838452024232057,0.0,-4.630565907792079,3.848645027882808,-1.203167835496488,2,977.4327691144382,chop,3
XRP,1,SWEEP_V2,2023-03-12 15:45:00+00:00,2023-03-12 16:15:00+00:00,0.35135025978684425,0.3496698001995291,2225.5461423763813,781.9462152915506,0.34984472256080945,0.35573000444440006,SL,-3.739940351968669,0.7800762451155663,0.0,-4.12904348943846,3.3506425656057943,-1.2323139244462893,2,972.912752517354,chop,3
LINK,-1,SWEEP_V2,2023-03-12 17:45:00+00:00,2023-03-12 18:00:00+00:00,6.2427511580467225,6.268977087689066,124.67743504570713,778.3302020138832,6.265844165606263,6.175571499691695,SL,-3.2697816394965935,0.7799650928336315,0.0,-3.6605816313232835,2.879176950014672,-1.2713986305373242,1,968.8630057850237,chop,3
BTC,-1,SWEEP_V2,2023-03-12 18:00:00+00:00,2023-03-12 18:15:00+00:00,20784.94218,20908.252612367414,0.03729095794039967,775.090404628019,20897.80371051216,20456.617727600988,SL,-4.59836414702581,0.7773895867015319,0.0,-4.988208531413333,4.208714587418101,-1.185209504661,1,963.1043661184532,chop,3
SOL,-1,SWEEP_V2,2023-03-12 18:00:00+00:00,2023-03-12 18:30:00+00:00,18.62527391014099,18.81134094939563,41.11466330004529,765.7718656865648,18.801939979405926,18.11133625409754,SL,-7.650083670190758,0.7695969075216601,0.0,-8.036794644869136,7.263565954370323,-1.1064530418469705,2,955.067571473584,chop,3
SOL,-1,SWEEP_V2,2023-03-12 18:45:00+00:00,2023-03-12 20:00:00+00:00,18.71625531349182,18.706887827707416,28.14614194527669,526.7903787375799,18.69753905817833,17.97618223746106,SL,0.2636585845582448,0.5266585494453008,0.0,0.00039522448173401337,7.160381885194769,5.519600603303058e-05,5,954.4545847277489,chop,3
ETH,-1,SWEEP_V2,2023-03-12 18:45:00+00:00,2023-03-12 20:30:00+00:00,1538.3623099365234,1537.5923596004002,0.45501216285333945,699.9735618962768,1536.823947626587,1492.5660881555762,SL,0.3503367677290738,0.6997983935124124,0.0,0.0005251551647998953,7.16300678605188,7.331490538617113e-05,7,954.4551098829137,chop,3
SOL,-1,SWEEP_V2,2023-03-12 20:45:00+00:00,2023-03-12 21:45:00+00:00,18.90521859664917,19.057060183238853,40.389064215404936,763.564087906331,19.047536415031338,18.491203124991955,SL,-6.132739591339664,0.7666304577020009,0.0,-6.517588005088499,5.748083505633705,-1.133871489288665,4,947.5557398338719,chop,3
BTC,-1,SWEEP_V2,2023-03-13 00:00:00+00:00,2023-03-13 00:15:00+00:00,21990.601,22260.101151167044,0.02750517587747855,604.8553481564556,22248.976662835626,21238.962708114537,SL,-7.412649056856637,0.608561672684884,0.0,-7.718783055463293,7.106668048754039,-1.0861324888836719,1,939.5345291043304,chop,3
BTC,-1,SWEEP_V2,2023-03-13 00:30:00+00:00,2023-03-13 00:45:00+00:00,22109.377239999998,22479.8343,0.033995874923316675,751.6276232834643,22301.498857445004,21550.477989250892,SL_GAP,-12.594011876219643,0.7579246292215742,0.0,-12.976122693799486,6.531342476725704,-1.986746635938877,1,926.1825925988892,chop,3
ETH,-1,SWEEP_V2,2023-03-13 14:15:00+00:00,2023-03-13 14:30:00+00:00,1616.2167310546874,1637.758411376953,0.3464378845414383,559.9187052670646,1636.2675677398445,1557.8870243342305,SL_GAP,-7.462854160313631,0.5636501323472215,0.0,-7.74654494002732,6.946369444491669,-1.1151933397625682,1,918.1560883062283,chop,3
BTC,-1,SWEEP_V2,2023-03-13 15:00:00+00:00,2023-03-13 15:15:00+00:00,23478.40338,24049.318649999997,0.03128512866725364,734.5248706449827,23638.709787896154,23012.057466120277,SL_GAP,-17.86115768004978,0.7434554494850076,0.0,-18.237350694212296,5.015206597216431,-3.6364106524214765,1,899.1843596463452,chop,3
ETH,-1,SWEEP_V2,2023-03-13 15:00:00+00:00,2023-03-13 15:15:00+00:00,1643.301278881836,1676.958055114746,0.4468024641204705,734.2310606967247,1653.3103637318336,1614.1839411363883,SL_GAP,-15.037930555215489,0.7417500259743326,0.0,-15.41256505084146,4.472083774569812,-3.4463945283145008,1,883.7717945955038,chop,3
BTC,-1,SWEEP_V2,2023-03-14 12:15:00+00:00,2023-03-14 12:30:00+00:00,24697.35954,25000.047342340284,0.022840885323990867,564.1095570585119,24987.553565557508,23853.158738378166,SL,-6.913657382225204,0.5675663857496245,0.0,-7.199168989445573,6.628288459466279,-1.0861278946247404,1,876.290570827529,chop,3
XRP,-1,SWEEP_V2,2023-03-14 12:45:00+00:00,2023-03-14 13:00:00+00:00,0.3740851597428322,0.37873926803469654,1873.991625714192,701.0324566620233,0.3753093352011466,0.37052392204591744,SL_GAP,-8.721759964120785,0.7053933366440837,0.0,-9.076637072433858,2.294094557286086,-3.9565226479467874,1,866.8634175267641,chop,3
SOL,-1,SWEEP_V2,2023-03-14 13:00:00+00:00,2023-03-14 13:15:00+00:00,21.415716076278688,22.017003519058225,22.184817730198834,475.10375771393166,21.708775758378337,20.563178819261527,SL_GAP,-13.339452321521383,0.4817734838746923,0.0,-13.58367392653911,6.501475631450731,-2.08932167042639,1,853.0421917213681,chop,3
LINK,-1,SWEEP_V2,2023-03-14 14:00:00+00:00,2023-03-14 14:15:00+00:00,7.086582220745087,7.1354697928559485,96.28283616488835,682.3162349290099,7.131903840935482,6.954737507463939,SL,-4.707034096049241,0.6846697519770345,0.0,-5.050545730561771,4.363694131519053,-1.1574014076929853,1,847.503589813236,chop,3
ETH,-1,SWEEP_V2,2023-03-14 15:00:00+00:00,2023-03-14 19:15:00+00:00,1759.7179322998047,1689.2705111255682,0.26247926618028367,461.88947155433885,1757.958214367505,1689.2705111255682,TP,18.49098741410698,0.4526439778472854,0.0,18.269288172036863,6.356276923599269,2.8742121200238393,17,865.2564310831873,chop,3
XRP,-1,SWEEP_V2,2023-03-14 15:00:00+00:00,2023-03-14 19:15:00+00:00,0.3836332549393177,0.3712133410532348,1488.4119801012603,571.0043326169215,0.38289220685475317,0.3712133410532348,TP,18.485948619871838,0.5617613583069856,0.0,18.209689427873315,6.354544838080941,2.865616640038156,17,883.4661205110606,chop,3
SOL,-1,SWEEP_V2,2023-03-14 14:00:00+00:00,2023-03-14 21:00:00+00:00,21.672664645767213,20.29971274331132,13.556068209137484,293.7961202117828,21.550423820530927,20.29971274331132,TP,18.611829637557143,0.28449020539300424,0.0,18.47423749227003,6.397816437910261,2.887584798901222,28,901.9403580033306,chop,3
BTC,1,SWEEP_V2,2023-03-14 21:15:00+00:00,2023-03-15 00:30:00+00:00,24299.658959999997,24311.796639650518,0.01599496142100964,388.67210760889117,24323.958618959998,25529.965067160992,SL,0.1941417177506575,0.3887691784677665,0.0,-0.0002914069126634111,6.764552685024979,-4.307851919144822e-05,13,901.7457305426135,chop,3
XRP,1,SWEEP_V2,2023-03-15 11:45:00+00:00,2023-03-15 12:45:00+00:00,0.36726344139575956,0.36299516163249007,1228.217388769263,451.07934498151303,0.3631767500074938,0.37915199816162365,SL,-5.24237542537954,0.44845815726882327,0.0,-5.465293910157606,5.019345425601635,-1.0888459443897545,4,895.3793664324409,chop,3
ETH,1,SWEEP_V2,2023-03-15 11:45:00+00:00,2023-03-15 14:30:00+00:00,1671.1641220458985,1647.0782468695766,0.2907366113217769,485.8685938061569,1647.9021979685608,1738.8351739072443,SL,-7.002645729483137,0.4823672709414154,0.0,-7.242078703521474,6.763092979069602,-1.0708234717361178,11,887.9174388900113,chop,3
SOL,1,SWEEP_V2,2023-03-15 11:45:00+00:00,2023-03-15 14:30:00+00:00,20.470092803192138,20.13873323248048,21.044454175140455,430.78192995764937,20.148807636298628,21.404740561427804,SL,-6.973281301335707,0.4272952893069815,0.0,-7.1851856256638635,6.761270971842828,-1.062697480338596,11,880.7322532643475,chop,3
LINK,1,SWEEP_V2,2023-03-15 11:45:00+00:00,2023-03-15 14:30:00+00:00,6.78435659236908,6.675449053913732,64.0312055196916,434.4105312848591,6.678788448137801,7.091463921041893,SL,-6.973480977478115,0.43092379079612,0.0,-7.187199502631805,6.759655539605486,-1.0632493712913769,11,873.5450537617157,chop,3
XRP,1,SWEEP_V2,2023-03-15 13:00:00+00:00,2023-03-15 14:30:00+00:00,0.3673734637677669,0.3620291760784066,1196.8683674283257,439.69767781621636,0.3622102812190161,0.38239363118231473,SL,-6.396408881831954,0.4364994733753004,0.0,-6.613059516299146,6.179649867857805,-1.0701349846203478,6,866.9319942454166,chop,3
XRP,1,SWEEP_V2,2023-03-15 15:45:00+00:00,2023-03-15 16:00:00+00:00,0.36013201838135717,0.3582739054452618,1925.0389906293958,693.2681771581748,0.3584531320112674,0.365016051457982,SL,-3.576939850976494,0.6914797072326866,0.0,-3.9217854696300933,3.2319217232590853,-1.213453111010172,1,862.3168018895093,chop,3
ETH,1,SWEEP_V2,2023-03-15 15:45:00+00:00,2023-03-15 16:30:00+00:00,1632.4163838134766,1621.9401403618483,0.4248582667224561,693.5455953963333,1622.7515161199083,1660.5323625584026,SL,-4.450918634621283,0.6913201360790227,0.0,-4.795465973002139,4.106198936391307,-1.1678601176631225,3,857.0697145700755,chop,3
SOL,1,SWEEP_V2,2023-03-15 16:15:00+00:00,2023-03-15 16:30:00+00:00,19.22884538154602,18.869186473946012,18.466630970747556,355.0919916545738,18.878625786839432,20.247666020692456,SL,-6.641688321991526,0.3517711474935781,0.0,-6.815913473657817,6.467376014171319,-1.05389163375112,1,850.2538010964176,chop,3
XRP,1,SWEEP_V2,2023-03-15 16:15:00+00:00,2023-03-15 17:45:00+00:00,0.36062209635972975,0.35618997538187014,1520.0141831080884,548.150701208961,0.35636815946160094,0.37299718551792266,SL,-6.736886747597498,0.5447822578351622,0.0,-7.007593654828179,6.466044419202615,-1.0837527861728404,6,843.2462074415895,chop,3
ETH,-1,SWEEP_V2,2023-03-16 09:45:00+00:00,2023-03-16 10:45:00+00:00,1659.9978900634767,1668.0359534048725,0.4063842309627729,674.5969659532716,1667.2023522287582,1639.039454673567,SL,-3.266542189423211,0.6762302370479831,0.0,-3.6054739434945584,2.9277798165383095,-1.2314703186107512,4,839.3034350151183,chop,3
BTC,-1,SWEEP_V2,2023-03-16 11:00:00+00:00,2023-03-16 12:15:00+00:00,24926.11378,24913.63826005311,0.02693732179586058,671.4427480120947,24901.18766622,24410.39024057862,SL,0.33605709538002937,0.6712747194644048,0.0,0.0005037499216720143,4.775447510313503,0.00010548747956795019,5,838.6326303055774,chop,3
ETH,-1,SWEEP_V2,2023-03-16 11:00:00+00:00,2023-03-16 12:15:00+00:00,1663.8372099365235,1663.0044594129504,0.40338932613395245,671.1741709128898,1662.173372726587,1640.9681860297487,SL,0.33592267254187624,0.6710062095766189,0.0,0.000503548421702249,3.171135049188948,0.0001587912258202428,5,838.6331338539991,chop,3
SOL,-1,SWEEP_V2,2023-03-16 19:30:00+00:00,2023-03-16 20:45:00+00:00,19.806037466049194,19.32630567351314,33.86099634185725,670.6521621845794,19.786231428583143,19.32630567351314,TP,16.24419647213594,0.6625300639485114,0.0,15.916992489279718,5.583942537296741,2.850493604288654,5,853.7121464666291,chop,3
LINK,-1,SWEEP_V2,2023-03-16 19:30:00+00:00,2023-03-16 20:45:00+00:00,6.650669550418854,6.5363831871573215,55.55009789078117,369.4453445650049,6.644018880868435,6.5363831871573215,TP,6.348618666759521,0.3662710352316252,0.0,6.167070303810398,2.182337666698582,2.825901050014812,5,859.8792167704395,chop,3
BTC,-1,SWEEP_V2,2023-03-16 19:30:00+00:00,2023-03-16 21:30:00+00:00,24986.30174,24973.79609597913,0.025448433832516406,635.8622465496795,24961.31543826,24267.300707810788,SL,0.3182490543980689,0.6357031220224805,0.0,0.0004770556504281598,6.289748503904993,7.584653824107269e-05,8,859.8796938260899,chop,3
BTC,-1,SWEEP_V2,2023-03-17 01:45:00+00:00,2023-03-17 02:00:00+00:00,25384.122160000003,25673.53035,0.027099765385815173,687.903755060872,25508.150209362546,25023.31328912715,SL_GAP,-7.842894049733374,0.6918252020857387,0.0,-8.190767374288678,3.361131038985225,-2.436908076265182,1,851.3449745742707,chop,3
SOL,-1,SWEEP_V2,2023-03-17 02:30:00+00:00,2023-03-17 06:30:00+00:00,20.14996852874756,20.13988346949892,33.80034954832505,681.0759796594166,20.129818560218812,19.68775997991104,SL,0.3408785278196569,0.6809055403955068,0.0,0.0005109772538584023,5.370341114496366,9.514800698210808e-05,16,850.6802658911881,chop,3
LINK,-1,SWEEP_V2,2023-03-17 04:15:00+00:00,2023-03-17 06:45:00+00:00,6.8736250000000005,6.944655828170448,94.47174395073546,649.3633410133741,6.9411852355526715,6.677086132937685,SL,-6.7104062115271805,0.6527185441191377,0.0,-7.038443085139631,6.3825332743833085,-1.1027663754435653,10,843.301550699692,chop,3
BTC,-1,SWEEP_V2,2023-03-17 06:30:00+00:00,2023-03-17 06:45:00+00:00,25847.829400000002,26149.168049999997,0.02632887281099706,680.5442127129505,26029.66355414816,25318.857315205365,SL_GAP,-7.933906988887408,0.6845111662073942,0.0,-8.278146048738327,4.787488317262055,-1.7291208876458555,1,835.0234046509537,chop,3
BTC,-1,SWEEP_V2,2023-03-17 07:00:00+00:00,2023-03-17 08:00:00+00:00,26133.87218,26120.792176973908,0.02556141390451857,668.018723720763,26107.73830782,25788.465915791636,SL,0.33434337122226,0.6678515520351518,0.0,0.0005011810474896405,3.034993666596191,0.000165134132899765,4,834.3560207120253,chop,3
ETH,-1,SWEEP_V2,2023-03-17 07:00:00+00:00,2023-03-17 08:00:00+00:00,1724.3050944091797,1723.4420797094278,0.38725833287645356,667.7515162312748,1722.5807893147705,1694.1333467112947,SL,0.3342096338737666,0.6675844114143379,0.0,0.0005009805750661456,4.016464620249104,0.00012473172863030832,4,834.3565216926004,chop,3
LINK,-1,SWEEP_V2,2023-03-17 10:00:00+00:00,2023-03-17 10:15:00+00:00,6.9496100135803225,6.973175251609653,96.04642793620633,667.4852173540803,6.96969040640645,6.891194325358861,SL,-2.263356936183601,0.6686168958221721,0.0,-2.5982312233287326,1.9286500025053483,-1.347176117985942,1,831.4245478605945,chop,3
BTC,-1,SWEEP_V2,2023-03-17 10:15:00+00:00,2023-03-17 10:30:00+00:00,26322.634420000002,26518.886273162756,0.025268733656198975,665.1396382884757,26505.63345643454,25790.273586735886,SL,-4.959035807105097,0.6676191561920282,0.0,-5.294085144152887,4.624153911005429,-1.1448764997966503,1,825.2997031751914,chop,3
ETH,-1,SWEEP_V2,2023-03-17 10:15:00+00:00,2023-03-17 10:30:00+00:00,1722.9453810546875,1737.6029902706202,0.3858935923007397,664.8735824331602,1736.7346229591408,1682.8312227871868,SL,-5.656277474876729,0.6677017211705986,0.0,-5.9915424048307475,5.3211800936133855,-1.1259800080854148,1,819.3081607703607,chop,3
LINK,-1,SWEEP_V2,2023-03-17 10:15:00+00:00,2023-03-17 10:30:00+00:00,6.958608038139343,7.002499572515488,47.63968022942023,331.50586177883156,6.992002338902287,6.861460981374416,SL_GAP,-2.090978662458133,0.3325513511100606,0.0,-2.257777082678778,1.590893809831727,-1.4191877979068817,1,817.0503836876819,chop,3
ETH,-1,SWEEP_V2,2023-03-17 10:30:00+00:00,2023-03-17 10:45:00+00:00,1731.7235322998047,1742.1886310341604,0.3774507274161036,653.6403069501456,1741.3179720481364,1703.8124348501124,SL,-3.9500591297639063,0.6556153365150276,0.0,-4.278854312803861,3.6214282621577976,-1.1815377809677614,1,812.444709221403,chop,3
SOL,-1,SWEEP_V2,2023-03-18 00:15:00+00:00,2023-03-18 00:45:00+00:00,21.480703610229494,21.914188371885746,14.420964168318246,309.7724570733839,21.903236753508992,20.2515162843255,SL,-6.251268215356796,0.3128980911810623,0.0,-6.409280078001166,6.093335319160522,-1.0518508735022598,2,805.880542914865,chop,3
LINK,-1,SWEEP_V2,2023-03-18 01:00:00+00:00,2023-03-18 01:15:00+00:00,7.252549386882782,7.292553508418462,88.89349109403204,644.7044343318921,7.288909053891516,7.1467758101301,SL,-3.556106021456536,0.6464824873426205,0.0,-3.88023629163321,3.232137735422911,-1.2005169981178103,1,801.6779544060659,chop,3
LINK,-1,SWEEP_V2,2023-03-18 01:30:00+00:00,2023-03-18 07:30:00+00:00,7.2545488419532775,7.25091794025788,88.40554767733457,641.3423635248528,7.247294293111325,7.07140527613382,SL,0.3209918529441966,0.6411818675983807,0.0,0.00048116710824225306,5.56562436369812,8.645339261137954e-05,24,801.3577643914116,chop,3
LINK,1,SWEEP_V2,2023-03-18 15:30:00+00:00,2023-03-18 15:45:00+00:00,7.070413567256927,6.971512404680253,90.64082188463827,640.868096800465,7.023544010649083,7.206761368297928,SL_GAP,-8.964482661296003,0.636385855469817,0.0,-9.280434468365588,4.2482951323035865,-2.184507944798408,1,791.4842524838153,chop,3
ETH,-1,SWEEP_V2,2023-03-18 13:00:00+00:00,2023-03-18 16:15:00+00:00,1826.6846388183594,1768.1135075373882,0.29851172450520547,545.2867816608368,1806.7464194636948,1768.1135075373882,TP,17.484169404903515,0.5365446969583851,0.0,17.22026809877555,6.010183232935587,2.86518188071357,13,808.7045205825909,chop,3
BTC,1,SWEEP_V2,2023-03-18 16:45:00+00:00,2023-03-19 04:45:00+00:00,27290.35698,27135.77176,0.010943486433745646,298.6516513827058,26736.1200883942,28902.682482853237,TIME,-1.6917012579275954,0.29780580075374197,0.0,-1.8401812329899845,6.065283904369432,-0.3033957292030992,48,806.3249604942617,chop,3
ETH,1,SWEEP_V2,2023-03-18 16:45:00+00:00,2023-03-19 04:45:00+00:00,1787.6675206054688,1779.3241177001953,0.1521127774698726,271.92707175197853,1747.8012841094728,1903.642026775639,TIME,-1.2691381894713532,0.2712925026572429,0.0,-1.4044671562526068,6.064163960676747,-0.23160111853174092,48,804.9204933380091,chop,3
LINK,1,SWEEP_V2,2023-03-18 16:45:00+00:00,2023-03-19 04:45:00+00:00,7.029405477905273,7.054589032649994,31.213452462140975,219.4120137217096,6.835157685498723,7.594489964906146,TIME,0.78606568885206,0.21980504656613564,0.0,0.6759666491467792,6.063144234157677,0.11148780616806289,48,805.5964599871559,chop,3
XRP,1,SWEEP_V2,2023-03-18 16:45:00+00:00,2023-03-19 04:45:00+00:00,0.37629523186683655,0.3779144093990326,767.3947192723548,288.7669738219767,0.3683953580641415,0.39927668292922225,TIME,1.2425482877716818,0.28938824796586254,0.0,1.0975435267168077,6.06232143910622,0.181043439834266,48,806.6940035138726,chop,3
XRP,-1,SWEEP_V2,2023-03-19 06:15:00+00:00,2023-03-19 10:45:00+00:00,0.3822735277593136,0.38808907754364635,1076.2421086173306,411.4188675842693,0.38789512997865705,0.36591977584849633,SL,-6.258939562659331,0.41454833736559904,0.0,-6.4677784662327955,6.050205026354044,-1.0690180643564715,18,799.6979202962158,chop,3
LINK,-1,SWEEP_V2,2023-03-19 10:30:00+00:00,2023-03-19 10:45:00+00:00,7.107578405952454,7.043176302464467,90.77502890769804,645.1906352640644,7.12971662902645,7.043176302464467,TP,5.846102805838614,0.6422675838611451,0.0,5.526430539609501,2.0095978395070286,2.750018153366039,1,805.2243508358252,chop,3
XRP,-1,SWEEP_V2,2023-03-19 11:15:00+00:00,2023-03-19 11:30:00+00:00,0.3881023516714573,0.39490195143761053,914.7161874550511,355.0035034632549,0.3947045991380415,0.36889581358684864,SL,-6.219703974315951,0.3581133554504129,0.0,-6.400315578034736,6.039182631268689,-1.0597983152382628,1,798.6465335060589,chop,3
LINK,-1,SWEEP_V2,2023-03-19 12:00:00+00:00,2023-03-19 13:15:00+00:00,7.100579836463928,7.097025996255778,89.9809933160369,638.9172268048471,7.0934792566274645,6.995595050871018,SL,0.3197780720158358,0.6387573377688393,0.0,0.0004793476494201476,3.247280881185402,0.00014761508688622107,5,798.3275542403059,chop,3
XRP,-1,SWEEP_V2,2023-03-19 13:15:00+00:00,2023-03-19 13:30:00+00:00,0.39444111052155495,0.39827606115295217,1619.1568940361349,638.6620433922448,0.39807702264163136,0.3838639116267872,SL,-6.20938675311503,0.6417667367688022,0.0,-6.53182246818771,5.887112175331262,-1.1095121468141842,1,791.476400750422,chop,3
LINK,-1,SWEEP_V2,2023-03-19 14:45:00+00:00,2023-03-19 15:00:00+00:00,7.121575544929504,7.148693774205786,88.87469411213876,632.9278481520976,7.145121213598987,7.053079054254645,SL,-2.4101243317924226,0.6341329103179938,0.0,-2.7277933180343674,2.092614100666055,-1.3035338513518295,1,788.1155529480114,chop,3
ETH,-1,SWEEP_V2,2023-03-19 15:15:00+00:00,2023-03-19 16:30:00+00:00,1792.4613822998047,1817.369045317178,0.24629193294624882,441.468778578124,1816.4608149097232,1722.6448510709506,SL,-6.134556469722679,0.44453605681298536,0.0,-6.3583581372466025,5.910866647110086,-1.0757065785531301,5,781.2858905525063,chop,3
BTC,-1,SWEEP_V2,2023-03-19 16:00:00+00:00,2023-03-19 16:30:00+00:00,27530.59278,27796.895613851728,0.01820301298790208,501.1397379389832,27783.00411179583,26796.305269321212,SL,-4.847513943318149,0.5035634949106423,0.0,-5.1005075692593,4.594646750973204,-1.110097869477985,2,776.185382983247,chop,3
XRP,-1,SWEEP_V2,2023-03-19 13:30:00+00:00,2023-03-19 16:45:00+00:00,0.3967306331753731,0.3965320694934688,1595.9975551483128,633.1811206003376,0.39633390254219775,0.38849906262262124,SL,0.3169071508605033,0.6330226670249074,0.0,0.0004750441357647128,4.516038476545348,0.00010519045358712472,13,775.8753838741894,chop,3
SOL,-1,SWEEP_V2,2023-03-19 16:30:00+00:00,2023-03-19 16:45:00+00:00,22.133572888183593,22.33115969467163,28.054589718684873,620.9483063865977,22.265387963581645,21.750110850661986,SL_GAP,-5.543216789847049,0.6237199147815212,0.0,-5.856462551435271,3.698017859029856,-1.5836761137145146,1,770.0189213227542,chop,3
BTC,-1,SWEEP_V2,2023-03-19 17:00:00+00:00,2023-03-19 18:45:00+00:00,27918.01528,28240.392739286955,0.018734383270588625,523.0267984096696,28226.279599487214,27021.24635058265,SL,-6.039542880080411,0.5260465698497098,0.0,-6.304076050725286,5.775141909920656,-1.0915880768048343,7,762.9453451083175,chop,3
ETH,-1,SWEEP_V2,2023-03-19 17:00:00+00:00,2023-03-19 19:00:00+00:00,1816.1867388183593,1837.4848274924482,0.28327947424199085,514.4884244977408,1836.566544220338,1756.9000321944213,SL,-6.033311361955184,0.5175050801787184,0.0,-6.293572229885032,5.773180559426619,-1.0901395106391922,8,756.6517728784324,chop,3
SOL,-1,SWEEP_V2,2023-03-19 17:00:00+00:00,2023-03-20 01:15:00+00:00,22.2645452999115,22.253401894988894,22.523932007593427,501.4851045151904,22.24228075461159,21.590927570107347,SL,0.25099329480986476,0.5013596078677856,0.0,0.0003762391996744996,5.215553731168755,7.213792035657699e-05,33,756.6521491176321,chop,3
SOL,-1,SWEEP_V2,2023-03-20 01:30:00+00:00,2023-03-20 02:00:00+00:00,22.22355504074097,22.542768940194538,18.42165688295665,409.39470568003185,22.53150318860024,21.32770588333218,SL,-5.88044892800427,0.412334930144034,0.0,-6.088086505308288,5.672915117605495,-1.0731848404384436,2,750.095898489251,chop,3
SOL,-1,SWEEP_V2,2023-03-20 02:00:00+00:00,2023-03-20 02:15:00+00:00,22.190560694885253,22.79839415645599,15.626867419363748,346.76894994031613,22.550563700458742,21.14327922412601,SL_GAP,-9.498532917018858,0.3515182163988256,0.0,-9.676666658447525,5.625719238669382,-1.7200763578696276,1,740.2458473558333,chop,3
ETH,1,SWEEP_V2,2023-03-20 01:15:00+00:00,2023-03-20 02:30:00+00:00,1777.6754102783202,1757.6511986301086,0.2964171847227729,526.9335404655999,1758.5304638620396,1833.3697998529547,SL,-5.9355204430558315,0.523965780244072,0.0,-6.1960194530671036,5.674891118382241,-1.0918305433203488,5,734.0498279027662,chop,3
BTC,1,SWEEP_V2,2023-05-29 11:00:00+00:00,2023-05-29 14:45:00+00:00,27872.173319999998,27721.199706267864,0.028702462158770762,800.0,27735.067239887805,28196.24223662882,SL,-4.3333144351194575,0.7978333427824402,0.0,-4.7311477779018976,3.9352820761576126,-1.2022385400442155,15,994.8688522220981,chop,4
BTC,1,SWEEP_V2,2023-05-29 15:00:00+00:00,2023-05-29 15:15:00+00:00,27805.559999999998,27640.66085956934,0.028612145331544034,795.5767237449675,27654.48810362115,28162.63902780455,SL,-4.718118171048675,0.7932176646594431,0.0,-5.113547473835634,4.322491054703602,-1.1830093825807295,1,988.7612316319431,chop,4
LINK,1,SWEEP_V2,2023-05-29 15:00:00+00:00,2023-05-29 15:30:00+00:00,6.585316910648346,6.55223788893958,60.23619402045963,396.6744271160276,6.55551564676296,6.655756261650166,SL,-1.9925543696562367,0.39567814993119943,0.0,-2.189895306029422,1.795114713454998,-1.2199194233189716,2,986.5713363259138,chop,4
ETH,1,SWEEP_V2,2023-05-29 14:45:00+00:00,2023-05-29 16:00:00+00:00,1894.1788088378905,1883.234941255965,0.42017948784147424,795.8950817776786,1884.1770297708504,1917.8193775418035,SL,-4.5983886755784065,0.7935958874398894,0.0,-4.994037022129457,4.202542405892513,-1.188337092120038,5,980.9890701368818,chop,4
BTC,1,SWEEP_V2,2023-05-29 15:45:00+00:00,2023-05-29 16:00:00+00:00,27686.0361,27560.587367043427,0.02850740590707859,789.257069060731,27574.374554320584,27949.963389787714,SL,-3.576217950921777,0.7874689600852702,0.0,-3.969058376476682,3.1831810068949387,-1.24688428583844,1,977.020011760405,chop,4
SOL,1,SWEEP_V2,2023-05-29 15:45:00+00:00,2023-05-29 16:00:00+00:00,20.625124489974976,20.463383234100156,18.77328134104401,387.2012647443571,20.473620044122217,20.98322590744513,SL,-3.0364141009917693,0.38568305769386124,0.0,-3.228496526313452,2.8442355864128013,-1.1351016567461232,1,973.7915152340915,chop,4
LINK,1,SWEEP_V2,2023-05-29 16:00:00+00:00,2023-05-29 16:15:00+00:00,6.560311815261841,6.536002970372496,118.74941833937505,779.0332121872733,6.5392726066758335,6.610040853737858,SL,-2.8866611911117737,0.7775898815917175,0.0,-3.2747344666098543,2.498393781909136,-1.3107359177413103,1,970.1272641613881,chop,4
SOL,1,SWEEP_V2,2023-05-29 16:15:00+00:00,2023-05-29 16:30:00+00:00,20.534106686782838,20.297846564292907,18.83741324165469,386.8094532071532,20.311146263514487,21.061104050871666,SL_GAP,-4.450529559866781,0.38458418842721975,0.0,-4.641709021690424,4.199997629640163,-1.1051694384142081,1,964.5162038221273,chop,4
BTC,1,SWEEP_V2,2023-05-29 16:15:00+00:00,2023-05-29 17:00:00+00:00,27680.43498,27535.173764963005,0.028037919631316088,776.1018113291105,27548.948239082543,27991.22182216854,SL,-4.072822272754642,0.7740654001927333,0.0,-4.45883676728282,3.6866146744273824,-1.209466451216625,3,959.8687974419892,chop,4
ETH,1,SWEEP_V2,2023-05-29 16:15:00+00:00,2023-05-29 17:00:00+00:00,1891.508230883789,1880.419694520559,0.410144327123598,775.7913706045789,1881.3603747079128,1915.4940727540422,SL,-4.54790028548256,0.7735174204618376,0.0,-4.9335220206421075,4.162085643001839,-1.1853485112535749,3,954.935275421347,chop,4
XRP,1,SWEEP_V2,2023-05-29 16:30:00+00:00,2023-05-29 17:15:00+00:00,0.47846568485498425,0.48660022434479366,788.2262775539908,377.13922571056514,0.47502414891698796,0.48660022434479366,TP,6.411857781668412,0.38034515460139934,0.0,6.220082239922295,2.712709061475096,2.2929411518019505,3,961.1553576612692,chop,4
ETH,1,SWEEP_V2,2023-05-29 17:15:00+00:00,2023-05-30 09:15:00+00:00,1885.9670838134766,1904.6790465820313,0.4077082218074716,768.9242861290154,1871.8284479998392,1919.3856775548013,TIME,7.6290210668950555,0.7727387966624629,0.0,7.2407444132971,5.764438066361536,1.2561058562760126,64,968.0116399315018,chop,4
BTC,1,SWEEP_V2,2023-05-30 14:45:00+00:00,2023-05-30 15:00:00+00:00,27687.73644,27612.28695,0.027969397701519058,774.4093119452015,27629.868673821114,27824.514796422824,SL_GAP,-2.1102767921867587,0.7733541735491081,0.0,-2.496426309763266,1.6185265663557789,-1.542406755413436,1,965.128008965766,chop,4
ETH,1,SWEEP_V2,2023-05-30 16:30:00+00:00,2023-05-31 02:00:00+00:00,1901.4801955810547,1888.3373425760446,0.4058909306567345,771.7935662097437,1889.2819835678285,1930.3123330668618,SL,-5.3345648376881725,0.7691262837908996,0.0,-5.7177943383742,4.951143626396505,-1.1548431574253626,38,958.6382666407005,chop,4
BTC,1,SWEEP_V2,2023-05-30 16:30:00+00:00,2023-05-31 04:45:00+00:00,27698.138519999997,27522.268082820905,0.027875606391927776,772.1024071726129,27536.03610087134,28081.289692485912,SL,-4.902495082780624,0.7696511596312225,0.0,-5.2860950388255405,4.518703230809719,-1.1698256709543438,49,953.3521716018749,chop,4
SUI,-1,SWEEP_V2,2023-05-31 22:30:00+00:00,2023-05-31 23:00:00+00:00,0.9743051,0.9781262403209923,782.7955917314812,762.6817372815,0.9776374216101872,0.9664287034668304,SL,-2.991171798660137,0.7641773231808301,0.0,-3.374008253200217,2.608526666686052,-1.2934536174348008,2,949.5968224800339,chop,4
SUI,-1,SWEEP_V2,2023-05-31 23:15:00+00:00,2023-05-31 23:30:00+00:00,0.97440508,0.979492653944107,779.6320786669412,759.6774579840271,0.9790031523679231,0.9635369089485455,SL,-3.9664358494158862,0.761660675908735,0.0,-4.348257796332608,3.5848047180649028,-1.2129692237963303,1,944.8687259547092,chop,4
ETH,-1,SWEEP_V2,2023-05-31 23:45:00+00:00,2023-06-01 00:00:00+00:00,1874.884957763672,1880.3703556668486,0.40316872650436375,755.8949807637674,1879.4306403466753,1864.1406171129368,SL,-2.2115408869934132,0.7570007512072642,0.0,-2.5905941478187935,1.832677058082518,-1.4135573621079014,1,941.9001843165086,chop,4
SUI,-1,SWEEP_V2,2023-06-01 00:15:00+00:00,2023-06-01 00:30:00+00:00,0.97850426,0.9711739854889634,770.0734460299711,753.5201474532068,0.9816055299854386,0.9711739854889634,TP,5.6448497530596375,0.7506977225766771,0.0,5.270912104209564,2.388205664756007,2.2070595434870435,1,946.7943363469915,chop,4
SUI,-1,SWEEP_V2,2023-06-01 13:45:00+00:00,2023-06-01 23:30:00+00:00,0.97020592,0.9461265099555114,697.0304250000462,676.2630447551609,0.9803933627111299,0.9461265099555114,TP,16.78408141706031,0.6678710040466307,0.0,16.45434193539126,7.100957522602436,2.317200445576091,39,962.9105467600052,chop,4
SUI,-1,SWEEP_V2,2023-06-02 12:00:00+00:00,2023-06-02 17:00:00+00:00,0.95440908,0.9299309185669073,697.3472219733324,665.5545205641239,0.9647652252216931,0.9299309185669073,TP,17.069777874381938,0.657019631626933,0.0,16.74553550303707,7.221829100700039,2.318738822193101,20,979.3233050027602,chop,4
ETH,1,SWEEP_V2,2023-06-03 15:30:00+00:00,2023-06-03 17:00:00+00:00,1902.5803911621094,1893.2591768730492,0.4117874060100378,783.4586440022082,1894.2062800130557,1922.3737447871456,SL,-3.838358652955802,0.7815394646757303,0.0,-4.228168795630428,3.4483535077085854,-1.2261413414194957,6,974.7034068851287,chop,4
BTC,1,SWEEP_V2,2023-06-03 17:45:00+00:00,2023-06-03 19:45:00+00:00,27179.534819999997,27090.210024050808,0.02868933301000856,779.762725508103,27103.76190500331,27358.634437264893,SL,-2.562668817037351,0.7784813910995844,0.0,-2.951268845382884,2.17387439147903,-1.3576078070338466,8,970.9725312667829,chop,4
SOL,1,SWEEP_V2,2023-06-03 18:15:00+00:00,2023-06-03 19:45:00+00:00,21.10322073097229,21.0349343176105,36.93515934626667,779.4508204178998,21.045457046133563,21.23975307695473,SL,-2.522169558702738,0.7781897356385484,0.0,-2.910633884132337,2.1335109039458633,-1.3642460784940018,6,968.0618973826505,chop,4
LINK,1,SWEEP_V2,2023-06-04 23:45:00+00:00,2023-06-05 00:00:00+00:00,6.477295032119751,6.445775381803513,119.56372437348668,774.4495179061205,6.454947364317436,6.530116792379768,SL_GAP,-3.768606782759421,0.7725652145147408,0.0,-4.153947238321101,2.6719703935061947,-1.5546381982437452,1,963.5207253853764,chop,4
ETH,-1,SWEEP_V2,2023-06-06 05:00:00+00:00,2023-06-06 06:30:00+00:00,1817.506421118164,1812.4523861670905,0.4241066613861426,770.8165803083011,1819.6446666743875,1812.4523861670905,TP,2.143449889628709,0.7697448553634868,0.0,1.7591133244193726,0.9068441840736658,1.9398187200332468,6,964.8944304196416,chop,4
ETH,-1,SWEEP_V2,2023-06-06 10:00:00+00:00,2023-06-06 10:45:00+00:00,1816.5865611816407,1822.1957402639207,0.4247564055610263,771.606778117979,1821.2850977150633,1805.480929375369,SL,-2.38253474513734,0.7727980454905478,0.0,-2.769529401568898,1.9957334893337533,-1.3877250726966883,3,961.3531398568458,chop,4
XRP,-1,SWEEP_V2,2023-06-06 06:30:00+00:00,2023-06-06 12:00:00+00:00,0.5106778208494187,0.5022875869725726,1511.550948211876,771.9155443357133,0.5142275351819305,0.5022875869725726,TP,12.682265972266157,0.7655744113495803,0.0,12.302649333084434,5.365574065189548,2.292885939810398,22,973.2712479339875,chop,4
ETH,-1,SWEEP_V2,2023-06-06 11:00:00+00:00,2023-06-06 12:00:00+00:00,1818.0063211181641,1805.55444095318,0.42303621442441014,769.0825118854767,1823.2744242648882,1805.55444095318,TP,5.267596247461329,0.7664487137617461,0.0,4.885688789642321,2.228598412387493,2.192269707492205,4,978.1569367236299,chop,4
ETH,-1,SWEEP_V2,2023-06-06 14:45:00+00:00,2023-06-06 15:45:00+00:00,1835.5528599365234,1845.6168782389404,0.4261454716080487,782.2125391591524,1844.6945309734538,1813.9452738492334,SL,-4.288735825755537,0.7843569070720302,0.0,-4.68198646324799,3.8956817153183225,-1.201840089973936,4,972.5427385006107,chop,4
XRP,-1,SWEEP_V2,2023-06-06 14:15:00+00:00,2023-06-06 16:45:00+00:00,0.5103379039525986,0.5151688697542658,1533.3478922850827,782.525549378904,0.5149114140472422,0.49952778918344104,SL,-7.407551229687712,0.7862293249937479,0.0,-7.802517779992008,7.012782063966273,-1.11261375425933,10,964.7402207206186,chop,4
SOL,-1,SWEEP_V2,2023-06-06 15:00:00+00:00,2023-06-06 19:30:00+00:00,19.949008515167236,20.44717998485365,15.022572714645628,299.68543100418464,20.436961504101603,18.795665086776914,SL,-7.483817127726053,0.3034273395680477,0.0,-7.637401751792009,7.330309257595205,-1.0418935250076404,18,957.1028189688266,chop,4
BTC,1,SWEEP_V2,2023-06-07 09:45:00+00:00,2023-06-07 10:00:00+00:00,26734.3458,26474.756,0.02864039617438708,765.6822551750613,26615.985150981127,27014.107334044606,SL_GAP,-7.434754714829848,0.7619648778176464,0.0,-7.813878465059964,3.3898958793580793,-2.3050496956678277,1,948.5234113850426,chop,4
ETH,1,SWEEP_V2,2023-06-07 09:45:00+00:00,2023-06-07 10:00:00+00:00,1867.9935191162108,1851.2738511962891,0.40973160476226256,765.3759822729912,1861.3489380248297,1883.6988926049296,SL_GAP,-6.8505763679216285,0.7619506940890304,0.0,-7.2298390708741636,2.7224948735445405,-2.655593272600475,1,941.2935723141684,chop,4
XRP,1,SWEEP_V2,2023-06-07 10:15:00+00:00,2023-06-07 15:45:00+00:00,0.5241348357796669,0.5169460381504724,1018.6872775763794,533.9294889433315,0.5172046404707077,0.540515297419025,SL,-7.323136685931731,0.5302679206003658,0.0,-7.5864398620604305,7.059701792356263,-1.0746119432798822,22,933.4401677076363,chop,4
ETH,-1,SWEEP_V2,2023-06-08 11:15:00+00:00,2023-06-08 12:30:00+00:00,1844.4310888183595,1850.7994281277558,0.40486854656332977,746.752134166109,1849.8744908823148,1831.5648657581014,SL,-2.5783402802174127,0.7480413043062177,0.0,-2.953005517440576,2.2038622819934193,-1.3399228897231943,5,930.1137861231126,chop,4
ETH,-1,SWEEP_V2,2023-06-08 12:45:00+00:00,2023-06-08 14:30:00+00:00,1847.9602900634766,1859.459318244442,0.402655312941238,744.0910288984901,1858.5300532178333,1822.9772135168153,SL,-4.6301447907267885,0.7464061012938535,0.0,-5.004505377571397,4.255971290632256,-1.1758785564617709,7,924.737235231092,chop,4
LINK,-1,SWEEP_V2,2023-06-08 14:45:00+00:00,2023-06-08 15:45:00+00:00,5.999799727535248,6.033361019019249,123.30241371052954,739.7897881848736,6.030345846096201,5.927599810936634,SL,-4.138188247219867,0.7418588823084835,0.0,-4.510152235435914,3.7664101480534318,-1.1974670994784955,4,919.8571881015636,chop,4
SOL,-1,SWEEP_V2,2023-06-08 20:45:00+00:00,2023-06-09 02:15:00+00:00,18.993200340652468,18.655883739658847,38.7446948003904,735.8857504812509,19.135911210303615,18.655883739658847,TP,13.069228756602895,0.7293511361029494,0.0,12.70782049574057,5.529289089331978,2.298273845051547,22,932.1970657220635,chop,4
SUI,-1,SWEEP_V2,2023-06-09 10:15:00+00:00,2023-06-09 12:00:00+00:00,0.75424912,0.7606114725614788,988.7418265435308,745.7576525776508,0.7602313568830373,0.7401092873673663,SL,-6.290724092750429,0.748903014624026,0.0,-6.66674828108563,5.914887822550417,-1.1271132236301686,7,925.1574386146891,chop,4
SOL,-1,SWEEP_V2,2023-06-10 17:15:00+00:00,2023-06-10 17:30:00+00:00,15.056988419532777,15.542854969795586,14.513062555146446,218.5230148247948,15.535087426082546,13.926936222233323,SL,-7.051411637417355,0.2220487206435035,0.0,-7.164198850648461,6.938680789610168,-1.0325015760021672,1,917.6995832556652,chop,4
SUI,-1,SWEEP_V2,2023-06-10 17:15:00+00:00,2023-06-10 17:30:00+00:00,0.609878,0.6231114,604.6947125919198,368.7900019261349,0.6213513289109915,0.5827592225740201,SL_GAP,-8.002167009613881,0.37279108543094186,0.0,-8.190563094081755,6.937861328304575,-1.1805602197130258,1,909.5090201615834,chop,4
BTC,-1,SWEEP_V2,2023-06-10 18:00:00+00:00,2023-06-10 18:15:00+00:00,26014.696020000003,25616.457651793975,0.02796908391971542,727.6072161292668,26183.181483471784,25616.457651793975,TP,11.13836234040493,0.7220380349590644,0.0,10.7801279135105,4.712384067094397,2.2876165779410687,1,919.3942837603979,chop,4
SUI,-1,SWEEP_V2,2023-06-10 18:00:00+00:00,2023-06-11 00:45:00+00:00,0.6275744600000001,0.5973767196722221,533.4908626139602,334.8052400198903,0.6403504270617523,0.5973767196722221,TP,16.110218536458657,0.3267501307516609,0.0,15.95087102571694,6.815861688501731,2.3402574398811304,27,935.3451547861149,chop,4
SUI,-1,SWEEP_V2,2023-06-11 06:45:00+00:00,2023-06-11 09:00:00+00:00,0.6184762800000001,0.603651330037892,1118.460345256281,691.7411936616204,0.6247483742147382,0.603651330037892,TP,16.581118653026568,0.6834506343351072,0.0,16.243538615522272,7.01508866089586,2.3155143720518416,9,951.2428228048065,chop,4
ETH,-1,SWEEP_V2,2023-06-10 18:00:00+00:00,2023-06-11 10:00:00+00:00,1760.027928881836,1747.5393793945311,0.41324126811151607,727.3161732428151,1775.8859081531125,1722.5454324224554,TIME,5.160784027007304,0.7247357812293116,0.0,4.799706332399401,6.553171463748421,0.7324249577400748,64,956.0425291372059,chop,4
XRP,-1,SWEEP_V2,2023-06-11 11:45:00+00:00,2023-06-11 13:15:00+00:00,0.5089582132101059,0.5059915520832434,1502.7442400149052,764.8340233097647,0.5102133390714708,0.5059915520832434,TP,4.458132920468753,0.7626049568495303,0.0,4.077944975274105,1.8861331586598378,2.162066318886851,6,959.7380571008251,chop,4
BTC,-1,SWEEP_V2,2023-06-11 16:30:00+00:00,2023-06-11 16:45:00+00:00,25828.233320000003,25957.47225,0.029726789136836712,767.7904456806601,25913.363711466794,25627.016031078496,SL_GAP,-3.841858420380278,0.7697113748908503,0.0,-4.227674572430798,2.530653196269674,-1.6705863050150964,1,955.126487305554,chop,4
BTC,-1,SWEEP_V2,2023-06-11 17:00:00+00:00,2023-06-11 17:15:00+00:00,25868.22532,25988.595451159832,0.029538214562159347,764.1011898444432,25975.607647336165,25614.412546296342,SL,-3.5555187610743397,0.7658789492249805,0.0,-3.9393471153770987,3.171882225039616,-1.2419588231488947,1,950.8050895952546,chop,4
ETH,-1,SWEEP_V2,2023-06-11 17:45:00+00:00,2023-06-11 19:15:00+00:00,1755.6087689453125,1766.8860844110764,0.433265135792847,760.6440716762037,1766.0030828696417,1731.0403905787161,SL,-4.8860676166529595,0.7630871054845303,0.0,-5.268832686299388,4.503493833897994,-1.1699433552324763,6,944.822493708819,chop,4
SOL,-1,SWEEP_V2,2023-06-11 18:30:00+00:00,2023-06-11 19:15:00+00:00,15.696859809303284,15.87257305250925,42.48507897109178,666.8823285964066,15.86464073214318,15.300286718954439,SL,-7.465191013872105,0.6706149241033428,0.0,-7.802364773677245,7.128185756695624,-1.0945793277550817,3,937.0201289351418,chop,4
ETH,-1,SWEEP_V2,2023-06-11 19:30:00+00:00,2023-06-11 20:00:00+00:00,1763.7471555908203,1770.307337596592,0.4250133590701706,749.6161031481134,1769.4226262834504,1750.3324066809673,SL,-2.788164990384771,0.7510101856433058,0.0,-3.1643671244540204,2.4121508633790447,-1.311844616559861,2,933.4809537591137,chop,4
LINK,-1,SWEEP_V2,2023-06-12 18:00:00+00:00,2023-06-13 02:30:00+00:00,5.163966961860657,5.205475156897323,144.61455089135833,746.7847630072911,5.202873720037305,5.072005533443127,SL,-6.002688983538399,0.7497861074990604,0.0,-6.379082709533814,5.626483360354572,-1.1337601661603092,34,926.3552356435252,chop,4
ETH,-1,SWEEP_V2,2023-06-13 00:30:00+00:00,2023-06-13 02:30:00+00:00,1743.7711711181641,1752.390755730484,0.42808716044056194,746.4860491020881,1751.5149982313685,1725.467579759681,SL,-3.6899335008651626,0.7483310158525207,0.0,-4.06502149216664,3.315032959834289,-1.2262386351566896,8,922.2902141513586,chop,4
SOL,-1,SWEEP_V2,2023-06-13 02:45:00+00:00,2023-06-13 03:15:00+00:00,15.33393249320984,15.47718934142381,48.11760920741063,737.8321713210869,15.469454614116751,15.013607480157141,SL,-6.893177038645118,0.7412787598404094,0.0,-7.2655397128249835,6.521000452758201,-1.1141756185206004,2,914.655758352873,chop,4
SOL,-1,SWEEP_V2,2023-06-13 03:30:00+00:00,2023-06-13 08:15:00+00:00,15.373924455070496,15.563189838485732,37.79825874598596,581.1075744939958,15.555412132419523,14.944953581336431,SL,-7.153901933987339,0.5846845254609896,0.0,-7.448032672201331,6.8599181876465485,-1.0857319968646082,19,906.9171718934248,chop,4
ETH,-1,SWEEP_V2,2023-06-13 12:45:00+00:00,2023-06-14 04:45:00+00:00,1745.270871118164,1742.9585073486328,0.40420824551597606,705.4528767648122,1762.098530782845,1705.496402819827,TIME,0.9346765022769162,0.7049855385136738,0.0,0.5824174021456485,6.801878789200686,0.08562596014947373,64,907.146862857188,chop,4
BTC,-1,SWEEP_V2,2023-06-14 18:15:00+00:00,2023-06-14 20:00:00+00:00,25872.724420000002,25403.72241488031,0.028049519583054038,725.7174902857505,26071.14834524295,25403.72241488031,TP,13.155280927096399,0.7191398498222024,0.0,12.798999822417072,5.565695776848492,2.299622605255717,7,919.3275305849776,chop,4
LINK,1,SWEEP_V2,2023-06-14 18:15:00+00:00,2023-06-14 20:00:00+00:00,5.40508060541153,5.33047051550303,94.53081947708488,510.94669896924995,5.333137084045052,5.575128928641387,SL,-7.052952940309489,0.5074202224990951,0.0,-7.304899813323959,6.800880030840338,-1.0741109650806975,7,912.0226307716537,chop,4
ETH,-1,SWEEP_V2,2023-06-15 18:00:00+00:00,2023-06-15 18:30:00+00:00,1649.8599034179688,1653.7066572898977,0.4422303391371555,729.618104617323,1652.8802171813072,1642.7209799773507,SL,-1.7011512693603135,0.7304686802520031,0.0,-2.066810897303655,1.3356743798617747,-1.5473912867277906,2,909.2263476933535,chop,4
BTC,-1,SWEEP_V2,2023-06-15 18:15:00+00:00,2023-06-15 18:30:00+00:00,25121.07478,25202.43793684481,0.02903244641252869,729.326257375476,25189.84301533714,24958.531678294028,SL,-2.362171491051139,0.7305073431210016,0.0,-2.7280157054844025,1.996510107309736,-1.3663921337019216,1,906.4983319878692,chop,4
ETH,-1,SWEEP_V2,2023-06-15 18:45:00+00:00,2023-06-15 19:00:00+00:00,1653.8691111816406,1670.0946397705077,0.4384861296987174,725.1986655902954,1658.636059193716,1642.6017795167354,SL_GAP,-7.114669233248211,0.7287560002069196,0.0,-7.480825900659983,2.090240584289901,-3.578930557987122,1,898.654906754414,chop,4
XRP,-1,SWEEP_V2,2023-06-15 19:15:00+00:00,2023-06-15 20:15:00+00:00,0.4822335284411907,0.47713895829588054,1490.8211125996093,718.9239254035313,0.4843889235026681,0.47713895829588054,TP,7.595092732248066,0.7151263790374072,0.0,7.239428315912424,3.2133084636434157,2.252951559995577,4,905.5348731076247,chop,4
ETH,-1,SWEEP_V2,2023-06-16 15:00:00+00:00,2023-06-16 15:45:00+00:00,1671.0657444091796,1679.7992082980409,0.43333910095962797,724.1381273267053,1678.959728433824,1652.4072367145657,SL,-3.784551389862511,0.7260304030216366,0.0,-4.148512729220795,3.4207719402290686,-1.212741685709394,3,900.6620773654975,chop,4
BTC,1,SWEEP_V2,2023-06-16 15:00:00+00:00,2023-06-16 17:15:00+00:00,25619.52288,26175.50436617707,0.028276400847871676,724.4278984860998,25384.29994354047,26175.50436617707,TP,15.721155367138207,0.7322884761696689,0.0,15.351080840211589,6.651258039943108,2.307996584709694,9,916.013158205709,chop,4
ETH,1,SWEEP_V2,2023-06-17 15:30:00+00:00,2023-06-18 00:15:00+00:00,1733.7966411621094,1719.366039576697,0.4226623291145537,732.8105265645672,1720.2261526530233,1765.8723412744946,SL,-6.09927167661459,0.72976089072626,0.0,-6.462627304058566,5.735734280472614,-1.1267305959518852,35,909.1841256383682,chop,4
BTC,1,SWEEP_V2,2023-06-18 20:30:00+00:00,2023-06-18 23:00:00+00:00,26469.392819999997,26326.14662906849,0.02747880563248578,727.3473005106946,26339.316287212096,26776.846442953218,SL,-3.936234238200804,0.7253791833915942,0.0,-4.2979397713370515,3.574347761826414,-1.2024402933700267,10,904.1589840359806,chop,4
ETH,1,SWEEP_V2,2023-06-18 20:30:00+00:00,2023-06-18 23:00:00+00:00,1727.7455044189453,1719.4232327266957,0.4208121854352648,727.0563615904903,1720.2833744139025,1745.3832662490465,SL,-3.5021133386015997,0.7253053049211895,0.0,-3.863890462727544,3.1401552354241278,-1.2304775315369605,10,900.295093573253,chop,4
XRP,1,SWEEP_V2,2023-06-18 23:15:00+00:00,2023-06-19 00:45:00+00:00,0.4896679058253765,0.4820908266292482,920.0643645413301,450.5259906095089,0.4823319926255609,0.5070073370249406,SL,-6.971400555665137,0.44704029033167636,0.0,-7.193177850692059,6.749512316518677,-1.0657329764533594,6,892.5165346898268,chop,4
XRP,1,SWEEP_V2,2023-06-19 01:00:00+00:00,2023-06-19 06:15:00+00:00,0.48443688007593155,0.49430614277099344,1473.9035303008839,714.0132277518615,0.4802614227818669,0.49430614277099344,TP,14.54634112771853,0.7212863983157207,0.0,14.182061343278741,6.154221246342471,2.304444506558375,21,906.3415894192296,chop,4
BTC,1,SWEEP_V2,2023-06-18 23:15:00+00:00,2023-06-19 15:15:00+00:00,26421.58326,26405.51784,0.027259383655065736,720.2360748586025,26237.34812968728,26857.048113466422,TIME,-0.43793344735973877,0.7200171081349226,0.0,-0.79783251806536,5.02213609993541,-0.15886318136133767,64,905.1812202653966,chop,4
XRP,1,SWEEP_V2,2023-06-19 14:30:00+00:00,2023-06-19 18:00:00+00:00,0.48821761363148686,0.495084693548093,1485.143614836229,725.0732715353838,0.4853123105898458,0.495084693548093,TP,10.198599890717688,0.7301725714807427,0.0,9.830963955004638,4.31479226145748,2.2784327400466475,14,914.6501117322952,chop,4
BTC,1,SWEEP_V2,2023-06-19 16:45:00+00:00,2023-06-19 18:00:00+00:00,26468.2926,26852.937197499872,0.02735896066874814,724.1449762123174,26305.558347211594,26852.937197499872,TP,10.523476414445442,0.7294067144195402,0.0,10.15614218813206,4.452240021496133,2.281130877737177,5,924.8062539204273,chop,4
LINK,-1,SWEEP_V2,2023-06-19 18:30:00+00:00,2023-06-20 10:30:00+00:00,5.148970095348358,5.065012929725647,127.15734640086706,654.7293740219167,5.203517057051515,5.020040913140895,TIME,10.675770391922022,0.6493914888259557,0.0,10.353743590107024,6.936046904403204,1.4927441715444811,64,934.8326328235233,chop,4
SOL,1,SWEEP_V2,2023-06-20 11:15:00+00:00,2023-06-20 13:15:00+00:00,15.841167897605896,16.023402726782084,47.21028847701596,747.8661062588187,15.764068546800585,16.023402726782084,TP,8.603358855967578,0.7521677856868025,0.0,8.225124123410184,3.6398825929093666,2.2597223711097296,8,942.6838238938041,chop,4
BTC,1,SWEEP_V2,2023-06-20 14:45:00+00:00,2023-06-20 15:45:00+00:00,26749.14876,27008.553764525936,0.028193310593972086,754.1470591150432,26639.40048885441,27008.553764525936,TP,7.313485862230435,0.7578038020461585,0.0,6.932755589741798,3.0941670955590457,2.240588622279692,4,949.2395059539883,chop,4
LINK,-1,SWEEP_V2,2023-06-20 17:15:00+00:00,2023-06-20 17:45:00+00:00,5.114976975440979,5.151155344586145,148.4643251395518,759.3916047631907,5.1485810540591155,5.035549153252656,SL,-5.371197159786592,0.762077203343084,0.0,-5.753578560748081,4.989006853978065,-1.1532512841028415,2,943.1062315908587,chop,4
XRP,1,SWEEP_V2,2023-06-21 13:15:00+00:00,2023-06-21 16:15:00+00:00,0.49289855732917787,0.5006805570031948,1530.7104759262077,754.484985272687,0.48960617285170915,0.5006805570031948,TP,11.911988424672058,0.7604409794850231,0.0,11.52878993782338,5.039687410438192,2.287600201938114,12,954.2577790360457,chop,4
BTC,1,SWEEP_V2,2023-06-22 11:15:00+00:00,2023-06-22 14:30:00+00:00,29987.896380000002,29794.66775536844,0.025457144894564174,763.4062232288366,29809.572541639256,30409.389088852673,SL,-4.9190490950230625,0.760946698681325,0.0,-5.298292682089969,4.539615791304349,-1.1671235905555861,13,948.1962328119715,chop,4
ETH,1,SWEEP_V2,2023-06-22 11:15:00+00:00,2023-06-22 14:30:00+00:00,1891.388211767578,1879.156383686145,0.4034607258265593,763.100860739545,1880.0964319020961,1918.077873267808,SL,-4.9350622359206175,0.7606333296215848,0.0,-5.31414513517243,4.555789700401049,-1.166459710531551,13,942.8820876767991,chop,4
ETH,1,SWEEP_V2,2023-06-23 02:15:00+00:00,2023-06-23 08:30:00+00:00,1869.0237544189454,1887.9040951705902,0.4035827090790202,754.3056701414394,1861.0359179470956,1887.9040951705902,TP,7.619779068883825,0.7581155596758813,0.0,7.238816344278663,3.2237526829893177,2.245462681574649,25,949.743751186007,chop,4
ETH,1,SWEEP_V2,2023-06-23 14:00:00+00:00,2023-06-23 15:15:00+00:00,1872.9444602783203,1903.2851021803097,0.40566873020671407,759.7950009488056,1860.108034858248,1903.2851021803097,TP,12.308249674036633,0.765949125785824,0.0,11.922198048725212,5.207336400553946,2.289500261104113,5,961.2860517342579,chop,4
SUI,-1,SWEEP_V2,2023-06-23 15:30:00+00:00,2023-06-23 15:45:00+00:00,0.8058388000000001,0.8200436519902043,522.6261006245177,421.1523897759406,0.8196338350726681,0.7732323534646031,SL,-7.423826405588877,0.42486430297873506,0.0,-7.638114513679642,7.209645388006933,-1.0594299861662344,1,953.4373610256903,chop,4
XRP,-1,SWEEP_V2,2023-06-24 12:45:00+00:00,2023-06-24 15:15:00+00:00,0.49318133753538135,0.4887043734605945,1546.5911435990456,762.7498888205523,0.4950754377208681,0.4887043734605945,TP,6.92403298827647,0.759287872326414,0.0,6.546120060360332,2.929398571963112,2.2346293614711175,10,959.6021061416403,chop,4
SOL,1,SWEEP_V2,2023-06-24 15:15:00+00:00,2023-06-24 15:30:00+00:00,17.040408056259157,16.93252948474884,45.05066324578613,767.6816849133123,16.981141690048478,17.180492194575308,SL_GAP,-4.860001196547699,0.7652516843150385,0.0,-5.2414120384060805,2.6699891059587246,-1.963083679520866,1,953.9768532607776,chop,4
BTC,1,SWEEP_V2,2023-06-24 15:30:00+00:00,2023-06-24 15:45:00+00:00,30572.1132,30424.780000000002,0.02496332123383025,763.1814826086221,30513.805561730445,30709.931254091673,SL_GAP,-3.6779260000080916,0.7613425196086181,0.0,-4.0576777783123985,1.4555523045088619,-2.7877237841216265,1,949.5375847411609,chop,4
SUI,-1,SWEEP_V2,2023-06-25 04:00:00+00:00,2023-06-25 04:15:00+00:00,0.7684462799999999,0.7723728865792251,988.1318128910868,759.3262157658116,0.7719868931326588,0.760077558050079,SL,-3.8800048776398333,0.7612662182046316,0.0,-4.261607987961559,3.498592473520184,-1.2180921385432615,1,944.5164986114199,chop,4
BTC,1,SWEEP_V2,2023-06-24 16:15:00+00:00,2023-06-25 04:30:00+00:00,30459.29064,31019.812925423856,0.024939191026181064,759.6300677929288,30222.14659616683,31019.812925423856,TP,13.97897235061714,0.7666195539682374,0.0,13.592167830545366,5.914180609876485,2.2982334708965255,49,958.1086664419653,chop,4
XRP,-1,SWEEP_V2,2023-06-25 08:45:00+00:00,2023-06-25 09:30:00+00:00,0.49042189645767215,0.4939980217388639,1562.913358253218,766.4869331535723,0.4937511461657811,0.4825527607839601,SL,-5.5891739727616745,0.7692815201399531,0.0,-5.975212026324842,5.203328841764087,-1.1483441097101723,3,951.7502109490637,chop,4
BTC,1,SWEEP_V2,2023-06-25 13:30:00+00:00,2023-06-25 15:00:00+00:00,30605.419859999998,30492.794535376117,0.02487795208306778,761.400168759251,30508.048559655945,30835.57020626776,SL,-2.8018874293328695,0.7599992250445846,0.0,-3.181186569997829,2.422398544225363,-1.3132383098484366,6,948.1883242946861,chop,4
LINK,1,SWEEP_V2,2023-06-25 15:15:00+00:00,2023-06-25 17:30:00+00:00,6.198239426708222,6.154070967701891,122.33267980979991,758.2472391719747,6.157149542473127,6.295360971263899,SL,-5.403245953313728,0.7555456161953178,0.0,-5.779667949923058,5.0266356515535495,-1.1498084107482056,9,941.6502573954592,chop,4
BTC,1,SWEEP_V2,2023-06-25 15:15:00+00:00,2023-06-25 18:00:00+00:00,30609.32064,30424.505923269688,0.024781688831227482,758.5506594357489,30439.725786162766,31010.181203615288,SL,-4.580020801442096,0.7562606490350279,0.0,-4.9570061207592495,4.202846895171885,-1.1794400901098068,11,936.6932512747,chop,4
BTC,-1,SWEEP_V2,2023-06-26 07:30:00+00:00,2023-06-26 13:45:00+00:00,30413.816020000002,30622.207954489557,0.024630431133177855,749.1054009777515,30606.904502238438,29957.42506198188,SL,-5.132783191154692,0.751671792573329,0.0,-5.509902283239145,4.755852564383633,-1.1585519543861718,25,930.4972962384613,chop,4
SUI,-1,SWEEP_V2,2023-06-26 07:15:00+00:00,2023-06-26 16:45:00+00:00,0.7528494,0.7327834693857626,827.5228817626119,623.0001050212533,0.7613388321829466,0.7327834693857626,TP,16.605016727142388,0.6146975966576821,0.0,16.30181918299533,7.025199384560249,2.320477795807893,38,946.4269165029613,chop,4
XRP,-1,SWEEP_V2,2023-06-26 14:15:00+00:00,2023-06-26 16:45:00+00:00,0.48521292626261714,0.4786502188970737,1534.1673659119922,744.3978369907691,0.4879894563018855,0.4786502188970737,TP,10.068291472246994,0.7393636912546456,0.0,9.701126699487732,4.259661776719868,2.2774406063192267,10,956.128043202449,chop,4
XRP,-1,SWEEP_V2,2023-06-27 05:00:00+00:00,2023-06-27 06:15:00+00:00,0.482413498467207,0.4790513364645195,1585.5742780670864,764.9024345619592,0.4838359516221902,0.4790513364645195,TP,5.330957590155852,0.7622369557668813,0.0,4.95117185166995,2.25540513429671,2.195247220279937,5,960.696763836838,chop,4
SOL,-1,SWEEP_V2,2023-06-27 07:45:00+00:00,2023-06-27 08:00:00+00:00,16.612676021957398,16.751371530532836,46.263311826080795,768.5574110694705,16.664546905923412,16.490072114401364,SL_GAP,-6.416513562102351,0.7717656678505217,0.0,-6.804000524418137,2.3997188796141717,-2.835332330890395,1,953.5084846068852,chop,4
ETH,-1,SWEEP_V2,2023-06-27 08:15:00+00:00,2023-06-27 10:00:00+00:00,1876.3246111816406,1882.7575594427803,0.4065430806267154,762.8067876855082,1881.816651117222,1863.3434258793577,SL,-2.615270603596006,0.7641144229873063,0.0,-2.997981632740558,2.2327508343361533,-1.3427300470058607,7,950.1290995803018,chop,4
SOL,-1,SWEEP_V2,2023-06-27 10:30:00+00:00,2023-06-27 14:00:00+00:00,16.614676430511476,16.802372369067644,39.74350219259545,660.3254291452968,16.793975381376956,16.190878910283978,SL,-7.459693945548309,0.6640552761180709,0.0,-7.793586507093731,7.125968246852263,-1.0936880767797938,14,942.0053503586354,chop,4
XRP,-1,SWEEP_V2,2023-06-27 14:15:00+00:00,2023-06-27 15:30:00+00:00,0.48256346355676655,0.4760272624193974,1561.6687486707285,753.6042802869083,0.4853287794225766,0.4760272624193974,TP,10.20738105125545,0.7485005897612806,0.0,9.835682601637624,4.318507367838854,2.277565316870068,5,951.4642308201295,chop,4
ETH,-1,SWEEP_V2,2023-06-29 08:00:00+00:00,2023-06-29 09:00:00+00:00,1846.510628881836,1853.0937113280781,0.41222150186973733,761.1713846561037,1852.167627514321,1833.139541205053,SL,-2.713688132922218,0.7625282287225648,0.0,-3.095630669316731,2.33193647235804,-1.3274935685475375,4,947.9880144584847,chop,4
LINK,-1,SWEEP_V2,2023-06-29 09:15:00+00:00,2023-06-29 09:30:00+00:00,5.889821594047547,5.912954847335815,128.7628834688716,758.3904115667879,5.902110369307526,5.860775397978504,SL_GAP,-2.97870439741317,0.7598797637654944,0.0,-3.3593889553952705,1.5823381367759084,-2.123053775497183,1,944.249430297306,chop,4
ETH,-1,SWEEP_V2,2023-06-29 09:30:00+00:00,2023-06-29 09:45:00+00:00,1854.3590344726563,1859.216641310559,0.40736423216589546,755.3995442378449,1858.2874975617783,1845.0735762620043,SL,-1.9788152796860456,0.756388951877688,0.0,-2.357504459444811,1.6003153498922587,-1.4731499386064941,1,941.5142260657423,chop,4
SUI,-1,SWEEP_V2,2023-06-29 10:45:00+00:00,2023-06-29 11:15:00+00:00,0.6765646599999999,0.6819468943752066,1113.2880940789812,753.2113808525938,0.6816060913295419,0.664648549584719,SL,-5.991977449460227,0.7562073695773239,0.0,-6.371579128611254,5.612565476295805,-1.1352347078214196,2,934.7660412467046,bear,4
SUI,-1,SWEEP_V2,2023-06-29 11:45:00+00:00,2023-06-29 12:15:00+00:00,0.67946408,0.6907492157637257,640.839831864818,435.4276467853833,0.6904040137568473,0.6536060547565428,SL,-7.231964505397619,0.4390436290380821,0.0,-7.45329431104301,7.010745309350284,-1.0631243872320528,2,927.0950331122689,bear,4
SOL,1,SWEEP_V2,2023-06-30 13:45:00+00:00,2023-06-30 17:15:00+00:00,18.27765496788025,19.529011866596278,13.133636385386396,240.05207432569046,17.74823474150039,19.529011866596278,TP,16.434866496081117,0.248269507573731,0.0,16.30662302567023,6.9532127483420165,2.3451925916632597,14,943.1815882059166,chop,4
LINK,1,SWEEP_V2,2023-06-30 13:45:00+00:00,2023-07-01 05:45:00+00:00,6.050209586334228,6.203758923721313,33.07055513770413,200.0837897195322,5.83998292022251,6.5471089789619255,TIME,5.07796182841754,0.20262277063374098,0.0,4.975380952643565,6.952312553063296,0.7156440270297307,64,948.1569691585602,chop,4
SUI,-1,SWEEP_V2,2023-07-01 14:30:00+00:00,2023-07-01 17:30:00+00:00,0.6803639,0.6858136250520379,1114.8821613357914,758.5255753268482,0.6854708896072343,0.668292833655628,SL,-6.075801244701811,0.7615634759491992,0.0,-6.458101932987586,5.693691611232828,-1.1342556594120214,12,941.3196044379092,chop,4
ETH,1,SWEEP_V2,2023-07-02 02:30:00+00:00,2023-07-02 04:00:00+00:00,1918.6136264648437,1909.8181853262026,0.392499914085295,753.0556835503274,1910.7735721122588,1937.144664025499,SL,-3.4522098912588937,0.7513295786046981,0.0,-3.827011628088428,3.077220659813639,-1.2436584993941247,6,937.1160649680455,chop,4
ETH,1,SWEEP_V2,2023-07-02 04:15:00+00:00,2023-07-02 15:15:00+00:00,1916.3932117675781,1908.3698476347063,0.391199910003313,749.6928519744365,1909.324509889651,1933.1010525699514,SL,-3.138739326703276,0.7481234823110849,0.0,-3.512016383027143,2.765275538485369,-1.270042111228738,44,933.2292021590312,bull,4
LINK,1,SWEEP_V2,2023-07-02 18:00:00+00:00,2023-07-02 19:15:00+00:00,6.37227401304245,6.4343693019255666,117.11434989378611,746.284728382534,6.346002929284208,6.4343693019255666,TP,7.272249389013065,0.7499208530770405,0.0,6.895470900127291,3.076720895351669,2.2411753079536774,5,939.3782390141035,bull,4
ETH,1,SWEEP_V2,2023-07-02 15:30:00+00:00,2023-07-02 22:15:00+00:00,1914.7929161865234,1956.151080645782,0.38990292653375314,746.583361727225,1897.2952312229909,1956.151080645782,TP,16.12566935872921,0.7546461964065896,0.0,15.744314843186231,6.822398574846966,2.3077389382134412,27,955.1225538572897,bull,4
SUI,1,SWEEP_V2,2023-07-03 12:15:00+00:00,2023-07-03 12:30:00+00:00,0.69033804,0.6861134479540398,1106.4034713610704,763.7924038685975,0.6864566762921859,0.6995121724002878,SL,-4.674103304734678,0.7614553522162302,0.0,-5.053662455016609,4.294354279940409,-1.1768154478132011,1,949.304946178796,chop,4
BTC,1,SWEEP_V2,2023-07-03 12:15:00+00:00,2023-07-03 14:30:00+00:00,30620.822940000002,30749.386129318507,0.02495354369094013,764.0980430858318,30566.430821442173,30749.386129318507,TP,3.2081071617059336,0.7657020966666848,0.0,2.824454086582165,1.3572761068755872,2.0809723771561717,9,952.1294002653781,chop,4
LINK,1,SWEEP_V2,2023-07-04 02:00:00+00:00,2023-07-04 04:30:00+00:00,6.591318152618408,6.532862318486425,115.51541302884175,761.3988388042176,6.536130383678264,6.721761970113293,SL,-6.752549823701425,0.7580225638923668,0.0,-7.129872968191684,6.375037923260979,-1.118404792883897,10,944.2379761176782,bull,4
XRP,1,SWEEP_V2,2023-07-04 09:45:00+00:00,2023-07-04 12:45:00+00:00,0.48628722923398016,0.48906020042858606,1553.3831354857189,755.3903808941426,0.48511404911318534,0.48906020042858606,TP,4.307486688888492,0.7575441242385869,0.0,3.9276377550969763,1.8223982145297632,2.1552028112090924,12,947.787918682328,chop,4
ETH,1,SWEEP_V2,2023-07-03 21:30:00+00:00,2023-07-04 13:30:00+00:00,1954.7009206054688,1956.7886177001953,0.3896777825102598,761.7035202123025,1944.6661934958474,1978.4193665009375,TIME,0.8135291744261485,0.7621102847995156,0.0,0.4322706497327841,3.9103102081728447,0.11054638295174272,64,948.2201893320608,bull,4
BTC,1,SWEEP_V2,2023-07-04 17:00:00+00:00,2023-07-04 19:00:00+00:00,30966.39204,30760.236478279137,0.024488965617628644,758.3349099695693,30775.624290424348,31417.297629906083,SL,-5.048536462865096,0.7558106417381367,0.0,-5.425179649618448,4.6717048603105,-1.1612847583136638,8,942.1142903573583,chop,4
XRP,1,SWEEP_V2,2023-07-04 14:00:00+00:00,2023-07-05 06:00:00+00:00,0.48638726583123204,0.4905618797659874,1239.9661392613773,603.10374019865,0.48065190645744565,0.4999435698056362,TIME,5.176379923585373,0.6056919301604428,0.0,4.872239863524255,7.111651419990456,0.6851066757615061,64,946.9865302208825,chop,4
XRP,1,SWEEP_V2,2023-07-05 08:30:00+00:00,2023-07-05 09:30:00+00:00,0.4880275858283043,0.48448315879465487,1552.3491830710523,757.589224176706,0.4847255215554326,0.49583246501872835,SL,-5.502188410140651,0.7548381299716357,0.0,-5.878231928023934,5.12595677644052,-1.1467579974612652,4,940.7295036807702,chop,4
XRP,-1,SWEEP_V2,2023-07-06 00:00:00+00:00,2023-07-06 05:30:00+00:00,0.47743449659347537,0.479700687503112,1576.307552793832,752.5836029446162,0.47946095702459973,0.4726446810289996,SL,-3.572213846932968,0.7543697098680827,0.0,-3.9502917553287427,3.1943248830191835,-1.2366593568262978,22,936.4029201239691,chop,4
BTC,-1,SWEEP_V2,2023-07-06 06:00:00+00:00,2023-07-06 06:15:00+00:00,30575.483679999998,30653.209615022995,0.024500751776796597,749.1223360991753,30637.890669688153,30427.976249827992,SL,-1.904343840617892,0.7500745080194843,0.0,-2.2798571805877885,1.529018163486605,-1.4910595799523094,1,933.7485017753318,chop,4
BTC,-1,SWEEP_V2,2023-07-06 06:30:00+00:00,2023-07-06 06:45:00+00:00,30600.47868,30669.391586038608,0.012166623447976107,372.30450142738096,30654.064553761727,30473.821160199554,SL,-0.8384373784774977,0.3727237201166197,0.0,-1.025008847880427,0.6519591481897187,-1.5721979678121667,1,931.7904912750778,chop,4
ETH,-1,SWEEP_V2,2023-07-06 07:00:00+00:00,2023-07-06 07:30:00+00:00,1923.1453232910158,1928.6953253240058,0.19233189231754236,369.88217923019283,1927.731459594209,1912.3053647561956,SL,-1.0674423933711836,0.37041590042687844,0.0,-1.2529172041829657,0.8820602736193154,-1.4204439783258018,2,930.3526329812797,chop,4
SUI,-1,SWEEP_V2,2023-07-06 06:15:00+00:00,2023-07-06 08:30:00+00:00,0.66846628,0.673488510410627,1117.0346571553277,746.7000018996973,0.6731519344434053,0.6573910967701329,SL,-5.610005424889784,0.7495050046121422,0.0,-5.986160428552077,5.234038404737573,-1.1436982241348712,9,924.3664725527276,chop,4
XRP,-1,SWEEP_V2,2023-07-06 06:15:00+00:00,2023-07-06 09:00:00+00:00,0.4790841721713543,0.4829789967627362,1559.2224598751427,746.9988014202654,0.48273762794876185,0.47044873124293646,SL,-6.072897980156695,0.7500352504103438,0.0,-6.449433829856906,5.696550304294459,-1.1321648164846136,11,917.9170387228706,chop,4
XRP,-1,SWEEP_V2,2023-07-07 05:30:00+00:00,2023-07-07 06:45:00+00:00,0.4694061052441597,0.46629661199505457,1564.3887516041912,734.3336309782966,0.47072166008031957,0.46629661199505457,TP,4.864456262089257,0.731901402847252,0.0,4.499721674731153,2.0580391878069797,2.18641204763744,5,922.0495935821127,chop,4
BTC,-1,SWEEP_V2,2023-07-07 12:45:00+00:00,2023-07-07 13:45:00+00:00,30153.56808,30386.300948595937,0.02446276582952535,737.6396748656903,30371.11539090049,29639.3653451443,SL,-5.693289665296088,0.7404863196983383,0.0,-6.064956147561581,5.321808923401605,-1.1396418463827465,4,915.0633253331159,chop,4
LINK,-1,SWEEP_V2,2023-07-07 12:45:00+00:00,2023-07-07 13:45:00+00:00,6.142771253395081,6.202897251169619,59.84919409228152,367.63990900892964,6.199797352493373,6.007982291890025,SL,-3.598492510800457,0.36943915526432985,0.0,-3.784111711560322,3.4129660732594003,-1.1087457743013764,4,911.2792136215556,chop,4
ETH,-1,SWEEP_V2,2023-07-07 12:45:00+00:00,2023-07-07 14:00:00+00:00,1859.9979211181642,1875.945253135102,0.3964222812423784,737.344618995744,1875.0077492604717,1824.5201455090737,SL,-6.321877737884066,0.740505557864686,0.0,-6.6937109862508795,5.950230313229578,-1.1249498983876753,5,904.5855026353048,chop,4
ETH,-1,SWEEP_V2,2023-07-07 14:00:00+00:00,2023-07-07 17:45:00+00:00,1872.755378881836,1864.5153392355028,0.3864190754802818,723.6684021082439,1876.2415495014384,1864.5153392355028,TP,3.1841085020569113,0.7220763478572154,0.0,2.8238663552538177,1.3471228277933154,2.096220401727966,15,906.5055070115918,chop,4
BTC,-1,SWEEP_V2,2023-07-07 14:15:00+00:00,2023-07-08 06:15:00+00:00,30308.937,30207.84036,0.023866852695869887,723.3789347474006,30462.918305462288,29944.981187089143,TIME,2.4128586149274684,0.7221725054399369,0.0,2.0523755768612317,3.6750491353861348,0.5584620779894933,64,908.557882588453,chop,4
LINK,-1,SWEEP_V2,2023-07-07 14:15:00+00:00,2023-07-08 06:15:00+00:00,6.186762602138519,6.12222401304245,58.2981187856534,360.6766210781095,6.232362433108299,6.078981183482677,TIME,3.762478333381133,0.35879538191141896,0.0,3.584021262008769,2.6583843624819146,1.348195284545935,64,912.1419038504617,chop,4
LINK,-1,SWEEP_V2,2023-07-08 09:30:00+00:00,2023-07-09 01:00:00+00:00,6.185762397861481,6.230824907052383,117.96662660897601,729.7135230803694,6.22771105152662,6.086611034652972,SL,-5.315872195786639,0.7323714591782629,0.0,-5.683386893424717,4.948541163664653,-1.1484974471175,62,905.7289493766613,chop,4
ETH,-1,SWEEP_V2,2023-07-09 00:45:00+00:00,2023-07-09 01:00:00+00:00,1866.2066400634767,1872.4953432966363,0.39085791573773787,729.4216376711373,1871.5595635148788,1853.5542755419808,SL,-2.4579894384059324,0.7306506323903403,0.0,-2.823929251960704,2.092232503318702,-1.3497205723940258,1,902.9050201247005,chop,4
SOL,1,SWEEP_V2,2023-07-09 07:45:00+00:00,2023-07-09 10:00:00+00:00,21.5043,21.824888324431903,33.58974791552203,722.3240160997605,21.368666478124965,21.824888324431903,TP,10.7684810023272,0.7277082566009241,0.0,10.401934753776155,4.555895808676901,2.2831810011908567,9,912.9457928704268,bull,4
SOL,1,SWEEP_V2,2023-07-09 15:15:00+00:00,2023-07-09 15:45:00+00:00,21.466292293167115,21.245988695231187,32.655700464319196,700.9968112051889,21.25661700373305,21.961888431829447,SL,-7.194168305407467,0.6973997270524852,0.0,-7.541069626857357,6.8470934465282,-1.101353396992272,2,905.0542248379668,chop,4
LINK,-1,SWEEP_V2,2023-07-10 15:15:00+00:00,2023-07-10 15:30:00+00:00,6.134772956371307,6.1625861818313155,118.02284860736592,724.0433798703734,6.159506428617007,6.076312021972381,SL,-3.282596097749069,0.7256846779192481,0.0,-3.6462590857331305,2.919114850388711,-1.2490975081873166,1,901.0459440622984,chop,4
BTC,1,SWEEP_V2,2023-07-11 13:45:00+00:00,2023-07-11 15:15:00+00:00,30382.97538,30637.827073664495,0.02372502186617112,720.8367552498388,30275.153509603482,30637.827073664495,TP,6.0463620048209,0.7238599362522493,0.0,5.68292044619357,2.5580762328088493,2.2215602386303956,6,906.368446130867,chop,4
ETH,1,SWEEP_V2,2023-07-12 13:45:00+00:00,2023-07-12 15:00:00+00:00,1883.7967279541015,1900.3248311580023,0.3847573935374155,724.8047190019319,1876.8040689062973,1900.3248311580023,TP,6.3593099088503,0.727984373956357,0.0,5.993727894394908,2.6904772691289627,2.227756377341693,5,911.6372242873088,chop,4
BTC,1,SWEEP_V2,2023-07-12 13:45:00+00:00,2023-07-12 16:00:00+00:00,30594.41766,30434.234750080188,0.023700230707535345,725.0947569046937,30449.459479820096,30937.04608587977,SL,-3.7963719205038777,0.7231965709444417,0.0,-4.157021112995973,3.435542313208182,-1.2100043410945676,9,907.4802031743128,chop,4
LINK,1,SWEEP_V2,2023-07-12 16:15:00+00:00,2023-07-12 18:15:00+00:00,6.22224439458847,6.303395342348935,116.6756103586744,725.9841625394503,6.1879113013051965,6.303395342348935,TP,9.468336361137135,0.7307183307200189,0.0,9.10061011168684,4.005834614327266,2.2718387022613475,8,916.21782120473,chop,4
SOL,1,SWEEP_V2,2023-07-12 19:30:00+00:00,2023-07-12 19:45:00+00:00,22.04540856628418,21.885624809723666,33.24838615532762,732.974256963784,21.8965730962718,22.39720149540435,SL,-5.312552039472855,0.7303179809440475,0.0,-5.6763828919350106,4.948539180581271,-1.147082539875585,1,910.174951184313,chop,4
ETH,1,SWEEP_V2,2023-07-14 10:45:00+00:00,2023-07-14 12:00:00+00:00,1987.4474588378905,1995.3845536987897,0.36636941404891876,728.1399609474505,1984.0894571659717,1995.3845536987897,TP,2.9079087934383065,0.7295939153441697,0.0,2.5423848585678623,1.2302691049161905,2.0665274356711225,5,912.3532660624072,bull,4
LINK,1,SWEEP_V2,2023-07-14 13:00:00+00:00,2023-07-14 13:45:00+00:00,7.033406464862823,7.118723692254656,103.77370005505024,729.8826128499259,6.997310714812432,7.118723692254656,TP,8.853684364888618,0.7343094550323701,0.0,8.484316216281211,3.7457895389913527,2.2650274736379945,3,920.4726409722634,bull,4
ETH,1,SWEEP_V2,2023-07-14 16:45:00+00:00,2023-07-14 17:00:00+00:00,1993.14855,1979.5191386490626,0.29250871144274765,583.0133140744808,1980.5093933457354,2023.022920273716,SL,-3.986721551985825,0.5810199532984879,0.0,-4.276234848247072,3.6970634266619458,-1.1566571504855292,1,915.2765618206904,bull,4
BTC,1,SWEEP_V2,2023-07-14 13:45:00+00:00,2023-07-14 17:15:00+00:00,31214.241599999998,31030.117222815923,0.023591094161897266,736.3781127778108,31045.64004283734,31612.754371475366,SL,-4.343695519650192,0.7342062650179857,0.0,-4.709712728279272,3.9774952108667176,-1.1840901066108387,14,910.5668490924111,chop,4
SOL,1,SWEEP_V2,2023-07-14 16:30:00+00:00,2023-07-14 17:15:00+00:00,27.36747191162109,26.990990577662476,19.011517815013203,520.2971797996578,27.00449282407451,28.22542248218574,SL,-7.1574815875741535,0.5167184390058708,0.0,-7.414051436680196,6.900783389369058,-1.0743782290140924,3,903.1527976557309,bull,4
XRP,1,SWEEP_V2,2023-07-14 17:30:00+00:00,2023-07-14 17:45:00+00:00,0.7306160956978798,0.7074760783302101,297.1671665261134,217.11511497691066,0.7078299933268735,0.784474155847531,SL,-6.876453394515454,0.21367688827965292,0.0,-6.981572725306651,6.771281477765901,-1.0310563440954656,1,895.6353650999006,bull,4
SOL,1,SWEEP_V2,2023-07-14 17:30:00+00:00,2023-07-14 18:15:00+00:00,27.310461305236817,26.554024105122895,9.11473277190189,248.92755667460048,26.567307759002396,29.06700605088181,SL,-6.894722937764072,0.24548019520571845,0.0,-7.01573935463249,6.773645982417981,-1.035740481986053,3,888.6196257452681,bull,4
LINK,1,SWEEP_V2,2023-07-14 17:30:00+00:00,2023-07-14 18:15:00+00:00,6.9983996174812315,6.870755820255334,54.52775463987183,381.60701721378945,6.874192916713691,7.291979092022692,SL,-6.960129656435302,0.3781269523855718,0.0,-7.147453100213979,6.7727125040804514,-1.05533094692972,3,881.4721726450541,bull,4
SUI,1,SWEEP_V2,2023-07-14 17:30:00+00:00,2023-07-14 18:15:00+00:00,0.71574312,0.6937692666933293,313.05920507075575,224.06997218206251,0.6941163248557571,0.7668609994318466,SL,-6.8791170485277195,0.22063041365779867,0.0,-6.987712476094487,6.770467296084736,-1.032087176631867,3,874.4844601689597,chop,4
ETH,-1,SWEEP_V2,2023-07-15 07:30:00+00:00,2023-07-15 07:45:00+00:00,1936.4626055908204,1943.5612608032225,0.36127088956707304,699.5875681351678,1940.3011572684184,1927.3896652619526,SL_GAP,-2.5645374833144237,0.7008698368768249,0.0,-2.9156135361236646,1.386756979214986,-2.1024689832634786,1,871.2190528487683,chop,4
SUI,-1,SWEEP_V2,2023-07-15 08:00:00+00:00,2023-07-15 09:15:00+00:00,0.6833633,0.6892954484930046,1019.919042007399,696.9752422790148,0.6889509730065014,0.6701560728937239,SL,-6.0503112080308945,0.7000003978830303,0.0,-6.401823984774417,5.698974099841537,-1.1233291944514054,5,864.4687412428544,chop,4
LINK,1,SWEEP_V2,2023-07-15 21:30:00+00:00,2023-07-16 00:30:00+00:00,6.917383089351654,6.8660806920467445,99.97639050219247,691.5749929942835,6.8695154497716295,7.03052478290444,SL,-5.129028506654269,0.6890104787409564,0.0,-5.472251488898083,4.785633827070744,-1.1434747593815828,12,858.6507022574592,bull,4
LINK,-1,SWEEP_V2,2023-07-17 16:15:00+00:00,2023-07-17 16:45:00+00:00,6.706658583068847,6.753007900466893,102.42366646486495,686.9205618059674,6.749633083924931,6.605082490136286,SL,-4.747267026051607,0.6892941953189933,0.0,-5.093100940467616,4.401605942177579,-1.1571006144970666,2,853.2141410360887,chop,4
LINK,-1,SWEEP_V2,2023-07-17 16:45:00+00:00,2023-07-17 17:00:00+00:00,6.698659809303284,6.790393679380417,101.89669758731397,682.571312828871,6.757411084552853,6.5597931587133935,SL_GAP,-9.347378417763533,0.6872450020377527,0.0,-9.69333776338685,5.986560926974367,-1.6191830136916192,1,843.1795176162874,chop,4
SOL,-1,SWEEP_V2,2023-07-19 00:45:00+00:00,2023-07-19 01:00:00+00:00,25.719855381393433,26.163074618339536,26.21608040359294,674.2737966473928,25.83413222974146,25.449746467116277,SL_GAP,-11.619471152198141,0.6800835322234919,0.0,-11.962417786097937,2.9958910445610667,-3.9929415349784767,1,830.5426911248193,chop,4
BTC,-1,SWEEP_V2,2023-07-19 00:45:00+00:00,2023-07-19 03:00:00+00:00,29994.0,30092.88862509046,0.022489284993433018,674.54361409303,30077.849700240342,29795.809799431918,SL,-2.2239344722681413,0.675655581329164,0.0,-2.5623182465507903,1.8857198053189783,-1.358801153449922,9,827.9803728782684,chop,4
SUI,-1,SWEEP_V2,2023-07-20 09:15:00+00:00,2023-07-20 09:30:00+00:00,0.72045588,0.7241597124801397,919.3960611475816,662.3842983026148,0.723797813573353,0.7125567642811657,SL,-3.405288993390838,0.6640869427993101,0.0,-3.738183787038841,3.072560563957606,-1.216634695793882,1,823.9109969420783,chop,4
XRP,1,SWEEP_V2,2023-07-20 14:15:00+00:00,2023-07-20 14:30:00+00:00,0.8020403780221939,0.790488266998882,553.8689355689673,444.2252504584847,0.7908837088533086,0.8284106869668317,SL,-6.3983554360562875,0.4410260727404566,0.0,-6.617268883567502,6.1793324770655875,-1.0708711512331313,1,817.0716154332816,chop,4
BTC,-1,SWEEP_V2,2023-07-21 03:15:00+00:00,2023-07-21 05:15:00+00:00,29923.81404,29832.815336688076,0.0218440500757311,653.6572923466254,29962.3134914012,29832.815336688076,TP,1.9877802319722884,0.6526634022306392,0.0,1.661945475914962,0.8409839442959803,1.9761916825965562,8,818.4067322630233,chop,4
SUI,-1,SWEEP_V2,2023-07-21 17:30:00+00:00,2023-07-21 18:00:00+00:00,0.68846228,0.6920079526245041,950.616344088008,654.4634956560944,0.6916621215637223,0.6808990181221108,SL,-3.370574347639034,0.656148782829914,0.0,-3.699491382640901,3.0418216889665737,-1.2162091538961193,2,813.8894887425602,chop,4
ETH,-1,SWEEP_V2,2023-07-21 17:45:00+00:00,2023-07-21 18:00:00+00:00,1895.7908099365234,1900.0649749408583,0.17212626649930485,326.315394178067,1899.1154172322422,1887.9326472375517,SL,-0.7356960645981546,0.32668324221036604,0.0,-0.8992216097194872,0.5722522413884285,-1.5713728050024731,1,812.9902671328407,chop,4
LINK,1,SWEEP_V2,2023-07-21 07:45:00+00:00,2023-07-21 23:45:00+00:00,8.091618152618407,8.12737391014099,80.914024050746,654.7253858104186,8.018816723598642,8.263694257574217,TIME,2.893142224134948,0.6561719569224862,0.0,2.564332960117671,5.890656578633991,0.4353220945554298,64,815.5546000929584,bull,4
XRP,-1,SWEEP_V2,2023-07-23 19:15:00+00:00,2023-07-23 19:30:00+00:00,0.7496400548338891,0.7418593275054574,870.3426075851032,652.4436800743667,0.7529319010113025,0.7418593275054574,TP,6.771898511935931,0.6490577308183988,0.0,6.449062621154716,2.8650339858190366,2.2509550159179357,1,821.6774408740758,chop,4
SUI,-1,SWEEP_V2,2023-07-24 23:15:00+00:00,2023-07-24 23:30:00+00:00,0.63427312,0.63801885,1036.370503450092,657.3419526992607,0.6364355490643531,0.629161924029711,SL_GAP,-3.8819640858881157,0.6592829347422047,0.0,-4.21257604428069,2.2410776980986755,-1.8797099484121538,1,817.1361938534455,bear,4
ETH,-1,SWEEP_V2,2023-07-25 03:00:00+00:00,2023-07-25 09:30:00+00:00,1852.639407763672,1858.2581586506938,0.3528527744488881,653.7089550827565,1857.3294939037419,1841.5537496144157,SL,-1.9825918394228144,0.654700251002468,0.0,-2.310437612883904,1.6549099069279687,-1.396110811356976,26,814.4989017630203,chop,4
SOL,-1,SWEEP_V2,2023-07-25 14:15:00+00:00,2023-07-25 14:30:00+00:00,23.518296117019656,23.262724915039986,27.706051414960662,651.5991214104163,23.626422394780285,23.262724915039986,TP,7.080868862232036,0.6480586869793004,0.0,6.758609735957943,2.9957522109443078,2.256064340457425,1,820.931711938273,chop,4
BTC,-1,SWEEP_V2,2023-07-25 18:45:00+00:00,2023-07-26 03:00:00+00:00,29287.541320000004,29402.65884659693,0.02242405268420867,656.7453695506184,29387.96486416485,29050.176579246734,SL,-2.5814014812852393,0.6580360702912611,0.0,-2.911064866801191,2.251902845087445,-1.292713348247557,33,817.6922743866965,chop,4
BTC,-1,SWEEP_V2,2023-07-26 03:15:00+00:00,2023-07-26 18:00:00+00:00,29304.237979999998,29441.89814566671,0.02232284012830547,654.1538195093572,29427.184553390016,29013.636988350863,SL,-3.0729658702140505,0.6556903024444642,0.0,-3.4015792629038364,2.7445167021083448,-1.2394092046482117,59,813.963618214038,chop,4
ETH,1,SWEEP_V2,2023-07-27 08:00:00+00:00,2023-07-27 18:15:00+00:00,1871.8442646972655,1861.1400634475576,0.3478766406224209,651.1708945712304,1862.071098997056,1894.9444745341245,SL,-3.7237415712947115,0.649309023785583,0.0,-4.0474651477946795,3.399856052035177,-1.1904813279879423,41,809.5905676189577,chop,4
LINK,-1,SWEEP_V2,2023-07-29 19:00:00+00:00,2023-07-29 19:15:00+00:00,7.790441416931152,7.817044270767236,83.13681079579962,647.6724540951662,7.813137701916278,7.736795652420854,SL,-2.2116764259988337,0.6487782923081657,0.0,-2.5366184912594165,1.8868967505759673,-1.3443334885627019,1,806.7301129006507,chop,4
LINK,-1,SWEEP_V2,2023-07-31 18:00:00+00:00,2023-07-31 19:00:00+00:00,7.650469550418854,7.5800140594961345,84.35875550739061,645.3840903205206,7.680277642732312,7.5800140594961345,TP,5.943537532902856,0.6424123215540691,0.0,5.623817256509048,2.5145735716127553,2.236489446957059,4,812.0312381119995,chop,4
XRP,-1,SWEEP_V2,2023-08-01 14:45:00+00:00,2023-08-01 18:15:00+00:00,0.6918315967321396,0.6995713914261048,824.0978096908757,570.1369035418974,0.699221780535837,0.6743638895597639,SL,-6.378347854753816,0.5733260774692743,0.0,-6.666605480452142,6.090234285839996,-1.0946385914827987,14,805.0795641797764,chop,4
LINK,-1,SWEEP_V2,2023-08-01 18:45:00+00:00,2023-08-01 19:00:00+00:00,7.489501975440979,7.540147553845548,85.99552459640002,644.0636513438212,7.536379364163467,7.378700874824191,SL,-4.355293083389015,0.6462412978855158,0.0,-4.67950255560262,4.031245634899667,-1.1608080924394197,1,800.0780297985018,chop,4
BTC,1,SWEEP_V2,2023-08-02 13:45:00+00:00,2023-08-02 14:00:00+00:00,29447.988419999998,29318.378993442355,0.021735353013250115,640.0624238388015,29333.045516200455,29719.671647162555,SL,-2.8171066400752856,0.6386538705187639,0.0,-3.1357292986746486,2.498324590451121,-1.2551328641041122,1,796.6222692879078,chop,4
BTC,1,SWEEP_V2,2023-08-02 14:15:00+00:00,2023-08-02 15:00:00+00:00,29360.470919999996,29229.439191724934,0.02170598071014613,637.2978154303263,29244.061222336102,29635.62111447829,SL,-2.844172166355606,0.6358757293471484,0.0,-3.1613989879875914,2.526786651966424,-1.2511539055057508,3,793.142221392205,chop,4
ETH,-1,SWEEP_V2,2023-08-03 14:45:00+00:00,2023-08-03 15:00:00+00:00,1840.0619677001953,1848.3337391967773,0.3448328307697225,634.513777113764,1843.7538130606242,1831.3357877573633,SL_GAP,-2.8523783806466767,0.6359399663040873,0.0,-3.171061458393882,1.2730694864007785,-2.4908785359070267,1,789.6539030452542,chop,4
ETH,-1,SWEEP_V2,2023-08-03 15:15:00+00:00,2023-08-03 17:00:00+00:00,1843.6011767089844,1851.5095944614945,0.3426571486376969,631.7231224362034,1850.5843023103396,1827.0956071057815,SL,-2.7098758773108558,0.6330780603748589,0.0,-3.0270923764676128,2.3928179071392552,-1.2650742739077323,7,786.3109491075685,chop,4
ETH,-1,SWEEP_V2,2023-08-04 12:45:00+00:00,2023-08-04 13:30:00+00:00,1838.5522599365236,1846.4452758889838,0.34214352944624643,629.0487592860549,1845.5225146316682,1822.0771124752728,SL,-2.700544335950275,0.63039903145403,0.0,-3.0164189877612775,2.384827542536045,-1.2648373662078698,3,782.9800057401642,chop,4
LINK,-1,SWEEP_V2,2023-08-04 14:00:00+00:00,2023-08-04 17:00:00+00:00,7.190561512279511,7.250336544061411,87.11197359516902,626.3840045921314,7.246713187467678,7.057839370925663,SL,-5.207120990235254,0.628987565087249,0.0,-5.5229165530264375,4.891483246316072,-1.1290883102146814,12,776.8308304593465,chop,4
XRP,-1,SWEEP_V2,2023-08-04 16:15:00+00:00,2023-08-04 17:15:00+00:00,0.6667866222739219,0.663086202847938,939.0312133962898,626.1334509902945,0.6683521843387613,0.663086202847938,TP,3.4748093436569394,0.624396046318466,0.0,3.1634800228336206,1.4701116453933205,2.151863793982292,4,779.9943104821801,chop,4
LINK,-1,SWEEP_V2,2023-08-04 17:30:00+00:00,2023-08-04 20:45:00+00:00,7.204558651256561,7.042167523805421,85.14733584689813,613.4489751072178,7.273262589793582,7.042167523805421,TP,13.82717186763864,0.6065353891733986,0.0,13.52736096601885,5.849957328616351,2.312386263032517,13,793.2149469606453,chop,4
XRP,-1,SWEEP_V2,2023-08-06 00:30:00+00:00,2023-08-06 04:30:00+00:00,0.6300039669632912,0.6371521739861746,871.0534257255409,548.7671136440553,0.6368337571076208,0.6138608266221485,SL,-6.2264702150779865,0.5518803487515943,0.0,-6.503967007007553,5.94911210220484,-1.0932668430633665,16,786.4365963968157,chop,4
XRP,-1,SWEEP_V2,2023-08-06 04:45:00+00:00,2023-08-06 10:30:00+00:00,0.6365526709794999,0.629836243000551,988.369550235874,629.1492771174526,0.6393942366629013,0.629836243000551,TP,6.6383129007453565,0.6258301206670799,0.0,6.327057418637003,2.808516996469172,2.2528107989345587,23,792.449079176894,chop,4
XRP,-1,SWEEP_V2,2023-08-08 00:30:00+00:00,2023-08-08 04:30:00+00:00,0.6223554792284965,0.6262489733167643,1018.6449456947071,633.9592633415152,0.6259360053141073,0.6138924175715984,SL,-3.966088074106195,0.6359423073785684,0.0,-4.285050749814006,3.647284800035464,-1.1748604742279354,16,787.8470487954093,chop,4
SUI,-1,SWEEP_V2,2023-08-08 04:30:00+00:00,2023-08-08 05:00:00+00:00,0.5828833999999999,0.5857200966531738,1081.309982470469,630.2776390363274,0.585427382961693,0.5768703493632708,SL,-3.067348408317482,0.6318113132404861,0.0,-3.384020902039804,2.7508341717135534,-1.230179898460337,2,784.1478890738513,chop,4
SUI,-1,SWEEP_V2,2023-08-08 11:15:00+00:00,2023-08-08 11:45:00+00:00,0.58658266,0.5914996743936791,1069.4457133442727,627.318311259081,0.5912040723575004,0.5756593217004538,SL,-5.258479965772187,0.6299475512419672,0.0,-5.5747683613846135,4.942349635325003,-1.1279591232355262,2,778.2594615568371,chop,4
BTC,1,SWEEP_V2,2023-08-09 17:15:00+00:00,2023-08-09 17:30:00+00:00,29591.31708,29448.37158405163,0.0210402114769766,622.6075692454697,29463.10313561944,29894.368221263143,SL,-3.0076034644350083,0.6211037675132522,0.0,-3.3174034473255256,2.697648504064316,-1.2297389531391794,1,774.6307543248888,chop,4
LINK,1,SWEEP_V2,2023-08-10 01:00:00+00:00,2023-08-10 04:00:00+00:00,7.649529363441467,7.5962274615710665,80.99341752077935,619.5615255706762,7.60002747530872,7.766533826300688,SL,-4.317103192840985,0.6174029739742557,0.0,-4.624725404029903,4.009327093602502,-1.1534916698139606,12,769.51740079653,bull,4
XRP,1,SWEEP_V2,2023-08-09 21:15:00+00:00,2023-08-10 06:45:00+00:00,0.6405481036305427,0.6298291543700406,558.4197674773998,357.694723087457,0.6301442264832822,0.665139085978613,SL,-5.985673153651628,0.3547018865106312,0.0,-6.161527678618531,5.809730657436666,-1.0605530689674145,38,763.3558731179114,chop,4
LINK,1,SWEEP_V2,2023-08-10 09:45:00+00:00,2023-08-10 12:30:00+00:00,7.600519777107238,7.709550925252019,80.34775468037215,610.6846984943292,7.5543912144306,7.709550925252019,TP,8.760407943656158,0.6150649024661572,0.0,8.450685390437165,3.70632643770069,2.2800704504808147,11,771.5012161591013,bull,4
SUI,1,SWEEP_V2,2023-08-13 00:45:00+00:00,2023-08-13 03:15:00+00:00,0.6081215999999999,0.6044037694072393,1014.9301931180888,617.2009729272811,0.6047061224684734,0.6161945468926989,SL,-3.7733385214909068,0.6153143036665356,0.0,-4.080052338693802,3.4664712706626735,-1.1770045155787003,10,767.1125633339439,chop,4
SOL,1,SWEEP_V2,2023-08-13 12:15:00+00:00,2023-08-13 12:45:00+00:00,24.67693528518677,24.76493256537856,24.86897354046817,613.6900506671551,24.639705666644087,24.76493256537856,TP,2.1884020327228635,0.6147842516835165,0.0,1.8804628063729245,0.9258623984596798,2.0310391797975327,2,768.6861811149832,chop,4
SOL,-1,SWEEP_V2,2023-08-14 09:15:00+00:00,2023-08-14 13:00:00+00:00,24.528094345855713,24.342015405000375,25.071207580212565,614.9489448919867,24.606820051602202,24.342015405000375,TP,4.665223752490293,0.6126163330157415,0.0,4.3600818919205455,1.9737485106689636,2.2090361909596985,15,772.7387885344579,chop,4
SUI,-1,SWEEP_V2,2023-08-14 14:45:00+00:00,2023-08-14 17:45:00+00:00,0.60217954,0.5980229273529105,1026.589230892113,618.1910308275664,0.6039381068891532,0.5980229273529105,TP,4.26713378049198,0.6160574639373203,0.0,3.9601718319684425,1.805325830208132,2.19360503555853,12,776.3898648510125,chop,4
SOL,1,SWEEP_V2,2023-08-15 07:30:00+00:00,2023-08-15 09:30:00+00:00,24.7869559879303,24.991277522540965,25.058014069305354,621.11189188081,24.700512261748862,24.991277522540965,TP,5.119891888936156,0.6236718378252781,0.0,4.8067759970512824,2.166108106857601,2.219084071489179,8,780.8860849021233,chop,4
SOL,1,SWEEP_V2,2023-08-15 14:15:00+00:00,2023-08-15 18:00:00+00:00,24.85497038154602,24.61305187378923,25.134162637567414,624.7088679216987,24.625364556067264,25.397675059950355,SL,-6.080419118996764,0.6216686583622002,0.0,-6.389733343398115,5.770950160115992,-1.107223796101834,15,774.1839971247643,chop,4
ETH,-1,SWEEP_V2,2023-08-16 18:30:00+00:00,2023-08-16 19:00:00+00:00,1828.1943465820314,1823.5449020595127,0.33877535988322854,619.3471976998115,1830.1614192646355,1823.5449020595127,TP,1.5751172413733805,0.6185596390791248,0.0,1.2662312011441614,0.6663957559656758,1.9001189455494993,2,775.1405547270585,bear,4
SUI,-1,SWEEP_V2,2023-08-19 01:15:00+00:00,2023-08-19 04:30:00+00:00,0.4939012,0.4999408719438803,1004.0981763567672,495.92529422041895,0.499691026430665,0.48021615570933723,SL,-6.0644235846433725,0.49895750601274064,0.0,-6.315418443545903,5.813554160452939,-1.0863265859819329,13,768.5771736364024,bear,4
SOL,-1,SWEEP_V2,2023-08-19 07:30:00+00:00,2023-08-19 07:45:00+00:00,21.646668869400024,21.79689229774475,28.404450708732256,614.861738909122,21.755720590685396,21.38891025545278,SL_GAP,-4.267013965714577,0.6169952458919793,0.0,-4.576578342151995,3.097554241952754,-1.477481259300511,1,763.6931644247959,bear,4
SOL,-1,SWEEP_V2,2023-08-19 08:30:00+00:00,2023-08-19 11:00:00+00:00,21.82663317451477,21.608005921963926,27.99124018143118,610.9545315398367,21.919129319824744,21.608005921963926,TP,6.1196479363571346,0.6078947075716581,0.0,5.817230494555395,2.5890818192280034,2.246831464094071,10,769.2049176535813,bear,4
BTC,-1,SWEEP_V2,2023-08-19 15:30:00+00:00,2023-08-19 15:45:00+00:00,26054.88798,26120.63515124663,0.02361798425674387,615.3639341228651,26107.58136056635,25930.339989570446,SL,-1.5528156554284027,0.6161403419505793,0.0,-1.8612740303175495,1.2445114326506734,-1.4955861243903876,1,766.7284027619278,bear,4
ETH,-1,SWEEP_V2,2023-08-19 15:30:00+00:00,2023-08-19 15:45:00+00:00,1667.9463732910156,1670.3855256080496,0.3687875092383999,615.117788549216,1669.5507502329333,1664.154209610119,SL,-0.8995289076520726,0.6155675530030421,0.0,-1.2075375663805068,0.5916741762893626,-2.040882659360735,1,765.5208651955472,bear,4
SOL,-1,SWEEP_V2,2023-08-19 16:15:00+00:00,2023-08-19 16:30:00+00:00,21.902618188095094,22.063685238005988,27.960889739168696,612.4166921564378,22.052658908551713,21.54797648519763,SL,-4.503578023171692,0.6146684811680236,0.0,-4.812038158261497,4.195272041072969,-1.1470145704855854,1,760.0965328284677,chop,4
LINK,-1,SWEEP_V2,2023-08-19 16:15:00+00:00,2023-08-19 16:45:00+00:00,6.205758378791809,6.238238646652846,98.64575578251214,612.1717254795752,6.235121086109792,6.1363556160402135,SL,-3.204040571170431,0.6137737457651604,0.0,-3.511728454195804,2.8965064552031072,-1.2124013906088658,2,756.2807657611405,bear,4
ETH,-1,SWEEP_V2,2023-08-19 16:30:00+00:00,2023-08-19 16:45:00+00:00,1681.3136944091798,1687.9234960327146,0.36166791972538764,608.0772262627742,1686.8606815926764,1668.2026337936422,SL_GAP,-2.390553202981339,0.6092725028642648,0.0,-2.695787092714217,2.0061673153986166,-1.3437498816884952,1,753.5849786684263,bear,4
ETH,-1,SWEEP_V2,2023-08-20 13:45:00+00:00,2023-08-20 14:45:00+00:00,1676.1947232910156,1667.6280523265134,0.35966464668918596,602.867982934741,1679.8190840836896,1667.6280523265134,TP,3.0811286857502047,0.6013274185918658,0.0,2.7812352586257094,1.303554443971231,2.13357813437602,4,756.0647799355846,bear,4
ETH,-1,SWEEP_V2,2023-08-20 18:00:00+00:00,2023-08-20 20:00:00+00:00,1674.3550034179689,1681.4611266350623,0.36124467195651144,604.8518239484678,1680.620816226949,1659.5449004149248,SL,-2.5670491504414747,0.6061353485236884,0.0,-2.870758586990929,2.26349149272095,-1.2682877740971676,8,752.8915954366195,bear,4
BTC,-1,SWEEP_V2,2023-08-20 21:00:00+00:00,2023-08-21 06:45:00+00:00,26225.2539,26031.16380102117,0.022966918781644117,602.3132763492956,26307.36894187566,26031.16380102117,TP,4.457651539568091,0.6000844505795115,0.0,4.158723727163228,1.885929497509561,2.205132128563117,39,756.749162525608,bear,4
BTC,-1,SWEEP_V2,2023-08-21 14:15:00+00:00,2023-08-21 15:15:00+00:00,26097.67942,25837.57236586659,0.02319743913922621,605.3993300204864,26207.724712133368,25837.57236586659,TP,6.033817557943243,0.6023824212415148,0.0,5.734134801711971,2.5527689668221543,2.2462411899538948,4,762.1805976623098,chop,4
SOL,-1,SWEEP_V2,2023-08-23 07:00:00+00:00,2023-08-23 09:45:00+00:00,20.75984713897705,20.934606646966806,29.3713375656336,609.7444781298478,20.924144574679467,20.371507745498615,SL,-5.132920501971137,0.6123109383808334,0.0,-5.4403592012870465,4.825635445183638,-1.1273871105860165,11,756.4353662219578,bear,4
SUI,-1,SWEEP_V2,2023-08-26 02:45:00+00:00,2023-08-26 04:15:00+00:00,0.5823835,0.5820920170582501,910.3019342032899,530.1448264980817,0.5818011165000001,0.5674034553313063,SL,0.26533748566225834,0.5300121577552506,0.0,0.0003977411560486255,7.5,5.303215413981673e-05,6,999.7353253279069,chop,5
XRP,-1,SWEEP_V2,2023-08-26 15:00:00+00:00,2023-08-26 18:00:00+00:00,0.5263047016382217,0.5260412861350519,1519.6297083663421,799.7882602623256,0.5257783969365836,0.5223597331718478,SL,0.4002940242612237,0.799588113250195,0.0,0.0006000411421914764,3.297190204038629,0.0001819856013937273,12,999.3360312389179,chop,5
SOL,-1,SWEEP_V2,2023-08-27 09:00:00+00:00,2023-08-27 10:15:00+00:00,20.525894686508178,20.630274642387086,38.94928027262223,799.4688249911344,20.619964660057057,20.35485837096476,SL,-4.06552415637154,0.8015015870693202,0.0,-4.467291330945293,3.6639577649934836,-1.2192529547221018,5,994.4690054954771,chop,5
SUI,1,SWEEP_V2,2023-08-28 01:15:00+00:00,2023-08-28 01:30:00+00:00,0.5586116999999999,0.5535982723666089,1424.2007541130658,795.5752043963817,0.5538752099715947,0.5672235000516459,SL,-7.140127416166854,0.7920051406882982,0.0,-7.534344954656961,6.745712670303789,-1.1169086682011995,1,986.536872938622,chop,5
XRP,1,SWEEP_V2,2023-08-28 05:45:00+00:00,2023-08-28 06:15:00+00:00,0.5185937144637107,0.5148875042013716,1521.2560132306858,788.9138065515572,0.5151450767397415,0.5248639648709275,SL,-5.638094647880607,0.7860947592276168,0.0,-6.029732503832445,5.246260875042323,-1.1493390526035938,2,979.7180687823383,chop,5
LINK,1,SWEEP_V2,2023-08-28 05:45:00+00:00,2023-08-28 09:15:00+00:00,5.9001799678802485,5.8534558936433,133.7636313887631,789.2294983508976,5.856384085686143,5.979808844596804,SL,-6.249981843212361,0.7861045074292914,0.0,-6.641471601466204,5.858296242158031,-1.1336865407509118,14,972.6847099533592,chop,5
XRP,1,SWEEP_V2,2023-08-28 08:45:00+00:00,2023-08-28 09:15:00+00:00,0.5150830141425132,0.5121664622509166,1521.6468676037837,783.7744550258707,0.5124226735877104,0.5199199969694274,SL,-4.43796205005197,0.7815554740008448,0.0,-4.82763029653988,4.0480988719749895,-1.192567288798599,2,967.8570796568193,chop,5
SOL,1,SWEEP_V2,2023-08-28 09:30:00+00:00,2023-08-28 12:00:00+00:00,20.21204178314209,20.587501882427865,19.092790755899635,385.9042845150325,20.005538728534916,20.587501882427865,TP,7.168581112852597,0.38948857507145884,0.0,6.972044680038654,3.9427196120689145,1.7683338827079622,10,973.8620413880077,chop,5
BTC,1,SWEEP_V2,2023-08-28 09:30:00+00:00,2023-08-28 12:15:00+00:00,25973.89374,26186.409326267334,0.029810149817200857,774.2856637254555,25857.010167552966,26186.409326267334,TP,6.335121465119517,0.7774532244580152,0.0,5.94481107252423,3.4843168058157237,1.7061626148924403,11,979.8068524605319,chop,5
ETH,1,SWEEP_V2,2023-08-28 09:30:00+00:00,2023-08-28 12:15:00+00:00,1636.8773588378906,1658.0370156631957,0.47283685932918845,773.9759494599652,1638.5142361967285,1658.0370156631957,TP,10.005065677760687,0.7789784822988456,0.0,9.613075170191824,5.502786122768372,1.7469469021186717,11,989.4199276307237,chop,5
LINK,-1,SWEEP_V2,2023-08-28 15:15:00+00:00,2023-08-28 19:15:00+00:00,6.012797138977051,5.94342926012616,131.64188377046128,791.535942104579,6.006784341838074,5.94342926012616,TP,9.131718245092479,0.7869700829820327,0.0,8.740516133162735,5.022445034800869,1.740291048005323,16,997.7646757928342,chop,5
SOL,1,SWEEP_V2,2023-08-29 07:00:00+00:00,2023-08-29 07:45:00+00:00,20.29705786743164,20.23246700371151,39.32647509051379,798.2117406342674,20.24258829786044,20.396093448470186,SL,-2.5401309931644986,0.7969416751376851,0.0,-2.93796679798505,2.142096170932808,-1.3715382333677708,3,994.427603124532,chop,5
XRP,1,SWEEP_V2,2023-08-29 09:45:00+00:00,2023-08-29 10:15:00+00:00,0.5168933307766914,0.5142184780961524,1539.0836660713585,795.5420824996256,0.5144757159541294,0.5212889940904405,SL,-4.116822069764794,0.7934836714647433,0.0,-4.5125346999797245,3.720911484257142,-1.2127498111878965,2,989.5172973833024,chop,5
SOL,1,SWEEP_V2,2023-08-29 10:45:00+00:00,2023-08-29 14:00:00+00:00,20.22804573097229,20.46487810845459,39.13446946061417,791.613837906642,20.097787923357025,20.46487810845459,TP,9.26830944386576,0.7962479926285748,0.0,8.867868370190507,5.097570194126169,1.7396265343062427,13,997.9893588345396,chop,5
LINK,-1,SWEEP_V2,2023-08-29 15:00:00+00:00,2023-08-30 02:15:00+00:00,6.24875,6.096946353351102,89.64834575920855,560.1901005628545,6.24250125,6.096946353351102,TP,13.608945802289139,0.55338562766171,0.0,13.335655224908855,7.484920191259047,1.781669661686219,45,1011.0449190091671,chop,5
LINK,1,SWEEP_V2,2023-08-30 12:15:00+00:00,2023-08-30 12:30:00+00:00,6.023204235935211,5.994519443891403,134.232938011559,808.5124008332508,5.997518202992899,6.069906114012141,SL,-3.8504439122908845,0.8065871788771054,0.0,-4.252774890751365,3.447911667708152,-1.2334349892374739,1,1005.9834699503955,chop,5
XRP,1,SWEEP_V2,2023-08-30 09:45:00+00:00,2023-08-30 13:30:00+00:00,0.5291457869768142,0.5294100952974092,1528.5691677306593,808.8359352073337,0.5296749327637911,0.5324111850725257,SL,0.4040135496361658,0.8090379419821518,0.0,-0.0006064247423191449,2.7452627672090704,-0.00022089861472009741,15,1005.9828635256532,chop,5
ETH,1,SWEEP_V2,2023-08-30 13:45:00+00:00,2023-08-30 14:45:00+00:00,1714.3428,1701.3786279738438,0.4694430371921664,804.7862908205226,1702.2297428452664,1736.3665402813335,SL,-6.085940290640451,0.8017433206752025,0.0,-6.4852904659053925,5.686390340400394,-1.1404933670889617,4,999.0951799143376,chop,5
LINK,1,SWEEP_V2,2023-08-30 15:00:00+00:00,2023-08-30 18:00:00+00:00,5.916182961845398,5.919138095234841,135.0999705529994,799.2761439314701,5.922099144807244,5.996260045311866,SL,0.3992384338938864,0.7994757631484171,0.0,-0.0005992572887955627,5.950126390059453,-0.00010071337136580976,12,998.0961845552755,chop,5
XRP,1,SWEEP_V2,2023-08-30 15:15:00+00:00,2023-08-31 00:45:00+00:00,0.5241648229122162,0.5244266432412609,1142.0757280730406,598.6359217577458,0.5246889877351284,0.5299972477071322,SL,0.2990186429179901,0.5987854310792048,0.0,-0.0004488272823418016,3.6635889367467005,-0.0001225102734206759,38,998.0957357279932,chop,5
SUI,1,SWEEP_V2,2023-08-30 15:00:00+00:00,2023-08-31 01:45:00+00:00,0.51900378,0.5192630223881101,1153.9032294864408,598.8801378576702,0.51952278378,0.5308059616930342,SL,0.2991406288599489,0.5990297081721002,0.0,-0.00044901038331618404,7.49021656381779,-5.9946248481675657e-05,43,998.0952867176098,chop,5
BTC,1,SWEEP_V2,2023-08-31 12:15:00+00:00,2023-08-31 14:15:00+00:00,27271.553219999998,27031.23920441907,0.029278722151714977,798.4762293740879,27044.761585211676,27683.901646887854,SL,-7.036087291356863,0.7949581857284094,0.0,-7.431807362398229,6.640169261300495,-1.1192195665419964,8,989.6661823850282,chop,5
XRP,1,SWEEP_V2,2023-08-31 14:00:00+00:00,2023-08-31 14:15:00+00:00,0.5233846805334091,0.5199198969602585,1524.9908309675673,798.1568388823383,0.5214611768060246,0.5268819600377448,SL_GAP,-5.283763180341724,0.7955149572921675,0.0,-5.680199718192722,2.933325547593439,-1.936436861859017,1,983.9859826668354,chop,5
SUI,1,SWEEP_V2,2023-08-31 14:00:00+00:00,2023-08-31 14:15:00+00:00,0.51390276,0.5095451000000001,774.3894430738942,397.96087211053714,0.510162561390931,0.5207031211073982,SL_GAP,-3.3745259005053314,0.3962736091602845,0.0,-3.5718190736103472,2.896370317862732,-1.2332052471266994,1,980.4141635932251,chop,5
BTC,1,SWEEP_V2,2023-08-31 17:15:00+00:00,2023-08-31 19:00:00+00:00,26390.17698,26079.917649305626,0.024740203059442734,652.8983372598312,26092.96413137131,26930.563977506707,SL,-7.675878842465619,0.6490603978385985,0.0,-7.9984900716743015,7.353106226949188,-1.0877702327160428,7,971.4444547257159,chop,5
ETH,1,SWEEP_V2,2023-08-31 17:15:00+00:00,2023-08-31 21:00:00+00:00,1659.3918706054687,1639.3128212817123,0.38167425060949267,633.3471486808265,1640.132887725575,1694.4082031143664,SL,-7.663656103595768,0.6295153206290287,0.0,-7.9764978498843835,7.350657858184464,-1.0851406777154087,15,963.4679568758315,chop,5
SOL,1,SWEEP_V2,2023-08-31 17:15:00+00:00,2023-09-01 14:45:00+00:00,19.84796866264343,19.338480927418285,14.702044837786296,291.805725217161,19.348155004920745,20.75672076759377,SL,-7.4905115275822975,0.2880604694533699,0.0,-7.632669134427087,7.348282806376911,-1.038701059219357,86,955.8352877414045,chop,5
LINK,1,SWEEP_V2,2023-08-31 17:15:00+00:00,2023-09-01 17:00:00+00:00,5.850169777107238,5.8530919369109045,62.28646251223058,364.3863805119743,5.856019946884346,6.064638926102485,SL,0.1820109970657999,0.3644773860105072,0.0,-0.0002731986887201665,7.347188534907346,-3.718411300079858e-05,95,955.0621369605269,chop,5
ETH,1,SWEEP_V2,2023-09-01 15:00:00+00:00,2023-09-01 17:00:00+00:00,1630.956130883789,1620.2939230462164,0.46884659600179573,764.6682301931237,1621.1044752838582,1648.8682319745724,SL,-4.998939850509592,0.7621687602678688,0.0,-5.378774495680899,4.6189151930096015,-1.164510338665947,8,949.683362464846,chop,5
SUI,1,SWEEP_V2,2023-09-01 15:00:00+00:00,2023-09-01 17:00:00+00:00,0.49629924,0.4919504617836927,1540.123984274178,764.3623629010464,0.4921965600637246,0.5037586580659552,SL,-6.697657633223871,0.7610135340844345,0.0,-7.0764899858577825,6.318635769658182,-1.1199395318588838,8,942.6068724789883,chop,5
BTC,1,SWEEP_V2,2023-09-01 15:15:00+00:00,2023-09-01 17:15:00+00:00,25793.55768,25550.72710527104,0.0006484011043012665,16.724571283570413,25563.508859700887,26211.82826236203,SL,-0.157451612812371,0.01664584547716423,0.0,-0.16573517264775,0.1491639091251495,-1.111094323149557,8,942.4411373063406,chop,5
XRP,-1,SWEEP_V2,2023-09-02 15:15:00+00:00,2023-09-02 17:00:00+00:00,0.5008098021149635,0.49757202174719656,1505.0838514865047,753.7607458293836,0.5003089923128485,0.49757202174719656,TP,4.873130946186075,0.7513241803562904,0.0,4.498687138744477,2.6802220204023373,1.6784755533309004,7,945.9980003931713,chop,5
BTC,-1,SWEEP_V2,2023-09-02 15:45:00+00:00,2023-09-02 17:45:00+00:00,25931.712620000002,25826.488949819824,0.025045677788165757,649.4773187758317,25905.78090738,25826.488949819824,TP,2.6353981390209533,0.6481596197063213,0.0,2.311977178702548,1.4494689764615105,1.5950511644247949,8,948.3099775718739,chop,5
AVAX,1,SWEEP_V2,2023-09-02 18:15:00+00:00,2023-09-02 18:30:00+00:00,9.803960445785522,9.754927242909387,77.38178731469922,758.6479820574991,9.759807146482627,9.884239171790785,SL,-3.7942768763195853,0.7567508436193393,0.0,-4.171703728910175,3.41666121589888,-1.2209884051417876,1,943.758949851935,chop,5
LINK,-1,SWEEP_V2,2023-09-03 03:00:00+00:00,2023-09-03 03:45:00+00:00,5.9828034059524535,6.031805802138357,108.86964675990937,651.3456934400263,6.02879140643514,5.899188859620296,SL,-5.3348735631484345,0.6540131302216005,0.0,-5.663213846650022,5.006697367744594,-1.1311276537573458,3,937.3925595786241,chop,5
LINK,-1,SWEEP_V2,2023-09-03 04:00:00+00:00,2023-09-03 04:15:00+00:00,6.011797411441803,6.046021721363068,106.35220655247382,639.3679200532861,6.030929521345883,5.9770117570707475,SL_GAP,-3.6398308778622206,0.6411878354922171,0.0,-3.9613347533277947,2.0347421043033918,-1.9468485686464847,1,933.1115408652696,chop,5
SUI,-1,SWEEP_V2,2023-09-03 01:30:00+00:00,2023-09-03 05:00:00+00:00,0.49880022,0.49066686988153524,1513.646405130992,755.007159881548,0.49830141978000003,0.49066686988153524,TP,12.311016168485938,0.748851651797305,0.0,11.939668096629408,6.771058892667279,1.7633383915120686,14,945.051208961899,chop,5
AVAX,-1,SWEEP_V2,2023-09-03 05:45:00+00:00,2023-09-03 06:00:00+00:00,9.951009468650819,9.984697040942168,75.97630869022026,756.0409671695193,9.979707187348493,9.89883179829141,SL,-2.5594573914316423,0.7573206958652352,0.0,-2.938757603712118,2.180346734479654,-1.3478395693854908,1,941.734430874602,chop,5
DOGE,-1,SWEEP_V2,2023-09-02 15:00:00+00:00,2023-09-03 15:00:00+00:00,0.06390721470564605,0.06320263626873493,7517.305228136802,480.4100392224141,0.0638433074909404,0.06219762999887172,TIME,5.296531167424386,0.477761773638702,0.0,5.058974413396891,7.068308529797554,0.7157263144456694,96,946.0922525705078,chop,5
XRP,-1,SWEEP_V2,2023-09-03 16:15:00+00:00,2023-09-03 16:45:00+00:00,0.5048590085148812,0.5093174131356593,970.3284717053547,489.8790701589253,0.5090628816948118,0.4972156027331891,SL,-4.326116941923673,0.49204212862988717,0.0,-4.573219535474098,4.079137837925238,-1.1211240505175386,2,941.2740934999542,chop,5
NEAR,-1,SWEEP_V2,2023-09-03 13:00:00+00:00,2023-09-03 18:15:00+00:00,1.1267745742559434,1.1262106235815281,668.623131824904,753.3875446996817,1.1256477996816874,1.1124746220276935,SL,0.37707046612231204,0.7531990094666206,0.0,0.0005652290055322973,5.258703364089403,0.00010748448170553396,21,941.0345373529509,chop,5
DOGE,1,SWEEP_V2,2023-09-03 17:00:00+00:00,2023-09-03 18:15:00+00:00,0.06295258948802948,0.06343137516781878,7628.641743309655,480.24275201781825,0.06268925736414536,0.06343137516781878,TP,3.6524844229395717,0.48206899422928806,0.0,3.4105368047191926,2.008866432616759,1.697741945081242,5,944.4450741576701,chop,5
BTC,1,SWEEP_V2,2023-09-03 13:15:00+00:00,2023-09-03 20:45:00+00:00,25907.880540000002,26138.40988818939,0.025047123761456423,648.9178902824085,25781.08939849584,26138.40988818939,TP,5.774097114747521,0.6518049388397823,0.0,5.446751121048943,3.175753413111118,1.7151051774240396,30,949.5140472490559,chop,5
ETH,-1,SWEEP_V2,2023-09-03 18:30:00+00:00,2023-09-03 20:45:00+00:00,1635.7827633544923,1645.4022457325304,0.461892664632754,755.5560593261362,1644.5799557546532,1619.7878680814727,SL,-4.443168347979852,0.7577776435001261,0.0,-4.82316796181691,4.063358638997303,-1.1869904653572745,9,944.690879287239,chop,5
BTC,-1,SWEEP_V2,2023-09-03 21:00:00+00:00,2023-09-04 02:45:00+00:00,26047.98936,26034.95234132532,0.02901385949544135,755.7527034297913,26021.94137064,25863.989445195395,SL,0.3782542280666233,0.755563576315758,0.0,0.0005670034657609957,2.9362012214226643,0.00019310783662376794,23,943.7475110129703,chop,5
ETH,-1,SWEEP_V2,2023-09-03 21:00:00+00:00,2023-09-04 02:45:00+00:00,1642.6113534179688,1641.7892264355828,0.4599081826486025,755.4504023484193,1640.9687420645507,1630.0668562672286,SL,0.37810292637550325,0.7552613508852315,0.0,0.0005667766644813499,3.173124287760639,0.000178617858325789,23,943.7480777896349,chop,5
LINK,-1,SWEEP_V2,2023-09-04 02:30:00+00:00,2023-09-04 02:45:00+00:00,6.057788215255737,6.089042965650558,62.179039000059795,376.6674496904891,6.070966038236049,6.033828537109716,SL_GAP,-1.9433903437366855,0.3776391448623575,0.0,-2.1326957637537984,0.8193843690287111,-2.6028025971277335,1,941.6153820258811,chop,5
LINK,-1,SWEEP_V2,2023-09-04 03:00:00+00:00,2023-09-04 03:15:00+00:00,6.084782765674591,6.125061217546462,123.79937536474911,753.292305620705,6.109683677651391,6.039508380262227,SL_GAP,-4.986447182396775,0.7557855292119033,0.0,-5.365586558798326,3.082717348740495,-1.7405379578476576,1,935.4966538199232,chop,5
DOGE,-1,SWEEP_V2,2023-09-04 03:00:00+00:00,2023-09-04 03:15:00+00:00,0.06343731117993594,0.0637718701288104,11869.844019123779,752.9909886984566,0.06362603216570215,0.06309418211490647,SL_GAP,-3.971162538341892,0.7549765699676276,0.0,-4.349643613960291,2.240088664180169,-1.9417283268794987,1,931.1470102059628,chop,5
LINK,-1,SWEEP_V2,2023-09-04 09:15:00+00:00,2023-09-04 11:15:00+00:00,6.142771253395081,6.094762571737581,121.26735270388879,744.9176081647703,6.169176028306706,6.094762571737581,TP,5.821885731408721,0.7420066652990659,0.0,5.45233787019204,3.2020371522748183,1.7027715828714056,8,936.2268892720725,chop,5
ETH,1,SWEEP_V2,2023-09-04 13:00:00+00:00,2023-09-04 13:30:00+00:00,1631.1362206054687,1631.9509731476612,0.45899411058089584,748.681918813091,1632.767356826074,1637.2937817058385,SL,0.37396661844718715,0.7488689021223146,0.0,-0.0005613242685819642,1.554456354336456,-0.00036110648395887204,2,935.4774962326885,chop,5
BTC,1,SWEEP_V2,2023-09-04 12:30:00+00:00,2023-09-04 15:00:00+00:00,25890.177,25802.862010900637,0.02892917693910158,748.9815114176581,25815.76989584856,26025.46264391171,SL,-2.5259507690911898,0.7477185360331124,0.0,-2.899178549415473,2.152536281523163,-1.3468662871336023,10,932.578317683273,chop,5
LINK,1,SWEEP_V2,2023-09-04 15:15:00+00:00,2023-09-04 21:15:00+00:00,6.00520098695755,5.961093182318797,124.23608398236152,746.0626541466185,5.964075219928762,6.079975108828074,SL,-5.47978092137764,0.7433227636859296,0.0,-5.8500723579902605,5.1093042464275555,-1.1449841457534364,24,926.2006730190222,chop,5
BTC,1,SWEEP_V2,2023-09-04 21:30:00+00:00,2023-09-04 21:45:00+00:00,25770.753119999998,25638.56800873636,0.028751993974137215,740.9605384152178,25651.393705589155,25987.77023711062,SL,-3.8005855225227174,0.7390602456539564,0.0,-4.169165498969065,3.431821163897101,-1.2148551162364916,1,921.2605886385676,chop,5
AVAX,1,SWEEP_V2,2023-09-04 21:30:00+00:00,2023-09-04 21:45:00+00:00,9.816962580299377,9.744282471987708,6.133574398766239,60.21307035617042,9.749157050512963,9.94024536172922,SL,-0.4457888516400106,0.059990175930350415,0.0,-0.47567249239227577,0.41589026159272896,-1.1437452047340557,1,920.7849161461753,chop,5
LINK,1,SWEEP_V2,2023-09-04 21:30:00+00:00,2023-09-04 22:00:00+00:00,5.982196146583557,5.938977446117644,123.81141240626928,740.6641541998517,5.941948420327807,6.05537383068492,SL,-5.350968347048208,0.7379886700263276,0.0,-5.718624939974609,4.9831278338652565,-1.1475974790594226,2,915.0662912062007,chop,5
ETH,1,SWEEP_V2,2023-09-04 22:15:00+00:00,2023-09-05 01:15:00+00:00,1622.5044897216796,1623.3149307142958,0.45118706148574983,732.0530329649606,1624.1269942114013,1635.2783858773623,SL,0.36566048996606254,0.7322358632099437,0.0,-0.0005488567614008177,3.169879168613647,-0.0001731475340875095,12,914.3059489440425,chop,5
LINK,1,SWEEP_V2,2023-09-04 22:15:00+00:00,2023-09-05 02:30:00+00:00,5.9771950321197505,5.931155276124509,122.42535299910791,731.7602117517746,5.9341223372931555,6.05550902271356,SL,-5.636433379710176,0.7289419950619196,0.0,-5.999495268896209,5.273189868768733,-1.1377354918375175,17,908.3064536751463,chop,5
AVAX,1,SWEEP_V2,2023-09-04 22:15:00+00:00,2023-09-05 03:00:00+00:00,9.744948630523682,9.65286912217682,5.72333094728308,55.77356607676006,9.657697971162401,9.90358619299874,SL,-0.5270014997322032,0.055510065326893954,0.0,-0.5546247820207172,0.4993643988932748,-1.110661439321494,19,907.7518288931255,chop,5
ETH,1,SWEEP_V2,2023-09-05 03:30:00+00:00,2023-09-05 04:30:00+00:00,1613.6026853027342,1622.3035686283504,0.44986971646806834,725.9109825292547,1615.216287988037,1622.3035686283504,TP,3.914263914716673,0.727868114486613,0.0,3.5493512914946876,2.1528451530941752,1.6486793239139308,4,910.5751239617983,chop,5
BTC,1,SWEEP_V2,2023-09-05 03:15:00+00:00,2023-09-05 08:00:00+00:00,25631.42526,25794.998982148616,0.028332465157440898,726.2014631145005,25657.05668526,25794.998982148616,TP,4.634446783448583,0.7285186865062248,0.0,4.269028828499608,2.548945730896716,1.6748213886051506,19,914.8441527902979,chop,5
ETH,-1,SWEEP_V2,2023-09-05 10:00:00+00:00,2023-09-05 10:15:00+00:00,1631.6736,1637.9844986124433,0.44854272461859923,731.8753222322384,1637.1659156546161,1621.6875715370618,SL,-2.830707658417021,0.733290676061447,0.0,-3.198060673362349,2.4635382281868683,-1.2981575186337089,1,911.2801544558195,chop,5
SOL,-1,SWEEP_V2,2023-09-05 10:45:00+00:00,2023-09-05 12:00:00+00:00,19.511096389770508,19.650142110987613,37.34964449754334,728.7325139152298,19.64032195001261,19.27614082569396,SL,-5.193308256363391,0.7313291680434115,0.0,-5.560271167449187,4.826528735038362,-1.1520228041085085,5,904.9910049696304,chop,5
ETH,-1,SWEEP_V2,2023-09-05 10:30:00+00:00,2023-09-05 12:45:00+00:00,1634.9029344726564,1640.2146866057606,0.4459127867427829,729.0241235646556,1639.394989111205,1626.7355624025681,SL,-2.3685781961593992,0.7302084126627353,0.0,-2.734274547039807,2.003064602076029,-1.3650456127106096,9,902.2567304225905,chop,5
SUI,-1,SWEEP_V2,2023-09-04 16:45:00+00:00,2023-09-05 15:15:00+00:00,0.48670264,0.48645904532868,635.0529727436644,309.0819583741895,0.48621593736,0.4666855850233521,SL,0.15469552016629026,0.3090046106141064,0.0,0.00023188873927865172,6.991539647671498,3.3167049171477026e-05,90,901.8960596191607,chop,5
XRP,1,SWEEP_V2,2023-09-05 14:15:00+00:00,2023-09-05 16:45:00+00:00,0.5011401898384095,0.5013905093632337,1440.3262779040244,721.8053843380725,0.5016413300282478,0.5055339179114126,SL,0.36054178947679943,0.721985655232811,0.0,-0.0005411735869752521,3.4806211008310446,-0.00015548190144742835,10,901.3548858365475,chop,5
NEAR,1,SWEEP_V2,2023-09-06 07:15:00+00:00,2023-09-06 14:00:00+00:00,1.1255251097917556,1.1166329397304962,640.6644351121166,721.0839086692381,1.1171915354982451,1.1406770630526837,SL,-5.696897109217641,0.7182354601146292,0.0,-6.054590614997651,5.339024667216727,-1.134025593134027,27,894.9397532672152,chop,5
NEAR,1,SWEEP_V2,2023-09-06 14:45:00+00:00,2023-09-06 15:15:00+00:00,1.1170233105897904,1.1124581249252825,634.3773507356146,708.6142884818769,1.1130146322414032,1.1243118166777673,SL,-2.896050387466741,0.7071662632881435,0.0,-3.248909506513946,2.543014750601124,-1.2775818566313708,2,891.3365366164603,chop,5
BTC,-1,SWEEP_V2,2023-09-05 15:30:00+00:00,2023-09-06 15:30:00+00:00,25685.961779999998,25665.33204,0.028089929194597154,721.5168476953286,25878.78992581271,25335.36515124961,TIME,0.5794879359028552,0.7212271037273772,0.0,0.21901925602314226,5.416528962604565,0.04043535214807118,96,891.5555558724834,chop,5
ETH,-1,SWEEP_V2,2023-09-05 15:30:00+00:00,2023-09-06 15:30:00+00:00,1633.2233388183595,1627.6054853027345,0.22026893799932082,359.748370357225,1647.5332691651736,1607.2052836423338,TIME,1.237438627722476,0.35912965104336375,0.0,1.0581831618577249,3.152033160336994,0.33571447634916096,96,892.6137390343412,chop,5
XRP,1,SWEEP_V2,2023-09-06 15:30:00+00:00,2023-09-06 17:00:00+00:00,0.4970193735837936,0.4924660430320701,1436.3141666966444,713.8759674010947,0.4927123992316859,0.5048502360421712,SL,-6.540013177093143,0.7106059608125481,0.0,-6.893681154205144,6.186168277531384,-1.1143701310621468,6,884.8280698588683,chop,5
NEAR,1,SWEEP_V2,2023-09-06 15:30:00+00:00,2023-09-06 17:00:00+00:00,1.118523621082306,1.1088620728466525,476.110203800008,532.5405091886196,1.109416781237271,1.1350815117096422,SL,-4.599961699500577,0.5302405283388694,0.0,-4.863931973245137,4.335859374593603,-1.1217919109060195,6,879.9641378856231,chop,5
SOL,1,SWEEP_V2,2023-09-06 15:30:00+00:00,2023-09-06 17:45:00+00:00,19.351869172668458,19.79005514042339,27.778172803319777,537.5595659456213,19.110866890403244,19.79005514042339,TP,12.172005532286434,0.5436455687117645,0.0,11.89713974654748,6.694603042757558,1.7771240013129976,9,891.2503776520605,chop,5
LINK,1,SWEEP_V2,2023-09-06 17:15:00+00:00,2023-09-06 17:45:00+00:00,6.155230605411529,6.2850940048800314,92.40102307716076,568.749605215877,6.083805735703853,6.2850940048800314,TP,11.99951097116761,0.5747493607014607,0.0,11.709136413074088,6.599731034142173,1.7741838799944414,2,902.9595140651346,chop,5
XRP,1,SWEEP_V2,2023-09-06 17:15:00+00:00,2023-09-06 17:45:00+00:00,0.49466890105605127,0.5024285304817764,1320.1766951800646,653.0503550045321,0.49040110487190247,0.5024285304817764,TP,10.24408193107576,0.65817239597007,0.0,9.912434712607956,5.63424506209165,1.7593190575434565,2,912.8719487777425,chop,5
AVAX,-1,SWEEP_V2,2023-09-06 18:15:00+00:00,2023-09-07 02:30:00+00:00,9.982003405952455,9.977007413247776,73.16142154256369,730.297559022194,9.972021402546503,9.835408290484802,SL,0.36551392829055973,0.7301148020580488,0.0,0.0005479057436080237,5.89880887134538,9.288413229823113e-05,33,912.5073479039751,chop,5
AVAX,1,SWEEP_V2,2023-09-07 12:15:00+00:00,2023-09-07 12:30:00+00:00,9.886977228927613,9.852155999694082,73.80555847107973,729.7138759718508,9.857084541965063,9.94132756885952,SL,-2.5700002702302296,0.7284288758367357,0.0,-2.93357220808104,2.2062464554721166,-1.3296665931428238,1,908.8439158187465,chop,5
NEAR,-1,SWEEP_V2,2023-09-07 08:30:00+00:00,2023-09-07 13:30:00+00:00,1.13747242166996,1.1369031167229142,641.7789692443135,730.0058783231801,1.1363349492482901,1.1181825919505273,SL,0.36536794210079265,0.7298231943521297,0.0,0.0005476869102529758,6.808893868829774,8.04369873879537e-05,20,908.3009860665659,chop,5
LINK,1,SWEEP_V2,2023-09-07 13:00:00+00:00,2023-09-07 14:45:00+00:00,6.225244777107239,6.275422887138176,116.79462554287804,727.0751326549972,6.231470021884347,6.275422887138176,TP,5.860533571512629,0.7300053994407536,0.0,5.4940657383993745,3.223293464331941,1.7044882196409235,7,913.4317314105386,chop,5
DOGE,1,SWEEP_V2,2023-09-07 13:00:00+00:00,2023-09-07 16:15:00+00:00,0.06296259016692639,0.0633695634335045,5715.770977219133,359.8797455266606,0.06302555275709332,0.0633695634335045,TP,2.326165985611236,0.36104282851946623,0.0,2.1450630298551,1.27939129208616,1.6766278175595413,13,915.5767944403938,chop,5
BTC,1,SWEEP_V2,2023-09-07 14:15:00+00:00,2023-09-07 16:15:00+00:00,25696.83834,25855.154348852295,0.028277439396976523,726.6407888532527,25722.53517834,25855.154348852295,TP,4.476771345892009,0.7288791745261989,0.0,4.111212565792436,2.4622242402406203,1.6697149262857833,8,919.6880070061862,chop,5
BTC,-1,SWEEP_V2,2023-09-07 17:00:00+00:00,2023-09-07 20:45:00+00:00,25826.93358,26004.12476853287,0.02848771819255784,735.750405604949,25991.12920393091,25528.396081943807,SL,-5.047772645128787,0.7382742919275134,0.0,-5.418171734253826,4.6775586629948975,-1.1583332513000995,15,913.9019600691299,chop,5
SOL,-1,SWEEP_V2,2023-09-07 21:30:00+00:00,2023-09-08 00:30:00+00:00,19.806037466049194,20.03266982920833,21.082551254009413,417.56180001681287,20.022658499958354,19.412181040759812,SL,-4.777988412119779,0.41995079422287274,0.0,-4.989158306334245,4.566924050086374,-1.0924548452343728,12,907.99960421937,chop,5
BTC,-1,SWEEP_V2,2023-09-07 21:30:00+00:00,2023-09-08 10:00:00+00:00,26198.55924,25716.992101950727,0.025878633467329794,677.9829119440861,26463.4211659271,25716.992101950727,TP,12.4622994554881,0.671751762216342,0.0,12.1295391492438,6.854264700518474,1.7696338964449814,50,920.1291433686138,chop,5
ETH,-1,SWEEP_V2,2023-09-07 21:30:00+00:00,2023-09-08 10:00:00+00:00,1646.4006344726563,1620.4382446058512,0.443907976945489,730.8503748905264,1660.679948899399,1620.4382446058512,TP,11.524911962443515,0.7250879189093047,0.0,11.165249230979473,6.338701579343913,1.761441060321242,50,931.2943925995933,chop,5
NEAR,-1,SWEEP_V2,2023-09-09 03:15:00+00:00,2023-09-09 05:30:00+00:00,1.1523695299625396,1.157827168446194,646.2662197413812,744.7374998740428,1.1572485441741072,1.1434985950324168,SL,-3.5270873915464365,0.7465010435698161,0.0,-3.901219685179231,3.1531420705742397,-1.2372483059314716,9,926.6482864074371,chop,5
DOGE,-1,SWEEP_V2,2023-09-09 03:15:00+00:00,2023-09-09 05:45:00+00:00,0.06368725796192884,0.06321027501013195,11698.344973888563,745.0355140796746,0.06394959858541713,0.06321027501013195,TP,5.579911116783704,0.7422455585212828,0.0,5.210183315302258,3.0689511142310124,1.697708148931455,10,931.8584697227394,chop,5
LINK,1,SWEEP_V2,2023-09-09 14:00:00+00:00,2023-09-09 17:15:00+00:00,6.1962391716957095,6.175205988359434,120.31278249935211,745.4867757781916,6.178295135927398,6.228864691274458,SL,-2.530560812006267,0.7442214953721884,0.0,-2.9020389194893594,2.1588968725534956,-1.344223041120483,13,928.583687415361,chop,5
NEAR,-1,SWEEP_V2,2023-09-09 18:30:00+00:00,2023-09-09 18:45:00+00:00,1.1746650749206544,1.1824671453394546,632.1544915281274,742.569803152316,1.1818762072358369,1.1615539252566864,SL,-4.932113858463292,0.7450358600815477,0.0,-5.305864816968682,4.558549682046206,-1.163937038542273,1,922.5351042218501,chop,5
SOL,1,SWEEP_V2,2023-09-09 18:15:00+00:00,2023-09-10 00:15:00+00:00,19.45188955421448,19.344829994897104,38.189963389512364,742.8669499322889,19.354507248521365,19.62894829183832,SL,-4.088600650827848,0.7408226496068749,0.0,-4.457989825468578,3.7190266892062915,-1.1986979922480725,24,918.0771143963816,chop,5
NEAR,1,SWEEP_V2,2023-09-10 00:30:00+00:00,2023-09-10 04:15:00+00:00,1.1633326241970061,1.150731082922558,572.5629917408588,666.081207699982,1.1513067362907035,1.1851978749357381,SL,-7.2151761726438695,0.66247361961366,0.0,-7.544609188407539,6.885578357972862,-1.0957117610420597,15,909.832366974607,chop,5
SUI,1,SWEEP_V2,2023-09-10 00:30:00+00:00,2023-09-10 04:15:00+00:00,0.47859569999999996,0.47419023492694456,1534.0615451288538,734.1952590340253,0.4744274486512702,0.4861743388158723,SL,-6.758254556982554,0.7308161317555341,0.0,-7.121973059221076,6.394354104517833,-1.1137908446748601,15,902.7103939153859,chop,5
BTC,1,SWEEP_V2,2023-09-10 17:00:00+00:00,2023-09-10 17:15:00+00:00,25804.159799999998,25681.839017345606,0.0279753130270979,721.8794478062558,25694.68636052587,26003.202417225686,SL,-3.4219621844762016,0.7201684667140177,0.0,-3.781190927287091,3.0625537374417893,-1.2346529241461062,1,898.0272146180648,chop,5
BTC,1,SWEEP_V2,2023-09-10 19:45:00+00:00,2023-09-10 22:30:00+00:00,25728.84474,25968.870089669053,0.027749288558789453,713.9571369745522,25754.57358474,25968.870089669053,TP,6.660532689390889,0.7172874033192476,0.0,6.300223854558918,3.663292979164984,1.7198252747982499,11,903.9704599041364,chop,5
XRP,1,SWEEP_V2,2023-09-10 15:15:00+00:00,2023-09-11 00:30:00+00:00,0.49536906781196594,0.495616504661338,1457.8389367792179,722.1683151323087,0.4958644368797779,0.5012352500887034,SL,0.360723073408567,0.722348676669013,0.0,-0.0005414456942915979,4.703571913299543,-0.00011511372724219184,37,903.6083302744805,chop,5
XRP,1,SWEEP_V2,2023-09-11 01:45:00+00:00,2023-09-11 03:30:00+00:00,0.4929485756278038,0.49617628739311576,1466.4545146498065,722.8866642195844,0.4934415242034316,0.49617628739311576,TP,4.733292490230001,0.7252533104646994,0.0,4.369482511875094,2.6033108696264886,1.6784328613439883,7,907.6163694542457,chop,5
BTC,-1,SWEEP_V2,2023-09-10 22:45:00+00:00,2023-09-11 05:30:00+00:00,25883.022360000003,25870.06790730882,0.027940182481969972,723.1763679233092,25857.13933764,25558.10152865192,SL,0.36194977214565416,0.7229953930372364,0.0,0.0005425630700723882,4.993091026032355,0.00010866276365554736,27,907.6169120173158,chop,5
ETH,1,SWEEP_V2,2023-09-10 17:00:00+00:00,2023-09-11 09:15:00+00:00,1614.1328206054686,1599.5088507880125,0.22298597273690127,359.92897712926856,1600.3090052906578,1639.2670302687611,SL,-3.2609401350205327,0.3582985070617583,0.0,-3.4392741535176565,3.0825169049083754,-1.115735698980663,65,903.8609465290747,chop,5
SUI,1,SWEEP_V2,2023-09-11 08:45:00+00:00,2023-09-11 09:15:00+00:00,0.43888776,0.43395383463413556,1443.15409809319,633.3826694469404,0.4341709200941826,0.4474638325560316,SL,-7.1204146114332305,0.6298224621412238,0.0,-7.4335457388509845,6.807126840129868,-1.0920239791960693,2,896.4274007902237,chop,5
ETH,1,SWEEP_V2,2023-09-11 10:30:00+00:00,2023-09-11 14:00:00+00:00,1584.3568470703124,1571.1461950745856,0.4526391399502393,717.141920632179,1571.9321611551632,1606.9471850978564,SL,-5.9796581575276555,0.7141520915534152,0.0,-6.335239288764981,5.623899146784991,-1.1264852237591496,14,889.7335905411426,chop,5
BTC,1,SWEEP_V2,2023-09-11 15:00:00+00:00,2023-09-11 20:00:00+00:00,25154.0298,24910.332787787185,0.028297130841155087,711.7868724329142,24922.794184879625,25574.458191127953,SL,-6.895926240184596,0.7083389093128218,0.0,-7.248371713280961,6.543304456196227,-1.1077540043879612,20,881.596092561899,chop,5
DOGE,1,SWEEP_V2,2023-09-11 19:30:00+00:00,2023-09-12 00:45:00+00:00,0.05979195764064789,0.060738924789585355,9426.073288472475,563.6033747819888,0.05985174959828854,0.060738924789585355,TP,8.926181747660388,0.568066465655819,0.0,8.639916969395564,4.9093999612132135,1.7598722934890934,21,889.8936737429275,chop,5
ETH,1,SWEEP_V2,2023-09-11 19:30:00+00:00,2023-09-12 03:15:00+00:00,1550.0799735351561,1587.4643248713605,0.32441054222731297,502.86228471023895,1529.5185803002437,1587.4643248713605,TP,12.127877687794447,0.5089262235541362,0.0,11.870382606595431,6.6703327282869465,1.7795787841671797,31,901.7640563495229,chop,5
BTC,1,SWEEP_V2,2023-09-11 20:15:00+00:00,2023-09-12 03:15:00+00:00,25101.91938,25542.669928940115,0.027275666309390618,684.6715767341054,25127.021299379998,25542.669928940115,TP,12.02176489857133,0.6906824591833911,0.0,11.673418227754992,6.611970694214242,1.7654975751737274,28,913.4374745772778,chop,5
BTC,-1,SWEEP_V2,2023-09-12 04:15:00+00:00,2023-09-12 06:00:00+00:00,25857.52746,25844.58576750627,0.02826062858454844,730.7499796618223,25831.66993254,25557.221616436535,SL,0.36574036482080596,0.730567109479412,0.0,0.0005482451723052284,4.66775754869416,0.00011745365233432145,7,913.0726478326193,chop,5
BTC,-1,SWEEP_V2,2023-09-12 14:15:00+00:00,2023-09-12 16:30:00+00:00,26228.7532,26439.003969475507,0.027849517386365718,730.4581182660954,26425.79107393854,25870.502520111742,SL,-5.855382460004922,0.7333858094960979,0.0,-6.223539210367972,5.4874096960239465,-1.134148816130388,9,906.4838795631182,chop,5
NEAR,1,SWEEP_V2,2023-09-12 16:30:00+00:00,2023-09-12 16:45:00+00:00,1.0940187086820603,1.0846219599594058,662.8653586044347,725.1871036504946,1.085164542230521,1.1101171931394045,SL,-6.22877921175814,0.7220727140446155,0.0,-6.588258373977508,5.869120220042992,-1.1225291231007104,1,899.5330276373154,chop,5
SUI,1,SWEEP_V2,2023-09-12 17:30:00+00:00,2023-09-13 02:30:00+00:00,0.42748548,0.42769900899726,82.33251055303626,35.19595279336977,0.42791296547999996,0.4371579266786456,SL,0.01758037842028945,0.03520474298257991,0.0,-2.638816560557658e-05,0.43799625003380044,-6.024746925011388e-05,36,898.6343492755097,chop,5
AVAX,1,SWEEP_V2,2023-09-12 17:30:00+00:00,2023-09-13 05:15:00+00:00,9.28485659236908,9.164138521625109,58.053007561141634,539.0138499609179,9.168722883066641,9.496008791100786,SL,-7.008047073666167,0.5355098264240848,0.0,-7.274049975109793,6.741911104237893,-1.0789299744010867,47,891.3427189483677,chop,5
DOGE,1,SWEEP_V2,2023-09-13 04:00:00+00:00,2023-09-13 05:15:00+00:00,0.06074214509502053,0.06047748525947162,578.8518665128212,35.16070406424524,0.060507739129036134,0.06116833776044671,SL,-0.15319883979846186,0.03508410464434601,0.0,-0.17070259241068525,0.13568633093180887,-1.2580677157264597,5,891.1720163559571,chop,5
XRP,-1,SWEEP_V2,2023-09-12 16:45:00+00:00,2023-09-13 06:00:00+00:00,0.48313334877491,0.475129755191849,1489.0815470678529,719.4249544338155,0.48265021542613507,0.475129755191849,TP,11.91800351476676,0.7134659526764322,0.0,11.564250039307236,6.554901933121705,1.764214042756835,53,902.7362663952644,chop,5
AVAX,1,SWEEP_V2,2023-09-13 06:15:00+00:00,2023-09-13 06:45:00+00:00,9.120824234962463,9.170764998061282,79.18023574534804,722.1890131162115,9.129945059197425,9.170764998061282,TP,3.954321395467076,0.7241661738139451,0.0,3.591249728211237,2.174876767506927,1.651242857464474,2,905.9664216169175,chop,5
BTC,-1,SWEEP_V2,2023-09-12 16:45:00+00:00,2023-09-13 10:00:00+00:00,26230.652820000003,26217.52437826359,0.019201549940381573,503.6691900920408,26204.422167180004,25591.83150058219,SL,0.25208642964109196,0.5035431468772202,0.0,0.00037787780989212427,6.746497707279865,5.601095950634832e-05,69,905.3653274622395,chop,5
SOL,-1,SWEEP_V2,2023-09-13 07:45:00+00:00,2023-09-13 15:15:00+00:00,18.00639822883606,18.468998111338962,14.987202916529313,269.86554405140004,18.45976822722535,17.182089140855528,SL,-6.933078308233634,0.27333208320551683,0.0,-7.071477619413451,6.794748162126881,-1.0407269630431673,30,898.293849842826,chop,5
XRP,-1,SWEEP_V2,2023-09-13 07:45:00+00:00,2023-09-13 17:15:00+00:00,0.47615474284887316,0.48487591801344093,801.0120114763168,381.40566834336425,0.48463360121283455,0.4607386367325797,SL,-6.985766061007731,0.38489855137386814,0.0,-7.179961778209917,6.79166739313951,-1.0571721732814297,38,890.754570524679,chop,5
ETH,-1,SWEEP_V2,2023-09-13 15:30:00+00:00,2023-09-13 22:15:00+00:00,1610.0279055908204,1609.222086624072,0.44634945604284326,718.6350798742609,1608.4178776852295,1590.9854728122807,SL,0.3596768574771309,0.7184552414455223,0.0,0.0005391559687389913,4.674768731838489,0.00011533318537598598,27,890.7551096806478,chop,5
LINK,-1,SWEEP_V2,2023-09-13 07:45:00+00:00,2023-09-14 00:30:00+00:00,5.983803133487702,6.060521167779312,92.1943520323471,551.6728525810269,6.0574924215685275,5.849822609704383,SL,-7.072969460710374,0.555209337311382,0.0,-7.352342371731243,6.793736166336688,-1.0822237119189992,67,883.4027673089166,chop,5
SOL,-1,SWEEP_V2,2023-09-14 01:15:00+00:00,2023-09-14 05:30:00+00:00,19.110177520370485,18.626934463353326,18.431573107828882,352.2306340702967,19.091067342850113,18.626934463353326,TP,8.906929734262484,0.3477771692031654,0.0,8.735267882094467,4.898811353844363,1.7831402867227024,17,891.2553390045716,chop,5
ETH,-1,SWEEP_V2,2023-09-14 01:15:00+00:00,2023-09-14 12:00:00+00:00,1629.4840965820313,1628.668539791692,0.4335356978588536,706.4395249615945,1627.8546124854493,1610.5954005151389,SL,0.3535729822432816,0.7062627384704729,0.0,0.0005300062536059968,4.5039082170521905,0.00011767696588472802,43,891.2558690108252,chop,5
BTC,-1,SWEEP_V2,2023-09-14 01:15:00+00:00,2023-09-14 12:15:00+00:00,26350.82878,26588.91801465034,0.026819733821181673,706.7222138471334,26575.630199550564,25942.0989262717,SL,-6.38548989901095,0.7099149587966389,0.0,-6.742043750884022,6.029114234969909,-1.1182478035959242,44,884.5138252599412,chop,5
BTC,-1,SWEEP_V2,2023-09-14 12:30:00+00:00,2023-09-14 13:15:00+00:00,26399.918960000003,26590.185102618227,0.026803531529020756,707.611060207953,26576.896654291082,26078.14133401622,SL,-5.099804552572726,0.7101609624842393,0.0,-5.456159984952989,4.743627208864343,-1.1502084258976226,3,878.7038597448843,chop,5
BTC,-1,SWEEP_V2,2023-09-14 13:45:00+00:00,2023-09-14 15:00:00+00:00,26629.37306,26817.391606371388,0.026387474499588878,702.6819025607891,26803.989611565605,26311.888420789815,SL,-4.961334597824718,0.7051625698597015,0.0,-5.3151562164040245,4.607689801643495,-1.1535403738568049,5,872.6858810333019,chop,5
DOGE,-1,SWEEP_V2,2023-09-14 13:30:00+00:00,2023-09-14 17:30:00+00:00,0.061807636409997944,0.06217059748471323,11373.40187437093,702.9630877959075,0.06213952772085281,0.0612041976629891,SL,-4.128102167490503,0.7050271388796527,0.0,-4.481647762472202,3.7747332569641294,-1.1872753536170704,16,867.6833780080467,chop,5
LINK,-1,SWEEP_V2,2023-09-14 15:15:00+00:00,2023-09-14 18:00:00+00:00,6.095780722045898,6.139210780109918,56.36059372948045,343.56182073922787,6.136142708755541,6.022395291664729,SL,-2.447743858193984,0.3447856926683248,0.0,-2.6207486404926947,2.2748255350568645,-1.152065773882384,11,865.062629367554,chop,5
ETH,-1,SWEEP_V2,2023-09-14 15:15:00+00:00,2023-09-15 02:00:00+00:00,1635.3828189453125,1634.5643098444302,0.42690231103008053,698.1487048266416,1633.7474361263671,1616.9425673694652,SL,0.34942342676578086,0.6979739931132587,0.0,0.0005237860658429128,4.329702307537875,0.00012097507603028913,43,864.5475109017174,chop,5
XRP,-1,SWEEP_V2,2023-09-14 18:45:00+00:00,2023-09-15 02:00:00+00:00,0.4905518681883812,0.49466535518284804,691.5362519436106,339.23440031092923,0.4944181461097932,0.48352227196763214,SL,-2.8446253785723874,0.34065671300021544,0.0,-3.0156648914171384,2.673671342745571,-1.1279115885351776,29,861.5318460103002,chop,5
NEAR,-1,SWEEP_V2,2023-09-15 02:15:00+00:00,2023-09-15 06:15:00+00:00,1.1184762874603271,1.1068836086966791,616.2182287952058,689.2254768082403,1.1173578111728668,1.1068836086966791,TP,7.143619974726968,0.6856536668208768,0.0,6.802579046310211,3.9289909860998256,1.7313806700948677,16,867.9898123182064,chop,5
AVAX,1,SWEEP_V2,2023-09-15 07:30:00+00:00,2023-09-15 08:00:00+00:00,9.347868917655944,9.299285492094217,74.2834389283124,694.3918498545652,9.30393746082463,9.42774429371288,SL,-3.6089439256427602,0.6925873778917437,0.0,-3.9543353786072215,3.2633796905607597,-1.2117300938180846,2,863.513859374953,chop,5
NEAR,1,SWEEP_V2,2023-09-15 07:30:00+00:00,2023-09-15 08:00:00+00:00,1.1017203343391417,1.0969070175141133,316.6350557078541,348.84327943794983,1.0974557453868068,1.1094741324342963,SL,-1.524064841032416,0.3480812470174336,0.0,-1.6977244483308747,1.350318360493675,-1.257277171074078,2,861.8161349266221,chop,5
AVAX,1,SWEEP_V2,2023-09-15 08:30:00+00:00,2023-09-15 09:00:00+00:00,9.307860955810547,9.35181664622061,74.07211079049245,689.4529079412978,9.317168816766358,9.35181664622061,TP,3.2558907699268285,0.6910808533262611,0.0,2.909536370571216,1.7907399234597754,1.6247676909720563,2,864.2102249404677,chop,5
SUI,1,SWEEP_V2,2023-09-15 08:30:00+00:00,2023-09-15 10:45:00+00:00,0.43478693999999996,0.43865871134047985,785.3037294771593,341.43980550996184,0.43522172693999994,0.43865871134047985,TP,3.0405164733616385,0.3429600637466427,0.0,2.868276312369977,1.6722840603489098,1.7151848662430784,9,867.0785012528377,chop,5
BTC,-1,SWEEP_V2,2023-09-14 18:45:00+00:00,2023-09-15 14:45:00+00:00,26666.76558,26241.588048317313,0.02595178261937694,692.0501034940432,26640.09881442,26241.588048317313,TP,11.034114876872321,0.6865330460556072,0.0,10.693606882563735,6.0687631822797625,1.7620735166908632,80,877.7721081354014,chop,5
DOGE,1,SWEEP_V2,2023-09-15 15:00:00+00:00,2023-09-15 15:30:00+00:00,0.06150229729413986,0.06184655091327195,5690.6098022483075,349.98557584282185,0.061563799591434,0.06184655091327195,TP,1.9590130194925186,0.3509650823525681,0.0,1.7830407250613614,1.0774571607208754,1.6548599703661662,2,878.6780788295704,chop,5
XRP,1,SWEEP_V2,2023-09-15 15:00:00+00:00,2023-09-15 16:15:00+00:00,0.4896779214084148,0.49471474174917185,1433.46630253372,701.9367994337179,0.49016759932982323,0.49471474174917185,TP,7.220112230391613,0.7055468555489137,0.0,6.865533774559558,3.971061726715379,1.7288912253293807,5,885.54361260413,chop,5
ETH,1,SWEEP_V2,2023-09-15 15:00:00+00:00,2023-09-15 16:30:00+00:00,1614.9329073486329,1623.113202400347,0.43482777724878313,702.2176865083211,1616.5478402559816,1623.113202400347,TP,3.5570195145761097,0.7039961962656092,0.0,3.204132161564661,1.9563607330168455,1.6378023272955722,6,888.7477447656946,chop,5
LINK,-1,SWEEP_V2,2023-09-15 23:15:00+00:00,2023-09-16 00:00:00+00:00,6.350729836463929,6.382888458772634,111.91057009755504,710.7137965342307,6.3796986094679005,6.2980593400930704,SL,-3.5988897561192186,0.7125132414122903,0.0,-3.9560460992643938,3.241911901901149,-1.2202818025204376,3,883.9036617776607,chop,5
SUI,-1,SWEEP_V2,2023-09-16 00:45:00+00:00,2023-09-16 01:00:00+00:00,0.44761046,0.45085269634775343,1569.3273623465136,702.4473425505096,0.45062738265642527,0.44212514607922676,SL,-5.08813021572391,0.7049914076583715,0.0,-5.441897952107027,4.734539274811323,-1.149403909491044,1,878.1105401542783,chop,5
DOGE,-1,SWEEP_V2,2023-09-15 23:15:00+00:00,2023-09-16 02:00:00+00:00,0.062677459256351,0.06264608918799319,5653.735639520981,354.36178519225587,0.06261478179709465,0.062157900543449794,SL,0.17735807348875027,0.35427310615551144,0.0,0.00026585992936672964,1.6155961865742665,0.00016455840362588554,11,878.1108060142077,chop,5
LINK,-1,SWEEP_V2,2023-09-16 02:30:00+00:00,2023-09-16 03:30:00+00:00,6.3987200953483585,6.339145179707778,109.78580627742264,702.4886448113662,6.431486298950678,6.339145179707778,TP,6.540480147510589,0.6992184047376109,0.0,6.192506065178661,3.5972640811308385,1.7214488359809217,4,883.7810516156009,chop,5
DOGE,-1,SWEEP_V2,2023-09-16 02:30:00+00:00,2023-09-16 03:45:00+00:00,0.06274745091050864,0.06231681222267604,5450.9351024871685,342.03228275968195,0.06298430218881657,0.06231681222267604,TP,2.347383539995736,0.3408585909896841,0.0,2.1775410903858927,1.2910609469976453,1.686629198605807,5,885.9585927059868,chop,5
BTC,-1,SWEEP_V2,2023-09-15 23:15:00+00:00,2023-09-16 10:00:00+00:00,26745.84976,26442.980921850503,0.02658349621315437,710.9981958125558,26719.103910240003,26442.980921850503,TP,8.051312612029633,0.7069725395065409,0.0,7.69983917042937,4.428221936616274,1.738810583715465,43,893.6584318764162,chop,5
SUI,-1,SWEEP_V2,2023-09-16 12:00:00+00:00,2023-09-16 12:15:00+00:00,0.46180762,0.46557104078797823,1548.1051297965441,714.926745501133,0.46533837160217717,0.4553880716324051,SL,-5.82617102745209,0.7178398310148592,0.0,-6.186547485716383,5.465974667367884,-1.1318287884959204,1,887.1144210179493,chop,5
XRP,1,SWEEP_V2,2023-09-16 15:15:00+00:00,2023-09-17 00:15:00+00:00,0.4993198576211929,0.4959278726448528,1421.3164687569151,709.6915368143596,0.49617596062516534,0.5050360339776067,SL,-4.821084108648268,0.7072809947600354,0.0,-5.1735193350011235,4.468472576529384,-1.1577824964563936,36,881.586055914541,chop,5
XRP,1,SWEEP_V2,2023-09-17 00:30:00+00:00,2023-09-17 00:45:00+00:00,0.4970893932402134,0.4951068584342646,1418.7968086271735,705.2688447316328,0.49535453570211563,0.5002436796731184,SL,-2.8128140556724333,0.7038624377037966,0.0,-3.1640420710104133,2.461410338475907,-1.2854589994813999,1,877.7168860525679,chop,5
DOGE,1,SWEEP_V2,2023-09-17 00:30:00+00:00,2023-09-17 01:00:00+00:00,0.06193238237723708,0.06158306885548616,11383.168386767153,704.9867371937403,0.061613875793382844,0.06251148525697206,SL,-3.9762946378654194,0.7029985898748076,0.0,-4.326799859143357,3.6256140763067735,-1.193397799125616,2,873.3900861934246,chop,5
SOL,1,SWEEP_V2,2023-09-17 01:15:00+00:00,2023-09-17 10:00:00+00:00,18.83676678314209,19.08080420666797,37.078156361325135,698.4325841271578,18.85560354992523,19.08080420666797,TP,9.04845774750756,0.7029568130009116,0.0,8.694717226570228,4.976651761129185,1.7471017953238157,35,881.2121119061279,chop,5
ETH,1,SWEEP_V2,2023-09-17 01:15:00+00:00,2023-09-17 10:45:00+00:00,1624.4147838134766,1635.5841827320544,0.43013156240454986,698.7120689547397,1626.0391985972901,1635.5841827320544,TP,4.80431100796757,0.7011142244587235,0.0,4.452552817986216,2.6423710543821635,1.6850596401296516,38,885.6646647241141,chop,5
LINK,1,SWEEP_V2,2023-09-17 14:00:00+00:00,2023-09-17 16:15:00+00:00,6.175234586334228,6.151416412594139,114.73762200828281,708.5317317792914,6.15449365942385,6.2129453625349145,SL,-2.732840615517976,0.7071653114715324,0.0,-3.085740061099863,2.379764631944345,-1.296657669283333,9,882.2246587971247,chop,5
XRP,1,SWEEP_V2,2023-09-17 01:15:00+00:00,2023-09-17 17:45:00+00:00,0.4952290284991264,0.4954763953988618,703.1865149489797,348.23837465186966,0.49572425752762556,0.5014553349196985,SL,0.1739450681386474,0.348325347185939,0.0,-0.00026109172135677094,2.408040092087616,-0.00010842498935739114,66,881.8715078418845,chop,5
NEAR,1,SWEEP_V2,2023-09-17 17:30:00+00:00,2023-09-17 17:45:00+00:00,1.1031206082344054,1.0973522484366078,639.802866313351,705.7797270376998,1.0979011990361258,1.1126104431403683,SL,-3.690613132557575,0.703934420471421,0.0,-4.041657689510146,3.339392965521537,-1.2102971202369204,1,877.8298501523743,chop,5
AVAX,1,SWEEP_V2,2023-09-17 18:15:00+00:00,2023-09-17 20:30:00+00:00,9.164832706832886,9.096304063440003,76.59528515413967,701.9829745698507,9.100854490685345,9.281156736192052,SL,-5.248970981904198,0.6993584890788986,0.0,-5.597337983698171,4.900429709474109,-1.1422137068667089,9,871.3553844419513,chop,5
NEAR,1,SWEEP_V2,2023-09-17 18:15:00+00:00,2023-09-17 20:30:00+00:00,1.098419603562355,1.092575697719316,318.6474436755967,350.0085987583068,1.0931222588487404,1.1080511394052908,SL,-1.8621456579652813,0.3490775259293242,0.0,-2.036218884515452,1.687985351261744,-1.2063012768407075,9,869.3191655574358,chop,5
ETH,1,SWEEP_V2,2023-09-17 18:15:00+00:00,2023-09-17 20:45:00+00:00,1624.7249044189452,1616.7583877989487,0.4322355607474683,702.2638801218995,1617.567171384641,1637.7389644813168,SL,-3.4434117784482483,0.7005421742326754,0.0,-3.792822012619974,3.093826751763209,-1.2259322570206619,10,865.5263435448159,chop,5
ETH,1,SWEEP_V2,2023-09-17 21:15:00+00:00,2023-09-18 00:30:00+00:00,1616.0130793945311,1616.820277927689,0.4284749199525545,692.4210748358528,1617.6290924739258,1625.367565634716,SL,0.3458643268806147,0.6925940069992931,0.0,-0.0005191427007520399,2.2044895086282184,-0.0002354933868907752,13,865.1796138646971,chop,5
SOL,1,SWEEP_V2,2023-09-18 00:45:00+00:00,2023-09-18 02:15:00+00:00,18.696739393615722,18.940475827455654,18.45052686648677,344.96469249760844,18.56268435500376,18.940475827455654,TP,4.497065620905326,0.3472132253080611,0.0,4.32233474184607,2.47338609149792,1.7475374171075726,6,868.6374609979408,chop,5
BTC,1,SWEEP_V2,2023-09-18 00:45:00+00:00,2023-09-18 02:30:00+00:00,26499.798899999998,26727.351190972313,0.026118828059927574,692.1436910917578,26526.2986989,26727.351190972313,TP,5.943399162548504,0.6951153906730321,0.0,5.594355617421351,3.2688695394016674,1.7114037590026732,7,874.2318166153622,chop,5
ETH,1,SWEEP_V2,2023-09-18 00:45:00+00:00,2023-09-18 02:30:00+00:00,1614.5628382324219,1636.6035984519126,0.4285165106195293,691.866833615321,1616.1774010706542,1636.6035984519126,TP,9.444829660657895,0.69658924844565,0.0,9.094173829019905,5.194656313361837,1.7506786359720512,7,883.3259904443821,chop,5
SOL,-1,SWEEP_V2,2023-09-18 02:45:00+00:00,2023-09-18 03:30:00+00:00,19.076183923721313,19.290837578131956,18.462813264047995,352.200021574301,19.281196979642136,18.70343291295618,SL,-3.963110337829198,0.3541815767432156,0.0,-4.141191903785263,3.7851177681579795,-1.0940721418558572,3,878.3021790696126,chop,5
LINK,-1,SWEEP_V2,2023-09-18 04:15:00+00:00,2023-09-18 05:45:00+00:00,6.582683310604096,6.673732719454515,52.192308445357504,343.56543774515603,6.670397520694168,6.423202928622145,SL,-4.752078830488544,0.3459414771604003,0.0,-4.926237588776366,4.578007108061954,-1.0760659545724975,6,873.2041587619636,chop,5
ETH,-1,SWEEP_V2,2023-09-18 02:45:00+00:00,2023-09-18 07:15:00+00:00,1627.544421118164,1638.4641762740748,0.43401465353140034,706.3781280385635,1637.6453535972762,1609.1790893379602,SL,-4.739333750640308,0.7087477949138837,0.0,-5.09489248153491,4.383952710265902,-1.1621686679247705,18,868.1092662804288,chop,5
BTC,-1,SWEEP_V2,2023-09-18 02:45:00+00:00,2023-09-18 07:30:00+00:00,26615.275879999997,26779.252334774643,0.026550947491268528,706.6607923555057,26765.869400074607,26341.469479864343,SL,-4.353730240525978,0.7088376574757687,0.0,-4.709237501823994,3.9984006440262587,-1.1777802979448166,19,863.4000287786048,chop,5
BTC,-1,SWEEP_V2,2023-09-18 07:45:00+00:00,2023-09-18 09:30:00+00:00,26677.6634,26822.77643923969,0.02589132386395144,690.7200230228839,26809.371753363008,26438.193666612715,SL,-3.7571686958370574,0.6925986073708025,0.0,-4.104407291696418,3.4101036325093617,-1.2036019235802948,7,858.4329120400089,chop,5
ETH,-1,SWEEP_V2,2023-09-18 07:45:00+00:00,2023-09-18 09:30:00+00:00,1631.1737,1640.3294481427477,0.42328032570269786,690.4437350136748,1639.5096932960996,1616.0173485525463,SL,-3.8754480559140743,0.6923814590416318,0.0,-4.222607647448869,3.528461957428527,-1.196727553930104,7,854.21030439256,chop,5
NEAR,-1,SWEEP_V2,2023-09-18 09:15:00+00:00,2023-09-18 09:30:00+00:00,1.111777588558197,1.1159219487904275,309.6438885848201,344.2551357626144,1.115364266657099,1.1052563556511026,SL,-1.283275818004114,0.3448967736716164,0.0,-1.4560450237944231,1.1105929536460275,-1.3110519196203179,1,852.7542593687656,chop,5
BTC,-1,SWEEP_V2,2023-09-18 10:00:00+00:00,2023-09-18 10:15:00+00:00,26864.72598,26977.849024877287,0.02539402069475389,682.2034074950125,26964.36684145656,26683.560777351704,SL,-2.8726489426674147,0.6836397319663462,0.0,-3.2151869708862546,2.530282097871055,-1.2706832070587977,1,848.8570054310658,chop,5
ETH,-1,SWEEP_V2,2023-09-18 10:00:00+00:00,2023-09-18 10:30:00+00:00,1637.7723555908203,1644.6291933299576,0.4163768693519134,681.9305261320145,1643.8072896851152,1626.799748146648,SL,-2.855028631476037,0.6833580404477525,0.0,-3.1974214088577826,2.5128069649276106,-1.2724500741543807,2,845.3200412200356,chop,5
BTC,-1,SWEEP_V2,2023-09-18 10:15:00+00:00,2023-09-18 10:30:00+00:00,26906.1177,27008.12081167391,0.025239078038555247,679.0856043448526,26994.62349992395,26745.198063774635,SL,-2.5744644957133285,0.6803728365927093,0.0,-2.9152945301336115,2.2338047911453485,-1.305080256649839,1,842.404746689902,chop,5
ETH,-1,SWEEP_V2,2023-09-18 11:00:00+00:00,2023-09-18 11:15:00+00:00,1648.2103310546875,1654.292484709473,0.408718605350514,673.6542278329808,1653.4657518335564,1638.655020547653,SL,-2.485889359311479,0.6748971725126367,0.0,-2.8239594179076253,2.1479882512694246,-1.3146996573369119,1,838.739056314317,chop,5
LINK,-1,SWEEP_V2,2023-09-18 11:00:00+00:00,2023-09-18 11:45:00+00:00,6.77764400548935,6.687665007301142,49.55761764673354,335.8838901697168,6.7708663614838605,6.687665007301142,TP,4.459144788447341,0.33365431777549315,0.0,4.2934324157567065,2.4525296336460465,1.7506138791782455,3,842.6986535175203,chop,5
BTC,-1,SWEEP_V2,2023-09-18 11:15:00+00:00,2023-09-18 12:00:00+00:00,27164.466020000003,27250.769926048677,0.02457881648089159,667.6704251069957,27237.151350373493,27032.310873866387,SL,-2.1212478683544562,0.6687310490411729,0.0,-2.4561437048421313,1.7865193961029788,-1.3748206205876277,3,840.2425098126781,chop,5
NEAR,-1,SWEEP_V2,2023-09-18 10:45:00+00:00,2023-09-18 12:15:00+00:00,1.1190761478185653,1.1258220746010346,602.2144236257855,673.9237973519216,1.1252594448785953,1.1078337895276018,SL,-4.0624944091264465,0.6759550445564848,0.0,-4.4014875550069705,3.7236706751129547,-1.1820292230524534,6,835.8410222576712,chop,5
BTC,-1,SWEEP_V2,2023-09-18 12:15:00+00:00,2023-09-18 12:30:00+00:00,27188.86114,27320.131013122776,0.02459363098597726,668.672817806137,27306.47777423566,26975.012714116983,SL,-3.2284028191575977,0.6702870192157158,0.0,-3.5643534294702452,2.8926201002044607,-1.2322231423401586,1,831.9423324192979,chop,5
AVAX,-1,SWEEP_V2,2023-09-18 12:45:00+00:00,2023-09-18 13:30:00+00:00,9.288141961860656,9.224566387170517,35.713527459621034,331.71231300376894,9.278853819898796,9.224566387170517,TP,2.270508032457474,0.3305770589875402,0.0,2.1057871299718185,1.2487794178516203,1.6862762949717576,3,833.2168426376057,chop,5
SOL,-1,SWEEP_V2,2023-09-18 12:45:00+00:00,2023-09-18 15:00:00+00:00,19.802038555908204,19.9847084925095,33.610371177509975,665.5538659354384,19.97472113194353,19.488070235843978,SL,-6.139604372141798,0.6686236681215092,0.0,-6.475451107295588,5.80392547643584,-1.1157019733603004,9,826.7413915303101,chop,5
LINK,-1,SWEEP_V2,2023-09-18 15:00:00+00:00,2023-09-18 16:00:00+00:00,6.787642234325409,6.6634692770327595,90.79067209111193,616.2546003684205,6.855937360836366,6.6634692770327595,TP,11.27374624814057,0.6106177272443503,0.0,10.97125582108043,6.200560436477326,1.7693974493882105,4,837.4045200512063,chop,5
DOGE,-1,SWEEP_V2,2023-09-18 12:45:00+00:00,2023-09-18 16:15:00+00:00,0.06261747173070907,0.06218583543100064,10624.632806162814,665.2876443890642,0.06255485425897836,0.06218583543100064,TP,4.585977190212919,0.6629946557939577,0.0,4.255626356613494,2.5222874546171163,1.687209104110419,14,841.6601464078198,chop,5
NEAR,1,SWEEP_V2,2023-09-18 23:45:00+00:00,2023-09-19 00:15:00+00:00,1.0994198503017425,1.096214057278912,612.4394760941026,673.3281171262558,1.0967624384981611,1.104251508126436,SL,-1.9633541993683898,0.6723464400265717,0.0,-2.2990365808318334,1.6275038927516563,-1.4126151040688462,2,839.0244457684248,chop,5
ETH,1,SWEEP_V2,2023-09-19 00:45:00+00:00,2023-09-19 03:45:00+00:00,1632.196369116211,1633.0116512025845,0.41123701125385215,671.2195566147399,1633.828565485327,1644.3141163238304,SL,0.33527416852908404,0.6713871936990043,0.0,-0.0005032468625504327,2.7407963796351216,-0.0001836133710222681,12,838.6883327432549,chop,5
AVAX,-1,SWEEP_V2,2023-09-19 09:45:00+00:00,2023-09-19 12:15:00+00:00,9.260147683906556,9.25551297999076,42.658882454235574,395.0275515566316,9.250887536222649,9.155525094756825,SL,0.19771128955413217,0.39492869591185453,0.0,0.00029636942059343974,2.4546955029278883,0.00012073571660515084,10,837.8505813139551,chop,5
SOL,-1,SWEEP_V2,2023-09-19 09:15:00+00:00,2023-09-19 13:45:00+00:00,20.227953950881957,19.848932331611753,30.17416026263485,610.36152429911,20.207725996931075,19.848932331611753,TP,11.436659082862526,0.6046431947576787,0.0,11.137196650254403,6.290162495574411,1.7705737583234509,18,848.9877779642095,chop,5
BTC,-1,SWEEP_V2,2023-09-19 09:45:00+00:00,2023-09-19 13:45:00+00:00,27326.83354,26989.86698913974,0.024543879941418354,670.7065215848843,27299.50670646,26989.86698913974,TP,8.270466568588047,0.6665712883005903,0.0,7.939248541079898,4.548756612723438,1.7453667489864884,16,856.9270265052894,chop,5
DOGE,-1,SWEEP_V2,2023-09-19 15:45:00+00:00,2023-09-19 16:00:00+00:00,0.06304738853871822,0.06325787108424559,10873.43404847342,685.5416212042315,0.06322625795526796,0.0627221714177187,SL,-2.288668077146675,0.6866859552428048,0.0,-2.6325832217873644,1.944924804142489,-1.3535655549151484,1,853.9516724728999,chop,5
XRP,-1,SWEEP_V2,2023-09-19 18:30:00+00:00,2023-09-20 01:45:00+00:00,0.5149969822883607,0.5147392262987253,1326.5346428686441,683.1613379783199,0.5144819853060723,0.5109374330345476,SL,0.341922249658249,0.6829903768534908,0.0,0.0005125417939181309,2.9618229957879976,0.0001730494343000968,29,853.335805346194,chop,5
LINK,-1,SWEEP_V2,2023-09-19 23:30:00+00:00,2023-09-20 03:00:00+00:00,6.900619550418854,6.984492965595768,79.644732622297,549.597999021305,6.981002464363587,6.754468797792068,SL,-6.680075725884208,0.5529380368842471,0.0,-6.958214763257803,6.40207568852933,-1.0868685566659126,14,846.0362562607977,chop,5
XRP,-1,SWEEP_V2,2023-09-20 02:15:00+00:00,2023-09-20 03:15:00+00:00,0.5151569291591644,0.5201439783523925,1325.1663825840453,682.6686442769552,0.5198840363342254,0.5065621888408718,SL,-6.608669939158644,0.6859729792465346,0.0,-6.953308596266701,6.264203515262636,-1.1100068156031442,4,839.082947664531,chop,5
DOGE,1,SWEEP_V2,2023-09-20 04:00:00+00:00,2023-09-20 06:00:00+00:00,0.062412478306889535,0.06215257589499639,10755.322915249877,671.2663581316249,0.06218366772886082,0.06282849753966903,SL,-2.7953343663630434,0.6698686909484435,0.0,-3.1295698782456745,2.4609316531238417,-1.271701257640813,8,835.2822456814254,chop,5
ETH,1,SWEEP_V2,2023-09-20 05:30:00+00:00,2023-09-20 06:00:00+00:00,1637.7475279541015,1632.004777465004,0.4097077480718855,670.9978515883722,1632.8211880590334,1646.7045095814983,SL,-2.352849370626851,0.6698214269030588,0.0,-2.687171871735724,2.0183596246450675,-1.3313642618115036,2,832.5950738096897,chop,5
ETH,1,SWEEP_V2,2023-09-20 06:15:00+00:00,2023-09-20 09:45:00+00:00,1636.3171882324218,1629.1998684764308,0.40705803485891306,666.0760590477518,1630.0148759143879,1647.7759379015745,SL,-2.8971621933362344,0.6646274779510837,0.0,-3.2287516417634423,2.565406867246023,-1.2585729316416476,14,828.5343930369603,chop,5
SOL,1,SWEEP_V2,2023-09-20 06:15:00+00:00,2023-09-20 09:45:00+00:00,19.930985445785524,19.940940973015696,33.40575559774544,665.8096286241326,19.95091643123131,20.225925778382837,SL,0.33257190949782955,0.6659759145788815,0.0,-0.0004991907689856911,5.418987566664975,-9.211882530538998e-05,14,828.5338938461913,chop,5
DOGE,1,SWEEP_V2,2023-09-20 06:15:00+00:00,2023-09-20 09:45:00+00:00,0.06234246610254049,0.06202286888133011,5324.983033455825,331.972574259823,0.062053895829244726,0.0628671393267146,SL,-1.701849780484908,0.33112164936958055,0.0,-1.866985142724577,1.5366318092596478,-1.2149853539893165,14,826.6669087034667,chop,5
LINK,1,SWEEP_V2,2023-09-20 10:00:00+00:00,2023-09-20 12:30:00+00:00,6.813362197780609,6.743457414686125,93.18915319987532,634.9314536552164,6.7468308301011755,6.934328320834125,SL,-6.514367541195976,0.6316742698846185,0.0,-6.828576084252986,6.200001815276,-1.1013829169256468,10,819.0123137160142,chop,5
SOL,-1,SWEEP_V2,2023-09-20 14:00:00+00:00,2023-09-20 14:30:00+00:00,20.19795926437378,20.34304255935606,30.74163417011917,620.918274688348,20.332876121295413,19.952655888152623,SL,-4.460097578540793,0.6231483234776185,0.0,-4.772786764674238,4.147564658867201,-1.1507443903183898,2,813.9290678139957,chop,5
DOGE,1,SWEEP_V2,2023-09-20 10:00:00+00:00,2023-09-20 19:15:00+00:00,0.06213242576345801,0.06216346091012686,10639.847813090093,661.0795543813113,0.06219455818922147,0.06278411501899106,SL,0.33020923741348734,0.661244659000018,0.0,-0.0004956443958750167,3.813630975163698,-0.00012996653297157087,37,813.6234249094761,chop,5
SUI,1,SWEEP_V2,2023-09-20 10:00:00+00:00,2023-09-20 19:15:00+00:00,0.44138826000000003,0.44160873343587004,806.6068598253364,356.02679836236916,0.44182964826000004,0.4480996249278319,SL,0.1778353857820079,0.35611571605526016,0.0,-0.0002669310920677126,2.9773881442691867,-8.965276918345224e-05,37,813.623157978384,chop,5
LINK,-1,SWEEP_V2,2023-09-20 18:45:00+00:00,2023-09-20 21:15:00+00:00,6.958608038139343,6.955125254816254,21.991737816695363,153.03188354390932,6.951649430101204,6.777872492224041,SL,0.07659245771373328,0.15299358731505247,0.0,0.00011481217063548377,2.186078806959643,5.251968514125178e-05,10,813.115067175258,chop,5
NEAR,1,SWEEP_V2,2023-09-20 19:30:00+00:00,2023-09-21 00:00:00+00:00,1.107021320128441,1.1288457953111415,429.8436770571626,475.84611482468335,1.1081283414485694,1.1288457953111415,TP,9.381112662374811,0.4805366711558708,0.0,9.138499048631282,5.15961196430616,1.7711601399195884,18,822.2535662238893,chop,5
NEAR,-1,SWEEP_V2,2023-09-21 00:30:00+00:00,2023-09-21 00:45:00+00:00,1.1359727111816407,1.1514007969471443,415.2048399781644,471.66136776573467,1.150825384255017,1.1089678510482293,SL,-6.405815881435312,0.47486427570645234,0.0,-6.644849473258897,6.166901746679169,-1.0775020822793389,1,815.3728860667475,chop,5
DOGE,1,SWEEP_V2,2023-09-20 19:30:00+00:00,2023-09-21 04:15:00+00:00,0.06208241491690278,0.06335662917745116,8707.217921407446,540.5651157687088,0.06214449733181968,0.06335662917745116,TP,11.094861245159827,0.5461125463912888,0.0,10.819031256652892,6.102173684837881,1.772979894612804,35,826.1919173234004,chop,5
SOL,-1,SWEEP_V2,2023-09-20 18:45:00+00:00,2023-09-21 06:15:00+00:00,20.30293780670166,19.810129181185133,22.52199366698367,457.2626367036981,20.28263486889496,19.810129181185133,TP,11.09903274291816,0.451713120332239,0.0,10.87595094093777,6.104468008604968,1.7816377980205373,46,836.7373914974088,chop,5
SOL,1,SWEEP_V2,2023-09-21 06:45:00+00:00,2023-09-21 08:15:00+00:00,19.83896608428955,19.848875647848654,33.74116929047104,669.3899131979271,19.85880505037384,20.01472626727907,SL,0.3343602616424631,0.6695570933287482,0.0,-0.0005018750873216904,3.2616947488254984,-0.00015386942248425003,6,836.23096369271,chop,5
XRP,1,SWEEP_V2,2023-09-21 07:30:00+00:00,2023-09-21 08:15:00+00:00,0.5102219986081123,0.5081372362382806,671.2018434313101,342.46194602497235,0.5083914319542576,0.5135503016151209,SL,-1.3992963457473269,0.34176229785209866,0.0,-1.5698276705869394,1.228679712591177,-1.2776540985415243,3,834.6611360221231,chop,5
DOGE,-1,SWEEP_V2,2023-09-21 04:45:00+00:00,2023-09-21 09:15:00+00:00,0.06311737274378539,0.06234637293776528,10471.816318175232,660.9535338587203,0.0630542553710416,0.06234637293776528,TP,8.073768349991287,0.6569166496837247,0.0,7.7473284672369225,4.440572592495222,1.7446688024716168,18,842.40846448936,chop,5
BTC,1,SWEEP_V2,2023-09-21 09:45:00+00:00,2023-09-21 10:15:00+00:00,26804.25978,26688.452241474304,0.025132467988744862,673.6572008828514,26701.803143045825,26990.544574462136,SL,-2.9105292548523956,0.6722019362554252,0.0,-3.245902590666395,2.5749881484852657,-1.2605504971258972,2,838.3208272261903,chop,5
SOL,1,SWEEP_V2,2023-09-21 09:45:00+00:00,2023-09-21 10:15:00+00:00,19.738947610473634,19.60564074399394,17.016376919389707,335.8853725319061,19.615448468228053,19.9634915054656,SL,-2.2683998859612062,0.3347511725889255,0.0,-2.435208372284179,2.1015079536721366,-1.1587909377306616,2,835.8856188539062,chop,5
XRP,1,SWEEP_V2,2023-09-21 09:30:00+00:00,2023-09-21 10:45:00+00:00,0.5088517714619637,0.5040650594540869,1324.4068496710806,673.926771591488,0.5043172180631184,0.5170964140053189,SL,-6.339554170634894,0.6707569945061705,0.0,-6.673347779345321,6.005593581630051,-1.1111887090990975,5,828.7136831957501,chop,5
BTC,1,SWEEP_V2,2023-09-21 10:30:00+00:00,2023-09-21 10:45:00+00:00,26774.3538,26639.76575370855,0.024975709967764933,668.708495083125,26653.09229985848,26994.829254802768,SL,-3.36143200930338,0.6670277790784733,0.0,-3.6941055408402907,3.0285920577907284,-1.219743521197449,1,825.0195776549099,chop,5
ETH,1,SWEEP_V2,2023-09-21 10:30:00+00:00,2023-09-21 10:45:00+00:00,1607.951530883789,1596.9579460051682,0.20427684306975266,328.4672625381163,1597.7568244173767,1626.4873608227206,SL,-2.2457348130240318,0.3273443951316043,0.0,-2.408845576886578,2.0825424529814978,-1.15668498062929,1,822.6107320780233,chop,5
BTC,1,SWEEP_V2,2023-09-21 12:45:00+00:00,2023-09-21 13:15:00+00:00,26654.22978,26539.29692283181,0.02467996095395534,657.8253502281536,26552.573209436527,26839.05990829723,SL,-2.8365384272374756,0.6564070810145349,0.0,-3.1640328331379335,2.5088801922195643,-1.2611334901324112,2,818.6247464697751,chop,5
ETH,1,SWEEP_V2,2023-09-21 12:45:00+00:00,2023-09-21 13:15:00+00:00,1590.9881779541015,1584.0680592198291,0.20615590918554635,327.9916143295836,1584.8604894645614,1602.1294297532654,SL,-1.4266233693358514,0.3272783026449157,0.0,-1.5899058648159754,1.2632591917669476,-1.2585745468371698,2,817.0348406049592,chop,5
DOGE,1,SWEEP_V2,2023-09-21 11:15:00+00:00,2023-09-21 13:30:00+00:00,0.061592314582318064,0.06115740206153792,10684.589305097212,658.0885856624186,0.0611879960595677,0.06232743916913691,SL,-4.646861668180393,0.6557651548283284,0.0,-4.973582530177512,4.319977364031249,-1.1512982849373872,9,812.0612580747817,chop,5
SOL,1,SWEEP_V2,2023-09-21 13:45:00+00:00,2023-09-21 15:45:00+00:00,19.37787534942627,19.598966740106217,33.52529597518852,649.6490064598254,19.397253224775696,19.598966740106217,TP,7.412154310111304,0.6533550836148809,0.0,7.083623729726336,4.076684870561247,1.7375941370594867,8,818.3334700655099,chop,5
XRP,1,SWEEP_V2,2023-09-21 13:45:00+00:00,2023-09-21 17:00:00+00:00,0.5026505159139633,0.5082416065825179,1291.9297330799814,649.3891468572415,0.5031531664298772,0.5082416065825179,TP,7.223296275051818,0.6530007949947674,0.0,6.894990053485672,3.9728129512784642,1.7355435904091183,13,825.2284601189956,chop,5
DOGE,1,SWEEP_V2,2023-09-21 13:45:00+00:00,2023-09-22 00:15:00+00:00,0.06136226915940642,0.06091169214836861,5276.619152366293,323.78532467917944,0.0609421632299836,0.06212609812199337,SL,-2.3775232860580675,0.32259656303615036,0.0,-2.538227186754628,2.2167389932150963,-1.145027535728622,42,822.690232932241,chop,5
SOL,1,SWEEP_V2,2023-09-22 00:30:00+00:00,2023-09-22 02:00:00+00:00,19.349869871520994,19.610842999182097,34.01326162479556,658.1521863457929,19.369219741392516,19.610842999182097,TP,8.876547268178266,0.662590459979882,0.0,8.54303290137128,4.88210099749807,1.7498681214807574,6,830.4112336212359,chop,5
LINK,1,SWEEP_V2,2023-09-22 00:30:00+00:00,2023-09-22 05:00:00+00:00,6.63932761144638,6.642643955588298,99.08969160326357,657.8889254712544,6.645966939057827,6.728112176574546,SL,0.32861551827289526,0.6580532332303908,0.0,-0.0004932522218683566,4.838699347723934,-0.00010193901013923845,18,830.0785758755654,chop,5
AVAX,1,SWEEP_V2,2023-09-22 00:30:00+00:00,2023-09-22 16:30:00+00:00,8.790757357406616,8.79514834070664,37.314567971693904,328.02331293561747,8.799548114764022,8.931258520334769,SL,0.16384764481136677,0.32810523675802317,0.0,-0.0002459354788476309,2.883507106801523,-8.529040149321161e-05,64,829.7462985097364,chop,5
SUI,-1,SWEEP_V2,2023-09-22 04:15:00+00:00,2023-09-22 18:00:00+00:00,0.44221154,0.44199021312423,1502.2877668388949,664.3289868969887,0.44176932846,0.436896961867689,SL,0.3324966579419935,0.6641627385680178,0.0,0.0004984128224701512,4.391214142744187,0.0001135022812070558,55,829.581246547848,chop,5
XRP,-1,SWEEP_V2,2023-09-22 17:45:00+00:00,2023-09-22 18:00:00+00:00,0.5126174448251725,0.516160140661842,645.9022274104491,331.10074942203187,0.5159021895670585,0.506645181658107,SL,-2.2882351319425878,0.33224486698800315,0.0,-2.454929624219575,2.1216239452589303,-1.1570993199362514,1,827.1263169236283,chop,5
ETH,-1,SWEEP_V2,2023-09-22 08:30:00+00:00,2023-09-22 18:45:00+00:00,1596.8305944091796,1596.0313806966778,0.41586306213412244,664.0628607004523,1595.2337638147706,1584.7045377620723,SL,0.33236346178057713,0.6638966789695622,0.0,0.0004982131612412122,2.7735284768828437,0.00017963152907705197,41,827.1268151367896,chop,5
LINK,-1,SWEEP_V2,2023-09-22 19:30:00+00:00,2023-09-23 00:00:00+00:00,6.922614986419678,6.983826871585573,95.585476500934,661.7014521094317,6.980336703233957,6.817666410393716,SL,-5.850967211102564,0.664626935714983,0.0,-6.184743420762831,5.517357806144829,-1.1209610900845903,18,820.2805026042078,chop,5
SUI,-1,SWEEP_V2,2023-09-22 23:30:00+00:00,2023-09-23 00:00:00+00:00,0.44411116,0.4463229200973386,1489.349584299093,661.436771528588,0.4460998701622575,0.44049532334135,SL,-3.2940839815405485,0.6630838135193583,0.0,-3.6264494092956125,2.9618846534495744,-1.2243722607739127,2,816.6540531949122,chop,5
SUI,-1,SWEEP_V2,2023-09-23 09:15:00+00:00,2023-09-23 09:45:00+00:00,0.44991000000000003,0.4469938305308047,1452.1198518724407,653.3232425559298,0.44946009000000003,0.4469938305308047,TP,4.234627577642839,0.6512059287671084,0.0,3.9100832701536956,2.3290451677035655,1.6788353117294976,2,820.2374748437879,chop,5
AVAX,-1,SWEEP_V2,2023-09-23 12:15:00+00:00,2023-09-23 15:15:00+00:00,8.956208583068848,8.893123325939719,73.266491483407,656.1899798750304,8.99090547448987,8.893123325939719,TP,4.6220354541799145,0.6538789621479405,0.0,4.296251481969489,2.5421194997989205,1.6900273501341376,12,823.8776675838784,chop,5
DOGE,-1,SWEEP_V2,2023-09-23 14:45:00+00:00,2023-09-23 16:45:00+00:00,0.061707654717564585,0.06167677003637844,10629.597039220742,655.9275038830804,0.06164594706284702,0.06116322120462326,SL,0.32829171569351356,0.6557633580252337,0.0,0.0004921096098201017,3.1829098714675195,0.00015460997316685203,8,823.8781596934882,chop,5
LINK,-1,SWEEP_V2,2023-09-23 20:00:00+00:00,2023-09-24 00:00:00+00:00,7.177564100837707,7.240736241350275,91.82816321736026,659.1025277547906,7.23711768250902,7.06928486143532,SL,-5.8009816297780725,0.6620030185696797,0.0,-6.133433384470357,5.468696017891732,-1.1215531754560553,16,816.9215071200316,chop,5
XRP,1,SWEEP_V2,2023-09-23 23:15:00+00:00,2023-09-24 00:30:00+00:00,0.5070914135098458,0.507344705670894,1299.2507251967038,658.8388867436887,0.5075985049233556,0.5103546213179935,SL,0.3290900239285023,0.659003431755653,0.0,-0.0004939644553063616,2.3318488111618776,-0.00021183382599330555,5,816.5977595735651,chop,5
NEAR,1,SWEEP_V2,2023-09-24 01:00:00+00:00,2023-09-24 02:45:00+00:00,1.1096219139575958,1.1101761701036177,588.7394611096489,653.2782076588521,1.1107315358715535,1.1168210058325958,SL,0.3263124647256396,0.653441363891215,0.0,-0.0004897953361493457,2.331114209031522,-0.0002101121147353971,7,816.2706306743995,chop,5
SOL,-1,SWEEP_V2,2023-09-24 08:30:00+00:00,2023-09-24 09:30:00+00:00,19.644071117019653,19.56731895456845,33.24242213589551,653.0165045395197,19.686284806367816,19.56731895456845,TP,2.5514277840457362,0.6517407906474969,0.0,2.2261952456679994,1.4032852812251846,1.586416728980686,4,818.1703176677978,chop,5
LINK,-1,SWEEP_V2,2023-09-24 00:15:00+00:00,2023-09-24 11:45:00+00:00,7.197560081768036,7.080803528440248,89.82310070047593,646.5071640223761,7.190362521686268,7.080803528440248,TP,10.48743564700236,0.6412634461988749,0.0,10.169425782814674,5.76808960585129,1.7630492030669154,46,828.3397434506124,chop,5
DOGE,1,SWEEP_V2,2023-09-23 23:15:00+00:00,2023-09-24 18:15:00+00:00,0.061462290852516886,0.06121775558510593,5344.691174337288,328.49696347399845,0.06124837977499342,0.06185122008437773,SL,-1.3069654855455588,0.3278434807312257,0.0,-1.4705604845397853,1.1432886481326376,-1.286254776465846,76,826.5378470686925,chop,5
AVAX,-1,SWEEP_V2,2023-09-24 12:30:00+00:00,2023-09-24 19:30:00+00:00,8.986202316093445,8.86732912911073,73.74325342906057,662.67179476049,8.977216113777352,8.86732912911073,TP,8.766095553586414,0.6582887469836968,0.0,8.439142703982963,4.821352554472515,1.750368306120741,28,834.4821184381258,chop,5
SOL,1,SWEEP_V2,2023-09-24 18:30:00+00:00,2023-09-24 20:00:00+00:00,19.55390923690796,19.40582646680042,33.8157587643336,661.2302776549541,19.415534233917377,19.80550015143629,SL,-5.007531231110814,0.6587265120393988,0.0,-5.335642604322736,4.679255720143459,-1.140275916392779,6,828.8126829864278,chop,5
DOGE,1,SWEEP_V2,2023-09-24 18:30:00+00:00,2023-09-24 20:00:00+00:00,0.061352268480509516,0.06100153605845514,5354.527217663487,328.51239144428587,0.061032052084497385,0.06193448010962248,SL,-1.8780063000071991,0.3275733882942823,0.0,-2.0413234925793384,1.714607407989065,-1.190548625340103,6,826.7713594938485,chop,5
XRP,1,SWEEP_V2,2023-09-24 20:30:00+00:00,2023-09-24 23:00:00+00:00,0.5049109376192092,0.5051631406325501,1309.9678345528387,661.4170875950789,0.5054158485568284,0.5089996055667615,SL,0.3303778352537941,0.6615822765127057,0.0,-0.0004958974613722411,2.9458129236033694,-0.00016833976706356858,10,826.4401550525896,chop,5
BTC,1,SWEEP_V2,2023-09-24 19:30:00+00:00,2023-09-24 23:15:00+00:00,26447.18838,26278.10520633116,0.025242218006634877,667.5856947505007,26291.250831747035,26730.71119500539,SL,-4.268034331002511,0.6654516775849995,0.0,-4.59969316121226,3.936209588421486,-1.1685590052781836,15,821.8404618913773,chop,5
ETH,1,SWEEP_V2,2023-09-24 23:30:00+00:00,2023-09-25 00:15:00+00:00,1578.5155911621093,1566.3228090773418,0.41651306657609144,657.472369513102,1567.1063622584709,1599.2596437141792,SL,-5.0784530562205354,0.6549331429849917,0.0,-5.404650014448976,4.7520929179230285,-1.1373199362463555,3,816.1070756921719,chop,5
AVAX,1,SWEEP_V2,2023-09-25 00:15:00+00:00,2023-09-25 00:30:00+00:00,8.76075162448883,8.701306023130948,74.52393225356757,652.8856605537376,8.705658852557226,8.860920300728107,SL,-4.430119968367309,0.650670600569554,0.0,-4.754347738659995,4.105730003092047,-1.1579786627662974,1,811.026285123235,chop,5
SOL,1,SWEEP_V2,2023-09-25 00:30:00+00:00,2023-09-25 16:15:00+00:00,19.273854457855226,19.680282308418334,16.777788824744086,323.3726599327474,19.29312831231308,19.680282308418334,TP,6.818960649242484,0.3267821402573686,0.0,6.653864838951489,3.7504283570833574,1.7741612971714207,63,816.8697723683271,chop,5
SUI,-1,SWEEP_V2,2023-09-25 16:15:00+00:00,2023-09-25 17:15:00+00:00,0.44751048,0.44270334859750576,751.6181899264516,336.3570169507175,0.44706296951999996,0.44270334859750576,TP,3.6131274034813137,0.3345504532489768,0.0,3.4467554587076954,1.9872200719147308,1.7344608719590224,4,820.1483493185594,chop,5
AVAX,-1,SWEEP_V2,2023-09-25 20:15:00+00:00,2023-09-25 20:45:00+00:00,8.934212670326232,8.901287979433617,38.382136569249674,342.91417085118223,8.925278457655907,8.901287979433617,TP,1.2637199823406997,0.34228231086001193,0.0,1.0928947569062788,0.6950459902873882,1.5724063906251553,2,821.0697869900401,chop,5
BTC,1,SWEEP_V2,2023-09-25 00:30:00+00:00,2023-09-26 00:30:00+00:00,26150.629080000002,26263.346279999998,0.02481091472460241,648.821028098588,26176.77970908,26489.455515126316,TIME,2.796616837195843,0.650219336517186,0.0,2.470808014727951,4.6236265835980035,0.5343874489114178,96,823.368216481671,chop,5
ETH,1,SWEEP_V2,2023-09-25 00:30:00+00:00,2023-09-26 00:30:00+00:00,1574.8549470703124,1586.9725810546875,0.41182300687048123,648.5614996873486,1576.4298020173826,1599.9971110789309,TIME,4.990320463601267,0.6510566599191493,0.0,4.663544553525792,5.694766869693031,0.8189175536481925,96,828.0317610351967,chop,5
AVAX,-1,SWEEP_V2,2023-09-26 00:15:00+00:00,2023-09-26 01:00:00+00:00,8.947210558509827,8.978032830847498,38.53234971275377,344.75704619414364,8.97354605781859,8.899327832493894,SL,-1.1876545766568836,0.34535087348247206,0.0,-1.3606269270422837,1.0147686692252325,-1.3408247301142153,3,826.6711341081544,chop,5
SOL,1,SWEEP_V2,2023-09-26 01:45:00+00:00,2023-09-26 02:00:00+00:00,19.31886353416443,19.398149226377924,34.23270246290538,661.3369072865236,19.275256403447006,19.398149226377924,TP,2.7141635111100992,0.6626939890420787,0.0,2.3821379757112826,1.4927899311105424,1.5957623548137956,1,828.7226036302225,chop,5
LINK,-1,SWEEP_V2,2023-09-26 03:00:00+00:00,2023-09-26 07:45:00+00:00,7.535492779254914,7.450193447705765,87.98072034908529,662.978082904178,7.527957286475659,7.450193447705765,TP,7.504696634989512,0.6592257345866832,0.0,7.176959941854918,4.127583149244216,1.7387802213431025,19,835.5680745306253,chop,5
SUI,1,SWEEP_V2,2023-09-26 09:30:00+00:00,2023-09-26 12:45:00+00:00,0.43848768,0.43870670459616,1524.4543692185382,668.4544596245003,0.43892616768,0.44409589372103164,SL,0.33389300258247195,0.6686214061257915,0.0,-0.0005011737310693931,4.702206250795936,-0.00010658267722402864,13,834.8992525881616,chop,5
ETH,-1,SWEEP_V2,2023-09-26 10:00:00+00:00,2023-09-26 13:45:00+00:00,1593.0413133544923,1580.061618625998,0.4194411483489015,668.1870778406505,1600.1801454551642,1580.061618625998,TP,5.4442180621378,0.6654649688095817,0.0,5.1128466322485435,2.994319934175795,1.707515143553251,15,840.0120992204102,chop,5
BTC,1,SWEEP_V2,2023-09-26 13:45:00+00:00,2023-09-26 14:00:00+00:00,26252.84952,26138.27274236647,0.025597590039297503,672.0096793763282,26151.348416574754,26437.396980773174,SL,-2.9328893818868673,0.6705432346853848,0.0,-3.2674277768840883,2.5981836340157742,-1.2575815404679171,1,835.9053312195831,chop,5
LINK,1,SWEEP_V2,2023-09-26 13:45:00+00:00,2023-09-26 14:00:00+00:00,7.375474872493744,7.331621450584786,45.41129876994476,334.9298930050336,7.335289095132351,7.4485399222417294,SL,-1.991440844392129,0.33393417258283753,0.0,-2.15791007047245,1.8248883420606672,-1.1824888245139065,1,833.7474211491107,bull,5
ETH,1,SWEEP_V2,2023-09-26 13:45:00+00:00,2023-09-26 14:15:00+00:00,1589.1077970703125,1581.9345205223974,0.42271573819158315,671.7408755045776,1582.7258834641293,1600.7112763542818,SL,-3.0322568912042884,0.6702247470589755,0.0,-3.366611200510975,2.6977353211126234,-1.2479397716164713,2,830.3808099485997,chop,5
BTC,1,SWEEP_V2,2023-09-26 14:30:00+00:00,2023-09-26 15:45:00+00:00,26160.531059999998,26093.10184397322,0.025393393063591722,664.3046479588797,26106.154921433936,26259.396766483747,SL,-1.7122565865377608,0.6634485196656109,0.0,-2.043552782223932,1.3807946598883374,-1.4799831152223537,5,828.0051048423962,chop,5
DOGE,1,SWEEP_V2,2023-09-26 16:00:00+00:00,2023-09-26 17:30:00+00:00,0.06052210035100579,0.0602704776851697,10944.829740412484,662.404083873917,0.060300627999169285,0.060924777354344886,SL,-2.753967236404684,0.6610271002557147,0.0,-3.08379229472344,2.4239771830592742,-1.272203515889296,6,824.2590409446155,chop,5
AVAX,1,SWEEP_V2,2023-09-26 16:00:00+00:00,2023-09-26 17:45:00+00:00,8.92678519077301,8.931244119975803,74.17442092420617,662.1391222403674,8.935711975963784,8.990210901820781,SL,0.3307384915591705,0.662304491486147,0.0,-0.0004964388067927872,2.5875109637709484,-0.0001918595954736727,7,824.2585445058088,chop,5
AVAX,1,SWEEP_V2,2023-09-26 21:30:00+00:00,2023-09-26 23:00:00+00:00,8.909781592369079,9.03015248439599,73.97971162782919,659.1430728704053,8.918691373961448,9.03015248439599,TP,8.905003880535396,0.663595574810673,0.0,8.570979842159925,4.897752134294461,1.7499823607130347,6,832.0059250784171,chop,5
LINK,-1,SWEEP_V2,2023-09-27 09:45:00+00:00,2023-09-27 10:00:00+00:00,7.470505722045899,7.551773858785629,89.09768157977516,665.6047400627338,7.521224366859461,7.378290004203058,SL_GAP,-7.240802569818119,0.6692251413476429,0.0,-7.577225341134396,4.518913665756494,-1.6767802842867372,1,824.0958973672514,chop,5
BTC,-1,SWEEP_V2,2023-09-27 10:45:00+00:00,2023-09-27 11:00:00+00:00,26424.714,26511.142754884513,0.024949247053111006,659.2767178938011,26497.893807980523,26291.659803671777,SL,-2.156332358106494,0.6603548840728544,0.0,-2.4870488832324478,1.8257811086052937,-1.362183490403345,1,821.279210125072,chop,5
XRP,1,SWEEP_V2,2023-09-26 21:30:00+00:00,2023-09-27 11:30:00+00:00,0.4992898406803608,0.5066234307602104,1320.6894710817703,659.4068356046471,0.4997891305210412,0.5066234307602104,TP,9.685395203687122,0.6642495332064906,0.0,9.350849088282954,5.326967362027973,1.755379459415928,56,830.630059213355,chop,5
NEAR,-1,SWEEP_V2,2023-09-27 11:45:00+00:00,2023-09-27 12:00:00+00:00,1.093281318116188,1.0982624078278893,607.5638856577847,664.2382457517358,1.0977135510523632,1.0852227127776877,SL,-3.0263302200512583,0.6657514108617615,0.0,-3.359962508037152,2.692864664843034,-1.247727950053889,1,826.6057255587567,chop,5
SUI,1,SWEEP_V2,2023-09-26 21:30:00+00:00,2023-09-27 13:45:00+00:00,0.43778754,0.43800621487623004,750.7034819403275,328.64863062809036,0.43822532754,0.4455987807644101,SL,0.16415999099877826,0.3287307106235898,0.0,-0.00024640431076633496,3.225159102064296,-7.640066829838607e-05,65,826.2754497678866,chop,5
AVAX,-1,SWEEP_V2,2023-09-27 11:45:00+00:00,2023-09-27 14:15:00+00:00,9.144170708465577,9.041732135895483,72.66968963686266,664.504047370684,9.135026537757112,9.041732135895483,TP,7.444179275511949,0.6607819577329281,0.0,7.115649341464363,4.094298601531572,1.7379409842756903,10,833.391099109351,chop,5
SOL,-1,SWEEP_V2,2023-09-27 12:00:00+00:00,2023-09-27 14:15:00+00:00,19.39512036781311,19.221277176450403,34.0322081328317,660.058773118739,19.375725247445295,19.221277176450403,TP,5.916267670931326,0.6571006392832734,0.0,5.589196418207422,3.2539472190122054,1.7176665883056712,9,838.9802955275584,bear,5
NEAR,1,SWEEP_V2,2023-09-27 14:45:00+00:00,2023-09-27 17:30:00+00:00,1.0756150748491287,1.067358218455441,624.0003995074079,671.1842364220468,1.06789216453771,1.089656729960799,SL,-5.152281688336334,0.6686080955778786,0.0,-5.4852976657031896,4.819099119685146,-1.1382413039185568,11,833.1594057436441,chop,5
DOGE,1,SWEEP_V2,2023-09-27 18:15:00+00:00,2023-09-28 03:15:00+00:00,0.06040207730010152,0.060432248137712925,11034.844402508572,666.5275245949153,0.06046247937740162,0.06092987323947591,SL,0.33293049853522766,0.666693989844183,0.0,-0.0004997290114976405,3.203280336999711,-0.00015600539413472057,36,832.8256422523352,chop,5
LINK,-1,SWEEP_V2,2023-09-28 08:00:00+00:00,2023-09-28 08:45:00+00:00,7.7464505449295045,7.841623160678283,68.44859949719147,530.2336908746803,7.837704308524022,7.580534611121291,SL,-6.514432258488263,0.5334909070039244,0.0,-6.782806320054847,6.246192316892515,-1.085910579748095,3,825.4446948766803,bull,5
AVAX,-1,SWEEP_V2,2023-09-28 08:00:00+00:00,2023-09-28 09:45:00+00:00,9.097180177116394,9.130545471629171,73.21482122569557,666.0484203255184,9.125982480388977,9.044812352984426,SL,-2.4428340728956277,0.6672698373619662,0.0,-2.7770797000948346,2.1087554849904175,-1.3169282640217788,7,822.6676151765854,chop,5
SUI,-1,SWEEP_V2,2023-09-28 10:00:00+00:00,2023-09-28 10:30:00+00:00,0.43951208,0.44137102724034827,1497.4198027532448,658.1340921412684,0.4411504520143411,0.43653322179210713,SL,-2.7836244099709515,0.6595259043462538,0.0,-3.114083268246571,2.453330698551061,-1.2693287823307928,2,819.2244648622682,chop,5
DOGE,-1,SWEEP_V2,2023-09-28 11:00:00+00:00,2023-09-28 14:00:00+00:00,0.06109777905717492,0.061067199618756805,10726.733148131529,655.3795718898145,0.061036681278117746,0.0607678181158563,SL,0.3280174757308636,0.6552155631519492,0.0,0.0004916985238217486,1.9466716317571438,0.0002525842138963734,12,818.897266774847,chop,5
BTC,-1,SWEEP_V2,2023-09-28 15:00:00+00:00,2023-09-28 15:30:00+00:00,26789.94094,26947.767652013255,0.024453872999836392,655.1178134198776,26934.300501762376,26527.469009522953,SL,-3.859474371553891,0.6570475506056546,0.0,-4.188963015449606,3.5301503896491795,-1.1866245210776696,2,813.8900614794125,chop,5
LINK,-1,SWEEP_V2,2023-09-28 15:00:00+00:00,2023-09-28 15:30:00+00:00,7.858428133487702,7.90700825977273,83.33164790346868,654.8557662945097,7.903056731407027,7.777285228179838,SL,-4.048261978690002,0.6568798972838548,0.0,-4.377713992826602,3.7189746082386703,-1.1771293041712687,2,809.5123474865859,bull,5
XRP,-1,SWEEP_V2,2023-09-28 15:00:00+00:00,2023-09-28 16:00:00+00:00,0.5034293194770814,0.5057193366561193,648.5736281604409,326.51098025559236,0.5054666033544422,0.499725166972789,SL,-1.4852447503584034,0.3272536026307716,0.0,-1.6492428628613789,1.3213285959326622,-1.2481701129742506,4,807.8631046237246,chop,5
BTC,-1,SWEEP_V2,2023-09-28 16:15:00+00:00,2023-09-28 16:30:00+00:00,27076.18368,27242.63026871064,0.0238693344430355,646.2904836989796,27229.015760830225,26798.307169399584,SL,-3.972969292836683,0.6482769683453979,0.0,-4.2981010193325915,3.6480000509617208,-1.1782074998051288,1,802.7577866609938,bull,5
SOL,-1,SWEEP_V2,2023-09-28 16:15:00+00:00,2023-09-28 18:00:00+00:00,19.56708494567871,19.730806962408515,33.01626017871266,646.0319675055001,19.720946489163936,19.287336684796486,SL,-5.405488701334732,0.6487347118561675,0.0,-5.731207429438149,5.079932751206466,-1.1282053739937812,7,797.0265792315556,chop,5
DOGE,-1,SWEEP_V2,2023-09-28 16:15:00+00:00,2023-09-28 19:15:00+00:00,0.061437710852175954,0.06140696127789444,5242.894488155503,322.1114355917648,0.06137627314132378,0.06100853933432424,SL,0.1612167735136819,0.322030827205008,0.0,0.00024166410455633835,1.2375555419799393,0.00019527536046560383,12,797.0268208956602,chop,5
SOL,-1,SWEEP_V2,2023-09-28 22:15:00+00:00,2023-09-28 22:30:00+00:00,19.682063623809814,19.823983813081547,32.39606724699253,637.6214567165282,19.8140767746942,19.44203971311093,SL,-4.597655995352977,0.6399202847142047,0.0,-4.918765551708918,4.276706913537955,-1.1501292118331794,1,791.789244615593,chop,5
NEAR,-1,SWEEP_V2,2023-09-28 23:30:00+00:00,2023-09-29 00:45:00+00:00,1.1073784536838531,1.1068242107677841,572.009861294731,633.4313956924744,1.1062710752301692,1.1001332417985077,SL,0.317032413544205,0.6332728794857023,0.0,0.0004752319047399145,2.279382955073046,0.00020849147076502773,5,791.1564151380844,chop,5
XRP,-1,SWEEP_V2,2023-09-29 00:30:00+00:00,2023-09-29 01:15:00+00:00,0.5114976975440979,0.511241692946477,1237.890270424158,633.1780231341975,0.5109861998465538,0.5086009242411901,SL,0.31690560057873096,0.6330195703339081,0.0,0.0004750418119215949,1.9722381180117639,0.0002408643295062617,3,791.1568901798963,chop,5
LINK,1,SWEEP_V2,2023-09-29 02:45:00+00:00,2023-09-29 05:30:00+00:00,7.714542420673371,7.786495227047153,82.04316959199139,632.9255121439171,7.722256963094044,7.786495227047153,TP,5.903236295943951,0.6358771302918891,0.0,5.58382192172402,3.2467799627691836,1.719803000435413,11,796.4242493455484,bull,5
DOGE,-1,SWEEP_V2,2023-09-29 05:30:00+00:00,2023-09-29 05:45:00+00:00,0.06160767674967647,0.06175722511793662,10341.883237461714,637.1393994764388,0.061726361936968135,0.061391885500055254,SL,-1.5466117628994058,0.6379127053578886,0.0,-1.865954768519075,1.2274283489867115,-1.520214821549047,1,794.2397248772912,chop,5
SUI,-1,SWEEP_V2,2023-09-29 05:45:00+00:00,2023-09-29 06:00:00+00:00,0.45610876,0.4591343471525151,1393.0707665027812,635.391779901833,0.45890489470516255,0.45102487871788627,SL,-4.214857013675188,0.6374992084086706,0.0,-4.534660332132942,3.895213516965815,-1.1641621986527777,1,789.3873686552074,chop,5
DOGE,-1,SWEEP_V2,2023-09-29 06:15:00+00:00,2023-09-29 07:15:00+00:00,0.06164766719192267,0.06188902866676831,10243.857126955634,631.509894924166,0.06185809961695984,0.06126506278276418,SL,-2.4724724642700773,0.6327461311563011,0.0,-2.789463647964295,2.155639696959557,-1.294030561739386,4,786.282150059781,chop,5
SOL,-1,SWEEP_V2,2023-09-29 08:00:00+00:00,2023-09-29 11:15:00+00:00,20.271943869400026,20.07366831042528,31.02937360621459,629.0257200478248,20.251671925530626,20.07366831042528,TP,6.152366396408436,0.6259495368496206,0.0,5.840929719582728,3.383801518024645,1.7261443049982659,13,791.8085669193398,chop,5
LINK,1,SWEEP_V2,2023-09-29 12:15:00+00:00,2023-09-29 14:00:00+00:00,7.710541910648346,7.714393326332715,82.15335068222306,633.4468535354719,7.718252452558994,7.795995372543608,SL,0.3164067033409603,0.6336050568871423,0.0,-0.000474926778446072,3.8611585221502684,-0.00012300110853298677,7,791.4913685657937,chop,5
LINK,-1,SWEEP_V2,2023-09-29 20:15:00+00:00,2023-09-30 00:30:00+00:00,8.023394618606568,8.019378909599956,78.91835375817553,633.193094852635,8.015371223987962,7.895081622648532,SL,0.3169131439737299,0.6330346382806481,0.0,0.0004750531193992713,5.569437723733205,8.529642361829702e-05,17,791.1752470714868,bull,5
NEAR,-1,SWEEP_V2,2023-09-30 01:15:00+00:00,2023-09-30 04:15:00+00:00,1.1242751362323762,1.130427981612741,562.9762477699828,632.9401976571894,1.1298630500876972,1.1141152928590654,SL,-3.463905805346624,0.6346721505598627,0.0,-3.782107857077892,3.1458627751305044,-1.202248199437432,12,787.0766691155802,chop,5
NEAR,-1,SWEEP_V2,2023-09-30 05:00:00+00:00,2023-09-30 06:30:00+00:00,1.132473426437378,1.1368674957419769,556.0053954407578,629.6613352924642,1.1362993460689426,1.1255172089254422,SL,-2.4431262412976387,0.630882898413113,0.0,-2.7591784720645194,2.1272319576726586,-1.2970745677792725,6,783.6892843990818,chop,5
LINK,-1,SWEEP_V2,2023-09-30 05:45:00+00:00,2023-09-30 06:30:00+00:00,8.062387329673767,8.142361944793533,77.73766354149927,626.7511535754261,8.138292798394337,7.924377386545457,SL,-6.217039722041322,0.6298596734364468,0.0,-6.533523818690055,5.900713788359504,-1.1072429629749052,3,777.1557605803918,bull,5
LINK,-1,SWEEP_V2,2023-09-30 07:00:00+00:00,2023-09-30 07:15:00+00:00,8.126374659347535,8.062694808648839,76.50700767889916,621.7246084643134,8.161398577231818,8.062694808648839,TP,4.871954826396284,0.6192886310511152,0.0,4.563528499577326,2.679575154517977,1.7030791212863927,1,781.4084267757369,bull,5
SUI,1,SWEEP_V2,2023-09-30 08:00:00+00:00,2023-09-30 08:15:00+00:00,0.4670934,0.46476750000000006,1337.8868668887346,624.9181254704065,0.4651991848932784,0.4705374274667666,SL_GAP,-3.1117910636964226,0.6233622299385582,0.0,-3.4226942308997774,2.534245514345083,-1.350577207900985,1,777.4125035443731,chop,5
LINK,-1,SWEEP_V2,2023-09-30 07:15:00+00:00,2023-09-30 10:30:00+00:00,8.076384468650819,8.171222674310545,64.57590986190385,521.5398754576755,8.167139104758167,7.91137603936473,SL,-6.124263420147217,0.5246020071677491,0.0,-6.388095489586128,5.860563200818026,-1.0900139236949902,13,770.7134430533691,bull,5
NEAR,-1,SWEEP_V2,2023-09-30 08:30:00+00:00,2023-09-30 14:00:00+00:00,1.1335732697486878,1.1445417311214476,548.6456142119334,621.9300028354985,1.1439697462483236,1.1146705852038954,SL,-6.0177982268177015,0.6249389019489073,0.0,-6.331772127348859,5.703981234782627,-1.1100618790149575,22,764.1514464811422,chop,5
SOL,-1,SWEEP_V2,2023-09-30 13:45:00+00:00,2023-09-30 14:45:00+00:00,20.859827520370484,21.132257001112823,22.073475406566562,460.4488897561182,21.121696153036307,20.38370273370535,SL,-6.0134654431897205,0.4634556224777131,0.0,-6.246696620789375,5.780350822900268,-1.0806777671766157,4,757.3711285193283,chop,5
NEAR,-1,SWEEP_V2,2023-09-30 14:15:00+00:00,2023-09-30 14:45:00+00:00,1.1418715565443038,1.1453916779240112,535.3677072358137,611.3211571849138,1.1448192682898664,1.1365120806432811,SL,-1.8845593122457005,0.6122634368410366,0.0,-2.1911621704942803,1.5781096788138846,-1.3884726770962896,2,755.179966348834,chop,5
ETH,-1,SWEEP_V2,2023-09-30 14:30:00+00:00,2023-09-30 15:45:00+00:00,1680.7138388183594,1688.6377659778748,0.271266597759799,455.9215248640676,1687.7938690433532,1667.8410565910979,SL,-2.1494967614582148,0.45699627324479664,0.0,-2.3785322722709776,1.9205757111706216,-1.238447543846748,5,752.801434076563,chop,5
AVAX,-1,SWEEP_V2,2023-09-30 16:00:00+00:00,2023-10-01 01:15:00+00:00,9.23915197544098,9.299384119288419,65.15752229236524,602.0002508023459,9.294736750912962,9.138088747310102,SL,-3.924577255456509,0.6039625394300743,0.0,-4.22753966948541,3.621766246931859,-1.1672591164785209,37,747.8216950937001,chop,5
AVAX,-1,SWEEP_V2,2023-10-01 02:15:00+00:00,2023-10-01 03:15:00+00:00,9.302139100837708,9.332003865369115,63.77511750832224,593.2450142346838,9.32734019527148,9.25631892913994,SL,-1.9046288673488532,0.5941973286683582,0.0,-2.2022036888998695,1.6072027588521312,-1.370209002423994,4,745.3228688976828,chop,5
NEAR,-1,SWEEP_V2,2023-09-30 16:00:00+00:00,2023-10-01 06:00:00+00:00,1.1397719856977464,1.1392015298189047,263.3484876430924,300.1572286914659,1.1386322137120486,1.1225217562183476,SL,0.1502286929600852,0.3000821143449859,0.0,0.0002251929608322878,2.4985520146927924,9.01293867440163e-05,56,745.3230940906436,chop,5
ETH,-1,SWEEP_V2,2023-09-30 16:00:00+00:00,2023-10-01 09:15:00+00:00,1683.2632555908203,1682.420782331397,0.3577819127584209,602.2411472612505,1681.5799923352295,1662.4600558179698,SL,0.3014216942042848,0.6020904364141484,0.0,0.0004518314207617169,4.0936547334243345,0.00011037360260809313,69,745.3235459220643,chop,5
XRP,-1,SWEEP_V2,2023-10-01 11:45:00+00:00,2023-10-01 12:15:00+00:00,0.5216556348800659,0.5213945462348084,1142.555152001737,596.0203332029564,0.5211339792451859,0.5191656670586833,SL,0.2983081767681499,0.5958711791145723,0.0,0.0004471642550558097,1.5647090594516373,0.00028578108649317935,2,744.7278535013492,chop,5
AVAX,-1,SWEEP_V2,2023-10-01 10:30:00+00:00,2023-10-01 16:30:00+00:00,9.655068188095093,9.551501564007461,61.75604616369788,596.2588367376514,9.645413119906998,9.551501564007461,TP,6.39586521817415,0.5930609041285644,0.0,6.100933732414412,3.5177258699957554,1.7343402976485411,24,750.6614171057512,chop,5
SUI,-1,SWEEP_V2,2023-10-01 14:45:00+00:00,2023-10-01 17:00:00+00:00,0.4814037,0.4896810958631495,695.3420923538122,334.7402560248669,0.48943637767431236,0.46679883150125023,SL,-5.755621758723175,0.33761806690422846,0.0,-5.92586969761497,5.585458901260118,-1.060945895829267,9,744.7355474081362,chop,5
LINK,1,SWEEP_V2,2023-10-01 18:00:00+00:00,2023-10-01 20:00:00+00:00,7.8245645542144775,7.828472924209308,76.14333472469144,595.788437926509,7.832389118768692,7.917599814495263,SL,0.297596324744308,0.5959372360888812,0.0,-0.0004466923813186141,3.8962082306172783,-0.00011464797435835312,8,744.4372064967916,chop,5
ETH,1,SWEEP_V2,2023-10-01 20:15:00+00:00,2023-10-01 22:15:00+00:00,1676.3452117675781,1692.725291121506,0.35526677978784066,595.5497651974333,1667.3361681229178,1692.725291121506,TP,5.819298044739237,0.598459414219803,0.0,5.518613513118151,3.2006139246065843,1.7242359257049387,8,749.3603893546654,bull,5
DOGE,1,SWEEP_V2,2023-10-01 20:15:00+00:00,2023-10-01 22:15:00+00:00,0.06202240339145064,0.06272435292870732,9598.330808531904,595.3115452913544,0.06163633114595947,0.06272435292870732,TP,6.737543869485476,0.598680317226097,0.0,6.436519324905056,3.705649128216992,1.736947860468929,8,755.7969086795704,chop,5
AVAX,-1,SWEEP_V2,2023-10-02 03:45:00+00:00,2023-10-02 04:30:00+00:00,9.805038760185242,9.72843087074339,61.64133428896922,604.3956719328788,9.795233721425058,9.72843087074339,TP,4.722212522257638,0.60203456567175,0.0,4.4223757925523275,2.5972168872417227,1.7027364230828435,3,759.6147678726844,chop,5
SOL,-1,SWEEP_V2,2023-10-02 06:45:00+00:00,2023-10-02 11:45:00+00:00,24.496099250793456,23.82629973284914,15.464900945367653,378.8297484614156,24.471603151542663,23.82629973284914,TP,10.358383198263853,0.37365055686228366,0.0,10.174147515632278,5.697110759045133,1.785843376746553,20,769.599500514086,bull,5
NEAR,-1,SWEEP_V2,2023-10-01 22:45:00+00:00,2023-10-02 12:00:00+00:00,1.164267098093033,1.1478004026575477,519.3288790295624,604.6375269436563,1.1631028309949398,1.1478004026575477,TP,8.551630481831786,0.6003617117027404,0.0,8.253587533600873,4.703396765007454,1.7548142217144618,53,777.8530880476869,chop,5
NEAR,1,SWEEP_V2,2023-10-02 14:30:00+00:00,2023-10-02 15:45:00+00:00,1.136627264356613,1.1371950096751593,547.3033306682662,622.0798875107342,1.1377638916209698,1.144939031194662,SL,0.3107289038116498,0.6222352519626401,0.0,-0.0004664043956231212,2.5019817208112003,-0.0001864139900558115,5,777.0753328238466,chop,5
SUI,1,SWEEP_V2,2023-10-02 14:30:00+00:00,2023-10-02 15:45:00+00:00,0.48339666,0.48035538172740444,881.3474897410514,426.0404328402085,0.480595679567188,0.4884893516960217,SL,-2.6804229711560783,0.4247002213546305,0.0,-2.8921029760906043,2.468637073272626,-1.1715383388683367,5,774.1832298477559,chop,5
LINK,1,SWEEP_V2,2023-10-02 16:00:00+00:00,2023-10-02 18:30:00+00:00,7.671534076309204,7.594728980105985,79.53301891563402,610.1402648030308,7.598528244228098,7.804271952820304,SL,-6.108541169147704,0.607085994218457,0.0,-6.410557030964645,5.806374223858169,-1.1040550925264017,10,767.252023316345,chop,5
NEAR,1,SWEEP_V2,2023-10-02 16:15:00+00:00,2023-10-02 18:30:00+00:00,1.1340267897605896,1.1241096034586544,380.2015437221905,431.1587360892961,1.1246719394283686,1.151035608546446,SL,-3.7705295413763116,0.42927347131860794,0.0,-3.9842236446502715,3.556728537600449,-1.1201933469283636,9,763.2677996716948,chop,5
BTC,-1,SWEEP_V2,2023-10-02 14:15:00+00:00,2023-10-02 19:00:00+00:00,28250.3488,27658.682113638293,0.017927471342880617,506.4573185383818,28222.0984512,27658.682113638293,TP,10.607087564286628,0.5011537747562385,0.0,10.35916244879958,5.833898160357652,1.7756844847227335,19,773.6269621204943,bull,5
SOL,1,SWEEP_V2,2023-10-02 22:00:00+00:00,2023-10-03 01:45:00+00:00,23.174634076309204,23.74350977269025,18.54440019407005,429.7596886622108,23.197808710385512,23.74350977269025,TP,10.549458574370396,0.435034417949396,0.0,10.329304000752106,5.802202215903708,1.780238539849527,15,783.5072560385166,bull,5
SOL,-1,SWEEP_V2,2023-10-03 09:45:00+00:00,2023-10-03 11:30:00+00:00,24.29413998641968,23.847332317380324,23.912279478196794,580.9282650377035,24.26984584643326,23.847332317380324,TP,10.684189855070718,0.5755861701101681,0.0,10.399067817479402,5.876304420288874,1.7696611805159326,7,793.6158597234771,bull,5
SUI,1,SWEEP_V2,2023-10-03 11:45:00+00:00,2023-10-03 12:00:00+00:00,0.45099018,0.4476281636200163,1407.7749714612005,634.8926877787817,0.4478520896648487,0.45669579879118427,SL,-4.73296251338369,0.6325262065220899,0.0,-5.048042376016389,4.417725032010337,-1.142679170713171,1,788.2503710035713,chop,5
AVAX,1,SWEEP_V2,2023-10-02 22:00:00+00:00,2023-10-03 14:45:00+00:00,9.266853343391418,9.271482136636441,50.530688190018765,468.26047679754464,9.276120196734809,9.475568656252685,SL,0.2338961081603599,0.4683774248516248,0.0,-0.0003510782924925626,5.800590617071224,-6.05245768352164e-05,67,788.2500199252788,chop,5
NEAR,1,SWEEP_V2,2023-10-03 15:00:00+00:00,2023-10-03 15:30:00+00:00,1.1040208183765412,1.097938952933182,570.9564216920938,630.3477759338471,1.0984881970316978,1.1140801299126202,SL,-3.47248013075317,0.6286115358684705,0.0,-3.785917778654717,3.1588856856291145,-1.1984978740693888,2,783.6764826005948,chop,5
BTC,1,SWEEP_V2,2023-10-03 15:00:00+00:00,2023-10-03 15:45:00+00:00,27355.47,27228.47806644139,0.023052062930749247,630.6000159402231,27242.099115999386,27561.59888000112,SL,-2.9274260440906694,0.6291363029181778,0.0,-3.2412623390387356,2.6134327524968444,-1.2402317740688258,3,780.4352202615561,chop,5
XRP,1,SWEEP_V2,2023-10-03 16:00:00+00:00,2023-10-03 18:00:00+00:00,0.5077615037083626,0.5130439264957283,1229.6091209148556,624.3481762092449,0.5082692652120709,0.5130439264957283,TP,6.4953152398733165,0.6275958338291816,0.0,6.179893494148757,3.572423381930345,1.7298883232618067,8,786.3029396676002,chop,5
DOGE,1,SWEEP_V2,2023-10-03 15:15:00+00:00,2023-10-03 20:00:00+00:00,0.061462290852516886,0.0611481298750756,5113.563061597844,314.2913001846134,0.06117871923469294,0.061977875612196795,SL,-1.6064819696392463,0.31348805919979383,0.0,-1.7628243787467333,1.4500613502220818,-1.2156895144310622,19,784.2255941129864,chop,5
NEAR,1,SWEEP_V2,2023-10-03 19:15:00+00:00,2023-10-03 20:00:00+00:00,1.10102019739151,1.0930357225520657,571.3268051071002,629.0423517340802,1.09358251380897,1.1145432584506731,SL,-4.5617445004776815,0.6267614794838414,0.0,-4.873984804094483,4.249347998610008,-1.1469959169474464,3,779.351609308892,chop,5
LINK,1,SWEEP_V2,2023-10-03 20:15:00+00:00,2023-10-04 00:15:00+00:00,7.453490541172028,7.349096097863856,58.01143494212838,432.38768162097034,7.352772484105908,7.636614281292244,SL,-6.056071456291707,0.4293596458928245,0.0,-6.269237261374046,5.842799014988763,-1.072985267042615,16,772.3035483726936,chop,5
DOGE,1,SWEEP_V2,2023-10-03 20:15:00+00:00,2023-10-04 00:15:00+00:00,0.061402279327064754,0.06101247423385574,8171.982963496591,501.7783805806321,0.061042995731721596,0.06205552222768868,SL,-3.185480580788287,0.5001856402902379,0.0,-3.434777030788209,2.936059420208095,-1.1698595086828205,16,768.8687713419055,chop,5
AVAX,-1,SWEEP_V2,2023-10-04 07:00:00+00:00,2023-10-04 07:45:00+00:00,9.691061239814758,9.54196145259858,62.50189917674021,605.709732526517,9.681370178574943,9.54196145259858,TP,9.319019867858984,0.6010502225925876,0.0,9.020824511529655,5.125460927322413,1.7600025908776589,3,777.432621844959,chop,5
AVAX,-1,SWEEP_V2,2023-10-04 08:45:00+00:00,2023-10-04 09:15:00+00:00,9.71405640335083,9.805102684868567,64.02537432883642,621.9460974759672,9.800202583576779,9.557426984758195,SL,-5.829272255421766,0.6248607336036782,0.0,-6.14315994028746,5.5155414359657975,-1.1137909145653555,2,770.9784888559336,chop,5
LINK,-1,SWEEP_V2,2023-10-04 12:45:00+00:00,2023-10-04 13:15:00+00:00,7.630473569488526,7.5504663370931455,79.9737264380438,610.2374058389989,7.622843095919038,7.5504663370931455,TP,6.39847651665315,0.6070381675806724,0.0,6.096557051991978,3.519162084159215,1.7323888204622278,2,776.7699272050062,chop,5
SOL,1,SWEEP_V2,2023-10-04 02:15:00+00:00,2023-10-04 13:30:00+00:00,23.148627899551393,23.16019063918722,13.315617917540942,308.23828442575467,23.171776527450945,23.936017130722618,SL,0.15396502307068904,0.30831526693729006,0.0,-0.0002311016537236421,5.766515785064291,-4.007647986019786e-05,45,776.7696961033524,bull,5
BTC,1,SWEEP_V2,2023-10-03 20:15:00+00:00,2023-10-04 14:15:00+00:00,27349.76886,27363.43006954557,0.022796583424109916,623.4812874471136,27377.11862886,27740.28901069881,SL,0.31142890307986015,0.6236370018986536,0.0,-0.0004674550952366019,4.896388856810736,-9.546935688867629e-05,72,776.7692286482572,chop,5
LINK,-1,SWEEP_V2,2023-10-04 15:45:00+00:00,2023-10-04 16:00:00+00:00,7.623475,7.686025162464301,81.51340207957733,621.4153829186058,7.682184070429086,7.51673123558348,SL,-5.098676543095418,0.6239647211901536,0.0,-5.4119335728262685,4.785576063604313,-1.1308844538039182,1,771.0465873839717,chop,5
LINK,-1,SWEEP_V2,2023-10-04 16:30:00+00:00,2023-10-04 16:45:00+00:00,7.667466348743439,7.716367511446895,80.4207218735191,616.6231787068631,7.712511255818986,7.585566517696989,SL,-3.9326668050663325,0.6185895121093963,0.0,-4.242944727822297,3.6225439437410762,-1.1712610788761115,1,766.227717066403,chop,5
SOL,1,SWEEP_V2,2023-10-04 16:15:00+00:00,2023-10-04 18:30:00+00:00,22.78955684738159,22.800940231026857,23.485669527061606,535.228000785788,22.812346404228972,23.237245666047368,SL,0.26734638639249936,0.5353616739789843,0.0,-0.0004012871935908935,5.782849405379787,-6.939264114634835e-05,9,766.2273157792094,chop,5
DOGE,-1,SWEEP_V2,2023-10-05 01:00:00+00:00,2023-10-05 02:15:00+00:00,0.06151769546121359,0.06124748514651421,4966.2198534866975,305.51040054022747,0.06145617776575238,0.06124748514651421,TP,1.3419238294769718,0.304839438625489,0.0,1.1898395911215964,0.7380581062123379,1.6121218385199632,5,766.651540913808,chop,5
ETH,-1,SWEEP_V2,2023-10-05 01:00:00+00:00,2023-10-05 06:15:00+00:00,1649.8300021728517,1638.1063890019225,0.3713938157721308,612.7366598823182,1648.1801721706788,1638.1063890019225,TP,4.354077430187799,0.6105596211672244,0.0,4.049886138961734,2.3947425866032983,1.6911571880909717,21,770.5476347681088,chop,5
XRP,1,SWEEP_V2,2023-10-05 05:30:00+00:00,2023-10-05 06:15:00+00:00,0.5262452025890351,0.5226901670822074,584.4890705106053,307.5845693219303,0.5229516429036591,0.5322334929260822,SL,-2.0778793990179065,0.3065456296224213,0.0,-2.2306327439793625,1.9250496391765755,-1.1587403766551692,3,768.3170020241294,chop,5
BTC,-1,SWEEP_V2,2023-10-05 01:00:00+00:00,2023-10-05 07:15:00+00:00,27799.9389,27595.35259521448,0.022049755390770573,612.9818526233676,27772.1389611,27595.35259521448,TP,4.511077976822352,0.6107263136349563,0.0,4.20684258949908,2.4810928872522897,1.6955602956719562,25,772.5238446136284,chop,5
LINK,-1,SWEEP_V2,2023-10-05 09:30:00+00:00,2023-10-05 13:45:00+00:00,7.730453474140168,7.59344207388156,76.85639499057969,594.1347856648157,7.722723020666027,7.59344207388156,TP,10.530202296487973,0.5888696845165717,0.0,10.23840000480381,5.791611263068372,1.7677982067082911,17,781.9903268507492,chop,5
NEAR,-1,SWEEP_V2,2023-10-05 09:00:00+00:00,2023-10-05 15:00:00+00:00,1.1034793017625808,1.0865815621362467,560.0640398997468,618.0190756909028,1.1023758224608182,1.0865815621362467,TP,9.463816320298724,0.6132871675307534,0.0,9.159538690613422,5.205098976164286,1.7597242113085083,24,790.8427255893624,bear,5
AVAX,1,SWEEP_V2,2023-10-05 12:45:00+00:00,2023-10-05 15:30:00+00:00,9.981995542144775,9.838466008601703,33.22799260025675,331.6816740101824,9.84338770245293,10.234009796129948,SL,-4.769198278487498,0.3292970748709387,0.0,-4.932654516353345,4.60566027161821,-1.070998342354992,11,785.9100710730091,chop,5
BTC,-1,SWEEP_V2,2023-10-05 13:45:00+00:00,2023-10-05 15:30:00+00:00,27954.408,27631.682115444823,0.021974348517787002,614.2799040004131,27926.453591999998,27631.682115444823,TP,7.09169106292655,0.6107340584689498,0.0,6.788096956457807,3.900430084609611,1.7403457591106184,7,792.698168029467,chop,5
BTC,1,SWEEP_V2,2023-10-05 15:45:00+00:00,2023-10-05 17:15:00+00:00,27585.516,27345.470833048876,0.022988822627917262,634.1585344235737,27359.150408253,27997.08980317636,SL,-5.518355765728176,0.6313993565407096,0.0,-5.832675855057098,5.203878437735285,-1.1208324569540606,6,786.0733653357324,chop,5
LINK,1,SWEEP_V2,2023-10-05 15:45:00+00:00,2023-10-05 22:00:00+00:00,7.557511432743072,7.465451955405699,67.28407547612248,508.50016965234346,7.469186548680039,7.718102131039497,SL,-6.194136821460197,0.5054031012416134,0.0,-6.445289837875639,5.942858165716915,-1.0845437764369248,25,779.6280754978568,chop,5
AVAX,-1,SWEEP_V2,2023-10-06 02:45:00+00:00,2023-10-06 06:00:00+00:00,10.426914100837708,10.421695430330237,47.313616482028344,493.3350148580887,10.41648718673687,10.279277461206565,SL,0.2469141749365573,0.4932115577706204,0.0,0.00037012459498120265,3.8418728404118263,9.633962662375037e-05,13,779.0699268848235,chop,5
SUI,1,SWEEP_V2,2023-10-06 00:30:00+00:00,2023-10-06 07:15:00+00:00,0.43498698,0.4395456660733482,1433.8416759009324,623.7024603982854,0.43542196698,0.4395456660733482,TP,6.536434079315817,0.6269706774379433,0.0,6.221314632077016,3.5950387436236992,1.7305278400994655,27,785.2912415169005,bear,5
BTC,-1,SWEEP_V2,2023-10-06 10:15:00+00:00,2023-10-06 10:30:00+00:00,27685.9617,27783.0846,0.022691391399762013,628.2329932135204,27733.410206077006,27599.691688950898,SL_GAP,-2.2038537377799114,0.6293349200824104,0.0,-2.5190721612555618,1.0766726227273236,-2.339682562815139,1,782.4580528590383,chop,5
SOL,-1,SWEEP_V2,2023-10-06 10:30:00+00:00,2023-10-06 11:00:00+00:00,23.434311376190188,23.132407123460432,26.71153558722563,625.9664422872306,23.410877064814,23.132407123460432,TP,8.06432619072563,0.6219342791918678,0.0,7.755375132677377,4.435379404899116,1.7485257572579127,2,789.6520804087172,chop,5
BTC,-1,SWEEP_V2,2023-10-06 10:45:00+00:00,2023-10-06 12:30:00+00:00,27733.35222,27599.234896001726,0.01791087928243308,496.7287237096175,27807.116748199052,27599.234896001726,TP,2.4021591998160603,0.4955276441097095,0.0,2.1549959175611595,1.321187559898846,1.6311052139532347,7,791.8070763262783,chop,5
LINK,1,SWEEP_V2,2023-10-06 13:15:00+00:00,2023-10-06 15:00:00+00:00,7.491497771072387,7.611865434326835,67.80220567012485,507.94007265153186,7.425295556282441,7.611865434326835,TP,8.161193060010392,0.512020669181537,0.0,7.903142427154621,4.488656183005725,1.7606923107802976,7,799.1395258865767,chop,5
BTC,1,SWEEP_V2,2023-10-06 13:15:00+00:00,2023-10-06 15:30:00+00:00,27395.37798,27837.859994566585,0.023122355220777383,633.4456610610227,27422.77335798,27837.859994566585,TP,10.231226319613738,0.6385612742208296,0.0,9.90938787592342,5.627174475787568,1.7609882043930267,9,809.0489137625002,chop,5
DOGE,1,SWEEP_V2,2023-10-05 15:45:00+00:00,2023-10-06 15:45:00+00:00,0.06089217763468623,0.06127774163410068,7252.080487714299,441.5949732789411,0.06048254336865501,0.061636967209288455,TIME,2.796141156918588,0.44299304385740035,0.0,2.573945599700658,2.9707006677842065,0.8664439428764524,96,811.6228593622009,bear,5
NEAR,-1,SWEEP_V2,2023-10-06 15:45:00+00:00,2023-10-06 16:30:00+00:00,1.0945810354232788,1.0985204228389154,593.1934379245613,649.2982874897607,1.0979714371203553,1.0884166687013215,SL,-2.3368187643982257,0.6504666968719599,0.0,-2.662636317525305,2.0111640386340732,-1.3239279672749587,3,808.3110546168433,chop,5
LINK,-1,SWEEP_V2,2023-10-06 16:00:00+00:00,2023-10-06 17:30:00+00:00,7.658467847442627,7.717930091192819,84.74783482854167,649.0385681747648,7.714073054665486,7.5573674706737926,SL,-5.039296411875712,0.6515582163807027,0.0,-5.366335344169032,4.712420917329705,-1.1387640107517958,6,802.9447192726743,chop,5
NEAR,-1,SWEEP_V2,2023-10-06 21:45:00+00:00,2023-10-07 00:00:00+00:00,1.0964806130886078,1.0959318245417569,291.9799689927023,320.1503754107109,1.0953841324755191,1.0853261913581118,SL,0.16023526289308182,0.3200702577792644,0.0,0.00024019281917289637,1.7912772410509392,0.00013409025340598626,9,802.1426569735252,chop,5
AVAX,-1,SWEEP_V2,2023-10-07 00:30:00+00:00,2023-10-07 01:15:00+00:00,10.765846049118043,10.877746808873338,29.707902561651405,319.83070542093856,10.872310653546565,10.572274041066184,SL,-3.3243368673850804,0.3214928738546311,0.0,-3.4859143885292423,3.1628400946272994,-1.102146894637749,3,798.4968272322855,bull,5
DOGE,-1,SWEEP_V2,2023-10-07 02:15:00+00:00,2023-10-07 03:30:00+00:00,0.06152769214063883,0.06166427895877817,5079.648448767805,312.53904593845914,0.06163346222766434,0.06133538289150154,SL,-0.6938130188836391,0.31288595244790096,0.0,-0.8504294483623105,0.5372748584851671,-1.5828573307153715,5,797.490128260954,chop,5
LINK,-1,SWEEP_V2,2023-10-06 21:45:00+00:00,2023-10-07 03:45:00+00:00,7.710457493209839,7.5945740266200925,83.27635988829874,642.0988331079723,7.702747035716629,7.5945740266200925,TP,9.65035326883138,0.6372736564735566,0.0,9.334129028911809,5.307694297857274,1.7586033605364224,24,806.8242572898657,chop,5
AVAX,-1,SWEEP_V2,2023-10-07 04:30:00+00:00,2023-10-07 05:00:00+00:00,11.085782697486877,11.173784809331815,57.98475765539309,642.8064231341265,11.168200708977327,10.935931767504242,SL,-5.102781128491534,0.6453578136983722,0.0,-5.426735730622843,4.778988422713148,-1.1355406731749211,2,800.9120392687411,bull,5
NEAR,-1,SWEEP_V2,2023-10-07 06:15:00+00:00,2023-10-07 06:45:00+00:00,1.104879015660286,1.0974253064721073,571.383958154432,631.3101452497468,1.1037741366446256,1.0974253064721073,TP,4.258929858873523,0.62918068032031,0.0,3.9454042511780862,2.3424114223804438,1.6843344484585132,2,804.5417884472943,chop,5
ETH,-1,SWEEP_V2,2023-10-06 21:45:00+00:00,2023-10-07 08:00:00+00:00,1653.9291577636718,1636.0628674503962,0.38838167427115705,642.3557754181395,1652.275228605908,1636.0628674503962,TP,6.938939744884538,0.6388863055456973,0.0,6.62123132704791,3.8164168596864823,1.7349339892581448,41,811.1630197743422,chop,5
AVAX,1,SWEEP_V2,2023-10-07 13:00:00+00:00,2023-10-07 14:30:00+00:00,10.367072771072387,10.606225034667498,46.252181517047035,479.4997316080758,10.235539026095076,10.606225034667498,TP,11.061313906013748,0.4850303885610827,0.0,10.816033383256704,6.083722648307566,1.7778643124478435,6,821.7393032917948,bull,5
LINK,1,SWEEP_V2,2023-10-07 17:30:00+00:00,2023-10-07 18:30:00+00:00,7.5245043634414674,7.489585700473378,87.33179679569392,657.1284860563825,7.4933323666567055,7.581180721231943,SL,-3.0495095787065183,0.6556037312670293,0.0,-3.376549066945356,2.7223064889228508,-1.2403265689167031,4,817.7054942605046,chop,5
NEAR,1,SWEEP_V2,2023-10-07 17:15:00+00:00,2023-10-07 19:00:00+00:00,1.0890177134513854,1.0847117982057746,603.6554176423709,657.3914426334359,1.0852544254184837,1.0958600553293885,SL,-2.599289065921875,0.6560917981004749,0.0,-2.9266851427056317,2.27172920920982,-1.2883072202622365,7,814.7788091177989,chop,5
LINK,1,SWEEP_V2,2023-10-07 19:00:00+00:00,2023-10-07 19:15:00+00:00,7.499499744987488,7.471991211993569,86.91553696363604,651.8230472942391,7.4757290765318345,7.5427191421795845,SL,-2.390918916248318,0.650627587836115,0.0,-2.7156349804373137,2.0660404128076753,-1.3144152280868808,1,811.7372626137144,chop,5
SUI,1,SWEEP_V2,2023-10-07 19:15:00+00:00,2023-10-07 21:30:00+00:00,0.4395879,0.4427164440083956,1477.269529236295,649.3898100909715,0.44002748789999996,0.4427164440083956,TP,4.621702734477641,0.6517006614582104,0.0,4.294696978064917,2.541936503962699,1.6895374732491504,9,815.7072646867339,chop,5
SOL,-1,SWEEP_V2,2023-10-07 04:30:00+00:00,2023-10-08 04:30:00+00:00,23.830232084655762,23.43868681526184,13.770665627755097,328.1581578695958,23.806401852571106,23.031276590386224,TIME,5.391838982953005,0.32546223837811933,0.0,5.230455823509684,6.051181929673993,0.8643692892227213,96,820.9377205102436,chop,5
LINK,-1,SWEEP_V2,2023-10-08 04:45:00+00:00,2023-10-08 06:15:00+00:00,7.638471866512298,7.675403152261034,85.97926232960846,656.7501764081949,7.6715673685767465,7.57829822639512,SL,-3.1753247055602882,0.6583378387609751,0.0,-3.505287456117166,2.8455268539292824,-1.2318588563930946,6,816.6121519524427,chop,5
NEAR,1,SWEEP_V2,2023-10-08 05:45:00+00:00,2023-10-08 09:45:00+00:00,1.0862171656608581,1.0810985634203905,604.3795818106248,656.4874763376316,1.0816393831119464,1.0945404066588795,SL,-3.0935786815487796,0.6549406869968573,0.0,-3.420275630376821,2.766718302531244,-1.2362211314565865,16,813.1918763220658,chop,5
SUI,1,SWEEP_V2,2023-10-08 05:45:00+00:00,2023-10-08 09:45:00+00:00,0.44068811999999996,0.4376406968893046,742.757827512834,327.324550621915,0.43785962670265594,0.44583083508608,SL,-2.2634973692124696,0.3261928019373088,0.0,-2.426027895838821,2.100885536669861,-1.1547644331372509,16,810.765848426227,chop,5
ETH,1,SWEEP_V2,2023-10-08 10:00:00+00:00,2023-10-08 10:30:00+00:00,1625.314988232422,1621.0446530474733,0.3990689087574139,648.6126787409817,1621.8555808378921,1631.6048198588396,SL,-1.7041580022858411,0.6477605997398388,0.0,-2.027612262655189,1.3805419338823206,-1.4687074784850582,2,808.4139298242012,chop,5
SUI,1,SWEEP_V2,2023-10-08 10:45:00+00:00,2023-10-08 11:00:00+00:00,0.43768752,0.435782,1477.6092858653155,646.731143859361,0.43615286147745563,0.4404778082228079,SL_GAP,-2.815614046402067,0.6453233368361599,0.0,-3.1375718113085465,2.267625683543897,-1.3836374469022057,1,804.9529924409629,chop,5
SOL,1,SWEEP_V2,2023-10-08 13:30:00+00:00,2023-10-09 07:15:00+00:00,23.282655477905273,23.012078746744173,23.294285518014156,542.3528243198817,23.023590542015178,23.753682634069083,SL,-6.3028916301976174,0.5392013785047829,0.0,-6.570916596542459,6.034732584329899,-1.0888496722464296,71,797.5777160095887,chop,5
SUI,1,SWEEP_V2,2023-10-08 13:30:00+00:00,2023-10-09 07:15:00+00:00,0.43838766,0.4337598524190969,963.5409249224789,422.4044513910012,0.43397684083951665,0.44640733120087883,SL,-4.45908199686662,0.42017491039256794,0.0,-4.668054681563687,4.250004773557928,-1.0983645737545338,71,792.909661328025,chop,5
BTC,1,SWEEP_V2,2023-10-08 13:30:00+00:00,2023-10-09 08:30:00+00:00,27883.475580000002,27698.63571964272,0.02309476779912852,643.9623939527704,27712.49196562553,28194.35487886268,SL,-4.268833654974776,0.6418279771252831,0.0,-4.588680435123673,3.9488268714341728,-1.1620363678940202,76,787.8503695924143,chop,5
XRP,1,SWEEP_V2,2023-10-09 07:30:00+00:00,2023-10-09 08:30:00+00:00,0.5135326853513718,0.5105535437485572,1235.2236715534423,634.3277290624201,0.5108089482226685,0.5184849346762866,SL,-3.679906228706182,0.6324877759480669,0.0,-3.995230140123039,3.3644245764632204,-1.1874928533315314,4,783.8551394522913,chop,5
AVAX,1,SWEEP_V2,2023-10-09 07:30:00+00:00,2023-10-09 08:30:00+00:00,9.916982961845397,9.858066623255343,30.9463949965977,306.89487191179705,9.862998122316501,10.015137215534299,SL,-1.823248285761095,0.3059832477689165,0.0,-1.975784097574113,1.6706361678891566,-1.1826537312851966,4,781.8793553547172,chop,5
ETH,1,SWEEP_V2,2023-10-09 08:45:00+00:00,2023-10-09 09:30:00+00:00,1617.8235,1610.7415096046384,0.38663271010946115,625.5034842837738,1611.5472832462615,1629.2348031886154,SL,-2.738129139527819,0.62413441971401,0.0,-3.049511817099942,2.4265906927323138,-1.2567063024816212,3,778.0485895606461,chop,5
SOL,1,SWEEP_V2,2023-10-09 08:45:00+00:00,2023-10-09 09:45:00+00:00,22.940588024139405,22.718505947697317,27.255329385285716,625.2532828900603,22.729870883138886,23.3237100986858,SL,-6.052920143997325,0.6222268228180616,0.0,-6.362520325370356,5.743165085094829,-1.1078421447231133,4,771.6860692352757,chop,5
LINK,1,SWEEP_V2,2023-10-09 08:45:00+00:00,2023-10-09 09:45:00+00:00,7.54750920381546,7.492100148513066,41.30517477353033,311.75118676842635,7.4958480725493395,7.641438533390225,SL,-2.2886807133016207,0.3106068464117755,0.0,-2.443411966329183,2.133872055945413,-1.145060201487398,4,769.2426572689465,chop,5
BTC,1,SWEEP_V2,2023-10-09 12:30:00+00:00,2023-10-09 16:00:00+00:00,27524.70384,27354.68183186157,0.022357883644903813,615.3941258151572,27368.366014869003,27808.954431147264,SL,-3.8013322750318768,0.6134934596776412,0.0,-4.10712867180194,3.4953829035761066,-1.1750153803178358,14,764.827831534237,chop,5
BTC,1,SWEEP_V2,2023-10-09 16:15:00+00:00,2023-10-09 16:30:00+00:00,27472.9935,27334.332974176374,0.0222714086554634,611.8622652273897,27348.006977665205,27700.2417224269,SL,-3.0881652349994284,0.61031818260989,0.0,-3.392552284995624,2.783625915343426,-1.218752946039113,1,760.823539356467,chop,5
AVAX,1,SWEEP_V2,2023-10-09 16:15:00+00:00,2023-10-09 16:30:00+00:00,9.52690461845398,9.420287690639496,64.19897593354426,611.6175203212987,9.46113540205139,9.646485011913233,SL_GAP,-6.844697582870467,0.6081951715298635,0.0,-7.147083994239681,4.222316340997914,-1.6926926873864974,1,753.6764553622273,chop,5
AVAX,-1,SWEEP_V2,2023-10-10 07:30:00+00:00,2023-10-10 07:45:00+00:00,9.715056607627869,9.758876709938049,62.06254771756831,602.9411642897819,9.74971095573557,9.652048701977504,SL_GAP,-2.719587190614276,0.6043009578850891,0.0,-3.0224175663544743,2.1507371330553933,-1.4052938036461708,1,750.352567213728,chop,5
NEAR,-1,SWEEP_V2,2023-10-10 08:30:00+00:00,2023-10-10 09:00:00+00:00,1.0502899352788926,1.0540596579431354,571.310759814279,600.041940949474,1.0535328914973867,1.044393651245267,SL,-2.153683119597664,0.6011187825092729,0.0,-2.4547809316322,1.8527357812323229,-1.3249492758214205,2,747.1480338768794,bear,5
SUI,-1,SWEEP_V2,2023-10-10 09:00:00+00:00,2023-10-10 09:45:00+00:00,0.41791639999999997,0.41770723284179995,1423.3305949957874,594.8331982704974,0.41749848359999997,0.4157395744865911,SL,0.29771401573441064,0.5946843412626301,0.0,0.0004462736070291462,1.7040882942612172,0.00026188408695256113,3,746.8510635513512,bear,5
AVAX,-1,SWEEP_V2,2023-10-10 08:45:00+00:00,2023-10-10 10:30:00+00:00,9.79104162120819,9.786141204876776,30.556587060586995,299.1808157122789,9.781250579586983,9.6708130929977,SL,0.14973999826399875,0.29910594571314686,0.0,0.00022446040699131142,2.0205754191865677,0.00011108736890488032,7,746.5541683829485,chop,5
SOL,-1,SWEEP_V2,2023-10-10 08:30:00+00:00,2023-10-10 11:00:00+00:00,22.35652786102295,22.163133168935,26.850415122713773,600.2820537709824,22.334171333161926,22.163133168935,TP,5.192727765090846,0.5976856898884371,0.0,4.8951831020879,2.8560002707999654,1.7139995230871459,10,751.4493514850365,chop,5
LINK,-1,SWEEP_V2,2023-10-10 10:00:00+00:00,2023-10-10 12:45:00+00:00,7.341531335163117,7.239772165726639,80.94214006460248,594.2392576194411,7.334189803827954,7.239772165726639,TP,8.236604945384991,0.5901209551467486,0.0,7.9436036190479635,4.530132719961735,1.7535035086378357,11,759.0923753634904,chop,5
BTC,1,SWEEP_V2,2023-10-10 12:15:00+00:00,2023-10-10 12:45:00+00:00,27529.20474,27462.457611792717,0.021837153919471674,601.1594811880292,27476.195709647538,27625.584795186296,SL,-1.4575673123451662,0.6004306975318566,0.0,-1.7574182692830083,1.1575663549286805,-1.5182008891328613,2,757.3349570942074,chop,5
SOL,1,SWEEP_V2,2023-10-10 16:30:00+00:00,2023-10-10 17:00:00+00:00,22.000399489974974,21.78065223634497,13.725425148638154,301.96483643978854,21.791548010350144,22.38012945292921,SL,-3.016124481317424,0.30045677419912986,0.0,-3.1655988372966597,2.8665753507729272,-1.1043138414076943,2,753.4126290466087,chop,5
BTC,1,SWEEP_V2,2023-10-10 16:30:00+00:00,2023-10-10 18:45:00+00:00,27485.596019999997,27302.158412895245,0.02204310815142971,605.867965675366,27315.816321055772,27794.28638171677,SL,-4.0435350124495155,0.6038461981691412,0.0,-4.344447227780973,3.7424722657447274,-1.1608495452447813,9,749.0681818188277,chop,5
ETH,1,SWEEP_V2,2023-10-10 16:30:00+00:00,2023-10-10 20:45:00+00:00,1569.453842651367,1556.114298460863,0.3858830390742669,605.6256184890958,1556.8927448332795,1592.2922023206172,SL,-5.147503852097187,0.6030518665630472,0.0,-5.447742909415687,4.847114600152765,-1.123914608753833,17,743.6204389094121,bear,5
LINK,1,SWEEP_V2,2023-10-10 21:00:00+00:00,2023-10-11 02:15:00+00:00,7.235447006034851,7.239061111814365,76.00013021461443,549.8949146195907,7.242682453040885,7.3688181275354685,SL,0.27467250985250846,0.550032250874517,0.0,-0.0004122837122131906,5.574922430503862,-7.39532643463038e-05,21,742.8769785824232,chop,5
ETH,1,SWEEP_V2,2023-10-10 21:00:00+00:00,2023-10-11 02:30:00+00:00,1560.56205,1545.4708126223416,0.38120647053254286,594.8963511275297,1546.2439345896362,1586.5949871097523,SL,-5.752877336705963,0.5920199124591767,0.0,-6.047449073601375,5.458158240262402,-1.1079651427091353,22,736.8295295088219,bear,5
AVAX,1,SWEEP_V2,2023-10-10 21:00:00+00:00,2023-10-11 02:30:00+00:00,9.514902134513855,9.396424614795478,35.87055504942351,341.3048208059565,9.40112517738417,9.721769329295102,SL,-4.249854393177207,0.3391798936093679,0.0,-4.418381876383597,4.081242604076278,-1.082607015807046,22,732.4111476324383,chop,5
LINK,1,SWEEP_V2,2023-10-11 02:45:00+00:00,2023-10-11 12:15:00+00:00,7.193438312244415,7.3794572142602535,53.6688995707335,386.06391834811217,7.200631750556659,7.3794572142602535,TP,9.983429770546163,0.39105563323338527,0.0,9.785406096486835,5.4908863738003895,1.782117754826912,38,741.4646285777109,chop,5
ETH,1,SWEEP_V2,2023-10-11 02:45:00+00:00,2023-10-11 15:15:00+00:00,1557.3913720458984,1558.1692890362353,0.37622458209475845,585.9289181059506,1558.9487634179443,1583.5669232785206,SL,0.2926714945939358,0.5860752538532477,0.0,-0.00043930020633647926,5.41633720297628,-8.110650978212428e-05,50,741.2616178409669,bear,5
DOGE,1,SWEEP_V2,2023-10-11 02:45:00+00:00,2023-10-11 15:15:00+00:00,0.05868173324167728,0.05807399101961758,8381.781498318625,491.8574659743597,0.058103042540888016,0.05973389815220322,SL,-5.093962512607088,0.48931048471805616,0.0,-5.337344264337964,4.850459009124515,-1.1003792124204197,50,735.9242735766289,bear,5
LINK,-1,SWEEP_V2,2023-10-11 14:15:00+00:00,2023-10-11 15:15:00+00:00,7.360527588558197,7.279863622389734,55.04264038149909,405.14287307511154,7.404892769950852,7.279863622389734,TP,4.439957681556114,0.4029228942343335,0.0,4.239606223859337,2.4419767248558655,1.7361370322272722,4,740.1638798004883,chop,5
BTC,1,SWEEP_V2,2023-10-11 16:15:00+00:00,2023-10-11 17:45:00+00:00,26748.04854,26570.746249553657,0.022129279068432504,591.9150306776386,26584.038268688,27046.249033294545,SL,-3.923571864759404,0.5899532447452589,0.0,-4.2175675941658435,3.6294290639525673,-1.1620471208694114,6,735.2067143754907,chop,5
DOGE,1,SWEEP_V2,2023-10-11 17:00:00+00:00,2023-10-11 23:15:00+00:00,0.05787157019600272,0.05839796230890676,5997.724321804456,347.09772410557935,0.05792944176619872,0.05839796230890676,TP,3.157154778370603,0.3486763014947647,0.0,2.982027338928628,1.7364351281038253,1.717327235935949,25,737.8971753155367,bear,5
LINK,-1,SWEEP_V2,2023-10-11 22:30:00+00:00,2023-10-12 01:00:00+00:00,7.402519005489349,7.3389890600440575,78.77491396277108,583.1327977652012,7.39511648648386,7.3389890600440575,TP,5.0045659865124,0.580630514771945,0.0,4.715501870623056,2.7525112925818167,1.7131634966699745,10,742.4364378631669,chop,5
NEAR,-1,SWEEP_V2,2023-10-11 23:15:00+00:00,2023-10-12 01:00:00+00:00,1.0278943937301637,1.0184040259818568,342.9132877226314,352.4786459856714,1.0268664993364336,1.0184040259818568,TP,3.254373206268751,0.35085145938253703,0.0,3.0797610698790496,1.7899052634477979,1.7206279755536737,7,745.516198933046,bear,5
SUI,1,SWEEP_V2,2023-10-11 15:30:00+00:00,2023-10-12 01:45:00+00:00,0.40448088,0.40468291819956004,1335.496765335857,540.1829068802009,0.40488536088,0.4120384751042629,SL,0.269821361986728,0.5403178175611942,0.0,-0.0004050021343657839,5.551229098503662,-7.295720050086792e-05,41,745.5157939309116,bear,5
SUI,-1,SWEEP_V2,2023-10-12 06:45:00+00:00,2023-10-12 09:45:00+00:00,0.41081782,0.4063611971729373,1451.7691446411193,596.4126351447293,0.41040700218,0.4063611971729373,TP,6.469987509632928,0.5931776413899128,0.0,6.175016185815379,3.5584931302981024,1.7352896183048372,12,751.3926037991546,bear,5
SOL,1,SWEEP_V2,2023-10-12 09:45:00+00:00,2023-10-12 10:00:00+00:00,21.392278088378905,21.253976939391208,28.099582501494854,601.1140830393236,21.264609244013215,21.62440325995289,SL,-3.8862045460313257,0.599170980766308,0.0,-4.1848184852779715,3.5874412251242167,-1.1665190375719872,1,746.6067914536538,chop,5
LINK,1,SWEEP_V2,2023-10-12 09:45:00+00:00,2023-10-12 10:00:00+00:00,7.257451241970062,7.214390935182572,82.79403021424895,600.873637406108,7.219016028755882,7.327333447814026,SL_GAP,-3.565136341198291,0.5990910692355088,0.0,-3.8637905917307456,3.182206204145945,-1.2141861161281116,1,742.7430008619231,chop,5
BTC,1,SWEEP_V2,2023-10-12 16:00:00+00:00,2023-10-12 16:15:00+00:00,26683.03554,26585.93348863333,0.022268620817102822,594.1944006895385,26599.233105185922,26835.403603298328,SL,-2.162328762447213,0.5931132363083149,0.0,-2.4583447984107587,1.8661646444246993,-1.3173247096686995,1,739.9875588631676,chop,5
LINK,1,SWEEP_V2,2023-10-12 16:30:00+00:00,2023-10-12 17:00:00+00:00,7.20143980922699,7.109601448128736,61.70860665575599,444.3908165426908,7.113158027142307,7.361952140290049,SL,-5.667217300921415,0.4415572078922301,0.0,-5.886579100542299,5.447745765532846,-1.0805531964773196,2,733.3615094786378,chop,5
BTC,1,SWEEP_V2,2023-10-12 16:30:00+00:00,2023-10-12 17:30:00+00:00,26738.3466,26533.854100027365,0.022140114194291058,591.9900470905341,26547.127663859294,27086.017392983103,SL,-4.5274873012702095,0.589726303439899,0.0,-4.821218581164842,4.233609082266107,-1.1387963525872367,4,728.5402908974729,chop,5
BTC,-1,SWEEP_V2,2023-10-13 01:15:00+00:00,2023-10-13 07:15:00+00:00,26826.43364,26899.53310509994,0.021726042325989122,582.8322327179784,26886.090060069906,26717.96742169108,SL,-1.588162072768502,0.5836263137543627,0.0,-1.8803722701638754,1.2960979074557808,-1.4507949278731695,24,726.3685025109501,chop,5
BTC,-1,SWEEP_V2,2023-10-13 13:15:00+00:00,2023-10-13 15:45:00+00:00,26883.222279999998,26693.17392883697,0.015939361710677093,428.50140386945327,26856.339057719997,26693.17392883697,TP,3.029249411705257,0.42698677916360067,0.0,2.816513334476383,1.6660871764378884,1.690495776156274,10,728.6802177424875,chop,5
SOL,-1,SWEEP_V2,2023-10-13 12:45:00+00:00,2023-10-13 16:15:00+00:00,21.530692847442626,21.51991673567248,26.989136212482887,581.0948020087601,21.509162154595185,21.338778752814804,SL,0.29083794840538446,0.5809493830345573,0.0,0.00043596637520709747,2.8487776025530844,0.00015303629697747655,14,728.6806537088627,chop,5
ETH,1,SWEEP_V2,2023-10-12 16:30:00+00:00,2023-10-13 16:30:00+00:00,1537.1673573486328,1548.5702288818359,0.28790599945149925,442.559704341678,1517.8982669532736,1572.2020671583766,TIME,3.282955125383887,0.44420118190436997,0.0,3.060033795650356,5.547686728797167,0.5515873453643666,96,731.7406875045131,bear,5
SOL,-1,SWEEP_V2,2023-10-13 21:15:00+00:00,2023-10-14 08:00:00+00:00,21.891620708465577,22.209449063740138,13.442638731783576,294.2811484371348,22.19834988879574,21.333931289683463,SL,-4.272451758672877,0.29641737431647125,0.0,-4.421728558770781,4.123249559674467,-1.0723892635593657,43,726.5878022743348,chop,5
BTC,-1,SWEEP_V2,2023-10-13 21:15:00+00:00,2023-10-14 21:15:00+00:00,26902.71838,26813.3616,0.021759605915467734,585.3925500036105,27113.1381670951,26520.136948917992,TIME,1.9443683186751108,0.5844203658442729,0.0,1.6526442278326432,4.578651644006063,0.3609456137586113,96,728.0978747970818,chop,5
ETH,-1,SWEEP_V2,2023-10-13 21:15:00+00:00,2023-10-14 21:15:00+00:00,1556.7486465820314,1554.6408220458984,0.37426699914153516,582.6396443739031,1571.4062571830311,1530.0984454893046,TIME,0.7888891638553837,0.5822451997919754,0.0,0.4979637862503598,5.485859934221334,0.09077223848607814,96,728.5958385833321,chop,5
DOGE,-1,SWEEP_V2,2023-10-14 21:30:00+00:00,2023-10-14 21:45:00+00:00,0.05963807018473744,0.05980404434366092,9769.6575089284,582.643520198319,0.05977415726502841,0.059390639129662956,SL,-1.6215106880148307,0.5834542755423264,0.0,-1.9136432034579975,1.3295241658328008,-1.4393444306138734,1,726.0994352843416,chop,5
SUI,-1,SWEEP_V2,2023-10-14 21:15:00+00:00,2023-10-14 22:00:00+00:00,0.41861626,0.41690037219898124,1392.3889885850722,582.8766708666657,0.41819764374,0.41690037219898124,TP,2.389183279786,0.5816820792267727,0.0,2.0989395359925602,1.3140508038822964,1.5973047083045417,3,728.1983748203342,chop,5
DOGE,-1,SWEEP_V2,2023-10-14 23:15:00+00:00,2023-10-15 00:15:00+00:00,0.05983802984505892,0.059525518758966896,9735.59292250615,582.5586998562674,0.06000991094240953,0.059525518758966896,TP,3.042480717962217,0.5810374594972862,0.0,2.7527226083930643,1.6733643948792127,1.6450228156024331,4,730.659818078799,chop,5
SOL,-1,SWEEP_V2,2023-10-14 08:15:00+00:00,2023-10-15 01:30:00+00:00,22.15456859664917,22.143480235066548,12.870636994226247,285.1434101711559,22.132414028052523,21.778702954392983,SL,0.1427142767906582,0.28507205303276056,0.0,0.00021392884347559704,2.660696632044608,8.040332028052509e-05,69,730.6600320076425,chop,5
AVAX,-1,SWEEP_V2,2023-10-15 02:00:00+00:00,2023-10-15 03:45:00+00:00,9.233152656745911,9.167194499734237,63.28220014525325,584.2942143958716,9.223919504089165,9.167194499734237,TP,4.173977293224853,0.5822072257492592,0.0,3.8839171746735297,2.2956875112736808,1.691831817527585,7,733.9595380623151,chop,5
LINK,-1,SWEEP_V2,2023-10-15 02:00:00+00:00,2023-10-15 08:45:00+00:00,7.353529019069672,7.390892497490514,79.48945657116144,584.528025606114,7.387198898041493,7.292311057302724,SL,-2.9700025952810196,0.5860130269037546,0.0,-3.263751609381717,2.676400382286849,-1.2194556655207942,27,730.6957864529334,chop,5
AVAX,1,SWEEP_V2,2023-10-15 13:15:00+00:00,2023-10-15 13:45:00+00:00,9.110822006034851,9.073272127900356,64.16069030600603,584.5566291623467,9.077811033417065,9.170841956249008,SL,-2.4092261020156123,0.5833520161113389,0.0,-2.7002998035457777,2.1180067908298317,-1.2749249979920056,2,727.7032083348064,chop,5
DOGE,1,SWEEP_V2,2023-10-15 14:00:00+00:00,2023-10-15 16:30:00+00:00,0.059121822729706765,0.05942333775747673,9846.830489807067,582.1625666678451,0.05918094455243647,0.05942333775747673,TP,2.9689673685802878,0.5836470503521353,0.0,2.676401601562075,1.6329320527191753,1.6390159021652515,10,729.7975638022139,chop,5
SUI,1,SWEEP_V2,2023-10-15 14:00:00+00:00,2023-10-15 20:30:00+00:00,0.40698137999999995,0.411584649411745,1429.8681223233802,581.929701641178,0.40738836137999995,0.411584649411745,TP,6.582068190320543,0.5852207357363383,0.0,6.287812305404794,3.6201375046762827,1.7368987496421238,26,736.0853761076187,chop,5
SOL,-1,SWEEP_V2,2023-10-15 22:15:00+00:00,2023-10-16 00:00:00+00:00,22.011597547531128,22.000580742958586,26.75263799524373,588.868300886095,21.989585949983596,21.7891987764613,SL,0.2947285845935517,0.5887209365937982,0.0,0.0004417984428009558,3.272364597159997,0.000135008929990375,7,735.7913837556184,chop,5
SOL,-1,SWEEP_V2,2023-10-16 02:00:00+00:00,2023-10-16 02:15:00+00:00,22.125573160934447,22.23321545458465,26.604196995167673,588.6331070044947,22.222104402383458,21.950061812845338,SL,-2.8637367852816413,0.5900649753971355,0.0,-3.1594852071765294,2.568136163697576,-1.230263897934265,1,732.3375819949397,chop,5
AVAX,-1,SWEEP_V2,2023-10-16 02:45:00+00:00,2023-10-16 03:45:00+00:00,9.333133038139344,9.394582107888658,62.773139866519145,585.8700655959518,9.389887164306504,9.229943717835416,SL,-3.857351050041148,0.5877987411209724,0.0,-4.152214758364145,3.56263469989321,-1.1654898995085314,4,727.5996143449927,chop,5
SUI,-1,SWEEP_V2,2023-10-16 02:45:00+00:00,2023-10-16 05:15:00+00:00,0.41631672000000003,0.41610835348164005,1406.7071761367483,585.6357175697134,0.41590040328000005,0.4114248960334823,SL,0.2931106766436154,0.5854891622313916,0.0,0.00043937319708053924,3.784750132954032,0.0001160904106336881,10,727.6000537181898,chop,5
AVAX,-1,SWEEP_V2,2023-10-16 05:45:00+00:00,2023-10-16 06:00:00+00:00,9.50309911441803,9.56096348973497,61.227101175298486,581.8472109573621,9.556185397036453,9.40657860056635,SL,-3.5428679619757637,0.58361864493835,0.0,-3.8355630014354327,3.2503191968986926,-1.1800573325521855,1,723.0374726266632,bear,5
DOGE,-1,SWEEP_V2,2023-10-16 05:45:00+00:00,2023-10-16 09:45:00+00:00,0.060027992825955154,0.05999794881554576,9696.810030983905,582.0800429745518,0.059967964833129196,0.05946695547482225,SL,0.2913310615088109,0.5819343774437975,0.0,0.0004367055522893626,2.9921499378221905,0.0001459504240643819,16,722.8374959776704,chop,5
SOL,-1,SWEEP_V2,2023-10-16 08:15:00+00:00,2023-10-16 11:15:00+00:00,22.828433583068847,23.148847901161226,17.558222189513124,400.826709090066,23.137279261530463,22.266895985865908,SL,-5.625905789767319,0.4036396619849497,0.0,-5.829132097207236,5.422781044699974,-1.0749340696512935,12,717.0083638804632,bull,5
SOL,-1,SWEEP_V2,2023-10-16 12:45:00+00:00,2023-10-16 13:00:00+00:00,23.17336389656067,23.40237386286425,24.745516683833706,573.4368629228917,23.39067852360245,22.77824639284834,SL,-5.666969941929408,0.5762703478938564,0.0,-5.9565218583618185,5.377562729103474,-1.107661994554709,1,710.76512359064,bull,5
NEAR,-1,SWEEP_V2,2023-10-16 05:45:00+00:00,2023-10-16 13:15:00+00:00,1.0427913828372957,1.0422694657501856,278.2041844852861,290.1089262505336,1.0417485914544584,1.0274207941340432,SL,0.14519951758838032,0.2900363264917394,0.0,0.000217654221907726,2.351889152385899,9.254442186908527e-05,30,710.7653412448619,bear,5
BTC,-1,SWEEP_V2,2023-10-16 13:45:00+00:00,2023-10-17 13:45:00+00:00,28252.248420000004,28295.958059999997,0.005394094667630006,152.3953025508803,29240.503240836995,26455.421473023656,TIME,-0.23577393604799307,0.1525131895189043,0.0,-0.3120894742914572,5.330740059336464,-0.05854524340290269,96,709.9573260724947,bull,5
ETH,-1,SWEEP_V2,2023-10-16 13:45:00+00:00,2023-10-17 13:45:00+00:00,1589.9919965820313,1572.2144044189454,0.18503387527242632,294.20238077971567,1618.798443883123,1537.616637852774,TIME,3.2894567709485103,0.2925576523942414,0.0,3.144000308944127,5.330168576951898,0.5898500701345641,96,713.1013263814388,bear,5
LINK,-1,SWEEP_V2,2023-10-16 13:45:00+00:00,2023-10-17 13:45:00+00:00,7.569485899162292,7.257634220929035,31.069929538385296,235.18339352877348,7.5619164132631305,7.257634220929035,TP,9.689209669134499,0.23033878869420624,0.0,9.57646257720468,5.329065318023974,1.797024807486437,96,722.6777889586434,bull,5
XRP,-1,SWEEP_V2,2023-10-16 13:45:00+00:00,2023-10-17 13:45:00+00:00,0.49709056062698365,0.489127809548378,623.7702822215335,310.0703192919539,0.5056324606375486,0.4815598333350473,TIME,4.966927487561678,0.3075868555481731,0.0,4.814375791659482,5.328183380298241,0.9035679607915449,96,727.4921647503029,bear,5
SUI,-1,SWEEP_V2,2023-11-24 07:15:00+00:00,2023-11-24 08:15:00+00:00,0.61047788,0.6173523137203243,1142.2632835419631,697.3264677385366,0.6170437918244122,0.5913770456017102,SL,-7.85241323386918,0.7012526743554712,0.0,-8.205002674355383,7.500000000000001,-1.0940003565807175,4,991.4463340917754,chop,6
ETH,-1,SWEEP_V2,2023-11-24 08:15:00+00:00,2023-11-24 09:15:00+00:00,2075.2547878906253,2086.136636875569,0.38204456102105233,792.839804446511,2085.0940898306535,2046.6313640650885,SL,-4.157351218550178,0.7949184800557861,0.0,-4.5558497963827085,3.759051790431676,-1.2119678180490114,4,985.8998309597368,chop,6
NEAR,-1,SWEEP_V2,2023-11-24 08:15:00+00:00,2023-11-24 09:15:00+00:00,1.8026393733024597,1.8261556569251438,219.29499901452104,395.3097995918997,1.8252430354074403,1.736883265360698,SL,-5.157003393861706,0.39788830128883057,0.0,-5.357236795354587,4.956870059036276,-1.0807700689245325,4,980.5425941643823,chop,6
BTC,-1,SWEEP_V2,2023-11-24 08:15:00+00:00,2023-11-24 09:30:00+00:00,37482.10208,37611.681451405275,0.021160954782646502,793.1570672734204,37592.88500890083,37159.82446865213,SL,-2.7420232190708433,0.7945280788829558,0.0,-3.139972764317089,2.344272549159597,-1.3394230826286577,5,977.4026214000652,chop,6
BTC,-1,SWEEP_V2,2023-11-24 10:45:00+00:00,2023-11-24 11:30:00+00:00,37677.363020000004,38013.8061198495,0.02074787708805683,781.7252969410578,37994.80871549175,36753.88463311492,SL,-6.980480082802124,0.7852155369824588,0.0,-7.374832971314055,6.586324272195498,-1.1197190825309475,3,969.0510226702232,chop,6
ETH,-1,SWEEP_V2,2023-11-24 10:45:00+00:00,2023-11-24 15:30:00+00:00,2110.397904345703,2133.0262398852947,0.3221220847636066,679.8057726285842,2131.960259755417,2047.671052244716,SL,-7.289086618743695,0.6834503159379561,0.0,-7.6326340483673585,6.945710876990969,-1.0988989008528929,19,961.4183886218559,chop,6
SUI,-1,SWEEP_V2,2023-11-24 09:45:00+00:00,2023-11-24 16:15:00+00:00,0.63357326,0.6433346385468568,776.5486306762081,492.00044748606115,0.6430131319808664,0.6061118142374796,SL,-7.580185144073738,0.49579054005809803,0.0,-7.829975460388805,7.330519660500489,-1.0681337508143613,26,953.5884131614671,chop,6
DOGE,-1,SWEEP_V2,2023-11-25 00:45:00+00:00,2023-11-25 01:30:00+00:00,0.07839431760907173,0.07880363822690269,9726.436152137334,762.4973249150116,0.07876425609885326,0.07731813291152545,SL,-3.981230855086217,0.7644879403425547,0.0,-4.364470132971266,3.5981831010782095,-1.2129649910432394,3,948.3759373483357,chop,6
SOL,1,SWEEP_V2,2023-11-25 00:15:00+00:00,2023-11-25 02:00:00+00:00,56.46129076309204,59.306454036944984,7.3106119033430845,412.7665843307756,55.48326588770509,59.306454036944984,TP,20.799884496783932,0.42316652657916753,0.0,20.583101262370153,7.149960295769474,2.878771407241082,7,968.9590386107059,chop,6
SOL,-1,SWEEP_V2,2023-11-25 02:15:00+00:00,2023-11-25 02:30:00+00:00,58.79823937301636,59.49702811629346,10.85753020256834,638.4036598503681,59.46729446905893,56.85189727543797,SL,-7.587119885345875,0.642197219793041,0.0,-7.910115275213732,7.2642859124644605,-1.0889047279431998,1,960.3421378901227,chop,6
LINK,-1,SWEEP_V2,2023-11-24 16:30:00+00:00,2023-11-25 08:30:00+00:00,14.701059672927856,14.910414593517146,35.42244318845464,520.7474510743685,14.902963111961165,14.113704213921867,SL,-7.415862780797541,0.5244553824647673,0.0,-7.6799444377251245,7.151913098711003,-1.0738307822992548,64,952.3498086554889,chop,6
LINK,-1,SWEEP_V2,2023-11-25 08:45:00+00:00,2023-11-25 10:15:00+00:00,14.830033583068849,14.96266341706275,34.03652390790123,504.7627926051009,14.955185824150675,14.465954336285353,SL,-4.5142585156343875,0.5070199218629181,0.0,-4.768897041194755,4.259747245709003,-1.1195258230400023,6,947.3285302179916,chop,6
DOGE,-1,SWEEP_V2,2023-11-25 02:00:00+00:00,2023-11-25 10:30:00+00:00,0.07892420866042375,0.07807039826062628,9821.66617879907,775.1672308885647,0.07921770598535413,0.07807039826062628,TP,8.385840726797719,0.7709743105251659,0.0,8.002450031716835,2.882632749836694,2.7760907219867628,34,955.3309802497084,chop,6
SOL,-1,SWEEP_V2,2023-11-25 02:45:00+00:00,2023-11-25 11:30:00+00:00,59.27814291534424,57.41813000921755,10.539628319826962,624.7695938173122,59.91752235182529,57.41813000921755,TP,19.603844700656524,0.614967671466984,0.0,19.301261826098195,6.738821615850682,2.8641894572040365,35,974.6322420758066,chop,6
NEAR,-1,SWEEP_V2,2023-11-26 00:00:00+00:00,2023-11-26 00:15:00+00:00,1.8856228371858597,1.8929459599256515,413.5003980033958,779.7057936606453,1.8906954963873481,1.8708660104178931,SL_GAP,-3.02811416753165,0.7812198507444111,0.0,-3.419481121445738,2.097546598751071,-1.6302289176706628,1,970.8229080575305,chop,6
NEAR,-1,SWEEP_V2,2023-11-26 00:30:00+00:00,2023-11-26 02:30:00+00:00,1.8896219856977463,1.9007887703558901,410.8481320557764,776.347663115446,1.899838850930425,1.859900195929954,SL,-4.587852617867482,0.7786415894243798,0.0,-4.978320375734139,4.197579996311616,-1.18599773681706,8,965.0680846870156,chop,6
AVAX,-1,SWEEP_V2,2023-11-26 00:30:00+00:00,2023-11-26 05:30:00+00:00,21.284741757583618,21.456879010472605,36.48897108038936,776.6583264460245,21.446155932506354,20.815173248717475,SL,-6.281111242523927,0.7797988820672865,0.0,-6.672580961368202,5.88983716072064,-1.1328973584987518,20,958.3955037256474,chop,6
LINK,-1,SWEEP_V2,2023-11-26 05:30:00+00:00,2023-11-26 05:45:00+00:00,14.938011784744264,14.991922873059307,51.326536223752484,766.716402980518,14.984430657730442,14.802975063329926,SL,-2.7670694272640017,0.76809993769415,0.0,-3.151811163467893,2.382519965790858,-1.322889717073861,1,954.8603343606892,chop,6
LINK,-1,SWEEP_V2,2023-11-26 07:00:00+00:00,2023-11-26 07:15:00+00:00,15.041991076278688,15.116782092371885,50.763406806279164,763.582712181556,15.109227478632569,14.846394269431034,SL,-3.796646775393945,0.765481035569253,0.0,-4.18033645487242,3.413148844880736,-1.2247741440114346,1,949.9162624159818,chop,6
ETH,-1,SWEEP_V2,2023-11-26 07:30:00+00:00,2023-11-26 08:15:00+00:00,2087.752287890625,2094.6401385673616,0.3639957739912664,759.9330099327855,2093.5933418964137,2070.760130782877,SL,-2.5071485382149468,0.7611865842018929,0.0,-2.888368617450447,2.126118973761759,-1.3585169283071838,3,946.647927293565,chop,6
SOL,1,SWEEP_V2,2023-11-26 09:45:00+00:00,2023-11-26 11:45:00+00:00,58.04160477905273,57.76714028479239,6.397685390254848,371.33192692189164,57.79603830394436,58.75597997936801,SL,-1.7559374850730816,0.3704539581793551,0.0,-1.9407254797914908,1.5710570501372374,-1.2352991761960277,8,944.1428766793952,chop,6
AVAX,-1,SWEEP_V2,2023-11-26 06:00:00+00:00,2023-11-26 12:15:00+00:00,21.374723910140993,20.90829845542967,35.737924414833415,763.8882674885514,21.53505766019801,20.90829845542967,TP,16.669077645627596,0.7555537286657377,0.0,16.295468050706134,5.729995440684466,2.843888484623225,25,960.4383447301013,chop,6
SOL,1,SWEEP_V2,2023-11-26 12:15:00+00:00,2023-11-26 13:30:00+00:00,57.80155891571045,57.50620979500888,13.292905765820851,768.3506757840811,57.5349772836507,58.5770691180661,SL,-3.926048029504059,0.7663876517693291,0.0,-4.308260343381347,3.5436445138690402,-1.2157710307904108,5,955.5486893882452,chop,6
LINK,-1,SWEEP_V2,2023-11-26 09:15:00+00:00,2023-11-26 14:15:00+00:00,15.21795551776886,14.848138112812096,49.76478876880593,757.318341834852,15.345080250722749,14.848138112812096,TP,18.403885040701343,0.7481163993145014,0.0,18.03442781230427,6.326335482741101,2.8506910298235146,20,973.5831172005494,chop,6
DOGE,1,SWEEP_V2,2023-11-26 12:30:00+00:00,2023-11-26 14:30:00+00:00,0.0777455460190773,0.07726852934775942,5073.465186914982,394.43932116548535,0.07730718293922903,0.07902078406954498,SL,-2.4201274755092954,0.3932292574277307,0.0,-2.6161370723542836,2.2240198248390004,-1.1763101403755107,8,970.9669801281951,chop,6
BTC,1,SWEEP_V2,2023-11-26 14:45:00+00:00,2023-11-26 16:15:00+00:00,37435.38558,37214.54207421919,0.020749715064175816,776.7735841025561,37233.158653545965,38023.68209332084,SL,-4.582439818725455,0.7744823641931935,0.0,-4.968535390867371,4.196151102225313,-1.1840697033604068,6,965.0281588436053,chop,6
SOL,1,SWEEP_V2,2023-11-26 14:45:00+00:00,2023-11-26 16:15:00+00:00,57.1814321685791,56.44215562640416,10.237575470328867,585.3992273273194,56.470390821815066,59.249916086438105,SL,-7.5683993939597265,0.5816150276303396,0.0,-7.857314807926406,7.279339450021078,-1.0793994237902527,6,957.1708440356789,chop,6
XRP,1,SWEEP_V2,2023-11-26 14:45:00+00:00,2023-11-26 16:15:00+00:00,0.6230245891571045,0.6161431044004486,928.3726293975105,578.3989760150848,0.6164513300654814,0.6421467974236443,SL,-6.388582097695473,0.5752046849662371,0.0,-6.674587294654168,6.102433826601225,-1.0937582420900425,6,950.4962567410247,chop,6
DOGE,-1,SWEEP_V2,2023-11-26 23:45:00+00:00,2023-11-27 00:15:00+00:00,0.07832433340400458,0.07904940431627211,9052.196667090666,709.0072697918283,0.07900989936658882,0.07632995969466859,SL,-6.563484495432556,0.7122890120395446,0.0,-6.921269872576187,6.205877921575929,-1.1152765104374773,2,942.6250860089322,chop,6
DOGE,-1,SWEEP_V2,2023-11-27 01:00:00+00:00,2023-11-27 05:45:00+00:00,0.07964406641721726,0.0806673989025271,7191.812729623595,572.7852106983302,0.08062708535984718,0.0767843749477484,SL,-7.359615594488628,0.5764650184955745,0.0,-7.649688007635037,7.069688145066991,-1.0820403744361415,19,934.628456532514,chop,6
NEAR,1,SWEEP_V2,2023-11-27 03:45:00+00:00,2023-11-27 06:45:00+00:00,1.784356839108467,1.7718533751120178,67.8663169909225,121.09772686785573,1.77273974498451,1.818152022014524,SL,-0.8485640510676076,0.12067344484232193,0.0,-0.9086886324760016,0.7884093923298531,-1.1525593699368644,12,933.7197679000379,chop,6
ETH,1,SWEEP_V2,2023-11-26 16:45:00+00:00,2023-11-27 07:15:00+00:00,2048.289580883789,2033.1178082425959,0.37123510879000143,760.3970053928198,2034.134875680436,2089.466905111725,SL,-5.632294666990451,0.7575808580593246,0.0,-6.009677022353366,5.254723526057125,-1.1436714020352503,58,927.7100908776846,chop,6
SOL,-1,SWEEP_V2,2023-11-26 21:00:00+00:00,2023-11-27 10:30:00+00:00,57.918414305114744,55.128812632916045,7.431098537691705,430.3974438481605,58.87733987993305,55.128812632916045,TP,20.729804907018092,0.4200325413946514,0.0,20.52497108754752,7.125870436787462,2.880345814538938,54,947.522921680315,chop,6
ETH,1,SWEEP_V2,2023-11-27 07:45:00+00:00,2023-11-27 10:30:00+00:00,2042.4384353027344,2027.4901440710632,0.3339696733778196,682.1124971323591,2028.5043962691977,2082.973821582114,SL,-4.992275940197752,0.6796163591622603,0.0,-5.330836050793833,4.6535464648640374,-1.1455426718189186,11,942.1920856295212,chop,6
BTC,1,SWEEP_V2,2023-11-27 07:45:00+00:00,2023-11-27 10:45:00+00:00,37271.15274,36989.622955409046,0.019912667522774014,742.1680727021477,37008.1270189185,38036.31847405526,SL,-5.606008998317809,0.7393650682029888,0.0,-5.9742900301697235,5.237543733833725,-1.140666376029804,12,936.2177955993515,chop,6
BTC,1,SWEEP_V2,2023-11-27 11:00:00+00:00,2023-11-27 11:30:00+00:00,37116.02172,36922.07994263082,0.020179270346635664,748.9742364794812,36940.55021773969,37626.48427202998,SL,-3.913603557039605,0.7470174347009614,0.0,-4.286133873500826,3.540886882240985,-1.2104690197807682,2,930.996192754693,chop,6
ETH,1,SWEEP_V2,2023-11-27 11:00:00+00:00,2023-11-27 13:15:00+00:00,2025.405,2013.666850162168,0.3696419465661877,748.6746467848894,2014.6741872557957,2056.6219098013216,SL,-4.3389125551418,0.7465051905073186,0.0,-4.711080422256673,3.966558511004927,-1.1876997173207264,9,925.9150979925995,chop,6
BTC,1,SWEEP_V2,2023-11-27 11:45:00+00:00,2023-11-27 13:15:00+00:00,37087.516019999995,36823.249124354916,0.0199535789691161,740.0286796734283,36841.669959334584,37802.704560117556,SL,-5.273070371177263,0.7373921444878397,0.0,-5.640448175828388,4.9055087857333985,-1.1498191975993195,6,920.2746498167711,chop,6
SUI,1,SWEEP_V2,2023-11-27 11:00:00+00:00,2023-11-27 13:45:00+00:00,0.59571912,0.5890928601955365,626.6192346672842,373.2890590510681,0.5893875539725227,0.6141382211708432,SL,-4.152141847379519,0.37121298812737835,0.0,-4.336710305981363,3.9674810583832083,-1.0930638967558473,11,915.5698296508631,chop,6
SOL,1,SWEEP_V2,2023-11-27 14:00:00+00:00,2023-11-27 14:45:00+00:00,54.830963694763184,54.0719998293025,6.597214338190569,361.73161986389823,54.09904935397949,56.9601690497703,SL,-5.0070472953857745,0.35922809621620533,0.0,-5.185409581670031,4.828595783345499,-1.0738959760424,3,909.8373263274009,chop,6
ETH,1,SWEEP_V2,2023-11-27 13:30:00+00:00,2023-11-27 15:45:00+00:00,2022.6744735351563,2007.414906253501,0.36398329513037214,736.2197198534169,2008.4191158114065,2064.1446050951554,SL,-5.554227581440525,0.7334426060626966,0.0,-5.919560327576513,5.188712077552632,-1.140853498729612,9,903.9177659998244,chop,6
BTC,1,SWEEP_V2,2023-11-27 14:00:00+00:00,2023-11-27 16:00:00+00:00,36959.690460000005,36697.509349637476,0.01981769475351527,732.4558637206906,36715.86728327911,37668.99424682442,SL,-5.195825215302311,0.7298579511130394,0.0,-5.5594552345550055,4.832013290087061,-1.1505463459631415,8,898.3583107652694,chop,6
SUI,1,SWEEP_V2,2023-11-28 05:00:00+00:00,2023-11-28 05:15:00+00:00,0.57681534,0.57261355,1245.9561991056194,718.6866486122155,0.5733730758198624,0.5868291994331276,SL_GAP,-5.235246297839979,0.7160690254632955,0.0,-5.591971998997167,4.288910394201665,-1.303821130550351,1,892.406995441966,chop,6
LINK,1,SWEEP_V2,2023-11-28 06:15:00+00:00,2023-11-28 10:45:00+00:00,13.877775,14.226384532143319,51.42323074952804,713.6400261150314,13.757940473325734,14.226384532143319,TP,17.926628412890924,0.7226033403214769,0.0,17.560845085626962,6.162278516931252,2.8497324548667224,18,909.0761473149623,chop,6
DOGE,1,SWEEP_V2,2023-11-28 05:45:00+00:00,2023-11-28 14:00:00+00:00,0.07704540907144547,0.07830076900689249,9266.2963953055,713.9255963535729,0.07661387909363555,0.07830076900689249,TP,11.632537244643695,0.7197418649758948,0.0,11.269758177844587,3.99868467784629,2.818366309372143,33,920.3459054928069,chop,6
ETH,-1,SWEEP_V2,2023-11-28 14:45:00+00:00,2023-11-28 16:15:00+00:00,2035.1728400634765,2044.7894528942904,0.3617760172012129,736.2767243942455,2043.7675691097356,2010.1699919289047,SL,-3.479059888897931,0.7380162543386946,0.0,-3.8489377810395027,3.1093668432791923,-1.2378525838335452,6,915.75526833714,chop,6
AVAX,1,SWEEP_V2,2023-11-28 06:15:00+00:00,2023-11-28 16:30:00+00:00,19.699938345336914,20.50583915253796,18.06202621324872,355.820802792859,19.422909942861555,20.50583915253796,TP,14.556201504943578,0.3630989035453308,0.0,14.371013002794676,5.003694267324357,2.872080553890304,41,930.1262813399347,chop,6
BTC,-1,SWEEP_V2,2023-11-28 16:30:00+00:00,2023-11-28 16:45:00+00:00,37604.37762,37799.39025,0.01978761708520328,744.1010250719478,37706.410513842115,37307.554656095665,SL_GAP,-3.858835249218375,0.7460304426965569,0.0,-4.232815179378958,2.018987833442973,-2.096503559489387,1,925.5214156480198,chop,6
XRP,-1,SWEEP_V2,2023-11-28 14:45:00+00:00,2023-11-28 17:15:00+00:00,0.6094780875325203,0.6129662664429774,1207.5614017299968,735.9822137044879,0.61265993647474,0.6002217997006084,SL,-4.21219021459653,0.7380883088117862,0.0,-4.582287416556072,3.8422779687599693,-1.192596541378012,10,920.5689196652046,chop,6
DOGE,-1,SWEEP_V2,2023-11-28 15:00:00+00:00,2023-11-28 17:15:00+00:00,0.07976404146850109,0.08063640529388974,139.65956276578297,11.139811155922644,0.08059610724026961,0.0773434864960836,SL,-0.12183395042646432,0.011200728131135877,0.0,-0.12746477297963887,0.11620594187756485,-1.0968868796221831,9,920.4414548922249,chop,6
ETH,-1,SWEEP_V2,2023-11-28 17:00:00+00:00,2023-11-28 17:15:00+00:00,2056.5886,2066.582764554074,0.36002199590059764,740.4171325184159,2065.5499895592943,2030.5191031002348,SL,-3.5981190701166934,0.7422161920534742,0.0,-3.9701266959109596,3.226297355179902,-1.2305520101973306,1,916.471328196314,chop,6
AVAX,-1,SWEEP_V2,2023-11-28 17:15:00+00:00,2023-11-28 17:30:00+00:00,20.60087854232788,20.78349408685606,35.589601727451516,733.1770625570512,20.773107533089515,20.099848751021305,SL,-6.499214498999585,0.736426669806551,0.0,-6.86905263752761,6.129561187127516,-1.1206434568192378,1,909.2356870275078,chop,6
SOL,-1,SWEEP_V2,2023-11-29 00:45:00+00:00,2023-11-29 02:15:00+00:00,58.348328610229494,58.8569581410385,7.617674045545225,444.47854845508914,58.82754436885407,56.95424640332163,SL,-3.8745739756415873,0.44641583544290997,0.0,-4.098750536856953,3.6505094466907013,-1.1227886399725922,6,904.228387113726,chop,6
LINK,-1,SWEEP_V2,2023-11-28 18:15:00+00:00,2023-11-29 06:30:00+00:00,14.60307874660492,14.748134677825696,49.52783860486234,723.2589272959439,14.740764295677858,14.202538967483648,SL,-7.184306750180616,0.7268510806710342,0.0,-7.549528367203678,6.819267652706308,-1.1070878504391242,49,896.4609404621058,chop,6
SOL,-1,SWEEP_V2,2023-11-29 02:30:00+00:00,2023-11-29 06:30:00+00:00,58.348328610229494,59.004492869682785,7.469563896925581,435.8365688329202,58.97500536699929,56.525268954171906,SL,-4.901260862865215,0.43828719926435283,0.0,-5.121629777713108,4.6810020774100884,-1.0941310627545824,16,891.3393106843927,chop,6
LINK,-1,SWEEP_V2,2023-11-29 07:45:00+00:00,2023-11-29 08:30:00+00:00,14.712057152557373,14.813392425993388,48.46850723547944,713.0714485475141,14.80598943127775,14.43879961446173,SL,-4.911569433742819,0.7155272332643856,0.0,-5.270560942733447,4.55275733080367,-1.1576634904463639,3,885.5024476057484,chop,6
XRP,-1,SWEEP_V2,2023-11-29 07:45:00+00:00,2023-11-29 08:45:00+00:00,0.6135772326350212,0.6165252892957352,683.7490065797303,419.5328232741358,0.6162171807053826,0.6058973837030608,SL,-2.0157308131040033,0.42054068868068784,0.0,-2.226505090147623,1.805061870531674,-1.2334785452488752,4,883.2759425156008,chop,6
DOGE,-1,SWEEP_V2,2023-11-29 00:15:00+00:00,2023-11-29 11:45:00+00:00,0.08050389258414507,0.08138964247497205,8066.209685697572,649.361278098588,0.08134896799097656,0.0780454914006353,SL,-7.144644348494095,0.652933600272835,0.0,-7.472897309717636,6.816555431728948,-1.096286443286828,46,875.449734828877,chop,6
ETH,-1,SWEEP_V2,2023-11-29 10:00:00+00:00,2023-11-29 14:45:00+00:00,2066.1267310546878,2032.080243096594,0.34200261939003845,706.6207540124807,2077.8302112902825,2032.080243096594,TP,11.643988062699497,0.700798759981131,0.0,11.296499679724606,4.002620896552941,2.8222756967698737,19,886.5529152651977,chop,6
SUI,1,SWEEP_V2,2023-11-29 16:45:00+00:00,2023-11-29 20:00:00+00:00,0.5816163,0.5951136135720948,1163.165078382713,676.5157691781635,0.5769765984595924,0.5951136135720948,TP,15.699603799041736,0.6843655710776844,0.0,15.353496112553133,5.396738805920605,2.844958161715972,13,901.2135323270556,chop,6
DOGE,-1,SWEEP_V2,2023-11-29 13:00:00+00:00,2023-11-30 05:00:00+00:00,0.08193361141830682,0.08176634803265333,4718.924018055343,386.63848680786157,0.0833250033937009,0.07788592567170587,TIME,0.7893032079015362,0.3862438352039108,0.0,0.5963786161015562,6.565873011216579,0.09083005642703623,64,901.4566378203401,chop,6
ETH,1,SWEEP_V2,2023-11-29 15:30:00+00:00,2023-11-30 07:30:00+00:00,2027.8055044189452,2032.5234677001954,0.3497585595199314,709.2423322121582,2018.6126166119805,2054.5484507664796,TIME,1.6501480411179812,0.7100674062327172,0.0,1.2947018009913431,3.2152911971923466,0.4026701538330032,64,902.5577772724342,chop,6
XRP,1,SWEEP_V2,2023-11-30 07:00:00+00:00,2023-11-30 08:00:00+00:00,0.6050209824800491,0.6026900978595625,639.8533422883335,387.12469779443063,0.6029915936563907,0.6109246590579646,SL,-1.4914243149068145,0.38637898563697726,0.0,-1.6842409516465764,1.2985112216204422,-1.2970553689515083,4,900.8735363207877,chop,6
LINK,1,SWEEP_V2,2023-11-30 02:30:00+00:00,2023-11-30 08:30:00+00:00,14.440887325286864,14.309142183408557,48.92678889592099,706.5462456340915,14.316300333575343,14.803322210265833,SL,-6.445866744743081,0.70332331226172,0.0,-6.795916934187756,6.095641442647435,-1.114881345651489,24,894.0776193866,chop,6
XRP,1,SWEEP_V2,2023-11-30 08:30:00+00:00,2023-11-30 08:45:00+00:00,0.6029205716371536,0.5996000572443009,1186.3288949771234,715.26209550928,0.6016619880340424,0.6065819057552955,SL_GAP,-3.939222170428633,0.7132924844240658,0.0,-4.2948836070980585,1.4930940951153109,-2.8764989568633763,1,889.4251047317472,chop,6
NEAR,-1,SWEEP_V2,2023-11-30 12:15:00+00:00,2023-11-30 13:15:00+00:00,1.8576284400463106,1.8721630190695462,309.62219821679486,575.1630010771742,1.871227405366863,1.8180678136592492,SL,-4.50022830732993,0.5774131152308392,0.0,-4.7900599220221824,4.210541536023388,-1.1376351191505203,4,883.746220947355,chop,6
DOGE,-1,SWEEP_V2,2023-11-30 08:45:00+00:00,2023-11-30 13:45:00+00:00,0.0818936172515154,0.08304740096332944,5997.306173536961,491.1410963157862,0.08300589801432227,0.07865789139607719,SL,-6.919594177788754,0.4946008934046806,0.0,-7.168624523035542,6.6706882854881036,-1.0746454063264634,20,876.5775964243195,chop,6
LINK,-1,SWEEP_V2,2023-11-30 12:15:00+00:00,2023-11-30 14:30:00+00:00,14.743051089859009,14.416164630721344,48.24941750599836,711.3436273468715,14.85541831018758,14.416164630721344,TP,15.77208124399066,0.7034575867248762,0.0,15.42429547093922,5.421652927621785,2.8449433552555177,9,891.4812685109247,chop,6
NEAR,-1,SWEEP_V2,2023-11-30 14:00:00+00:00,2023-11-30 15:15:00+00:00,1.8686261580467225,1.8883228819550848,254.97338413363605,476.44993519780746,1.8873791923589054,1.8140718764112813,SL,-5.022140351261034,0.478961005373438,0.0,-5.2628763890355685,4.7815246213514655,-1.100669097370046,5,886.2183921218891,chop,6
DOGE,-1,SWEEP_V2,2023-11-30 14:00:00+00:00,2023-11-30 16:30:00+00:00,0.08218355820029974,0.08318175900216417,6872.382333385385,564.7968334704896,0.08314018890771031,0.07940063250601444,SL,-6.860017555904212,0.5682268422484417,0.0,-7.145845981417408,6.574331973182396,-1.0869311149127086,10,879.0725461404717,chop,6
AVAX,-1,SWEEP_V2,2023-11-30 21:45:00+00:00,2023-12-01 01:15:00+00:00,21.3987192779541,21.542970394338692,32.8644919248464,703.2580369123774,21.532204292192596,21.010399236533022,SL,-4.740739649571482,0.7056284067371632,0.0,-5.094739037852457,4.38691717252903,-1.16134835409153,14,873.099437673864,chop,6
ETH,-1,SWEEP_V2,2023-12-01 00:00:00+00:00,2023-12-01 01:15:00+00:00,2051.399696582031,2056.7040310425455,0.3426815041792622,702.9767336976124,2055.6761929460727,2038.9589798866375,SL,-1.8176973115989639,0.7038855823534119,0.0,-2.1700945271035694,1.4654762066469134,-1.4808118461840194,5,870.9293431467605,chop,6
SOL,1,SWEEP_V2,2023-12-01 01:00:00+00:00,2023-12-01 01:30:00+00:00,58.91178152618408,60.06915182581507,5.949643311067712,350.5040869003435,58.51393548568593,60.06915182581507,TP,6.885940461627956,0.3539470571311575,0.0,6.7072454479469705,2.367042033684603,2.8335979473530033,2,877.6365885947075,chop,6
AVAX,-1,SWEEP_V2,2023-12-01 01:45:00+00:00,2023-12-01 03:45:00+00:00,21.806638623809814,22.192463739691277,17.56517122216909,383.03734120718514,22.181373053164695,20.71650210205016,SL,-6.777084222271132,0.38642588331832073,0.0,-6.97199143498586,6.582274414460306,-1.059207045465835,8,869.7875030678255,chop,6
ETH,-1,SWEEP_V2,2023-12-01 03:00:00+00:00,2023-12-01 04:00:00+00:00,2085.252787890625,2095.9753479955643,0.3366287579211725,701.9560559392831,2094.9278840535376,2057.107053598515,SL,-3.609522089860892,0.7037608169842136,0.0,-3.9623048788754645,3.2569156040892118,-1.216581993681569,4,865.82519818895,chop,6
DOGE,-1,SWEEP_V2,2023-12-01 06:00:00+00:00,2023-12-01 06:30:00+00:00,0.08406318720132112,0.08470661459167557,8239.756088385313,692.6601585511601,0.08466428245045035,0.08231454647658155,SL,-5.301684757106913,0.6953110009297134,0.0,-5.6506656787610465,4.952878238712035,-1.1408852401407845,2,859.8282024309134,chop,6
XRP,-1,SWEEP_V2,2023-12-01 03:00:00+00:00,2023-12-01 10:00:00+00:00,0.6103778780698776,0.6145889154918628,1096.3614683446785,669.1947866458001,0.6142817746045606,0.5990210881508,SL,-4.61681917122202,0.6715031962314112,0.0,-4.953724974130531,4.280081737030676,-1.1573902739453752,28,854.3495905789558,chop,6
DOGE,-1,SWEEP_V2,2023-12-01 07:15:00+00:00,2023-12-01 14:00:00+00:00,0.08460307493209838,0.08294868169043795,8130.467627764152,687.8625619447307,0.08517177260891916,0.08294868169043795,TP,13.450990694911937,0.6811370665972748,0.0,13.113784909287027,4.623778051375974,2.836162281921067,27,867.1339127754909,chop,6
BTC,-1,SWEEP_V2,2023-12-01 10:15:00+00:00,2023-12-01 16:30:00+00:00,38653.2678,38903.0192646574,0.017047081993513357,658.9254255038297,38883.57747591944,37983.276015507094,SL,-4.25753369601472,0.661054192351837,0.0,-4.589125175614642,3.926107929298144,-1.1688739225350393,25,862.5447875998763,chop,6
LINK,-1,SWEEP_V2,2023-12-01 16:45:00+00:00,2023-12-02 00:45:00+00:00,14.937011580467225,15.075166737594081,45.01921364644119,672.4525155804201,15.067632921133516,14.55702222580165,SL,-6.219636535051612,0.675562333847946,0.0,-6.558972611109348,5.8804700422403435,-1.1153823697757514,32,855.3045708159367,chop,6
ETH,-1,SWEEP_V2,2023-12-01 09:30:00+00:00,2023-12-02 01:30:00+00:00,2098.9800223632815,2095.5589205566407,0.17242240986260962,361.9111937093512,2114.311485175541,2054.3794032730725,TIME,0.5898746178863279,0.36161625640040806,0.0,0.40921395834059543,2.643487764808741,0.15480077637893,64,855.7137847742773,chop,6
NEAR,-1,SWEEP_V2,2023-12-02 01:45:00+00:00,2023-12-02 02:00:00+00:00,1.9316136409997942,1.9427265353126404,354.40370335399535,684.5710278194219,1.9417556574838986,1.9021095930460359,SL,-3.9384508994542586,0.686540253269149,0.0,-4.282705638813697,3.5943682014438663,-1.1915044310411282,1,851.0887936215539,chop,6
LINK,-1,SWEEP_V2,2023-12-02 02:45:00+00:00,2023-12-02 03:00:00+00:00,15.11197677116394,15.27281403585624,41.66430296651831,629.6299786167615,15.265181445133674,14.66629044688835,SL,-6.701172524446047,0.6329805648789846,0.0,-7.019338100016651,6.383165952161654,-1.0996640464344434,1,843.7546405322289,chop,6
BTC,-1,SWEEP_V2,2023-12-01 16:45:00+00:00,2023-12-02 08:45:00+00:00,38738.15082,38722.84302,0.017812823159427747,690.0358300799011,39027.31064377381,37896.95860538529,TIME,0.27267513435992935,0.6898994925127211,0.0,-0.07220644311284125,5.150752805694118,-0.014018619381814939,64,843.3449322329033,chop,6
NEAR,-1,SWEEP_V2,2023-12-02 08:30:00+00:00,2023-12-02 10:45:00+00:00,1.9756047513723374,1.9914589729575567,341.66941133184537,675.0037124257832,1.9904637410870134,1.932378599475098,SL,-5.416902556146521,0.6777121637038565,0.0,-5.757112863637486,5.076862268799304,-1.1339903583791853,9,837.5878193692657,chop,6
DOGE,-1,SWEEP_V2,2023-12-02 13:30:00+00:00,2023-12-02 14:45:00+00:00,0.08434313147068023,0.08340088471739106,4124.077105917111,347.83757753958935,0.08466702879212339,0.08340088471739106,TP,3.885898263364614,0.3458946284079071,0.0,3.7139224237265016,1.3357775280315844,2.7803450393415257,5,840.4648169796476,chop,6
ETH,-1,SWEEP_V2,2023-12-02 13:15:00+00:00,2023-12-02 18:00:00+00:00,2103.769103417969,2111.1081003371987,0.31850940980488657,670.0702554954127,2110.0530738002985,2085.488462305737,SL,-2.3375395773037915,0.6712390252840645,0.0,-2.67374347484015,2.0015036977072196,-1.3358673670715675,19,837.7910735048074,chop,6
SUI,-1,SWEEP_V2,2023-12-02 13:15:00+00:00,2023-12-02 19:00:00+00:00,0.62127572,0.6275368657457543,1055.7982109044594,655.9417936543798,0.627223254118695,0.6039738025637964,SL,-6.610506476579474,0.6592470468926696,0.0,-6.941782626644954,6.279395881811386,-1.105485743740446,23,830.339692818066,chop,6
LINK,-1,SWEEP_V2,2023-12-02 18:00:00+00:00,2023-12-02 19:00:00+00:00,15.880823024559021,16.113501231000505,27.972930720406783,444.2331622490304,16.105448506747134,15.227367076375419,SL,-6.508691348936147,0.44748750792349845,0.0,-6.7340622757351305,6.283433051286055,-1.071717040791394,4,823.6056305423309,chop,6
BTC,-1,SWEEP_V2,2023-12-02 18:45:00+00:00,2023-12-02 19:00:00+00:00,38833.731700000004,39010.186990189366,0.014805761197138712,574.9629579439556,38990.69164436719,38377.12095275002,SL,-2.612554888515509,0.5762692353882134,0.0,-2.9013426449317445,2.323911453816692,-1.2484738349934565,1,820.7042878973991,chop,6
SUI,-1,SWEEP_V2,2023-12-02 19:15:00+00:00,2023-12-02 20:45:00+00:00,0.6255748600000001,0.6323669769030233,949.9283996619628,594.2513256285565,0.6320509514273097,0.606735321302372,SL,-6.452024740005873,0.5974773379985594,0.0,-6.752376415190154,6.151823165608811,-1.0976219948809125,6,813.193586669837,chop,6
LINK,-1,SWEEP_V2,2023-12-02 19:15:00+00:00,2023-12-02 21:00:00+00:00,16.02079536781311,16.21161615945262,33.67928562046134,539.5689430595418,16.203514402251496,15.489249085810536,SL,-6.426707943949597,0.5427822970315166,0.0,-6.699705769451342,6.1538465491452845,-1.0887021176018556,7,806.4938809003856,chop,6
SOL,-1,SWEEP_V2,2023-12-02 19:15:00+00:00,2023-12-02 23:45:00+00:00,62.55748569488526,63.59509140565699,6.119641027818937,382.8293560556161,63.5633097507816,59.63145207773227,SL,-6.349774478337901,0.386004243294785,0.0,-6.544364043604878,6.155282159230493,-1.0632110558556467,18,799.9495168567807,chop,6
SOL,-1,SWEEP_V2,2023-12-03 01:15:00+00:00,2023-12-03 08:45:00+00:00,65.1169712539673,63.42001174294929,9.827846737365485,639.9596134854246,65.70030108587973,63.42001174294929,TP,16.67745799379959,0.6316208844885248,0.0,16.365816916053777,5.732876185368598,2.8547305727310994,30,815.5160240875992,chop,6
NEAR,1,SWEEP_V2,2023-12-03 05:00:00+00:00,2023-12-03 09:30:00+00:00,1.9823963933229447,2.0208113814557063,160.8942229814786,318.9561273449808,1.969191241152308,2.0208113814557063,TP,6.180749666463393,0.3220465021782125,0.0,6.018181227957672,2.1246326978467724,2.832574888853424,18,821.534205315557,chop,6
DOGE,-1,SWEEP_V2,2023-12-03 01:30:00+00:00,2023-12-03 10:00:00+00:00,0.08683263240754605,0.08482858300842616,7367.087832113657,639.7036296400305,0.0875215243884935,0.08482858300842616,TP,14.764007943210782,0.6323216256684251,0.0,14.451538132362373,5.0751277304787,2.847522052612312,34,835.9857434479193,chop,6
AVAX,1,SWEEP_V2,2023-12-03 14:30:00+00:00,2023-12-03 15:15:00+00:00,21.83736678314209,21.702838122908986,30.614597111029887,668.5421860316819,21.713694970394183,22.197139329317825,SL,-4.118540732923139,0.6664829156652203,0.0,-4.450752555572519,3.786162721267932,-1.1755312392072852,3,830.8927088910141,chop,6
DOGE,1,SWEEP_V2,2023-12-03 15:30:00+00:00,2023-12-03 18:45:00+00:00,0.08383676429092884,0.08477265822046479,7928.67154087832,664.7141671128113,0.08351505075265087,0.08477265822046479,TP,7.420395564392399,0.6684243648950075,0.0,7.084328283053797,2.5507609752598803,2.7773391359541324,13,837.4544877305773,chop,6
NEAR,1,SWEEP_V2,2023-12-03 19:30:00+00:00,2023-12-04 01:00:00+00:00,1.9653930333852767,2.0118178981775463,340.88021011781444,669.9635901844619,1.949434486112934,2.0118178981775463,TP,15.825317665079984,0.6778762490170018,0.0,15.482423211155213,5.439952947371252,2.846058295161686,22,852.6019291466404,chop,6
XRP,-1,SWEEP_V2,2023-12-03 11:00:00+00:00,2023-12-04 03:00:00+00:00,0.6276744277954102,0.6307260955810546,981.4352622225599,616.0218166337836,0.6340629215832333,0.6090897185944701,TIME,-2.995014373420123,0.6175193238204937,0.0,-3.304522788923725,6.269893075859394,-0.5270461152913337,64,848.9432510590341,chop,6
BTC,-1,SWEEP_V2,2023-12-04 02:00:00+00:00,2023-12-04 04:45:00+00:00,40598.47868,40953.14493897013,0.005457991989748743,221.5861714314251,40932.6785996703,39626.26073186823,SL,-1.9357656004931227,0.22255405423167168,0.0,-2.047526569009082,1.824060484535151,-1.1225102382122378,11,846.670372361375,chop,6
ETH,-1,SWEEP_V2,2023-12-04 05:30:00+00:00,2023-12-04 06:15:00+00:00,2237.562407763672,2258.330318471373,0.1678287677329418,375.5273416205314,2257.201717612567,2180.4298700214326,SL,-3.4854528624612344,0.377270068051762,0.0,-3.6749592597027307,3.296041171065434,-1.114961576318785,3,842.807649430862,chop,6
AVAX,1,SWEEP_V2,2023-12-03 15:30:00+00:00,2023-12-04 06:45:00+00:00,21.76335257835388,22.664627125813848,17.478222553204237,380.3847198683204,21.45353945266452,22.664627125813848,TP,15.752677122043723,0.3882610584293422,0.0,15.55460842354854,5.414982760702524,2.87251300898519,61,858.3622578544106,chop,6
NEAR,-1,SWEEP_V2,2023-12-04 03:45:00+00:00,2023-12-04 06:45:00+00:00,2.1055787466049196,2.1363918044242682,214.05243476493374,450.7042573000805,2.1353241423530918,2.0190466862466008,SL,-6.595610048784252,0.4540020623244726,0.0,-6.824259982458685,6.367074382942755,-1.071804658155199,12,851.5379978719519,chop,6
LINK,1,SWEEP_V2,2023-12-04 01:00:00+00:00,2023-12-04 07:15:00+00:00,15.811161210823059,16.415451329477488,30.78359770316207,486.72442593381794,15.6034364825356,16.415451329477488,TP,18.60222390865402,0.4960255378881449,0.0,18.349560583732785,6.3945144685998025,2.8695783978342866,25,869.2797232859788,chop,6
XRP,-1,SWEEP_V2,2023-12-04 06:45:00+00:00,2023-12-04 07:30:00+00:00,0.6324734894394874,0.6356920460324325,1077.0892530235278,681.2303982975616,0.635374358853006,0.6240345966001608,SL,-3.4666727165090916,0.6829637346558162,0.0,-3.809021252016127,3.1244952697254678,-1.2190836993492407,3,865.2092574803826,chop,6
AVAX,-1,SWEEP_V2,2023-12-04 07:00:00+00:00,2023-12-04 07:30:00+00:00,22.516495708465577,22.740594051027486,23.73548477675823,534.4399411142267,22.729229436309332,21.89763395473829,SL,-5.3190827983749465,0.5370994825134143,0.0,-5.588962310331247,5.049338158738478,-1.1068702738118037,2,859.6202951700513,chop,6
AVAX,-1,SWEEP_V2,2023-12-04 07:45:00+00:00,2023-12-04 08:15:00+00:00,22.610476771163942,22.780640464528663,30.414937424631752,687.6962361360411,22.76925583661036,22.148574035319818,SL,-5.175518085632209,0.6902839951788573,0.0,-5.521953962743046,4.829255339894288,-1.1434379783413817,2,853.7544930892403,chop,6
NEAR,-1,SWEEP_V2,2023-12-04 07:15:00+00:00,2023-12-04 10:00:00+00:00,2.1445709809303284,2.1654877231926,243.81991167918196,522.8891071601693,2.164405520432384,2.0868705023788934,SL,-5.099918251003324,0.5254390662856709,0.0,-5.36391276370891,4.836055669588497,-1.1091503345256837,11,848.3905803255315,chop,6
AVAX,-1,SWEEP_V2,2023-12-04 10:00:00+00:00,2023-12-04 10:15:00+00:00,22.6394702999115,23.117553900718686,18.538843242416032,419.7095909813928,22.982691787317112,21.64100779109518,SL_GAP,-8.863116932134208,0.4241411494474599,0.0,-9.077403286090972,6.362929352441486,-1.4266075864268286,1,839.1033222439497,chop,6
AVAX,-1,SWEEP_V2,2023-12-04 10:30:00+00:00,2023-12-04 11:00:00+00:00,22.91341566772461,21.914493441717934,18.32746171055415,419.94474830823435,23.256795182914406,21.914493441717934,TP,18.30770884895889,0.4107908938837549,0.0,18.106890329229252,6.293274916829622,2.877180890478403,2,857.0002401990249,chop,6
ETH,-1,SWEEP_V2,2023-12-04 11:00:00+00:00,2023-12-04 15:30:00+00:00,2260.817765527344,2206.6033406757288,0.3032531867951335,685.60019215922,2279.4539740700866,2206.6033406757288,TP,16.44069710651758,0.6773798436059613,0.0,16.106117358991227,5.6514896303654085,2.8498888633632427,18,872.5977810636149,chop,6
NEAR,-1,SWEEP_V2,2023-12-04 14:00:00+00:00,2023-12-05 00:30:00+00:00,2.16056781334877,2.2035371706732927,153.45632504331118,331.55279664336496,2.2024359526969444,2.0387695897904448,SL,-6.593919664494135,0.334849756475612,0.0,-6.762993022648065,6.424930800772089,-1.0526172549337574,42,865.4857489285414,chop,6
BTC,-1,SWEEP_V2,2023-12-04 22:30:00+00:00,2023-12-05 01:15:00+00:00,42293.739559999995,41732.58803460721,0.016505474146133698,698.078224850892,42486.635396853766,41732.58803460721,TP,9.262071994434123,0.6934471888536748,0.0,8.917663918005895,3.183837248086749,2.8009170140102957,11,874.1397178296647,chop,6
NEAR,-1,SWEEP_V2,2023-12-05 01:15:00+00:00,2023-12-05 01:45:00+00:00,2.2695459809303284,2.3038929616512256,197.49743711418773,448.22951464654506,2.3027415908557978,2.1729769338744176,SL,-6.7834406649876025,0.4516212349790389,0.0,-7.010947142643369,6.556047883722485,-1.0693862014111153,2,866.9046559296982,chop,6
SUI,-1,SWEEP_V2,2023-12-05 00:30:00+00:00,2023-12-05 05:30:00+00:00,0.63727252,0.6454386603469611,827.5737886283124,527.390033765112,0.6451161022958132,0.6144548260485435,SL,-6.7580837054050855,0.5307690756178145,0.0,-7.025157764140344,6.49114311696406,-1.0822681979974653,20,859.8794981655578,chop,6
LINK,1,SWEEP_V2,2023-12-05 07:30:00+00:00,2023-12-05 08:30:00+00:00,15.371073630523682,15.208784693485702,41.676271868317414,640.6090435336298,15.216392889930667,15.821053966794272,SL,-6.763597861215096,0.6372272446030223,0.0,-7.080520584051304,6.446516597747187,-1.0983483058937098,4,851.9397623396619,chop,6
SOL,1,SWEEP_V2,2023-12-05 07:30:00+00:00,2023-12-05 15:45:00+00:00,59.53190445785523,61.14999487930546,11.555209005944668,687.9035985324463,58.97568587548171,61.14999487930546,TP,18.69737301037454,0.6972522850376336,0.0,18.34407252460313,6.427221972316248,2.8541215168257645,33,870.283834864265,chop,6
BTC,-1,SWEEP_V2,2023-12-05 16:00:00+00:00,2023-12-05 16:30:00+00:00,42257.446820000005,42575.14844059397,0.01647584320124838,696.227067891412,42553.871504841554,41395.120464097316,SL,-5.234402085688676,0.6988442689342564,0.0,-5.585132820677226,4.883846628428839,-1.143593000682332,2,864.3505885096421,chop,6
DOGE,-1,SWEEP_V2,2023-12-05 18:30:00+00:00,2023-12-05 18:45:00+00:00,0.09201159766614438,0.09318788426186962,5736.6022152370515,527.8339349991041,0.0931413136050671,0.08872515129836919,SL,-6.747888290791093,0.5312078791444997,0.0,-7.015179202436041,6.4807309578126855,-1.0824672784755962,1,856.8183648717559,chop,6
DOGE,-1,SWEEP_V2,2023-12-05 19:00:00+00:00,2023-12-05 19:15:00+00:00,0.09219156024307013,0.09414193206257808,3375.6785394877315,311.2090714344222,0.09409488462026795,0.08665461660031282,SL,-6.583828295134639,0.31450098558198947,0.0,-6.742724744999418,6.425011253790555,-1.049449484002292,1,849.7698378913574,chop,6
AVAX,-1,SWEEP_V2,2023-12-05 18:45:00+00:00,2023-12-05 22:30:00+00:00,23.83223249320984,24.354228935252014,12.604584964884912,300.3953993635544,24.342057906298866,22.34910401876904,SL,-6.579548505088195,0.30368517361609854,0.0,-6.7330359790225165,6.426137736538169,-1.0477578064876145,15,843.0368019123349,chop,6
XRP,1,SWEEP_V2,2023-12-05 07:30:00+00:00,2023-12-05 23:30:00+00:00,0.6137227356433869,0.6214756522536278,635.3322420330558,389.91784162297336,0.6066733044743869,0.6342301717713866,TIME,4.925677892279677,0.39238068056911324,0.0,4.72825613252205,4.478730909658425,1.0557133768241183,64,847.6374719241007,chop,6
AVAX,-1,SWEEP_V2,2023-12-05 23:15:00+00:00,2023-12-06 00:00:00+00:00,24.343129972839357,24.95878848245877,10.482310277974191,255.17224151235558,24.946315324796373,22.5884089489644,SL,-6.4535235231058286,0.2583990032739085,0.0,-6.584336405623559,6.322776014342511,-1.0413679672801515,3,841.0531355184772,chop,6
NEAR,-1,SWEEP_V2,2023-12-06 01:30:00+00:00,2023-12-06 03:15:00+00:00,2.299539952325821,2.349998724224612,127.98986431624704,294.31780648797104,2.348824312068578,2.1561672694378005,SL,-6.458211368890719,0.2975469121724164,0.0,-6.60859937781915,6.307898516388579,-1.0476705293608195,7,834.1049564723515,chop,6
DOGE,-1,SWEEP_V2,2023-12-06 02:15:00+00:00,2023-12-06 04:45:00+00:00,0.09534093141108752,0.09695183321632117,4036.4775593171585,384.84153012525115,0.0969033815255584,0.09079562198717221,SL,-6.50236898708915,0.38809271461879574,0.0,-6.69804093664532,6.306794824614249,-1.062035649313358,10,827.4069155357063,chop,6
DOGE,-1,SWEEP_V2,2023-12-06 05:15:00+00:00,2023-12-06 05:45:00+00:00,0.09750049723237753,0.09891054874192631,4560.823397899174,444.6825490842311,0.0988611181828349,0.09354232719468335,SL,-6.430995916993161,0.4478980470427277,0.0,-6.656552689493773,6.205551866517797,-1.0726769887154375,2,820.5280215716704,chop,6
DOGE,-1,SWEEP_V2,2023-12-06 05:45:00+00:00,2023-12-06 06:00:00+00:00,0.09674064530879259,0.09971983537450432,2842.9192901226966,275.02584668728423,0.0989053075920901,0.09044344593919984,SL_GAP,-8.469596906753793,0.2792606451406612,0.0,-8.611344628550812,6.153960161787528,-1.399317577975593,1,811.779164019776,chop,6
ETH,-1,SWEEP_V2,2023-12-05 18:30:00+00:00,2023-12-06 10:30:00+00:00,2286.7425111816406,2282.856382324219,0.22138694384083488,506.25493590141957,2316.0244069490936,2201.558814403595,TIME,0.8603381911162616,0.5058247668058615,0.0,0.60764089226111,6.482629413822315,0.09373370795583241,64,811.922560912557,chop,6
NEAR,-1,SWEEP_V2,2023-12-06 09:15:00+00:00,2023-12-06 11:30:00+00:00,2.3685261580467225,2.271214976887633,181.95358053951065,430.96181505809204,2.4019768765701595,2.271214976887633,TP,17.70611783842529,0.42210875613887944,0.0,17.499489989815455,6.086478006958686,2.875142236578896,9,829.4220509023723,chop,6
AVAX,-1,SWEEP_V2,2023-12-06 17:15:00+00:00,2023-12-06 17:45:00+00:00,26.434712533950805,27.204331123533628,8.228140622107933,217.50853203434636,27.1907357556558,24.23537225262718,SL,-6.332529980475838,0.22067479702458426,0.0,-6.444450511483249,6.220665381767794,-1.0359744683215641,2,822.8688461248719,chop,6
DOGE,-1,SWEEP_V2,2023-12-06 07:30:00+00:00,2023-12-06 20:45:00+00:00,0.10440911150425673,0.09622384826353052,2163.833327762798,225.92391519501288,0.10722279574325637,0.09622384826353052,TP,17.71154539679511,0.21706814249661532,0.0,17.607439211896,6.088343730148319,2.8919916470397875,53,840.3048586519178,chop,6
AVAX,-1,SWEEP_V2,2023-12-06 18:15:00+00:00,2023-12-07 00:00:00+00:00,27.344530381393433,25.91263521297002,12.538279682190423,342.85336970006404,27.836744345538982,25.91263521297002,TP,17.95350209726991,0.33387661865142904,0.0,17.791052163468514,6.1715163459365385,2.8827683775288926,23,857.5631698978816,chop,6
SOL,-1,SWEEP_V2,2023-12-06 09:15:00+00:00,2023-12-07 01:15:00+00:00,65.4869,63.27265032119751,4.1474290080507705,271.60226870732004,66.95467594110704,61.21700635314318,TIME,9.183443348932572,0.26701054703285376,0.0,9.052233936253378,6.087496515466338,1.4870207996431064,64,866.615403834135,chop,6
DOGE,1,SWEEP_V2,2023-12-06 23:45:00+00:00,2023-12-07 03:00:00+00:00,0.09493898592442274,0.09754942915076138,4142.007040195662,393.23794808799585,0.09404164606536883,0.09754942915076138,TP,10.81247422152575,0.3986441851987587,0.0,10.61044901037099,3.716788013649471,2.8547361246875935,13,877.225852844506,chop,6
XRP,-1,SWEEP_V2,2023-12-07 05:00:00+00:00,2023-12-07 05:15:00+00:00,0.6422715463161469,0.648941531845796,1036.7993803211477,665.9067412184864,0.6486172232341789,0.623811395281872,SL,-6.915436863891143,0.669364459650432,0.0,-7.251847952932332,6.579193896333795,-1.1022395854564142,1,869.6410515209644,chop,6
XRP,-1,SWEEP_V2,2023-12-07 05:30:00+00:00,2023-12-07 05:45:00+00:00,0.6468706147789955,0.6503676819952625,1075.5054029691287,695.7128412167716,0.6500426606649301,0.6376428449290041,SL,-3.7611146856413358,0.6975933985595923,0.0,-4.110851663592542,3.4115524887886157,-1.2049797495720886,1,865.1823434367634,chop,6
XRP,-1,SWEEP_V2,2023-12-07 06:15:00+00:00,2023-12-07 08:15:00+00:00,0.6510697564721107,0.6385640098240722,1063.090195588066,692.1458747494107,0.655368606882374,0.6385640098240722,TP,13.294736650038047,0.6854985064243917,0.0,12.955311080988361,4.570065723450578,2.834819423823646,8,877.791581580377,chop,6
LINK,1,SWEEP_V2,2023-12-06 23:00:00+00:00,2023-12-07 09:15:00+00:00,15.33706643371582,15.191154135091232,43.8313213173365,672.2438869215343,15.198753511847155,15.739431297333757,SL,-6.395528845165522,0.6690461224989517,0.0,-6.728453024203707,6.062438120765151,-1.109859249722865,41,871.0631285561733,chop,6
SOL,-1,SWEEP_V2,2023-12-07 12:45:00+00:00,2023-12-07 15:30:00+00:00,64.26714277954102,65.38779069450534,6.004734792413628,385.90714825732425,65.35511313793637,61.102138100572716,SL,-6.729193525032059,0.3892717450198403,0.0,-6.9255116959232375,6.5329734641713,-1.0600856920519774,11,863.9446632861215,chop,6
ETH,-1,SWEEP_V2,2023-12-07 16:00:00+00:00,2023-12-07 16:15:00+00:00,2321.5356,2339.4491693115233,0.2977148963939632,691.1557306288972,2334.837451295255,2282.839305322895,SL_GAP,-5.333136431626189,0.6938222988447104,0.0,-5.68138086515645,3.9601592802147154,-1.4346344334029948,1,857.9177045556505,chop,6
SOL,-1,SWEEP_V2,2023-12-07 22:00:00+00:00,2023-12-07 22:15:00+00:00,68.7162573562622,69.50140995216802,8.570954124542986,588.9638894108128,69.4666766138611,66.53321951597452,SL,-6.729506880274566,0.5923286428509502,0.0,-7.02735357842011,6.431809031053712,-1.0925936302665427,1,850.2527019507028,chop,6
ETH,-1,SWEEP_V2,2023-12-07 21:45:00+00:00,2023-12-08 02:45:00+00:00,2370.1757723632813,2389.1332745872674,0.28957099791809227,686.3341636445205,2387.9393049348,2318.500041246136,SL,-5.489542837034083,0.6890789350630375,0.0,-5.835454690274861,5.1438038532852,-1.1344629104680815,20,844.1637595284182,chop,6
SOL,-1,SWEEP_V2,2023-12-08 01:30:00+00:00,2023-12-08 03:00:00+00:00,69.03619305114746,69.93950406192994,7.343618493619544,506.9754640194956,69.90455178603692,66.51005854965086,SL,-6.633571444272339,0.5102922497416318,0.0,-6.890375962004223,6.376895264630271,-1.0805220528274935,6,837.2733835664139,chop,6
ETH,-1,SWEEP_V2,2023-12-08 03:00:00+00:00,2023-12-08 04:15:00+00:00,2377.2944655273436,2391.1874854645516,0.28175672663443,669.8187068531312,2389.992489219942,2340.354760239785,SL,-3.9144518205746035,0.6717759327634185,0.0,-4.251318399911456,3.5777535903529425,-1.1882647288440196,5,832.439093235173,chop,6
LINK,-1,SWEEP_V2,2023-12-08 04:00:00+00:00,2023-12-08 06:00:00+00:00,15.822835013580322,16.031039047909328,31.355010361915074,496.1251558056836,16.02302753414226,15.240456771945594,SL,-6.5282396537784955,0.4993892756325729,0.0,-6.779566351508227,6.277038556597405,-1.0800581023009086,8,825.1631561106578,chop,6
SOL,-1,SWEEP_V2,2023-12-08 05:00:00+00:00,2023-12-08 11:30:00+00:00,71.69565708465576,73.10137947683772,4.558020453592159,326.79027142559056,73.06484705331107,67.71255899402215,SL,-6.407311415637859,0.3299939271334095,0.0,-6.573910207058473,6.240795881984091,-1.0533768979748264,26,818.2605881472598,chop,6
AVAX,-1,SWEEP_V2,2023-12-08 07:30:00+00:00,2023-12-08 11:30:00+00:00,26.95660749320984,27.58998633944678,9.988405571950075,269.2535284860483,27.57619824032662,25.154161683415577,SL,-6.326444796908366,0.2724167508845025,0.0,-6.464234783549845,6.188723670829934,-1.0445182443705656,16,811.79635336371,chop,6
DOGE,-1,SWEEP_V2,2023-12-08 08:00:00+00:00,2023-12-08 12:30:00+00:00,0.09739051886051893,0.0983993395831519,3984.5971531256355,388.06198419305224,0.09835016450090146,0.09459882245213337,SL,-4.019744179417498,0.390071856282761,0.0,-4.2157850436037325,3.8238012866776714,-1.1025115395749652,18,807.2957785961331,chop,6
BTC,-1,SWEEP_V2,2023-12-08 12:00:00+00:00,2023-12-08 12:30:00+00:00,43660.16622,43801.48693092715,0.013045746208939404,569.5794479462293,43779.59713236098,43312.73083858624,SL,-1.843634128822533,0.5705012650106405,0.0,-2.129345669860059,1.5580653721634063,-1.3666600310251538,2,805.166432926273,chop,6
ETH,-1,SWEEP_V2,2023-12-08 04:30:00+00:00,2023-12-08 13:30:00+00:00,2383.5232,2343.8414806057685,0.27939785716712906,665.9512745881384,2397.163791041767,2343.8414806057685,TP,11.0869873674556,0.6604077809044107,0.0,10.75955522384526,3.8111519075628473,2.823176689046166,36,815.9259881501183,chop,6
NEAR,-1,SWEEP_V2,2023-12-08 14:15:00+00:00,2023-12-08 14:45:00+00:00,2.2715456743717195,2.306522450617054,180.87717149061785,410.8707564921047,2.305369765734187,2.173148317680905,SL,-6.326500355116351,0.4140340066696629,0.0,-6.535098983539961,6.11800597388335,-1.068174665313683,2,808.9935954893274,chop,6
DOGE,-1,SWEEP_V2,2023-12-08 16:30:00+00:00,2023-12-08 19:15:00+00:00,0.09838031675815583,0.09912011367109813,6576.552745561973,647.0033422851063,0.09907057838190718,0.09637228294360643,SL,-4.865313418968994,0.6494359989945908,0.0,-5.191247746821032,4.539541976838031,-1.1435620098477293,11,803.1857753653261,chop,6
NEAR,-1,SWEEP_V2,2023-12-08 15:30:00+00:00,2023-12-08 20:00:00+00:00,2.3045390667438506,2.3349073786789885,207.7791922901262,478.83526588907847,2.333740508424776,2.2195894182175215,SL,-6.30990332509755,0.48199021755162724,0.0,-6.552475909704638,6.067451966169955,-1.0799386540246239,18,796.6332994556215,chop,6
SOL,-1,SWEEP_V2,2023-12-08 13:30:00+00:00,2023-12-08 23:30:00+00:00,73.44530708465577,74.65390824247105,5.2245216643681776,383.71659800995764,74.6165999424998,70.03790968001857,SL,-6.314362932586397,0.38687377947625085,0.0,-6.509378413057669,6.119444911125887,-1.0637204039900474,40,790.1239210425638,chop,6
XRP,-1,SWEEP_V2,2023-12-08 17:30:00+00:00,2023-12-08 23:30:00+00:00,0.6654668818116188,0.673849269120911,161.2494161906534,107.30614618633808,0.6735125128644789,0.6420614096578442,SL,-1.3516550599073083,0.10798197371629173,0.0,-1.405983960530431,1.2973533101590746,-1.083732511044379,24,788.7179370820334,chop,6
XRP,-1,SWEEP_V2,2023-12-09 00:00:00+00:00,2023-12-09 00:15:00+00:00,0.6723655143022538,0.6768011465957674,938.0842617085816,630.7355070825405,0.6764629151381983,0.6604458027795059,SL,-4.160996845271471,0.6328160055051762,0.0,-4.478445097235378,3.843707238111182,-1.1651368899354857,1,783.6255710023988,chop,6
XRP,-1,SWEEP_V2,2023-12-09 04:30:00+00:00,2023-12-09 05:00:00+00:00,0.6847630057930947,0.6901686031127165,915.4998904706322,626.9004568019191,0.6898236912670831,0.6700410116869465,SL,-4.948823754042164,0.6293748686789402,0.0,-5.2647483943201445,4.633056997142711,-1.1363444044757076,2,778.0473723796778,chop,6
SOL,-1,SWEEP_V2,2023-12-09 00:00:00+00:00,2023-12-09 06:00:00+00:00,74.92501444091798,75.70511148273155,7.969387289027492,597.106457715653,75.66727784380966,72.7657027234149,SL,-6.216895449237062,0.6002149054402716,0.0,-6.518557125819507,5.91538452811525,-1.1019667605440417,24,771.5288152538583,chop,6
NEAR,-1,SWEEP_V2,2023-12-09 06:45:00+00:00,2023-12-09 07:00:00+00:00,2.5164965599536897,2.5408649409117587,245.21209585498073,617.0753956780934,2.539595143340089,2.4493006810114375,SL,-5.975421767320712,0.6200631065617538,0.0,-6.286947176043419,5.664052043459999,-1.1099734126388627,1,764.7487597237342,chop,6
ETH,-1,SWEEP_V2,2023-12-09 07:00:00+00:00,2023-12-09 07:15:00+00:00,2371.1157698730467,2384.991948852539,0.25802156754739314,611.7990077789874,2382.845604243878,2336.9926153397196,SL_GAP,-3.5803534518567437,0.6135891845049157,0.0,-3.888043132472166,3.0265502514331595,-1.2846451601558786,1,760.5548170873726,chop,6
AVAX,-1,SWEEP_V2,2023-12-09 06:45:00+00:00,2023-12-09 07:30:00+00:00,32.08858222045899,32.60788184263779,11.503821201791263,369.1413124831383,32.591586049612985,30.62529835382918,SL,-5.973930003702664,0.37212827748498967,0.0,-6.161487624946084,5.786466114403937,-1.064810110891106,3,754.1658437142481,chop,6
SOL,-1,SWEEP_V2,2023-12-09 07:15:00+00:00,2023-12-09 07:30:00+00:00,76.5046926437378,77.50259475920555,5.946975023813905,454.97149635686804,77.46386282779166,73.71437938103566,SL,-5.934498956897784,0.45793874583531696,0.0,-6.164951954554667,5.704161128155294,-1.0807815235311191,1,748.0008917596934,chop,6
AVAX,-1,SWEEP_V2,2023-12-10 05:00:00+00:00,2023-12-10 07:15:00+00:00,33.92721130828858,32.55253748995771,11.871921352507409,402.781184361902,34.39975543333981,32.55253748995771,TP,16.32001945657514,0.3946211746336144,0.0,16.126788874122475,5.610006688197701,2.874646996063288,9,763.926290041635,chop,6
SOL,1,SWEEP_V2,2023-12-10 10:15:00+00:00,2023-12-10 15:00:00+00:00,71.3442678314209,73.71783775218434,7.022115736306792,500.98770583430706,70.52835317115846,73.71783775218434,TP,16.667482691817444,0.5093214471802159,0.0,16.40865509755438,5.729447175312262,2.863915940835965,19,780.0844512862722,chop,6
DOGE,-1,SWEEP_V2,2023-12-10 18:45:00+00:00,2023-12-10 19:00:00+00:00,0.1013597220286727,0.10216582917143908,3808.7370968317837,386.05253341516345,0.10211477178554632,0.09916321364504037,SL,-3.0702501786753955,0.38758765850450116,0.0,-3.264811570472315,2.8757860189583493,-1.1352762510664394,1,776.0401417362265,chop,6
ETH,-1,SWEEP_V2,2023-12-10 18:45:00+00:00,2023-12-10 20:30:00+00:00,2355.758734472656,2366.600299365801,0.26481825736178644,623.8479228278562,2365.417590570516,2327.6602440061547,SL,-2.8710443220773825,0.6252834449888949,0.0,-3.1844038056523494,2.5578414399435037,-1.2449574691864735,7,772.8557379305742,chop,6
SOL,-1,SWEEP_V2,2023-12-10 15:30:00+00:00,2023-12-10 23:45:00+00:00,73.9852,74.81090186631175,7.421693837467397,549.0955029037929,74.77351510875738,71.69191968361491,SL,-6.128106452791217,0.5521595561301884,0.0,-6.405718257469509,5.850633384647041,-1.0948760307352527,33,766.1408773779324,chop,6
BTC,1,SWEEP_V2,2023-12-10 23:30:00+00:00,2023-12-11 01:00:00+00:00,43682.83482,43465.84495718374,0.014153948407702252,618.2845903444594,43487.58875155952,44250.823382735936,SL,-3.0712633232956694,0.6167489586828117,0.0,-3.3788699868062513,2.7635027795132507,-1.2226765291697619,6,762.30526870991,chop,6
SUI,-1,SWEEP_V2,2023-12-11 01:00:00+00:00,2023-12-11 01:30:00+00:00,0.7028594,0.7121967942563998,636.5647365043376,447.4155087605968,0.7118408738194901,0.6767314761614833,SL,-5.943855914462247,0.45038743671782794,0.0,-6.170535596799777,5.717289515324325,-1.0792763914194996,2,755.91102535873,chop,6
SOL,-1,SWEEP_V2,2023-12-11 00:15:00+00:00,2023-12-11 02:00:00+00:00,74.29513555908203,71.90595131651021,6.996447014475319,519.8019793723786,75.11641764246609,71.90595131651021,TP,16.715800960973052,0.511444078891892,0.0,16.464257871767348,5.746056580334493,2.8653142623264807,7,772.3752832304973,chop,6
LINK,-1,SWEEP_V2,2023-12-11 00:15:00+00:00,2023-12-11 02:00:00+00:00,16.322735013580324,15.859708794009594,24.118224227258555,393.67538305965445,16.481900276557763,15.859708794009594,TP,11.167370186706735,0.3880916979663011,0.0,10.976116180270262,3.8387835016804415,2.859269394969898,7,783.3513994107676,chop,6
AVAX,-1,SWEEP_V2,2023-12-11 17:00:00+00:00,2023-12-11 21:30:00+00:00,36.69366001358032,37.79154519603388,5.444987711650928,199.79652786944186,37.77265886660058,33.55475425933957,SL,-5.977971327263269,0.2027855135330735,0.0,-6.080858576861622,5.875135495580757,-1.0350158871119837,18,777.1706425699713,chop,6
AVAX,-1,SWEEP_V2,2023-12-12 02:30:00+00:00,2023-12-12 03:00:00+00:00,41.768645027160645,42.716478220293936,6.291279264718917,262.77821037478066,42.695130654966455,39.073414109907375,SL,-5.963083314371799,0.26575975203196656,0.0,-6.097453961216376,5.828779819274784,-1.0460944057370518,2,770.9417995035675,chop,6
NEAR,-1,SWEEP_V2,2023-12-12 11:45:00+00:00,2023-12-12 13:30:00+00:00,2.3425313351631165,2.4039665484085098,95.95522329079446,224.77811733125972,2.4027651658255973,2.1673056459631725,SL,-5.895029604879283,0.22772563213369937,0.0,-6.010366178347352,5.779750670878245,-1.0399005978979479,7,764.5106675467531,chop,6
NEAR,-1,SWEEP_V2,2023-12-12 14:00:00+00:00,2023-12-12 14:15:00+00:00,2.425514918231964,2.45241759169541,223.30539814287374,541.6305745172685,2.4511919956975614,2.3508179656047714,SL,-6.007512208862556,0.5446343306216999,0.0,-6.2813312522256215,5.733830006600648,-1.095486131433039,1,757.9585210072688,chop,6
XRP,-1,SWEEP_V2,2023-12-12 08:00:00+00:00,2023-12-12 14:45:00+00:00,0.6249749965906143,0.6185799771188502,986.8449825471247,616.7534396028541,0.6271732845340332,0.6185799771188502,TP,6.310892879001595,0.6135979931633533,0.0,6.005671605639669,2.1693694271567985,2.7683950600847056,27,763.7915055217026,chop,6
NEAR,-1,SWEEP_V2,2023-12-12 14:15:00+00:00,2023-12-12 15:15:00+00:00,2.431513521814346,2.3150872969997973,142.04082326227112,345.37418241185395,2.4715350365943474,2.3150872969997973,TP,16.537276821976782,0.33710554400086556,0.0,16.372858369181845,5.6846889075545155,2.8801678746964625,4,780.1643638908844,chop,6
SUI,-1,SWEEP_V2,2023-12-13 00:15:00+00:00,2023-12-13 02:00:00+00:00,0.65856826,0.6348503889015956,391.7723100333669,258.008808534855,0.6667212781900765,0.6348503889015956,TP,9.29200514929552,0.25336280596020727,0.0,9.16764674760274,3.1941267700703393,2.8701574507015746,7,788.5524967840463,chop,6
DOGE,1,SWEEP_V2,2023-12-12 17:45:00+00:00,2023-12-13 02:15:00+00:00,0.09202840085774659,0.09110692636764217,6680.265434979806,614.7741452864705,0.09115250261895164,0.09457646846151374,SL,-6.155694185460204,0.6116962981937404,0.0,-6.460003411010709,5.851232729181633,-1.1040414404973122,34,782.0924933730356,chop,6
BTC,1,SWEEP_V2,2023-12-12 18:15:00+00:00,2023-12-13 02:15:00+00:00,41167.031760000005,40613.765219655594,0.010974637061790292,451.7932324771941,40634.08226078598,42717.430303168076,SL,-6.0718994787122735,0.448757282737838,0.0,-6.294760145211514,5.848927326136808,-1.0762247150998843,32,775.7977332278241,chop,6
SOL,1,SWEEP_V2,2023-12-12 18:15:00+00:00,2023-12-13 03:45:00+00:00,67.23344522094726,65.5238612993067,3.4871264117498586,234.4515225829025,65.55663961911625,72.11142515354655,SL,-5.96153524625569,0.23147075495977465,0.0,-6.075780239924013,5.847233101515019,-1.039086373749967,38,769.063908868462,chop,6
XRP,1,SWEEP_V2,2023-12-13 02:15:00+00:00,2023-12-13 03:45:00+00:00,0.6098219641327858,0.6045164793729327,1017.4512016830672,620.4640902196312,0.6048188888173414,0.6243763650504423,SL,-5.398071844423676,0.6177650542974193,0.0,-5.70560485361128,5.090384991809812,-1.120859200785663,6,763.3583040148508,chop,6
XRP,1,SWEEP_V2,2023-12-13 04:30:00+00:00,2023-12-13 06:45:00+00:00,0.6049209458827972,0.5986915518600057,409.98265897351695,248.00709786180414,0.5989910473836975,0.6221715596983601,SL,-2.5539435252578113,0.24673012609917522,0.0,-2.6766701024260846,2.431155554103983,-1.1009867706357388,9,760.2663789341673,chop,6
LINK,1,SWEEP_V2,2023-12-13 02:15:00+00:00,2023-12-13 07:00:00+00:00,14.071814044189454,13.87675428361086,30.929978551692184,435.24090657018064,13.883696131676697,14.619066153317474,SL,-6.033194210994138,0.4322243094646836,0.0,-6.247798067173731,5.818482999208681,-1.0737847078050133,19,754.0185808669936,chop,6
ETH,1,SWEEP_V2,2023-12-13 04:30:00+00:00,2023-12-13 15:30:00+00:00,2162.872429394531,2224.7139036769063,0.2693191011806388,582.5028586529197,2141.6144226099645,2224.7139036769063,TP,16.655090269414877,0.5908304037876272,0.0,16.35551129495371,5.7251872801113795,2.8567644156848484,44,770.1480860085892,chop,6
ETH,-1,SWEEP_V2,2023-12-13 15:30:00+00:00,2023-12-13 15:45:00+00:00,2212.917435400391,2223.0709409179685,0.2784190946081976,616.1184688068714,2221.561026429632,2187.7724433153257,SL_GAP,-2.8269298133033334,0.617531933713523,0.0,-3.1364025126134205,2.4065407885248677,-1.3032825072272864,1,766.7036242615723,chop,6
BTC,1,SWEEP_V2,2023-12-13 02:30:00+00:00,2023-12-13 16:00:00+00:00,40882.07478,42061.70525885209,0.0063691298322639586,260.38324208614404,40476.5768028946,42061.70525885209,TP,7.513219673904643,0.26413985192309636,0.0,7.379271443024618,2.5826692629047283,2.8572266488064177,54,774.0828957045969,chop,6
SOL,1,SWEEP_V2,2023-12-13 07:15:00+00:00,2023-12-13 19:30:00+00:00,65.15302738952637,70.00226148646074,3.3925593532479397,221.03551246275688,63.486103168705185,70.00226148646074,TP,16.451314491643515,0.22926116970857865,0.0,16.332571078166314,5.655139356502452,2.8880934754307384,49,790.4154667827632,chop,6
DOGE,-1,SWEEP_V2,2023-12-13 20:30:00+00:00,2023-12-13 20:45:00+00:00,0.09495100876986981,0.0957578568868339,2537.9221746345875,240.9782706609758,0.09551632278156486,0.09330645891766605,SL_GAP,-2.0477177276053253,0.24200212952477845,0.0,-2.169230721799616,1.4347229659124914,-1.51195092943952,1,787.5718628753579,chop,6
ETH,-1,SWEEP_V2,2023-12-13 20:15:00+00:00,2023-12-13 21:45:00+00:00,2246.5405922363284,2266.6349011155125,0.2814693736723238,632.3323734262107,2265.5021500404923,2191.3796968060333,SL,-5.6559325346021785,0.6351603396935117,0.0,-5.974926687582585,5.337097798989585,-1.1195085630084862,6,781.4787367723019,chop,6
NEAR,-1,SWEEP_V2,2023-12-13 20:15:00+00:00,2023-12-13 22:00:00+00:00,2.3035391008377077,2.333416119789302,206.3935997229317,475.4357271244198,2.332249994791906,2.220016500243676,SL,-6.166425490409829,0.4785189398696248,0.0,-6.407226566717243,5.925744754470376,-1.081252539924815,7,775.0715102055847,chop,6
SUI,-1,SWEEP_V2,2023-12-13 21:30:00+00:00,2023-12-13 22:00:00+00:00,0.65856826,0.663762216100487,358.9587371652494,236.39883094671563,0.663430500850062,0.6444235593452741,SL,-1.8644159227225592,0.23733103890807689,0.0,-1.9835475461572782,1.745343835331558,-1.1364795325732877,2,773.0879626594274,chop,6
LINK,1,SWEEP_V2,2023-12-13 07:15:00+00:00,2023-12-13 23:15:00+00:00,14.173833726882934,14.802039305114747,16.295999988717618,230.9767942533697,13.826858366227226,15.183216594244994,TIME,10.237238095777954,0.23609541330125866,0.0,10.11663107960338,5.654310473330717,1.7891891729893101,64,783.2045937390308,chop,6
SOL,-1,SWEEP_V2,2023-12-14 10:15:00+00:00,2023-12-14 11:45:00+00:00,72.42551444091796,73.10875871566911,8.646870329582883,626.2540319239502,73.07222260436693,70.54418160179371,SL,-5.907924647203064,0.6292079942475517,0.0,-6.2240056254886404,5.592001630425877,-1.1130192794694573,6,776.2804072634871,chop,6
ETH,-1,SWEEP_V2,2023-12-14 12:15:00+00:00,2023-12-14 13:15:00+00:00,2304.3090655273436,2259.1056734202416,0.26950565577394353,621.0243258107897,2319.84773156416,2259.1056734202416,TP,12.182569833031225,0.6149330408942741,0.0,11.878148955042345,4.187758380104472,2.836397871346632,4,787.7696401575218,chop,6
NEAR,-1,SWEEP_V2,2023-12-14 00:30:00+00:00,2023-12-14 13:30:00+00:00,2.3195359332561494,2.2164881622692434,165.82697581304058,384.64162910154596,2.3549586045328983,2.2164881622692434,TP,17.088100227033404,0.37609757898802926,0.0,16.90432346259615,5.87403445304273,2.8778046158445267,52,804.673963620118,chop,6
AVAX,1,SWEEP_V2,2023-12-14 09:15:00+00:00,2023-12-14 13:30:00+00:00,38.15063015670776,37.556585413675016,10.208639738973599,389.4660390846514,37.57537310022513,39.82410523011179,SL,-6.0643887704524575,0.3864338446994252,0.0,-6.2560895956095575,5.8725920469336,-1.065302943846781,17,798.4178740245085,chop,6
SOL,-1,SWEEP_V2,2023-12-14 12:15:00+00:00,2023-12-14 13:30:00+00:00,72.94540708465577,69.91807814217931,2.1496596217798203,156.80779620417616,73.98605140863205,69.91807814217931,TP,6.507726789487047,0.15355393280943264,0.0,6.432576754779703,2.2370310838861687,2.8754972611310503,5,804.8504507792882,chop,6
BTC,1,SWEEP_V2,2023-12-14 13:45:00+00:00,2023-12-15 05:45:00+00:00,42503.198939999995,42591.77994,0.007568671435844948,321.6927477492132,41705.65099092975,44823.33842820433,TIME,0.6704404844586236,0.3220279679914425,0.0,0.5092588903417876,6.036378380844661,0.08436497154615544,64,804.8495566791523,chop,6
ETH,1,SWEEP_V2,2023-12-14 13:45:00+00:00,2023-12-15 05:45:00+00:00,2277.4253646972656,2265.1867645996094,0.14949807466615883,340.4707072181158,2237.055801099088,2394.864095164691,TIME,-1.8296471512086678,0.33955588364251155,0.0,-1.9989676812421213,6.035172033040602,-0.33121966868523783,64,802.8505889979102,chop,6
SOL,1,SWEEP_V2,2023-12-14 13:45:00+00:00,2023-12-15 05:45:00+00:00,71.23424522094726,74.81503583068847,2.464001230800934,175.5212678995896,68.78542531271727,78.35808495397997,TIME,8.82307246964278,0.17993280413441098,0.0,8.730900299458163,6.033895267888533,1.446975777972594,64,811.5814892973684,chop,6
LINK,1,SWEEP_V2,2023-12-14 13:45:00+00:00,2023-12-15 05:45:00+00:00,14.884976369476318,14.907017847442628,12.268830904082492,182.62125808836865,14.393223152702719,16.315531181908604,TIME,0.2704231660447155,0.18275646967139103,0.0,0.17897732541750883,6.03323706313391,0.029665223418975133,64,811.7604666227859,chop,6
AVAX,-1,SWEEP_V2,2023-12-15 06:00:00+00:00,2023-12-15 09:00:00+00:00,39.4921,40.6156837583105,5.518245622124824,217.92710793351577,40.595386065277864,36.282540537373485,SL,-6.200211155387486,0.22102721351120952,0.0,-6.312274814931938,6.088203499670895,-1.036804176350734,12,805.3392282538872,chop,6
AVAX,-1,SWEEP_V2,2023-12-15 09:30:00+00:00,2023-12-15 10:00:00+00:00,40.373923569488525,41.22015902730157,7.315628880223825,295.3606412728996,41.19955924767773,37.972074323847195,SL,-6.190744554646538,0.2984560135502229,0.0,-6.341520247560311,6.040044211904154,-1.0499128855815305,2,798.8500276856904,chop,6
SOL,-1,SWEEP_V2,2023-12-15 10:00:00+00:00,2023-12-15 12:00:00+00:00,78.5042926437378,79.54342854969892,5.995067764086116,470.6385541708553,79.50367671134325,75.5969935379765,SL,-6.229690172331917,0.47375339925702126,0.0,-6.468124294503511,5.991375207642678,-1.0795725639503742,8,792.1465841141015,chop,6
LINK,1,SWEEP_V2,2023-12-15 12:30:00+00:00,2023-12-15 13:00:00+00:00,14.974994522094725,14.83186741732383,42.31138881302047,633.6128156972017,14.839287060854256,15.369779863885183,SL,-6.055906579643287,0.63058486240738,0.0,-6.3696850342020666,5.741971157373425,-1.1093202768917738,2,784.9855165463712,chop,6
XRP,1,SWEEP_V2,2023-12-15 12:30:00+00:00,2023-12-15 13:00:00+00:00,0.6279255477905273,0.6242338964252152,1008.6536099693909,633.3593705709227,0.6245461695099701,0.6377564664248756,SL,-3.7235974763705126,0.6314975718327375,0.0,-4.038415362917789,3.4086221021362055,-1.1847647647378945,2,780.9471011834534,chop,6
DOGE,1,SWEEP_V2,2023-12-15 12:30:00+00:00,2023-12-15 13:00:00+00:00,0.09555910998880864,0.09486760251825249,572.0427450174903,54.663895589426374,0.09491506004827663,0.09743270981581084,SL,-0.39557183165703774,0.05446610967359786,0.0,-0.4227059935359224,0.3684240959102808,-1.1473353622311946,2,780.5243951899174,chop,6
ETH,1,SWEEP_V2,2023-12-15 13:15:00+00:00,2023-12-15 13:30:00+00:00,2259.6818264648437,2243.525863512159,0.27633072445814477,624.419516151934,2244.648187605962,2303.4160485997722,SL,-4.464388947034284,0.6221873216784168,0.0,-4.774366510636734,4.154256317116886,-1.149271047856338,1,775.1006383200705,chop,6
XRP,1,SWEEP_V2,2023-12-15 13:15:00+00:00,2023-12-15 13:30:00+00:00,0.6255250867724419,0.621937921229567,255.29584904685086,159.69395812767561,0.6222490457524432,0.6350553879215289,SL,-0.9157884729398449,0.1592360638912057,0.0,-0.9951775577672127,0.8363596737128735,-1.1898918480243015,1,774.1054607623033,chop,6
BTC,1,SWEEP_V2,2023-12-15 14:00:00+00:00,2023-12-15 14:15:00+00:00,42307.35978,42138.5238406708,0.014637745579732384,619.2843686098427,42159.603642492046,42737.195816386775,SL,-2.4713775246159266,0.6180486798475346,0.0,-2.77978402015854,2.162816748685371,-1.285261001353065,1,770.9397790382367,chop,6
DOGE,1,SWEEP_V2,2023-12-15 14:00:00+00:00,2023-12-15 14:30:00+00:00,0.09464892897605896,0.09396082385197707,1611.3340198999879,152.51103920622154,0.09400782776586,0.09651395067845595,SL,-1.1087671957006549,0.1519566556083712,0.0,-1.1844683317059153,1.0330281901926381,-1.1465982660986596,2,769.7553107065307,chop,6
LINK,1,SWEEP_V2,2023-12-15 13:15:00+00:00,2023-12-15 15:15:00+00:00,14.909980987930297,14.733089349156046,34.51830317941875,514.6672441407475,14.740459578945519,15.403134177704196,SL,-6.105999217113813,0.5116142445321906,0.0,-6.36027983957563,5.851591390738812,-1.0869316421583892,8,763.0134815730429,chop,6
ETH,1,SWEEP_V2,2023-12-15 14:45:00+00:00,2023-12-15 15:15:00+00:00,2243.9887470703125,2233.9232989155466,0.27442394680864646,615.8042485652246,2235.040819325209,2270.0190823287944,SL,-2.7622000090286436,0.6144231485607103,0.0,-3.0687210333067414,2.455525647569824,-1.249720619429808,2,759.9447605397362,chop,6
XRP,1,SWEEP_V2,2023-12-15 14:45:00+00:00,2023-12-15 15:30:00+00:00,0.6200239681720734,0.61655842464923,237.56233116856038,147.29433925933904,0.6168668580782691,0.6292082884449585,SL,-0.8232825980527688,0.14688269796031267,0.0,-0.896518126383412,0.7500104336399325,-1.1953408728361976,3,759.0482424133528,chop,6
SOL,-1,SWEEP_V2,2023-12-15 12:15:00+00:00,2023-12-15 23:15:00+00:00,78.02439291534424,72.86023602915076,3.346760871084351,261.12898519918514,79.79957184497324,72.86023602915076,TP,17.283198198853146,0.25248738609975857,0.0,17.16127530535298,5.9410993808557615,2.888568967664879,44,776.2095177187058,chop,6
SUI,1,SWEEP_V2,2023-12-15 23:15:00+00:00,2023-12-15 23:30:00+00:00,0.62392476,0.6168914,995.2604127699062,620.9676141749646,0.6203866026652991,0.6342175813373115,SL_GAP,-7.000024776759336,0.617467601786585,0.0,-7.3070085714584385,3.5213879293792534,-2.075036524801887,1,768.5920253401598,chop,6
BTC,1,SWEEP_V2,2023-12-16 00:45:00+00:00,2023-12-16 12:30:00+00:00,41791.3566,42432.78367254062,0.014712937561642303,614.8736202721279,41570.86604381416,42432.78367254062,TP,9.43727646863721,0.6195922585064466,0.0,9.125121020266826,3.244063786094041,2.8128673238123256,47,776.9490315882999,chop,6
SOL,1,SWEEP_V2,2023-12-16 00:45:00+00:00,2023-12-16 12:30:00+00:00,72.22444108428955,75.78907745234203,4.7024636203813435,339.6328067012473,70.99909733277151,75.78907745234203,TP,16.762572840655046,0.34801409312157483,0.0,16.584375150884096,5.762134413975177,2.8781652699147777,47,793.533406739184,chop,6
NEAR,-1,SWEEP_V2,2023-12-16 13:00:00+00:00,2023-12-16 13:15:00+00:00,2.323535081768036,2.345172101140022,273.2158986419485,634.8267253913473,2.335403207793905,2.289009624238235,SL_GAP,-5.911577691650382,0.6377825142371725,0.0,-6.2319468431918805,3.2425607173537134,-1.9219214029946787,1,786.9840465332965,chop,6
NEAR,-1,SWEEP_V2,2023-12-16 13:45:00+00:00,2023-12-16 15:15:00+00:00,2.337532459115982,2.3662290067565728,214.52261084896128,501.45356607375334,2.3650464835148153,2.2574916608648308,SL,-6.156058322211118,0.5045315952348589,0.0,-6.4098631344091,5.902380348999723,-1.0859793431467661,6,780.3234566158505,chop,6
AVAX,-1,SWEEP_V2,2023-12-16 15:45:00+00:00,2023-12-16 16:15:00+00:00,44.664065735626224,45.240478695030774,10.567683991903241,471.9957324876913,45.2178697601507,43.05299948246412,SL,-6.091350003825036,0.4750414074896039,0.0,-6.330393545070794,5.852425924618879,-1.0816699991778267,2,773.7570652045359,chop,6
BTC,-1,SWEEP_V2,2023-12-16 16:15:00+00:00,2023-12-16 16:30:00+00:00,42485.60118,42666.89709358174,0.014569775052518837,619.0056521636288,42645.57430642853,42020.22481220791,SL,-2.6414406788269,0.6203263725030423,0.0,-2.9522642252481277,2.3307724665118266,-1.266646258983147,1,770.495298153206,chop,6
XRP,1,SWEEP_V2,2023-12-16 00:45:00+00:00,2023-12-16 16:45:00+00:00,0.6140227858185768,0.6238752128720284,947.396628782194,581.7231172799709,0.6087230740235836,0.6294401292221935,TIME,9.334156175762507,0.5863901953678521,0.0,9.038627539034641,5.020929088093809,1.8001902397841167,64,779.5339256922407,chop,6
SUI,-1,SWEEP_V2,2023-12-16 17:00:00+00:00,2023-12-16 19:30:00+00:00,0.64617074,0.6322908334950939,964.7259634467063,623.3776896975711,0.6509419578610615,0.6322908334950939,TP,13.390306175495757,0.6166825366098232,0.0,13.08531248373472,4.602917747826683,2.8428299614767374,10,791.8403277526984,chop,6
DOGE,-1,SWEEP_V2,2023-12-16 18:15:00+00:00,2023-12-16 20:00:00+00:00,0.09449109447449446,0.09553991568778522,3289.368358271727,310.8160163028665,0.09549216960298373,0.09157887591888927,SL,-3.449959312482806,0.3125409959591079,0.0,-3.6070923002904807,3.2929048519054374,-1.0954134609152886,7,788.2332354524079,chop,6
DOGE,-1,SWEEP_V2,2023-12-16 20:30:00+00:00,2023-12-16 21:30:00+00:00,0.09532093060314656,0.09619053869093463,6615.405287924356,630.5865883619264,0.09614246745720603,0.092931005209519,SL,-5.752809942375028,0.633462993333114,0.0,-6.070979641527178,5.4347992485697825,-1.1170568339069402,4,781.8469625166998,chop,6
XRP,-1,SWEEP_V2,2023-12-16 17:00:00+00:00,2023-12-16 22:00:00+00:00,0.6238752128720284,0.617420743397104,999.6023686898959,623.6271405537926,0.6260939367540337,0.617420743397104,TP,6.451902975771111,0.6204011890659071,0.0,6.1433153569821,2.217841647921319,2.7699522022863743,20,787.9902778736819,chop,6
ETH,1,SWEEP_V2,2023-12-16 22:15:00+00:00,2023-12-16 22:30:00+00:00,2233.456611767578,2222.109577703897,0.28224959418398876,630.3922222989455,2223.2211882980455,2263.2323891334913,SL,-3.2026957596659575,0.6287908744191125,0.0,-3.516290522935597,2.88894412057686,-1.2171542183493218,1,784.1587912395968,chop,6
LINK,1,SWEEP_V2,2023-12-17 01:15:00+00:00,2023-12-17 01:30:00+00:00,14.32086343975067,14.196712613517043,43.79482002042141,627.1796368809137,14.203814520777431,14.66136938585464,SL,-5.43716309028833,0.6244610553357696,0.0,-5.7480343271836425,5.126136340017905,-1.121319049263439,1,777.9129219555178,chop,6
ETH,1,SWEEP_V2,2023-12-17 06:00:00+00:00,2023-12-17 06:30:00+00:00,2215.0928323242188,2204.1334589421845,0.14741881830885128,326.5463677856428,2205.2360769806746,2243.767029687256,SL,-1.6156178733849755,0.3257385588489503,0.0,-1.7780832483411044,1.4530712251047322,-1.2236724653417774,2,775.5416008883111,chop,6
BTC,1,SWEEP_V2,2023-12-17 06:00:00+00:00,2023-12-17 08:00:00+00:00,41908.38,41728.00243447413,0.014847514028469252,622.2352599604202,41748.87687291059,42372.389096987376,SL,-2.6781584345664133,0.620896180743137,0.0,-2.9879369853293403,2.368224917044737,-1.26167787688761,8,772.3923320755212,chop,6
SUI,1,SWEEP_V2,2023-12-17 08:15:00+00:00,2023-12-17 09:45:00+00:00,0.6095218800000001,0.6205650881696366,1010.5243840218506,615.9367223348404,0.6057257771916875,0.6205650881696366,TP,11.159431133247047,0.6215164379014639,0.0,10.845883056513003,3.836054452053658,2.827353780316279,6,782.9302467708667,chop,6
NEAR,-1,SWEEP_V2,2023-12-17 05:45:00+00:00,2023-12-17 10:45:00+00:00,2.3955207084655763,2.455547410301109,99.22436034276149,237.69400998533564,2.454320250176021,2.2244674962170103,SL,-5.9561110931163785,0.24067206553189385,0.0,-6.077936153655605,5.8343469146663836,-1.0417509007523853,20,776.8523106172111,chop,6
ETH,1,SWEEP_V2,2023-12-17 07:00:00+00:00,2023-12-17 14:30:00+00:00,2215.263032373047,2198.732400452864,0.14565478239192636,322.66365492117507,2199.8323166111695,2260.15238731669,SL,-2.407765595135245,0.32145977212360743,0.0,-2.567893539798265,2.247557546447908,-1.1425262698419552,30,774.2844170774127,chop,6
DOGE,-1,SWEEP_V2,2023-12-17 00:30:00+00:00,2023-12-17 16:30:00+00:00,0.09651069188565016,0.09524904423058032,3818.129056066593,368.49027690969126,0.09805102508233779,0.09202972258619524,TIME,4.817133570340425,0.36608171012452106,0.0,4.635296998670749,5.881190934296976,0.7881561830681904,64,778.3299845112276,chop,6
LINK,-1,SWEEP_V2,2023-12-17 17:30:00+00:00,2023-12-17 18:00:00+00:00,14.339131607627868,14.196346445018682,26.305696162961972,377.20083931098316,14.388214007274776,14.196346445018682,TP,3.7560631041763783,0.3753228077588949,0.0,3.569340716072975,1.29114669206063,2.764473423524339,2,781.7107248076451,chop,6
BTC,1,SWEEP_V2,2023-12-17 14:45:00+00:00,2023-12-17 23:30:00+00:00,41755.44942,41459.71171763357,0.01483465133931087,619.4275336619303,41480.45194360537,42555.44207860256,SL,-4.387165702494885,0.6172339508106828,0.0,-4.694685886474603,4.07949168150471,-1.150801681434727,35,777.0160389211704,chop,6
ETH,1,SWEEP_V2,2023-12-17 14:45:00+00:00,2023-12-17 23:30:00+00:00,2213.632579394531,2196.587959320349,0.252992118593918,560.0315960495419,2197.6868027217097,2260.02029335183,SL,-4.312154543195766,0.5578755187779441,0.0,-4.590014263948939,4.03415582308258,-1.13778804420143,35,772.4260246572215,chop,6
LINK,1,SWEEP_V2,2023-12-17 23:45:00+00:00,2023-12-18 01:30:00+00:00,14.008800765037536,13.883230375291141,44.11090071806882,617.9408197257773,13.890175463022652,14.353892552717198,SL,-5.539022995232432,0.6151713082281611,0.0,-5.845223893597704,5.232668919829476,-1.1170635832599534,7,765.8089925561982,chop,6
XRP,1,SWEEP_V2,2023-12-17 23:45:00+00:00,2023-12-18 01:30:00+00:00,0.6098219641327858,0.607349484969927,1012.9081596401587,617.693643397887,0.6076533116257399,0.6161307714260102,SL,-2.5043943185999007,0.616441446238587,0.0,-2.811988943139544,2.196645819810877,-1.2801285112871066,7,762.9970036130586,chop,6
DOGE,1,SWEEP_V2,2023-12-17 23:45:00+00:00,2023-12-18 01:30:00+00:00,0.09291858051270246,0.0921917169837015,3314.5356938115547,307.9819517276551,0.09223783590165233,0.09489892847212104,SL,-2.40921511140352,0.3067773441719533,0.0,-2.5620014797116455,2.2563523116955464,-1.1354616326678246,7,760.435002133347,chop,6
SUI,1,SWEEP_V2,2023-12-18 02:15:00+00:00,2023-12-18 02:30:00+00:00,0.5996199,0.591978523601339,776.4570306084634,465.5790870477437,0.5922746609318048,0.6209878681983859,SL,-5.933200428265934,0.4626124868336108,0.0,-6.163023371575673,5.703262516000102,-1.080613658285191,1,754.0391892182474,chop,6
XRP,1,SWEEP_V2,2023-12-18 02:45:00+00:00,2023-12-18 07:45:00+00:00,0.6033206584095955,0.5999666089895251,999.452033390637,602.9900588340481,0.6002667423607054,0.6122047778245483,SL,-3.3522115129819854,0.6013139530775571,0.0,-3.6520304366425185,3.052242604867459,-1.196507260208795,20,749.6337227030918,chop,6
ETH,1,SWEEP_V2,2023-12-18 02:45:00+00:00,2023-12-18 08:00:00+00:00,2170.6039558593748,2159.7813461159944,0.2779094499234751,603.2313513745979,2160.8617770044966,2198.9448398008385,SL,-3.0077055205192686,0.6017274986143383,0.0,-3.307817343446308,2.7074435666152965,-1.2217493225838747,21,746.3259053596455,chop,6
SUI,1,SWEEP_V2,2023-12-18 03:00:00+00:00,2023-12-18 09:15:00+00:00,0.5880175799999999,0.5817170769679416,511.2955072153461,300.6507468176403,0.5820080810084458,0.605499758884521,SL,-3.221418893488081,0.29904003737089624,0.0,-3.370133557450157,3.072629834996774,-1.0968238084083095,25,742.9557718021954,chop,6
AVAX,1,SWEEP_V2,2023-12-18 09:45:00+00:00,2023-12-18 10:00:00+00:00,38.24664621276855,37.83007452392578,15.540306832009994,594.3646174417563,37.905517283345574,39.23902128018086,SL_GAP,-6.473651862145277,0.5911277915106836,0.0,-6.767597344935083,5.301248232508174,-1.2766044991885122,1,735.8909921485395,chop,6
BTC,1,SWEEP_V2,2023-12-18 10:45:00+00:00,2023-12-18 13:30:00+00:00,40725.54348,41318.70979548333,0.014455615405303157,588.7127937188316,40521.642559052605,41318.70979548333,TP,8.57458412800773,0.5930000857828355,0.0,8.27594043908431,2.9475132940026674,2.8077703520195967,11,743.432696859114,chop,6
SOL,1,SWEEP_V2,2023-12-18 10:45:00+00:00,2023-12-18 13:45:00+00:00,67.77355413665771,70.76985580742725,5.354515128523689,362.89452093855294,66.74357543733068,70.76985580742725,TP,16.04374262575631,0.37091639225143114,0.0,15.854273493974155,5.515036527603743,2.8747358996845596,12,759.2869703530881,chop,6
ETH,1,SWEEP_V2,2023-12-18 10:45:00+00:00,2023-12-18 21:00:00+00:00,2135.1969735351563,2201.4979358895357,0.24206860011908893,516.8641423621707,2112.4060177258384,2201.4979358895357,TP,16.04938114367304,0.5248888329340072,0.0,15.782924381920116,5.5169747681376,2.8607932871239248,41,775.0698947350082,chop,6
DOGE,-1,SWEEP_V2,2023-12-19 00:15:00+00:00,2023-12-19 01:15:00+00:00,0.09197160349935293,0.09251680124574006,4335.331657123976,398.727404207199,0.09247056596275868,0.09052007633308166,SL,-2.363613049304773,0.39990921073185143,0.0,-2.564158557933025,2.1631677633195108,-1.1853720277331472,4,771.7312414134017,chop,6
AVAX,-1,SWEEP_V2,2023-12-18 22:00:00+00:00,2023-12-19 01:45:00+00:00,41.090779223632815,41.56187673719301,12.908452570704442,530.4183747015517,41.54110618410096,39.780737156816386,SL,-6.081139909968577,0.533458944656536,0.0,-6.3493896672743375,5.813024210512562,-1.0922696065486508,15,765.3818517461274,chop,6
BTC,-1,SWEEP_V2,2023-12-19 00:15:00+00:00,2023-12-19 01:45:00+00:00,42685.26124000001,42998.921950154494,0.014521259339447957,619.843748438126,42977.433233537726,41835.30634970846,SL,-4.554748516748721,0.6221211226965004,0.0,-4.866947765226159,4.242705289884725,-1.147133122074193,6,760.5149039809012,chop,6
ETH,-1,SWEEP_V2,2023-12-19 02:15:00+00:00,2023-12-19 14:00:00+00:00,2244.0511,2209.077060408991,0.27101368521218033,608.168558415447,2256.0734261094094,2209.077060408991,TP,9.478443356316028,0.603429336737289,0.0,9.179098298786462,3.2582149037336228,2.8172169638865863,47,768.9340956659476,chop,6
AVAX,-1,SWEEP_V2,2023-12-19 02:15:00+00:00,2023-12-19 14:00:00+00:00,41.72265279312134,40.007484015173794,7.267820370473351,303.23274588003414,42.31224206054081,40.007484015173794,TP,12.465538583167064,0.29699997658845056,0.0,12.32015497951863,4.285028887963683,2.8751626422227865,47,781.2542506454662,chop,6
ETH,1,SWEEP_V2,2023-12-19 15:15:00+00:00,2023-12-19 16:45:00+00:00,2193.7987794433593,2175.316180457083,0.28489550015838616,625.003400516373,2176.404382648407,2244.4006610286747,SL,-5.265609282422015,0.622370595875162,0.0,-5.57547817803899,4.955585374851328,-1.125089723271342,6,775.2020366800743,chop,6
BTC,-1,SWEEP_V2,2023-12-19 02:15:00+00:00,2023-12-19 17:00:00+00:00,43209.356400000004,42227.74259506814,0.014080559718420637,608.411923184721,43546.78614544533,42227.74259506814,TP,13.821671800769181,0.6015010872843365,0.0,13.524376675077205,4.75119968151439,2.846518265207171,59,788.6279590249112,chop,6
SOL,1,SWEEP_V2,2023-12-19 15:15:00+00:00,2023-12-19 17:15:00+00:00,73.97479108428955,72.62285628227832,4.4402717381797485,328.4681741893221,72.65918587521593,77.80200623795827,SL,-6.002957893232094,0.3254666952427061,0.0,-6.164190501380139,5.841644628451672,-1.0552149083765745,8,782.463768523531,chop,6
SUI,-1,SWEEP_V2,2023-12-19 16:45:00+00:00,2023-12-19 17:30:00+00:00,0.66646668,0.6864881529132647,295.45162029809296,196.90866048069063,0.6861450803730782,0.609220424369227,SL,-5.915376612978443,0.19986634878717985,0.0,-6.016788631525277,5.814015275100557,-1.0348766466598616,3,776.4469798920057,chop,6
DOGE,1,SWEEP_V2,2023-12-19 17:45:00+00:00,2023-12-19 18:00:00+00:00,0.08998799408823252,0.08916380372815269,6902.671742016658,621.1575839136046,0.08920840793211875,0.09225588108783622,SL,-5.689115508565573,0.6183130261593219,0.0,-5.9968497427680925,5.381227330273931,-1.1144018594105414,1,770.1395513572809,chop,6
SUI,-1,SWEEP_V2,2023-12-19 18:00:00+00:00,2023-12-19 18:45:00+00:00,0.67396518,0.6947602125757318,282.47729683560436,190.37986220772154,0.6944130060726955,0.6144805950612496,SL,-5.87412458960105,0.19331692450252208,0.0,-5.972251582999712,5.776046635179607,-1.0339687263993158,3,763.3978523659829,chop,6
SUI,-1,SWEEP_V2,2023-12-19 19:15:00+00:00,2023-12-20 00:15:00+00:00,0.70875822,0.6685240341033808,251.53958756651494,178.28075034317726,0.7225887214019628,0.6685240341033808,TP,10.120490526510086,0.1732205050799222,0.0,10.036410396601752,3.478918618487841,2.8849224420674187,20,773.3451223874131,chop,6
NEAR,-1,SWEEP_V2,2023-12-20 01:30:00+00:00,2023-12-20 02:00:00+00:00,2.5804838896274567,2.504967832939054,76.79772432706338,198.17529038603766,2.606442534114095,2.504967832939054,TP,5.799461303822847,0.19527555973412625,0.0,5.7032733892817395,1.9935648231891014,2.8608417057430944,2,778.9493081315019,chop,6
LINK,1,SWEEP_V2,2023-12-19 18:15:00+00:00,2023-12-20 04:45:00+00:00,13.995798630523682,14.275169338712566,44.015743967437416,616.0354891409416,13.899764949583753,14.275169338712566,TP,12.296709563643574,0.6221838439227634,0.0,11.982543464291282,4.2269939125024765,2.8347671447667984,42,790.9318515957932,chop,6
SOL,-1,SWEEP_V2,2023-12-20 08:15:00+00:00,2023-12-20 08:45:00+00:00,75.58487847442628,76.77219525735819,5.1629658075237375,390.2421431292998,76.7338283431866,72.24247885621442,SL,-6.130075952976565,0.3933071811057881,0.0,-6.3282620625177035,5.9319888869684485,-1.0668027508311417,2,784.179092535375,chop,6
LINK,-1,SWEEP_V2,2023-12-20 08:15:00+00:00,2023-12-20 09:15:00+00:00,14.400119277954103,14.496739636822854,31.85750366482295,458.7518526713104,14.489494889378166,14.140117499265918,SL,-3.0780834367577534,0.4602908943896893,0.0,-3.3089984048117875,2.8472838684879047,-1.1621596432424153,4,780.6815306969875,chop,6
AVAX,-1,SWEEP_V2,2023-12-20 08:45:00+00:00,2023-12-20 09:15:00+00:00,41.80863794250488,42.28447671571651,9.020309814211515,377.1268671515927,42.26334504319491,40.48585364958843,SL,-4.2922131559832115,0.37927297372958435,0.0,-4.482922696137,4.1015989229459375,-1.0929695419651564,2,776.1986080008504,chop,6
AVAX,-1,SWEEP_V2,2023-12-20 09:15:00+00:00,2023-12-20 09:30:00+00:00,41.788641484832766,42.34223263575022,10.933799442494369,456.9086249694615,42.32107209970037,40.23975242339973,SL,-6.052854617271089,0.4599350522780971,0.0,-6.284335357064456,5.821489560006378,-1.079506420528146,1,769.6858183313012,chop,6
XRP,1,SWEEP_V2,2023-12-19 18:15:00+00:00,2023-12-20 10:15:00+00:00,0.602320411670208,0.6112777281999588,959.4075769415476,577.8707667029497,0.5963031331783958,0.6198252218282072,TIME,8.593717347706733,0.5821676253768031,0.0,8.300485105681405,5.773022577612049,1.4378057584376909,64,777.9863034369827,chop,6
DOGE,1,SWEEP_V2,2023-12-19 18:15:00+00:00,2023-12-20 10:15:00+00:00,0.0898079595118761,0.09001199361383914,1721.5478381340117,154.60869854489715,0.08905095274440412,0.09201016101724914,TIME,0.3512544671400877,0.1547843257784672,0.0,0.27377449063406906,1.3032233639942026,0.21007487910206538,64,778.2600779276167,chop,6
NEAR,-1,SWEEP_V2,2023-12-20 11:30:00+00:00,2023-12-20 11:45:00+00:00,2.836432493209839,2.8917490645815302,108.3496712691188,307.3265282163331,2.890303912625218,2.6797156367287367,SL,-5.993532323857491,0.31032329437826184,0.0,-6.1501923541275865,5.836950584457125,-1.0536653112165408,1,771.9562223093809,chop,6
BTC,-1,SWEEP_V2,2023-12-20 14:15:00+00:00,2023-12-20 14:30:00+00:00,43659.7663,44118.34815,0.014144944652337838,617.5649778475048,43978.933312091765,42731.28044664215,SL_GAP,-6.486614886816622,0.6208082852909131,0.0,-6.798640683183783,4.514599720890021,-1.5059232497900124,1,764.3862428453526,chop,6
ETH,-1,SWEEP_V2,2023-12-20 14:15:00+00:00,2023-12-20 14:30:00+00:00,2234.762918945313,2255.631585451271,0.27623420212632954,617.3179518563658,2254.5043332846285,2177.3333499582127,SL,-5.764639441713798,0.6202002715772226,0.0,-6.076180737362837,5.453253838866161,-1.1142303140295768,1,758.3100621079898,chop,6
LINK,-1,SWEEP_V2,2023-12-20 14:15:00+00:00,2023-12-20 14:30:00+00:00,14.647069618606567,14.789912040450286,21.014075852700774,307.7946319851874,14.782520780060256,14.253029876195834,SL,-3.0017014876073924,0.3092954827289911,0.0,-3.15709965434379,2.846380981124246,-1.1091627140850338,1,755.152962453646,chop,6
BTC,-1,SWEEP_V2,2023-12-20 14:45:00+00:00,2023-12-20 15:00:00+00:00,43963.705500000004,44274.963296211885,0.013741388790872432,604.1223699629168,44252.836877773,43122.59603738765,SL,-4.277114391937601,0.6062609271588856,0.0,-4.581314134115027,3.9730666736193445,-1.1530926889635074,1,749.8170993586227,chop,6
SOL,-1,SWEEP_V2,2023-12-20 14:45:00+00:00,2023-12-20 15:00:00+00:00,79.11417125396729,79.76026108192319,3.805826769921032,301.09483083846567,79.72040088148245,77.35059415574136,SL,-2.458905963008256,0.3023242838199698,0.0,-2.610682831408993,2.307204945116461,-1.1315348629669364,1,747.2064165272137,chop,6
SOL,-1,SWEEP_V2,2023-12-20 15:30:00+00:00,2023-12-20 17:15:00+00:00,80.5938786102295,81.6940056557503,5.290329190624949,426.3681485973808,81.6531790662172,77.5122772837198,SL,-5.820034222314709,0.42927816570853816,0.0,-6.036128313724556,5.604048123954103,-1.0771014417102447,7,740.7622153975454,chop,6
AVAX,-1,SWEEP_V2,2023-12-20 15:45:00+00:00,2023-12-20 17:30:00+00:00,43.444308515167236,44.09078771947793,8.971888300487407,389.7774832899944,44.06875334280653,41.62774174385292,SL,-5.800139209663524,0.39267755289482614,0.0,-5.997928020913353,5.602449243396861,-1.070590336535866,7,734.7642873766321,chop,6
ETH,-1,SWEEP_V2,2023-12-20 14:45:00+00:00,2023-12-20 20:00:00+00:00,2249.819965527344,2189.936953549076,0.26841290870729106,603.8807210149316,2270.4047508948734,2189.936953549076,TP,16.07337342724043,0.5958440343013114,0.0,15.779469753446584,5.525222115613889,2.8558978124797756,21,750.5437571300787,chop,6
AVAX,-1,SWEEP_V2,2023-12-21 01:45:00+00:00,2023-12-21 02:15:00+00:00,44.18416219329834,44.873302869523755,8.443002142111776,373.0469760454321,44.85087743080835,42.24462695690558,SL,-5.818416205587525,0.37595618414822585,0.0,-6.007848901713035,5.62907817847559,-1.0672882328559203,2,744.3493847403429,chop,6
AVAX,-1,SWEEP_V2,2023-12-21 02:30:00+00:00,2023-12-21 05:00:00+00:00,44.65906566772461,45.10475789987393,13.191075864713738,589.101123270188,45.082216791478196,43.42808058044146,SL,-5.879160046595281,0.5920407032934857,0.0,-6.176650188253673,5.5818185756724,-1.1065659165587656,10,737.7712760064312,chop,6
SOL,-1,SWEEP_V2,2023-12-21 02:30:00+00:00,2023-12-21 05:15:00+00:00,82.99340013580323,85.20289351088454,2.576300858815113,213.81596804585618,85.16031335420743,76.68965259135463,SL,-5.692319679768278,0.21666212788574032,0.0,-5.80207382363109,5.582620385552572,-1.039310112979641,11,731.9692021828001,chop,6
ETH,-1,SWEEP_V2,2023-12-21 11:15:00+00:00,2023-12-21 11:30:00+00:00,2245.9306068359374,2253.260546402094,0.20682315516410246,464.5104543854359,2252.134479162513,2227.882978249536,SL,-1.5160012282346909,0.4652684549995532,0.0,-1.7490144560415262,1.2831044488176044,-1.3631115203857824,1,729.488717739336,chop,6
NEAR,-1,SWEEP_V2,2023-12-21 10:15:00+00:00,2023-12-21 11:45:00+00:00,3.3153367847442627,3.398112665329622,67.69905443817164,224.44516547127478,3.3964144581005717,3.0794744622531818,SL,-5.603848845915822,0.2272470898942327,0.0,-5.718873353074417,5.488881822269062,-1.0419013449829164,6,723.7698443862616,chop,6
SOL,-1,SWEEP_V2,2023-12-21 10:45:00+00:00,2023-12-21 14:00:00+00:00,87.79243555908204,88.73333583052147,6.121247892439095,537.399261138126,88.68899133485405,85.18427330229072,SL,-5.759483803543995,0.540279003039898,0.0,-6.03106317601483,5.488040152898544,-1.0989466199203162,13,717.4022930512925,chop,6
LINK,-1,SWEEP_V2,2023-12-21 12:15:00+00:00,2023-12-21 14:00:00+00:00,15.086982152557374,14.734572354871908,38.37850868080076,579.0158755090093,15.208123020511753,14.734572354871908,TP,13.524962479670894,0.5722533942691739,0.0,13.242217023156224,4.649205852386876,2.8482750481693007,7,730.6445100744487,chop,6
ETH,-1,SWEEP_V2,2023-12-21 12:30:00+00:00,2023-12-21 14:15:00+00:00,2269.0060689453126,2226.9009445998136,0.04141039712743043,93.96044239957519,2283.479705439078,2226.9009445998136,TP,1.7435899202469531,0.09308864743945171,0.0,1.697481494007289,0.5993590350848907,2.8321613501110647,7,732.0497337644263,chop,6
BTC,-1,SWEEP_V2,2023-12-21 14:00:00+00:00,2023-12-21 14:15:00+00:00,44157.1668,43758.58312039138,0.013237162853019796,584.515608059559,44294.17993986546,43758.58312039138,TP,5.2761170775352,0.5818775495207914,0.0,4.986497332044188,1.8136652454027127,2.7494033668473192,1,737.0362310964705,chop,6
SOL,-1,SWEEP_V2,2023-12-21 14:15:00+00:00,2023-12-21 16:00:00+00:00,86.54268555908203,89.1339689581555,2.1705296116747026,187.8434616798402,89.0894242460325,79.13399119704432,SL,-5.624457349930054,0.19065569035480523,0.0,-5.721191309444939,5.5277717332235285,-1.0349905143620353,7,730.9263411324393,chop,6
SOL,-1,SWEEP_V2,2023-12-21 16:30:00+00:00,2023-12-21 17:15:00+00:00,88.58227847442627,90.14728375578855,3.60665320347988,319.48555843133636,90.10223263946882,84.16059363066613,SL,-5.64443131148818,0.32230777408708045,0.0,-5.806996306359593,5.481947558493295,-1.0592943920747093,3,724.9596020468641,chop,6
AVAX,-1,SWEEP_V2,2023-12-21 17:45:00+00:00,2023-12-21 18:45:00+00:00,46.09278078994751,46.79344639026646,8.027143227900575,369.9933531731329,46.77006135958667,44.122510041906324,SL,-5.624343128623144,0.3728055247374445,0.0,-5.812151976774022,5.436628137967616,-1.0690729307351134,4,718.886603075655,chop,6
SUI,-1,SWEEP_V2,2023-12-21 05:30:00+00:00,2023-12-21 21:30:00+00:00,0.7043591,0.6946389,335.8870409288442,236.58509385030388,0.7207031929462175,0.6568126477928218,TIME,3.264889215236574,0.2349526492426856,0.0,3.1482291129190405,5.4897690163710005,0.573472053838828,64,721.9305029753666,chop,6
LINK,-1,SWEEP_V2,2023-12-21 23:15:00+00:00,2023-12-21 23:45:00+00:00,15.200959672927857,15.312249368817659,32.49453369881646,493.9480963463043,15.304597070282519,14.899469062441566,SL,-3.616306773422206,0.49575624973301535,0.0,-3.8650889749820694,3.367648900798698,-1.1477113822837632,2,717.8184399522114,chop,6
AVAX,-1,SWEEP_V2,2023-12-21 19:00:00+00:00,2023-12-22 00:15:00+00:00,46.42771287460327,47.65119992996509,4.4942645996448585,208.65842641480532,47.62738623684667,42.93775400262249,SL,-5.498674561036335,0.2114077636953235,0.0,-5.605753111524256,5.3916495230674135,-1.0397102199504678,21,712.2126868406872,chop,6
SOL,-1,SWEEP_V2,2023-12-21 17:45:00+00:00,2023-12-22 01:15:00+00:00,92.99140013580322,96.37252503652506,1.631340483911178,151.7006356971192,96.32436285509752,83.29550858876524,SL,-5.515765931707706,0.15445851866297305,0.0,-5.594374132522119,5.43719701535148,-1.028907747268834,30,706.3334276334288,chop,6
LINK,-1,SWEEP_V2,2023-12-22 00:45:00+00:00,2023-12-22 06:15:00+00:00,15.424914850044251,15.55971095105649,36.9383011194331,569.7701494725497,15.551934983564708,15.055401734348377,SL,-4.979138968915578,0.5722597189570076,0.0,-5.26651361313631,4.691907940209232,-1.1224673800614797,22,700.9402425911416,chop,6
BTC,-1,SWEEP_V2,2023-12-22 02:00:00+00:00,2023-12-22 06:30:00+00:00,44123.673500000004,44341.186234459325,0.0057416538154241225,253.3428583018033,44319.02672109878,43555.37322043993,SL,-1.2488828217116899,0.25396729971265913,0.0,-1.3761786922734474,1.1216505672771793,-1.2269228335649474,18,699.5640638988681,chop,6
XRP,1,SWEEP_V2,2023-12-21 15:15:00+00:00,2023-12-22 07:15:00+00:00,0.6145229091882706,0.6187762210488319,959.3683794006183,589.5538474925045,0.6094199751696192,0.62936780815162,TIME,4.0804929067521485,0.5915940939458806,0.0,3.78367573655252,4.895593539661841,0.7728737498117284,64,703.3477396354206,chop,6
APT,-1,SWEEP_V2,2024-02-24 01:15:00+00:00,2024-02-24 04:00:00+00:00,9.20855754776001,9.320893259007681,69.65237375661525,641.3978920758806,9.316235141436962,8.895313638881605,SL,-7.824448946037945,0.6453101165488996,0.0,-8.149060116548904,7.500000000000001,-1.0865413488731872,11,991.5302409374132,chop,7
APT,1,SWEEP_V2,2024-02-25 03:30:00+00:00,2024-02-25 14:00:00+00:00,9.381475491142274,9.488478251495332,84.55217875896714,793.2241927499306,9.493224863927296,9.606268750184691,SL,9.04731652107471,0.797747851010468,0.0,8.646180766439208,6.533573688938086,1.323346330520149,42,999.7798096074774,chop,7
BTC,1,SWEEP_V2,2024-02-25 16:00:00+00:00,2024-02-25 16:30:00+00:00,51540.20598,51392.02655558047,0.015518444920386055,799.823847685982,51417.73542329211,51896.48396315021,SL,-2.2995142361889256,0.7986740905678875,0.0,-2.698276402913822,1.9005525886403365,-1.4197325656977378,2,996.6816212807206,chop,7
APT,1,SWEEP_V2,2024-02-27 11:45:00+00:00,2024-02-27 13:15:00+00:00,10.040607687950134,9.893426889378462,52.555913074421504,527.6933048622755,9.89837607741717,10.454372373136938,SL,-7.73522125595671,0.5238256942342971,0.0,-7.99520029775987,7.475112159605405,-1.0695759644871896,6,988.4225743305296,chop,7
SOL,1,SWEEP_V2,2024-02-27 15:00:00+00:00,2024-02-27 15:30:00+00:00,109.22183694763183,108.12904676705351,7.135330013982487,779.3338513547387,108.18313833622162,112.24350563537062,SL,-7.797418574465824,0.7754351420675059,0.0,-8.18318679085596,7.411457377477214,-1.1041265400410942,2,979.6214632804285,chop,7
NEAR,1,SWEEP_V2,2024-02-27 14:00:00+00:00,2024-02-27 16:00:00+00:00,3.9537906686782835,3.887641761615938,115.46252834070849,456.5146671354951,3.8895865548933846,4.140566272416171,SL,-7.63772005639294,0.4526958071072986,0.0,-7.862158529932491,7.413169307478972,-1.0605664330370201,8,971.7593047504961,chop,7
ETH,1,SWEEP_V2,2024-02-28 17:45:00+00:00,2024-02-28 18:15:00+00:00,3370.4840206054687,3232.6878761860125,0.05351439138729738,180.36940104331276,3234.3050287003625,3766.6410879657774,SL,-7.37407680412333,0.1766823626412511,0.0,-7.4605744662429245,7.287535871537453,-1.02374445872456,2,963.9841061162587,chop,7
NEAR,-1,SWEEP_V2,2024-02-28 17:30:00+00:00,2024-02-29 05:30:00+00:00,3.9182161103725432,3.9067810988903044,44.84449540002317,175.7104243378982,4.080737613192819,3.445426283986286,TIME,0.51279731981447,0.17545402567799095,0.0,0.4251985063054281,7.28819478562872,0.05834071657138731,48,964.409304622564,chop,7
SOL,1,SWEEP_V2,2024-02-28 17:45:00+00:00,2024-02-29 05:45:00+00:00,111.21224044189452,124.05518583068847,1.2776534060191145,142.09069779160325,121.28213504932775,127.80370146528662,TIME,16.408832919310072,0.1502951142512583,0.0,16.329583153954616,7.286859486283541,2.2409630904359683,48,980.7388877765186,chop,7
LINK,1,SWEEP_V2,2024-02-28 17:45:00+00:00,2024-02-29 05:45:00+00:00,19.211841783142088,19.82803433227539,6.822761414319313,131.0778128160294,18.143897851983276,22.318587764694996,TIME,4.2041347480177516,0.13317988019003826,0.0,4.136493774235728,7.286326646166823,0.5677063320255957,48,984.8753815507544,chop,7
BTC,1,SWEEP_V2,2024-02-29 18:00:00+00:00,2024-02-29 18:45:00+00:00,61050.7077,60393.6252649166,0.011781448564638811,719.2657726023486,60423.837183508345,62874.33102070299,SL,-7.741382911662709,0.7153950811465173,0.0,-8.097145106508052,7.3854427467349835,-1.0963655645543666,3,976.2689215718553,chop,7
APT,1,SWEEP_V2,2024-02-29 16:45:00+00:00,2024-02-29 20:15:00+00:00,11.717642666244506,12.558728959313726,25.548139733097656,299.36397217972166,11.970410368620191,12.558728959313726,TP,21.488190142925543,0.31010806725118445,0.0,21.32776406176422,7.386565361630657,2.8873722789418204,14,997.5966856336196,chop,7
SOL,1,SWEEP_V2,2024-03-02 00:15:00+00:00,2024-03-02 01:00:00+00:00,131.2062286743164,128.82269305699438,3.226251905545587,423.30434527996334,128.88713662530702,137.95267827143462,SL,-7.689886327320959,0.4194594021163029,0.0,-7.897693556797281,7.481975142252146,-1.0555626564698795,3,989.4873399041822,chop,7
BTC,1,SWEEP_V2,2024-03-02 14:15:00+00:00,2024-03-02 20:15:00+00:00,61772.352,61766.7372781569,0.01281463059595571,791.5898719233459,61797.636096204995,62459.06614683454,SL,-0.0719505863183661,0.7915538966301867,0.0,-0.4677095469868799,3.024995915116165,-0.15461493506476984,24,988.6238354212337,chop,7
APT,-1,SWEEP_V2,2024-03-04 05:45:00+00:00,2024-03-04 07:30:00+00:00,11.696159979629517,11.865539670280848,45.3636215960528,530.5801754428101,11.859609865348174,11.220669402993423,SL,-7.6836761927634605,0.5344220135391917,0.0,-7.952808118581247,7.414678765659253,-1.0725762194060673,7,980.405737214931,chop,7
APT,1,SWEEP_V2,2024-03-05 20:00:00+00:00,2024-03-06 08:00:00+00:00,12.400479363441468,14.159667881393434,6.440044655706538,79.85964085273044,13.669246526594048,15.721989038252438,TIME,11.329252613416863,0.08552426715943887,0.0,11.28365816668379,7.353043029111983,1.5345562540583286,48,991.6494655611885,chop,7
NEAR,1,SWEEP_V2,2024-03-08 11:30:00+00:00,2024-03-08 13:30:00+00:00,5.33406678314209,5.44364863039096,148.7269666281976,793.3195724489509,5.35764840944549,5.44364863039096,TP,16.297775738839018,0.8014684603183704,0.0,15.892967064745124,5.60236041022592,2.836834102235887,8,1007.1457728397091,chop,7
NEAR,1,SWEEP_V2,2024-03-08 15:45:00+00:00,2024-03-09 01:30:00+00:00,5.323064426708221,5.59853728571979,39.054731238735805,207.89085055156485,5.601337954697138,5.885713019906972,SL,10.758518472262994,0.21327010978769637,0.0,10.649193787751079,7.5535932962978185,1.409818263973847,39,1017.6910212021844,chop,7
BTC,1,SWEEP_V2,2024-03-12 04:15:00+00:00,2024-03-12 14:00:00+00:00,71778.8529,73295.31406109912,0.011342516410731713,814.1528169617476,71257.56937587218,73295.31406109912,TP,17.200485606004115,0.8227530597647497,0.0,16.78480895472024,5.9126669270638885,2.8387881749082795,39,1034.068753748424,chop,7
BTC,1,SWEEP_V2,2024-03-12 15:15:00+00:00,2024-03-12 16:15:00+00:00,71995.59624,70607.01696094216,0.005730995141166557,412.6064122368292,70642.33813000716,75932.3471054337,SL,-7.9579411014050505,0.4086274416861267,0.0,-8.160265336972763,7.7555156531131795,-1.0521886231635817,4,1025.4629248771175,chop,7
ETH,1,SWEEP_V2,2024-03-12 15:15:00+00:00,2024-03-12 16:15:00+00:00,4002.3703823730466,3935.5470503367274,0.11955931378504862,478.5206564301241,3937.5158082408475,4191.038234393989,SL,-7.989351723092785,0.47452598056857775,0.0,-8.2246173754463,7.75396837906729,-1.0606978225046133,4,1017.2383075016712,chop,7
NEAR,1,SWEEP_V2,2024-03-13 15:00:00+00:00,2024-03-13 18:30:00+00:00,7.67653519077301,7.9727948811999525,74.91498527358416,575.0875207689106,7.659284874763406,7.9727948811999525,TP,22.194290345490987,0.5861846659416562,0.0,21.895649439933788,7.629287306262533,2.8699468981802077,14,1038.8464131812207,chop,7
BTC,1,SWEEP_V2,2024-03-14 12:30:00+00:00,2024-03-14 13:15:00+00:00,72776.95247999999,72277.16628395465,0.011419509916595736,831.0771305449766,72313.32294542735,74125.6929442113,SL,-5.707313421917474,0.828223473834018,0.0,-6.119998330479004,5.294422067678921,-1.15593321655257,3,1032.3108762854692,chop,7
NEAR,1,SWEEP_V2,2024-03-14 14:00:00+00:00,2024-03-14 15:15:00+00:00,7.742548375511169,7.8140621970621424,47.20833214715731,365.5127953765645,7.817971182653468,8.2196494584614,SL,3.376048240890889,0.36720081949700994,0.0,3.1916038190821614,7.742331572141019,0.4122277364826903,5,1035.3197237068632,chop,7
SOL,1,SWEEP_V2,2024-03-14 19:00:00+00:00,2024-03-14 19:30:00+00:00,165.1930356628418,161.45744478152943,2.1245626756023936,350.9629578387288,161.53821388847365,175.82524446100368,SL,-7.936496957756895,0.3469947093598504,0.0,-8.108010188197381,7.764897927801473,-1.0441876073048466,2,1027.0362320397464,chop,7
XRP,-1,SWEEP_V2,2024-03-16 01:45:00+00:00,2024-03-16 12:30:00+00:00,0.6419715565443039,0.6222858594464222,1138.2915795709785,730.7508171384554,0.6358358728220921,0.6222858594464222,TP,22.40806324450359,0.7195467855162037,0.0,22.053891867556615,7.702771740298098,2.863111177523109,43,1048.7247484987338,chop,7
ETH,-1,SWEEP_V2,2024-03-17 16:00:00+00:00,2024-03-17 18:00:00+00:00,3627.514342236328,3656.768653729112,0.2312822830306893,838.9797987989871,3654.9411831375432,3547.7271687055204,SL,-6.766003950541998,0.8423628007742581,0.0,-7.188876851916763,6.3433423799525395,-1.133294787088341,8,1041.1163817474176,chop,7
BTC,-1,SWEEP_V2,2024-03-20 17:30:00+00:00,2024-03-20 18:45:00+00:00,64086.680100000005,65003.60837768069,0.008828579533125306,565.7943522768088,64971.12281627256,61513.755834479845,SL,-8.095174225675548,0.5698419393896466,0.0,-8.38211898892679,7.808372863105632,-1.07347832075644,5,1032.4513655823523,chop,7
SUI,1,SWEEP_V2,2024-03-22 10:15:00+00:00,2024-03-22 11:00:00+00:00,1.7729545199999999,1.779532073376103,393.12082768555894,696.9853483512528,1.7804222845183622,1.8302555074478684,SL,2.5857732273596397,0.6982782349649326,0.0,2.2359876665703333,7.743385241867642,0.28876100009600336,3,1034.338860574747,chop,7
BTC,-1,SWEEP_V2,2024-03-23 07:30:00+00:00,2024-03-23 12:45:00+00:00,64559.28556,64979.76808579663,0.012817228091701294,827.4710884597977,64947.29443857735,63430.53245868406,SL,-5.3894204417101665,0.8301657986806528,0.0,-5.80585069616092,4.973198298331192,-1.1674279503612663,21,1028.1192743343563,chop,7
XRP,1,SWEEP_V2,2024-03-26 12:15:00+00:00,2024-03-26 14:15:00+00:00,0.6418283693790435,0.6323651777453294,843.0108529523081,541.0682811192165,0.6326815185045817,0.6684373901047508,SL,-7.977573250788486,0.5370794944938224,0.0,-8.244118604722699,7.710894557507672,-1.0691520345970567,8,1019.4505467100132,bull,7
AVAX,1,SWEEP_V2,2024-03-26 12:15:00+00:00,2024-03-26 14:30:00+00:00,57.565511654663084,56.09735438802864,5.353027346828057,308.1497581215607,56.125417096576925,61.754877641822816,SL,-7.8590859977385,0.3042202151226915,0.0,-8.009231333800411,7.708865551453474,-1.0389636815355152,9,1011.4413153762129,bull,7
BTC,1,SWEEP_V2,2024-03-26 14:45:00+00:00,2024-03-27 02:45:00+00:00,70011.9996,70585.78001999999,0.009301468439364876,651.2144046562263,69196.4498924702,72384.50784008666,TIME,5.337000467755481,0.653882904890104,0.0,5.00872476519349,7.585809865321596,0.6602755479135843,48,1015.5615971172936,bull,7
ETH,1,SWEEP_V2,2024-03-26 14:45:00+00:00,2024-03-27 02:45:00+00:00,3573.0245206054688,3619.1859301269533,0.22175593553323406,792.3393952500509,3583.8649040350037,3672.5064411552403,TIME,10.23656655396954,0.7974576785270356,0.0,9.83527857306753,7.583367811304135,1.296953915172964,48,1025.3968756903612,bull,7
DOGE,1,SWEEP_V2,2024-03-26 14:45:00+00:00,2024-03-27 02:45:00+00:00,0.17764551700651646,0.18447309060096742,1876.389868634522,333.33224831936917,0.17807087363783314,0.18939790547667562,TIME,12.811189919984376,0.3397378432793614,0.0,12.6381182008647,7.580396538571947,1.6672106975614187,48,1038.034993891226,bull,7
APT,1,SWEEP_V2,2024-03-27 13:15:00+00:00,2024-03-27 13:45:00+00:00,18.316662325286863,17.79306466104972,15.125923160759157,277.05642689386127,17.801965643871654,19.813961762131107,SL,-7.919898036404014,0.27309647787565927,0.0,-8.054466300832743,7.785262454184194,-1.0345786475706886,2,1029.8419993769462,chop,7
BTC,1,SWEEP_V2,2024-03-29 05:30:00+00:00,2024-03-29 06:00:00+00:00,70402.67772,70168.56296853053,0.011702304886444834,823.873599501557,70203.66480093099,70981.62439365534,SL,-2.7396822001100536,0.822503758401502,0.0,-3.150249158760777,2.328909855287048,-1.3526711442304817,2,1026.2798134184347,chop,7
BTC,1,SWEEP_V2,2024-03-29 06:15:00+00:00,2024-03-29 07:30:00+00:00,70344.06599999999,69985.16921821973,0.011671543847561328,821.0238507347478,70020.17930787367,71286.28183164021,SL,-4.18887952529698,0.8189294109720994,0.0,-4.5972970109017055,3.780257728794001,-1.216133221786537,5,1021.2720044821656,chop,7
LINK,-1,SWEEP_V2,2024-03-29 15:15:00+00:00,2024-03-29 15:30:00+00:00,19.191160694885255,18.829113898189803,42.57259978045416,817.0176035857326,19.315614281249317,18.829113898189803,TP,15.413273377510938,0.8093109668969771,0.0,15.012471212406828,5.298312723519404,2.8334437765000016,1,1035.8759668927796,chop,7
APT,-1,SWEEP_V2,2024-03-31 16:30:00+00:00,2024-03-31 18:15:00+00:00,16.77944411430359,16.897486669522667,49.387856228669705,828.7007735142238,16.889042148448443,16.460613469518567,SL,-5.829868746024576,0.831615707887236,0.0,-6.2471340671546995,5.4128119532908014,-1.1541383888935324,7,1029.2144824388677,chop,7
XRP,-1,SWEEP_V2,2024-04-02 02:15:00+00:00,2024-04-02 02:30:00+00:00,0.6145770793557167,0.6008575759816762,1339.7368916105108,823.3715859510942,0.6192931586405431,0.6008575759816762,TP,18.38052480477692,0.8141813235487056,0.0,17.97802927420376,6.318305401642075,2.8453878265414994,1,1046.7808259200958,chop,7
APT,-1,SWEEP_V2,2024-04-04 11:45:00+00:00,2024-04-04 12:45:00+00:00,14.318935871887208,14.430569637272681,58.48372171148677,837.4246607360767,14.423357958293535,14.015162529614257,SL,-6.52875806840944,0.8406890397702814,0.0,-6.950734777811682,6.106992241920454,-1.138160079867057,4,1039.4113788119162,chop,7
SUI,-1,SWEEP_V2,2024-04-04 13:30:00+00:00,2024-04-04 17:45:00+00:00,1.72725448,1.7424171705754714,481.41667176311677,831.529103049533,1.741546397376783,1.6856779930857222,SL,-7.299572031817405,0.8351788890654417,0.0,-7.71898636935808,6.880367296644344,-1.1218858000680783,17,1031.2766278910333,chop,7
AVAX,-1,SWEEP_V2,2024-04-06 01:00:00+00:00,2024-04-06 03:00:00+00:00,45.83083215255738,46.197167949089,18.001447138611255,825.0213023128267,46.174080908634686,44.83229031669612,SL,-6.594574476245047,0.8283185895509493,0.0,-7.010382414639583,6.178974337919734,-1.1345543825319977,8,1023.4413891783412,chop,7
SUI,-1,SWEEP_V2,2024-04-06 01:00:00+00:00,2024-04-06 03:15:00+00:00,1.62337526,1.6273479952653356,508.0102636231511,824.6912937919014,1.6265347279013849,1.6010717225813142,SL,-2.018190289448123,0.8257003889366255,0.0,-2.4315450314887976,3.8948339113046573,-0.6243000566548678,9,1021.0098441468524,chop,7
APT,-1,SWEEP_V2,2024-04-06 05:45:00+00:00,2024-04-06 08:45:00+00:00,13.336732411384583,13.459509719899476,61.24497741442525,816.807875317482,13.452783328235359,12.999129744182325,SL,-7.5194934869985355,0.8205676220609812,0.0,-7.931657171400776,7.10753578144913,-1.1159503680730847,12,1012.669783037793,chop,7
SOL,-1,SWEEP_V2,2024-04-06 16:15:00+00:00,2024-04-06 23:00:00+00:00,176.8246286102295,179.64869280299015,2.77770024187428,491.1658136599642,179.558913346317,168.87034574161126,SL,-7.844403791299776,0.4950880155556141,0.0,-8.093908900025408,7.595023372783447,-1.0656858448954487,27,1004.3302912309375,chop,7
AVAX,1,SWEEP_V2,2024-04-07 22:15:00+00:00,2024-04-07 23:45:00+00:00,48.20864111251831,49.2390328188454,16.66639453930003,803.4642329847501,47.85444396346837,49.2390328188454,TP,17.172914707669925,0.812050690338585,0.0,16.762596133823713,5.903189430761522,2.839582962808854,6,1020.691155248269,chop,7
DOGE,1,SWEEP_V2,2024-04-09 01:00:00+00:00,2024-04-09 01:15:00+00:00,0.20064011823534966,0.19888745509598005,4069.7390500976653,816.5529241986152,0.19898694857026517,0.20544933907923182,SL,-7.132881619959288,0.8129864833886356,0.0,-7.537591641248616,6.727969142431258,-1.1203368329547345,1,1012.7452871449211,bull,7
DOGE,1,SWEEP_V2,2024-04-09 04:00:00+00:00,2024-04-09 06:30:00+00:00,0.19933986603319645,0.1973503099736481,4017.063119401947,800.7608240684783,0.19744903449089354,0.2048404668835322,SL,-7.992172270794308,0.7967647379330812,0.0,-8.38855659669315,7.5955896535869085,-1.1043983389402525,10,1003.5514121735007,bull,7
APT,1,SWEEP_V2,2024-04-09 04:30:00+00:00,2024-04-09 07:15:00+00:00,13.947489181137085,13.821200725076043,58.06607303066454,809.8759253863095,13.828114782467276,14.29476015908562,SL,-7.333074712570334,0.8062093880300243,0.0,-7.734346137907203,6.931602551152783,-1.1158092347087785,11,995.8170660355935,chop,7
APT,-1,SWEEP_V2,2024-04-11 07:30:00+00:00,2024-04-11 08:45:00+00:00,12.400819625282288,12.526367811776547,62.60998333633398,776.4151100958074,12.520107757897598,12.05379960312866,SL,-7.860569864312474,0.7803453950279637,0.0,-8.252707704292535,7.468627995266951,-1.104983098572117,5,986.7779792328608,chop,7
SUI,-1,SWEEP_V2,2024-04-11 07:30:00+00:00,2024-04-11 08:45:00+00:00,1.5435912200000002,1.555495610730002,515.9028351978035,796.3430867844365,1.5547182516042,1.5112216735150552,SL,-6.14150892891039,0.7994138412488917,0.0,-6.542751226767064,5.740467151942246,-1.1397593703769162,5,980.2352280060937,chop,7
SUI,-1,SWEEP_V2,2024-04-11 09:00:00+00:00,2024-04-11 10:30:00+00:00,1.55028988,1.5146689978090466,505.83325900629313,784.1881824048751,1.5396574260251217,1.5146689978090466,TP,18.018226927329177,0.7751790689412106,0.0,17.635141949590405,6.193765506269412,2.8472408152584854,6,997.4782758644817,chop,7
NEAR,1,SWEEP_V2,2024-04-17 16:15:00+00:00,2024-04-18 04:15:00+00:00,5.433086560249328,5.479903746604919,28.52860846749369,154.99839924735514,5.170855506200275,6.1959405356647554,TIME,1.3356291790883517,0.15566621383689933,0.0,1.2574621648751299,7.481087068983612,0.16808548721328676,48,998.6582388297331,chop,7
AVAX,1,SWEEP_V2,2024-04-21 13:15:00+00:00,2024-04-21 13:45:00+00:00,37.29345649795532,36.977328065055985,21.422701623476204,798.9265910637865,36.995825978045005,38.15929073769441,SL,-6.772325092699535,0.7955404285174368,0.0,-7.168402225685078,6.376049822078745,-1.124270108565119,2,990.6910697983025,chop,7
APT,1,SWEEP_V2,2024-04-21 13:15:00+00:00,2024-04-21 13:45:00+00:00,9.961891882324219,9.873886403959224,80.1662003423628,798.607020427361,9.878825816867657,10.203538618197852,SL,-7.055064809833634,0.7950794880224442,0.0,-7.450840787642397,6.659090845042538,-1.1188976034452645,2,983.2402290106601,chop,7
LINK,1,SWEEP_V2,2024-04-23 11:45:00+00:00,2024-04-23 16:00:00+00:00,15.286056592369079,15.185120894801072,51.45814935692448,786.5921832085281,15.192717253427785,15.55758921474375,SL,-5.193964200899847,0.7839952011080782,0.0,-5.584663310403661,4.803069644117657,-1.16272794779131,17,977.2622696086521,chop,7
DOGE,-1,SWEEP_V2,2024-04-25 20:15:00+00:00,2024-04-25 21:15:00+00:00,0.15226954019069672,0.15370865991169824,5132.327127158386,781.497091760647,0.1536318439897034,0.1483064745935864,SL,-7.386033183324735,0.7851901083523094,0.0,-7.780474745796721,6.9917887430728864,-1.1128017495530347,4,968.7001414091316,chop,7
XRP,-1,SWEEP_V2,2024-04-25 20:15:00+00:00,2024-04-26 00:45:00+00:00,0.5297940343976021,0.5197765322501416,1475.6863326629793,781.8098156869218,0.5250480736850568,0.5197765322501416,TP,14.782691006429422,0.774418470183707,0.0,14.399177444089176,5.081550033460093,2.833619141654813,18,982.7395853868978,chop,7
AVAX,-1,SWEEP_V2,2024-04-25 22:00:00+00:00,2024-04-26 01:00:00+00:00,36.06378494567871,35.00436441210557,19.949845356762477,719.4669326458289,35.60039911258977,35.00436441210557,TP,21.13527581256291,0.7088992947395475,0.0,20.786109984146275,7.265251060568487,2.861031203307077,12,1003.5256953710441,bear,7
SUI,-1,SWEEP_V2,2024-04-27 09:45:00+00:00,2024-04-27 10:45:00+00:00,1.1842631000000001,1.1941677800777655,677.9072625811234,802.8205562968353,1.1935709945804753,1.1571855884931632,SL,-6.714454558259696,0.8061777835759651,0.0,-7.119222063687244,6.309889335443621,-1.1282641715596302,4,996.0050630292084,bear,7
SUI,-1,SWEEP_V2,2024-04-27 11:45:00+00:00,2024-04-27 14:00:00+00:00,1.19716052,1.2095865730426256,631.8994031154516,756.4850180213837,1.2089820820016248,1.1627705214498185,SL,-7.852015500716104,0.7604110257717418,0.0,-8.234184017477153,7.470037972719061,-1.1022948005818431,9,987.3926365027206,bear,7
DOGE,-1,SWEEP_V2,2024-04-27 18:15:00+00:00,2024-04-28 02:45:00+00:00,0.14811037031710148,0.1500566868655081,3957.3254256038067,586.120934251461,0.14998169601749936,0.1426665137341258,SL,-7.702207963282996,0.5899720382331026,0.0,-7.999119534390368,7.405444773770404,-1.080167333462903,34,978.8755020160902,bear,7
AVAX,-1,SWEEP_V2,2024-04-27 18:15:00+00:00,2024-04-28 02:45:00+00:00,34.635069891357425,35.222592054359716,12.989983032795848,449.9089702284313,35.20498955957993,32.97712176561923,SL,-7.6319029287912725,0.45372492169282697,0.0,-7.860673365369884,7.403246820266961,-1.0617872882274684,34,971.0148286507203,bear,7
SOL,-1,SWEEP_V2,2024-04-29 23:15:00+00:00,2024-04-30 00:45:00+00:00,137.99240027160644,139.01356379554184,5.629381483267195,776.8118629205763,138.94409174966702,135.2238432445211,SL,-5.748519033029815,0.7796861224370912,0.0,-6.139799224006619,5.3574343843774255,-1.1460334898194202,6,964.4866234952534,chop,7
ETH,-1,SWEEP_V2,2024-05-01 19:00:00+00:00,2024-05-01 23:30:00+00:00,2989.402,2983.091710375915,0.21682732429289342,648.1840368958242,2981.600909920955,2892.3508346026074,SL,1.368243214703519,0.6474999152884724,0.0,1.0448353178629586,7.233649676214401,0.14444096198058545,18,965.2073667946685,bear,7
AVAX,1,SWEEP_V2,2024-05-03 11:00:00+00:00,2024-05-03 12:30:00+00:00,33.52870375900268,34.28018032119521,23.029995402921088,772.1658934357348,33.270383690749,34.28018032119521,TP,17.30650177269689,0.7808191443220832,0.0,16.911765575092673,5.949109984364541,2.842738765889385,6,981.7330494230432,chop,7
LINK,1,SWEEP_V2,2024-05-05 03:45:00+00:00,2024-05-05 15:45:00+00:00,14.199838949775696,14.497975520229293,55.30953148949909,785.3864395384346,14.35312762796892,14.497975520229293,TP,16.489794031674474,0.7936313365542719,0.0,16.08885591488942,5.668366698388107,2.8383583439413953,48,997.0366759756822,chop,7
AVAX,1,SWEEP_V2,2024-05-05 13:15:00+00:00,2024-05-05 16:00:00+00:00,36.853369871521,37.54747102910412,21.30259153232269,785.0722849626193,37.03120518456631,37.54747102910412,TP,14.786153442105695,0.7924653616836721,0.0,14.386224222903332,5.082740245723847,2.8304071283214967,11,1011.4229001985856,chop,7
NEAR,1,SWEEP_V2,2024-05-06 13:00:00+00:00,2024-05-06 14:30:00+00:00,7.320463567256927,7.356886844038102,60.11832110677242,440.09397938678063,7.360567127601902,7.687529851300571,SL,2.1897062492915245,0.4411888325114264,0.0,1.9685644064734884,7.585671751489391,0.259510887231177,6,1013.1714176153656,bull,7
APT,-1,SWEEP_V2,2024-05-07 15:15:00+00:00,2024-05-07 23:00:00+00:00,9.070885006904602,8.788760677128831,78.35395912180368,710.7397530295851,8.959844783165115,8.788760677128831,TP,22.105558202517003,0.6996869739283267,0.0,21.76124110510347,7.598785632115241,2.8637787876437155,31,1034.5772888439542,chop,7
LINK,-1,SWEEP_V2,2024-05-08 20:00:00+00:00,2024-05-09 07:45:00+00:00,13.966206062698365,14.146123348222972,44.891121114620994,626.9586478723463,14.139053821312316,13.46337621945778,SL,-8.076688655098947,0.6309969921998958,0.0,-8.394206323362669,7.7593296663296565,-1.081821070161248,47,1025.8696031966554,chop,7
SUI,-1,SWEEP_V2,2024-05-09 20:00:00+00:00,2024-05-09 22:15:00+00:00,1.01009794,1.0191623094906328,812.4911952174897,820.6956825573243,1.0186529829991333,0.9852105421843398,SL,-7.364720401337125,0.8243780427579928,0.0,-7.778750602816455,6.950897111502778,-1.1191002367081069,9,1017.270321050418,bear,7
AVAX,-1,SWEEP_V2,2024-05-09 21:15:00+00:00,2024-05-09 22:15:00+00:00,34.611076430511474,34.81633116680752,23.702452766279887,820.3674042843013,34.79893170095705,34.06458837103344,SL,-4.8650406921123155,0.8227999246303574,0.0,-5.277656914600522,4.452630674632958,-1.1852896187118807,4,1011.9926641358176,bear,7
BTC,-1,SWEEP_V2,2024-05-11 15:30:00+00:00,2024-05-12 03:30:00+00:00,61074.68262,60934.984560000004,0.01325580578692255,809.5941313086541,61542.51444293185,59713.71731692552,TIME,1.8518103521697895,0.8086682261325693,0.0,1.4479391916915474,6.201487785726594,0.23348255156192335,48,1012.4294200955859,chop,7
ETH,-1,SWEEP_V2,2024-05-11 15:30:00+00:00,2024-05-12 03:30:00+00:00,2922.16545,2920.594011767578,0.27694198275327997,809.2702936561307,2948.8461027273393,2844.5490057022857,TIME,0.4351972198611945,0.8090526950462,0.0,0.03077967164305978,7.3889928674610506,0.0041656112267484235,48,1012.4601997672289,bear,7
XRP,-1,SWEEP_V2,2024-05-11 15:30:00+00:00,2024-05-12 03:30:00+00:00,0.5063987057209015,0.507701529443264,796.8070106092912,403.5020388818857,0.5079244570339452,0.5019601564465926,TIME,-1.0380990755664978,0.404021088419669,0.0,-1.2403691445452238,1.2157293426795244,-1.0202675060975268,48,1011.2198306226837,chop,7
BTC,-1,SWEEP_V2,2024-05-12 10:45:00+00:00,2024-05-12 15:30:00+00:00,61180.46146,61412.382185821945,0.013222781345430982,808.9758644981471,61381.691340151876,60595.06544501272,SL,-3.06663704701725,0.8105091830216558,0.0,-3.4726582977898324,2.660818705415555,-1.3051089466268193,19,1006.7367613083405,chop,7
ETH,-1,SWEEP_V2,2024-05-12 10:45:00+00:00,2024-05-12 16:15:00+00:00,2933.2833431640624,2947.3372035169136,0.27568160983728013,808.6522741523478,2945.8642713812233,2896.6842792595944,SL,-3.8743908465023416,0.8105894695755989,0.0,-4.2806541790017665,3.4683305441541568,-1.2342117120920826,22,1002.4561071293388,chop,7
AVAX,-1,SWEEP_V2,2024-05-12 10:45:00+00:00,2024-05-12 16:15:00+00:00,33.87022350158691,33.81460726585677,11.904081307208722,403.1938944562223,33.79770841165095,33.35359908715844,SL,0.6620601921324941,0.40286286436015606,0.0,0.4607942750004492,2.1140415431594195,0.21796841055062502,22,1002.9169014043392,chop,7
LINK,-1,SWEEP_V2,2024-05-12 16:30:00+00:00,2024-05-12 19:15:00+00:00,13.561287329673767,13.435763116455984,59.163521988643865,802.3335211234714,13.536191571090116,13.435763116455984,TP,7.426454548817549,0.7986202938490627,0.0,7.0290010155302225,2.552843751156026,2.7534004039014217,11,1009.5447356593077,chop,7
NEAR,1,SWEEP_V2,2024-05-14 06:30:00+00:00,2024-05-14 08:30:00+00:00,7.154430477905273,7.221258109887552,78.55052550572753,561.9842737336526,7.224870545160131,7.4348414675758265,SL,5.249345610511374,0.5646089465389084,0.0,4.965728800839292,7.571585517444807,0.6558373790269337,8,1014.2294723232801,chop,7
NEAR,1,SWEEP_V2,2024-05-14 12:45:00+00:00,2024-05-14 13:45:00+00:00,7.1534303503990175,7.047247790810857,74.09829065197964,530.056961262559,7.050773177399557,7.4520693991247215,SL,-7.867946162534646,0.5261229881812917,0.0,-8.129040670084658,7.606721042424599,-1.068665542583585,4,1005.8354031725642,chop,7
APT,-1,SWEEP_V2,2024-05-15 10:15:00+00:00,2024-05-15 12:30:00+00:00,7.941711110401154,8.023738022361584,96.69380896432723,767.9142969590042,8.019728158282444,7.71475242565558,SL,-7.931494555035571,0.771880044236522,0.0,-8.31941745079259,7.543765523794231,-1.10282025926599,9,997.1320285732921,chop,7
ETH,1,SWEEP_V2,2024-05-16 13:15:00+00:00,2024-05-16 14:15:00+00:00,2976.525117626953,2962.6917911602327,0.26799895560586023,797.7056228586338,2964.1738780992823,3012.4559962529042,SL,-3.7073170456359548,0.7958519643358157,0.0,-4.104316198542453,3.3101192938535697,-1.2399299947175912,4,992.6288595633204,chop,7
XRP,1,SWEEP_V2,2024-05-16 14:30:00+00:00,2024-05-16 14:45:00+00:00,0.5151029856920242,0.5121974762563823,1541.6394579499565,794.1030876506563,0.5124537031079363,0.5228099895730072,SL,-4.479247991431353,0.7918634636549408,0.0,-4.874059911260965,4.084238566889561,-1.1933827643601411,1,987.3577481082341,chop,7
BTC,1,SWEEP_V2,2024-05-16 15:15:00+00:00,2024-05-16 16:30:00+00:00,65689.1352,65262.73081366613,0.012019799645759268,789.5702440071927,65295.378502917585,66834.60922787614,SL,-5.125295291806095,0.7870075963612897,0.0,-5.517517766163788,4.732876608106601,-1.1657852555702028,5,980.8536623221834,chop,7
XRP,1,SWEEP_V2,2024-05-16 15:00:00+00:00,2024-05-16 17:15:00+00:00,0.5148029355168342,0.516621032921406,1534.346725691423,789.8861984865873,0.5168794726577349,0.5237922575128098,SL,2.7895917996928756,0.7912809943864338,0.0,2.3932539045497356,4.74125326493192,0.5047724242556573,9,983.2469162267331,chop,7
LINK,1,SWEEP_V2,2024-05-16 15:15:00+00:00,2024-05-16 17:15:00+00:00,13.646728853416443,13.718210923281877,28.847909378784003,393.67959728019446,13.725073460011881,14.01833667604085,SL,2.062108273685945,0.39471065141703743,0.0,1.8642374209090047,3.6850373970836707,0.5058937590116066,8,985.1111536476421,chop,7
APT,1,SWEEP_V2,2024-05-18 13:45:00+00:00,2024-05-18 14:00:00+00:00,8.536807003211974,8.489776260850245,92.31659127605852,788.0889229181138,8.494023272486489,8.661268765322477,SL,-4.341717820017337,0.7859180640081052,0.0,-4.733591422566385,3.9496481826495886,-1.198484321555672,1,979.9835177636166,chop,7
SUI,1,SWEEP_V2,2024-05-18 14:15:00+00:00,2024-05-18 15:30:00+00:00,1.05701136,1.0766612365871964,741.7014082146604,783.9868142108934,1.0502567149231512,1.0766612365871964,TP,14.574341135967865,0.7912739847788773,0.0,14.175060558294435,5.009929765488944,2.8293930697272,5,993.7665849148057,chop,7
SUI,1,SWEEP_V2,2024-05-22 05:00:00+00:00,2024-05-22 07:15:00+00:00,1.11892374,1.1381402388287802,513.422449494899,574.4805673887935,1.1387095936255929,1.1613929786816022,SL,9.866181899388177,0.5794136583384876,0.0,9.574008524744087,7.495352064781528,1.2773260604701357,9,1008.6670435452536,chop,8
XRP,1,SWEEP_V2,2024-05-22 05:00:00+00:00,2024-05-22 12:30:00+00:00,0.5326065286159515,0.527726378301762,1502.0469277365146,800.0,0.5279903734885062,0.546035343532156,SL,-7.330214786320778,0.7963348926068397,0.0,-7.726549678927618,6.933681627134352,-1.1143502246613755,30,1000.9404938663259,chop,8
APT,1,SWEEP_V2,2024-05-22 05:00:00+00:00,2024-05-22 12:30:00+00:00,9.151829618453979,8.991201693269293,48.01765438312071,439.4493915921306,8.995699543040812,9.6060262014741,SL,-7.712976195796025,0.43559290349423263,0.0,-7.9288444034941925,7.497,-1.0576022947171124,30,993.0116494628318,chop,8
XRP,-1,SWEEP_V2,2024-05-23 14:00:00+00:00,2024-05-24 02:00:00+00:00,0.5252949029326439,0.5325064920186996,459.01464368327044,241.11805269826567,0.5415200658407585,0.4780944290181287,TIME,-3.3102249947260103,0.2427731651956287,0.0,-3.432439133572506,7.447587370971238,-0.4608793375088505,48,989.4586513029101,chop,8
BTC,1,SWEEP_V2,2024-05-26 03:00:00+00:00,2024-05-26 07:30:00+00:00,68925.08226,69308.98122288243,0.0114844537733937,791.5669210423281,68967.17785207329,69308.98122288243,TP,4.408869892877106,0.7937713559887667,0.0,4.010881997409503,1.5155490256764945,2.646487793833768,18,993.0737498397983,chop,8
XRP,1,SWEEP_V2,2024-05-26 09:00:00+00:00,2024-05-26 09:15:00+00:00,0.5379075740218162,0.5360603929030042,1476.943323054264,794.4589998718387,0.536328557181595,0.5425010775570052,SL,-2.728181819901276,0.7930949089618882,0.0,-3.1240472289272447,2.3321183791549647,-1.3395748933033291,1,989.5524731109351,chop,8
SUI,-1,SWEEP_V2,2024-05-26 22:45:00+00:00,2024-05-27 01:30:00+00:00,1.0506898199999999,1.0513410010270847,753.4497464615658,791.6419784887481,1.0508155932304695,1.0386841497343744,SL,-0.490632179757651,0.791887294578627,0.0,-0.886698485091904,3.1094487935969646,-0.2851625943857992,11,988.2699536365989,chop,8
AVAX,-1,SWEEP_V2,2024-05-27 11:45:00+00:00,2024-05-27 13:00:00+00:00,37.280540599823,37.60782908292081,21.207202207605135,790.6159629092791,37.589034565637995,36.38310360836119,SL,-6.940873041275612,0.794086399429917,0.0,-7.33965145925089,6.542293912864653,-1.1218773654938257,5,980.5349941958933,chop,8
XRP,-1,SWEEP_V2,2024-05-31 15:15:00+00:00,2024-06-01 03:15:00+00:00,0.5209957646489144,0.5194038439750671,1297.6533113013509,676.071879170643,0.5266629273590332,0.5045094731285688,TIME,2.0657611337470008,0.6750389986037695,0.0,1.7287580747285527,7.354012456469199,0.23507684885790392,48,981.9257163310366,chop,8
LINK,1,SWEEP_V2,2024-06-02 00:00:00+00:00,2024-06-02 00:30:00+00:00,18.44568783531189,18.360402433126044,42.586678256639104,785.5405730648293,18.369587226739412,18.667071423886373,SL,-3.632021982876699,0.783724562073391,0.0,-4.022976258417676,3.240872132410553,-1.2413252032333022,2,977.5099697860866,chop,8
ETH,-1,SWEEP_V2,2024-06-04 14:15:00+00:00,2024-06-04 15:00:00+00:00,3779.803946582031,3794.201413219518,0.2068911474988053,782.0079758288693,3792.305260589224,3743.436487652016,SL,-2.978708393705454,0.7834973300257221,0.0,-3.3712017358167414,2.586411200191013,-1.3034283703874192,3,973.7477640623554,chop,8
ETH,1,SWEEP_V2,2024-06-06 13:15:00+00:00,2024-06-06 17:00:00+00:00,3840.4678911621095,3818.673117767816,0.20283940220996424,778.9982112498843,3820.5834094725524,3898.3136560771845,SL,-4.42083880660009,0.7767877918465842,0.0,-4.808127492821732,4.0333563791647435,-1.1920909140732645,15,968.5501374639086,chop,8
LINK,-1,SWEEP_V2,2024-06-07 06:00:00+00:00,2024-06-07 06:30:00+00:00,17.514496049118044,17.582635068069205,44.23993175699421,774.8401099711269,17.573848143997207,17.34183540946957,SL,-3.0144655483878995,0.7763473427453209,0.0,-3.403392836147657,2.6257326270888086,-1.2961688486618885,2,964.7593245727754,chop,8
SOL,-1,SWEEP_V2,2024-06-07 12:45:00+00:00,2024-06-07 18:00:00+00:00,170.63586416931153,164.895069541127,3.666616856658338,625.6563359136602,166.965197436343,164.895069541127,TP,21.04929435431509,0.6151316887365026,0.0,20.746990833535417,7.2356949342958155,2.8673114361412106,21,985.193487238354,chop,8
APT,-1,SWEEP_V2,2024-06-09 11:00:00+00:00,2024-06-09 12:30:00+00:00,8.320135871887206,8.360345518986227,94.72859601413106,788.1547897906833,8.356167435268594,8.21531677841408,SL,-3.8090034159138924,0.7900592914986402,0.0,-4.2049853125171905,3.41321941131299,-1.2319704085181051,6,980.5944245309414,chop,8
APT,-1,SWEEP_V2,2024-06-09 14:30:00+00:00,2024-06-09 15:00:00+00:00,8.4180157289505,8.484389594860822,93.19007767196892,784.4755396247532,8.480149520100772,8.237262881967892,SL,-6.185385719571728,0.7875682324845391,0.0,-6.58071618224389,5.790252823347718,-1.1365162080157933,2,973.6214705788851,chop,8
LINK,-1,SWEEP_V2,2024-06-09 20:30:00+00:00,2024-06-09 21:15:00+00:00,16.18376287460327,16.254401604492173,48.128311227632345,778.8971764631082,16.246278465259543,16.00189933814866,SL,-3.399722776817729,0.780597037851517,0.0,-3.790871226437692,3.0087698036843125,-1.2599405982457272,3,969.4411507642159,chop,8
DOGE,-1,SWEEP_V2,2024-06-12 10:30:00+00:00,2024-06-12 12:30:00+00:00,0.1404919024169445,0.14048458234870362,5520.267768242809,775.5529206113728,0.14041437516112307,0.13818125138373383,SL,0.04040873677152437,0.775532716242987,0.0,-0.3473475191657762,4.384673020162157,-0.07921856831023866,8,968.7060267847445,chop,8
BTC,-1,SWEEP_V2,2024-06-14 12:30:00+00:00,2024-06-14 13:15:00+00:00,67182.26086,67355.80909399476,0.011535259628173753,774.9648214277956,67322.14801998477,66775.31639458974,SL,-2.001923937140641,0.775965783396366,0.0,-2.390407309823109,1.6136347090722822,-1.4813806968724739,3,965.9281370642075,chop,8
BTC,-1,SWEEP_V2,2024-06-14 13:45:00+00:00,2024-06-14 15:30:00+00:00,67174.46242,67061.13879601395,0.011503516095445459,772.742509651366,67027.6249835222,66504.08969871918,SL,1.303620132517639,0.7720906995851072,0.0,0.9179006877582149,2.6508774150380026,0.3462629703475202,7,966.45966649714,chop,8
DOGE,-1,SWEEP_V2,2024-06-15 15:30:00+00:00,2024-06-16 03:30:00+00:00,0.13685261946618557,0.1352070324897766,5649.637809006289,773.1677331977121,0.13644294567134305,0.13432061911513837,TIME,9.29697039992839,0.7685192479977478,0.0,8.9150350185295,4.917304189769646,1.8129923784412307,48,974.9881176490707,chop,8
DOGE,-1,SWEEP_V2,2024-06-16 14:30:00+00:00,2024-06-16 22:00:00+00:00,0.13638271594047546,0.1373181810008444,5719.13008727356,779.9904941192566,0.13724955622273302,0.1338609987557262,SL,-5.350046372349117,0.7826655173054311,0.0,-5.742716642594919,4.957572339119907,-1.158372737656188,30,968.8554057594162,chop,8
XRP,1,SWEEP_V2,2024-06-17 00:30:00+00:00,2024-06-17 01:15:00+00:00,0.4891978292047977,0.4864431864600024,1584.3985364110267,775.084324607533,0.4866865297248648,0.4965034276918752,SL,-4.364451933188943,0.7729020986409385,0.0,-4.7498118695261144,3.978899220495449,-1.1937502324913551,3,963.7180517275863,chop,8
ETH,1,SWEEP_V2,2024-06-17 06:30:00+00:00,2024-06-17 06:45:00+00:00,3570.0937587890626,3548.2558587277636,0.21595355569697286,770.974441382069,3550.030874164846,3628.458514059511,SL,-4.715972167192666,0.7686164552984727,0.0,-5.0991014018001035,4.332651272137705,-1.176900950831484,1,958.2334631050951,chop,8
ETH,-1,SWEEP_V2,2024-06-18 21:30:00+00:00,2024-06-19 00:45:00+00:00,3467.1064888183596,3495.4248575730285,0.22110274748017333,766.5867704840762,3493.6780185637467,3389.807493195415,SL,-6.2612691358139845,0.7697174050519833,0.0,-6.64769315562393,5.8750382314562435,-1.1315148759425466,13,951.2024765642291,chop,8
DOGE,-1,SWEEP_V2,2024-06-19 01:30:00+00:00,2024-06-19 02:00:00+00:00,0.12418515803813934,0.12506845019526583,6127.640317675315,760.9619812513833,0.125005947221655,0.12179740768609378,SL,-5.412496634294656,0.7636682295685306,0.0,-5.795683873237495,5.029500893222381,-1.1523377759108466,2,945.0263117003659,chop,8
NEAR,-1,SWEEP_V2,2024-06-19 03:15:00+00:00,2024-06-19 03:30:00+00:00,4.928014100837707,4.969483507633209,153.41292331768645,756.0210493602927,4.962556248125753,4.827527854181574,SL_GAP,-6.361942924748215,0.7592020208226669,0.0,-6.743134420890735,5.299211793129206,-1.2724787542241045,1,937.905166754795,chop,8
AVAX,-1,SWEEP_V2,2024-06-19 07:15:00+00:00,2024-06-19 10:45:00+00:00,27.281543255996706,27.367978839676496,27.50299447370554,750.3241334038361,27.35430168883208,26.818887669175304,SL,-2.3772373802767923,0.7515127520939745,0.0,-2.7535880656688487,4.374017328854933,-0.6295329576094081,14,934.7764166224242,chop,8
SUI,-1,SWEEP_V2,2024-06-19 12:15:00+00:00,2024-06-19 12:30:00+00:00,0.83563284,0.8460567930239163,701.0026760463346,585.7808570321986,0.8456339760358984,0.8065386260773866,SL,-7.307218964746608,0.5894344665145719,0.0,-7.60376300274508,7.010823124668182,-1.0845749304372818,1,926.8797631911631,chop,8
BTC,-1,SWEEP_V2,2024-06-22 07:00:00+00:00,2024-06-22 07:45:00+00:00,64410.815259999996,64563.80342067311,0.011512100996700388,741.5038105529305,64531.53765184719,64059.62284735362,SL,-1.7612151569683168,0.7423844181314148,0.0,-2.132847669823266,1.3897683675081327,-1.5346785260679672,3,924.3761636160633,chop,8
BTC,-1,SWEEP_V2,2024-06-27 12:45:00+00:00,2024-06-27 13:00:00+00:00,61217.95396,61731.322385138345,0.012079804747738595,739.5009308928506,61700.47214906382,59814.264682723435,SL,-6.201390339325273,0.7426016260625132,0.0,-6.574241499941361,5.8287255111233565,-1.1279037737143884,1,917.0625690854154,chop,8
SUI,-1,SWEEP_V2,2024-06-27 12:45:00+00:00,2024-06-27 13:00:00+00:00,0.8453309,0.8531399510538505,874.4565359204232,739.2051305204936,0.8527135942567222,0.8238539712531717,SL,-6.828675733375879,0.7426194683871816,0.0,-7.2016926365028135,6.455845245492918,-1.1155305560539268,1,909.8608764489126,chop,8
ETH,1,SWEEP_V2,2024-06-28 08:15:00+00:00,2024-06-28 12:15:00+00:00,3431.0461794433595,3468.1251280325614,0.21214774243499693,727.88870115913,3438.073662864069,3468.1251280325614,TP,7.866215235062497,0.7318218087766614,0.0,7.498337776865401,2.7040114870527336,2.773042131207177,16,916.9952698751983,chop,8
DOGE,1,SWEEP_V2,2024-06-28 15:30:00+00:00,2024-06-28 16:45:00+00:00,0.12508501897752286,0.12387288646303976,5864.780785874784,733.5962159001588,0.12393485388998475,0.12843095377763372,SL,-7.108891480874571,0.7300417701597215,0.0,-7.472135143084214,6.745466105977498,-1.1077270311183949,5,909.156336624164,chop,8
DOGE,1,SWEEP_V2,2024-06-28 17:00:00+00:00,2024-06-28 17:30:00+00:00,0.1250149993211031,0.12358452869135511,4980.8048867281805,622.6753195328705,0.12364635186728874,0.12899651918674487,SL,-7.124895102969941,0.6191128719813855,0.0,-7.432670315184891,6.816965926166654,-1.0903194171258623,2,900.919449172289,chop,8
APT,1,SWEEP_V2,2024-06-28 17:00:00+00:00,2024-06-28 17:45:00+00:00,7.019603560638427,6.925995490296981,75.59771888014126,530.6660166271824,6.929460220407185,7.281838732220224,SL,-7.076556586585133,0.5271277383338899,0.0,-7.338351316605432,6.814630893718405,-1.07685235356911,3,893.5810978556835,chop,8
LINK,1,SWEEP_V2,2024-06-28 17:00:00+00:00,2024-06-28 19:15:00+00:00,14.264852483940125,14.044096166684149,31.90309452781221,455.0929372204386,14.051121727547923,14.886614684353804,SL,-7.042809657029101,0.4515715323919241,0.0,-7.266834720810805,6.81867252468123,-1.065725725133064,9,886.3142631348727,chop,8
NEAR,-1,SWEEP_V2,2024-06-29 16:00:00+00:00,2024-06-29 16:45:00+00:00,5.037992234325409,4.99003888571269,140.74087007854246,709.0514105078983,5.033871182256751,4.99003888571269,TP,6.748996006933715,0.7056769125044313,0.0,6.397844799683233,2.3199673773834486,2.7577305017534237,3,892.3575822293019,bear,8
NEAR,1,SWEEP_V2,2024-07-03 03:30:00+00:00,2024-07-03 08:00:00+00:00,5.391077866458892,5.301643093647541,77.12006697206454,415.7602861129246,5.304295241268174,5.643536412468254,SL,-6.8972156688428115,0.4123116782785032,0.0,-7.101647204064852,6.692681866719764,-1.0611063465273498,18,885.0480548821805,chop,8
APT,-1,SWEEP_V2,2024-07-06 14:00:00+00:00,2024-07-06 15:15:00+00:00,5.711557350158691,5.766253234951214,123.96591691162344,708.0384439057444,5.763371549176626,5.56082513483379,SL,-6.780425509597575,0.7114286566605432,0.0,-7.137834944305246,6.4231946902996295,-1.1112593169696185,5,877.5562007159224,bear,8
ETH,-1,SWEEP_V2,2024-07-06 16:00:00+00:00,2024-07-06 16:15:00+00:00,3019.335953417969,3034.6605537320183,0.23251634511820532,702.044960572738,3033.143981741148,2979.1671437505397,SL,-3.563220055420056,0.7038265706004481,0.0,-3.916024145734135,3.2105922789942096,-1.219720165452126,1,873.2891540899019,bear,8
ETH,1,SWEEP_V2,2024-07-10 01:15:00+00:00,2024-07-10 04:15:00+00:00,3046.029005859375,3119.855182688531,0.2293580664951078,698.6313232719216,3068.889390672947,3119.855182688531,TP,16.93262917426112,0.7070976378590521,0.0,16.57484719803803,5.820591278652261,2.847622587558816,12,889.514685626304,chop,8
SUI,1,SWEEP_V2,2024-07-13 22:45:00+00:00,2024-07-14 02:30:00+00:00,0.7528505400000001,0.7638335042353409,616.403053666834,464.059371810725,0.7642156120413616,0.7843357719849593,SL,6.7699326929777195,0.46744433815721387,0.0,6.534518040725868,6.67136014219728,0.9794881255763924,15,895.8171739811245,chop,8
APT,1,SWEEP_V2,2024-07-18 02:30:00+00:00,2024-07-18 05:00:00+00:00,7.0747145447731015,7.005566609777551,101.29790179511532,716.6537391848997,7.009071145350226,7.265677161276013,SL,-7.004540728514281,0.7131514688206425,0.0,-7.3593653277424735,6.649538628236001,-1.1067482631790917,10,888.0994817837895,chop,8
AVAX,1,SWEEP_V2,2024-07-20 13:30:00+00:00,2024-07-20 16:45:00+00:00,28.018603088378907,28.204388038778443,13.735253383433056,384.84261286872425,28.218497287422153,28.832237436587253,SL,2.5518033685661803,0.38611851455300733,0.0,2.358106160447535,3.8415691648489467,0.6138393086930812,13,889.5701834456455,chop,8
SOL,1,SWEEP_V2,2024-07-20 13:30:00+00:00,2024-07-20 17:15:00+00:00,168.19363566284179,171.3911017274472,4.224176394231987,710.4795854270317,169.55686761432733,171.3911017274472,TP,13.506660671464013,0.7172329157627637,0.0,13.144667548414766,4.642914605815762,2.8311241244776766,15,902.7148509940603,chop,8
LINK,1,SWEEP_V2,2024-07-20 13:30:00+00:00,2024-07-20 21:30:00+00:00,13.96879280319214,14.198891372731572,48.643201202915165,679.4867988875086,14.20599436991653,14.366977231865071,SL,11.192731014609578,0.6850831643948134,0.0,10.847391249658518,6.65808181493307,1.6292066620943981,32,913.2011563033211,chop,8
NEAR,1,SWEEP_V2,2024-07-20 21:15:00+00:00,2024-07-21 06:15:00+00:00,6.280255605411529,6.220702184258204,114.99084212002008,722.1718807952483,6.223814091303856,6.444449100997488,SL,-6.8480980495490416,0.7187478317704737,0.0,-7.205759940921891,6.4902572377703445,-1.1102425800610254,36,905.9953963623992,chop,8
AVAX,1,SWEEP_V2,2024-07-22 14:15:00+00:00,2024-07-22 14:45:00+00:00,31.82436439361572,31.3475047557345,14.733930963774467,468.8979879415363,31.363186348908954,33.16597325094449,SL,-7.026016983952374,0.46538497944956014,0.0,-7.256952969431166,6.794965472717994,-1.0679896753807014,2,898.5039943989973,bull,8
ETH,-1,SWEEP_V2,2024-07-25 21:30:00+00:00,2024-07-26 01:00:00+00:00,3176.5645111816407,3207.4808552798595,0.22628320406809949,718.8031955191979,3205.8779163216986,3091.2891507741992,SL,-6.995849400616831,0.7223011202195063,0.0,-7.358748923076738,6.633131237238613,-1.1093929337270585,14,890.7858438781609,chop,8
ETH,-1,SWEEP_V2,2024-07-26 01:15:00+00:00,2024-07-26 02:15:00+00:00,3190.7616223632813,3214.0125898086344,0.22334124558471735,712.6286751025287,3212.406386615327,3127.7950354482396,SL,-5.192900030294881,0.7152251251176762,0.0,-5.551810817861293,4.834168608439441,-1.1484520436810994,4,884.8777187227483,chop,8
SUI,1,SWEEP_V2,2024-07-27 15:45:00+00:00,2024-07-27 19:00:00+00:00,0.7818563399999999,0.7731380781224849,796.5652430848533,622.7995855295336,0.7735248405427563,0.8060934293301633,SL,-6.944664391740153,0.6193272533336636,0.0,-7.25259185230905,6.636582890420613,-1.0928202016097166,13,877.3137270776746,chop,8
DOGE,1,SWEEP_V2,2024-07-27 19:15:00+00:00,2024-07-27 20:15:00+00:00,0.13420683046281337,0.13103458570516377,2117.959313724633,284.24460654417834,0.1311001357730503,0.14324448774212412,SL,-6.718685329878112,0.2808852638792393,0.0,-6.857448290485262,6.57985295308256,-1.0421886840605843,4,870.3141564839171,chop,8
APT,1,SWEEP_V2,2024-07-27 20:30:00+00:00,2024-07-28 04:15:00+00:00,7.08811730260849,6.973264206521814,58.61242398516444,415.45173659706893,6.97675258281322,7.412087396558365,SL,-6.731818363841061,0.41208582741514843,0.0,-6.936178322957675,6.527356173629379,-1.0626321191081842,31,863.170252292661,chop,8
NEAR,-1,SWEEP_V2,2024-08-06 06:45:00+00:00,2024-08-06 08:30:00+00:00,3.7582482629299165,3.6252849455043687,141.63910670409143,532.3149267335967,3.771649737086515,3.6252849455043687,TP,18.832805504567144,0.5228985239813131,0.0,18.576064443952628,6.473776892194957,2.869432288645701,7,881.4801592732468,bear,8
ETH,-1,SWEEP_V2,2024-08-06 14:30:00+00:00,2024-08-07 01:00:00+00:00,2529.064154345703,2429.6609123148596,0.1934775364587806,489.3171021290159,2500.73879839732,2429.6609123148596,TP,19.232294384143525,0.47970095493694415,0.0,18.997251980271088,6.611101194549351,2.873538223243918,42,900.1233579609203,bear,8
NEAR,-1,SWEEP_V2,2024-08-06 22:30:00+00:00,2024-08-07 02:30:00+00:00,3.7072583446979523,3.8211580752774728,59.01651914254677,218.78948306623295,3.819248451051947,3.3814689443954227,SL,-6.721965630077186,0.22215046588127155,0.0,-6.834721354425341,6.609266255416367,-1.034111971026165,16,893.288636606495,bear,8
XRP,1,SWEEP_V2,2024-08-09 10:30:00+00:00,2024-08-09 12:30:00+00:00,0.5906180971384049,0.5812275213317688,736.2417310324956,434.83769021629786,0.5815182804720048,0.6170902910770231,SL,-6.913733787269598,0.43138082332266303,0.0,-7.127695765484112,6.699664774548712,-1.0638884190984366,8,885.6609600524706,bull,8
AVAX,1,SWEEP_V2,2024-08-09 10:30:00+00:00,2024-08-09 13:30:00+00:00,21.711342132568358,21.44328516032732,26.028970637264084,565.1238868642164,21.454012166410525,22.459938397754783,SL,-6.9772470595758795,0.5616352633344285,0.0,-7.2563203794782,6.698034133210401,-1.0833507616062579,12,878.4046396729924,chop,8
BTC,1,SWEEP_V2,2024-08-11 11:30:00+00:00,2024-08-11 12:00:00+00:00,60686.1348,60372.483389696135,0.011579641940524344,702.723711738394,60402.68473206216,61510.71681581917,SL,-3.6319710254592374,0.7009077262256643,0.0,-3.981516895815705,3.282250294737484,-1.2130448741826219,2,874.0717609213075,chop,8
APT,1,SWEEP_V2,2024-08-11 12:30:00+00:00,2024-08-11 12:45:00+00:00,6.107221146583557,6.069498879871014,114.49682137811858,699.257408737046,6.072535147444736,6.2081258713510366,SL,-4.319079633763807,0.6970978689201641,0.0,-4.666548798315448,3.971436647719173,-1.1750278834223589,1,869.0555834186234,chop,8
APT,1,SWEEP_V2,2024-08-11 13:00:00+00:00,2024-08-11 14:00:00+00:00,6.097619064044952,6.032923780058827,105.67770460340118,644.3823862342101,6.035941750934294,6.277043974912323,SL,-6.83684911031894,0.6409639616790507,0.0,-7.155621878880885,6.517916875639675,-1.0978387750884941,4,861.5777703466255,chop,8
APT,1,SWEEP_V2,2024-08-14 12:45:00+00:00,2024-08-14 13:45:00+00:00,6.811762089157105,6.70877540921275,64.85790867636248,441.7966435036596,6.712131474950225,7.101596603213482,SL,-6.679500682712724,0.4384568931623033,0.0,-6.897059254123197,6.461833277599691,-1.0673533280458103,4,854.4598127707504,chop,8
DOGE,-1,SWEEP_V2,2024-08-15 13:00:00+00:00,2024-08-15 13:30:00+00:00,0.1026594616830349,0.10398395906976263,5035.984687826158,516.9914770962399,0.10393199307322602,0.09895755218429708,SL,-6.670148558626595,0.5203265513755533,0.0,-6.9319793714540285,6.408448595780628,-1.0816938402249332,2,847.2693376607482,chop,8
BTC,-1,SWEEP_V2,2024-08-15 13:45:00+00:00,2024-08-15 14:00:00+00:00,59138.969840000005,59578.72914231169,0.011461401373111888,677.8154701285986,59548.9546649792,57946.28671278779,SL,-5.040257871353885,0.6803355990642755,0.0,-5.3816857353538605,4.699000635971612,-1.145283040431232,1,841.2099720183598,chop,8
DOGE,-1,SWEEP_V2,2024-08-15 13:45:00+00:00,2024-08-15 14:00:00+00:00,0.10360927286297084,0.10424991772983716,6539.41800013053,677.5443439405472,0.10419781882042695,0.10189713916855306,SL,-4.1894445740768695,0.6796390662275856,0.0,-4.530311468334181,3.848748028092545,-1.1770870514948786,1,836.6796605500257,chop,8
ETH,-1,SWEEP_V2,2024-08-16 18:15:00+00:00,2024-08-17 06:15:00+00:00,2611.837635400391,2600.7400146972655,0.25627310035197165,669.3437284400206,2636.209863825138,2540.9366072556713,TIME,2.844021664120163,0.6679217176079606,0.0,2.5107718107322126,6.245946540896464,0.40198419795822465,48,838.8557604965379,chop,8
