symbol,side,tag,entry_ts,exit_ts,entry,exit,qty,notional,sl,tp,reason,gross,fees,funding,pnl,r_unit,r_multiple,bars_held,equity_after,regime,fold
APT,1,SQUEEZE_V2,2023-01-20 20:00:00+00:00,2023-01-21 20:00:00+00:00,9.470293681526185,11.904326298290632,5.977773928258311,56.611274662376644,11.910281439010136,29.5446560512258,SL,14.55009671702487,0.06388632302088908,0.0,14.51451603133517,7.5,1.9352688041780226,6,1014.4862103940039,,1
AVAX,1,SQUEEZE_V2,2023-01-24 04:00:00+00:00,2023-01-24 20:00:00+00:00,18.70374076309204,17.122338689743014,4.837531422540311,90.47993366050584,17.13090414181392,43.86912670354192,SL,-7.650082221496308,0.0866548925497577,0.0,-7.691497147215813,7.608646577955029,-1.0108890021913794,4,1006.7494732799578,,1
APT,1,SQUEEZE_V2,2023-01-25 16:00:00+00:00,2023-01-28 12:00:00+00:00,16.220442765426636,16.773777805537545,3.067127351966569,49.75016366684829,16.782168889982536,55.609070275834526,SL,1.6971490363256874,0.050598738185011136,0.0,1.6714253799741003,7.550621049599683,0.22136263613212526,17,1008.3470885911287,,1
AVAX,1,SQUEEZE_V2,2023-01-27 20:00:00+00:00,2023-01-30 08:00:00+00:00,19.233845542144774,19.813012609830796,5.08842465876591,97.86997393954424,19.82292407186673,42.97536868244691,SL,2.9470479887586998,0.0993434979339236,0.0,2.8966394777945483,7.5504344864859325,0.3836387803879457,15,1010.9979638133813,,1
BTC,1,SQUEEZE_V2,2023-01-29 20:00:00+00:00,2023-01-30 08:00:00+00:00,23908.580759999997,23096.556055454177,0.00944769576404387,225.88099717055275,23108.11011050943,36716.111151849065,SL,-7.671762361436519,0.22204511598983448,0.0,-7.780866978841077,7.562603164433465,-1.0288609371220343,3,1003.2170968345401,,1
ETH,1,SQUEEZE_V2,2023-01-29 20:00:00+00:00,2023-01-30 08:00:00+00:00,1655.5410029296875,1579.5826212415375,0.10059781377072266,166.5438055025161,1580.3728076453601,2858.2321274789247,SL,-7.641247135389983,0.16272318193482113,0.0,-7.720698414573546,7.561756110694075,-1.0210192317171787,3,995.4963984199666,,1
SOL,1,SQUEEZE_V2,2023-01-29 20:00:00+00:00,2023-01-30 08:00:00+00:00,26.346267803192138,24.32400745479455,3.7615843409434064,99.10370841078898,24.336175542565833,58.507743973212996,SL,-7.606902859843122,0.09530025698086743,0.0,-7.652651262618595,7.561131571423441,-1.0121039675517676,3,987.8437471573479,,1
XRP,-1,SQUEEZE_V2,2023-01-30 12:00:00+00:00,2023-02-01 20:00:00+00:00,0.3974604950606823,0.4159086998363912,406.177860424772,161.43965348711862,0.4157008494116854,0.10561482544463308,SL,-7.493252344475506,0.16518627965935634,0.0,-7.577718797391303,7.40882810368011,-1.0227958715396976,14,980.1039387606372,,1
NEAR,-1,SQUEEZE_V2,2023-01-30 20:00:00+00:00,2023-02-02 12:00:00+00:00,2.2975404972553255,2.5360841954542948,31.221925760277642,71.73363883653715,2.5348167870607643,-1.4988801396316926,SL,-7.447793635750294,0.0754575356544123,0.0,-7.487384351986438,7.408222704979533,-1.0106856462284395,16,972.6165544086508,,1
LINK,-1,SQUEEZE_V2,2023-02-07 00:00:00+00:00,2023-02-07 20:00:00+00:00,6.828633923721314,7.209826561571566,19.317204755306353,131.91011970355564,7.206223449846643,0.7872015057160402,SL,-7.3635762365686634,0.13559190782184,0.0,-7.433213084538726,7.293974189622087,-1.0190895787806253,5,964.9784669821148,,1
AVAX,-1,SQUEEZE_V2,2023-02-07 00:00:00+00:00,2023-02-07 20:00:00+00:00,19.556087466049195,20.931268446989513,5.344302452843408,104.51364621282694,20.92080804296803,-2.2794417646521836,SL,-7.349383089542944,0.10818833775759841,0.0,-7.405314604194129,7.293479526673199,-1.0153335698156052,5,957.5731523779207,,1
SOL,-1,SQUEEZE_V2,2023-02-07 00:00:00+00:00,2023-02-08 00:00:00+00:00,22.64546961860657,24.157934475539143,4.861654422833469,110.09444752843959,24.14586154476676,-1.3608011999564837,SL,-7.35308146108644,0.11377098825898281,0.0,-7.411805225581203,7.294387043800319,-1.0160970594343057,6,950.1613471523394,,1
DOGE,1,SQUEEZE_V2,2023-01-31 08:00:00+00:00,2023-02-09 00:00:00+00:00,0.09506900965422392,0.08728665092448015,957.261537131021,91.00590631512627,0.08733031608252141,0.2188881068014642,SL,-7.4497526801395395,0.08728102997505649,0.0,-7.491530756957033,7.407953703833895,-1.0112820701187542,52,942.6185052064877,,1
NEAR,1,SQUEEZE_V2,2023-02-08 08:00:00+00:00,2023-02-09 00:00:00+00:00,2.588517659139633,2.5479258810822096,39.64522993575559,102.62237778935456,2.549200481322871,5.464509596708094,SL,-1.60927037458771,0.1018177426020607,0.0,-1.6597769282950934,7.126210103642546,-0.23291159033420897,4,940.9587282781927,,1
APT,-1,SQUEEZE_V2,2023-02-05 16:00:00+00:00,2023-02-11 12:00:00+00:00,15.425014012336732,14.169695007029615,4.09921640909092,63.230470549828105,14.162613700179525,-13.04725358256237,SL,5.145824265198625,0.060657558417228793,0.0,5.11678194205631,7.294624158064881,0.7014455894069929,35,945.8107744075133,,1
DOGE,-1,SQUEEZE_V2,2023-02-09 04:00:00+00:00,2023-02-12 08:00:00+00:00,0.0865426914587617,0.08547627933972769,1242.3687659845225,107.51793679260105,0.08543356255844847,-0.004328562380495907,SL,1.3248771083552198,0.10685549823842344,0.0,1.271780578513097,7.055975468484043,0.1802416383381128,19,947.0825549860265,,1
SOL,-1,SQUEEZE_V2,2023-02-09 04:00:00+00:00,2023-02-12 12:00:00+00:00,22.33653140335083,21.399267493680448,4.384273761118952,97.92946854612053,21.38857320707691,-3.414936095120982,SL,4.109221566411617,0.09587485776291473,0.0,4.062311442921763,7.056342703991091,0.575696449752094,20,951.1448664289483,,1
BTC,-1,SQUEEZE_V2,2023-02-09 04:00:00+00:00,2023-02-14 12:00:00+00:00,22516.89572,22138.49165604141,0.010039964133531493,226.0688254272688,22127.427942070375,11270.33687859249,SL,3.799163230126811,0.2241692438122054,0.0,3.68802839902824,7.057190462086445,0.5225915920565762,32,954.6654426467464,,1
XRP,-1,SQUEEZE_V2,2023-02-13 12:00:00+00:00,2023-02-14 20:00:00+00:00,0.3653669230222702,0.38209855337489396,431.2523988971868,157.5653620310378,0.38190759957510645,0.10071609817688981,SL,-7.21555572702998,0.16117313989455279,0.0,-7.297946185909014,7.133206442793085,-1.0230947673303876,8,947.3674964608374,,1
AVAX,-1,SQUEEZE_V2,2023-02-09 04:00:00+00:00,2023-02-15 12:00:00+00:00,19.27614468650818,18.38993502096849,5.081690156310834,97.95539470505199,18.380744648644168,-2.938739131101741,SL,4.50344293380055,0.09570367323815171,0.0,4.456716957914924,7.0555722762210715,0.631659174257927,38,951.7882232765579,,1
NEAR,-1,SQUEEZE_V2,2023-02-13 12:00:00+00:00,2023-02-15 12:00:00+00:00,2.135572718000412,2.337188699873175,35.58337616646408,75.99088735544676,2.336020689528411,-1.0715948264475723,SL,-7.174177324149527,0.07957797601752153,0.0,-7.215759856489325,7.132615572685469,-1.011656913646413,12,944.5724634200686,,1
LINK,-1,SQUEEZE_V2,2023-02-13 12:00:00+00:00,2023-02-15 16:00:00+00:00,6.557688215255737,7.022773644710219,15.454853867243218,101.34811307372041,7.019264012703868,-0.8275245439143513,SL,-7.187827348003073,0.10494202674772195,0.0,-7.242095318213935,7.133586498217111,-1.0152109769782625,13,937.2052242194721,,1
APT,1,SQUEEZE_V2,2023-02-15 00:00:00+00:00,2023-02-16 20:00:00+00:00,14.737446831321716,15.246972320913262,4.884176018596341,71.98028438888016,15.254599620723623,38.01345063266956,SL,2.4886121771265888,0.07322459047744345,0.0,2.4513777288435854,7.10525622345628,0.3450090541071491,11,939.595155652653,,1
BTC,1,SQUEEZE_V2,2023-02-15 12:00:00+00:00,2023-02-16 20:00:00+00:00,22443.18774,24555.619800884535,0.011152059487472213,250.28776476498706,24567.903752760914,32607.11268478171,SL,23.557968006227842,0.262066748768101,0.0,23.421045139842235,7.084293475650514,3.3060523565748525,8,963.0162007924953,,1
AVAX,1,SQUEEZE_V2,2023-02-15 16:00:00+00:00,2023-02-16 20:00:00+00:00,18.54370891571045,19.181895393179584,6.627185094633896,122.89259132542598,19.191491138748958,35.51390445127814,SL,4.229379911080354,0.12500728128096616,0.0,4.1658189254621005,7.0290391816460405,0.5926583730447439,7,967.1820197179574,,1
SOL,1,SQUEEZE_V2,2023-02-19 16:00:00+00:00,2023-02-21 08:00:00+00:00,25.293057706832887,25.22118178768047,4.439324253253028,112.28408451687166,25.23379868702398,51.43709129057203,SL,-0.31908051111816965,0.11212454426131258,0.0,-0.3750630131210464,7.25386514788468,-0.05170526408674961,10,966.6975362582459,,1
APT,-1,SQUEEZE_V2,2023-02-21 12:00:00+00:00,2023-02-22 20:00:00+00:00,13.581183671569825,13.91930130392179,6.331766193472879,85.99287963899168,13.912345131356112,-4.7397240825055285,SL,-2.140881793943264,0.08706332053596331,0.0,-2.184948674659731,7.250231521936844,-0.3013626072558906,8,964.4695911437667,,1
AVAX,1,SQUEEZE_V2,2023-02-20 08:00:00+00:00,2023-02-24 08:00:00+00:00,20.66413184738159,19.247871960554342,5.156607083759933,106.55680866395714,19.257500710909795,43.170230030930284,SL,-7.30309576485843,0.10290526078152792,0.0,-7.352722621307979,7.253444082567742,-1.0136870895549928,24,957.1168685224587,,1
SOL,-1,SQUEEZE_V2,2023-02-24 16:00:00+00:00,2023-02-26 20:00:00+00:00,23.031392098236086,23.426656957855148,3.818411851896842,87.94334055358796,23.414949483113592,-7.0476116021216875,SL,-1.5092840246077652,0.08869798256589184,0.0,-1.5540103368968632,7.17837651391844,-0.21648492996762297,13,955.4088018590279,,1
NEAR,-1,SQUEEZE_V2,2023-02-24 16:00:00+00:00,2023-02-27 12:00:00+00:00,2.3425313351631165,2.399277544422141,38.00701606883509,89.0326260972943,2.3980785051695563,-0.6790391878447091,SL,-2.156754087153215,0.09011100314087091,0.0,-2.202348777245439,7.177554963817302,-0.3068383019492956,17,953.2064530817825,,1
SOL,-1,SQUEEZE_V2,2023-03-03 04:00:00+00:00,2023-03-10 12:00:00+00:00,20.85482745246887,17.82284691784023,5.087438915340603,106.09766075440366,17.8139399478663,-1.623960823704774,SL,15.425015762424954,0.09838515287319119,0.0,15.379679439928964,7.147466390369245,2.1517665981125984,44,968.322149325451,,1
DOGE,-1,SQUEEZE_V2,2023-02-24 16:00:00+00:00,2023-03-11 00:00:00+00:00,0.08177364220023155,0.06766465587894177,1603.6547093692157,131.13668641667456,0.06763084045871241,0.010156761738828027,SL,22.625942358562195,0.11982371523739346,0.0,22.571686986533138,7.178046726391364,3.144544448776618,86,990.8938363119842,,1
BTC,-1,SQUEEZE_V2,2023-03-03 04:00:00+00:00,2023-03-11 00:00:00+00:00,22314.33624,20567.66542778253,0.007206364338357344,160.8052369140509,20557.386734415322,6442.601551693537,SL,12.587146252013643,0.1545116637880441,0.0,12.513037206682624,7.148593927855055,1.7504193598022957,47,1003.4068735186668,,1
ETH,-1,SQUEEZE_V2,2023-03-03 04:00:00+00:00,2023-03-11 00:00:00+00:00,1564.8570099365236,1448.9104301368181,0.0893828797651381,139.87142596878982,1448.186336968334,285.329489319844,SL,10.363639201416062,0.13468960636808178,0.0,10.298885308032375,7.147990908216627,1.4408083950126167,47,1013.7057588266991,,1
AVAX,-1,SQUEEZE_V2,2023-02-28 08:00:00+00:00,2023-03-12 16:00:00+00:00,17.37652316093445,14.847445121850962,6.974471691553811,121.19206888356646,14.840025109296315,0.9760301302816039,SL,17.638983189318214,0.11237257728890737,0.0,17.58720664647109,7.149048398113369,2.4600765958043236,74,1031.2929654731702,,1
XRP,1,SQUEEZE_V2,2023-03-21 16:00:00+00:00,2023-03-22 08:00:00+00:00,0.4290558030903339,0.44613920801175744,269.0609681291052,115.44216976089598,0.44636238920636057,0.8890078976557496,SL,4.596477467099732,0.11774040849444585,0.0,4.536458143485735,7.734697241048777,0.5865075260360959,4,1035.7717025317754,,1
BTC,1,SQUEEZE_V2,2023-03-22 16:00:00+00:00,2023-03-22 20:00:00+00:00,28598.81862,26647.16975,0.0055290754436216755,158.12502574843234,27193.830055781764,51078.63564749178,SL_GAP,-10.790813841688976,0.15272961882758784,0.0,-10.864480947642347,7.768287768988315,-1.3985682908161958,1,1024.8281590712588,,1
NEAR,-1,SQUEEZE_V2,2023-03-22 20:00:00+00:00,2023-03-23 16:00:00+00:00,1.8866225647211075,2.072661775534334,41.54632446273386,78.38223321261823,2.0716259625530578,-1.073431800590092,SL,-7.729245415237262,0.08224685592023687,0.0,-7.77230115455119,7.68621119303444,-1.011200571953418,5,1017.0166668001012,,1
SOL,-1,SQUEEZE_V2,2023-03-24 20:00:00+00:00,2023-03-29 04:00:00+00:00,20.74485074920654,21.261471460527126,3.884595333075401,80.58535040571347,21.250846037508374,-10.672063897445355,SL,-2.0068624041660357,0.08158878160779648,0.0,-2.0481585105709756,7.627625001000759,-0.2685185113717905,26,1014.7718080723524,,1
APT,-1,SQUEEZE_V2,2023-03-25 20:00:00+00:00,2023-03-29 08:00:00+00:00,11.486901798439026,11.774472665669947,6.814002674034836,78.2717795709391,11.768588371484206,-6.422860016010743,SL,-1.9595086582860093,0.0792515339000821,0.0,-1.999624302400622,7.627322805936737,-0.26216594646344477,21,1012.7721837699518,,1
LINK,-1,SQUEEZE_V2,2023-03-27 16:00:00+00:00,2023-03-29 08:00:00+00:00,6.8836232288360595,7.308092186540463,18.12434868457577,124.76118761267006,7.304439966557185,0.15055542529805077,SL,-7.693223395213061,0.1286077993102766,0.0,-7.7594506007170025,7.627029286763346,-1.0173621090171336,10,1005.0127331692347,,1
NEAR,-1,SQUEEZE_V2,2023-03-27 16:00:00+00:00,2023-03-29 16:00:00+00:00,1.856628593325615,1.9866013484406828,59.129821204492075,109.78211676649124,1.9856085441685987,-0.2070506201621236,SL,-7.685265771409191,0.11362474965219585,0.0,-7.743999462678141,7.626561432309799,-1.0153985556152236,12,997.1839838196419,,1
DOGE,1,SQUEEZE_V2,2023-04-01 00:00:00+00:00,2023-04-02 12:00:00+00:00,0.0769653887361288,0.08138607571754505,2126.603711724698,163.67488136058577,0.0814267891121011,0.13322954588810393,SL,9.401049343052842,0.1683754060321122,0.0,9.314511377701022,7.478222839778245,1.2455514601885318,9,1006.32905257412,,1
APT,1,SQUEEZE_V2,2023-04-02 12:00:00+00:00,2023-04-03 00:00:00+00:00,12.228545187950134,11.51280489118374,10.630520729783475,129.99580311559785,11.518564173270374,23.588241422826286,SL,-7.608692061916536,0.12619145708463958,0.0,-7.669885617443377,7.5474678943059,-1.0162197077022128,3,998.5941690551189,,1
ETH,1,SQUEEZE_V2,2023-03-31 16:00:00+00:00,2023-04-07 04:00:00+00:00,1831.106138232422,1850.5454392657953,0.09568553205458893,175.21036508519296,1851.4711748532218,3081.682641167988,SL,1.8600598621476485,0.1761403950162668,0.0,1.7715246496739783,7.478879878647314,0.23687031726927393,39,1000.1648260593564,,1
AVAX,1,SQUEEZE_V2,2023-04-05 04:00:00+00:00,2023-04-08 20:00:00+00:00,18.123624839401245,17.344645792567253,9.722265573301991,176.20269383955156,17.35332245379415,30.44846300911477,SL,-7.573441169357723,0.1724159732548727,0.0,-7.65775579569282,7.489084364620261,-1.0225223035100781,22,992.5070702636636,,1
NEAR,1,SQUEEZE_V2,2023-04-05 04:00:00+00:00,2023-04-09 04:00:00+00:00,2.0534105732917785,1.9307526858877222,61.5358599860614,126.35838553198096,1.9317185451603023,4.000483023395397,SL,-7.54785858548209,0.12258445623923991,0.0,-7.6072638489553395,7.488423604518363,-1.0158698613637815,24,984.7425393821674,,1
APT,-1,SQUEEZE_V2,2023-04-08 20:00:00+00:00,2023-04-10 20:00:00+00:00,10.81643598098755,11.45480851253536,11.76610555915104,127.26732752609894,11.449083970550085,0.6940681479869752,SL,-7.5111585922540165,0.13102290682222595,0.0,-7.578547835313193,7.443803026977477,-1.0181016085255588,12,977.1639915468542,,1
SOL,-1,SQUEEZE_V2,2023-04-09 00:00:00+00:00,2023-04-10 20:00:00+00:00,20.033992506790163,20.84070246894694,9.347449715389635,187.26673755571377,20.8302873252843,7.2932754108840125,SL,-7.540680806164349,0.19103707795879596,0.0,-7.638084515345287,7.443325774499253,-1.026165553778833,11,969.5259070315088,,1
ETH,1,SQUEEZE_V2,2023-04-11 04:00:00+00:00,2023-04-12 00:00:00+00:00,1923.0345544189452,1862.5922004350969,0.12217811992103932,234.9527464021003,1863.5239624163048,2875.2040264611906,SL,-7.384733173348526,0.23126037981542605,0.0,-7.498517179962902,7.270892246270636,-1.0313063274743233,5,961.7402323897971,,1
SOL,1,SQUEEZE_V2,2023-04-11 04:00:00+00:00,2023-04-12 00:00:00+00:00,21.28125582733154,22.765458984884766,9.028937067423803,192.14711958072255,22.77684740858906,34.164298195101104,SL,13.40077690481976,0.19884750803313245,0.0,13.298002956576989,7.2700111734716275,1.829158530746361,5,975.0382353463741,,1
XRP,-1,SQUEEZE_V2,2023-04-04 00:00:00+00:00,2023-04-14 04:00:00+00:00,0.49583080024123194,0.5335416789459354,200.0162383078407,99.1742115014176,0.5332750414252229,-0.10327705870262271,SL,-7.542788101798044,0.10294560555231662,0.0,-7.596146601599651,7.489456267913392,-1.01424540445524,61,967.3764665706415,,1
NEAR,1,SQUEEZE_V2,2023-04-10 20:00:00+00:00,2023-04-14 12:00:00+00:00,2.040407961845398,2.166290158126821,72.14981526623777,147.2150575149062,2.1673738450493456,3.6529291916568263,SL,9.082377207012948,0.15175624611841265,0.0,9.00422848965199,7.271444302736316,1.2382998637923432,22,976.2879474481822,,1
DOGE,1,SQUEEZE_V2,2023-04-13 12:00:00+00:00,2023-04-14 12:00:00+00:00,0.08648729444593191,0.086251671810008,1517.4986003062247,131.244348265974,0.08629481921961779,0.16359088335069527,SL,-0.357557020215005,0.1310655697558665,0.0,-0.4230004158378845,7.3127867650978065,-0.05784394231987797,6,975.8649470323443,,1
BTC,1,SQUEEZE_V2,2023-03-29 12:00:00+00:00,2023-04-17 00:00:00+00:00,28370.37294,29780.80572007248,0.005974534567727061,169.4997738293384,29795.70357185841,48556.30150283187,SL,8.426679399998402,0.1737131135293376,0.0,8.337716173383734,7.53759549876926,1.1061506517224382,111,984.202663205728,,1
LINK,1,SQUEEZE_V2,2023-04-14 04:00:00+00:00,2023-04-17 00:00:00+00:00,7.70954178314209,7.896813547800428,24.060473299201004,185.49522422236473,7.9007639297653105,12.53426715512103,SL,4.505847293256205,0.18774814786899283,0.0,4.410846757498395,7.255323499279811,0.6079462560058461,17,988.6135099632263,,1
BTC,-1,SQUEEZE_V2,2023-04-17 12:00:00+00:00,2023-04-18 08:00:00+00:00,29567.18538,30357.77680357918,0.009560750107664584,282.6844708051737,30342.60550082877,17160.46344673967,SL,-7.5586470381033655,0.2864637943242254,0.0,-7.703768597025004,7.413598003698952,-1.0391403193403896,5,980.6346229940993,,1
AVAX,1,SQUEEZE_V2,2023-04-17 00:00:00+00:00,2023-04-19 08:00:00+00:00,20.174034076309205,20.651469328863286,7.431332454243799,149.9199541642969,20.661800228977775,36.138011186206825,SL,3.547980087105224,0.15169394420784954,0.0,3.4712461199795226,7.414601324724197,0.4681635556593656,14,984.1058691140788,,1
DOGE,1,SQUEEZE_V2,2023-04-17 08:00:00+00:00,2023-04-19 08:00:00+00:00,0.09309861508905887,0.08718725192043313,1263.5238356852965,117.63231923431668,0.08723086735411018,0.186982578848238,SL,-7.4691482649507845,0.1138977451018413,0.0,-7.524229850435468,7.414039124896082,-1.0148624418731984,12,976.5816392636433,,1
ETH,-1,SQUEEZE_V2,2023-04-19 12:00:00+00:00,2023-04-26 08:00:00+00:00,1981.9635133544923,1890.8009430103355,0.07837099725943086,155.3284570733969,1889.856015002834,486.6425297040621,SL,7.1445015506045895,0.1517562062980946,0.0,7.070409572843193,7.324362294477324,0.9653276679355942,41,983.5319371596347,,1
APT,-1,SQUEEZE_V2,2023-04-19 12:00:00+00:00,2023-04-26 08:00:00+00:00,11.62427494544983,10.64366848507909,7.303242312199135,84.8948966302455,10.638349310423878,-4.420718770351947,SL,7.161606592995416,0.08131409333374778,0.0,7.122739947976791,7.323779812763299,0.9725497120440252,41,990.6546771076115,,1
ETH,1,SQUEEZE_V2,2023-04-26 16:00:00+00:00,2023-04-26 20:00:00+00:00,1954.3507529296874,1827.6656660766603,0.08860618702281635,173.16756832226983,1870.497578247948,3296.001547837517,SL_GAP,-11.22508249870105,0.1675550270729193,0.0,-11.306053741612835,7.429910078307086,-1.521694559214495,1,979.1924094764647,,1
AVAX,1,SQUEEZE_V2,2023-04-26 16:00:00+00:00,2023-04-26 20:00:00+00:00,18.10362038154602,16.751620228767397,7.692395654063731,139.26021074582417,17.13782753442418,33.55630593549543,SL_GAP,-10.400120099527772,0.1340601506960603,0.0,-10.46455014485092,7.4292606999258775,-1.4085587472997583,1,968.7278593316138,,1
BTC,-1,SQUEEZE_V2,2023-06-05 16:00:00+00:00,2023-06-06 16:00:00+00:00,25966.90558,26543.180155486025,0.013321264436203961,345.9120158211202,26529.915197887083,14706.713222258299,SL,-7.676706007910536,0.3497503688250755,0.0,-7.853500368825051,7.5,-1.0471333825100069,6,991.4385707968455,,2
ETH,-1,SQUEEZE_V2,2023-06-05 16:00:00+00:00,2023-06-06 16:00:00+00:00,1819.8459189453126,1859.9143502489433,0.19159187871554645,348.6676985835525,1858.9848578200333,1037.0671414508972,SL,-7.6767860306474045,0.35250609159887625,0.0,-7.854958272954504,7.498702829940671,-1.047508942692246,6,983.583612523891,,2
LINK,-1,SQUEEZE_V2,2023-06-05 16:00:00+00:00,2023-06-06 16:00:00+00:00,6.087782425022126,6.2635930432376785,43.41775846457943,264.31786691452226,6.260462811831763,2.634174688829376,SL,-7.633302957191258,0.26813451839311786,0.0,-7.769278542127115,7.497395326070983,-1.036263689485694,6,975.8143339817639,,2
DOGE,-1,SQUEEZE_V2,2023-06-05 16:00:00+00:00,2023-06-06 16:00:00+00:00,0.06814636546373368,0.06992588064482903,4296.993164579024,292.82446658856765,0.06989093517724042,0.03325497119359889,SL,-7.64656456943135,0.2966477488732833,0.0,-7.796800085010349,7.496404134070053,-1.0400720059334903,6,968.0175338967535,,2
BTC,-1,SQUEEZE_V2,2023-06-15 00:00:00+00:00,2023-06-16 12:00:00+00:00,25122.17456,25803.641808854278,0.010857792032464928,272.7713467757611,25790.74643563646,11750.73704727077,SL,-7.399229664995778,0.276470961608259,0.0,-7.539314953216156,7.259214384415712,-1.0385855209624022,9,960.2195506288244,,2
NEAR,-1,SQUEEZE_V2,2023-06-05 16:00:00+00:00,2023-06-16 16:00:00+00:00,1.5046989952325822,1.2383314506244854,109.08202987513565,164.13562075104713,1.2377125943273217,0.1304476999642239,SL,29.05591245870695,0.14960766452169366,0.0,28.98837260456078,7.495306042320346,3.8675368878715934,66,989.2079232333853,,2
ETH,-1,SQUEEZE_V2,2023-06-10 08:00:00+00:00,2023-06-16 16:00:00+00:00,1732.3734267089844,1692.5928201773747,0.1411735361900216,244.56528265013253,1691.7469467040228,703.8334184097787,SL,5.615968895851211,0.24175729820220693,0.0,5.49649423897407,7.26013150422565,0.7570791570063047,38,994.7044174723593,,2
XRP,1,SQUEEZE_V2,2023-06-22 04:00:00+00:00,2023-06-22 08:00:00+00:00,0.5166533144831658,0.4941964748513862,335.85469720345003,173.52044249490248,0.49444369669973603,0.9608456701517607,SL,-7.542235074677767,0.16974932495756362,0.0,-7.625224178387879,7.459204455658149,-1.0222570280405434,1,986.8486096881179,,2
BTC,1,SQUEEZE_V2,2023-06-20 20:00:00+00:00,2023-06-22 12:00:00+00:00,27987.696419999997,29559.43600808871,0.010277615023956178,287.6467692121165,29574.22311964853,42505.23402702939,SL,16.153734404287245,0.29572363641426014,0.0,16.001834152479045,7.4602831310426945,2.1449365756501164,10,1002.850443840597,,2
APT,-1,SQUEEZE_V2,2023-06-28 08:00:00+00:00,2023-06-29 08:00:00+00:00,7.009597956371308,7.494105632464113,15.644063249633291,109.658593783973,7.4903604522379945,-2.605651960962425,SL,-7.57966872972869,0.11344842814883735,0.0,-7.638287860985541,7.521078893390011,-1.0155840630389532,6,995.025045683502,,2
XRP,-1,SQUEEZE_V2,2023-06-28 20:00:00+00:00,2023-06-30 00:00:00+00:00,0.4593281115472317,0.4782689093159517,402.1364030066195,184.71255457742703,0.4780298943687673,0.08529245511651884,SL,-7.61678428478886,0.18852094671982145,0.0,-7.712948954219968,7.52066767366332,-1.0255670492169198,7,987.312096729282,,2
SUI,-1,SQUEEZE_V2,2023-06-24 16:00:00+00:00,2023-07-04 08:00:00+00:00,0.7443511,0.7254763355468368,107.27389783889595,79.84944385766983,0.725113778657508,-0.6579244731501597,SL,2.0247695536818617,0.0788370590808289,0.0,1.9858572165298678,7.521378328804477,0.2640283641795638,58,989.0560913156772,,2
APT,1,SQUEEZE_V2,2023-07-04 04:00:00+00:00,2023-07-04 16:00:00+00:00,8.148929226493836,7.6653169760435595,15.431102149273316,125.74695930122517,7.669151551819469,17.744482719981185,SL,-7.4626700373381665,0.12201562428255609,0.0,-7.52181218197011,7.4034983068409845,-1.0159808066707872,3,981.5342791337072,,2
XRP,1,SQUEEZE_V2,2023-07-02 04:00:00+00:00,2023-07-05 08:00:00+00:00,0.49380875324606893,0.4739391655274156,377.1725903181752,186.25112658360842,0.4741762536542427,0.8864587450825929,SL,-7.494263868398676,0.18250399464940908,0.0,-7.5836422997562805,7.404840725469614,-1.0241465793682316,19,973.9506368339509,,2
AVAX,1,SQUEEZE_V2,2023-07-03 04:00:00+00:00,2023-07-05 08:00:00+00:00,13.402679618453979,12.818400911751107,12.812898560074244,171.72717438442538,12.824813318410312,24.960005619327305,SL,-7.486303799795265,0.16798402248452776,0.0,-7.56842423508758,7.4041422837449264,-1.022187843648456,13,966.3822125988632,,2
SOL,1,SQUEEZE_V2,2023-07-06 20:00:00+00:00,2023-07-07 00:00:00+00:00,20.901178759002686,19.59419809150696,5.669834613719171,118.50622679532535,19.62285812210898,46.467591496876835,SL_GAP,-7.410364228029052,0.11480104468131083,0.0,-7.4659121593127,7.247866594491474,-1.030084102953405,1,958.857047326153,,2
APT,-1,SQUEEZE_V2,2023-07-08 20:00:00+00:00,2023-07-13 16:00:00+00:00,6.933612942790985,7.3289715830332565,18.35971803658522,127.29917860446038,7.3253089285689725,-0.9003067727687597,SL,-7.25867315817584,0.1309285151835483,0.0,-7.325952084057159,7.191427854946147,-1.0187061918473517,29,951.3457853949632,,2
XRP,1,SQUEEZE_V2,2023-07-13 16:00:00+00:00,2023-07-14 00:00:00+00:00,0.5913682523846626,0.7813226392648203,211.45660153798016,125.04872090671529,0.7817134960128266,1.2660985858054994,SL,40.167109096908824,0.1451322754551697,0.0,40.084501181907015,7.133809162987917,5.618947783166948,2,990.9161520533726,,2
LINK,1,SQUEEZE_V2,2023-07-13 12:00:00+00:00,2023-07-14 12:00:00+00:00,6.4522904136657715,7.017802065461118,37.7107197694352,243.32051566076305,7.021312721822029,10.266033840994723,SL,21.32585142720473,0.2539834413743654,0.0,21.193528243660744,7.190950483026379,2.947249921089882,6,1012.1096802970333,,2
ETH,1,SQUEEZE_V2,2023-07-13 16:00:00+00:00,2023-07-14 16:00:00+00:00,1932.8564646972657,1968.354671474955,0.17717852622265678,342.4606598149962,1969.3393411455277,2738.269348817962,SL,6.289519960418125,0.34560541979520526,0.0,6.115144870530417,7.135093390462224,0.8570518332254468,6,1018.2248251675637,,2
DOGE,1,SQUEEZE_V2,2023-07-13 16:00:00+00:00,2023-07-14 16:00:00+00:00,0.06749349387288094,0.07072060009166146,3786.2263921025847,255.54564779671588,0.07075597808070182,0.10517396773552905,SL,12.218554735665215,0.26165492516454847,0.0,12.084672634399025,7.133340230284516,1.694111348158284,6,1030.3094978019628,,2
BTC,1,SQUEEZE_V2,2023-07-13 20:00:00+00:00,2023-07-14 16:00:00+00:00,31627.3242,30872.798181909842,0.009650326930815821,305.21401847690294,30888.24230306137,46408.962138772506,SL,-7.281422752376666,0.3015733071007146,0.0,-7.430389050238929,7.132381934105278,-1.0417822711804952,5,1022.879108751724,,2
NEAR,1,SQUEEZE_V2,2023-07-20 08:00:00+00:00,2023-07-21 16:00:00+00:00,1.5655130111932754,1.4772912780386178,87.69267222505229,137.2840193546265,1.4780302931852103,3.3151673713545766,SL,-7.736399528657412,0.1334158195902978,0.0,-7.801173338570396,7.671593315637929,-1.0168908879291514,8,1015.0092934034762,,2
ETH,-1,SQUEEZE_V2,2023-07-23 00:00:00+00:00,2023-07-23 16:00:00+00:00,1866.0467599365236,1900.8127989335435,0.22511667513130834,420.0782422364609,1899.8628674997938,1189.724608671121,SL,-7.826415106494527,0.42399144978970815,0.0,-8.040367435166004,7.6125697005260715,-1.0561962322145135,4,1006.6594092161826,,2
AVAX,-1,SQUEEZE_V2,2023-07-23 00:00:00+00:00,2023-07-25 12:00:00+00:00,13.517296457672119,13.463829647597889,14.71856910455115,198.95526201895154,13.457101097049366,3.175266124350822,SL,0.7869549388774681,0.19856178454951284,0.0,0.6878707853374311,7.610994407117684,0.09037856928316028,15,1006.89820375616,,2
SUI,-1,SQUEEZE_V2,2023-07-24 04:00:00+00:00,2023-08-02 00:00:00+00:00,0.66346728,0.6489865473001492,236.95607121655388,157.21260004953328,0.6486622161920531,0.026222956158937105,SL,3.431297528893736,0.1554969512850864,0.0,3.3544068776334166,7.549945569121369,0.4442955047719355,53,1010.1182781446606,,2
BTC,-1,SQUEEZE_V2,2023-07-24 12:00:00+00:00,2023-08-02 00:00:00+00:00,29266.04562,29826.447031015956,0.013839443366646177,405.0257809236734,29811.541260385766,18356.13281228468,SL,-7.755643590343918,0.40890360271884535,0.0,-7.962034302600927,7.5493560218711835,-1.0546640375065337,51,1002.1562438420597,,2
AVAX,-1,SQUEEZE_V2,2023-07-31 20:00:00+00:00,2023-08-07 00:00:00+00:00,12.787441961860656,12.685773652863137,21.010064332407566,268.6649782656204,12.67943393589519,5.598757140441238,SL,2.13605771260497,0.26759694940931794,0.0,2.002793252328462,7.5517365281712,0.2652096302429499,37,1004.077159867174,,2
SOL,-1,SQUEEZE_V2,2023-08-03 08:00:00+00:00,2023-08-08 12:00:00+00:00,22.710457152557375,23.764721697493627,7.210530960617341,163.75445442828848,23.7528452748562,1.862694706580875,SL,-7.601807141944,0.16755535799926047,0.0,-7.687485272729116,7.516171828815447,-1.0227926460191994,31,996.389674594445,,2
APT,-1,SQUEEZE_V2,2023-07-24 12:00:00+00:00,2023-08-09 12:00:00+00:00,7.252849257469177,6.917716270247738,24.651383627650787,178.79276943939485,6.9142591406774,1.1296651927004682,SL,8.261491834276272,0.1746620235222567,0.0,8.176226195473713,7.547247970166567,1.0833387517931605,96,1004.1696642398015,,2
BTC,1,SQUEEZE_V2,2023-08-08 12:00:00+00:00,2023-08-09 16:00:00+00:00,29444.8878,29494.001009978725,0.01966845249806599,579.1353770051828,29508.75538767256,37043.780046548825,SL,0.9659808374940859,0.5796183674239299,0.0,0.6759301585727475,7.472922559458337,0.09045057715969979,7,1004.8455943983743,,2
APT,1,SQUEEZE_V2,2023-08-09 16:00:00+00:00,2023-08-11 16:00:00+00:00,7.352470032119751,7.016779910259298,22.687526291751563,166.8093571630323,7.0202900552869405,13.996069568775948,SL,-7.615978465590311,0.16300136793023717,0.0,-7.695575154939032,7.536341957987807,-1.0211287117594834,12,997.0666145648538,,2
SOL,1,SQUEEZE_V2,2023-08-08 16:00:00+00:00,2023-08-14 00:00:00+00:00,23.73174468269348,24.06991083840105,8.989550750764227,213.33772322925213,24.0819518143082,40.35271053275995,SL,3.0399618189240276,0.21485770413871416,0.0,2.9317729763999396,7.470750801794567,0.39243351226434847,32,999.7720209259995,,2
AVAX,-1,SQUEEZE_V2,2023-08-13 04:00:00+00:00,2023-08-18 04:00:00+00:00,12.317535694885255,10.768836457171496,36.75517909773853,452.7332305082947,10.763454729806593,8.248449491087381,SL,56.922717850700344,0.42427187158294455,0.0,56.72481259437155,7.477999609236403,7.585559716305449,30,1055.9785252595495,,2
APT,-1,SQUEEZE_V2,2023-08-15 08:00:00+00:00,2023-08-18 04:00:00+00:00,6.956808337879181,5.738370992687819,35.05455103294731,243.86779290661912,5.735503241067286,2.6787389083791773,SL,42.71177409745945,0.22251190585788938,0.0,42.61119608805487,7.498290156944996,5.682788368570657,17,1098.5897213476044,,2
ETH,-1,SQUEEZE_V2,2023-08-15 20:00:00+00:00,2023-08-18 04:00:00+00:00,1827.6544155273439,1698.0469250485967,0.32817476166284243,599.7900522177276,1697.198325885654,1429.2884837517645,SL,42.53390729758198,0.5785230985689367,0.0,42.25527922512191,6.536682235752342,6.464331246516303,14,1140.8450005727263,,2
NEAR,-1,SQUEEZE_V2,2023-07-24 12:00:00+00:00,2023-08-19 16:00:00+00:00,1.3849229836463928,1.1844212507516705,113.45131979357794,157.12134030714302,1.1838293360836287,0.05433693336053724,SL,22.747186217805684,0.14574774719824019,0.0,22.679999140761016,7.547837175192719,3.0048341815457786,157,1163.5249997134874,,2
LINK,-1,SQUEEZE_V2,2023-08-15 20:00:00+00:00,2023-08-23 08:00:00+00:00,7.035592779254913,6.2984321960527225,27.426072340044286,192.9586765189385,6.295284553775835,1.5698984230985724,SL,20.21741948113252,0.18284996677837223,0.0,20.131048852613617,7.495126440025779,2.685885156667801,45,1183.6560485661012,,2
DOGE,-1,SQUEEZE_V2,2023-10-09 08:00:00+00:00,2023-10-13 08:00:00+00:00,0.060317933774739506,0.058712771360113124,8210.803177698637,495.2586823098471,0.05868342964529048,0.04204931902978797,SL,13.179672654736716,0.48866884598247873,0.0,12.938633149909162,7.5,1.725151086654555,24,1012.1713932293093,,3
ETH,-1,SQUEEZE_V2,2023-10-09 12:00:00+00:00,2023-10-13 20:00:00+00:00,1590.691807763672,1566.2737368383966,0.2196227210507217,349.3520631741491,1565.4909913427255,907.8714926279131,SL,5.362763179418472,0.3466706815844399,0.0,5.190768529421107,7.498142779941338,0.6922738979187214,26,1017.3621617587304,,3
APT,-1,SQUEEZE_V2,2023-10-09 12:00:00+00:00,2023-10-13 20:00:00+00:00,4.958907922363282,4.951005444196094,43.042585813323676,213.44421978869218,4.948531178606791,1.4762890346757125,SL,0.34014309464911247,0.21327414824136764,0.0,0.23359105630209093,7.495046116419708,0.031166059911273036,26,1017.5957528150325,,3
NEAR,-1,SQUEEZE_V2,2023-10-09 12:00:00+00:00,2023-10-15 20:00:00+00:00,1.0426913862466813,1.0349572201989514,209.73337750627806,218.68718613421962,1.034440000198852,0.3278918362186143,SL,1.6221127673847775,0.21787612975052723,0.0,1.5135802307013602,7.4958661933677115,0.2019219916226046,38,1019.1093330457338,,3
XRP,-1,SQUEEZE_V2,2023-10-09 12:00:00+00:00,2023-10-16 04:00:00+00:00,0.4979003959476948,0.49255860974129995,517.6490958640438,257.7376897926737,0.4923124535145427,0.20825118107981389,SL,2.76517080003932,0.256355104392654,0.0,2.637684540543003,7.496832709704434,0.3518398559339061,40,1021.6125460411589,,3
SUI,-1,SQUEEZE_V2,2023-10-17 08:00:00+00:00,2023-10-18 16:00:00+00:00,0.39822034,0.3865091311091679,503.37298331796865,200.4533605636958,0.3863159731226066,0.09390087754786752,SL,5.895106157638074,0.19750580748487678,0.0,5.797827030435045,7.659309784812532,0.7569646865480519,8,1026.938904991824,,3
SOL,1,SQUEEZE_V2,2023-10-16 08:00:00+00:00,2023-10-18 20:00:00+00:00,22.82056318473816,23.47102726452241,11.114194176548729,253.63217045337916,23.482768648846832,36.60520790799683,SL,7.229384087592237,0.25724686249717527,0.0,7.098953310321751,7.660260905451731,0.9267247418778513,15,1034.0378583021459,,3
LINK,1,SQUEEZE_V2,2023-10-15 20:00:00+00:00,2023-10-19 00:00:00+00:00,7.454490668678283,7.239013907775749,36.0779967658709,268.9430902357899,7.242635225388443,11.691599534475092,SL,-7.773969882961978,0.2650561052943089,0.0,-7.904554443138393,7.643319997843004,-1.034178137951716,19,1026.1333038590076,,3
BTC,1,SQUEEZE_V2,2023-10-16 08:00:00+00:00,2023-10-20 12:00:00+00:00,27855.57,29396.694680282937,0.01754947497117067,488.8506285226926,29411.400380473173,36587.56239053652,SL,27.04592900407881,0.5023735930247321,0.0,26.787980725315425,7.6620940953086905,3.4961696361464734,25,1052.921284584323,,3
SOL,1,SQUEEZE_V2,2023-10-30 12:00:00+00:00,2023-11-02 12:00:00+00:00,34.9619928314209,42.492004161886086,4.0606518650499055,141.9684813967707,42.513260792282225,73.85678064788584,SL,30.57675455290038,0.1572568586732209,0.0,30.490481934925544,7.896909634382424,3.8610650680581133,18,1083.0038354582734,,3
BTC,1,SQUEEZE_V2,2023-11-02 00:00:00+00:00,2023-11-02 16:00:00+00:00,35425.48368,34442.27985519125,0.008173030878861488,289.5335720152437,34459.50960999625,54744.965080075,SL,-8.035755220376622,0.2855156944050554,0.0,-8.176504128774056,7.8949359023201655,-1.0356644094312588,4,1074.8273313294994,,3
ETH,1,SQUEEZE_V2,2023-11-01 20:00:00+00:00,2023-11-03 00:00:00+00:00,1836.2872279541016,1779.2585177266756,0.14065851657358214,258.2894374870392,1780.148592022687,2959.0599465823934,SL,-8.021573782694416,0.254278650595692,0.0,-8.146707714546588,7.896377252577186,-1.0317019379852579,7,1066.6806236149528,,3
AVAX,1,SQUEEZE_V2,2023-11-01 20:00:00+00:00,2023-11-07 12:00:00+00:00,11.978395032119751,12.319667943389206,10.524834981088935,126.07063105135587,12.325830858818614,26.981782128208415,SL,3.591841074626816,0.12786655158866927,0.0,3.5270098385638247,7.895408667186609,0.4467165649350248,34,1070.2076334535166,,3
BTC,1,SQUEEZE_V2,2023-11-07 20:00:00+00:00,2023-11-09 16:00:00+00:00,35475.49368,36262.25955479781,0.009446339806378112,335.1135681002991,36280.39975467515,52469.49858649702,SL,7.432057801402479,0.33882959700100035,0.0,7.260784988451628,8.026557250901375,0.9045951784167799,11,1077.0115084863694,,3
SOL,1,SQUEEZE_V2,2023-11-07 20:00:00+00:00,2023-11-09 16:00:00+00:00,43.89277567062378,43.949980650029964,2.5308143144959083,111.08446497017239,43.97196663334663,107.3134741316208,SL,0.14477518074162132,0.11115685256054321,0.0,0.08916056066616432,8.025300575020998,0.01110993411806648,11,1077.1006690470356,,3
ETH,1,SQUEEZE_V2,2023-11-09 04:00:00+00:00,2023-11-09 16:00:00+00:00,1919.4338588378905,1985.924741930685,0.15746860200717835,302.25056639644635,1986.9182010312006,2938.669935870126,SL,10.47022640684509,0.30748567959986894,0.0,10.313866010443444,8.02488400827736,1.2852355248755107,3,1087.414535057479,,3
AVAX,1,SQUEEZE_V2,2023-11-09 04:00:00+00:00,2023-11-09 16:00:00+00:00,13.22864503211975,12.580503014654948,12.501001525756124,165.37131173021515,12.586796412861379,26.065617417287186,SL,-8.102424349234154,0.16132009955559806,0.0,-8.181058792924643,8.023750568653371,-1.0196053233366742,3,1079.2334762645544,,3
ETH,1,SQUEEZE_V2,2023-11-09 16:00:00+00:00,2023-11-11 00:00:00+00:00,2038.277569116211,2053.466338268242,0.12096077936413215,246.55164332072562,2054.493585060772,3376.604110088267,SL,1.8372453542115583,0.2474702659978314,0.0,1.7130509098740898,8.094251071984157,0.21163797547660784,8,1080.823251352768,,3
XRP,-1,SQUEEZE_V2,2023-11-22 00:00:00+00:00,2023-11-22 16:00:00+00:00,0.5782843358278275,0.6085038267465284,270.9700291121755,156.69772331438148,0.6081997268830869,-0.02002348527736031,SL,-8.188576333995508,0.16079201148137923,0.0,-8.271019483819696,8.10617438514576,-1.0203357454258581,4,1072.4315846348804,,3
SUI,-1,SQUEEZE_V2,2023-11-22 00:00:00+00:00,2023-11-22 16:00:00+00:00,0.50209956,0.550483034549376,168.48599672517182,84.5967448218702,0.550207930584084,-0.46006785168167974,SL,-8.151937934478594,0.0886727137891095,0.0,-8.198312275856768,8.105586768683331,-1.0114397032342792,4,1064.2332723590237,,3
APT,1,SQUEEZE_V2,2023-11-25 04:00:00+00:00,2023-11-26 16:00:00+00:00,7.5390074046134945,7.15047285302434,20.734104388471984,156.31456651271944,7.154049877963321,15.238157937616963,SL,-8.055915951177688,0.1522866085371306,0.0,-8.130045276458459,7.981749542692678,-1.0185793519293707,9,1055.7831929076665,,3
LINK,1,SQUEEZE_V2,2023-11-26 08:00:00+00:00,2023-11-26 16:00:00+00:00,15.106020287132262,14.410417947509233,11.593896599567596,175.13763723998187,14.417626760889677,28.873890811983976,SL,-8.064741600006704,0.17110526643997853,0.0,-8.148278047826691,7.981163363068254,-1.0209386372833487,2,1047.63491485984,,3
XRP,1,SQUEEZE_V2,2023-11-26 12:00:00+00:00,2023-11-26 16:00:00+00:00,0.6299259816527366,0.6133299039103726,489.924459434008,308.6161460446538,0.6136367222715083,0.955711169277301,SL,-8.130824416652477,0.3045507338363276,0.0,-8.281067077466478,7.980506596928604,-1.037661829720628,1,1039.3538477823734,,3
DOGE,1,SQUEEZE_V2,2023-11-27 08:00:00+00:00,2023-11-27 12:00:00+00:00,0.08087616837769747,0.0776589286234584,2452.5472757370585,198.35262642677355,0.0776977775122145,0.14444398568735678,SL,-7.890432594651997,0.19440741012944757,0.0,-7.985663691568058,7.7951538583678,-1.0244395218698286,1,1031.269007777592,,3
APT,-1,SQUEEZE_V2,2023-11-27 16:00:00+00:00,2023-12-02 08:00:00+00:00,6.865026485061645,7.215630040655899,22.289833750797847,153.02029904684818,7.212024028641578,-0.07492438653701505,SL,-7.814894966634526,0.15692774653016545,0.0,-7.8953125636412675,7.734517558331938,-1.0207892740686992,28,1022.8763623276197,,3
LINK,1,SQUEEZE_V2,2023-12-02 04:00:00+00:00,2023-12-03 20:00:00+00:00,15.348069267082215,15.648010529722653,12.288571505614613,188.60584666166585,15.655838448947126,27.931297236381887,SL,3.685849653441353,0.19044877148838651,0.0,3.5897038052837997,7.731494833609438,0.46429621729540127,10,1026.3735297556,,3
SOL,1,SQUEEZE_V2,2023-11-29 12:00:00+00:00,2023-12-04 08:00:00+00:00,60.67213184738159,61.0542101954535,2.4511386647959448,148.71580824671443,61.084752571739365,123.7770376879849,SL,0.9365270119404149,0.14918407175268467,0.0,0.8617008443110874,7.733943732210513,0.11141803899118832,29,1027.2352305999111,,3
AVAX,1,SQUEEZE_V2,2023-12-01 04:00:00+00:00,2023-12-04 08:00:00+00:00,22.378475349426267,21.224936312772407,6.766333186046022,151.42022040993578,21.235554089817313,45.23690054160537,SL,-7.805229465110576,0.14751760567738048,0.0,-7.877036960582988,7.733386047929587,-1.01857542242985,19,1019.3581936393281,,3
NEAR,1,SQUEEZE_V2,2023-12-02 12:00:00+00:00,2023-12-04 08:00:00+00:00,1.9873973885536194,2.0445962925466366,93.12317489852984,185.07275460716016,2.0456191020976853,3.635015766216614,SL,5.3265435405459565,0.18773602637743314,0.0,5.231343891472103,7.671572717457148,0.68191283380106,11,1024.5895375308003,,3
DOGE,1,SQUEEZE_V2,2023-12-04 08:00:00+00:00,2023-12-04 12:00:00+00:00,0.0905981174737215,0.0871245078363227,2240.3394163060193,202.9705336195014,0.08716809188226382,0.15919862930287498,SL,-7.782064587524998,0.1990795013257389,0.0,-7.8796588220409856,7.684421531481003,-1.025406894944551,1,1016.6083934419496,,3
APT,1,SQUEEZE_V2,2023-12-05 00:00:00+00:00,2023-12-05 12:00:00+00:00,7.776555095386505,7.331853524112267,17.287932958906364,134.4405631402836,7.335521284754644,16.597231308023726,SL,-7.687970950909345,0.1305965776648289,0.0,-7.751347247004032,7.624562950814621,-1.0166284017860807,3,1008.7898259133755,,3
AVAX,1,SQUEEZE_V2,2023-12-05 20:00:00+00:00,2023-12-06 08:00:00+00:00,23.56971353416443,25.12499606421229,4.81772379839436,113.55236981488162,25.137564846635605,54.97842026356171,SL,7.492921658238575,0.1172988306440009,0.0,7.432399012502015,7.565923694350316,0.9823518333990062,3,1016.1654487409701,,3
BTC,1,SQUEEZE_V2,2023-12-01 12:00:00+00:00,2023-12-07 08:00:00+00:00,38590.916639999996,43224.673279473165,0.009144732207021443,352.90359829628767,43246.296427687004,55502.98808625999,SL,42.37446358048974,0.37409083008653254,0.0,42.17682454955135,7.732818222103051,5.454263030391106,35,1058.3422732905215,,3
ETH,1,SQUEEZE_V2,2023-12-07 16:00:00+00:00,2023-12-11 00:00:00+00:00,2322.4644,2238.8521875082674,0.09622200049147961,223.47217063824388,2239.9721735950648,3972.3089280987015,SL,-8.045334351473173,0.2194495034625073,0.0,-8.153047769616558,7.93756704967891,-1.0271469479991813,20,1049.8976287245168,,3
LINK,1,SQUEEZE_V2,2023-12-08 12:00:00+00:00,2023-12-11 00:00:00+00:00,16.447289044189453,15.475981695229517,8.236834065378467,135.47359068230574,15.483723557008021,35.71859878781809,SL,-8.00049745986565,0.13147334195237292,0.0,-8.064234006476871,7.936729029039019,-1.016065179618875,15,1041.83339471804,,3
SUI,1,SQUEEZE_V2,2023-12-08 12:00:00+00:00,2023-12-11 00:00:00+00:00,0.6986397,0.6467582180498014,153.92819880425412,107.54035063414446,0.647081758929266,1.7297985214146798,SL,-7.986023067889491,0.10354733910019973,0.0,-8.035800231672619,7.936221003073957,-1.0125474364385885,15,1033.7975944863674,,3
NEAR,1,SQUEEZE_V2,2023-12-09 04:00:00+00:00,2023-12-11 00:00:00+00:00,2.5155031049251555,2.3432829377307702,46.39528394655348,116.70748082143949,2.344455165313427,5.936461897159726,SL,-7.990203558306418,0.11271237904228629,0.0,-8.044562196937985,7.935817726759081,-1.01370299494307,11,1025.7530322894295,,3
ETH,-1,SQUEEZE_V2,2023-12-18 12:00:00+00:00,2023-12-18 20:00:00+00:00,2142.1115310546875,2215.857882527501,0.10590367699744478,226.85748767731752,2214.750507273864,689.3320066711592,SL,-7.81000978611686,0.23076249257037595,0.0,-7.927343534848577,7.69273467494075,-1.0304974589429257,2,1017.6571843800795,,3
SUI,-1,SQUEEZE_V2,2023-12-18 04:00:00+00:00,2023-12-19 04:00:00+00:00,0.5983803000000001,0.6404922638986338,184.08236588928332,110.15126132553914,0.6401721778097289,-0.23745725619457603,SL,-7.752069946704578,0.11402729629889144,0.0,-7.8110216123407,7.69314774217072,-1.015321929868036,6,1009.8461627677387,,3
LINK,1,SQUEEZE_V2,2023-12-21 12:00:00+00:00,2023-12-24 20:00:00+00:00,15.094017803192138,15.139110732809035,10.632703500003947,160.49021592512293,15.146684074846458,29.340340426136002,SL,0.47945975056301865,0.16072994580040445,0.0,0.39897491272517566,7.57384622075804,0.05267797907378738,20,1010.0649847256589,,3
ETH,1,SQUEEZE_V2,2023-12-22 12:00:00+00:00,2023-12-26 04:00:00+00:00,2313.9426764648438,2225.128469470381,0.08635291432121564,199.81569368497307,2226.2415902655134,4067.964400451446,SL,-7.669365607099565,0.19598101088142328,0.0,-7.765438771138502,7.573244382448321,-1.025378078269283,22,1002.1887592516829,,3
XRP,1,SQUEEZE_V2,2023-12-25 12:00:00+00:00,2023-12-26 04:00:00+00:00,0.6424284697294235,0.6201539195367357,344.899729876887,221.57340567490004,0.620464151612542,1.0817148320670533,SL,-7.682486344587169,0.21773216250260646,0.0,-7.789431804252326,7.5754873854424405,-1.0282416705255182,4,994.3993274474306,,3
ETH,1,SQUEEZE_V2,2024-01-30 20:00:00+00:00,2024-01-31 08:00:00+00:00,2375.0249588378906,2296.1337505988813,0.09644502659569122,229.05934532055082,2297.2823917947785,3618.9060315276834,SL,-7.608664676777466,0.2252550129821621,0.0,-7.719390017099353,7.497883946090255,-1.0295424779313371,3,991.883939788941,,4
SOL,1,SQUEEZE_V2,2024-01-29 20:00:00+00:00,2024-02-01 00:00:00+00:00,100.58010955810546,93.76977176670334,1.1087718357956073,111.52039271926391,93.81668010675672,208.79498077968532,SL,-7.55111073536113,0.10774483735158334,0.0,-7.603095376353081,7.4991000890460215,-1.0138677022672316,13,984.280844412588,,4
LINK,1,SQUEEZE_V2,2024-01-29 20:00:00+00:00,2024-02-02 20:00:00+00:00,14.991998120498657,17.79428768004522,9.564541501293714,143.39158821082677,17.80318927468256,27.536134207413493,SL,26.802614790925176,0.15679289560628934,0.0,26.7175176894243,7.4986818875733245,3.562961876499932,24,1010.9983621020123,,4
LINK,1,SQUEEZE_V2,2024-02-05 12:00:00+00:00,2024-02-06 20:00:00+00:00,19.67193286743164,18.231823872495116,5.298776052457972,104.23716678350766,18.24094434466745,42.56774923165865,SL,-7.630815055298966,0.10042175925585818,0.0,-7.679118231163071,7.582487715765092,-1.012743906620128,8,1003.2671252874574,,4
AVAX,1,SQUEEZE_V2,2024-02-09 12:00:00+00:00,2024-02-12 00:00:00+00:00,36.46629143371582,38.87469562093966,4.5992390560263345,167.71719179038433,38.894142692285804,62.63770145128533,SL,11.076826600577265,0.17325560509067298,0.0,10.987429591381783,7.523035694005293,1.4605047800234525,15,1013.974996862859,,4
SOL,1,SQUEEZE_V2,2024-02-08 04:00:00+00:00,2024-02-12 08:00:00+00:00,101.81035891571045,104.25793185702217,1.4128978467112197,143.84763688490372,104.3100869004724,187.00915955264097,SL,3.4581705384479746,0.1455767221541277,0.0,3.384517634736299,7.523575122643611,0.44985496649723855,25,1017.3595144975953,,4
BTC,1,SQUEEZE_V2,2024-01-29 20:00:00+00:00,2024-02-13 12:00:00+00:00,43011.50058,48357.718174436035,0.005579350898206772,239.9762543942441,48381.90912900053,64519.37885999288,SL,29.828423937525542,0.2548904663630069,0.0,29.69352159835966,7.500000000000001,3.9591362131146206,88,1046.987765270605,,4
ETH,1,SQUEEZE_V2,2024-02-06 20:00:00+00:00,2024-02-13 12:00:00+00:00,2379.2758088378905,2593.8785377572035,0.1040447695745834,247.55120328491887,2595.1761258201136,3536.393610403041,SL,22.32829148048671,0.25871534902516224,0.0,22.193351733104006,7.52450343965593,2.9494772526968016,40,1069.181117003709,,4
APT,1,SQUEEZE_V2,2024-02-14 08:00:00+00:00,2024-02-16 08:00:00+00:00,9.36217212409973,9.970521031995743,14.783776370065336,138.40825902075,9.975508786388936,18.0407215575337,SL,8.993694209308117,0.14290510612540405,0.0,8.919993232693088,8.018858377527817,1.112376951024678,12,1077.925860441495,,4
XRP,1,SQUEEZE_V2,2024-02-14 20:00:00+00:00,2024-02-16 12:00:00+00:00,0.538907761144638,0.5544738733717659,393.55775901840326,212.09133079370866,0.554751248996264,0.8648914995033699,SL,6.12616424473742,0.2151544129160774,0.0,6.017055497218196,8.01833934655649,0.7504116796705851,10,1083.9429159387132,,4
SUI,1,SQUEEZE_V2,2024-01-29 20:00:00+00:00,2024-02-17 12:00:00+00:00,1.54810956,1.7322988029906135,44.82422243705393,69.3928072743697,1.733165385683455,4.2245710842205995,SL,8.256139598323829,0.07352087707353161,0.0,8.217315124887483,7.498144169117534,1.0959131939249693,112,1092.1602310636008,,4
SOL,1,SQUEEZE_V2,2024-02-13 00:00:00+00:00,2024-02-20 12:00:00+00:00,111.74234522094726,105.15836809109373,1.1682379713967397,130.54165070003359,105.21097357788267,216.2442915099807,SL,-7.691652085902608,0.1266958246570823,0.0,-7.753077085209673,7.630196358731965,-1.0161045300409712,45,1084.3045501783083,,4
ETH,1,SQUEEZE_V2,2024-02-19 00:00:00+00:00,2024-02-21 12:00:00+00:00,2883.0364529296876,2875.653976703688,0.07117759470475689,205.20760016566922,2877.0925229651702,4724.33536547742,SL,-0.5254669007317065,0.20494486671530338,0.0,-0.6278079673641753,8.191201732977007,-0.0766441833359664,15,1083.6767422109442,,4
DOGE,1,SQUEEZE_V2,2024-02-26 20:00:00+00:00,2024-02-28 00:00:00+00:00,0.0888577683314681,0.09443525362251999,2242.7662998856476,199.28720829686281,0.09448249486995497,0.14682449761311095,SL,12.508996048879059,0.20554170632130234,0.0,12.403097946706188,8.125364184216442,1.5264667115843575,7,1095.6853455714167,,4
BTC,1,SQUEEZE_V2,2024-02-26 16:00:00+00:00,2024-02-28 16:00:00+00:00,52859.669819999996,59268.32513796244,0.005736012621722622,303.2037332676103,59297.97412502495,75530.68148633407,SL,36.760127792102395,0.3215837971636615,0.0,36.59014586157254,8.127575566582081,4.501975473721732,12,1132.2754914329894,,4
AVAX,1,SQUEEZE_V2,2024-02-26 16:00:00+00:00,2024-02-28 16:00:00+00:00,38.266650670623775,36.16256382229145,3.8957105008415454,149.07579284958422,36.180654149366134,71.64259501074609,SL,-8.19691322973082,0.1449773362347188,0.0,-8.267352669540747,8.126438552582327,-1.0173402058043794,12,1124.0081387634486,,4
SOL,1,SQUEEZE_V2,2024-02-26 20:00:00+00:00,2024-02-29 20:00:00+00:00,109.73194108428955,124.54147092888415,1.2523467341864072,137.42243805284525,124.60377281529179,213.54829540904484,SL,18.546666335714185,0.14669577122070235,0.0,18.468681783519905,8.125879518359142,2.2728224977730513,18,1142.440215661569,,4
SUI,-1,SQUEEZE_V2,2024-02-28 20:00:00+00:00,2024-03-01 04:00:00+00:00,1.54049184,1.7187374873888492,47.52363426954478,73.20977079937809,1.717878548114792,-1.2976954898366713,SL,-8.470880956645908,0.07744521127770104,0.0,-8.51172128252392,8.430061040725864,-1.0096867912822403,8,1133.928494379045,,4
NEAR,1,SQUEEZE_V2,2024-03-02 16:00:00+00:00,2024-03-03 04:00:00+00:00,4.2388475160598755,3.8152779642455954,20.16896166384461,85.49315305029458,3.8171865575243573,10.985422852628169,SL,-8.54295805251406,0.08122167402403754,0.0,-8.58143315001295,8.504463707842838,-1.0090504757047913,3,1125.304314652507,,4
ETH,1,SQUEEZE_V2,2024-03-04 16:00:00+00:00,2024-03-05 16:00:00+00:00,3561.572279443359,3579.7076631544155,0.049953931196973174,177.91453660036046,3581.4984123605955,6264.793317760419,SL,0.9059337101328204,0.1783675034554269,0.0,0.8165234749775738,8.439782359893801,0.09674698234610024,6,1126.0318808591844,,4
SOL,1,SQUEEZE_V2,2024-03-05 16:00:00+00:00,2024-03-05 20:00:00+00:00,139.23784871520996,118.83055438995362,0.6856932295483973,95.47445016090349,126.9214968212209,336.2994790190349,SL_GAP,-13.993143552229704,0.08847787838478863,0.0,-14.03388420553404,8.445239106443882,-1.6617509615359396,1,1111.9502594285698,,4
AVAX,-1,SQUEEZE_V2,2024-03-05 20:00:00+00:00,2024-03-07 00:00:00+00:00,37.60048010864258,43.340215194369605,1.4584673631615188,54.83907307765908,43.318555916411405,-53.88873281565861,SL,-8.37121629572595,0.059024681225522055,0.0,-8.402821440412643,8.339626945714272,-1.0075776164940862,7,1103.5200184516182,,4
LINK,1,SQUEEZE_V2,2024-03-11 00:00:00+00:00,2024-03-12 08:00:00+00:00,21.691337674713136,20.125411639137486,5.319507669991746,115.38723713301746,20.135479378826897,46.585070408892946,SL,-8.329955556884439,0.11122225935457525,0.0,-8.383484197672505,8.276400138387135,-1.0129384826125913,8,1094.8137320196447,,4
AVAX,1,SQUEEZE_V2,2024-03-11 12:00:00+00:00,2024-03-14 12:00:00+00:00,46.22624245376587,52.93196388399894,2.09198409022325,96.70456376408076,52.958443105551716,109.5136921271388,SL,14.028262545516677,0.10371869503683911,0.0,13.972896132361878,8.274771114218805,1.6886142153650392,18,1108.7522143160204,,4
ETH,1,SQUEEZE_V2,2024-03-11 08:00:00+00:00,2024-03-14 16:00:00+00:00,4010.7719646972655,3780.0606729222486,0.03616512378973383,145.05006459567056,3781.9516487466217,7671.897019907564,SL,-8.343702426732886,0.14087821338230413,0.0,-8.412055607817354,8.275315051961039,-1.0165239093614824,20,1100.2900139970664,,4
XRP,1,SQUEEZE_V2,2024-03-11 16:00:00+00:00,2024-03-14 16:00:00+00:00,0.6934386687755585,0.6430023993399351,165.10971352614766,114.49345994948565,0.6433240613706204,1.4952723872545677,SL,-8.327517997843378,0.11032970095056396,0.0,-8.380600968819198,8.27440847210469,-1.0128338475278942,18,1091.9094130282472,,4
BTC,1,SQUEEZE_V2,2024-03-11 08:00:00+00:00,2024-03-15 00:00:00+00:00,71222.2416,67800.17800238851,0.0024426238103651466,173.96914315973905,67834.09504991346,125432.58640138445,SL,-8.35881402410963,0.16978973614768422,0.0,-8.441619188677445,8.275967436247887,-1.0200159985772805,22,1083.4677938395698,,4
DOGE,1,SQUEEZE_V2,2024-03-14 08:00:00+00:00,2024-03-15 00:00:00+00:00,0.18619723017811773,0.16390201216300765,369.6492794577298,68.82767197236628,0.16398400416509018,0.5416088463865585,SL,-8.24141127463844,0.06470696633504706,0.0,-8.271704404987304,8.211102990147335,-1.0073804231797707,4,1075.1960894345825,,4
APT,1,SQUEEZE_V2,2024-03-14 12:00:00+00:00,2024-03-15 00:00:00+00:00,14.273753952598572,13.08368001345466,7.026142009057117,100.28942227329789,13.09022512601767,33.21021517789299,SL,-8.361628497703116,0.09610860802444633,0.0,-8.407592394590914,8.315641607370154,-1.011057569765785,3,1066.7884970399916,,4
XRP,1,SQUEEZE_V2,2024-03-25 20:00:00+00:00,2024-03-27 08:00:00+00:00,0.6555310581564903,0.6178052181690707,213.80065628010829,140.15297044585145,0.618114275306724,1.2541995837527509,SL,-8.065809348028646,0.13612006577183713,0.0,-8.131852928577556,7.999732729170322,-1.01651557669239,9,1058.385708052339,,4
AVAX,1,SQUEEZE_V2,2024-03-25 16:00:00+00:00,2024-03-27 12:00:00+00:00,58.37867397994995,53.283705845274376,1.5784499410013946,92.14781449939164,53.310361025787266,139.47168124655292,SL,-8.042152151582647,0.08812673842360033,0.0,-8.084204982756551,8.000078283474695,-1.0105157345092026,11,1050.3015030695824,,4
NEAR,1,SQUEEZE_V2,2024-03-25 04:00:00+00:00,2024-03-27 16:00:00+00:00,7.145428853416442,7.193126583750497,12.352251251900578,88.26213249997976,7.1967249462236085,17.509095931925884,SL,0.5891743492316457,0.08855671967459558,0.0,0.54474869580704,8.000913727799936,0.06808581048865191,15,1050.8462517653895,,4
DOGE,1,SQUEEZE_V2,2024-03-28 04:00:00+00:00,2024-03-30 16:00:00+00:00,0.1948389643639326,0.20051161871914847,353.7134729259975,68.91716674647127,0.2006119246814892,0.5513465895010425,SL,2.0064942726921857,0.06992041388281736,0.0,1.971032442182604,7.881346888240421,0.2500882742673764,15,1052.782825624199,,4
LINK,1,SQUEEZE_V2,2024-03-25 16:00:00+00:00,2024-04-01 12:00:00+00:00,19.31186216468811,18.154232473440985,6.965823375860789,134.523020898186,18.163314130506237,37.68863071159812,SL,-8.063843963879746,0.1304910989162461,0.0,-8.1270735523469,8.000582744803062,-1.0158101992790467,41,1044.5849049238755,,4
SOL,1,SQUEEZE_V2,2024-03-31 20:00:00+00:00,2024-04-01 12:00:00+00:00,200.49008694763182,189.2231794125401,0.7067396603514579,141.69429595320358,189.31783833170596,379.24606480244586,SL,-7.9627704045620025,0.13771291075092257,0.0,-8.029636167336323,7.895871192181492,-1.0169411293445725,4,1036.5552687565391,,4
APT,1,SQUEEZE_V2,2024-03-26 00:00:00+00:00,2024-04-02 00:00:00+00:00,17.348168799591065,15.741288520305131,5.002613290785669,86.78617980762752,15.749163101856059,42.93225996335116,SL,-8.038600641857197,0.08276687948669892,0.0,-8.077974431440083,7.999207155531152,-1.0098468853696916,42,1028.317901314307,,4
ETH,-1,SQUEEZE_V2,2024-04-01 16:00:00+00:00,2024-04-04 16:00:00+00:00,3443.1012810546877,3427.4810631148903,0.05018070134526141,172.77723708609224,3425.768179025378,964.3269930079832,SL,0.783833491384867,0.17238532034039983,0.0,0.6978367895875133,7.774164515674043,0.08976357371657818,18,1028.9680989799062,,4
LINK,-1,SQUEEZE_V2,2024-04-01 16:00:00+00:00,2024-04-08 08:00:00+00:00,17.937411784744263,18.13504921361971,8.13990258185074,146.00878449835972,18.125986220509454,2.6575894077692404,SL,-1.608749417573582,0.1468131592071465,0.0,-1.6825581845315485,7.773516601034972,-0.2164474935716393,40,1027.147338164849,,4
SOL,-1,SQUEEZE_V2,2024-04-05 12:00:00+00:00,2024-04-08 08:00:00+00:00,169.84602888183593,184.72063503891184,0.5220611759059528,88.6700175610077,184.6283208784726,-66.67064306435088,SL,-7.765454381500971,0.09255274475175818,0.0,-7.813672117472225,7.717260742349296,-1.0124929529196625,17,1019.3336660473768,,4
ETH,1,SQUEEZE_V2,2024-04-08 00:00:00+00:00,2024-04-09 12:00:00+00:00,3454.6908,3532.055422038842,0.05434212621591778,187.73524349056996,3533.8223332054445,5726.792763510739,SL,4.2041580554815425,0.18983732251831073,0.0,4.108188354708517,7.716928229783442,0.5323605756566436,9,1023.3364272175343,,4
BTC,1,SQUEEZE_V2,2024-04-08 08:00:00+00:00,2024-04-10 12:00:00+00:00,70728.44286,68129.94103370259,0.00298118211819647,210.8543691021128,68164.0230452252,111759.15989639671,SL,-7.746607178658692,0.20698106551278345,0.0,-7.848161059620419,7.645002495355325,-1.026574035049501,13,1015.4882661579138,,4
SOL,-1,SQUEEZE_V2,2024-04-12 20:00:00+00:00,2024-04-14 20:00:00+00:00,149.1101713897705,151.98126816773774,0.49975830515947234,74.51904653579015,151.90531550998276,-94.69410051416614,SL,-1.4348544597057291,0.07523647376564302,0.0,-1.472831410203477,7.615200607334412,-0.19340677759492667,12,1013.8143984325225,,4
AVAX,-1,SQUEEZE_V2,2024-04-02 04:00:00+00:00,2024-04-15 04:00:00+00:00,47.92941137619019,37.966601277861855,1.987886878652067,95.27824797624558,37.947627464129795,-14.145623920279974,SL,19.804939468969202,0.08537577824176099,0.0,19.767202814715564,7.712384259857302,2.563046931881128,78,1033.581601247238,,4
ETH,-1,SQUEEZE_V2,2024-04-12 20:00:00+00:00,2024-04-15 04:00:00+00:00,3205.708827636719,3243.070061566743,0.033772186283597,108.26379569791862,3241.449336898294,-402.2810289238678,SL,-1.2617705520698121,0.10889468097395354,0.0,-1.3165333351948063,7.615606596568279,-0.17287307563760693,14,1032.2650679120432,,4
BTC,-1,SQUEEZE_V2,2024-04-12 20:00:00+00:00,2024-04-19 04:00:00+00:00,66836.43004,64456.47013473931,0.0022159556427229425,148.1065642865952,64424.25800573645,11844.989963514075,SL,5.273885581516794,0.1454696214958368,0.0,5.202469242164255,7.616161996184354,0.6830827974471468,38,1037.4675371542073,,4
LINK,-1,SQUEEZE_V2,2024-04-12 20:00:00+00:00,2024-04-20 16:00:00+00:00,14.46310640335083,14.744020764708745,4.9217105834688155,71.18322385520737,14.736652438489502,-10.292257917296963,SL,-1.3825791853436347,0.07187451344787919,0.0,-1.4188620868639101,7.614921160909903,-0.1863265629258821,47,1036.0486750673433,,4
BTC,1,SQUEEZE_V2,2024-04-22 20:00:00+00:00,2024-04-24 20:00:00+00:00,66543.306,63649.945279676154,0.002715467839517526,180.6962073781736,63681.786172762535,112327.62323579942,SL,-7.856827984162657,0.17676779338609228,0.0,-7.943247673859663,7.770365063005074,-1.0222489689291032,12,1027.9708911438306,,4
SUI,-1,SQUEEZE_V2,2024-04-24 16:00:00+00:00,2024-04-24 20:00:00+00:00,1.26934608,1.251,69.62348040499849,88.37629192804165,1.3809418722102038,-0.5161865953632612,EOD,1.2773179413885454,0.08773763295734738,0.0,1.2337684543952188,7.769687452227405,0.15879254628724138,1,1029.2046595982258,,4
SUI,-1,SQUEEZE_V2,2024-05-30 08:00:00+00:00,2024-06-01 12:00:00+00:00,0.9865026600000001,1.0358023578421522,153.7019697324173,151.62740198826916,1.03528471548441,0.010861550311801693,SL,-7.577460665551789,0.15541613232104506,0.0,-7.6570630968787,7.497898015549879,-1.021227960289501,13,991.9868586087778,,5
AVAX,-1,SQUEEZE_V2,2024-05-30 00:00:00+00:00,2024-06-05 00:00:00+00:00,36.182760626983644,36.3458197541455,4.928840132398491,178.33904267924498,36.327655926182416,5.749637220522892,SL,-0.8036923699092368,0.17874088886419962,0.0,-0.8932637374338139,7.499999999999999,-0.11910183165784187,36,990.805973412376,,5
NEAR,-1,SQUEEZE_V2,2024-05-30 08:00:00+00:00,2024-06-05 04:00:00+00:00,7.272545367813111,7.6802950855594165,18.564473913297256,135.0109787640373,7.676456857130852,-0.8056844185417145,SL,-7.569658998255615,0.13879580826316512,0.0,-7.640949317136761,7.498404306720245,-1.0190100459492115,35,983.1650240952392,,5
XRP,-1,SQUEEZE_V2,2024-05-30 08:00:00+00:00,2024-06-05 08:00:00+00:00,0.5157968358278274,0.5317116581624036,479.2180720900986,247.17916525558454,0.5314459351948062,0.20281484848825243,SL,-7.626670476832047,0.25099250049400057,0.0,-7.7540733946982545,7.499331228589953,-1.0339686511161341,36,975.2199161683699,,5
SOL,1,SQUEEZE_V2,2024-06-04 16:00:00+00:00,2024-06-06 16:00:00+00:00,167.97359044189452,169.46097672252674,1.4157360539685862,237.80626810314317,169.5457495973254,273.05865953054285,SL,2.1057463836692745,0.23885914129497782,0.0,1.9857903764258682,7.4386360521289605,0.26695624876788115,12,977.0941637541008,,5
NEAR,1,SQUEEZE_V2,2024-06-05 04:00:00+00:00,2024-06-06 16:00:00+00:00,7.509501496982574,7.36646363459196,25.349808374629806,190.36442393750391,7.370148708946433,13.326522816711151,SL,-3.6259824019187468,0.18855143273654454,0.0,-3.7193516226865393,7.373018788312778,-0.5044543801491744,9,973.3748121314143,,5
DOGE,1,SQUEEZE_V2,2024-06-05 08:00:00+00:00,2024-06-06 16:00:00+00:00,0.1640528058886528,0.15859478536627752,1359.8400843025797,223.08558138970037,0.15867412242749127,0.2716264751118831,SL,-7.422035087271986,0.21937456384606435,0.0,-7.5298668604232,7.314149371262774,-1.0294931752430403,8,965.844945270991,,5
BTC,1,SQUEEZE_V2,2024-06-03 16:00:00+00:00,2024-06-07 16:00:00+00:00,69636.4245,70149.54353256476,0.004845691780637325,337.4366498326216,70184.63585049,100343.70749019999,SL,2.486416678587644,0.3386798581719154,0.0,2.3164551453320392,7.4399014395658325,0.31135562267169226,24,968.1614004163231,,5
AVAX,1,SQUEEZE_V2,2024-06-05 04:00:00+00:00,2024-06-07 16:00:00+00:00,36.32726369476318,34.91250486980132,5.277156078017371,191.7046404045593,34.92996985472868,64.27314049545322,SL,-7.46590313207622,0.18797168883852122,0.0,-7.558022500712462,7.373737680714294,-1.0249920498908114,15,960.6033779156106,,5
LINK,-1,SQUEEZE_V2,2024-06-07 20:00:00+00:00,2024-06-12 12:00:00+00:00,16.275743528747558,15.762276415831838,8.229985605233999,133.9491349560728,15.754399216223728,-1.2322465940668401,SL,4.225826948057434,0.1318362214820441,0.0,4.160965294053426,7.204525334367079,0.5775488461682214,28,964.4261043597041,,5
XRP,-1,SQUEEZE_V2,2024-06-07 20:00:00+00:00,2024-06-12 12:00:00+00:00,0.4928014339208603,0.4965297964377897,360.53185873682634,177.67061695966106,0.4962816556099848,0.09316834460934831,SL,-1.344193468273279,0.17834271369379773,0.0,-1.4337008734872463,7.204023025110995,-0.1990139215948934,28,962.9924034862169,,5
DOGE,-1,SQUEEZE_V2,2024-06-07 20:00:00+00:00,2024-06-12 12:00:00+00:00,0.14822034868896009,0.14495546921400312,890.070264395068,131.92652494631187,0.14488302770015304,-0.013640058257521487,SL,2.905972137492973,0.1304735388775654,0.0,2.8414618610885634,7.203356760297395,0.39446357519730174,28,965.8338653473054,,5
AVAX,-1,SQUEEZE_V2,2024-06-07 20:00:00+00:00,2024-06-12 12:00:00+00:00,33.413314169311526,33.178851695246244,3.5529854728233903,118.7170198424478,33.16227055996627,-7.1320924523770515,SL,0.8330417642761774,0.11830049896030971,0.0,0.7740997752370916,7.202862035828847,0.10747113735991674,28,966.6079651225425,,5
APT,-1,SQUEEZE_V2,2024-06-07 20:00:00+00:00,2024-06-12 12:00:00+00:00,8.474504863739014,8.395102076945953,13.477413141146076,114.21440321526254,8.390906623634137,-2.213624633479858,SL,1.0701441621684191,0.11367933113417833,0.0,1.013572032641872,7.202416847004438,0.14072665525648206,28,967.6215371551843,,5
NEAR,-1,SQUEEZE_V2,2024-06-17 08:00:00+00:00,2024-06-19 00:00:00+00:00,5.333933038139343,4.891897189925816,25.158936806722135,134.19608423783515,4.889452463693969,-0.43511959267361977,SL,11.121151971509958,0.12863550825208017,0.0,11.059614505376796,7.257161528663882,1.5239587077804764,10,978.4158173451136,,5
LINK,-1,SQUEEZE_V2,2024-06-17 12:00:00+00:00,2024-06-19 00:00:00+00:00,14.32913337879181,14.220394965952877,11.33342203436698,162.39811596858246,14.213288321791982,1.5233660274248102,SL,1.232378324050842,0.16178192680655706,0.0,1.151795455228576,7.256658293347991,0.15872257017867303,9,979.5676128003422,,5
SUI,-1,SQUEEZE_V2,2024-06-17 12:00:00+00:00,2024-06-19 00:00:00+00:00,0.9001199400000001,0.8337004740932609,137.4672698272023,123.73703066882516,0.8332838321771723,-0.15555670354344542,SL,9.130502641580382,0.11917177934803497,0.0,9.073199377566759,7.256049300413109,1.2504324325704614,9,988.640812177909,,5
SOL,-1,SQUEEZE_V2,2024-06-18 04:00:00+00:00,2024-06-25 00:00:00+00:00,135.5128852874756,134.1581249209737,0.8142207273193259,110.33740001990877,134.09107938128307,-42.70869623466996,SL,1.1030739709565676,0.10978586303443048,0.0,1.0484568079320915,7.255585286548101,0.14450340896356587,41,989.2647163389906,,5
BTC,-1,SQUEEZE_V2,2024-06-21 12:00:00+00:00,2024-06-25 00:00:00+00:00,63761.84508,60889.110044410554,0.004825523366100978,307.68427329925066,60858.680704058526,33030.23099882944,SL,13.86245003885379,0.30075304827982374,0.0,13.715539127223591,7.4148060913343175,1.8497502103599095,21,1002.9802554662142,,5
LINK,-1,SQUEEZE_V2,2024-06-22 12:00:00+00:00,2024-06-25 00:00:00+00:00,13.62727411441803,13.70154078724151,11.152921120743267,151.98391328885086,13.69469344052125,0.3333999634168432,SL,-0.8282903439003224,0.152398058460801,0.0,-0.9046964457166979,7.413276489760204,-0.1220373268103969,15,1002.0755590204975,,5
ETH,-1,SQUEEZE_V2,2024-06-24 00:00:00+00:00,2024-06-25 00:00:00+00:00,3420.2057145996096,3370.652078908859,0.08456439508314224,289.22762731502223,3368.9675951113036,1667.0549842485423,SL,4.190473226358725,0.2871323907018428,0.0,4.047954649314394,7.412706550085369,0.546083218317576,6,1006.1235136698119,,5
AVAX,-1,SQUEEZE_V2,2024-06-22 08:00:00+00:00,2024-06-25 12:00:00+00:00,25.32393467292786,25.751372869935285,3.9571054455793453,100.20947979773842,25.738503618126224,-12.146142267233333,SL,-1.6914180170267021,0.10105518880625178,0.0,-1.7423684659340848,7.413652275309445,-0.23502160625160404,19,1004.3811452038778,,5
BTC,-1,SQUEEZE_V2,2024-06-28 20:00:00+00:00,2024-06-30 04:00:00+00:00,60132.4711,61744.694059591566,0.004763513565882103,286.4418418348635,61713.83714102106,28505.150279578775,SL,-7.679845939241005,0.29028176480448403,0.0,-7.826906783128058,7.5328585890290825,-1.0390354060976572,8,996.3282214924764,,5
SUI,-1,SQUEEZE_V2,2024-06-30 00:00:00+00:00,2024-06-30 20:00:00+00:00,0.78254346,0.8185457219946433,211.60743546690964,165.59201471200217,0.8181366536678094,0.07067958664381047,SL,-7.618346331694254,0.1694011878778493,0.0,-7.704951512216103,7.531784432122203,-1.0229915077435516,5,988.6232699802603,,5
ETH,1,SQUEEZE_V2,2024-07-01 04:00:00+00:00,2024-07-02 12:00:00+00:00,3498.789705908203,3414.600681241053,0.08989568735682671,314.5261055296075,3416.308835658882,5148.407110894619,SL,-7.568230240354295,0.3107419904094304,0.0,-7.721709177998922,7.414674524851951,-1.0414090533735332,8,980.7442977494965,,5
APT,-1,SQUEEZE_V2,2024-07-03 04:00:00+00:00,2024-07-05 08:00:00+00:00,6.786442275238037,5.575146896296957,28.371356867455447,192.54057565116463,5.572360715938988,1.601225179358667,SL,34.36609346783706,0.17535752891724612,0.0,34.2870062267454,7.355582233121223,4.6613585628008485,13,1014.6251684412254,,5
DOGE,-1,SQUEEZE_V2,2024-07-03 12:00:00+00:00,2024-07-05 08:00:00+00:00,0.11923614620268345,0.0987903267864442,1605.5287366662458,191.43705917774614,0.09874095630829006,0.027616980030244598,SL,32.82635061746081,0.17502388386901574,0.0,32.74704526318067,7.354860205962531,4.452436123345061,11,1047.372213704406,,5
AVAX,-1,SQUEEZE_V2,2024-07-03 12:00:00+00:00,2024-07-05 08:00:00+00:00,27.32753358306885,23.56472223126207,5.754657483326189,157.2605956346549,23.55294575838288,1.7686107860167084,SL,21.65369050401961,0.14643375038264508,0.0,21.585887051454293,7.3541423169906155,2.9352011588874776,11,1068.9581007558604,,5
SUI,-1,SQUEEZE_V2,2024-07-03 20:00:00+00:00,2024-07-05 08:00:00+00:00,0.77414514,0.6336203139379752,180.2179561846131,139.51485492105115,0.6333036621069218,-0.041928102138435897,SL,25.325096946096355,0.126852306448003,0.0,25.268002067108878,7.353552589756984,3.4361625566267855,9,1094.2261028229693,,5
LINK,-1,SQUEEZE_V2,2024-07-04 04:00:00+00:00,2024-07-05 12:00:00+00:00,13.26234734325409,12.077519275557954,9.91664456104172,131.51798464812677,12.071483533791058,-1.5673248584459962,SL,11.749518813288459,0.12564322524148255,0.0,11.68963458037104,7.353029409051029,1.5897712262624675,8,1105.9157374033405,,5
LINK,-1,SQUEEZE_V2,2024-07-12 00:00:00+00:00,2024-07-13 04:00:00+00:00,12.342531266975403,13.019934668806767,12.36310773430242,152.59204376761303,13.013427954829353,-1.075402490103599,SL,-8.374811236424113,0.1567794493858251,0.0,-8.455294663926132,8.294368030525053,-1.0194019161928713,7,1097.3841467175305,,5
AVAX,1,SQUEEZE_V2,2024-07-16 00:00:00+00:00,2024-07-16 08:00:00+00:00,27.83956643371582,26.552440338687965,6.461062777901497,179.87318643779722,26.565723200288108,53.31643110227006,SL,-8.316202503050176,0.17571508518627213,0.0,-8.40198099501755,8.230381100381479,-1.0208495685124614,2,1088.892229129294,,5
LINK,-1,SQUEEZE_V2,2024-07-18 16:00:00+00:00,2024-07-20 04:00:00+00:00,13.528293937301637,14.150221917299598,13.28227477888741,179.686517364797,14.143150342128536,1.231165840763671,SL,-8.260618323011316,0.18381682652630266,0.0,-8.35459189085522,8.166691718469705,-1.0230081137947893,9,1080.0432810033524,,5
AVAX,1,SQUEEZE_V2,2024-07-21 00:00:00+00:00,2024-07-21 16:00:00+00:00,29.118823469924926,29.735605039655578,6.493147745438796,189.07282296357332,29.750480279795475,54.06920169969899,SL,4.004853858924782,0.1910752498930357,0.0,3.9083150205135326,8.100324607525142,0.48248869148808393,4,1083.857059612384,,5
LINK,1,SQUEEZE_V2,2024-07-21 16:00:00+00:00,2024-07-22 04:00:00+00:00,14.451890158653258,14.223655495403257,13.890163515374608,200.73911740992685,14.230770880843679,26.156472236603918,SL,-3.1702167924189766,0.19915400901371738,0.0,-3.2690012427277306,8.12892794709288,-0.4021442020404194,3,1080.4876888109516,,5
SOL,1,SQUEEZE_V2,2024-07-19 16:00:00+00:00,2024-07-23 04:00:00+00:00,168.84375955810546,176.1688773607774,0.9870693686493462,166.6605031474012,176.25700586370925,334.3036178698576,SL,7.230399404765478,0.17027570284978394,0.0,7.143453953489395,8.166017894029588,0.8747781410952064,21,1087.5588692314254,,5
APT,1,SQUEEZE_V2,2024-07-19 20:00:00+00:00,2024-07-23 04:00:00+00:00,7.420083802413941,7.013550310011821,20.25568740745872,150.29889803884447,7.017058839431536,15.480583062062031,SL,-8.234615342759827,0.14618159036746456,0.0,-8.305647484107869,8.163547667574203,-1.0174066254427703,20,1079.2532217473176,,5
ETH,1,SQUEEZE_V2,2024-07-19 20:00:00+00:00,2024-07-23 16:00:00+00:00,3523.934626464844,3402.758721312467,0.06833681766276062,240.81447802421647,3404.460951788361,5913.408119994501,SL,-8.280775735517949,0.23667409015645752,0.0,-8.397042586662298,8.164450721866794,-1.0284883665440658,23,1070.8561791606553,,5
XRP,1,SQUEEZE_V2,2024-07-22 12:00:00+00:00,2024-07-23 16:00:00+00:00,0.6112222380280494,0.5766671651736872,236.48855856002092,144.5470660310834,0.5769556429951848,1.2965541386853419,SL,-8.171879370264627,0.1404611263459511,0.0,-8.240066963595035,8.103657666082137,-1.0168330528180922,7,1062.6161121970604,,5
BTC,1,SQUEEZE_V2,2024-07-19 20:00:00+00:00,2024-07-25 00:00:00+00:00,67174.13214,64958.55738582968,0.003740309931716235,251.25207359766074,64991.05291228581,110835.71669428376,SL,-8.286936257483019,0.24710860546891922,0.0,-8.408418826153108,8.165392917142785,-1.029762916674849,31,1054.135905364083,,5
XRP,1,SQUEEZE_V2,2024-07-24 12:00:00+00:00,2024-07-25 20:00:00+00:00,0.6288257579326629,0.593623922096558,228.32400205780473,143.57601364821795,0.5939208825378269,1.3269232658293828,SL,-8.037424037881324,0.1395573016292773,0.0,-8.105193332686493,7.969620841477952,-1.017011159489916,8,1045.9657696901495,,5
SUI,-1,SQUEEZE_V2,2024-07-25 00:00:00+00:00,2024-07-26 04:00:00+00:00,0.7704458799999999,0.7687808752397031,168.58378487835807,129.88468249433726,0.7683966769012525,-0.16748765802504983,SL,0.2806928043313265,0.12974433609217162,0.0,0.2158908094863235,7.906019290230623,0.027307144286012212,7,1046.1816604996359,,5
ETH,1,SQUEEZE_V2,2024-07-29 08:00:00+00:00,2024-07-29 16:00:00+00:00,3368.683611767578,3260.9270804202356,0.07393492400244228,249.06336682430864,3262.5583596000356,5491.188655118429,SL,-7.966970955932549,0.2450798813463424,0.0,-8.087519153866737,7.846362453747269,-1.0307348407037067,2,1037.8683953281961,,5
LINK,1,SQUEEZE_V2,2024-07-29 08:00:00+00:00,2024-07-30 16:00:00+00:00,13.892778343391418,13.347665585826894,14.57078370635896,202.4286683219443,13.354342757205496,24.661490067109852,SL,-7.942720086049575,0.1984573082789195,0.0,-8.039963060167523,7.845428466121677,-1.0247959171236969,8,1029.5206504385415,,5
XRP,1,SQUEEZE_V2,2024-07-30 12:00:00+00:00,2024-07-31 20:00:00+00:00,0.629625871860981,0.6248035014051386,288.40776117721674,181.58898808267867,0.625116059434856,1.1693052153141288,SL,-1.3908090667366402,0.18089358354931034,0.0,-1.4809081562446111,7.782385559945628,-0.19028974404282245,8,1027.9485310577913,,5
NEAR,-1,SQUEEZE_V2,2024-07-29 16:00:00+00:00,2024-08-01 20:00:00+00:00,5.367926158046722,5.062023031888895,24.750958120913904,132.8613155339727,5.059493285246272,-0.9219418356970772,SL,7.571395464589021,0.12907561780167817,0.0,7.50875050455433,7.78401296496147,0.9646374612110499,19,1035.3782155151982,,5
AVAX,-1,SQUEEZE_V2,2024-07-30 00:00:00+00:00,2024-08-05 12:00:00+00:00,26.981602111816407,19.636956730046442,5.527501894348479,149.1408567856221,19.62714315846721,-1.181263804109829,SL,40.59754126105129,0.12884208615509646,0.0,40.543269603289005,7.783514735028219,5.208863987991411,39,1075.9214851184872,,5
SUI,-1,SQUEEZE_V2,2024-07-30 00:00:00+00:00,2024-08-05 12:00:00+00:00,0.74005196,0.5214608221546606,205.3538221452599,151.97249857209098,0.5212002220436388,-0.017952480872776455,SL,44.888525643621804,0.12952823575028008,0.0,44.83498365715757,7.782955456815272,5.760663016244952,39,1120.7564687756449,,5
LINK,-1,SQUEEZE_V2,2024-07-30 20:00:00+00:00,2024-08-05 12:00:00+00:00,13.140371049118043,9.03070656076703,13.882594968530219,182.4224490111063,9.026193464035012,2.0165071089939843,SL,57.05280754832909,0.15389604523694175,0.0,56.9901227275977,7.721404878289061,7.380797099222415,34,1177.7465915032426,,5
DOGE,-1,SQUEEZE_V2,2024-07-31 20:00:00+00:00,2024-08-05 12:00:00+00:00,0.12290541174262762,0.09060744214326864,1286.6162039014587,158.1320942952453,0.09056216106273728,0.0030621521978582145,SL,41.55509103965196,0.13735454877541933,0.0,41.49680253802416,7.709613982933436,5.382474742559681,28,1219.2433940412668,,5
SOL,-1,SQUEEZE_V2,2024-08-11 16:00:00+00:00,2024-08-14 12:00:00+00:00,148.75024277954103,151.56131232771895,0.9175922496228915,136.49206990403033,151.48556954294747,-50.56106263018944,SL,-2.5794156305589886,0.13778177771930983,0.0,-2.648951373326283,9.1443254553095,-0.28968253440588265,17,1216.4544098049637,,5
BTC,-1,SQUEEZE_V2,2024-08-15 20:00:00+00:00,2024-08-16 16:00:00+00:00,57032.79116,59731.8087406411,0.003418073666709544,194.94228160294088,59701.957761760226,3649.4591247954595,SL,-9.225440918375444,0.19955500206212862,0.0,-9.327524779636102,9.123408073537227,-1.0223728572101167,5,1206.7919262726273,,5
ETH,-1,SQUEEZE_V2,2024-08-15 20:00:00+00:00,2024-08-18 12:00:00+00:00,2548.8900223632813,2687.457544105339,0.06647996094072942,169.45010912892587,2686.114486861908,-195.5992676092551,SL,-9.211963433065662,0.1740560908454587,0.0,-9.301294469346658,9.122677039981216,-1.0195794971785836,16,1197.42309929652,,5
XRP,-1,SQUEEZE_V2,2024-08-12 00:00:00+00:00,2024-08-19 08:00:00+00:00,0.5526894397139549,0.5881826633843685,259.7727507226407,143.57365604984915,0.5878887190248562,-0.15129614650407008,SL,-9.220172344877291,0.1481837422222878,0.0,-9.296569259074655,9.143813610047362,-1.0167059014478863,44,1188.1265300374453,,5
NEAR,-1,SQUEEZE_V2,2024-08-16 16:00:00+00:00,2024-08-20 04:00:00+00:00,3.862227316093445,4.123102349051007,34.97075714797517,135.0650135213798,4.1210418281369385,-1.314062924776414,SL,-9.122997423528918,0.13962651223314426,0.0,-9.195091429001373,9.050939447044705,-1.0159267425000547,21,1178.7322417373566,,5
XRP,1,SQUEEZE_V2,2024-08-19 12:00:00+00:00,2024-08-20 12:00:00+00:00,0.5855170653104782,0.5900076168418774,481.7451594134147,282.07001196727106,0.5903027682259904,0.9554615806277076,SL,2.1633014633480667,0.2831516626989451,0.0,2.0211848066327573,8.910948975280839,0.22682037707090086,6,1180.6053940140068,,5
BTC,1,SQUEEZE_V2,2024-08-20 08:00:00+00:00,2024-08-20 12:00:00+00:00,60951.98796,59102.397856992175,0.004857348707963051,296.06505996528546,59131.96383891163,97352.4703817674,SL,-8.9841040971063,0.29157300791673235,0.0,-9.12764457504039,8.840491813030175,-1.03248153700985,1,1171.4777494389664,,5
LINK,-1,SQUEEZE_V2,2024-08-15 20:00:00+00:00,2024-08-21 16:00:00+00:00,10.07098535423279,10.636924986708953,16.270286591490954,163.85781797207554,10.631609182117895,-1.1414912034693216,SL,-9.208000013870251,0.16846181797901066,0.0,-9.294532922863224,9.121510349709371,-1.0189686320050457,35,1162.1832165161031,,5
SOL,-1,SQUEEZE_V2,2024-08-15 20:00:00+00:00,2024-08-22 20:00:00+00:00,139.92200694885256,143.25999450683594,1.012473304133389,141.66729669647978,148.93166830469428,-40.27122016798205,EOD,-3.3796232919875777,0.14335710834247356,0.0,-3.4521467519818114,9.122041602071986,-0.37844014559171585,42,1158.6056342293418,,5
SUI,1,SQUEEZE_V2,2024-08-19 20:00:00+00:00,2024-08-22 20:00:00+00:00,0.89357868,0.8522,130.17737868036895,116.32373020706422,0.8251344441192571,2.262463397614857,EOD,-5.386568095653809,0.11363044615923731,0.0,-5.442036676709514,8.909891212735962,-0.6107859845618056,18,1153.1635975526324,,5
BTC,1,SQUEEZE_V2,2024-08-21 20:00:00+00:00,2024-08-22 20:00:00+00:00,61581.8139,60380.0,0.004073784997077239,250.87106955862257,59442.18843372616,104374.3232254769,EOD,-4.895931435098889,0.24842310384107313,0.0,-5.018919004160651,8.716374123870773,-0.5758035317019924,6,1148.1446785484718,,5
DOGE,1,SQUEEZE_V2,2024-09-26 08:00:00+00:00,2024-09-28 04:00:00+00:00,0.11348268887847662,0.12197569242254945,1535.8501393289296,174.29240352542988,0.12203671077793841,0.21114846769302995,SL,13.043980676485345,0.18081439386367254,0.0,12.950312484384387,7.500000000000001,1.7267083312512514,11,1012.5064723170418,,6
AVAX,1,SQUEEZE_V2,2024-09-26 16:00:00+00:00,2024-09-28 08:00:00+00:00,29.20684041366577,29.14225064233189,5.866371052681501,171.33816314301706,29.15682905686032,54.77024859530704,SL,-0.37890756485238125,0.17114870936059087,0.0,-0.4643871926414636,7.49822188823308,-0.06193297551919929,10,1012.0420851244004,,6
XRP,1,SQUEEZE_V2,2024-09-28 08:00:00+00:00,2024-09-29 20:00:00+00:00,0.6079215668678284,0.6425044276831032,449.81951727937314,273.4549857522067,0.6428258406034049,0.9454042836846183,SL,15.556045758066677,0.28123300863124007,0.0,15.41154024231154,7.590315638433003,2.030421523483996,9,1027.2650435575194,,6
BTC,1,SQUEEZE_V2,2024-09-26 16:00:00+00:00,2024-09-30 00:00:00+00:00,65252.34786,64412.30805155204,0.004595554706530998,299.8707343202209,64444.53031671039,97889.7415257921,SL,-3.8604488953864213,0.2979405098725277,0.0,-4.008454038098838,7.49934640348678,-0.5345071186783864,20,1023.2565895194206,,6
ETH,1,SQUEEZE_V2,2024-09-27 16:00:00+00:00,2024-09-30 00:00:00+00:00,2684.246702929687,2599.84499460583,0.09022234559596003,242.17903369653848,2601.1455673895243,4346.269413732945,SL,-7.614920097284469,0.23837157364789624,0.0,-7.732202154084096,7.497579370121292,-1.0312931377422696,14,1015.5243873653365,,6
SUI,1,SQUEEZE_V2,2024-09-29 16:00:00+00:00,2024-10-01 12:00:00+00:00,1.795359,1.7603368815604872,57.76484404120206,103.70863263296849,1.76121749030564,4.423009193887202,SL,-2.023047209650961,0.102697109028143,0.0,-2.07389000236262,7.589290182236432,-0.2732653453173773,11,1013.4504973629738,,6
SUI,1,SQUEEZE_V2,2024-10-03 04:00:00+00:00,2024-10-03 12:00:00+00:00,1.94718936,1.7401700722193207,36.8668064846067,71.78665332400517,1.7410405925155785,6.0701647096884335,SL,-7.63214002119141,0.06797058331340947,0.0,-7.664217277842817,7.600046717888351,-1.008443442828243,2,1005.639451780609,,6
ETH,-1,SQUEEZE_V2,2024-10-01 16:00:00+00:00,2024-10-04 16:00:00+00:00,2524.2050189453125,2428.048397893167,0.08789696322403807,221.86995572016846,2426.834980402966,794.707559323499,SL,8.4518749843682,0.21764401822798435,0.0,8.3451659440003,7.600878730222303,1.097921206244035,18,1013.9846177246093,,6
LINK,1,SQUEEZE_V2,2024-10-07 04:00:00+00:00,2024-10-07 20:00:00+00:00,11.607320542144775,11.16418243950371,17.377847340605335,201.71024441486426,11.169767323165292,20.358384921734448,SL,-7.700786298501922,0.19785985126561328,0.0,-7.797791027560103,7.60373304281591,-1.02552140950392,4,1005.8877907329127,,6
DOGE,1,SQUEEZE_V2,2024-10-06 16:00:00+00:00,2024-10-08 04:00:00+00:00,0.1121824292242527,0.10710654008246263,1514.220751688967,169.86896230624228,0.1071601201425339,0.21262861085862864,SL,-7.6860166717712195,0.1660259539703567,0.0,-7.767108144588455,7.604884632934569,-1.0213314888369698,9,998.1206825883243,,6
NEAR,1,SQUEEZE_V2,2024-10-06 16:00:00+00:00,2024-10-08 04:00:00+00:00,4.904980605411529,4.965702419973467,27.975999711746695,137.22173600311606,4.968186513230082,10.341245763173175,SL,1.6987534666815116,0.13807111273645684,0.0,1.6292932219466127,7.604247624325921,0.21426093710237923,9,999.7499758102708,,6
SUI,1,SQUEEZE_V2,2024-10-07 04:00:00+00:00,2024-10-08 16:00:00+00:00,1.8944788199999998,1.9466783619059103,47.121659321882305,89.27098554856158,1.94765218799991,5.121435060001799,SL,2.4597290304486323,0.0905008500637859,0.0,2.413863673159127,7.602976629399353,0.31748929278897786,9,1002.0940197612108,,6
BTC,-1,SQUEEZE_V2,2024-10-09 20:00:00+00:00,2024-10-11 12:00:00+00:00,61025.69242,61306.27792069238,0.004883603139641536,298.0252631011107,61275.640100642064,30248.89040715881,SL,-1.3702682321192052,0.2987103972171703,0.0,-1.5199659977858202,7.515084346901866,-0.20225534772772502,10,1000.1760110579896,,6
ETH,-1,SQUEEZE_V2,2024-10-10 00:00:00+00:00,2024-10-11 12:00:00+00:00,2370.225811181641,2453.320591687768,0.09177539779457516,217.52841668416468,2452.09454441556,732.8511465032584,SL,-7.626056535602705,0.22134144495196606,0.0,-7.738633772212588,7.513535559480881,-1.0299590267391054,9,992.4373772857771,,6
LINK,-1,SQUEEZE_V2,2024-10-08 16:00:00+00:00,2024-10-11 16:00:00+00:00,10.933812670326233,10.966867398414745,15.140831496634563,165.5470152571775,10.961386705062214,1.0060816208397494,SL,-0.5004760681552346,0.1657972532912551,0.0,-0.583499813817901,7.515705148209081,-0.07763740092397628,18,991.8538774719592,,6
NEAR,-1,SQUEEZE_V2,2024-10-09 20:00:00+00:00,2024-10-12 08:00:00+00:00,4.609078133487701,4.912725123449481,24.947443392766147,114.98471582802067,4.910269988455253,-1.4147589658633457,SL,-7.575216093455331,0.11877232387474834,0.0,-7.636496059416069,7.513966752165237,-1.0163068737581948,15,984.124264292727,,6
DOGE,-1,SQUEEZE_V2,2024-10-08 08:00:00+00:00,2024-10-14 04:00:00+00:00,0.10729853921085597,0.11311660634972937,1301.410489510364,139.63944443814705,0.11306007631157358,-0.00793220280349638,SL,-7.571693603205388,0.14342529123974973,0.0,-7.645299172226064,7.498124818577031,-1.0196281546666708,35,976.478965120501,,6
AVAX,1,SQUEEZE_V2,2024-10-11 20:00:00+00:00,2024-10-15 04:00:00+00:00,27.32046353416443,28.630394445153044,6.81665738940721,186.23423963219216,28.64471680355482,49.146128683771124,SL,8.929350224003466,0.1906989147441939,0.0,8.831768429075368,7.438904081039694,1.1872405307101366,20,985.0344205352045,,6
DOGE,1,SQUEEZE_V2,2024-10-14 04:00:00+00:00,2024-10-15 08:00:00+00:00,0.11280255328863859,0.11259015083556656,1793.4494778296996,202.30568029336573,0.11264647407260285,0.19447301380549933,SL,-0.3809330685517701,0.20211521375908986,0.0,-0.4818954421641771,7.323592238403758,-0.06580041958605966,7,984.5525250930403,,6
LINK,1,SQUEEZE_V2,2024-10-14 16:00:00+00:00,2024-10-15 12:00:00+00:00,11.266252738952636,11.085743650177287,18.229120960564046,205.37388395065358,11.0912892948247,19.300467452810217,SL,-3.2905220137670246,0.2037286229437701,0.0,-3.391563694735468,7.322833592102658,-0.46314908731411225,5,981.1609613983048,,6
NEAR,1,SQUEEZE_V2,2024-10-14 16:00:00+00:00,2024-10-17 08:00:00+00:00,5.011002228927612,4.755489309475396,28.92564358942274,144.94646449976307,4.757868243597194,10.07368193553598,SL,-7.390875640567684,0.14125102667947922,0.0,-7.459653434997281,7.322063440037842,-1.018791150348013,16,973.7013079633075,,6
BTC,1,SQUEEZE_V2,2024-10-18 16:00:00+00:00,2024-10-21 12:00:00+00:00,68755.54836,66948.11224008507,0.004116676953907286,283.04438138686993,66981.60304160588,104234.45472788252,SL,-7.4406306205133905,0.27932406607661325,0.0,-7.5784324958965685,7.302759809724806,-1.0377491103849068,17,965.4980993890965,,6
SOL,1,SQUEEZE_V2,2024-10-20 00:00:00+00:00,2024-10-21 12:00:00+00:00,159.8719643371582,164.24259822919427,1.394721664805867,222.97689225610546,164.324760609499,264.576703319053,SL,6.09581777815749,0.2260248011451842,0.0,5.981281423140358,7.301698393294605,0.8191630359086278,9,971.4793808122369,,6
LINK,1,SQUEEZE_V2,2024-10-20 12:00:00+00:00,2024-10-21 12:00:00+00:00,11.678334841346741,11.591143681344366,19.31147550553509,225.5258772341046,11.596942152420576,19.239499422329743,SL,-1.6837899506850498,0.22468398225876207,0.0,-1.7957109943267595,7.3008622299486445,-0.24595875634532977,6,969.6836698179101,,6
ETH,1,SQUEEZE_V2,2024-10-20 16:00:00+00:00,2024-10-21 12:00:00+00:00,2707.4212587890624,2681.6456399573826,0.11336705744957426,306.9323813853383,2682.9871335241446,3995.276244556171,SL,-2.9221060608893743,0.30547132835489366,0.0,-3.0741111985515985,7.300016507909017,-0.42111017080865926,5,966.6095586193585,,6
AVAX,1,SQUEEZE_V2,2024-10-21 00:00:00+00:00,2024-10-21 12:00:00+00:00,28.977794522094726,27.961758061959248,7.283943717845893,211.072624366241,27.97574593492671,49.018766265455056,SL,-7.400752390906193,0.20737224817078792,0.0,-7.502588326893861,7.298865511478821,-1.0279115727087516,3,959.1069702924647,,6
APT,1,SQUEEZE_V2,2024-10-22 04:00:00+00:00,2024-10-22 12:00:00+00:00,11.13912732810974,10.468366655430085,10.808481244878246,120.39704881018486,10.473603457158664,24.44960474713129,SL,-7.249904150459973,0.11677209673495487,0.0,-7.306477722789836,7.193302277193485,-1.015733447759477,2,951.7402940452697,,6
XRP,-1,SQUEEZE_V2,2024-10-22 12:00:00+00:00,2024-10-27 12:00:00+00:00,0.533893179500103,0.5174446148962172,466.96650832094883,249.31023384753266,0.5171860218852746,0.2281730870247139,SL,7.680928779968091,0.24546976945754861,0.0,7.560114127434309,7.138052205339522,1.0591284442805096,30,959.045207394552,,6
SUI,-1,SQUEEZE_V2,2024-10-25 20:00:00+00:00,2024-10-28 20:00:00+00:00,1.82853422,1.7632684711773206,64.94458398269074,118.75339421601392,1.7623872775385514,-0.36921133077102586,SL,4.238656905607711,0.11663406576321006,0.0,4.181399536952508,7.136583524731693,0.5859105442347796,18,963.2266069315045,,6
NEAR,-1,SQUEEZE_V2,2024-10-22 12:00:00+00:00,2024-10-29 00:00:00+00:00,4.683063215255737,4.378006151492712,30.39419322311204,142.33792824053123,4.375818242371526,-0.013305752047838126,SL,9.271963340088613,0.1377019465704869,0.0,9.205430357638392,7.137117291962594,1.289796703776329,39,972.432037289143,,6
ETH,1,SQUEEZE_V2,2024-10-29 00:00:00+00:00,2024-10-31 12:00:00+00:00,2567.9734529296875,2598.133160787202,0.0871386046435671,223.7696234500159,2599.432877225815,4241.913564663383,SL,2.6280748591614493,0.22508366087959664,0.0,2.514876010006861,7.293240279668572,0.3448228652246111,15,974.8350284874249,,6
XRP,-1,SQUEEZE_V2,2024-10-31 16:00:00+00:00,2024-11-01 08:00:00+00:00,0.510697844004631,0.5234501198469321,585.337370672374,298.93053321772095,0.5231885255841401,0.2608842124144507,SL,-7.464383611621359,0.30266272502353164,0.0,-7.61758107003603,7.311262713655687,-1.0418967787613778,4,967.0679821507799,,6
SOL,-1,SQUEEZE_V2,2024-11-03 16:00:00+00:00,2024-11-05 12:00:00+00:00,159.94799972839357,167.35701784063733,0.9901204385994413,158.36778364418035,167.2733811500623,13.440371295018991,SL,-7.335820262885994,0.16203569377562338,0.0,-7.4186720648395275,7.253009866130849,-1.0228404761287124,11,959.4679979158561,,6
ETH,-1,SQUEEZE_V2,2024-11-05 00:00:00+00:00,2024-11-06 00:00:00+00:00,2398.0203,2484.40696227336,0.08517715906089549,204.2565565243563,2483.165379583568,695.1187083286345,SL,-7.358170473197834,0.20793564176095525,0.0,-7.463977836696611,7.252415986942183,-1.029171223787403,6,951.9525347465395,,6
XRP,1,SQUEEZE_V2,2024-11-06 04:00:00+00:00,2024-11-07 12:00:00+00:00,0.5342068160891533,0.5415179115355963,396.2981161896672,211.70515487181146,0.5417888059385655,0.8944312733371316,SL,2.897373352708186,0.21315384154816558,0.0,2.7900720885959265,7.137813690640937,0.390886090548182,8,954.3927115966183,,6
SUI,1,SQUEEZE_V2,2024-11-05 16:00:00+00:00,2024-11-08 16:00:00+00:00,2.0014002,2.225120875647774,51.44931295606299,102.97066524012706,2.226233992644096,4.798720347118081,SL,11.510275056144177,0.10872580276819915,0.0,11.453034585996042,7.196009984368921,1.5915812527878885,18,965.8457461826143,,6
ETH,1,SQUEEZE_V2,2024-11-06 04:00:00+00:00,2024-11-10 20:00:00+00:00,2580.7260029296876,3108.956413176037,0.06414803186643923,165.54849387448195,3110.5116690105424,4806.493599281341,SL,33.884941189305096,0.1824909644691345,0.0,33.785224471773205,7.138930534902682,4.732533018299465,28,999.5401989863961,,6
SOL,1,SQUEEZE_V2,2024-11-06 04:00:00+00:00,2024-11-10 20:00:00+00:00,185.037,202.37324677277627,0.7148659056882224,132.2766425908316,202.47448401478366,384.7474539816707,SL,12.393091750455227,0.13847318846605922,0.0,12.320756883284583,7.138309728050652,1.7260048040321117,28,1011.8609558696808,,6
SUI,1,SQUEEZE_V2,2024-11-09 20:00:00+00:00,2024-11-10 20:00:00+00:00,2.48229636,2.844341042573396,38.27939825213071,95.02081094425442,2.8457639245356634,6.267017869286735,SL,13.858852589293276,0.10195023723890106,0.0,13.804412757526503,7.243843096369607,1.9056752850492928,6,1025.6653686272073,,6
DOGE,1,SQUEEZE_V2,2024-11-10 00:00:00+00:00,2024-11-10 20:00:00+00:00,0.21899379338622094,0.2527298522674694,395.0912201690609,86.52252503841325,0.2528562804076732,0.5856679384218436,SL,13.328820667087744,0.09318693537195712,0.0,13.278894994234992,7.243486768328566,1.8332186444097138,5,1038.9442636214424,,6
BTC,1,SQUEEZE_V2,2024-11-06 04:00:00+00:00,2024-11-12 08:00:00+00:00,74392.77557999999,86213.93152357561,0.002557508900749261,190.26018569729226,86257.0600536024,130225.57450795203,SL,30.23271154283968,0.2053765414687121,0.0,30.122465094219613,7.139644010599047,4.219043001233924,37,1069.066728715662,,6
LINK,1,SQUEEZE_V2,2024-11-16 12:00:00+00:00,2024-11-20 00:00:00+00:00,14.465892897605896,14.227043979640518,7.785413942895582,112.62296426145511,14.234161060170603,35.062670473490726,SL,-1.8595376961731727,0.11169319541336853,0.0,-1.9149194094558137,8.017721965900636,-0.23883584609194036,21,1066.8841069763364,,6
SOL,1,SQUEEZE_V2,2024-11-17 08:00:00+00:00,2024-11-20 00:00:00+00:00,237.31745827331542,230.91297323411584,0.5305425212633823,125.9070026521423,231.02848747785475,539.5476965091891,SL,-3.39785164009056,0.12420807683209702,0.0,-3.4591062155965857,8.017299629784656,-0.4314552748840568,16,1063.4250007607397,,6
NEAR,1,SQUEEZE_V2,2024-11-16 04:00:00+00:00,2024-11-20 16:00:00+00:00,6.132226241970062,5.4674406111499225,12.110858529607825,74.26652448804806,5.470175698999422,19.373237101382855,SL,-8.051124727378804,0.07024096212435865,0.0,-8.084232427259138,8.018000465367464,-1.0082604088360625,27,1055.2993708855822,,6
APT,1,SQUEEZE_V2,2024-11-20 12:00:00+00:00,2024-11-20 16:00:00+00:00,12.726344465446472,11.494657015712573,6.505787739886706,82.7948957968767,11.500407219322232,37.24508938793125,SL,-8.013097109851124,0.07878834724195113,0.0,-8.050488009194636,7.975687505705547,-1.0093785649745652,1,1047.2488828763876,,6
XRP,1,SQUEEZE_V2,2024-11-22 00:00:00+00:00,2024-11-23 16:00:00+00:00,1.2474494522094726,1.4349575792747398,60.25922923259667,75.17034249676774,1.4356754169832313,3.8539408073690655,SL,11.2990952118008,0.08081989010266816,0.0,11.255860492946516,7.853258003167171,1.4332727243148125,10,1058.2669026343717,,6
AVAX,1,SQUEEZE_V2,2024-11-22 12:00:00+00:00,2024-11-23 16:00:00+00:00,38.11762261047363,41.111333644798194,2.7514715080015946,104.87955256547556,41.13189959459549,95.199631939267,SL,8.237110614134016,0.10899810787254258,0.0,8.18055228254421,7.852976114382808,1.041713633581725,7,1066.4474549169158,,6
ETH,1,SQUEEZE_V2,2024-11-21 16:00:00+00:00,2024-11-24 12:00:00+00:00,3278.3655029296874,3301.3325740775713,0.0495243639598016,162.35896636034786,3302.9840661106264,6450.285743217164,SL,1.1374295906184593,0.1629276811556571,0.0,1.0556813926429762,7.854366621572907,0.1344069411966877,17,1067.5031363095588,,6
SOL,1,SQUEEZE_V2,2024-11-21 16:00:00+00:00,2024-11-24 12:00:00+00:00,248.99978694763183,247.74251235373745,0.5352318174096115,133.27260850258705,247.8664455765257,542.4710463155552,SL,-0.67293336587302,0.13293614181965052,0.0,-0.739233203441377,7.853757775449054,-0.09412477753671361,17,1066.7639031061174,,6
BTC,1,SQUEEZE_V2,2024-11-19 20:00:00+00:00,2024-11-24 16:00:00+00:00,93258.74802,95825.51942638305,0.002386995033330104,222.60816833832368,95873.45615446028,160429.6249307944,SL,6.126870598730067,0.22567160363768873,0.0,6.01250307926154,8.016827478524709,0.7499853396331272,29,1072.7764061853788,,6
APT,1,SQUEEZE_V2,2024-12-01 16:00:00+00:00,2024-12-02 00:00:00+00:00,13.78065532207489,12.950808550344952,9.769802116424367,134.63427553132198,12.957287193941923,30.248017884734246,SL,-8.107438746755081,0.13058055615794445,0.0,-8.170702165147365,8.044143680829837,-1.015732996492732,2,1064.3144714743987,,6
XRP,1,SQUEEZE_V2,2024-11-29 00:00:00+00:00,2024-12-02 08:00:00+00:00,1.542908555674553,2.30349322747937,58.834063929516944,90.7755806019553,2.3046455502544974,4.277998572923476,SL,44.748287204775266,0.11314972420434294,0.0,44.680525270871904,8.04582304639034,5.55325726321029,20,1108.9949967452706,,6
DOGE,1,SQUEEZE_V2,2024-11-29 20:00:00+00:00,2024-12-02 08:00:00+00:00,0.4345669074654579,0.40302828669668594,256.74063070043024,111.57098190421716,0.40322990164750966,1.0613070238244229,SL,-8.0972453875962,0.10752235921041907,0.0,-8.14898225585451,8.045482637963083,-1.012864314367302,15,1100.8460144894161,,6
AVAX,1,SQUEEZE_V2,2024-11-30 00:00:00+00:00,2024-12-02 08:00:00+00:00,44.87597397994995,45.38848780214033,2.6361634270337038,118.30040135846018,45.41119339883975,105.91213102756896,SL,1.3510701939075485,0.11897593645541396,0.0,1.2912444581313647,8.045064246780942,0.16050144766066077,14,1102.1372589475475,,6
LINK,1,SQUEEZE_V2,2024-11-30 20:00:00+00:00,2024-12-03 00:00:00+00:00,19.325864903640745,23.9936001172624,6.5810173518189305,127.18385226976822,24.00560291872176,43.773819346588354,SL,30.718446434540347,0.1425430754870384,0.0,30.639495285188193,8.04462062027585,3.80869362664085,13,1132.7767542327356,,6
NEAR,1,SQUEEZE_V2,2024-12-03 00:00:00+00:00,2024-12-03 12:00:00+00:00,7.485497006034851,6.899955193877345,14.595378841929529,109.25366462320791,6.903406897326008,19.127299180211732,SL,-8.546204576228748,0.10498056233509354,0.0,-8.596558306252238,8.495825656745517,-1.0118567227691098,3,1124.0711920840483,,6
APT,1,SQUEEZE_V2,2024-12-03 04:00:00+00:00,2024-12-05 00:00:00+00:00,13.970693856239318,13.663931796433397,7.7844394391412814,108.75402024667815,13.670767180023407,35.79735465030241,SL,-2.3879706767854287,0.10756003490828545,0.0,-2.441153701570375,8.495415955503178,-0.28734952053631224,11,1121.630038382478,,6
BTC,1,SQUEEZE_V2,2024-12-05 00:00:00+00:00,2024-12-05 16:00:00+00:00,98647.92564,99733.19110576157,0.00292617730282555,288.66132097859065,99783.0826470851,156144.2726982978,SL,3.1756791734518877,0.2902491605653166,0.0,3.0297606733758666,8.412225287868585,0.3601616183229349,4,1124.447421290056,,6
SOL,1,SQUEEZE_V2,2024-12-05 12:00:00+00:00,2024-12-05 20:00:00+00:00,242.0583965057373,226.98471254163812,0.5622370989072397,136.09421061752408,227.09826167247434,541.2610931709964,SL,-8.47498434181971,0.13185671844661423,0.0,-8.538793954957562,8.411142807914915,-1.015176433209828,2,1115.9086273350983,,6
APT,1,SQUEEZE_V2,2024-12-07 04:00:00+00:00,2024-12-09 00:00:00+00:00,15.122223592758179,13.869687184397993,6.718840044068613,101.60380143038277,13.876625497146565,40.03418550499046,SL,-8.415591777144293,0.09739600554181063,0.0,-8.462185881970912,8.368974363610917,-1.0111377469102172,11,1107.2900625753655,,6
AVAX,1,SQUEEZE_V2,2024-12-09 00:00:00+00:00,2024-12-09 04:00:00+00:00,54.01780136947632,50.67452272878668,2.5029698372992772,135.20492750502282,50.69987266511924,120.3763754566179,SL,-8.368125595333096,0.13102086470735627,0.0,-8.43154399628794,8.30467546931524,-1.0152767591510907,1,1098.790916115325,,6
DOGE,1,SQUEEZE_V2,2024-12-08 04:00:00+00:00,2024-12-09 08:00:00+00:00,0.46846366458535194,0.43568338733389617,257.00231610184846,120.39624680799493,0.4359013380028976,1.1197101962344391,SL,-8.424607176084868,0.1161839432199525,0.0,-8.480592995900823,8.368593349355553,-1.0133833300137465,7,1090.310323119424,,6
LINK,1,SQUEEZE_V2,2024-12-07 04:00:00+00:00,2024-12-09 16:00:00+00:00,26.621322421646116,24.154326770378276,3.409211077036562,90.75770728523773,24.16640997536596,75.7195713472493,SL,-8.410508901303348,0.08655245283458605,0.0,-8.451682500495316,8.369314705013238,-1.009841641566273,15,1081.8586406189288,,6
SOL,-1,SQUEEZE_V2,2024-12-14 20:00:00+00:00,2024-12-17 16:00:00+00:00,217.986392779541,227.90779815400015,0.8272798173404703,180.33574320136668,227.79390120339846,21.836224302391656,SL,-8.207778425943319,0.18443963241433836,0.0,-8.302050186756974,8.11355377745392,-1.0232322869205417,17,1073.3081897461284,,6
ETH,1,SQUEEZE_V2,2024-12-16 20:00:00+00:00,2024-12-17 20:00:00+00:00,4059.011591162109,3902.8371760876175,0.052605182471420806,213.52504540669486,3904.789570873054,7143.451996943219,SL,-8.215583602361045,0.20941725360551433,0.0,-8.318238333263212,8.112877518416916,-1.025312944067023,6,1064.9899514128651,,6
XRP,1,SQUEEZE_V2,2024-12-14 08:00:00+00:00,2024-12-18 04:00:00+00:00,2.488597671890259,2.4910985457655093,41.36489583742842,102.94058347900743,2.4923447181245715,6.411701859813865,SL,0.1034483873522759,0.10299230767268357,0.0,0.051926371419096055,8.113939804641966,0.006399649574598655,23,1064.990436934828,,6
NEAR,-1,SQUEEZE_V2,2024-12-18 00:00:00+00:00,2024-12-20 12:00:00+00:00,6.380723569488525,5.039898629575605,16.12382949860889,102.88169891218811,5.0373799396058025,-3.5268788847368935,SL,21.61923271863844,0.09207208255286889,0.0,21.578601485541665,7.987424635596489,2.7015718419896184,15,1086.4979041670085,,6
DOGE,-1,SQUEEZE_V2,2024-12-18 20:00:00+00:00,2024-12-20 12:00:00+00:00,0.37412514646053313,0.28740826341845527,380.269832350128,142.26850672251402,0.28726463110290384,-0.04596751393525117,SL,32.97581457633661,0.12578059943434572,0.0,32.92116823026352,7.98742827701121,4.121623016636612,10,1119.419072397272,,6
ETH,1,SQUEEZE_V2,2025-01-24 08:00:00+00:00,2025-01-27 00:00:00+00:00,3382.3362440917967,3203.1616740583045,0.04223634390183805,142.85751679711237,3204.7640560863474,6933.78000420078,SL,-7.5676787583985465,0.1390736774179131,0.0,-7.635323677417904,7.5,-1.0180431569890538,16,992.2932475641835,,7
SUI,-1,SQUEEZE_V2,2025-01-27 00:00:00+00:00,2025-01-27 12:00:00+00:00,3.86912602,3.8397782109689795,28.700187050947378,111.04464049768757,3.8378592813283157,-1.3160596065663177,SL,0.8422876087257685,0.11062349669332469,0.0,0.7871864322812876,7.440789868816855,0.1057933964215625,3,992.7441332534127,,7
DOGE,-1,SQUEEZE_V2,2025-01-27 00:00:00+00:00,2025-01-27 20:00:00+00:00,0.33588279717564584,0.33184095975213,377.1045702577179,126.66293788588216,0.3316751221910345,-0.05881935939834032,SL,1.5241953646464974,0.1259008402035589,0.0,1.4616259933858795,7.442199356731376,0.1963970492222648,5,994.2057592467985,,7
APT,-1,SQUEEZE_V2,2025-01-27 00:00:00+00:00,2025-01-27 20:00:00+00:00,7.817336328315735,7.558710033465857,15.919425790150092,124.44750555526673,7.5549325671822665,-1.53131310798096,SL,4.1171821082441005,0.1223889145011447,0.0,4.057016946520589,7.441256546962688,0.545205896466041,5,998.262776193319,,7
ETH,-1,SQUEEZE_V2,2025-01-27 04:00:00+00:00,2025-01-27 20:00:00+00:00,3182.61335,3187.9043216986975,0.05834620210276588,185.69340173406076,3186.31116611564,632.1908089372018,SL,-0.3087081040522116,0.18584775578608687,0.0,-0.4017091589712681,7.440373451414988,-0.05399045647297075,4,997.8610670343478,,7
NEAR,-1,SQUEEZE_V2,2025-01-27 00:00:00+00:00,2025-01-29 20:00:00+00:00,4.755048841953277,4.568929903147741,26.235903053301953,124.75300043120191,4.566646579857813,-0.9178829077908759,SL,4.882998434885481,0.12231150121375917,0.0,4.823063433887323,7.441724370714304,0.6481110013786192,17,1002.6841304682351,,7
LINK,1,SQUEEZE_V2,2025-01-30 16:00:00+00:00,2025-02-01 16:00:00+00:00,24.8639710521698,24.126967968850842,4.236784045156195,105.3432758530585,24.13903748759464,60.363212450179375,SL,-3.122522904636678,0.10378201440074017,0.0,-3.173633281110889,7.520130978511763,-0.4220183518318124,12,999.366705264013,,7
ETH,1,SQUEEZE_V2,2025-01-31 12:00:00+00:00,2025-02-01 16:00:00+00:00,3336.257205908203,3196.9949659444983,0.05462425680086659,182.24057036927132,3198.594263076036,6089.516062551549,SL,-7.607096358441318,0.17843702219005067,0.0,-7.694413095446733,7.519735941227314,-1.0232291606493447,7,991.6722921685663,,7
DOGE,-1,SQUEEZE_V2,2025-02-01 20:00:00+00:00,2025-02-03 04:00:00+00:00,0.31505698756575584,0.2507253281286751,443.73645635055914,139.80227121091067,0.2506000281146178,-0.020143502533454316,SL,28.546302589761215,0.12552911991603005,0.0,28.49067460545064,7.4370338821797075,3.830919027237288,8,1019.881363684567,,7
BTC,-1,SQUEEZE_V2,2025-02-02 00:00:00+00:00,2025-02-03 12:00:00+00:00,100613.77322,96695.60371038072,0.0028609882053510574,287.85481847828606,96647.28007034554,48628.17181308907,SL,11.209836753586911,0.28224990010149265,0.0,11.07151426272456,7.4365096236626655,1.4888052087629202,9,1030.9528779472914,,7
SOL,-1,SQUEEZE_V2,2025-02-01 20:00:00+00:00,2025-02-03 16:00:00+00:00,221.71564250793458,210.1404907275524,0.611364573457454,135.5490892107088,210.03547299105688,-21.593914969453152,SL,7.076637730918644,0.13201077034524947,0.0,7.012401505178748,7.437542191264247,0.9428385513449797,11,1037.9652794524702,,7
SOL,-1,SQUEEZE_V2,2025-02-12 16:00:00+00:00,2025-02-14 16:00:00+00:00,191.95160749206542,202.79760506008301,0.7244836175453345,139.0657949894937,202.69625693161723,-22.941381298970697,SL,-7.857747553965287,0.14299466876647635,0.0,-7.931209325237016,7.784322495222945,-1.0188695715143112,12,1029.9089238069942,,7
ETH,-1,SQUEEZE_V2,2025-02-08 00:00:00+00:00,2025-02-17 12:00:00+00:00,2621.3057121093752,2806.172640175,0.04243184798122004,111.22684548852875,2804.7702550474764,-1047.9851466526497,SL,-7.844245388435739,0.11514896818274661,0.0,-7.903780933874221,7.784739595893527,-1.0152916274866135,57,1021.8850970219034,,7
APT,-1,SQUEEZE_V2,2025-02-16 08:00:00+00:00,2025-02-19 00:00:00+00:00,5.888622111701966,5.806105499802689,21.456210237144184,126.34751403577332,5.803203897853762,-1.3114536175900655,SL,1.770493772967722,0.12546226714928946,0.0,1.7082052628363191,7.724316928552456,0.22114644940603678,16,1023.2546918442615,,7
BTC,-1,SQUEEZE_V2,2025-02-17 16:00:00+00:00,2025-02-19 00:00:00+00:00,95647.06676,95869.60323102737,0.004462140316487697,426.7906327435863,95821.69238483495,61295.219063300916,SL,-0.9929889592601311,0.4272871272232164,0.0,-1.2068807701115543,7.664138227664275,-0.15747116430588748,8,1022.04781107415,,7
SUI,-1,SQUEEZE_V2,2025-02-16 16:00:00+00:00,2025-02-19 12:00:00+00:00,3.32993388,3.2204298588334814,34.15809217115342,113.74418839688653,3.218820448609177,-1.192475092183535,SL,3.740448448117877,0.11187396417282759,0.0,3.6854465781434924,7.723843125374821,0.4771519201413928,17,1025.7332576522936,,7
NEAR,-1,SQUEEZE_V2,2025-02-17 20:00:00+00:00,2025-02-20 12:00:00+00:00,3.253349148511887,3.3084611797798718,33.486665643887164,108.94381515904256,3.306807775891926,-1.3228049960356105,SL,-1.8455181640264657,0.1098665742410558,0.0,-1.9009128306880003,7.662007188667534,-0.24809593411756897,16,1023.8323448216056,,7
DOGE,-1,SQUEEZE_V2,2025-02-17 20:00:00+00:00,2025-02-21 12:00:00+00:00,0.25668865582346917,0.2608919692639058,551.1986207566033,141.48643305376265,0.26076158846967096,-0.02134316335174885,SL,-2.316860570976357,0.14264486333925083,0.0,-2.3887622177887264,7.662537762791487,-0.3117455719942178,22,1021.2623288020494,,7
BTC,1,SQUEEZE_V2,2025-02-20 20:00:00+00:00,2025-02-21 16:00:00+00:00,98432.08248,96298.89165063028,0.0036828196092318645,362.50760353487226,96347.06518322189,140132.42841556226,SL,-7.856157016636388,0.35857952502655405,0.0,-8.033482739895506,7.678742586162041,-1.0461976879356194,5,1013.2288460621539,,7
XRP,-1,SQUEEZE_V2,2025-02-24 04:00:00+00:00,2025-02-25 12:00:00+00:00,2.4892021389484404,2.271119474172812,63.96177093351734,159.21377701864157,2.269984481931846,0.11351362183251723,SL,13.948953448949812,0.15223930029416666,0.0,13.876321037164965,7.59766223705781,1.8263935147686376,8,1026.7635310345527,,7
SOL,-1,SQUEEZE_V2,2025-02-23 16:00:00+00:00,2025-02-25 16:00:00+00:00,166.68665722045898,144.24579046088755,0.956513034305087,159.43796027611316,144.17370360908302,7.812499589579943,SL,21.46498155663384,0.14870546949779623,0.0,21.3959950672741,7.598260129408846,2.8159071554370083,12,1048.1595261018267,,7
APT,-1,SQUEEZE_V2,2025-02-24 04:00:00+00:00,2025-02-25 16:00:00+00:00,5.79344108991623,5.650095632581515,18.9230272510679,109.62944362194133,5.647271996583223,-2.235998475537291,SL,2.712529995461604,0.10827317862421054,0.0,2.659071538648364,7.59706518539399,0.35001299498662425,9,1050.818597640475,,7
LINK,-1,SQUEEZE_V2,2025-02-21 20:00:00+00:00,2025-02-26 12:00:00+00:00,17.27054536781311,15.669314163666725,6.7043023125631205,115.78695724865572,15.661483421955747,-5.399125512708103,SL,10.735138064906842,0.11041938821620231,0.0,10.682612155314967,7.5992163454661545,1.4057518130390416,28,1061.50120979579,,7
DOGE,-1,SQUEEZE_V2,2025-02-21 20:00:00+00:00,2025-02-28 12:00:00+00:00,0.23993200127780437,0.19857649652473763,580.1810122266554,139.20399136692373,0.19847725789578974,-0.02201321872218845,SL,23.993678608778517,0.12720715206253447,0.0,23.936073452399445,7.598782144376471,3.1499881162027386,40,1085.401655190177,,7
SUI,-1,SQUEEZE_V2,2025-02-28 04:00:00+00:00,2025-02-28 20:00:00+00:00,2.55738842,2.8445402843395846,27.862844559335745,71.25611602430524,2.843118724977096,-3.157217679541921,SL,-8.000867761017307,0.0752565499048139,0.0,-8.04049625290997,7.961259073468424,-1.0099528452359514,4,1077.3611589372672,,7
APT,-1,SQUEEZE_V2,2025-03-04 00:00:00+00:00,2025-03-05 08:00:00+00:00,5.732253188037872,5.873158065956843,15.716493334182024,90.09091901964088,5.870222954479603,-4.550204253604975,SL,-2.2145305745672292,0.0911981843069245,0.0,-2.260683299364333,8.080208692029503,-0.2797803108222095,8,1075.0554301783932,,7
ETH,-1,SQUEEZE_V2,2025-03-09 16:00:00+00:00,2025-03-10 08:00:00+00:00,2096.5806000000002,2141.841761299121,0.0670193559727179,140.5114815568945,2140.7713756113158,-309.2473028513118,SL,-3.0333738808443855,0.1420281684973167,0.0,-3.105146308563255,8.061851831514483,-0.38516539046586873,4,1071.6364409190785,,7
APT,-1,SQUEEZE_V2,2025-03-10 00:00:00+00:00,2025-03-11 08:00:00+00:00,5.611077343368531,5.650739850776876,17.829353302710345,100.0418803637509,5.647915892830461,-3.431243961727021,SL,-0.7071568574547571,0.10039545879247827,0.0,-0.7575313760653599,8.060937061258677,-0.09397559741609929,8,1070.8789095430132,,7
BTC,-1,SQUEEZE_V2,2025-03-09 16:00:00+00:00,2025-03-11 12:00:00+00:00,83045.58756,82311.09206914794,0.0021949879076417263,182.2840604772022,82269.95709060265,9582.445747947015,SL,1.6122087206376448,0.18147795611688336,0.0,1.5218727947593624,8.062535396741273,0.18875858769866302,11,1072.4007823377726,,7
NEAR,-1,SQUEEZE_V2,2025-03-09 12:00:00+00:00,2025-03-11 16:00:00+00:00,2.7684462533950804,2.505341483963026,36.6347100492359,101.42122578002223,2.5040894392434048,-1.6333441336458683,SL,9.638766940714374,0.09660184230966504,0.0,9.59287571129472,8.062915726337948,1.1897526945443664,13,1081.9936580490673,,7
SOL,-1,SQUEEZE_V2,2025-03-09 16:00:00+00:00,2025-03-12 12:00:00+00:00,130.14396416931152,128.51790265313863,0.7947141766039255,103.42725332478518,128.45367581523104,-72.72960096343397,SL,1.2922541389326627,0.10278112625531885,0.0,1.2411866393397364,8.061324913458645,0.15396807009571525,17,1083.234844688407,,7
APT,-1,SQUEEZE_V2,2025-03-13 20:00:00+00:00,2025-03-15 20:00:00+00:00,4.994300756168365,5.41251854094569,19.552369531949946,97.65041393830091,5.409813634128627,-3.3159568030368627,SL,-8.177148672799772,0.10173898827470079,0.0,-8.230062454105322,8.124261335163053,-1.013022860119522,12,1074.886584119122,,7
XRP,1,SQUEEZE_V2,2025-03-15 04:00:00+00:00,2025-03-16 12:00:00+00:00,2.425184961748123,2.282043063771901,57.21040605531498,138.74581642085366,2.2831846560999507,5.265191074711572,SL,-8.189206106748143,0.1346512133674796,0.0,-8.254484411905196,8.123895146110783,-1.0160747108924628,8,1066.6320997072169,,7
BTC,-1,SQUEEZE_V2,2025-03-18 16:00:00+00:00,2025-03-19 08:00:00+00:00,81583.77998,84121.5154062968,0.0032052023787452416,261.4925256589244,84079.47566846258,31669.866210748514,SL,-8.133955624992574,0.26555950347142077,0.0,-8.268768865634533,7.999209757284469,-1.033698217265098,4,1058.0086561303815,,7
XRP,-1,SQUEEZE_V2,2025-03-18 16:00:00+00:00,2025-03-19 08:00:00+00:00,2.2366524659633638,2.3499871794338496,71.31069242103467,159.49723605306215,2.3488127730473263,-0.006553675715889273,SL,-8.081976892919911,0.1635382244995221,0.0,-8.165766499392902,7.998229160313247,-1.0209468040639502,4,1049.8428896309886,,7
SOL,-1,SQUEEZE_V2,2025-03-18 04:00:00+00:00,2025-03-19 12:00:00+00:00,124.09517874603272,131.17165681402992,1.1410392679161432,141.59747190829611,131.10610376214885,-16.123321576290365,SL,-8.074539354132169,0.1456347415853622,0.0,-8.149375359763383,7.999740747804126,-1.0187049326567652,8,1041.6935142712252,,7
DOGE,-1,SQUEEZE_V2,2025-03-18 16:00:00+00:00,2025-03-19 12:00:00+00:00,0.16367725613117218,0.1726829519947746,896.6559694989927,146.76218878123115,0.17259665366794064,-0.014710694604197216,SL,-8.075010955591496,0.1507996942590269,0.0,-8.152429555459907,7.99763104567805,-1.0193555452730607,5,1033.5410847157652,,7
XRP,1,SQUEEZE_V2,2025-03-19 16:00:00+00:00,2025-03-20 16:00:00+00:00,2.555110920381546,2.419046043931957,57.480794925139435,146.86980682543592,2.420256172017966,5.252205887653151,SL,-7.821117259713264,0.14295924819557929,0.0,-7.890641604496126,7.751558135368239,-1.0179426467168307,6,1025.5770082078564,,7
BTC,1,SQUEEZE_V2,2025-03-24 12:00:00+00:00,2025-03-26 16:00:00+00:00,87695.13552000001,85945.73125814165,0.0045076083805248865,395.2953278012177,85988.72562095211,121823.33350095784,SL,-7.885629311678708,0.39135251314537833,0.0,-8.079334160923478,7.691827561558922,-1.0503790024234525,13,1017.2014378352746,,7
APT,1,SQUEEZE_V2,2025-03-25 00:00:00+00:00,2025-03-26 16:00:00+00:00,6.035106564044952,5.796824125288727,32.671684157134756,197.17709551512743,5.799723987282368,10.742758099296635,SL,-7.78508857923519,0.19328455122550983,0.0,-7.879784582703135,7.690345204079668,-1.0246334037804925,10,1009.3216532525715,,7
XRP,-1,SQUEEZE_V2,2025-03-26 20:00:00+00:00,2025-03-30 00:00:00+00:00,2.3705258514881136,2.1762436190875687,86.4579037665506,204.95069594407974,2.1751560410670354,0.61940488518891,SL,16.79723455243693,0.19655207866786129,0.0,16.703157821741108,7.569912399394286,2.206519301739559,19,1025.5485171268317,,7
BTC,-1,SQUEEZE_V2,2025-03-28 08:00:00+00:00,2025-03-31 12:00:00+00:00,85199.35672,83617.52324837846,0.00371868540072521,316.82960398584333,83575.73538068813,44490.649106237426,SL,5.882341037297468,0.31388843346719464,0.0,5.726867405823195,7.569143834284496,0.7566070259998633,19,1031.275384532655,,7
LINK,-1,SQUEEZE_V2,2025-03-28 08:00:00+00:00,2025-04-01 08:00:00+00:00,14.47310463218689,14.028346933331733,9.373281738770368,135.66048735219022,14.021336265199134,-1.6736257071961607,SL,4.168839216856581,0.13357606774376193,0.0,4.103093392788914,7.567392631549436,0.5422070180001746,24,1035.3784779254438,,7
AVAX,-1,SQUEEZE_V2,2025-03-28 08:00:00+00:00,2025-04-01 08:00:00+00:00,20.70685824241638,19.654496952417183,7.001994892318477,144.98931564936225,19.64467461510963,-0.9066505392683766,SL,7.368628377448063,0.14130500146063824,0.0,7.299818033812106,7.566883904721865,0.964705964268448,24,1042.6782959592558,,7
SOL,-1,SQUEEZE_V2,2025-03-28 08:00:00+00:00,2025-04-02 12:00:00+00:00,131.56367833862305,130.95625956441498,1.141331664836944,150.15779203029282,130.8908141573363,-1.052562083493683,SL,0.6932662808201134,0.14981115888988278,0.0,0.6185340179453771,7.56795572326955,0.08173066024204416,31,1043.2968299772012,,7
XRP,-1,SQUEEZE_V2,2025-04-03 00:00:00+00:00,2025-04-04 12:00:00+00:00,2.021695551776886,2.1664155273613717,54.47285091457435,110.12752038660045,2.1653328609309064,-0.8510506313035164,SL,-7.883309654374517,0.1140691752137877,0.0,-7.942315069395004,7.824333727317567,-1.0150787717126024,9,1035.1546263557057,,7
SOL,-1,SQUEEZE_V2,2025-04-03 00:00:00+00:00,2025-04-07 12:00:00+00:00,117.34652874603272,105.95565831307518,0.8919394904084349,104.66600305093517,105.90270695959538,-58.1076653775156,SL,10.159967169280657,0.09958601946629486,0.0,10.11271415133983,7.824726224829009,1.2924048536357347,27,1045.0938565987587,,7
AVAX,-1,SQUEEZE_V2,2025-04-03 00:00:00+00:00,2025-04-07 12:00:00+00:00,17.975404291534424,16.30484085043317,5.334397169025113,95.8879457648431,16.29669250418108,-11.358447317966121,SL,8.911448890887383,0.0914322213193994,0.0,8.867960642450406,7.823920749116119,1.1334420333248179,27,1053.9618172412092,,7
NEAR,-1,SQUEEZE_V2,2025-04-03 00:00:00+00:00,2025-04-07 12:00:00+00:00,2.4495100476741793,2.2041950789786244,36.37283916579962,89.09563499906308,2.2030935322125185,-1.8523598908571977,SL,8.922801901326586,0.08463423404839979,0.0,8.882715484777718,7.8235611693195,1.1353800772481648,27,1062.844532725987,,7
SUI,-1,SQUEEZE_V2,2025-04-06 16:00:00+00:00,2025-04-07 12:00:00+00:00,2.08518288,1.8937354466667111,52.07397582985535,108.58376289394818,1.892789052140641,-0.8965981628128206,SL,9.969429016085533,0.10359904838590542,0.0,9.920121849146602,7.763659697667792,1.2777636109071877,5,1072.7646545751336,,7
BTC,-1,SQUEEZE_V2,2025-04-06 20:00:00+00:00,2025-04-07 12:00:00+00:00,79595.37774000001,77750.47137244543,0.0029949484561526147,238.38405367929724,77711.61556466311,27753.066446737845,SL,5.525399477253708,0.23562135394067038,0.0,5.408970150152686,7.76325250855694,0.6967402057566363,4,1078.1736247252863,,7
SUI,1,SQUEEZE_V2,2025-04-13 04:00:00+00:00,2025-04-13 16:00:00+00:00,2.41108212,2.236050162560611,46.49614945007427,112.10603458792191,2.2371687469340777,5.889349581318444,SL,-8.138312051640883,0.10803687856210148,0.0,-8.190295912909024,8.086302185439648,-1.0128604799925274,3,1069.9272757950832,,7
NEAR,-1,SQUEEZE_V2,2025-04-15 20:00:00+00:00,2025-04-19 04:00:00+00:00,2.0455908038139343,2.106061484755744,57.71906617189089,118.06959096594794,2.105008980265611,-0.7345895835112266,SL,-3.490311234739611,0.11981474658331775,0.0,-3.551091185839955,8.023470787290712,-0.4425879123863618,20,1066.068791985636,,7
AVAX,-1,SQUEEZE_V2,2025-04-16 00:00:00+00:00,2025-04-19 20:00:00+00:00,19.009197888183593,20.21891256520965,6.687693523100221,127.12768959613582,20.208808161129085,-4.983007570726276,SL,-8.090201010346433,0.13117279010130906,0.0,-8.157809955649675,8.022625852622054,-1.016850356169039,23,1057.8291275693841,,7
LINK,-1,SQUEEZE_V2,2025-04-15 16:00:00+00:00,2025-04-19 20:00:00+00:00,12.36352697544098,12.928999900817871,10.27966381479788,127.09290087271812,13.144141469556214,-3.2487629068637087,EOD,-5.812871569244732,0.12999933665734048,0.0,-5.879324455465713,8.024454568463124,-0.7326758978201486,25,1051.8533943153197,,7
DOGE,-1,SQUEEZE_V2,2025-04-15 16:00:00+00:00,2025-04-19 20:00:00+00:00,0.15580882655084133,0.1573600023984909,868.0428965261409,135.2487451035314,0.1650525839759598,-0.029066321951528085,EOD,-1.346487175815131,0.13592198869143896,0.0,-1.4147847919548044,8.02397797008485,-0.17631962565568257,25,1050.438609523365,,7
SUI,-1,SQUEEZE_V2,2025-04-15 20:00:00+00:00,2025-04-19 20:00:00+00:00,2.1221754799999997,2.1548,50.53602856443468,107.24632067602286,2.280934057874694,-1.0529960774938893,EOD,-1.6487136746209785,0.10807067751333335,0.0,-1.7031611917963003,8.023028026324589,-0.21228408852717565,24,1048.7354483315687,,7
SOL,1,SQUEEZE_V2,2025-04-19 04:00:00+00:00,2025-04-19 20:00:00+00:00,138.79775827331542,139.85000610351562,1.1794781359634334,163.7089212041133,132.01889930501306,274.3749376393625,EOD,1.241103309336101,0.16432947285878136,0.0,1.1586282970793764,7.99551593989227,0.1449097601442575,4,1049.894076628648,,7
AVAX,1,SQUEEZE_V2,2025-04-19 20:00:00+00:00,2025-04-19 20:00:00+00:00,20.049009076309204,19.892000198364258,9.617313078354002,192.81759719762658,19.224067807148792,36.54783445951743,EOD,-1.5100035352776195,0.19206259542998777,0.0,-1.6056573321087941,7.9337184567703805,-0.20238395663493425,0,1048.2884192965391,,7
