symbol,side,tag,entry_ts,exit_ts,entry,exit,qty,notional,sl,tp,reason,gross,fees,funding,pnl,r_unit,r_multiple,bars_held,equity_after,regime,fold
ETH,1,DONCHIAN_V2,2023-01-21 00:00:00+00:00,2023-01-23 12:00:00+00:00,1659.0917617675782,1593.8393600355544,0.1163431264202078,193.02392258205063,1594.6366783747417,2948.193429624306,SL,-7.591668423931035,0.18922808837008515,0.0,-7.684384551010094,7.498905915597815,-1.0247340928796669,15,991.9537446188921,,1
APT,1,DONCHIAN_V2,2023-01-20 20:00:00+00:00,2023-01-24 20:00:00+00:00,9.470293681526185,12.005828092100042,7.472217410322881,70.76409332797073,12.011834009104595,29.5446560512258,SL,18.946064367162744,0.0802371255115521,0.0,18.90120928831518,7.5,2.5201612384420238,24,1010.7996599637756,,1
SOL,1,DONCHIAN_V2,2023-01-21 00:00:00+00:00,2023-01-24 20:00:00+00:00,25.53010461845398,23.318188990909753,3.407876236055066,87.003436833229,23.329853917868686,69.53511863015984,SL,-7.537934703266796,0.0832344694815956,0.0,-7.577667454331777,7.498182075888132,-1.010600619942165,23,1003.2219925094439,,1
LINK,1,DONCHIAN_V2,2023-01-21 04:00:00+00:00,2023-01-24 20:00:00+00:00,7.04340821685791,6.692528070555706,21.57456383602992,151.95846019781865,6.695876008559986,13.994052382816392,SL,-7.570086115192403,0.14817341714022247,0.0,-7.642280302233716,7.497855813000008,-1.0192621054386375,22,995.5797122072102,,1
AVAX,1,DONCHIAN_V2,2023-01-24 04:00:00+00:00,2023-01-24 20:00:00+00:00,18.70374076309204,17.43674873033651,5.912607978472109,110.587886863132,17.445471466069545,43.86912670354192,SL,-7.491227201530932,0.10684227326236653,0.0,-7.542775531361732,7.43965308464169,-1.0138611902392232,4,988.0369366758484,,1
ETH,1,DONCHIAN_V2,2023-01-29 20:00:00+00:00,2023-01-30 08:00:00+00:00,1655.5410029296875,1594.6087434788747,0.12321697182100881,203.99074910651197,1595.4064467022256,2858.2321274789247,SL,-7.5078884957411995,0.20023680485864137,0.0,-7.606129926046585,7.409597920148039,-1.0265239771464711,3,980.1775718454026,,1
SOL,1,DONCHIAN_V2,2023-01-29 20:00:00+00:00,2023-01-30 08:00:00+00:00,26.346267803192138,24.72582489769375,4.607271703370999,121.38441413908154,24.738193994691095,58.507743973212996,SL,-7.465820745431,0.11765150376636604,0.0,-7.522780042127826,7.40883295483889,-1.015379896939708,3,972.6547918032747,,1
DOGE,1,DONCHIAN_V2,2023-01-31 08:00:00+00:00,2023-02-01 12:00:00+00:00,0.09506900965422392,0.08883361576946348,1178.2640962920198,112.01640074561145,0.08887805479686191,0.2188881068014642,SL,-7.346940740652043,0.10834293037528542,0.0,-7.399275470654523,7.294579830194342,-1.0143525251484418,7,965.155360354885,,1
NEAR,-1,DONCHIAN_V2,2023-01-30 20:00:00+00:00,2023-02-02 00:00:00+00:00,2.2975404972553255,2.488605209864226,38.43046720189692,88.29555472480072,2.4873615290996764,-1.4988801396316926,SL,-7.342706171356218,0.09196690781047884,0.0,-7.3905253018042965,7.294910938524559,-1.0131069952855485,13,957.7648350530808,,1
APT,1,DONCHIAN_V2,2023-01-25 16:00:00+00:00,2023-02-06 04:00:00+00:00,16.220442765426636,14.313219480746753,3.762647999405821,61.03181652080916,14.320379670582042,55.609070275834526,SL,-7.176209876520962,0.05744371158254868,0.0,-7.203137679843106,7.410277025068863,-0.9720470173348436,69,950.4688527229517,,1
AVAX,1,DONCHIAN_V2,2023-01-27 20:00:00+00:00,2023-02-06 20:00:00+00:00,19.233845542144774,19.469338726113662,6.242268545254434,120.06282903201253,19.479078265246283,42.97536868244691,SL,1.4700116949108057,0.12079783487946794,0.0,1.409245274547344,7.41004815575691,0.1901803125871042,60,951.878097997499,,1
ETH,1,DONCHIAN_V2,2023-02-02 04:00:00+00:00,2023-02-06 20:00:00+00:00,1672.1243970703124,1606.6359346751683,0.1110499319891178,185.68930057200282,1607.4396545024194,2965.819248428171,SL,-7.272489295052651,0.18205305592447651,0.0,-7.361697700691126,7.183236262898106,-1.0248441553725283,28,944.5164002968079,,1
SOL,-1,DONCHIAN_V2,2023-02-07 00:00:00+00:00,2023-02-07 16:00:00+00:00,22.64546961860657,23.857706051114487,5.901685485234458,133.64643935444826,23.845783159534722,-1.3608011999564837,SL,-7.1542381584043815,0.13722355843365044,0.0,-7.224638497160808,7.083873002226059,-1.01987126179288,4,936.9772019809234,,1
LINK,-1,DONCHIAN_V2,2023-02-07 00:00:00+00:00,2023-02-07 16:00:00+00:00,6.828633923721314,7.134270897393887,23.449312474200397,160.1267706492662,7.130705544621577,0.7872015057160402,SL,-7.166976899317135,0.16371025909892478,0.0,-7.250623773091427,7.08337182807848,-1.0236119109757815,4,929.726578207832,,1
XRP,-1,DONCHIAN_V2,2023-02-07 00:00:00+00:00,2023-02-07 20:00:00+00:00,0.39187162125110625,0.4047227353450561,559.9536078999763,219.42992815316998,0.4045204751075024,0.13889454412318342,SL,-7.196027702441451,0.2230279420043907,0.0,-7.309340680369257,7.082771352688545,-1.0319887959668086,5,922.4172375274627,,1
NEAR,-1,DONCHIAN_V2,2023-02-07 00:00:00+00:00,2023-02-07 20:00:00+00:00,2.306538521814346,2.448680817626752,50.25560951805778,115.91649929065998,2.447457089082211,-0.5118328235429499,SL,-7.143447714348531,0.11948822314783425,0.0,-7.204977687851035,7.081948490457971,-1.0173722242626912,5,915.2122598396116,,1
NEAR,1,DONCHIAN_V2,2023-02-08 08:00:00+00:00,2023-02-09 04:00:00+00:00,2.588517659139633,2.4434957032300795,47.7337356835597,123.55961775359793,2.44471806226121,5.464509596708094,SL,-6.92243971169948,0.12009839789774819,0.0,-6.980758300720429,6.864091948797087,-1.0169966184593122,5,908.1697217300143,,1
BTC,1,DONCHIAN_V2,2023-01-21 00:00:00+00:00,2023-02-09 16:00:00+00:00,22671.5334,22161.56943556036,0.009747543024788254,220.99174725442393,22172.65576344208,38059.48216940373,SL,-4.970895684466989,0.21850629941219044,0.0,-5.0789061102519675,7.49973463465002,-0.6772114424937887,118,902.8732016974134,,1
BTC,-1,DONCHIAN_V2,2023-02-09 20:00:00+00:00,2023-02-15 12:00:00+00:00,22033.0925,22668.47762787611,0.010850857949309772,239.0779569015025,22657.149053349436,9551.961433011236,SL,-6.894473765687698,0.24252519378434634,0.0,-7.017459981021293,6.771549012730599,-1.0363153198519834,34,895.7362027379413,,1
SOL,-1,DONCHIAN_V2,2023-02-09 04:00:00+00:00,2023-02-15 16:00:00+00:00,22.33653140335083,23.009538945694263,5.29000757986264,118.16042043156577,22.998039925731398,-3.414936095120982,SL,-3.560215000301494,0.11994052793171653,0.0,-3.6210753180174273,6.811272912975107,-0.5316297503098832,39,891.9667852990938,,1
AVAX,-1,DONCHIAN_V2,2023-02-09 04:00:00+00:00,2023-02-15 20:00:00+00:00,19.27614468650818,19.77905947468841,6.131333737428872,118.18847624394789,19.769174887244787,-2.938739131101741,SL,-3.083538407821345,0.11973024544785857,0.0,-3.1441744151472295,6.810343331198719,-0.4616763446775905,40,888.7208048507399,,1
APT,-1,DONCHIAN_V2,2023-02-09 04:00:00+00:00,2023-02-15 20:00:00+00:00,14.229053835105896,15.638129754555964,4.859837874827208,69.15089475080296,15.630314597257335,-13.796161407922897,SL,-6.847880521850411,0.07257483501172818,0.0,-6.885879909486738,6.809900124412805,-1.0111572539517213,40,881.8349249412531,,1
DOGE,-1,DONCHIAN_V2,2023-02-09 04:00:00+00:00,2023-02-16 16:00:00+00:00,0.0865426914587617,0.09113179727779994,1499.0064566394535,129.72805327163988,0.09108625415072458,-0.004328562380495907,SL,-6.879099252940003,0.1331676028981099,0.0,-6.947402829202293,6.810829811398489,-1.0200523315933159,45,874.7275049738131,,1
BTC,1,DONCHIAN_V2,2023-02-15 12:00:00+00:00,2023-02-16 20:00:00+00:00,22443.18774,23920.6921144902,0.013219345001133044,296.68424166025943,23932.658443712055,32607.11268478171,SL,19.531640067069223,0.3064500616937941,0.0,19.373532126205557,6.71802152053456,2.883815133218565,8,894.1010371000186,,1
XRP,1,DONCHIAN_V2,2023-02-15 20:00:00+00:00,2023-02-17 00:00:00+00:00,0.39413879787325856,0.3810818384472109,514.0024401429267,202.58830386185468,0.38127247468455316,0.651465261647366,SL,-6.711309005835694,0.19923264935893686,0.0,-6.809247503263703,6.613321514662096,-1.0296259584789924,7,887.2917895967549,,1
LINK,1,DONCHIAN_V2,2023-02-18 00:00:00+00:00,2023-02-21 20:00:00+00:00,7.6555306054115295,7.5136296829854,17.540815358739156,134.28424882270022,7.517388377173987,15.243192052016026,SL,-2.489057879511512,0.1330397198829445,0.0,-2.5549554749831063,6.654688421975662,-0.38393314802627293,23,884.5572740938351,,1
NEAR,1,DONCHIAN_V2,2023-02-18 16:00:00+00:00,2023-02-22 00:00:00+00:00,2.6525303503990174,2.4793443181173798,38.69932954986184,102.65114617110207,2.480584610422591,6.091445149927544,SL,-6.702183336700106,0.099300054502752,0.0,-6.750157818117307,6.654184856042577,-1.0144229479870217,20,877.8071162757178,,1
SOL,1,DONCHIAN_V2,2023-02-15 20:00:00+00:00,2023-02-22 04:00:00+00:00,23.018602738952637,23.612621499042906,5.102219884740678,117.44597261363037,23.624433715900853,48.94363963059784,SL,3.0308143296415686,0.11896137977845117,0.0,2.9705759361699324,6.613761937059398,0.44915072003494366,38,880.7776922118877,,1
ETH,1,DONCHIAN_V2,2023-02-15 16:00:00+00:00,2023-02-22 12:00:00+00:00,1579.8459353027342,1606.7068229570061,0.12888096355702305,203.61206641346268,1607.5105782461292,2617.9745626982517,SL,3.461857082879506,0.20534299495490244,0.0,3.358320121131335,6.689750889743203,0.5020097424375468,41,884.136012333019,,1
ETH,-1,DONCHIAN_V2,2023-02-22 16:00:00+00:00,2023-02-23 00:00:00+00:00,1613.797171118164,1673.7380866774256,0.11219152599584507,181.05436727552473,1672.9016358594959,431.7078762915255,SL,-6.724862786181654,0.18441679866861554,0.0,-6.818752401212507,6.631020092497643,-1.0283112260400575,2,877.2267327481688,,1
AVAX,1,DONCHIAN_V2,2023-02-20 08:00:00+00:00,2023-02-23 16:00:00+00:00,20.66413184738159,19.529057524735055,5.912886240857312,122.184660879644,19.538826938204156,43.170230030930284,SL,-6.711565344727129,0.11882887820728044,0.0,-6.769301892494587,6.653799914244435,-1.0173587994437412,20,870.4574308556743,,1
APT,-1,DONCHIAN_V2,2023-02-25 16:00:00+00:00,2023-03-01 08:00:00+00:00,12.33843224105835,13.198453166386289,7.647559309397082,94.35889234847089,13.191857237767406,-4.730067693122795,SL,-6.577061033767974,0.09764742286535488,0.0,-6.627529010459093,6.5266182784545235,-1.0154614116682283,22,863.5410620039698,,1
APT,1,DONCHIAN_V2,2023-03-02 00:00:00+00:00,2023-03-02 16:00:00+00:00,13.455090687561034,12.557368741592047,7.265275383891255,97.75493916036164,12.563650566875484,31.283893101272028,SL,-6.522197155627439,0.09449384058254792,0.0,-6.5678135266298066,6.476557965029774,-1.014090132766937,4,856.9243710077599,,1
BTC,-1,DONCHIAN_V2,2023-02-24 16:00:00+00:00,2023-03-12 20:00:00+00:00,23341.63074,21680.713190763567,0.0077063830580241695,179.87954768139215,21669.87825163775,6398.7129476644295,SL,12.799666862210678,0.17347971425028683,0.0,12.716126921801088,6.528430731417557,1.9478075888292314,97,869.5817992917789,,1
SOL,-1,DONCHIAN_V2,2023-02-24 16:00:00+00:00,2023-03-12 20:00:00+00:00,23.031392098236086,20.08392539457304,4.34040718113021,99.9656196546095,20.073888450347866,-7.0476116021216875,SL,12.793205646721276,0.09356901683124885,0.0,12.749619439717332,6.527756183113753,1.9531396519831012,97,882.3314187314962,,1
AVAX,-1,DONCHIAN_V2,2023-02-24 16:00:00+00:00,2023-03-13 12:00:00+00:00,18.816235694885254,16.73043757432625,5.435305123370087,102.27198227494893,16.72207653605822,-5.202218334399621,SL,11.336949210990058,0.09660350766945389,0.0,11.291481694458078,6.527381312040048,1.7298639614680442,101,893.5162869462225,,1
NEAR,-1,DONCHIAN_V2,2023-02-24 16:00:00+00:00,2023-03-13 12:00:00+00:00,2.3425313351631165,2.044948643363695,43.20268378584266,101.20364053147993,2.043926680023683,-0.6790391878447091,SL,12.856370933950283,0.0947754550645048,0.0,12.812197299151517,6.526997792106516,1.962954134080766,101,906.328484245374,,1
LINK,-1,DONCHIAN_V2,2023-03-03 04:00:00+00:00,2023-03-13 12:00:00+00:00,6.8106373978614805,6.810314636697872,17.237340458175467,117.39727556412058,6.806911181107319,-0.6463514550911604,SL,0.0055635440637931115,0.11739449379208869,0.0,-0.05313231194623528,6.4269327825581986,-0.00826713359916086,62,906.2753519334278,,1
LINK,1,DONCHIAN_V2,2023-03-14 16:00:00+00:00,2023-03-14 20:00:00+00:00,7.152430222892761,6.759195599193947,17.43293532582557,124.68785349816967,6.762576887637765,14.949496927992667,SL,-6.8552337628167805,0.12126023661676127,0.0,-6.914150072684457,6.796287980057736,-1.0173421274926198,1,899.1952366749312,,1
SOL,1,DONCHIAN_V2,2023-03-13 16:00:00+00:00,2023-03-15 16:00:00+00:00,20.743148120498656,18.924821243779956,3.7573837997123505,77.93996870299534,18.934288387973943,56.92034277099292,SL,-6.8321519491644,0.07452389272841314,0.0,-6.867705857541315,6.7965802549403715,-1.0104649102832624,12,892.3275308173899,,1
SOL,1,DONCHIAN_V2,2023-03-18 04:00:00+00:00,2023-03-24 16:00:00+00:00,22.668532357406615,20.879606914562096,3.7627693314302224,85.29645834298326,20.890051940532363,58.238140694891655,SL,-6.731313792550586,0.08193080144670796,0.0,-6.770596364825803,6.692011569163674,-1.0117430752846037,39,885.454964627826,,1
APT,1,DONCHIAN_V2,2023-03-13 00:00:00+00:00,2023-03-25 16:00:00+00:00,11.89497857952118,11.599733301445749,5.92925253865349,70.52833193985484,11.605536069480488,34.21465708029792,SL,-1.7505838145542028,0.06965304003257773,0.0,-1.784972688616853,6.616950520633008,-0.2697575995242737,76,883.6261414418904,,1
LINK,1,DONCHIAN_V2,2023-03-18 00:00:00+00:00,2023-03-27 12:00:00+00:00,7.2104419106483455,6.80031154103725,16.45435780543535,118.64319113311478,6.803713397736118,15.34501216889289,SL,-6.748431848456409,0.11526897520888658,0.0,-6.804379228098738,6.692456481130424,-1.0167237168121874,57,876.779256930283,,1
XRP,1,DONCHIAN_V2,2023-03-27 12:00:00+00:00,2023-04-01 04:00:00+00:00,0.47752547199726103,0.5045833061979228,225.08275226348835,107.48274751306485,0.5048357240599527,1.0618300764903899,SL,6.090251792174095,0.1105278734091519,0.0,6.033465292521475,6.575844426977123,0.9175194698599376,28,882.7589808490479,,1
APT,-1,DONCHIAN_V2,2023-03-25 20:00:00+00:00,2023-04-02 12:00:00+00:00,11.486901798439026,12.388581084106095,7.40065236989059,85.01056701731827,12.382389889161514,-6.422860016010743,SL,-6.673014942353244,0.08834707448849488,0.0,-6.718856733333079,6.627196060814177,-1.0138309885021934,46,875.9645967645357,,1
DOGE,1,DONCHIAN_V2,2023-04-01 20:00:00+00:00,2023-04-02 12:00:00+00:00,0.08196639141887427,0.07833463669770362,1842.8858431308038,151.0547023583616,0.07837382360950837,0.15381774760619218,SL,-6.692909361368854,0.14770824767767715,0.0,-6.76509025786735,6.620692356367859,-1.0218100908072867,4,869.1995065066684,,1
APT,1,DONCHIAN_V2,2023-04-02 12:00:00+00:00,2023-04-03 00:00:00+00:00,12.228545187950134,11.654730096018223,11.477413064595188,140.35206430117148,11.660560376206327,23.588241422826286,SL,-6.585912832801201,0.13705910788477088,0.0,-6.652795908535386,6.518996298800013,-1.020524572127768,3,862.4765345659824,,1
DOGE,1,DONCHIAN_V2,2023-04-03 20:00:00+00:00,2023-04-06 08:00:00+00:00,0.09701940286159515,0.088899722027589,801.0410900775042,77.71652822692072,0.08894419412465132,0.2585235776004718,SL,-6.504197986353702,0.07446442923374386,0.0,-6.5398041514739855,6.468574009244868,-1.0110117225415238,15,855.8027563159469,,1
AVAX,1,DONCHIAN_V2,2023-04-05 04:00:00+00:00,2023-04-07 12:00:00+00:00,18.123624839401245,17.49862923945011,10.496336719712664,190.23166889610383,17.50738293091557,30.44846300911477,SL,-6.560164265425938,0.18695158676339085,0.0,-6.652000017741276,6.468282572264018,-1.0284028168875983,14,849.1507562982056,,1
APT,-1,DONCHIAN_V2,2023-04-08 20:00:00+00:00,2023-04-10 20:00:00+00:00,10.81643598098755,11.328215649823896,12.583282444002409,136.10626898623659,11.322554372637578,0.6940681479869752,SL,-6.439868122065771,0.13932620304726948,0.0,-6.511141190619923,6.368630672236542,-1.0223769481569474,12,842.5715619730926,,1
SOL,-1,DONCHIAN_V2,2023-03-24 20:00:00+00:00,2023-04-11 04:00:00+00:00,20.74485074920654,22.326854329779902,4.227603066309648,87.70099463748157,22.315696481539135,-10.672063897445355,SL,-6.68808318814478,0.09104503623155397,0.0,-6.735277727057594,6.640912234708694,-1.0142097183359386,104,835.7557905098574,,1
NEAR,1,DONCHIAN_V2,2023-04-11 00:00:00+00:00,2023-04-12 00:00:00+00:00,2.0674133122444154,1.9852674233899636,77.86903150992859,160.98747235520622,1.986260553666797,3.6904684837967823,SL,-6.396620807618394,0.15778916195139703,0.0,-6.473916233392188,6.319286714798194,-1.0244694576417763,6,829.0597228401588,,1
AVAX,1,DONCHIAN_V2,2023-04-11 12:00:00+00:00,2023-04-12 00:00:00+00:00,18.413681847381593,17.918220544950525,12.882674933704804,237.217477572478,17.927184137019033,28.143636054632793,SL,-6.3828669014494475,0.23402604412175332,0.0,-6.4982842067849615,6.2673918585925295,-1.0368402604148457,3,822.5614386333738,,1
SOL,1,DONCHIAN_V2,2023-04-11 04:00:00+00:00,2023-04-17 12:00:00+00:00,21.28125582733154,24.346478969052022,9.730882271264505,207.08539504042494,24.35865829820112,34.164298195101104,SL,29.82732552723751,0.22199905780404372,0.0,29.70886916695368,6.26816842882393,4.739641173383056,38,852.1392527395241,,1
ETH,1,DONCHIAN_V2,2023-03-13 00:00:00+00:00,2023-04-19 08:00:00+00:00,1580.1859691162108,1952.7447736181794,0.09030495796864547,142.69862752368275,1953.721634435397,3045.7723088571265,SL,33.64390718139908,0.15952058111438228,0.0,33.55573591404654,6.617485640486223,5.07076822483003,224,885.6257846179445,,1
NEAR,1,DONCHIAN_V2,2023-04-12 16:00:00+00:00,2023-04-19 08:00:00+00:00,2.1604320858478547,2.1435390867804824,57.26638563084568,123.72013695741556,2.1446113924767207,4.3149982320400255,SL,-0.9674009990536583,0.12323643645788873,0.0,-1.0287773670328393,6.169210789750303,-0.16675996364755089,40,884.5970072509117,,1
DOGE,1,DONCHIAN_V2,2023-04-13 12:00:00+00:00,2023-04-19 08:00:00+00:00,0.08648729444593191,0.08538313179997406,1600.1192491457732,138.38998464947397,0.08542584472233522,0.16359088335069527,SL,-1.7667919039848827,0.13750658869748153,0.0,-1.8351035003576273,6.168746839236713,-0.2974840025344099,35,882.7619037505541,,1
LINK,1,DONCHIAN_V2,2023-04-18 08:00:00+00:00,2023-04-19 08:00:00+00:00,8.428685445785522,8.035468002726391,16.421074453718433,138.40807125221698,8.039487746599692,16.212639429502126,SL,-6.457052908974773,0.1351795447977296,0.0,-6.523028418146394,6.39104439554643,-1.0206514013096102,6,876.2388753324077,,1
BTC,1,DONCHIAN_V2,2023-03-13 16:00:00+00:00,2023-04-21 04:00:00+00:00,24021.90342,27949.80193052496,0.0053826937508816355,129.30254942311618,27963.783822436177,49277.15833167842,SL,21.142674766700004,0.13987388680646617,0.0,21.067452154605096,6.797065139500709,3.099492460675851,231,897.0547695481563,,1
XRP,-1,DONCHIAN_V2,2023-04-19 12:00:00+00:00,2023-04-30 20:00:00+00:00,0.4971605522811413,0.47056999802589417,272.39053361970724,135.42182813052844,0.49887430808806477,0.014633389705944022,EOD,7.243015262830547,0.13180032049911317,0.0,7.178925856396698,6.571791564993057,1.0923848976948316,68,904.1763362584946,,1
APT,-1,DONCHIAN_V2,2023-04-19 12:00:00+00:00,2023-04-30 20:00:00+00:00,11.62427494544983,10.326299667358398,8.191070497791333,95.21525556388906,11.64116141766149,-4.420718770351947,EOD,10.631807007237228,0.08989935206027044,0.0,10.589515282958901,6.571283733137568,1.6114834959200222,68,914.7658515414536,,1
ETH,-1,DONCHIAN_V2,2023-04-20 00:00:00+00:00,2023-04-30 20:00:00+00:00,1934.1131,1870.1199951171875,0.0829879914725691,160.5081614497842,1993.2432715998314,350.5281597376111,EOD,5.310659242318067,0.1578528318286252,0.0,5.233060491214334,6.570926675929203,0.7963961172149772,65,919.9989120326679,,1
LINK,-1,DONCHIAN_V2,2023-04-20 20:00:00+00:00,2023-04-30 20:00:00+00:00,7.523495095348358,7.025000095367432,14.882794651909867,111.97063256872066,7.876310029877404,-1.305928307978129,EOD,7.4189987197199425,0.10826113320886069,0.0,7.366722902795442,6.570324770323766,1.1212113800019101,60,927.3656349354634,,1
AVAX,-1,DONCHIAN_V2,2023-04-21 16:00:00+00:00,2023-04-30 20:00:00+00:00,17.74645,17.09000015258789,6.4642952318198175,114.71829211672879,18.787230244456307,-3.0691548891261142,EOD,4.243485618554941,0.11259654930745132,0.0,4.188248215305855,6.727910771611172,0.6225183950088076,55,931.5538831507693,,1
SOL,-1,DONCHIAN_V2,2023-05-21 16:00:00+00:00,2023-05-28 00:00:00+00:00,19.920014986419677,20.763154862399876,9.005113104959017,179.38198800518785,20.752778473163296,10.402717995064043,SL,-7.592569946502814,0.18317827297843925,0.0,-7.68605722547866,7.499129387806334,-1.0249266052105026,38,991.977354940651,,2
LINK,-1,DONCHIAN_V2,2023-05-21 16:00:00+00:00,2023-05-29 00:00:00+00:00,6.418716076278686,6.670413727396069,30.191385842517477,193.78993367249967,6.6670801873024175,3.580269093150325,SL,-7.599100900540239,0.19758948412276978,0.0,-7.699795417826759,7.498456705351314,-1.0268506867995595,44,984.2024136279958,,2
SUI,-1,DONCHIAN_V2,2023-05-24 08:00:00+00:00,2023-05-29 08:00:00+00:00,0.97850426,1.0871918541650767,69.33081151709969,67.84049441873911,1.0866485299001267,-0.2574302531443071,SL,-7.535399105305955,0.07160819397139209,0.0,-7.573087052067978,7.497729993100042,-1.0100506498683315,30,976.5323683361079,,2
SUI,1,DONCHIAN_V2,2023-05-29 12:00:00+00:00,2023-05-31 00:00:00+00:00,1.07961588,0.9865792318339629,79.14141443373255,85.44232778831886,0.9870727682180719,2.137251443222035,SL,-7.363051930033703,0.081760801823302,0.0,-7.402091567962845,7.323992762520809,-1.0106634192542752,9,969.0875556042508,,2
XRP,1,DONCHIAN_V2,2023-05-18 12:00:00+00:00,2023-05-31 08:00:00+00:00,0.46544307205080987,0.5077149900113529,221.93126257692288,103.29636863791792,0.5079689744986021,0.8516630426805745,SL,9.381460124531417,0.10798709870018364,0.0,9.325121210150192,7.5,1.2433494946866923,77,978.3648225842034,,2
LINK,1,DONCHIAN_V2,2023-05-29 00:00:00+00:00,2023-06-01 00:00:00+00:00,6.6363272289276125,6.380520588941126,29.22045175752175,193.9164796400073,6.383712445163708,9.523353329086522,SL,-7.4747855829788685,0.19017908684851786,0.0,-7.568006430007383,7.381518102209968,-1.0252642241358971,18,970.7619262465643,,2
SOL,1,DONCHIAN_V2,2023-05-28 00:00:00+00:00,2023-06-05 00:00:00+00:00,20.424084076309203,21.603452479492926,7.3585571375132925,150.29178965689667,21.614259609297573,31.97888059885382,SL,8.67844978100524,0.1546310145473993,0.0,8.598964661286288,7.439830162054882,1.1558012043263166,48,979.2936087057108,,2
XRP,1,DONCHIAN_V2,2023-06-04 16:00:00+00:00,2023-06-05 12:00:00+00:00,0.5359071401596069,0.5066580010748258,251.0964945148419,134.56440427955135,0.5069114568032275,0.86728637851823,SL,-7.344356291765587,0.13089222613366858,0.0,-7.40796631575948,7.280714446849232,-1.0174779370677443,5,971.8856423899513,,2
APT,1,DONCHIAN_V2,2023-05-31 04:00:00+00:00,2023-06-05 16:00:00+00:00,8.732246321296692,8.065079852282853,10.96034821669728,95.70846039538559,8.069114409487597,16.31089674197207,SL,-7.3123768188960545,0.09205227198593757,0.0,-7.356574860684299,7.26815666703188,-1.0121651469145514,33,964.529067529267,,2
SUI,-1,DONCHIAN_V2,2023-05-31 12:00:00+00:00,2023-06-06 16:00:00+00:00,0.95840828,0.8371080407845115,72.80802630751168,69.77981526357702,0.8366896959365433,-0.19338563873086478,SL,8.831631007908745,0.06536399975962265,0.0,8.801156915780911,7.337736169381525,1.1994376347988447,37,973.1774772939158,,2
AVAX,-1,DONCHIAN_V2,2023-05-18 20:00:00+00:00,2023-06-10 16:00:00+00:00,14.567085694885254,11.720287989234487,8.846442295017209,128.86688300637306,11.714430773847564,4.878461062660536,SL,25.184031628626894,0.11627486719205961,0.0,25.13219020293802,7.499612638617607,3.3511317735965895,137,998.2695269277115,,2
SOL,-1,DONCHIAN_V2,2023-06-05 16:00:00+00:00,2023-06-10 16:00:00+00:00,19.91501682548523,15.282709283763808,4.69700131122802,93.5408601424322,15.275071747889864,2.3135910229613756,SL,21.757954597476957,0.08266188284369372,0.0,21.722063144704478,7.233968006469502,3.002786731331676,30,1019.991590072416,,2
LINK,-1,DONCHIAN_V2,2023-06-05 16:00:00+00:00,2023-06-10 20:00:00+00:00,6.087782425022126,5.193275852950994,23.937261407419225,145.72483929924715,5.190680512694647,2.634174688829376,SL,21.412037646321163,0.13501882047608657,0.0,21.3498812454947,7.233617228243968,2.9514806454139118,31,1041.3414713179106,,2
APT,-1,DONCHIAN_V2,2023-06-05 16:00:00+00:00,2023-06-11 16:00:00+00:00,8.098479543685913,6.273443884938083,8.177905798886108,66.22860282246955,6.270308730572797,-2.0096909173794,SL,14.92496969684781,0.058766117974045656,0.0,14.899317880285,7.233070760096595,2.0598883067039186,36,1056.2407891981957,,2
NEAR,-1,DONCHIAN_V2,2023-06-07 16:00:00+00:00,2023-06-17 04:00:00+00:00,1.4287142200231553,1.2438461125814768,56.19118026511203,80.28113828465005,1.2432245003313112,-0.055775195324991866,SL,10.387957150525454,0.07508715970938733,0.0,10.353010559958392,7.298831079704368,1.418447755113375,57,1066.5236585647813,,2
ETH,-1,DONCHIAN_V2,2023-06-15 00:00:00+00:00,2023-06-17 04:00:00+00:00,1650.5598366455079,1744.6395349866953,0.08499079138541564,140.28238674548408,1743.7676511611148,585.3276707528555,SL,-7.995908015318692,0.14428034075314342,0.0,-8.070047162699094,7.921805918986467,-1.0187130617978575,13,1058.4536114020823,,2
BTC,1,DONCHIAN_V2,2023-06-20 20:00:00+00:00,2023-06-22 12:00:00+00:00,27987.696419999997,29559.43600808871,0.006248922443774473,174.89294430848446,29574.22311964853,42505.23402702939,SL,9.821678787776401,0.17980378370237265,0.0,9.72932147622827,7.937909575829281,1.225678043228634,10,1067.8899722894569,,2
AVAX,1,DONCHIAN_V2,2023-06-21 16:00:00+00:00,2023-06-24 12:00:00+00:00,12.472494267082213,12.874320350387825,9.463394767096982,118.03213697975293,12.8807607307532,22.05727278556312,SL,3.8026388540373963,0.11993345640677164,0.0,3.741721466120501,7.936647501612888,0.4714486142114926,17,1071.5792393701504,,2
LINK,1,DONCHIAN_V2,2023-06-23 08:00:00+00:00,2023-06-25 20:00:00+00:00,5.835166910648346,6.05740922478162,17.978709514292945,104.90877085396079,6.060439444503872,10.926379164980098,SL,3.9956300075863687,0.10690658585775398,0.0,3.941177807155595,8.009174792170926,0.4920828811238017,15,1075.4707473987735,,2
SUI,1,DONCHIAN_V2,2023-06-20 04:00:00+00:00,2023-06-28 04:00:00+00:00,0.7977595199999999,0.6852349279802963,70.76122010229496,56.45043698342117,0.6855777168387156,2.0798372704146786,SL,-7.962377422827194,0.05246924827200757,0.0,-7.986621452607491,7.93812126496797,-1.0061097816499174,48,1067.4484987414783,,2
NEAR,1,DONCHIAN_V2,2023-06-26 08:00:00+00:00,2023-06-28 04:00:00+00:00,1.5753150476932525,1.3962901943299673,45.23184710250122,71.25440937553061,1.3969886886743044,3.613330579338373,SL,-8.097624794875818,0.0672055969780927,0.0,-8.129203187166146,8.0660306054908,-1.0078319293299411,11,1059.319295554312,,2
AVAX,1,DONCHIAN_V2,2023-06-25 08:00:00+00:00,2023-06-28 16:00:00+00:00,13.572713694763184,12.468406380935525,7.319063770071435,99.33955706489363,12.474643702786917,26.1220850316348,SL,-8.082495651660928,0.09529830923906316,0.0,-8.128124182367545,8.036844295276127,-1.0113576776826534,20,1051.161338579261,,2
DOGE,-1,DONCHIAN_V2,2023-06-28 20:00:00+00:00,2023-07-01 00:00:00+00:00,0.0618376301728189,0.0672687275197929,1460.551113412302,90.3170195996888,0.0672351099648105,0.00015214683577206845,SL,-7.932395277173476,0.09428321723827554,0.0,-7.981519984611907,7.883295119813722,-1.0124598741142279,13,1043.0793374807513,,2
XRP,-1,DONCHIAN_V2,2023-06-28 20:00:00+00:00,2023-07-02 00:00:00+00:00,0.4593281115472317,0.4923022596006615,240.8849043072021,110.64520819566276,0.49205623148491906,0.08529245511651884,SL,-7.942974498461951,0.11461669544489374,0.0,-8.002268589809013,7.883710039344456,-1.0150384209810963,19,1035.0388093086808,,2
APT,1,DONCHIAN_V2,2023-06-18 08:00:00+00:00,2023-07-04 16:00:00+00:00,7.098119531536102,7.766542581135583,10.550044844973119,74.88547937268547,7.770427795033099,15.697570680434684,SL,7.051893148688213,0.07841142594702957,0.0,7.010924462427526,7.938402085515616,0.8831657034883175,98,1041.9939467669121,,2
ETH,1,DONCHIAN_V2,2023-06-21 16:00:00+00:00,2023-07-05 08:00:00+00:00,1850.3499764648436,1915.517950750532,0.08736735326769245,161.6601800626704,1916.4761888449543,2888.6264925345054,SL,5.693553431157635,0.16450695677824922,0.0,5.609876564410721,7.937253727288124,0.7067780314397755,82,1047.603823331323,,2
XRP,1,DONCHIAN_V2,2023-07-02 04:00:00+00:00,2023-07-07 00:00:00+00:00,0.49380875324606893,0.4592221530208929,225.9457890512197,111.57400839258209,0.4594518789603731,0.8864587450825929,SL,-7.814696678476487,0.10766666005334385,0.0,-7.86657633433354,7.762791069815106,-1.0133695810675614,29,1039.696625390589,,2
AVAX,1,DONCHIAN_V2,2023-07-09 04:00:00+00:00,2023-07-12 16:00:00+00:00,14.062812419700622,12.92531206605266,6.894124089846541,96.95077387365117,12.931777955030174,26.988920587362877,SL,-7.842068590293373,0.0930297395785045,0.0,-7.886622942935052,7.797491949331218,-1.0114307259543216,21,1031.7304949142906,,2
NEAR,-1,DONCHIAN_V2,2023-07-06 16:00:00+00:00,2023-07-13 16:00:00+00:00,1.3246350510835647,1.453466837406149,61.33252531279744,81.24321280080147,1.4527404671725628,-0.13942684707641284,SL,-7.901578795722813,0.08519400219866288,0.0,-7.946151191521075,7.857028674984923,-1.0113430305810005,42,1023.7095350557697,,2
LINK,1,DONCHIAN_V2,2023-07-13 12:00:00+00:00,2023-07-14 12:00:00+00:00,6.4522904136657715,7.017802065461118,23.188251676165283,149.6173339997905,7.021312721822029,10.266033840994723,SL,13.11322650763444,0.15617394725360773,0.0,13.031861227380729,7.73797871185718,1.6841428120513622,6,1036.647523465636,,2
SOL,1,DONCHIAN_V2,2023-07-08 08:00:00+00:00,2023-07-14 16:00:00+00:00,21.984395542144775,27.125082445702965,2.823106631871922,62.06429285272443,27.13865177158876,53.55134118947114,SL,14.512707289812264,0.06932064649763056,0.0,14.474418789740996,7.797724690429416,1.8562361925275792,38,1051.0780278045497,,2
BTC,1,DONCHIAN_V2,2023-07-13 20:00:00+00:00,2023-07-14 16:00:00+00:00,31627.3242,30318.76391491723,0.005936184605499513,187.7456350291822,30333.930880357406,46408.962138772506,SL,-7.7678554196763985,0.183861707319344,0.0,-7.857844309481151,7.677821512918273,-1.0234471192459973,5,1043.2201834950686,,2
SUI,-1,DONCHIAN_V2,2023-06-28 08:00:00+00:00,2023-07-18 00:00:00+00:00,0.68466304,0.7762186819001471,87.14591248675663,59.66558536675675,0.7758307665168886,-0.3572538344787277,SL,-7.978699956699047,0.06365493534510627,0.0,-8.012522099360774,7.944894716657339,-1.0085120552399074,118,1035.0910702075553,,2
XRP,1,DONCHIAN_V2,2023-07-19 20:00:00+00:00,2023-07-23 00:00:00+00:00,0.8348169100642204,0.7162676744179283,65.68341165569862,54.83362276088652,0.7166259874116341,2.185570311808065,SL,-7.7867182464238285,0.05094026363767461,0.0,-7.81024169868106,7.763183026556664,-1.0060617754294103,19,1027.253411697494,,2
NEAR,1,DONCHIAN_V2,2023-07-14 12:00:00+00:00,2023-07-24 08:00:00+00:00,1.5478095143079758,1.410087753850123,56.74399907920299,87.8289016546734,1.4107931504253357,3.113710815823863,SL,-7.814883448606607,0.08392145993037009,0.0,-7.85489045770964,7.774856425992269,-1.0102939562266138,59,1019.3985212397843,,2
DOGE,1,DONCHIAN_V2,2023-07-01 04:00:00+00:00,2023-07-26 16:00:00+00:00,0.06958391148895025,0.07772594561365666,1099.6674789514645,76.51916452263578,0.07776482802767049,0.15088739828547032,SL,8.953530139452686,0.08099592959236213,0.0,8.910793792121643,7.823095031105633,1.1390368845950585,153,1028.1710231761476,,2
BTC,-1,DONCHIAN_V2,2023-07-17 20:00:00+00:00,2023-08-01 20:00:00+00:00,29878.623079999998,29425.085705733563,0.007804321359815804,233.18237630512945,29410.380515475827,18421.012770483438,SL,3.5395514174623073,0.2314126005963983,0.0,3.424730005018474,7.824151376213014,0.4377126464386078,90,1031.5957531811662,,2
APT,-1,DONCHIAN_V2,2023-07-25 08:00:00+00:00,2023-08-09 12:00:00+00:00,6.88812224111557,7.435338713675896,14.06587994374273,96.88750048135573,7.431622902224784,0.6766861141531271,SL,-7.697081206271929,0.10073604108449169,0.0,-7.749373497115743,7.6448150485070006,-1.0136770409676767,91,1023.7377696562027,,2
LINK,1,DONCHIAN_V2,2023-08-09 12:00:00+00:00,2023-08-15 16:00:00+00:00,7.6405277389526365,7.156352755681769,15.97609838277165,122.06582285380314,7.1599327220427895,13.133042217922316,SL,-7.735227167212201,0.11819820927019704,0.0,-7.792392465055496,7.678033272421519,-1.0148943340796321,37,1015.8843442797203,,2
APT,-1,DONCHIAN_V2,2023-08-15 20:00:00+00:00,2023-08-18 12:00:00+00:00,6.548190088558197,5.836086057256987,13.973727246236894,91.50262225402406,5.833169472520726,0.3167960299893817,SL,9.950747504348856,0.08652724850184963,0.0,9.909971566974018,7.619132582097902,1.300669263881656,16,1025.7485645355673,,2
DOGE,-1,DONCHIAN_V2,2023-08-03 12:00:00+00:00,2023-08-19 00:00:00+00:00,0.07363527247905731,0.06391475761188366,1507.4672624180405,111.002762621411,0.06388281620378176,0.014978945184771109,SL,14.653357936112128,0.10367608365335494,0.0,14.605183233769479,7.736968148858746,1.8877140183036478,93,1040.3537477693367,,2
SUI,-1,DONCHIAN_V2,2023-08-03 16:00:00+00:00,2023-08-19 00:00:00+00:00,0.5879823799999999,0.4970208941034387,180.64706815553208,106.21729307411195,0.496772507849514,0.09853222300971964,SL,16.431925742284566,0.09800133020296967,0.0,16.387033058618652,7.736551888498917,2.118131345177101,92,1056.7407808279554,,2
SOL,-1,DONCHIAN_V2,2023-07-24 12:00:00+00:00,2023-08-23 16:00:00+00:00,23.619275749206544,21.447764278147236,3.1703235084773604,74.88074516091872,21.4370457552696,-3.9416390510097123,SL,6.884393865627579,0.07143854822810494,0.0,6.850395689979933,7.645488909298382,0.8960049214967192,181,1063.5911765179353,,2
AVAX,-1,DONCHIAN_V2,2023-07-24 12:00:00+00:00,2023-08-23 16:00:00+00:00,13.10737765674591,10.44153171600493,7.99667703325871,104.81546587394838,10.436313559225317,2.1811133386946544,SL,21.317909008529362,0.0941565113696837,0.0,21.276160230096654,7.645208106504028,2.78294062551369,181,1084.867336748032,,2
SUI,1,DONCHIAN_V2,2023-08-23 20:00:00+00:00,2023-08-28 20:00:00+00:00,0.60732144,0.5473,94.7018864591945,57.5144860551145,0.5214044078285646,1.5892303791021196,EOD,-5.684143595997353,0.05467241425711583,0.0,-5.710058767226912,8.136505025610239,-0.7017827370909363,30,1079.1285207377775,,2
LINK,1,DONCHIAN_V2,2023-09-16 00:00:00+00:00,2023-09-18 20:00:00+00:00,6.366272771072388,6.53783782032101,22.33216003865921,142.17262237334702,6.541108374508264,10.204101313621948,SL,3.8314181368606817,0.14408833144177735,0.0,3.7584161166055776,7.499362606150715,0.5011647407905114,17,1003.5484621924628,,3
XRP,1,DONCHIAN_V2,2023-09-20 04:00:00+00:00,2023-09-25 00:00:00+00:00,0.5237947232723236,0.4963533491835351,276.7842160918025,144.97811187395268,0.49660165000853934,0.8345727034298573,SL,-7.595339215647224,0.14118044226612908,0.0,-7.664030601976377,7.526613466443471,-1.0182574986938766,29,995.8119425345494,,3
APT,1,DONCHIAN_V2,2023-09-25 12:00:00+00:00,2023-09-26 20:00:00+00:00,5.651329930114746,5.211667700518581,17.087579892704603,96.56755168086843,5.21427483793755,10.646245269282698,SL,-7.512763474029096,0.09281116994385388,0.0,-7.557290868132515,7.468213805091205,-1.01192749235173,8,988.1562660348543,,3
ETH,1,DONCHIAN_V2,2023-09-27 12:00:00+00:00,2023-09-29 12:00:00+00:00,1630.1260088378906,1656.5950992865032,0.14570045205130205,237.51009638826548,1657.4238111920993,2211.449589683405,SL,3.856558443749662,0.2394383756101403,0.0,3.7358751163336543,7.411171995261407,0.5040869539557734,12,991.658281197451,,3
LINK,1,DONCHIAN_V2,2023-09-25 08:00:00+00:00,2023-10-01 16:00:00+00:00,7.277455222892761,7.909089739036298,13.769059152584326,100.20371144429417,7.913046262167381,13.476521434623272,SL,8.697013015594338,0.10455221795209134,0.0,8.642562653364394,7.46858956900912,1.1571880571971271,38,1000.2497937982014,,3
BTC,1,DONCHIAN_V2,2023-09-14 16:00:00+00:00,2023-10-02 16:00:00+00:00,26700.03894,27624.958286911395,0.006365971732271515,169.9716931425887,27638.77767574927,40164.485425014616,SL,5.888010417068979,0.1729156983511232,0.0,5.80008056528915,7.499999999999999,0.7733440753718868,108,1005.9683754299865,,3
SOL,1,DONCHIAN_V2,2023-09-18 12:00:00+00:00,2023-10-02 16:00:00+00:00,19.5969190120697,23.538984242398655,5.499003833361875,107.76353276945349,23.55075962220976,35.18172504199558,SL,21.677431812941478,0.11860224867592424,0.0,21.61271133065028,7.4988294588168145,2.882144666623795,85,1027.5810867606367,,3
ETH,1,DONCHIAN_V2,2023-10-02 00:00:00+00:00,2023-10-02 16:00:00+00:00,1734.3468,1653.697326183129,0.09398228024989591,162.99786700811018,1654.5245884773676,2646.6006459729415,SL,-7.579621450263815,0.15920805628297827,0.0,-7.657330573042739,7.50187345348651,-1.0207224396039338,4,1019.923756187594,,3
SUI,1,DONCHIAN_V2,2023-09-29 12:00:00+00:00,2023-10-03 08:00:00+00:00,0.48389676,0.44842319030238265,210.99563722630066,102.10010522794227,0.44864751405941233,0.886745285035287,SL,-7.484768443040359,0.0983577210064221,0.0,-7.53207611143281,7.437437108980882,-1.0127246793573084,23,1012.3916800761612,,3
DOGE,1,DONCHIAN_V2,2023-09-29 08:00:00+00:00,2023-10-04 00:00:00+00:00,0.06208241491690278,0.060053986482202074,3708.132349459262,230.20981108591943,0.060084028496450295,0.08492111686493117,SL,-7.521681097276698,0.22644897053728108,0.0,-7.63302516227102,7.4102813323999515,-1.0300587548406788,28,1004.7586549138902,,3
AVAX,1,DONCHIAN_V2,2023-10-06 04:00:00+00:00,2023-10-09 12:00:00+00:00,10.414082102394104,9.527986249641643,8.549120797960859,89.03124589324938,9.53275262595462,20.486418975988215,SL,-7.575340483752932,0.08524357565137292,0.0,-7.61606843645768,7.53459215688475,-1.0108136283791394,20,996.8095546935054,,3
DOGE,-1,DONCHIAN_V2,2023-10-09 08:00:00+00:00,2023-10-13 08:00:00+00:00,0.060317933774739506,0.058712771360113124,4713.319002420936,284.2976634472473,0.05868342964529048,0.04204931902978797,SL,7.565642510830401,0.2805148421918321,0.0,7.427276500362193,7.53425828971265,0.9858006209454577,24,1004.1373101282392,,3
NEAR,-1,DONCHIAN_V2,2023-10-04 04:00:00+00:00,2023-10-16 00:00:00+00:00,1.0833833242416382,1.036831903075129,114.48237823451021,124.02829949879224,1.036313746202028,0.331108854150052,SL,5.329317405338294,0.12136364079612308,0.0,5.269967914291567,7.535689911854176,0.6993344970314573,71,1009.4072780425307,,3
APT,-1,DONCHIAN_V2,2023-10-04 04:00:00+00:00,2023-10-16 08:00:00+00:00,5.228654148483277,5.030039845559927,17.010679767056054,88.94296133253818,5.027526082518668,0.16613718255814547,SL,3.3785643041861646,0.0872536791804451,0.0,3.3357821056719885,7.535224805731055,0.44269178314824764,73,1012.7430601482027,,3
DOGE,1,DONCHIAN_V2,2023-10-16 08:00:00+00:00,2023-10-17 12:00:00+00:00,0.06003200374245644,0.0580474258226653,3883.3247527130475,233.1237660880434,0.05807646405469264,0.08238102874547126,SL,-7.706760559612705,0.22927038580823705,0.0,-7.81946906237692,7.593995674405895,-1.029691008217313,7,1004.5967256420317,,3
SOL,1,DONCHIAN_V2,2023-10-16 08:00:00+00:00,2023-10-18 20:00:00+00:00,22.82056318473816,23.47102726452241,6.296475668461824,143.68912083329948,23.482768648846832,36.60520790799683,SL,4.095631251569939,0.14573693645908445,0.0,4.021738875527505,7.594534508609019,0.5295569953587727,15,1008.6184645175592,,3
BTC,1,DONCHIAN_V2,2023-10-16 08:00:00+00:00,2023-10-20 12:00:00+00:00,27855.57,29396.694680282937,0.009941207473655334,276.9180006669293,29411.400380473173,36587.56239053652,SL,15.320640189463424,0.284578320761661,0.0,15.174520869035227,7.595572951111519,1.9978112206551346,25,1023.6767303605812,,3
SUI,-1,DONCHIAN_V2,2023-10-04 04:00:00+00:00,2023-10-21 08:00:00+00:00,0.43931212000000003,0.39010915723133716,181.56430030268,79.763397682287,0.38991420013127154,-0.034971882625430106,SL,8.933501507911089,0.07529664692833146,0.0,8.8980865598239,7.534891269626058,1.1809177122028325,103,1032.574816920405,,3
NEAR,-1,DONCHIAN_V2,2023-10-19 04:00:00+00:00,2023-10-21 12:00:00+00:00,0.9798040190696716,1.0347120053166552,139.0791482129259,136.27030838781133,1.034194907862724,0.3581938614347867,SL,-7.636555957317524,0.1400885863664701,0.0,-7.7085093894900885,7.564638483881693,-1.0190188739243715,14,1024.866307530915,,3
SOL,1,DONCHIAN_V2,2023-10-19 20:00:00+00:00,2023-10-22 04:00:00+00:00,25.15602926902771,28.578885151999483,3.8257128185541847,96.23974363844356,28.593181742870918,47.752385866687476,SL,13.094863627548719,0.10278717545221792,0.0,13.040196323915723,7.56412747022524,1.7239524816637468,14,1037.7150815289394,,3
ETH,-1,DONCHIAN_V2,2023-10-09 12:00:00+00:00,2023-10-22 20:00:00+00:00,1590.691807763672,1651.2638046307197,0.1251292866949068,199.0421312569001,1650.4385853380509,907.8714926279131,SL,-7.579330761659821,0.20283179663773,0.0,-7.682641492669101,7.476071660201291,-1.027630798881648,80,1029.9745767372524,,3
LINK,1,DONCHIAN_V2,2023-10-21 12:00:00+00:00,2023-10-23 04:00:00+00:00,8.061612419700623,10.514408142780962,15.668139287312842,126.31046627220047,10.519667976769346,13.668256699010946,SL,38.43074503254797,0.14552583878847447,0.0,38.348374426895596,7.686497306481862,4.98905716060776,10,1068.2258250615414,,3
APT,1,DONCHIAN_V2,2023-10-21 16:00:00+00:00,2023-10-24 12:00:00+00:00,5.791558108234406,6.047678387751798,16.327429061032156,94.56125416504285,6.050703739621609,11.171478600836412,SL,4.1817856949119525,0.09665214701249883,0.0,4.132414174981975,7.686023642233342,0.5376530657901037,17,1072.2690721715314,,3
NEAR,1,DONCHIAN_V2,2023-10-21 20:00:00+00:00,2023-10-24 12:00:00+00:00,1.042208455324173,1.1262776331163176,155.41318103720624,161.97293134580278,1.126841053643139,1.6073871421354655,SL,13.065458347859634,0.1685056605197326,0.0,12.977939153012803,7.685669037530223,1.6885893849500502,16,1085.2470113245442,,3
AVAX,1,DONCHIAN_V2,2023-10-22 08:00:00+00:00,2023-10-24 12:00:00+00:00,9.8689730260849,10.275596790905153,11.726306043222602,115.7265980361802,10.280737159484895,17.454226784629185,SL,4.768194710729659,0.11811069539154503,0.0,4.707947314356204,7.782863111467045,0.6049120030673096,13,1089.9549586389005,,3
ETH,1,DONCHIAN_V2,2023-10-23 00:00:00+00:00,2023-10-24 12:00:00+00:00,1663.8927706054687,1807.2456754301086,0.11674562726930698,194.25220521320057,1808.149750305261,2420.0969832502487,SL,16.735824794629842,0.2026201176105155,0.0,16.630330779625925,7.724809325529392,2.1528467666722926,9,1106.5852894185264,,3
BTC,1,DONCHIAN_V2,2023-10-23 04:00:00+00:00,2023-10-24 12:00:00+00:00,30744.54768,33743.56007918348,0.0058005123978420526,178.3341299838861,33760.440299333146,46529.741693337026,SL,17.39580860274582,0.187032034285259,0.0,17.297943633452505,8.01169368796156,2.159086992984335,8,1123.8832330519788,,3
NEAR,1,DONCHIAN_V2,2023-10-24 12:00:00+00:00,2023-10-29 00:00:00+00:00,1.1553310079813004,1.1963280047244411,92.31970735053352,106.65982054983056,1.1969264679584202,2.198801046090729,SL,3.7848307415775273,0.10855223592061933,0.0,3.7296084159318235,8.42912424788984,0.4424668929118585,27,1127.440810347311,,3
NEAR,1,DONCHIAN_V2,2023-10-30 00:00:00+00:00,2023-11-02 04:00:00+00:00,1.2777555333852768,1.466191063242161,80.43037889323793,102.77036168310914,1.4669245255049135,2.479264031465719,SL,15.15594106333725,0.11034833221477777,0.0,15.096977911964027,8.455806077604834,1.7853978406562927,19,1142.4864030784336,,3
SOL,1,DONCHIAN_V2,2023-10-25 16:00:00+00:00,2023-11-02 12:00:00+00:00,33.401679457855224,41.71124660303941,1.7668178525824196,59.01468357237408,41.73211265936909,87.91942993258279,SL,14.681491579343756,0.06635542936204596,0.0,14.644643491767898,8.428256796870953,1.7375649371771422,47,1157.0908622139402,,3
SUI,1,DONCHIAN_V2,2023-10-24 12:00:00+00:00,2023-11-05 12:00:00+00:00,0.4510902,0.48510308558227966,172.29635309459894,77.72119637671325,0.4853457584615104,1.0101750307697914,SL,5.8602961440506505,0.08065134444873857,0.0,5.818505397790268,8.428724273562779,0.6903186305477301,72,1162.8719559055899,,3
XRP,1,DONCHIAN_V2,2023-11-05 12:00:00+00:00,2023-11-07 00:00:00+00:00,0.6457591280221939,0.6917955319572338,196.5322385824791,126.91248701527148,0.692141602758613,1.1529265006453437,SL,9.047637521640628,0.1314363057760918,0.0,8.979657459372172,8.721539669291923,1.0295954384051096,9,1171.7881571214543,,3
LINK,1,DONCHIAN_V2,2023-10-25 04:00:00+00:00,2023-11-09 16:00:00+00:00,11.34426840763092,13.946033564109664,4.137706645354927,46.93925477694442,13.953010069144234,34.62405954793958,SL,10.765340977614999,0.052321925265751926,0.0,10.73648867973772,8.428432819076365,1.2738416393896446,93,1182.4693607424913,,3
AVAX,1,DONCHIAN_V2,2023-11-02 04:00:00+00:00,2023-11-09 16:00:00+00:00,12.407480732917785,12.969600979283538,6.4774400422398655,80.3687125227213,12.976089023795435,27.525707276052053,SL,3.641100192363266,0.08218926261890293,0.0,3.5990952860057237,8.568648023088251,0.42003070686390076,45,1186.068456028497,,3
NEAR,1,DONCHIAN_V2,2023-11-05 04:00:00+00:00,2023-11-09 16:00:00+00:00,1.5703140524625778,1.3874915336474096,47.64869305196876,74.82341228098254,1.3881856264606398,3.6517817781990116,SL,-8.711254082011733,0.07046778523997668,0.0,-8.744310161111219,8.678181466604551,-1.0076201096694215,27,1177.3241458673858,,3
DOGE,1,DONCHIAN_V2,2023-11-07 00:00:00+00:00,2023-11-09 16:00:00+00:00,0.07638527483940125,0.07027881017304942,1447.531839532164,110.57011740144841,0.07031396715662773,0.14577164835681283,SL,-8.839302031522422,0.1061504663856872,0.0,-8.890167439207385,8.788411178410907,-1.01157845926081,16,1168.4339784281785,,3
SOL,1,DONCHIAN_V2,2023-11-10 12:00:00+00:00,2023-11-11 20:00:00+00:00,50.740145542144774,56.295270268133976,1.0845156649575536,55.02848268268219,56.32343198412604,143.07147839380374,SL,6.024619786128327,0.058040792575746354,0.0,5.994093234893922,8.761792973852984,0.684117195279727,8,1174.2056421739503,,3
APT,1,DONCHIAN_V2,2023-10-26 00:00:00+00:00,2023-11-13 04:00:00+00:00,6.918883519077301,7.554124019478633,7.765311523840219,53.72728592279913,7.557902970964115,19.322816745058677,SL,4.932840378176487,0.05619370611188738,0.0,4.903510315025999,8.428035491807554,0.5818094050259329,109,1179.081006577333,,3
BTC,1,DONCHIAN_V2,2023-11-09 16:00:00+00:00,2023-11-14 16:00:00+00:00,37137.52602,35193.21638729173,0.004548313508122513,168.9131112550173,35210.821798190824,59157.002840676294,SL,-8.843329766419735,0.1644914463718074,0.0,-8.923364657164035,8.763254838211338,-1.0182705880302092,30,1170.157641920169,,3
ETH,1,DONCHIAN_V2,2023-11-09 16:00:00+00:00,2023-11-14 16:00:00+00:00,2038.277569116211,1920.2134097827657,0.07482795989325296,152.52015219314498,1921.1739967811561,3376.604110088267,SL,-8.834500179433673,0.14810290210342814,0.0,-8.90634300544053,8.762621414044133,-1.016401666191586,30,1161.2512989147285,,3
AVAX,1,DONCHIAN_V2,2023-11-12 08:00:00+00:00,2023-11-16 16:00:00+00:00,18.405680827331544,21.746711779045643,3.0583939716583215,56.291823286577944,21.75759057433281,51.313866899269144,SL,10.218188921846266,0.06140091774750108,0.0,10.184933915742054,8.806542316304627,1.156519045719617,26,1171.3362111625152,,3
BTC,1,DONCHIAN_V2,2023-11-16 00:00:00+00:00,2023-11-16 16:00:00+00:00,37877.47398,35746.46743250222,0.004121489539583958,156.11161279443357,35764.34960730587,62027.4668107901,SL,-8.782921194297034,0.15172015219728507,0.0,-8.856585540097102,8.709219997898778,-1.0169206360884073,4,1162.479625622418,,3
LINK,1,DONCHIAN_V2,2023-11-09 16:00:00+00:00,2023-11-17 12:00:00+00:00,15.114022261047364,13.171246650446598,4.525415599632539,68.3972321133372,13.177835568230712,37.241870178951956,SL,-8.791867054798336,0.06400129858593803,0.0,-8.821669737327605,8.762049463473408,-1.0068043754035785,47,1153.6579558850906,,3
LINK,-1,DONCHIAN_V2,2023-11-17 16:00:00+00:00,2023-11-20 00:00:00+00:00,12.950409468650818,15.076829073093325,4.08337162867202,52.88133460397424,15.069294425880386,-11.26541861397282,SL,-8.682961483432512,0.0572228153456905,0.0,-8.713743631476216,8.652194718771144,-1.0071136763220945,14,1144.885778204041,,3
SOL,1,DONCHIAN_V2,2023-11-15 20:00:00+00:00,2023-11-21 16:00:00+00:00,65.40307738952636,52.41081693482506,0.6717072784582059,43.93172311611017,52.43703545255133,213.58641381209816,SL,-8.726995911047585,0.039568225160586376,0.0,-8.744598274650116,8.709384741860463,-1.0040431711117783,35,1136.113866518547,,3
DOGE,1,DONCHIAN_V2,2023-11-17 12:00:00+00:00,2023-11-21 20:00:00+00:00,0.08387677445858717,0.07249850038866774,762.8662994700064,63.986764542702744,0.07253476777255402,0.2134997080132517,SL,-8.68010183407496,0.05964671362566527,0.0,-8.707755165429274,8.652434669138179,-1.006393633515479,26,1127.4061113531177,,3
NEAR,1,DONCHIAN_V2,2023-11-20 08:00:00+00:00,2023-11-21 20:00:00+00:00,2.0694138057231903,1.7432561453396598,26.39724425169608,54.626821687507,1.744128209444382,5.786963477481001,SL,-8.609663425705794,0.0503219899746541,0.0,-8.632672004836694,8.586643336530306,-1.0053604961219906,9,1118.773439348281,,3
XRP,-1,DONCHIAN_V2,2023-11-22 00:00:00+00:00,2023-11-26 08:00:00+00:00,0.5782843358278275,0.6309515883096186,160.2768054288789,92.68556597604517,0.6306362701745314,-0.02002348527736031,SL,-8.441338978497681,0.096906235465294,0.0,-8.491902430974953,8.390800795112108,-1.0120491045290623,26,1110.1721020771693,,3
DOGE,-1,DONCHIAN_V2,2023-11-22 00:00:00+00:00,2023-11-27 04:00:00+00:00,0.07173565011918545,0.0815641215223245,857.2437742341641,61.494939455312,0.0815233598424033,-0.04012388957473284,SL,-8.425395920579474,0.06570763741560173,0.0,-8.46035608826742,8.390453224239698,-1.0083312381535927,31,1101.6595428262685,,3
SUI,1,DONCHIAN_V2,2023-11-25 04:00:00+00:00,2023-11-27 12:00:00+00:00,0.6777355199999999,0.5895379227544302,95.44899585971118,64.6891748424592,0.5898328391740172,1.6823375865826602,SL,-8.418372094328861,0.06047998879529477,0.0,-8.446507495702926,8.39022261821674,-1.0067083890436925,14,1093.2130353305656,,3
LINK,1,DONCHIAN_V2,2023-11-26 08:00:00+00:00,2023-11-27 16:00:00+00:00,15.106020287132262,13.894380950399633,6.911570571331798,104.40632526648446,13.901331616207736,28.873890811983976,SL,-8.374330782829219,0.10021915987506985,0.0,-8.422346780071047,8.326290765578769,-1.011536471304771,8,1084.7906885504947,,3
APT,-1,DONCHIAN_V2,2023-11-28 08:00:00+00:00,2023-12-02 16:00:00+00:00,6.798940061283112,7.394412236516371,13.748308371055742,93.47392455884484,7.390716878077333,0.035776440777733676,SL,-8.186735091490187,0.09756729210458995,0.0,-8.237565421315354,8.135930164128709,-1.0124921496542283,26,1076.2410718131662,,3
DOGE,1,DONCHIAN_V2,2023-11-30 20:00:00+00:00,2023-12-04 08:00:00+00:00,0.08410681988149882,0.08720331719063373,1394.7848272918177,117.31091624248035,0.08724694066096421,0.15076803613075096,SL,4.3189474645313215,0.119470389974746,0.0,4.258132532677815,8.135579636911613,0.5233963310196624,21,1080.4117305239758,,3
NEAR,1,DONCHIAN_V2,2023-12-02 04:00:00+00:00,2023-12-04 08:00:00+00:00,1.940388057231903,2.045257001273521,56.87963174117711,110.36855813032874,2.046280141344193,3.5747856499647392,SL,5.964906918173351,0.1133510115894154,0.0,5.9067401856491,8.134344154414629,0.726148300775229,13,1086.318470709625,,3
ETH,1,DONCHIAN_V2,2023-12-02 20:00:00+00:00,2023-12-06 08:00:00+00:00,2160.0420294433593,2235.5326701475547,0.08099270354537882,174.94764373626444,2236.6509956453774,3299.024069660813,SL,6.114191083005602,0.17800473927776725,0.0,6.023660165595968,8.071808038598746,0.746259095458081,21,1092.2157236390456,,3
DOGE,1,DONCHIAN_V2,2023-12-04 08:00:00+00:00,2023-12-06 08:00:00+00:00,0.0905981174737215,0.09921034078488968,1357.3224060923128,122.97085479686567,0.0992599707702748,0.15919862930287498,SL,11.689563666519096,0.1288156366301252,0.0,11.622233457287404,8.147388530322187,1.4264980016643203,12,1103.837957096333,,3
BTC,1,DONCHIAN_V2,2023-12-01 12:00:00+00:00,2023-12-07 08:00:00+00:00,38590.916639999996,43224.673279473165,0.005497435703131438,212.1510829533051,43246.296427687004,55502.98808625999,SL,25.47377918946215,0.22488797254803616,0.0,25.354966758390766,8.135139720975705,3.1167217316520492,35,1129.126519873903,,3
SOL,1,DONCHIAN_V2,2023-12-02 08:00:00+00:00,2023-12-09 16:00:00+00:00,62.04240477905273,73.9470589886459,1.4634853446581333,90.7981501414914,73.98405101415298,125.56145773818048,SL,17.422286968962364,0.09950929362597259,0.0,17.368176750407137,8.133930272321642,2.135274851016124,44,1146.4265770590807,,3
APT,1,DONCHIAN_V2,2023-12-04 08:00:00+00:00,2023-12-09 16:00:00+00:00,7.564312490558624,8.367004846397304,17.165290000344207,129.84361755366473,8.371190441618113,12.988499416252994,SL,13.778447069030424,0.13673284108817993,0.0,13.706636036719077,8.1469273896167,1.6824301213471295,32,1160.1332130957999,,3
AVAX,1,DONCHIAN_V2,2023-12-06 20:00:00+00:00,2023-12-09 16:00:00+00:00,27.392476530075072,31.3376089449141,2.1311618355636206,58.37780056246819,31.35328558770795,71.78680200736136,SL,8.40771563874988,0.06258165838184312,0.0,8.37432288064927,8.27850556511845,1.0115742285581768,17,1168.5075359764492,,3
DOGE,1,DONCHIAN_V2,2023-12-06 08:00:00+00:00,2023-12-11 00:00:00+00:00,0.10272054249197245,0.09124940238452786,724.5888628828276,74.43016107896548,0.0912950499094826,0.23329760057757054,SL,-8.311860366422868,0.07027423089575405,0.0,-8.34491951677914,8.278784678222497,-1.0079884718744543,28,1160.0966285553138,,3
ETH,1,DONCHIAN_V2,2023-12-07 16:00:00+00:00,2023-12-11 00:00:00+00:00,2322.4644,2177.013952289468,0.058661450508661964,136.2391304587293,2178.1030037913633,3972.3089280987015,SL,-8.532334239834096,0.13197296333881225,0.0,-8.596187637943544,8.468448899054271,-1.0150840774281036,20,1151.5004409173703,,3
SUI,1,DONCHIAN_V2,2023-12-09 16:00:00+00:00,2023-12-11 00:00:00+00:00,0.71904378,0.6320577755598258,101.11716831501246,72.7076709281228,0.6323739625410963,1.709555979530328,SL,-8.79577845202752,0.06830978170210904,0.0,-8.827734398265568,8.763806519823369,-1.0072945332941339,8,1142.6727065191046,,3
AVAX,1,DONCHIAN_V2,2023-12-10 20:00:00+00:00,2023-12-12 12:00:00+00:00,35.554110285186766,38.933456301501685,1.6669841351342876,59.26813778422114,38.95293276788563,95.63546957591177,SL,5.633316196326225,0.06208479588238425,0.0,5.600865469335951,8.763533866057388,0.6391103811476129,10,1148.2735719884406,,3
APT,1,DONCHIAN_V2,2023-12-12 16:00:00+00:00,2023-12-18 08:00:00+00:00,9.041807961845398,7.70174010985294,6.4451090819639205,58.275438612263464,7.705592906306093,24.312837168008897,SL,-8.636883483324475,0.05395699687060123,0.0,-8.661702760888945,8.612051789913304,-1.0057652894091735,34,1139.5239153627401,,3
SUI,-1,DONCHIAN_V2,2023-12-18 04:00:00+00:00,2023-12-19 16:00:00+00:00,0.5983803000000001,0.671851844210109,117.74887243341043,70.45860561136587,0.6715160861670255,-0.23745725619457603,SL,-8.65119148668179,0.07478420135470676,0.0,-8.690746385230815,8.61165635569826,-1.0091840670674488,9,1130.65501227433,,3
ETH,-1,DONCHIAN_V2,2023-12-18 12:00:00+00:00,2023-12-21 12:00:00+00:00,2142.1115310546875,2270.364354307965,0.06723214143667815,144.0187454290079,2269.2297394382463,689.3320066711592,SL,-8.622711952617651,0.14833010140531674,0.0,-8.699032681308465,8.54642936522055,-1.0178557979673861,18,1121.9250576207535,,3
DOGE,-1,DONCHIAN_V2,2023-12-18 12:00:00+00:00,2023-12-21 20:00:00+00:00,0.08836232548505069,0.09769233032438243,920.7229510743748,81.3572210843903,0.09764350857009739,-0.01770833834405447,SL,-8.590349589207722,0.08565239587899418,0.0,-8.635323374544521,8.545398279525772,-1.0105232187052304,20,1113.26212644835,,3
XRP,-1,DONCHIAN_V2,2023-12-18 12:00:00+00:00,2023-12-22 08:00:00+00:00,0.5895820436000824,0.6283763053025908,222.08518944279996,130.93743984499744,0.6280622741655081,0.14980797999521667,SL,-8.615630959495146,0.13524525532474502,0.0,-8.685407494897392,8.54588929492519,-1.0163257672966874,23,1104.5450824400734,,3
NEAR,1,DONCHIAN_V2,2023-12-21 12:00:00+00:00,2023-12-24 08:00:00+00:00,3.357671512556076,3.68976349558844,16.444609161934192,55.21559571814509,3.6916093002385595,9.205484859286349,SL,5.461122866778909,0.05794615715153455,0.0,5.430784507486447,8.41443793215565,0.6454126290162274,17,1109.9134181199952,,3
SOL,1,DONCHIAN_V2,2023-12-21 20:00:00+00:00,2023-12-24 08:00:00+00:00,92.97859108428955,109.1443183756063,0.6805117825583598,63.2730267585347,109.19891783452356,233.20021608327158,SL,11.00096789536629,0.06877351070621784,0.0,10.96383089803934,8.349465948362624,1.3131176252284025,15,1120.8772490180345,,3
SUI,1,DONCHIAN_V2,2023-12-19 20:00:00+00:00,2023-12-26 04:00:00+00:00,0.69643926,0.8201215639708705,88.80019850727577,61.84394453626024,0.8205318298858134,1.787802662283731,SL,10.983013144450526,0.0673354511084855,0.0,10.94659966561017,8.479912592057474,1.2908859079353088,38,1131.7662542691849,,3
SOL,1,DONCHIAN_V2,2023-12-25 16:00:00+00:00,2023-12-26 16:00:00+00:00,123.22463694763184,103.09530156162994,0.4187010180316601,51.594280936555165,103.1468749991295,352.6847735019443,SL,-8.428173218419715,0.047380194327345304,0.0,-8.449756272278783,8.406579367635258,-1.005136084815871,6,1123.2849417468894,,3
AVAX,1,DONCHIAN_V2,2023-12-16 12:00:00+00:00,2023-12-26 20:00:00+00:00,43.651730156707764,44.40700149536133,1.0806830618150376,47.17368539927476,35.68285050890918,134.72464041726298,EOD,0.8162089427572761,0.047581789870653396,0.0,0.79221399558626,8.611833257018509,0.0919913300621117,62,1124.0771557424757,,3
ETH,1,DONCHIAN_V2,2023-12-22 12:00:00+00:00,2023-12-26 20:00:00+00:00,2313.9426764648438,2231.1298828125,0.053976123263397374,124.89765512930204,2160.465775616016,4067.964400451446,EOD,-4.469913557965199,0.12266269835031944,0.0,-4.530127428750868,8.28408811830055,-0.5468468422907369,26,1119.547028313725,,3
APT,1,DONCHIAN_V2,2023-12-25 16:00:00+00:00,2023-12-26 20:00:00+00:00,10.317363047790527,10.742799758911133,6.16383737672379,63.59454798320013,8.95353960870591,25.903916637329004,EOD,2.6223227014356296,0.06490570933391795,0.0,2.589214266093312,8.406385889081747,0.3080056400285163,7,1122.1362425798181,,3
SUI,1,DONCHIAN_V2,2023-12-26 04:00:00+00:00,2023-12-26 20:00:00+00:00,0.87527502,0.8842,72.10590796153198,63.112500033148066,0.7575558601282831,2.220636847105336,EOD,0.6435437864385116,0.06343427192636733,0.0,0.6116657645287183,8.488246907018887,0.07206031719258015,4,1122.7479083443468,,3
AVAX,1,DONCHIAN_V2,2024-01-02 08:00:00+00:00,2024-01-03 08:00:00+00:00,43.215642132568355,39.86744248613791,2.253343722283618,97.37969590387833,39.88738617922752,96.46773738602172,SL,-7.544644654236271,0.09360737357676019,0.0,-7.589562179861092,7.499704658613651,-1.0119814746497033,6,992.2675916694797,,4
SUI,1,DONCHIAN_V2,2024-01-02 04:00:00+00:00,2024-01-03 12:00:00+00:00,0.8771753999999999,0.7932462350029503,89.78558111209635,78.75770302623556,0.7936430565312159,2.2136928955005444,SL,-7.535628851513116,0.074989888600479,0.0,-7.571239888600477,7.5,-1.009498651813397,8,984.6963517808791,,4
APT,1,DONCHIAN_V2,2024-01-02 12:00:00+00:00,2024-01-03 12:00:00+00:00,10.280755614852906,7.761970489213944,10.656308397242274,109.55490238855268,9.577009138568984,21.540699235395657,LIQ,-26.840951085195403,0.09613442684595498,0.0,-26.88230806084708,7.499339484754012,-3.584623434570232,6,957.814043720032,,4
APT,-1,DONCHIAN_V2,2024-01-03 16:00:00+00:00,2024-01-04 08:00:00+00:00,9.066586702919006,10.160731329235865,6.595215318518189,59.79609150976475,10.155653502484624,-8.358482090130872,SL,-7.216119400159313,0.06340415120984441,0.0,-7.249625505614275,7.182630039384742,-1.0093274282348073,4,950.4044816999299,,4
APT,1,DONCHIAN_V2,2024-01-04 16:00:00+00:00,2024-01-05 16:00:00+00:00,10.906080926513672,9.617365818743766,5.551843054861082,60.54884964761784,9.622176907197364,31.448545235574613,SL,-7.154744020766906,0.05697147763723439,0.0,-7.181441073580332,7.128033612749475,-1.007492593852999,6,943.1927662015257,,4
AVAX,-1,DONCHIAN_V2,2024-01-03 16:00:00+00:00,2024-01-09 04:00:00+00:00,37.08258215255737,37.551859844949654,1.5309535519914799,56.771710863473565,37.53309329830051,-37.98533011905359,SL,-0.7184423500383293,0.05713093203849273,0.0,-0.7471874266450853,7.18284293330048,-0.10402391275758503,33,942.4455787748807,,4
ETH,-1,DONCHIAN_V2,2024-01-03 16:00:00+00:00,2024-01-10 00:00:00+00:00,2239.541992236328,2377.977165967228,0.052340793439217624,117.21940481409557,2376.7887715814372,43.593522714578285,SL,-7.245806832971232,0.12084230823058117,0.0,-7.308039438794766,7.18360532790024,-1.0173219581553623,38,935.1375393360859,,4
DOGE,-1,DONCHIAN_V2,2024-01-03 16:00:00+00:00,2024-01-10 20:00:00+00:00,0.08240351494401693,0.0842131746449494,1044.6862836721002,86.08582178838343,0.08417108910039921,-0.027610997430100537,SL,-1.8905266676783063,0.08703108512222257,0.0,-1.9345148419063372,7.183165755132188,-0.2693122931938715,43,933.1405395753364,,4
ETH,1,DONCHIAN_V2,2024-01-10 16:00:00+00:00,2024-01-12 20:00:00+00:00,2449.899794091797,2490.7026398529006,0.05101018335019831,124.96983768623565,2491.9486141599805,4649.784157375392,SL,2.0813606434837526,0.12601051800797752,0.0,2.017835044318893,7.013531545020644,0.2877059911067889,13,934.9994272432201,,4
LINK,1,DONCHIAN_V2,2024-01-11 00:00:00+00:00,2024-01-12 20:00:00+00:00,15.080015064239502,13.70090881292516,5.10004879567617,76.90881266715319,13.707762694272295,37.03605298371481,SL,-7.033509176125188,0.07339205807909059,0.0,-7.0684468278707016,6.998554046815023,-1.0099867459175351,11,927.9309804153494,,4
XRP,1,DONCHIAN_V2,2024-01-11 00:00:00+00:00,2024-01-12 20:00:00+00:00,0.6009201377749442,0.5571447599864203,160.89200101668715,96.6832434178341,0.5574234717222815,1.2968667946175492,SL,-7.043108127657054,0.09316168935400558,0.0,-7.087928195302142,6.9982656387675215,-1.012812111051905,11,920.8430522200472,,4
DOGE,1,DONCHIAN_V2,2024-01-11 12:00:00+00:00,2024-01-12 20:00:00+00:00,0.08595719139575958,0.07870992560751242,970.8352617878298,83.45027241124885,0.07874930025764124,0.20128344960565314,SL,-7.035901178778919,0.07993232182185939,0.0,-7.074108364395154,6.997674880013301,-1.0109226972805154,8,913.7689438556521,,4
APT,1,DONCHIAN_V2,2024-01-13 16:00:00+00:00,2024-01-18 12:00:00+00:00,10.282956181526185,9.018973511177746,5.441257476746633,55.952212205787355,9.023485253804647,30.434491025070784,SL,-6.877655155511615,0.052513384628031554,0.0,-6.902192434036753,6.8531056022098324,-1.00716271347272,29,906.817245087838,,4
AVAX,1,DONCHIAN_V2,2024-01-11 00:00:00+00:00,2024-01-18 16:00:00+00:00,38.57771369476318,34.12428564663027,1.5773984133859833,60.85242437417816,34.14135632479267,109.55943161429138,SL,-7.024830337253494,0.05734000920555142,0.0,-7.0517441342719565,6.997903076604705,-1.0076938844505081,46,899.7655009535661,,4
SUI,1,DONCHIAN_V2,2024-01-13 08:00:00+00:00,2024-01-18 16:00:00+00:00,1.25955186,1.1898486977177378,34.187123782853995,43.060455348743986,1.1904439196775765,4.466966264298983,SL,-2.3829506370000555,0.04186898003024396,0.0,-2.4032893893559275,6.8532670789173915,-0.35067791196247594,32,897.3622115642102,,4
DOGE,-1,DONCHIAN_V2,2024-01-18 20:00:00+00:00,2024-01-20 16:00:00+00:00,0.07753449144214392,0.08111202616073503,1902.4503115264556,147.505517398152,0.08107149041552726,0.020942507868010315,SL,-6.806082039880369,0.1509085584180922,0.0,-6.883237839599385,6.7289647987819,-1.0229267124187382,11,890.1785949776563,,4
DOGE,1,DONCHIAN_V2,2024-01-21 00:00:00+00:00,2024-01-22 00:00:00+00:00,0.0877475439324975,0.08270188833913497,1334.124824088876,117.06617661317414,0.08274325996911952,0.16781608734654496,SL,-6.731534380907828,0.11370040942272024,0.0,-6.786701702023961,6.676339462332422,-1.0165303517465218,6,883.3333601873258,,4
SUI,-1,DONCHIAN_V2,2024-01-20 12:00:00+00:00,2024-01-23 16:00:00+00:00,1.07658464,1.2197262113388114,47.20451341167364,50.81965407768184,1.2191166530123054,-1.2039275681968862,SL,-6.7569282240309585,0.05419811818969732,0.0,-6.785716515181815,6.728154319832209,-1.0085554213850199,19,876.4433772999502,,4
BTC,-1,DONCHIAN_V2,2024-01-18 20:00:00+00:00,2024-01-26 08:00:00+00:00,41017.99476,40861.430866534254,0.0040600330970437404,166.53441629996672,40841.01036135358,14495.189941952245,SL,0.635654589272964,0.16621658900533026,0.0,0.5527052084176172,6.730216586731577,0.08212294527151759,45,876.9960825083677,,4
NEAR,-1,DONCHIAN_V2,2024-01-19 16:00:00+00:00,2024-01-26 08:00:00+00:00,2.915416689395905,2.8534542441468913,23.53769969451637,68.62220251938191,2.8520282300318756,-1.6582922051290363,SL,1.4584534286091926,0.06789297580507733,0.0,1.4248715540638062,6.728411653091657,0.21176937849946917,40,878.4209540624315,,4
XRP,-1,DONCHIAN_V2,2024-01-18 20:00:00+00:00,2024-01-26 16:00:00+00:00,0.546390727174282,0.5317436643683477,306.14667360582774,167.2757036134758,0.531477925405645,0.19468521277316853,SL,4.48414955613243,0.1650336288354096,0.0,4.402753779103759,6.729592082670451,0.6542378386412759,47,882.8237078415352,,4
ETH,-1,DONCHIAN_V2,2024-01-22 12:00:00+00:00,2024-01-26 16:00:00+00:00,2380.9936767089844,2277.6000094037586,0.087582233597465,208.53274438761335,2276.4617785145015,1170.7025152656288,SL,9.055448322424866,0.20400502022640093,0.0,8.95570967439227,6.6250002014049425,1.351805192774645,25,891.7794175159275,,4
SOL,1,DONCHIAN_V2,2024-01-28 04:00:00+00:00,2024-01-31 00:00:00+00:00,96.65932738952637,98.73351355754582,1.1057215638505495,106.87830264188935,98.78290501005084,193.420606129213,SL,2.2934723734196467,0.10802503882859918,0.0,2.2388864859119924,6.6869395280140855,0.33481482470904084,17,893.7341328491057,,4
AVAX,1,DONCHIAN_V2,2024-01-28 00:00:00+00:00,2024-01-31 08:00:00+00:00,33.28265617675781,34.30106440360806,2.9878771174859295,99.4444867996864,34.31822351536574,69.09303087096984,SL,3.042878637265275,0.10096592611831903,0.0,2.9916349545467993,6.687312444839585,0.4473598294117933,20,896.6611325983043,,4
NEAR,1,DONCHIAN_V2,2024-01-28 04:00:00+00:00,2024-01-31 08:00:00+00:00,3.041608089351654,2.8794265001871118,28.439925696980414,86.5031080604956,2.8808669336539388,6.803383731452786,SL,-4.61243234525779,0.08419689188786672,0.0,-4.653377683115409,6.686538734379179,-0.6959322106652625,19,892.0077549151889,,4
LINK,1,DONCHIAN_V2,2024-01-31 04:00:00+00:00,2024-02-02 20:00:00+00:00,15.85417003211975,17.748624937594684,8.153716683653567,129.27041069637522,17.757503689439403,29.007447255609986,SL,15.44684856920031,0.1369938349809754,0.0,15.374489939567521,6.703005996368293,2.2936709213593813,16,907.3822448547564,,4
APT,1,DONCHIAN_V2,2024-01-27 16:00:00+00:00,2024-02-04 04:00:00+00:00,9.10692069797516,8.877561064289594,10.724630793005337,97.66836214696205,8.882002065322254,19.084220736028687,SL,-2.4597973900966346,0.09643846345191373,0.0,-2.5074016724750674,6.687678701197637,-0.3749285491281211,45,904.8748431822813,,4
LINK,1,DONCHIAN_V2,2024-02-05 12:00:00+00:00,2024-02-06 20:00:00+00:00,19.67193286743164,18.231823872495116,4.742568662086651,93.29549233975368,18.24094434466745,42.56774923165865,SL,-6.829815789375057,0.08988058444506615,0.0,-6.873048627650246,6.786561323867111,-1.012743906620128,8,897.9551468084611,,4
AVAX,1,DONCHIAN_V2,2024-02-09 16:00:00+00:00,2024-02-12 00:00:00+00:00,37.59451920089722,38.715622174160245,3.807241184555274,143.13140181520993,38.73498966899474,65.88796952901424,SL,4.2683094119343705,0.14526555652117712,0.0,4.194609556320798,6.7324993338985095,0.6230389857152611,14,901.7896217085478,,4
SOL,1,DONCHIAN_V2,2024-02-08 04:00:00+00:00,2024-02-12 08:00:00+00:00,101.81035891571045,104.25793185702217,1.2647433627170985,128.76397569449037,104.3100869004724,187.00915955264097,SL,3.0955516322899634,0.13031175151063534,0.0,3.0296218686265735,6.734663601063457,0.44985496649723855,25,904.8192435771743,,4
ETH,1,DONCHIAN_V2,2024-02-08 16:00:00+00:00,2024-02-13 12:00:00+00:00,2454.3108323730467,2595.4426990484085,0.09482659014875552,232.7339273990899,2596.7410695832,3590.5627170970456,SL,13.383053678153345,0.23942545423816658,0.0,13.259995187614724,6.734180736154603,1.9690584062325798,29,917.9760467454126,,4
XRP,1,DONCHIAN_V2,2024-02-09 12:00:00+00:00,2024-02-13 12:00:00+00:00,0.5250049991726875,0.5136712210496537,410.738960389251,215.64000755934924,0.5139281851422247,0.7872955002752192,SL,-4.655224243537349,0.21331239543758057,0.0,-4.760716635195255,6.733307983926857,-0.7070397858763636,24,913.2153301102173,,4
SOL,1,DONCHIAN_V2,2024-02-13 00:00:00+00:00,2024-02-16 08:00:00+00:00,111.74234522094726,109.4176154111228,1.0389556918622185,116.09534558933612,109.47235158691625,216.2442915099807,SL,-2.4152912679588967,0.11488769995535668,0.0,-2.4721312951195853,6.785805744229444,-0.36430917540217705,20,910.6171821737983,,4
SUI,1,DONCHIAN_V2,2024-02-13 12:00:00+00:00,2024-02-16 12:00:00+00:00,1.85967186,1.7627777923987091,48.27842887614739,89.78203562598272,1.763659622209814,4.129543563869145,SL,-4.677893351209536,0.08744308895037795,0.0,-4.7204454223469225,6.8491149758266285,-0.6892051657779633,18,905.8967367514514,,4
NEAR,1,DONCHIAN_V2,2024-02-12 20:00:00+00:00,2024-02-20 12:00:00+00:00,3.328665668678284,3.297129532031484,27.124590496787594,90.2886931636141,3.29877892149223,7.331613076939435,SL,-0.8554047923951771,0.08986099076741652,0.0,-0.9001214365807866,6.786144326828808,-0.13264106880577015,46,904.9193909843681,,4
DOGE,1,DONCHIAN_V2,2024-02-19 20:00:00+00:00,2024-02-20 12:00:00+00:00,0.08917783476859331,0.0852122576716769,1731.9175937131683,154.44866100497265,0.085254885114234,0.1519450292383423,SL,-6.868052743375533,0.1510146346332849,0.0,-6.941843047506332,6.794225525635885,-1.0217269093163686,4,897.9775479368617,,4
BTC,1,DONCHIAN_V2,2024-01-26 20:00:00+00:00,2024-02-21 12:00:00+00:00,42068.512019999995,50473.46198368539,0.004227581088062337,177.84804581867508,50498.71133935506,67381.69416193248,SL,35.5326075125866,0.1956143495749684,0.0,35.42591718592097,6.688345631369456,5.2966636502407285,154,933.3560299494668,,4
ETH,1,DONCHIAN_V2,2024-02-14 12:00:00+00:00,2024-02-21 12:00:00+00:00,2757.321373535156,2874.085214349331,0.05884379257721765,162.25124697303158,2875.5229758372498,4619.5475811218275,SL,6.870827229388585,0.16568666058772588,0.0,6.786266192287375,6.848778293193032,0.9908725179543646,42,940.1422961417542,,4
AVAX,-1,DONCHIAN_V2,2024-02-20 16:00:00+00:00,2024-02-26 16:00:00+00:00,37.70045858306885,38.96709371858205,2.5164242080175967,94.87034663179924,38.947619908627736,-5.121139384832205,SL,-3.1873913177310604,0.09646404229066477,0.0,-3.2364201867058258,6.734831609526464,-0.4805495332842306,36,936.7227195468391,,4
LINK,-1,DONCHIAN_V2,2024-02-21 12:00:00+00:00,2024-02-28 08:00:00+00:00,18.277343937301637,19.50486571292891,5.79012687675148,105.82814036700093,19.495118153851987,-1.2070435275039344,SL,-7.107506824857178,0.10938189377942953,0.0,-7.163974648453107,7.051067221063156,-1.0160128139259077,41,929.4349040238167,,4
NEAR,1,DONCHIAN_V2,2024-02-24 20:00:00+00:00,2024-02-28 16:00:00+00:00,3.8257650476932525,3.7245291812328736,20.75723713781855,79.41231232854653,3.7263923774215844,9.260531009057807,SL,-2.1013768869706175,0.07836162388506124,0.0,-2.1400323546914053,7.050670365536779,-0.30352182753454837,23,927.2048536227642,,4
ETH,1,DONCHIAN_V2,2024-02-25 20:00:00+00:00,2024-02-28 16:00:00+00:00,3082.806379394531,3203.696019399328,0.05873621027033309,181.07236372284143,3205.2986687336947,5003.35863482027,SL,7.100599314826628,0.18462266338025474,0.0,7.006512833307793,7.050372569365548,0.9937790895975727,17,934.2113664560719,,4
AVAX,1,DONCHIAN_V2,2024-02-26 16:00:00+00:00,2024-02-28 16:00:00+00:00,38.266650670623775,37.34212218628298,3.3678965065414816,128.87811911063707,37.360802587576764,71.64259501074609,SL,-3.113716252609462,0.12732126098433233,0.0,-3.1765984540384755,7.025420396601294,-0.45215777486785375,12,931.0347680020334,,4
SOL,1,DONCHIAN_V2,2024-02-26 20:00:00+00:00,2024-02-28 16:00:00+00:00,109.73194108428955,105.28110928413928,1.0826713612661711,118.80363002810705,105.33377617222538,213.54829540904484,SL,-4.818788123835454,0.11639423596618934,0.0,-4.87578054478759,7.0249371036546275,-0.6940675016508022,11,926.1589874572458,,4
DOGE,1,DONCHIAN_V2,2024-02-28 20:00:00+00:00,2024-02-29 20:00:00+00:00,0.11317263057231902,0.12094064069423745,630.0943501165771,71.30943511144882,0.12100114126486988,0.28955745051921594,SL,4.894579289469183,0.07375672475618342,0.0,4.856477282268724,6.9461924059293425,0.6991567463813966,6,930.8818392038455,,4
ETH,1,DONCHIAN_V2,2024-02-29 12:00:00+00:00,2024-02-29 20:00:00+00:00,3517.983485302734,3300.7577552399857,0.03222052780478905,113.35128470498542,3302.4089597198454,6967.1758946289565,SL,-6.999127675402385,0.10985172086728423,0.0,-7.052303753917177,6.945924995547676,-1.0153152759981845,2,923.8295354499284,,4
XRP,1,DONCHIAN_V2,2024-02-29 20:00:00+00:00,2024-03-03 04:00:00+00:00,0.6103220278859138,0.586872454841283,144.76573181947083,88.3537150124478,0.5871660378602132,1.3761078451554194,SL,-3.3946946026601146,0.08665636771111773,0.0,-3.4371741128650086,6.928721515874463,-0.49607623931631034,14,920.3229886326704,,4
DOGE,1,DONCHIAN_V2,2024-03-01 20:00:00+00:00,2024-03-03 04:00:00+00:00,0.13575714434981345,0.12436937483693444,371.18999530014906,50.39169377316891,0.12443159063225057,0.4344027017050231,SL,-4.22702611196474,0.04827818071718654,0.0,-4.250108445795342,6.928390189443165,-0.6134337601642674,8,916.0728801868751,,4
BTC,1,DONCHIAN_V2,2024-02-28 08:00:00+00:00,2024-03-05 04:00:00+00:00,58273.45236,65565.87453293402,0.0030895044901411354,180.03609272224554,65598.67386986894,94373.8007617474,SL,22.52997104728441,0.19130107824588777,0.0,22.428688015399644,6.970761780178624,3.2175375837940217,35,938.4796190783011,,4
AVAX,1,DONCHIAN_V2,2024-02-29 12:00:00+00:00,2024-03-05 16:00:00+00:00,42.97459280319214,39.34093064957493,1.921841398236479,82.59035152153011,39.36061095505245,100.79830237342716,SL,-6.983322354026672,0.07909869034451678,0.0,-7.021125868610424,6.945499928230031,-1.010888480478275,31,931.4584932096907,,4
DOGE,1,DONCHIAN_V2,2024-03-04 04:00:00+00:00,2024-03-05 16:00:00+00:00,0.15668133677244186,0.11829440926319361,280.175347310199,43.89824794724515,0.16663323036279343,0.549038289936905,LIQ,-10.755070747075063,0.03852071257370762,0.0,-10.771642335675148,6.8705466014015615,-1.567799908886111,9,920.6868508740156,,4
ETH,1,DONCHIAN_V2,2024-03-05 16:00:00+00:00,2024-03-05 20:00:00+00:00,3784.996838232422,3373.1726773681644,0.035600747448366964,134.74871653077992,3591.0359841360323,6888.370503774655,SL_GAP,-14.66124794406408,0.12741809255874786,0.0,-14.721291678357437,6.905151381555116,-2.1319288839460664,1,905.8981848373927,,4
SUI,-1,DONCHIAN_V2,2024-03-05 20:00:00+00:00,2024-03-07 00:00:00+00:00,1.3091381199999998,1.5274956572121683,31.224349223030455,40.87698584006154,1.526732291066635,-2.172368617066163,SL,-6.8180719973936155,0.04428602183875835,0.0,-6.841919526312343,6.794236386280445,-1.0070181750120124,7,898.9722889657752,,4
APT,1,DONCHIAN_V2,2024-03-06 08:00:00+00:00,2024-03-11 00:00:00+00:00,14.352469758224487,12.292941035036337,3.3087328296269876,47.488487875265875,12.2990905803265,47.2065366045923,SL,-6.814430299972383,0.04408127272527969,0.0,-6.834767328760029,6.794083097583545,-1.0059881856892439,28,892.1118599492193,,4
LINK,1,DONCHIAN_V2,2024-03-11 00:00:00+00:00,2024-03-12 08:00:00+00:00,21.691337674713136,20.125411639137486,4.300416668606666,93.28179010071213,20.135479378826897,46.585070408892946,SL,-6.734134425194681,0.08991472288811479,0.0,-6.77740825303244,6.690838949619144,-1.0129384826125913,8,885.2415224620178,,4
XRP,1,DONCHIAN_V2,2024-03-11 16:00:00+00:00,2024-03-12 16:00:00+00:00,0.6934386687755585,0.6628308700520097,133.5037724399495,92.57667823727367,0.6631624512776485,1.4952723872545677,SL,-4.086256595676435,0.09053354993943545,0.0,-4.130501806497233,6.690489142906267,-0.6173691815757126,6,881.1110206555205,,4
AVAX,1,DONCHIAN_V2,2024-03-12 16:00:00+00:00,2024-03-14 16:00:00+00:00,53.742744843292236,51.11551125725643,1.2081194082428712,64.92765309742583,51.141081798155504,141.26167861528134,SL,-3.1740118852773755,0.06334064715478716,0.0,-3.20488870588345,6.608332654916404,-0.4849769031374514,12,877.8736681230884,,4
ETH,1,DONCHIAN_V2,2024-03-06 12:00:00+00:00,2024-03-15 00:00:00+00:00,3881.2560764648438,3668.080312242946,0.020505531025803686,79.58721689503894,3669.915269877885,9182.385811426382,SL,-4.371282247201534,0.07740157577143816,0.0,-4.408890214525453,6.793905015754013,-0.6489478737636043,51,873.464777908563,,4
NEAR,1,DONCHIAN_V2,2024-03-09 08:00:00+00:00,2024-03-15 04:00:00+00:00,6.288257579326629,7.863769051889411,8.161780102742416,51.32337559186727,7.8677029033410815,19.505554948027577,SL,12.85897818840532,0.05775286468606993,0.0,12.826887011515185,6.742292167243314,1.9024519693514923,35,886.2585766902383,,4
AVAX,1,DONCHIAN_V2,2024-03-16 08:00:00+00:00,2024-03-17 04:00:00+00:00,60.666130128479004,51.42971863772996,0.7216553616335292,43.780038076774254,51.455446360910415,208.03707040957644,SL,-6.665505874552584,0.04044728513949797,0.0,-6.684063140653694,6.646939325176787,-1.0055850991953983,5,879.4553338413139,,4
SOL,1,DONCHIAN_V2,2024-03-15 00:00:00+00:00,2024-03-19 00:00:00+00:00,176.75534522094725,187.0394536149247,0.37439580453318666,66.1764596795377,187.13302012498718,456.71514199195155,SL,3.8503270360696846,0.06810162319757254,0.0,3.815313642711881,6.550985834314222,0.5824029755532634,24,883.2706474840257,,4
BTC,-1,DONCHIAN_V2,2024-03-17 00:00:00+00:00,2024-03-20 20:00:00+00:00,65311.4351,67500.41842113221,0.001424358326146405,93.02688637725556,67466.68507859293,-9348.365947905753,SL,-3.1178966192502746,0.0945858346868807,0.0,-3.1659690107485274,6.646394328188671,-0.47634384215228215,23,880.0417690623135,,4
ETH,-1,DONCHIAN_V2,2024-03-19 08:00:00+00:00,2024-03-20 20:00:00+00:00,3360.0378189453127,3484.3653885498925,0.02452060271020349,82.39015244961665,3482.6240765116368,-962.5507793348429,SL,-3.048586940199073,0.0839144459197162,0.0,-3.091306309893981,6.624529856130192,-0.46664538873401784,9,876.9504627524195,,4
DOGE,-1,DONCHIAN_V2,2024-03-16 20:00:00+00:00,2024-03-21 08:00:00+00:00,0.14326134017407893,0.15675238887542967,273.57597591981266,39.192860949703906,0.15667405184950492,-0.2454594181641685,SL,-3.690826814653748,0.041038274357030786,0.0,-3.7122686585359266,6.646541301417232,-0.5585263808929263,27,873.2381940938836,,4
LINK,-1,DONCHIAN_V2,2024-03-16 20:00:00+00:00,2024-03-25 12:00:00+00:00,18.18736178474426,19.14683025170973,3.4287342977989756,62.35963113783104,19.13726162089928,-12.829448840917998,SL,-3.2897624403411045,0.06400451235800159,0.0,-3.3225871371301907,6.646775150033999,-0.49987957500159985,52,869.8905238495324,,4
LINK,1,DONCHIAN_V2,2024-03-25 16:00:00+00:00,2024-03-27 12:00:00+00:00,19.31186216468811,19.0412178418672,5.68037098554502,109.69854151713899,19.050743213473936,37.68863071159812,SL,-1.5373601587543788,0.1089298614377618,0.0,-1.5914407494335712,6.524178928871493,-0.2439296602352455,11,868.1534936761302,,4
NEAR,1,DONCHIAN_V2,2024-03-26 04:00:00+00:00,2024-03-27 16:00:00+00:00,7.8585712740898135,7.129567376748718,8.992302622216839,70.66665107487574,7.133133943720578,19.465568559997585,SL,-6.555423657666626,0.06738893924604243,0.0,-6.587479271375231,6.5233520081332586,-1.0098304158907903,9,861.5660144047549,,4
SUI,1,DONCHIAN_V2,2024-03-27 16:00:00+00:00,2024-03-30 00:00:00+00:00,2.1083215799999997,1.890838858588957,29.841321390064735,62.91510186238907,1.8917847509644392,5.572910844568966,SL,-6.489971786412836,0.05967011596918266,0.0,-6.518184351450824,6.461745108035662,-1.0087343654804606,14,855.0163725023729,,4
DOGE,1,DONCHIAN_V2,2024-03-22 08:00:00+00:00,2024-03-30 16:00:00+00:00,0.16320262894928456,0.20168144128556856,307.3860682580272,50.166214442094265,0.20178233245179444,0.5041048171489915,SL,11.827850835288814,0.05608013985973867,0.0,11.796853802650123,6.549286455704126,1.801242605959861,50,866.813226305023,,4
SOL,1,DONCHIAN_V2,2024-03-31 20:00:00+00:00,2024-04-01 12:00:00+00:00,200.49008694763182,189.2231794125401,0.5818971113854785,116.66460245625038,189.31783833170596,379.24606480244586,SL,-6.556180948917152,0.11338651198179181,0.0,-6.6112351596708185,6.501099197287672,-1.0169411293445725,4,860.0888212622773,,4
ETH,1,DONCHIAN_V2,2024-03-25 20:00:00+00:00,2024-04-01 16:00:00+00:00,3641.7682470703126,3425.6581541836745,0.030428530270833944,110.81365534534088,3427.3718401037263,7072.110758535695,SL,-6.575912503233803,0.10752569909372398,0.0,-6.6280313746548565,6.523767559340803,-1.0159821474884965,41,853.4607898876225,,4
APT,1,DONCHIAN_V2,2024-03-19 16:00:00+00:00,2024-04-02 00:00:00+00:00,16.527804793167114,15.752415167802624,2.627612681856301,43.428669477771265,15.760295315460354,56.86386155708114,SL,-2.037423612987539,0.0424099576712775,0.0,-2.0581192359199307,6.624220893058508,-0.310696045489157,80,851.3083771720254,,4
BTC,-1,DONCHIAN_V2,2024-04-01 16:00:00+00:00,2024-04-04 12:00:00+00:00,68230.8511,67702.47697870365,0.0027639543742175227,188.58695935442947,67668.64265737496,31176.94900166719,SL,1.4604019637803878,0.1878567583725393,0.0,1.3668386850850633,6.400955924157168,0.2135366500379455,17,852.5495914291994,,4
AVAX,-1,DONCHIAN_V2,2024-04-01 08:00:00+00:00,2024-04-06 12:00:00+00:00,52.199557084655765,48.00975564246895,2.10107460329049,109.6751636935824,47.98576276108841,2.696037734336386,SL,8.80308540300858,0.10527362099207813,0.0,8.752649363863293,6.500661705028462,1.3464243735515184,31,861.2673756065066,,4
DOGE,-1,DONCHIAN_V2,2024-04-02 04:00:00+00:00,2024-04-07 00:00:00+00:00,0.18863226047456266,0.1981979403683994,264.30039873562833,49.855581657829816,0.19809889092293795,-0.19788628338441805,SL,-2.5282130101184355,0.05111968816288903,0.0,-2.5544049074524096,6.3848128287901895,-0.40007514330477634,29,858.7129706990542,,4
ETH,-1,DONCHIAN_V2,2024-04-02 12:00:00+00:00,2024-04-08 08:00:00+00:00,3309.4280698730468,3490.403606597951,0.035622289076479484,117.88940338283321,3488.6592769594713,441.7287564902531,SL,-6.446762884985561,0.121112784825326,0.0,-6.50893096811947,6.384625870358973,-1.0194694411676637,35,852.1118042513272,,4
AVAX,1,DONCHIAN_V2,2024-04-08 00:00:00+00:00,2024-04-09 20:00:00+00:00,49.330863345336915,46.39272856264529,2.209339935979789,108.98864646521439,46.41593653091074,95.9696923761557,SL,-6.491338512691911,0.10574297720886844,0.0,-6.542587166668172,6.440064221570094,-1.0159195532172942,11,845.4810852477176,,4
DOGE,1,DONCHIAN_V2,2024-04-07 16:00:00+00:00,2024-04-10 12:00:00+00:00,0.20012002331614495,0.18295373971209267,377.18520865222774,75.48231274998882,0.1830452623432643,0.47331619888223553,SL,-6.474868262977777,0.07224487861849993,0.0,-6.509371985221283,6.440347280242906,-1.0107175439420983,17,838.9366247420836,,4
BTC,1,DONCHIAN_V2,2024-04-08 08:00:00+00:00,2024-04-10 12:00:00+00:00,70728.44286,68129.94103370259,0.002492118683167401,176.26367388274394,68164.0230452252,111759.15989639671,SL,-6.475774949560374,0.17302578640796376,0.0,-6.5606688990269655,6.390838531884953,-1.026574035049501,13,832.3759558430567,,4
AVAX,-1,DONCHIAN_V2,2024-04-12 16:00:00+00:00,2024-04-14 08:00:00+00:00,44.18116062698364,36.72350118790261,2.1948599515578464,96.97146007351074,36.70514861359582,-1.3274899957001622,SL,16.3685180351963,0.08878720105591259,0.0,16.328216564177144,6.242819668822924,2.6155194976592697,10,848.6113151635648,,4
SOL,-1,DONCHIAN_V2,2024-04-02 12:00:00+00:00,2024-04-14 20:00:00+00:00,179.91400694885255,150.20117807243784,0.46413212733073267,83.50387078176715,150.12611501493038,-40.167591687719295,SL,13.79067847542438,0.07660853154405496,0.0,13.75582187927121,6.384183785096288,2.154671974103224,74,862.367137042836,,4
SUI,-1,DONCHIAN_V2,2024-04-05 04:00:00+00:00,2024-04-15 04:00:00+00:00,1.6301739000000002,1.2221908259097851,42.7748064867673,69.73037311227876,1.2215800358918392,-0.76155991189119,SL,17.451397044085393,0.061004674590236056,0.0,17.425257556051296,6.394121935718995,2.725199445870732,60,879.7923945988873,,4
ETH,-1,DONCHIAN_V2,2024-04-12 20:00:00+00:00,2024-04-15 04:00:00+00:00,3205.708827636719,3243.070061566743,0.02768280964868762,88.74302726458484,3241.449336898294,-402.2810289238678,SL,-1.034263927124941,0.08926015922814731,0.0,-1.0791525727207958,6.242456025847649,-0.17287307563760693,14,878.7132420261665,,4
APT,-1,DONCHIAN_V2,2024-04-10 04:00:00+00:00,2024-04-20 16:00:00+00:00,12.48070343322754,9.962767294274045,5.622843391874153,70.17704082546453,9.957788400074008,-5.56314434249882,SL,14.157960580075777,0.06309806053542663,0.0,14.129951039953083,6.341108139357882,2.2283094262738627,63,892.7716208690736,,4
LINK,1,DONCHIAN_V2,2024-04-20 20:00:00+00:00,2024-04-24 20:00:00+00:00,14.922984076309204,14.368434121875525,5.520671569522204,82.38489392251279,14.375621932841945,34.32802934593614,SL,-3.0614881673218424,0.08085414983885186,0.0,-3.1011498701994378,6.6955551078325435,-0.4631654613030776,24,889.5653322739056,,4
SUI,1,DONCHIAN_V2,2024-04-19 20:00:00+00:00,2024-04-24 20:00:00+00:00,1.38387672,1.251,37.76069554232407,52.25614749203005,1.2093473788280542,4.176346178751134,EOD,-5.017517368582646,0.04974738880773873,0.0,-5.041136683644369,6.5903493151962484,-0.7649270839134956,30,884.5241955902612,,4
XRP,1,DONCHIAN_V2,2024-04-20 12:00:00+00:00,2024-04-24 20:00:00+00:00,0.5199039673447609,0.5274999737739563,174.81737457066353,90.88824660008308,0.5107631632993765,1.1230617137257948,EOD,1.3279139011738286,0.09155220355067001,0.0,1.2818058209232002,6.590153354643154,0.1945031855776303,26,885.8060014111844,,4
SOL,1,DONCHIAN_V2,2024-04-20 20:00:00+00:00,2024-04-24 20:00:00+00:00,151.26024172668457,147.75999450683594,0.409093948036761,61.87964946896421,134.8928835962329,413.1379718139111,EOD,-1.4319299542725734,0.06116368449182792,0.0,-1.4621538140299193,6.695787156518051,-0.21836921930927533,24,884.3438475971545,,4
AVAX,1,DONCHIAN_V2,2024-04-20 20:00:00+00:00,2024-04-24 20:00:00+00:00,37.525505156707766,36.3650016784668,1.7591477121984787,66.01290654551468,33.719544964704895,98.42086822875375,EOD,-2.041497038745977,0.0649921580261417,0.0,-2.0734827434993615,6.695246164480333,-0.30969477336018153,24,882.2703648536552,,4
SUI,-1,DONCHIAN_V2,2024-05-30 08:00:00+00:00,2024-06-05 04:00:00+00:00,0.9865026600000001,1.0724071927262662,87.85042080824981,86.6646738094578,1.0718712570977174,0.010861550311801693,SL,-7.546749349338542,0.09043804848412706,0.0,-7.5938550609179405,7.499667178844395,-1.012558941594,35,992.2188429764384,,5
LINK,1,DONCHIAN_V2,2024-05-29 16:00:00+00:00,2024-06-06 12:00:00+00:00,18.891778088378906,17.286683653070316,4.697933023878968,88.75230816118835,17.29533131872968,37.136884027227204,SL,-7.540626154080591,0.08498199508414805,0.0,-7.581231995084145,7.500000000000001,-1.010830932677886,47,984.487004917817,,5
SUI,1,DONCHIAN_V2,2024-06-05 12:00:00+00:00,2024-06-07 16:00:00+00:00,1.0872174,1.1018239808201575,106.08844192273853,115.34119999729077,1.1023751684043597,1.8888818212752054,SL,1.5495894010290807,0.11611599469780531,0.0,1.4911440063299208,7.441641322323288,0.2003783764553146,13,985.9781489241469,,5
BTC,1,DONCHIAN_V2,2024-06-05 16:00:00+00:00,2024-06-07 16:00:00+00:00,71588.91492000001,68688.54278214391,0.002596364636688242,185.8709270771713,68722.90423426103,104343.32275701695,SL,-7.530423651965458,0.18210571525118857,0.0,-7.619593903678061,7.441208792823296,-1.0239725985147479,12,978.3585550204689,,5
NEAR,-1,DONCHIAN_V2,2024-05-31 16:00:00+00:00,2024-06-12 12:00:00+00:00,7.130573569488526,6.64402780664334,11.16540735158769,79.61575855380407,6.640707452916882,-0.5455250397971083,SL,5.432481637355477,0.07689951773512632,0.0,5.395389998897253,7.499342186317609,0.7194484349228694,71,983.6248709476719,,5
AVAX,-1,DONCHIAN_V2,2024-06-02 20:00:00+00:00,2024-06-12 12:00:00+00:00,35.07898133544922,33.037240685916835,3.408627622889026,119.57118476282079,33.020730320756456,9.935913443787655,SL,6.959533576771473,0.11609141797443506,0.0,6.903227751178448,7.499043627223033,0.920547751731747,58,990.5280986988503,,5
DOGE,-1,DONCHIAN_V2,2024-06-07 20:00:00+00:00,2024-06-12 12:00:00+00:00,0.14822034868896009,0.14900400264275201,518.0484443695974,76.78532106223507,0.1489295378738151,-0.013640058257521487,SL,-0.40597071168599347,0.07698830641807806,0.0,-0.444566357572954,7.337009052069793,-0.06059231417297222,28,990.0835323412773,,5
LINK,-1,DONCHIAN_V2,2024-06-07 20:00:00+00:00,2024-06-12 16:00:00+00:00,16.275743528747558,16.200195018778732,4.789773362207031,77.95712280410852,16.192098969294086,-1.2322465940668401,SL,0.36186024060311406,0.07777619268380696,0.0,0.3230626093213613,7.337689162653517,0.04402784066755599,29,990.4065949505987,,5
XRP,-1,DONCHIAN_V2,2024-06-07 20:00:00+00:00,2024-06-15 16:00:00+00:00,0.4928014339208603,0.4992219796275642,209.83238360206485,103.40569952212957,0.4989724933808738,0.09316834460934831,SL,-1.347238409663687,0.10407931872696141,0.0,-1.3996148786295834,7.337396823443001,-0.19075087695377338,47,988.8009389876125,,5
ETH,-1,DONCHIAN_V2,2024-06-14 20:00:00+00:00,2024-06-16 20:00:00+00:00,3405.148912109375,3614.8862073799605,0.03571843058065623,121.62657503397578,3613.0796675461875,1028.797421402945,SL,-7.491487021297005,0.12537231854462427,0.0,-7.556046052324642,7.426960253653192,-1.017380704118883,12,981.2448929352879,,5
NEAR,-1,DONCHIAN_V2,2024-06-14 16:00:00+00:00,2024-06-20 04:00:00+00:00,5.673865190696716,5.172785254399416,11.185233851298886,63.46350899868732,5.170200154322256,-1.9154724382224266,SL,5.604696265679249,0.06066116086584769,0.0,5.575766859312745,7.427745163643244,0.7506674955145984,33,986.7282123513787,,5
AVAX,-1,DONCHIAN_V2,2024-06-17 08:00:00+00:00,2024-06-20 04:00:00+00:00,29.133172138977052,28.039218371560725,3.116284554140925,90.78725434982292,28.02520576867639,2.14375456573978,SL,3.409071228343773,0.08908271873565105,0.0,3.3653821367830337,7.359336697014659,0.45729422029952954,17,990.0935944881618,,5
LINK,-1,DONCHIAN_V2,2024-06-17 12:00:00+00:00,2024-06-20 04:00:00+00:00,14.32913337879181,14.540699221828945,6.567573181581491,94.10763209385726,14.533432505576158,1.5233660274248102,SL,-1.3894741568693698,0.09480236917229196,0.0,-1.4372227099947332,7.3589962448108475,-0.19530145989790146,16,988.656371778167,,5
SOL,-1,DONCHIAN_V2,2024-06-14 16:00:00+00:00,2024-06-25 00:00:00+00:00,143.7912433227539,136.5303824865833,0.5643338295433976,81.14626299913621,136.46215141087788,-6.63743808660729,SL,4.097549401457827,0.07909748829840729,0.0,4.059025044658988,7.428049462129489,0.5464456133946284,62,992.6198617464297,,5
BTC,-1,DONCHIAN_V2,2024-06-14 20:00:00+00:00,2024-06-25 16:00:00+00:00,65509.49548,62212.79918456634,0.002226331016790257,145.84582168140514,62181.70833040115,27381.384407984733,SL,7.339537215461484,0.1421760530736744,0.0,7.270284073228512,7.427507175484499,0.9788323190349889,65,999.8901458196582,,5
AVAX,-1,DONCHIAN_V2,2024-06-23 16:00:00+00:00,2024-06-27 12:00:00+00:00,24.398119277954102,27.2306354568288,2.6304241459700797,64.17740206498856,27.217026943357123,-7.817968326651837,SL,-7.450718950762911,0.06790276154037,0.0,-7.486533011270787,7.414922788336252,-1.009657581741401,23,992.4036128083874,,5
ETH,-1,DONCHIAN_V2,2024-06-24 12:00:00+00:00,2024-07-01 00:00:00+00:00,3320.0758422363283,3515.833773906275,0.03821983495472532,126.89275072744313,3514.076735538506,1102.922775925725,SL,-7.481835839503757,0.130633668647195,0.0,-7.549023132787231,7.414682123078508,-1.0181182426270954,39,984.8545896756001,,5
SOL,1,DONCHIAN_V2,2024-07-02 20:00:00+00:00,2024-07-03 12:00:00+00:00,152.88057610473632,140.9957058450273,0.6252072659596716,95.58204700478169,141.06623896450952,287.9015719930426,SL,-7.430507241358096,0.09186679338410264,0.0,-7.474583011239807,7.386409422567001,-1.0119372733934051,4,977.3322156408578,,5
XRP,-1,DONCHIAN_V2,2024-07-04 04:00:00+00:00,2024-07-05 12:00:00+00:00,0.4595080815732479,0.4201271476327555,294.73180080452124,135.4316443663142,0.4199171890382364,0.17527905524983073,SL,11.60681357764522,0.1296282375774916,0.0,11.544901162250884,7.329991617306433,1.5750224236263604,8,988.6293179908,,5
DOGE,-1,DONCHIAN_V2,2024-07-04 12:00:00+00:00,2024-07-05 12:00:00+00:00,0.11079783885329962,0.10255828900915115,752.5785098394906,83.38407245765224,0.10250703549140545,-0.0004959943698648189,SL,6.200908143457465,0.08028361838592352,0.0,6.162316561300368,7.32876787662371,0.8408393695966375,6,994.7916345521004,,5
SUI,-1,DONCHIAN_V2,2024-07-04 04:00:00+00:00,2024-07-06 00:00:00+00:00,0.7508498,0.6603668977463099,93.02198600509334,69.84553958752713,0.6600368793066566,-0.14964192408875343,SL,8.416899267142995,0.06563708995395565,0.0,8.386184946982803,7.32948374864006,1.1441712997233684,11,1003.1778194990832,,5
BTC,-1,DONCHIAN_V2,2024-07-04 12:00:00+00:00,2024-07-06 12:00:00+00:00,57750.4476,57426.811109060065,0.0020961511088394133,121.05366477271244,57398.112053033554,17790.286892885924,SL,0.6783909893446404,0.12071446927804011,0.0,0.6182033524529564,7.329221827866608,0.08434774754701391,12,1003.7960228515361,,5
APT,-1,DONCHIAN_V2,2024-07-04 12:00:00+00:00,2024-07-06 12:00:00+00:00,6.255548814678193,5.773521270175274,13.729043762210322,85.88270343335982,5.770635952199174,0.1550676006227958,SL,6.617777253071355,0.08257381480682413,0.0,6.578144789981211,7.328455186351993,0.8976168404811824,12,1010.3741676415174,,5
XRP,1,DONCHIAN_V2,2024-07-13 04:00:00+00:00,2024-07-13 20:00:00+00:00,0.49249847055673596,0.528218782725443,200.9859880775374,98.98529173152154,0.5284830242375618,0.9233916930740602,SL,7.1792822356656645,0.10257493284935437,0.0,7.126199948682071,7.57780625731138,0.940404083544155,4,1017.4508749443337,,5
XRP,1,DONCHIAN_V2,2024-07-13 20:00:00+00:00,2024-07-18 04:00:00+00:00,0.5609121759295463,0.581757112014869,149.15580401352946,83.66330658174977,0.5820481360829104,1.1456033019102558,SL,3.109143201416937,0.08521787818245824,0.0,3.0657569765253534,7.630881562082503,0.40175659281084347,26,1020.2389891186308,,5
NEAR,1,DONCHIAN_V2,2024-07-15 08:00:00+00:00,2024-07-18 12:00:00+00:00,5.6741344588279725,5.9802698813196695,14.412905836496895,81.78076565870984,5.983261512075707,11.723978268765812,SL,4.412301017589023,0.08398691616750435,0.0,4.369204484250874,7.6296350513379245,0.5726623167230909,19,1024.6081936028818,,5
SOL,1,DONCHIAN_V2,2024-07-15 08:00:00+00:00,2024-07-23 04:00:00+00:00,153.25064522094726,175.16127652837957,0.7046617154311273,107.98986255231979,175.248900978869,276.9986158933191,SL,15.439583043274217,0.11570965407395689,0.0,15.37786832047642,7.630040013322497,2.015437441170133,47,1039.9016709622513,,5
DOGE,1,DONCHIAN_V2,2024-07-20 16:00:00+00:00,2024-07-23 12:00:00+00:00,0.13480696062147618,0.13192680527282624,652.3108297884552,87.93604034425474,0.13199280167366306,0.269436175127461,SL,-1.8787565253974983,0.08699666208155599,0.0,-1.9217851673069268,7.6842582799646015,-0.25009377578024095,17,1037.9798857949443,,5
ETH,1,DONCHIAN_V2,2024-07-15 20:00:00+00:00,2024-07-24 16:00:00+00:00,3407.541479443359,3376.6070242632613,0.04140873249178377,141.10197357692715,3378.296172349436,5513.192124159214,SL,-1.2809565793317428,0.1404614952872613,0.0,-1.3508670878305404,7.629328373466703,-0.17706238632073948,53,1036.6290187071138,,5
BTC,1,DONCHIAN_V2,2024-07-15 04:00:00+00:00,2024-07-24 20:00:00+00:00,62658.32916,65283.77674635734,0.0022463046489355496,140.7496960866419,65316.43496383926,101480.52964214332,SL,5.897555118771108,0.14369847364602745,0.0,5.824231493168401,7.63056782468282,0.7632762891286531,58,1042.4532502002821,,5
APT,1,DONCHIAN_V2,2024-07-19 20:00:00+00:00,2024-07-25 00:00:00+00:00,7.420083802413941,6.711432722136136,10.895548355339697,80.84588186987393,6.714790117194733,15.480583062062031,SL,-7.721142112230533,0.07698531081375867,0.0,-7.757704482109355,7.6845614520216134,-1.00951817882444,31,1034.6955457181728,,5
LINK,-1,DONCHIAN_V2,2024-07-25 20:00:00+00:00,2024-07-27 12:00:00+00:00,12.623475204277039,13.739925741145399,6.993577836417425,88.28325640719683,13.73305921153963,-0.05748487872399721,SL,-7.807983730098898,0.09218724827224628,0.0,-7.856029350167546,7.759962120834884,-1.0123798580246584,10,1026.716265341373,,5
BTC,1,DONCHIAN_V2,2024-07-27 16:00:00+00:00,2024-07-30 12:00:00+00:00,68888.17487999999,65683.91686160836,0.002428067379259273,167.26513024283608,65716.77524923297,105132.74208876588,SL,-7.780154369186675,0.16337505305824274,0.0,-7.859896857123499,7.700371990060297,-1.02071651437997,17,1018.772735919128,,5
SOL,1,DONCHIAN_V2,2024-07-27 08:00:00+00:00,2024-08-01 00:00:00+00:00,185.8771643371582,169.83000155261087,0.486125250887327,90.35958314762594,169.91495903212692,368.30236782323016,SL,-7.800931034667852,0.08645911763029202,0.0,-7.842210360724331,7.7596310586233574,-1.0106421686130558,28,1010.8856496654645,,5
XRP,1,DONCHIAN_V2,2024-07-31 04:00:00+00:00,2024-08-01 12:00:00+00:00,0.6495298758029937,0.5939366451322485,138.17961147228732,89.7517858781007,0.5942337620132552,1.2814854619714338,SL,-7.681851014572815,0.0859108603708143,0.0,-7.722885982004579,7.64079551939346,-1.0107437062545073,8,1003.0341144102462,,5
APT,-1,DONCHIAN_V2,2024-08-01 00:00:00+00:00,2024-08-05 12:00:00+00:00,6.409917806529999,5.00497663589425,14.738927009883824,94.47531068980028,5.002475398195153,0.5315819410275706,SL,20.707325367181042,0.08412164800620976,0.0,20.670441374519733,7.581031785356966,2.7266000143206663,27,1023.6419197968357,,5
BTC,-1,DONCHIAN_V2,2024-08-01 16:00:00+00:00,2024-08-05 12:00:00+00:00,62894.21864000001,54606.81980036231,0.0019917884118644358,125.27197586042021,54579.530035344644,19729.818168738035,SL,16.506744973289134,0.11701860337377565,0.0,16.45236235784557,7.522755858076846,2.187012667728862,23,1040.0942821546812,,5
SUI,-1,DONCHIAN_V2,2024-07-25 04:00:00+00:00,2024-08-05 16:00:00+00:00,0.7422515199999999,0.5563341137267294,91.42347557528159,67.85921370943562,0.5560560856838874,-0.2278296224518318,SL,16.997215451444056,0.059360605983713594,0.0,16.97178445231506,7.760216592886295,2.1870245822613903,69,1057.0660666069962,,5
AVAX,-1,DONCHIAN_V2,2024-08-01 00:00:00+00:00,2024-08-05 16:00:00+00:00,25.70285858306885,20.15046704885515,3.382200891535521,86.93223121466688,20.140396850429934,0.0842320796150311,SL,18.779303597171857,0.07754257941608095,0.0,18.74522713336311,7.581642372490983,2.4724493997999377,28,1075.8112937403594,,5
NEAR,-1,DONCHIAN_V2,2024-08-01 00:00:00+00:00,2024-08-06 00:00:00+00:00,4.990001975440979,3.717133496706281,15.208612120095335,75.89100452299134,3.715275858776893,-0.707008050763946,SL,19.35856297297184,0.06621172303650542,0.0,19.33029675219683,7.581316376623929,2.5497282782973496,30,1095.1415904925561,,5
SUI,1,DONCHIAN_V2,2024-08-09 00:00:00+00:00,2024-08-13 00:00:00+00:00,0.85287054,0.9617789852749531,57.68766463577665,49.20010968925373,0.9622601153326193,2.480069002231743,SL,6.282673867025331,0.052341446622766394,0.0,6.254932475247191,8.21356192869417,0.7615371418087826,24,1101.3719229129588,,5
APT,1,DONCHIAN_V2,2024-08-13 20:00:00+00:00,2024-08-16 08:00:00+00:00,6.924584770488739,6.081769063698844,9.836332509580986,68.11251829330777,6.084811469433561,16.521993925405056,SL,-8.29021553628292,0.06396741052516632,0.0,-8.320126687661432,8.26028942184719,-1.0072439672217757,15,1093.0177399661507,,5
AVAX,1,DONCHIAN_V2,2024-08-21 20:00:00+00:00,2024-08-22 20:00:00+00:00,23.617723469924925,25.207000732421875,4.222582699432859,99.72779052409439,23.54296165628682,45.80491115172563,EOD,6.710854673221634,0.1030832178607052,0.0,6.657635350622976,8.19763304974613,0.8121411766325835,6,1099.5698116330038,,5
LINK,1,DONCHIAN_V2,2024-08-22 16:00:00+00:00,2024-08-22 20:00:00+00:00,11.463292642593384,11.47599983215332,9.717938858304356,111.39957701557267,10.619774362631498,21.103501556443515,EOD,0.12348769120434575,0.11146132086117486,0.0,0.06772615885095723,8.197259070531665,0.008262049334810714,1,1099.6375377918548,,5
AVAX,1,DONCHIAN_V2,2024-09-09 00:00:00+00:00,2024-09-15 16:00:00+00:00,23.244647771072387,24.366662996879263,3.9062337934848124,90.79902864101437,24.37885242309081,45.18759595232261,SL,4.382853791851313,0.09299045553694003,0.0,4.33526285063488,7.5,0.5780350467513173,40,1004.1016016318937,,6
XRP,1,DONCHIAN_V2,2024-09-12 16:00:00+00:00,2024-09-15 20:00:00+00:00,0.5580115915417672,0.5763854890810586,227.6176662264408,127.01329619403897,0.5766738259940556,0.9345349190727648,SL,4.182223677377256,0.1291044080327276,0.0,4.116625917441548,7.49904409558669,0.548953421925369,19,1008.2182275493352,,6
NEAR,1,DONCHIAN_V2,2024-09-12 20:00:00+00:00,2024-09-16 00:00:00+00:00,4.29285821685791,3.913970519359687,19.89380814016268,85.40129773909214,3.915928483601488,8.600626596931308,SL,-7.537519160697642,0.08163253815874333,0.0,-7.57645104998684,7.498567795725962,-1.0103864172976165,19,1000.6417764993483,,6
SUI,1,DONCHIAN_V2,2024-09-12 04:00:00+00:00,2024-09-20 12:00:00+00:00,1.0077015,1.4840367622047272,61.375659220318084,61.848343859803364,1.4847791517806175,2.4041184643876523,SL,29.2353907276982,0.07646603922365247,0.0,29.18984886040445,7.499276026876164,3.8923555761640007,50,1029.6923424660665,,6
AVAX,1,DONCHIAN_V2,2024-09-19 12:00:00+00:00,2024-09-25 20:00:00+00:00,26.244248120498657,27.207491412326185,3.417058952481031,89.67814299128341,27.221101963307838,51.34220549740829,SL,3.291459113756552,0.09132387254816168,0.0,3.244974312704032,7.5041049950786824,0.43242656050683465,38,1032.9104791342613,,6
NEAR,1,DONCHIAN_V2,2024-09-19 04:00:00+00:00,2024-09-26 20:00:00+00:00,4.534906719875336,5.552667977047829,14.758688975739533,66.92927781263124,5.555445699897778,10.345996612911,SL,15.020821846166484,0.0744396887357145,0.0,14.979846796337085,7.50435597987048,1.996153545556567,46,1047.837470076393,,6
DOGE,1,DONCHIAN_V2,2024-09-09 20:00:00+00:00,2024-09-28 04:00:00+00:00,0.10382075875997543,0.12250780710375336,984.9713320340419,102.26047104859792,0.12256909164957815,0.19083892014173398,SL,18.40620689895549,0.11146357449807567,0.0,18.34587355998171,7.499659503642596,2.446227532206108,110,1066.1286733203865,,6
BTC,1,DONCHIAN_V2,2024-09-19 00:00:00+00:00,2024-09-30 08:00:00+00:00,61780.25358,63872.04730677121,0.001974067108847842,121.95836656855714,63903.99930642442,105228.26745151143,SL,4.129341194513298,0.12402303716581378,0.0,4.066297340631763,7.504813323745112,0.5418252480399561,68,1070.1559768670847,,6
DOGE,1,DONCHIAN_V2,2024-09-28 16:00:00+00:00,2024-09-30 12:00:00+00:00,0.13100619589984416,0.11751551538723914,595.2969424935727,77.98758786689125,0.1175743025385084,0.28451354860082445,SL,-8.030960861311392,0.07397210743623556,0.0,-8.065939174814183,7.9959650499029,-1.0087511794354496,11,1062.0900376922705,,6
SUI,1,DONCHIAN_V2,2024-09-20 12:00:00+00:00,2024-10-01 12:00:00+00:00,1.5550109399999998,1.763870854948481,34.51762790715847,53.67528901848072,1.764753231564263,4.111946308714744,SL,7.209348828912436,0.05727996343293694,0.0,7.17890650998874,7.722692568495499,0.9295859502778708,66,1069.2689442022593,,6
LINK,1,DONCHIAN_V2,2024-09-26 16:00:00+00:00,2024-10-01 12:00:00+00:00,12.599519522094726,11.67035590547581,8.390138070390064,105.71170841094978,11.676194002477049,23.151811174868172,SL,-7.795811033415677,0.10181380289424195,0.0,-7.844768982104444,7.74682859350696,-1.0126426430397044,29,1061.424175220155,,6
AVAX,1,DONCHIAN_V2,2024-09-27 08:00:00+00:00,2024-10-01 12:00:00+00:00,29.634925510025024,27.491183612779487,3.6895868673421983,109.34063197645263,27.504936080819895,53.97766184379792,SL,-7.909521951048381,0.10538587100092844,0.0,-7.960237506061083,7.858781025572947,-1.0129099513217115,25,1053.4639377140938,,6
BTC,-1,DONCHIAN_V2,2024-10-01 16:00:00+00:00,2024-10-11 08:00:00+00:00,62617.474,61264.38685791147,0.003015989317757875,188.85363268898146,61233.76997292501,32678.074541499846,SL,4.08089636653454,0.1868131845057142,0.0,3.988509998373316,7.900979532855704,0.5048120909296574,58,1057.1988348994787,,6
AVAX,-1,DONCHIAN_V2,2024-10-01 16:00:00+00:00,2024-10-12 12:00:00+00:00,26.67866321525574,29.36056779707101,2.961761126240436,79.01582761100512,29.34589484964619,-3.8039840349208305,SL,-7.9431607347065825,0.08298740797835842,0.0,-7.9866402288794385,7.89970296941638,-1.0110051301675058,65,1049.2121946705993,,6
SOL,-1,DONCHIAN_V2,2024-10-01 20:00:00+00:00,2024-10-15 12:00:00+00:00,145.38092166137696,158.54120210052,0.6038817212710393,87.79288121284245,158.46197111496252,-4.116786379600825,SL,-7.9472528039992865,0.09176650761484209,0.0,-7.995122871007707,7.899406660062839,-1.0121168861237113,82,1041.135313997969,,6
DOGE,-1,DONCHIAN_V2,2024-10-01 16:00:00+00:00,2024-10-16 08:00:00+00:00,0.11065786299407482,0.12450370722841222,573.1396253346081,63.422406136752436,0.12444148648516964,-0.046869262618437546,SL,-7.935601976909485,0.06739020712520719,0.0,-7.971280980966316,7.899940803439392,-1.0090304698860357,88,1033.1640330170026,,6
AVAX,1,DONCHIAN_V2,2024-10-12 16:00:00+00:00,2024-10-17 16:00:00+00:00,29.109820891571044,26.95348574352779,3.6722520715394116,106.89860007121301,26.96696922814186,53.59955418790459,SL,-7.918606214335085,0.10293929696404547,0.0,-7.968096211263524,7.8690914600294946,-1.0125814716650476,30,1025.195936805739,,6
SOL,1,DONCHIAN_V2,2024-10-20 00:00:00+00:00,2024-10-21 12:00:00+00:00,159.8719643371582,164.24259822919427,0.8391548761322054,134.15733843036034,164.324760609499,264.576703319053,SL,3.6676387422907455,0.13599115780150572,0.0,3.59872625370442,7.688055573695594,0.4680931633763591,9,1028.605724077235,,6
SUI,1,DONCHIAN_V2,2024-10-12 16:00:00+00:00,2024-10-22 12:00:00+00:00,2.2074414,1.8996985503669441,25.648247411702904,56.61700317403584,1.9006488748043462,5.7136416879503305,SL,-7.893064746571102,0.05267047080075028,0.0,-7.917426715784834,7.8686905902792255,-1.0061936766920045,59,1020.6514055749374,,6
APT,1,DONCHIAN_V2,2024-10-22 04:00:00+00:00,2024-10-23 08:00:00+00:00,11.13912732810974,9.969473323668383,6.623819878534981,73.78357302546554,9.974460553945356,24.44960474713129,SL,-7.747577445626703,0.0699097843026522,0.0,-7.7805954434166225,7.714542930579261,-1.0085620772911301,7,1012.8708101315208,,6
BTC,1,DONCHIAN_V2,2024-10-18 16:00:00+00:00,2024-10-23 16:00:00+00:00,68755.54836,65618.31848078388,0.0024767051549850466,170.28722105703565,65651.14405281028,104234.45472788252,SL,-7.76999341422767,0.1664022243499218,0.0,-7.851252028049075,7.688694150774555,-1.0211424559342295,30,1004.8793364352802,,6
SOL,1,DONCHIAN_V2,2024-10-23 20:00:00+00:00,2024-10-25 20:00:00+00:00,173.03459999999998,159.42586710422913,0.557070449912727,96.39246247246875,159.5056199141862,327.65151526644297,SL,-7.5810229569892,0.09260195099397416,0.0,-7.62542867674694,7.536595023264602,-1.0117869745167571,12,997.2057115272969,,6
ETH,-1,DONCHIAN_V2,2024-10-23 12:00:00+00:00,2024-10-26 20:00:00+00:00,2580.633672363281,2508.8136806890243,0.0646697586369735,166.88895672217993,2507.559900738655,1238.2344857151825,SL,4.644581526883641,0.16456666595873812,0.0,4.563459339285993,7.5961052470626775,0.6007630477540615,20,1001.7267076867257,,6
AVAX,-1,DONCHIAN_V2,2024-10-23 08:00:00+00:00,2024-10-28 08:00:00+00:00,27.070585013580324,25.973815806302266,4.194751594907534,113.55437966079606,25.960835388607965,6.373889143276497,SL,4.600674381475105,0.1112540424700585,0.0,4.546197528835445,7.596531075986404,0.5984570435322183,30,1006.2729052155612,,6
DOGE,1,DONCHIAN_V2,2024-10-18 04:00:00+00:00,2024-10-30 08:00:00+00:00,0.13271653555333615,0.16785528150082923,553.3101404662427,73.43340492920952,0.1679392511263924,0.2915315129301208,SL,19.442624456015015,0.08315471715721703,0.0,19.396186441322403,7.688969526043043,2.522598948484091,73,1025.502422994764,,6
LINK,-1,DONCHIAN_V2,2024-10-01 16:00:00+00:00,2024-10-30 20:00:00+00:00,11.424714645767212,12.4549626836499,7.714930399573908,88.14087832708671,12.448738314492655,-0.278412996809271,SL,-7.948291906562517,0.09211502428036797,0.0,-7.996336491679341,7.900271331733119,-1.0121597291931426,175,1017.5060865030846,,6
BTC,1,DONCHIAN_V2,2024-10-29 00:00:00+00:00,2024-10-31 12:00:00+00:00,69985.89438,71214.31934510676,0.0028724693387475607,201.03233575137523,71249.9443172654,100013.00803469203,SL,3.528613047221227,0.20279664227498584,0.0,3.4263325728219285,7.547046789116709,0.4539964662419881,15,1020.8832432993777,,6
LINK,1,DONCHIAN_V2,2024-10-31 00:00:00+00:00,2024-10-31 16:00:00+00:00,12.39447859840393,11.427049587033908,7.935110160285852,98.35155305764057,11.432765970018917,23.385480065661227,SL,-7.676655777477562,0.09451322516890179,0.0,-7.721993226117643,7.6312956487731345,-1.0118849513265928,4,1013.16125007326,,6
NEAR,-1,DONCHIAN_V2,2024-10-25 20:00:00+00:00,2024-11-01 12:00:00+00:00,4.441111512279511,4.161569362412276,19.122771288092704,84.9263597142366,4.159489617603475,-0.028678665412538606,SL,5.345620597292856,0.08225354941559015,0.0,5.3058302277343845,7.479042836454727,0.7094263722989311,40,1018.3300500544935,,6
ETH,1,DONCHIAN_V2,2024-10-29 00:00:00+00:00,2024-11-03 00:00:00+00:00,2567.9734529296875,2420.2929413064126,0.051521166753891,132.30498848795568,2421.503693152989,4241.913564663383,SL,-7.608672265642685,0.12850065235513436,0.0,-7.671020423753841,7.546292917857642,-1.0165283149294462,30,1010.6210551235446,,6
DOGE,-1,DONCHIAN_V2,2024-11-03 16:00:00+00:00,2024-11-05 00:00:00+00:00,0.14575084111094475,0.16604621652886323,374.9848612456954,54.654358930431016,0.16596323491140752,-0.0852479451800584,SL,-7.610458535017459,0.05845958819793974,0.0,-7.641590943750184,7.579341684709887,-1.0082130165956067,8,1002.9099731714363,,6
AVAX,-1,DONCHIAN_V2,2024-10-31 20:00:00+00:00,2024-11-05 12:00:00+00:00,24.691059945678713,23.734561749369426,4.3648983310471285,107.77396634867762,23.72270039916984,4.7970647796646695,SL,4.1750173807199955,0.10568645765831762,0.0,4.123217906236016,7.5980858010745,0.5426653520618209,28,1006.972664172473,,6
XRP,-1,DONCHIAN_V2,2024-10-31 20:00:00+00:00,2024-11-06 00:00:00+00:00,0.5059987789511681,0.5293857039321637,328.6302923453684,166.2865266531218,0.5291211433604834,0.2417431857018495,SL,-7.685651993563781,0.1701293526499037,0.0,-7.7726380828871235,7.59870937554945,-1.0228892432571943,31,999.2000260895858,,6
NEAR,-1,DONCHIAN_V2,2024-11-03 00:00:00+00:00,2024-11-06 00:00:00+00:00,3.8082382152557375,4.152610941392734,22.143482896617684,84.32765778576128,4.1505356735559555,-0.1037327367467582,SL,-7.625611571276181,0.08814046357139937,0.0,-7.6715882059547,7.579657913426583,-1.0121285542933636,18,991.5284378836311,,6
ETH,-1,DONCHIAN_V2,2024-11-05 00:00:00+00:00,2024-11-06 00:00:00+00:00,2398.0203,2548.29770136588,0.05048072795665855,121.05381039884472,2547.0241892712447,695.1187083286345,SL,-7.586112616384575,0.12484686670703701,0.0,-7.65043257789219,7.521824798785771,-1.0170979493070855,6,983.878005305739,,6
APT,-1,DONCHIAN_V2,2024-11-02 16:00:00+00:00,2024-11-06 20:00:00+00:00,8.642670763015747,9.516538461217802,8.787678771158715,75.94901439026758,9.511782569932837,-1.2900356017509882,SL,-7.67926862029153,0.07978864870041334,0.0,-7.72108276179681,7.637475375408702,-1.0109469925961803,25,975.9770076536705,,6
XRP,1,DONCHIAN_V2,2024-11-06 04:00:00+00:00,2024-11-10 20:00:00+00:00,0.5342068160891533,0.5862954950452799,234.09733309970687,125.05639097015637,0.5865887894399998,0.8944312733371316,SL,12.193820828316053,0.1311533013843144,0.0,12.125195722416816,7.378663666416083,1.6432780067757429,28,988.053763846115,,6
DOGE,1,DONCHIAN_V2,2024-11-06 04:00:00+00:00,2024-11-10 20:00:00+00:00,0.2115022863149643,0.2503899366582085,203.92519419959936,43.13064481043836,0.2505151942553362,0.6249981543973279,SL,7.930171648212197,0.04709573063454446,0.0,7.9046412399828725,7.378194704949944,1.0713516728800532,28,995.9584050860979,,6
AVAX,1,DONCHIAN_V2,2024-11-06 04:00:00+00:00,2024-11-10 20:00:00+00:00,26.227244522094725,30.930730543769215,3.022677843270558,79.27651090697485,30.94620364559201,54.12316367568421,SL,14.217122983848263,0.08638507239889898,0.0,14.170376166902852,7.378032965031905,1.9206170850771707,28,1010.1287812530007,,6
ETH,1,DONCHIAN_V2,2024-11-06 20:00:00+00:00,2024-11-10 20:00:00+00:00,2688.5275882324217,3104.1698647823937,0.03603424430855613,96.87905994466028,3105.7227261454664,5010.074041885591,SL,14.97735533816614,0.10436773761374335,0.0,14.921427130524727,7.319827557402528,2.0384943516100615,24,1025.0502083835254,,6
BTC,1,DONCHIAN_V2,2024-11-06 04:00:00+00:00,2024-11-12 08:00:00+00:00,74392.77557999999,86213.93152357561,0.001510445510059457,112.3662338556718,86257.0600536024,130225.57450795203,SL,17.85521191868646,0.12129383981501501,0.0,17.79010119579928,7.379085039793042,2.4108817149908104,37,1042.729559277535,,6
DOGE,1,DONCHIAN_V2,2024-11-10 20:00:00+00:00,2024-11-12 08:00:00+00:00,0.2712342398822308,0.38509575862564677,166.01696992304224,45.02948664462753,0.3852884028270603,0.8004659592275609,SL,18.902944332617604,0.05448095881093633,0.0,18.87097811712898,7.687876562876441,2.4546411434665845,9,1061.600537394664,,6
AVAX,1,DONCHIAN_V2,2024-11-12 08:00:00+00:00,2024-11-13 04:00:00+00:00,36.43228423690796,31.52254408205774,1.6268705232353666,59.270609319158055,31.538313238677077,92.36338135954665,SL,-7.987511534670872,0.055276853551822616,0.0,-8.013153083563115,7.961857158590588,-1.0064427085227445,5,1053.5381660905223,,6
NEAR,1,DONCHIAN_V2,2024-11-11 04:00:00+00:00,2024-11-16 16:00:00+00:00,5.121023885536194,5.778359480250137,11.01687493709379,56.417679696822354,5.781250105302788,13.096018346252897,SL,7.241784038663678,0.06003857171615419,0.0,7.209954306795934,7.687707702301524,0.937854895892756,33,1060.7022481325841,,6
SUI,1,DONCHIAN_V2,2024-11-11 04:00:00+00:00,2024-11-17 00:00:00+00:00,3.2671533,3.5732448118384816,14.24089242938241,46.527178695601755,3.5750323280024827,9.43650673995035,SL,4.359016293638851,0.04870668684242119,0.0,4.33357319614423,7.687496136002659,0.563717121866106,35,1065.0179315153302,,6
SOL,1,DONCHIAN_V2,2024-11-11 12:00:00+00:00,2024-11-20 00:00:00+00:00,217.69352389526367,233.01754320857987,0.3377512441653292,73.52625854236013,233.1341102637117,477.8113064139984,SL,5.17570658868608,0.07611411183670316,0.0,5.136355606120557,7.68732165908255,0.668159319189144,51,1070.1542871214508,,6
XRP,1,DONCHIAN_V2,2024-11-16 16:00:00+00:00,2024-11-23 16:00:00+00:00,1.1102220143079757,1.4242317827855524,32.22745210880611,35.77962679625254,1.424944254913009,3.931336610872016,SL,10.119734775308396,0.04083949418390674,0.0,10.096785094522616,7.955266860994381,1.2691950214804677,42,1080.1811195451733,,6
SOL,1,DONCHIAN_V2,2024-11-22 04:00:00+00:00,2024-11-25 12:00:00+00:00,262.60249779052737,235.3845782218885,0.29616632021527695,77.77401544996088,235.50232938658178,572.3187081213343,SL,-8.061031082559154,0.07374349990868131,0.0,-8.095887574742855,8.02615715341088,-1.0086878963368344,20,1072.0335435449315,,6
LINK,1,DONCHIAN_V2,2024-11-23 00:00:00+00:00,2024-12-03 00:00:00+00:00,16.572314044189454,23.992716916261223,3.7491038357662165,62.131326150593026,24.00471927589917,41.0379413435889,SL,27.819860870614917,0.07604125658590048,0.0,27.774885277104314,8.025865500852944,3.4606716589198454,60,1099.783761543343,,6
AVAX,1,DONCHIAN_V2,2024-11-25 12:00:00+00:00,2024-12-05 00:00:00+00:00,45.541107895660396,51.36015293263067,1.0832972596628638,49.33455738537972,51.38584585555844,130.36416881183527,SL,6.303755542404685,0.052486435156582065,0.0,6.275936385940793,8.040251576586986,0.7805646783760056,57,1106.0343921098015,,6
BTC,1,DONCHIAN_V2,2024-11-13 16:00:00+00:00,2024-12-05 20:00:00+00:00,92579.61222000001,98498.76420977895,0.0009909798417624158,91.74452946820142,98548.03822889339,183704.8476421323,SL,5.865760302198822,0.09467740961930084,0.0,5.816955157313622,7.901536245678916,0.7361802789292675,133,1111.8244870842996,,6
ETH,1,DONCHIAN_V2,2024-11-23 16:00:00+00:00,2024-12-05 20:00:00+00:00,3462.282405908203,3776.665384304489,0.029858006620512655,103.3768509976916,3778.5546616353067,6563.191126327071,SL,9.386849050332795,0.108070275522858,0.0,9.330467200308783,8.101358396588799,1.1517163842840874,73,1121.1549542846083,,6
LINK,1,DONCHIAN_V2,2024-12-03 00:00:00+00:00,2024-12-09 20:00:00+00:00,25.234045891571043,21.11099323365018,2.005688631229296,50.61163896464237,21.121554010655508,72.2339531020343,SL,-8.269559841951605,0.046476859043666566,0.0,-8.29073088151295,8.248378211575073,-1.005134666337007,41,1112.8642234030954,,6
SUI,1,DONCHIAN_V2,2024-12-05 16:00:00+00:00,2024-12-09 20:00:00+00:00,4.3295657400000005,3.6591831084464537,12.407795344268909,53.72036563147818,3.6610136152540806,11.970161451381943,SL,-8.317970494668838,0.04956138038414376,0.0,-8.340671692237242,8.295257940823511,-1.005474664168095,25,1104.523551710858,,6
APT,-1,DONCHIAN_V2,2024-12-10 00:00:00+00:00,2024-12-13 08:00:00+00:00,11.932712581825257,14.261860963066209,3.56733169171808,42.567943761308314,14.254733596268075,-14.604670440378374,SL,-8.308844835114712,0.046722366178865674,0.0,-8.334283229412923,8.28341915365723,-1.0061404686654347,20,1096.075277053299,,6
DOGE,1,DONCHIAN_V2,2024-11-12 08:00:00+00:00,2024-12-19 16:00:00+00:00,0.41184235437512395,0.3109409775532186,95.09908687501807,39.16583183753189,0.3281191106291154,1.3686794257580785,LIQ,-9.595628800195314,0.034368017437434235,0.0,-9.610413901713983,7.96200403045998,-1.2070345436836927,224,1086.3954693799421,,6
SUI,1,DONCHIAN_V2,2024-12-12 04:00:00+00:00,2024-12-19 16:00:00+00:00,4.81676316,4.018150054927763,10.398227553578332,50.08579940937303,4.020160134995261,13.920797731482732,SL,-8.30416079381088,0.045933719012467594,0.0,-8.32505161311866,8.283259523868125,-1.0050453676031894,45,1078.0704177668235,,6
SOL,-1,DONCHIAN_V2,2024-12-09 20:00:00+00:00,2024-12-20 12:00:00+00:00,222.01558555908204,187.69046993592244,0.40748940715881615,90.46899933948777,187.5966716001224,-10.317931892584568,SL,13.987121015939126,0.0834754388315182,0.0,13.948880076777352,8.283926637831435,1.683848817911416,64,1091.9603148734523,,6
BTC,-1,DONCHIAN_V2,2024-12-19 00:00:00+00:00,2024-12-20 12:00:00+00:00,100183.85922,96172.32999213527,0.0013853283789037408,138.78754328556317,96124.26785820618,32366.502055876394,SL,5.557285282162814,0.1360089006444818,0.0,5.490670153161114,8.220564577899742,0.6679188638603112,9,1097.4509850266134,,6
NEAR,-1,DONCHIAN_V2,2024-12-10 00:00:00+00:00,2024-12-20 16:00:00+00:00,6.499699727535248,5.230438760465163,6.901874803869282,44.86011378219156,5.227824848041143,-7.216800895396986,SL,8.760280288155775,0.040479973638113675,0.0,8.742230371408757,8.283587379083912,1.0553676772315967,64,1106.1199375084561,,6
ETH,-1,DONCHIAN_V2,2024-12-19 20:00:00+00:00,2024-12-20 20:00:00+00:00,3439.5019034179686,3472.199951171875,0.02309642844420307,79.44020959599337,3789.5788927145777,-561.3779742575625,EOD,-0.7552081202132339,0.0798178136561,0.0,-0.7953058290713372,8.085528133251175,-0.09836164267374162,6,1105.3246316793848,,6
LINK,-1,DONCHIAN_V2,2024-12-19 20:00:00+00:00,2024-12-20 20:00:00+00:00,22.312536035537722,23.395999908447266,1.7266406041761875,38.525730701103804,26.995172487448805,-31.203309129160356,EOD,-1.8707527161236068,0.03946110705916561,0.0,-1.8909509578322206,8.085230232465191,-0.23387719377975816,6,1103.4336807215525,,6
BTC,-1,DONCHIAN_V2,2024-12-20 12:00:00+00:00,2024-12-20 20:00:00+00:00,92714.95330000001,97794.8,0.0010386385927459935,96.29732862202252,100639.63705928385,2147.138908184672,EOD,-5.276124827853374,0.0989353910359492,0.0,-5.326911554578311,8.2308823876996,-0.6471859642337932,2,1098.1067691669741,,6
SOL,-1,DONCHIAN_V2,2024-12-20 12:00:00+00:00,2024-12-20 20:00:00+00:00,175.95480749206544,194.44000244140625,0.2856327214167553,50.25845051031993,204.7698579242897,-153.3600545904974,EOD,-5.279976539299475,0.05289843877996967,0.0,-5.307745752824284,8.230521272717269,-0.6448857340808447,2,1092.7990234141498,,6
BTC,1,DONCHIAN_V2,2025-01-06 16:00:00+00:00,2025-01-07 12:00:00+00:00,102170.32998,98189.36627225779,0.0019075016997217792,194.89007809798505,98238.48551501529,147105.69529411098,SL,-7.5936950390489795,0.19109323057846056,0.0,-7.687343230578447,7.5,-1.0249790974104596,5,991.9838257260791,,7
ETH,1,DONCHIAN_V2,2025-01-06 16:00:00+00:00,2025-01-07 12:00:00+00:00,3715.652894091797,3540.762133264044,0.043318455844564195,160.95634582644266,3542.533399964026,5694.1613984091755,SL,-7.575997700539244,0.15716834697617305,0.0,-7.652687874602195,7.499269162207132,-1.020457821832589,5,984.3311378514769,,7
SOL,1,DONCHIAN_V2,2025-01-06 16:00:00+00:00,2025-01-07 12:00:00+00:00,221.67433088378905,208.37322639632072,0.5682156441671617,125.95882271845676,208.47746512888514,372.4956537969766,SL,-7.5578956544815465,0.12217987489121598,0.0,-7.617096118013534,7.498665575910283,-1.015793548986064,5,976.7140417334634,,7
LINK,1,DONCHIAN_V2,2025-01-06 16:00:00+00:00,2025-01-07 12:00:00+00:00,24.384875160598753,22.180143887880792,3.4181579881751,83.3513558208532,22.19123950763461,49.45499690876041,SL,-7.5361198116203525,0.07958329591504303,0.0,-7.5740274296249686,7.498193230325088,-1.0101136629812608,5,969.1400143038385,,7
AVAX,1,DONCHIAN_V2,2025-01-06 16:00:00+00:00,2025-01-07 12:00:00+00:00,44.756950698852535,41.10868466823856,2.0668406309314253,92.50548422098308,41.129249292885,86.21639533848152,SL,-7.5403844645198745,0.08873529198872314,0.0,-7.582867014398106,7.4978806627407595,-1.0113347164992461,5,961.5571472894404,,7
LINK,-1,DONCHIAN_V2,2025-01-07 20:00:00+00:00,2025-01-13 20:00:00+00:00,21.469706130599977,19.48515053755694,3.002549718346862,64.46386009542286,19.47541283114137,-5.978537674844631,SL,5.958726836935061,0.06148449667695533,0.0,5.929474270305818,7.211287711875952,0.822249022257263,36,967.2431713768864,,7
SOL,-1,DONCHIAN_V2,2025-01-08 00:00:00+00:00,2025-01-13 20:00:00+00:00,202.09957138977052,183.71433021179655,0.501746121973886,101.40267619740189,183.6225189523204,37.849265585550086,SL,9.224723462603038,0.09679031446610037,0.0,9.178634486235639,7.211045972400594,1.2728575745274335,35,976.421805863122,,7
NEAR,-1,DONCHIAN_V2,2025-01-08 00:00:00+00:00,2025-01-13 20:00:00+00:00,5.35992786102295,4.7900123765335145,12.538493575192742,67.20542104893283,4.78761856724989,-1.2124412714504338,SL,7.145881640673642,0.06363248022859601,0.0,7.115851870969513,7.210665712364854,0.9868508893384484,35,983.5376577340916,,7
BTC,-1,DONCHIAN_V2,2025-01-08 08:00:00+00:00,2025-01-13 20:00:00+00:00,95637.8686,93551.05068098166,0.001564132826680061,149.59032975097423,93504.2985317158,42953.897965684046,SL,3.2640604104407647,0.14795829954575387,0.0,3.190897275770498,7.210413692035921,0.4425401110195553,33,986.728555009862,,7
ETH,-1,DONCHIAN_V2,2025-01-07 20:00:00+00:00,2025-01-14 00:00:00+00:00,3385.2227223632813,3160.7514262239915,0.030792088785815786,104.23807862677118,3159.17184030384,708.5876740989811,SL,6.911940080588158,0.1007821085864771,0.0,6.863277011315066,7.211678604670803,0.9516892512195306,37,993.5918320211771,,7
XRP,1,DONCHIAN_V2,2025-01-15 04:00:00+00:00,2025-01-16 00:00:00+00:00,2.8328664077281953,2.9670079654532686,24.358014494838745,69.00300102138515,2.968492211559048,6.329023305697626,SL,3.2674220074275837,0.07063671202509894,0.0,3.2312867959131775,7.451451034734858,0.43364531026917696,5,996.613614606174,,7
BTC,1,DONCHIAN_V2,2025-01-14 12:00:00+00:00,2025-01-18 04:00:00+00:00,96587.61366,102611.0992839406,0.001346495423140617,130.05477972526415,102662.43049919019,159837.00367619604,SL,8.110595823989312,0.13411007763725882,0.0,8.041513136214686,7.451938740158828,1.0791169139486636,22,1004.6060426419101,,7
LINK,1,DONCHIAN_V2,2025-01-15 16:00:00+00:00,2025-01-18 04:00:00+00:00,21.60631968269348,23.685738039319954,3.0402740099536123,65.68913218204217,23.69758683273632,49.6145744830452,SL,6.322001585471917,0.06885013297477813,0.0,6.28599601858816,7.450867299195936,0.8436596393639324,15,1010.8920386604983,,7
DOGE,1,DONCHIAN_V2,2025-01-15 16:00:00+00:00,2025-01-18 04:00:00+00:00,0.3712142312049866,0.3928147387528584,182.10966569497552,67.60169954595746,0.39301124437504587,0.8387893791807544,SL,3.933661208384728,0.06956853015014983,0.0,3.897893528007557,7.450620964950253,0.5231635787599863,15,1014.7899321885059,,7
SOL,1,DONCHIAN_V2,2025-01-15 16:00:00+00:00,2025-01-18 16:00:00+00:00,196.56930477905274,247.93800371952858,0.44086135144640676,86.65980935777381,248.062034736897,389.72863445517527,SL,22.646474036941783,0.0979830463762447,0.0,22.591820895244425,7.451192273481027,3.031973953436856,18,1037.3817530837503,,7
ETH,1,DONCHIAN_V2,2025-01-16 00:00:00+00:00,2025-01-19 08:00:00+00:00,3451.890191162109,3187.4714462098545,0.028439549209447922,98.1702009571654,3189.065979199454,6455.59547073531,SL,-7.519949908970106,0.09441022600268034,0.0,-7.565275034494204,7.474602109546304,-1.012130802900143,20,1029.7826419920334,,7
BTC,1,DONCHIAN_V2,2025-01-19 20:00:00+00:00,2025-01-20 00:00:00+00:00,106283.7525,100761.28434239476,0.0014114184696474117,150.01085130193428,100811.69018748851,168821.60750013142,SL,-7.794513555683747,0.1461135945240924,0.0,-7.865621724556872,7.72336981494025,-1.0184183734593995,1,1021.8148118486911,,7
SOL,1,DONCHIAN_V2,2025-01-18 16:00:00+00:00,2025-01-27 04:00:00+00:00,257.77154522094725,228.02110159711927,0.26252748101951817,67.6721144453641,228.13516918171013,596.4729856693716,SL,-7.810309023776744,0.06376695993347573,0.0,-7.840239926487538,7.780363148128126,-1.0076958847831952,51,1013.8668254798812,,7
LINK,1,DONCHIAN_V2,2025-01-19 20:00:00+00:00,2025-01-27 04:00:00+00:00,26.051208726882933,22.342121644440198,2.0884246423904167,54.40598626927859,22.35329829358699,68.31304225026513,SL,-7.746148863745384,0.05053291183740591,0.0,-7.769478782448151,7.7228072742478675,-1.0060433345728972,44,1006.0973466974331,,7
BTC,1,DONCHIAN_V2,2025-01-20 08:00:00+00:00,2025-01-27 04:00:00+00:00,107227.24116,98551.72650633419,0.0008883856983314941,95.25914751808612,98601.02701984411,205812.54561892443,SL,-7.707203143982015,0.09140554594609512,0.0,-7.750979116169066,7.6634052728594,-1.011427536479092,41,998.346367581264,,7
APT,-1,DONCHIAN_V2,2025-01-27 08:00:00+00:00,2025-01-31 04:00:00+00:00,7.0906817234039305,8.057473414042724,7.776968709890659,55.144009894705945,8.053446690697376,-3.9123464742354326,SL,-7.518708727080184,0.058903364258246035,0.0,-7.550040086391077,7.487393025620028,-1.0083670057864849,23,990.7118856559897,,7
NEAR,-1,DONCHIAN_V2,2025-01-29 00:00:00+00:00,2025-01-31 12:00:00+00:00,4.282143392372132,4.826636552556025,13.811931377619292,59.14467068456977,4.824224440335857,-1.9130685843561563,SL,-7.520502164042998,0.06290492176659127,0.0,-7.5538347504673045,7.487186235582922,-1.008901677183831,15,983.1580509055224,,7
SUI,-1,DONCHIAN_V2,2025-01-27 00:00:00+00:00,2025-02-03 04:00:00+00:00,3.86912602,3.12131916096898,16.889982021736383,65.34946891763245,3.119759281328316,-1.3160596065663177,SL,12.630444404765079,0.059034246715249906,0.0,12.604084892508645,7.663048051056208,1.6447874016360118,43,995.6864772820927,,7
XRP,-1,DONCHIAN_V2,2025-02-02 00:00:00+00:00,2025-02-03 04:00:00+00:00,2.8769245572090147,2.4025160907133807,29.156281506334626,83.88042226247313,2.401315432996882,-0.013385376837518503,SL,13.831986798135226,0.07696442886340552,0.0,13.796962580403058,7.373685381791417,1.8711081184007776,7,1009.4834398624957,,7
DOGE,-1,DONCHIAN_V2,2025-02-02 04:00:00+00:00,2025-02-03 04:00:00+00:00,0.29858028473854065,0.25262117265233314,225.85754338510247,67.43660961427119,0.25249492518973826,-0.07451814686307878,SL,10.3802121519514,0.0622465035382955,0.0,10.35168395322024,7.373370830207934,1.4039282970565465,6,1019.835123815716,,7
AVAX,-1,DONCHIAN_V2,2025-01-20 00:00:00+00:00,2025-02-03 12:00:00+00:00,35.67086580352783,26.752541492608486,1.5386301109462233,54.884268208829866,26.73917190665516,-21.252579348618283,SL,13.722002323964233,0.048023267046847756,0.0,13.701421191021801,7.663611088865184,1.7878544503555551,87,1033.4481536097505,,7
BTC,-1,DONCHIAN_V2,2025-02-03 04:00:00+00:00,2025-02-03 16:00:00+00:00,94029.29038,100716.31771028429,0.001152495962471722,108.36837751703113,100665.98471792533,18181.35508942495,SL,-7.706771999090695,0.11222176351657649,0.0,-7.764809573848757,7.648763428617871,-1.0151718831826722,3,1025.6833440359019,,7
SOL,-1,DONCHIAN_V2,2025-01-27 08:00:00+00:00,2025-02-09 04:00:00+00:00,227.4545,207.44935860619418,0.24002601481631117,54.59499718703665,207.34568576331253,-129.059129817032,SL,4.801754364592035,0.052194120004740635,0.0,4.776857743180813,7.487597756859479,0.6379693325278692,77,1030.4602017790826,,7
XRP,1,DONCHIAN_V2,2025-02-14 12:00:00+00:00,2025-02-24 04:00:00+00:00,2.733546640062332,2.4567340868488645,28.04394857882706,76.65944141173352,2.457963068383056,5.883073173539772,SL,-7.7629170082923125,0.07277798290758737,0.0,-7.7973652704940335,7.728451513343119,-1.0089168906645705,58,1022.5483260033684,,7
APT,1,DONCHIAN_V2,2025-02-19 12:00:00+00:00,2025-02-24 12:00:00+00:00,6.469993672084808,5.653590296079798,9.498597621780357,61.45586650659872,5.656418505332464,15.767995577825884,SL,-7.754687165734638,0.057578522923731404,0.0,-7.78153775540507,7.727823144053369,-1.006950807536665,30,1014.7213481255819,,7
SOL,-1,DONCHIAN_V2,2025-02-17 16:00:00+00:00,2025-02-25 16:00:00+00:00,180.31393610229492,145.06193261451992,0.5041523938030258,90.90570252201782,144.98943789557214,5.1250927416333525,SL,17.77238194471438,0.08201951154966064,0.0,17.735815284425726,7.728164040437825,2.2949584392389446,48,1032.349394854605,,7
DOGE,-1,DONCHIAN_V2,2025-02-24 04:00:00+00:00,2025-02-25 20:00:00+00:00,0.23014395597875117,0.21469510420781063,394.88434261124104,90.88024476261955,0.2145878103026593,0.008187828794430946,SL,6.100509675666365,0.08782998992478638,0.0,6.058119808122889,7.669112445025263,0.7899375386069115,10,1038.4075146627279,,7
BTC,-1,DONCHIAN_V2,2025-02-24 16:00:00+00:00,2025-02-25 20:00:00+00:00,94310.1342,89186.32860470995,0.0022854077415300285,215.5371108054159,89141.75772584704,56252.979683059144,SL,11.70998497357075,0.20968211831863054,0.0,11.608071410654826,7.6104101109418645,1.5252885510027017,7,1050.0155860733828,,7
SOL,-1,DONCHIAN_V2,2025-02-28 04:00:00+00:00,2025-02-28 20:00:00+00:00,127.62447152557374,148.24452744114907,0.38326408176863463,48.913875890456275,148.17044222003906,-107.18662212545851,SL,-7.902926796500884,0.05286533928870672,0.0,-7.931335197844362,7.874532592259529,-1.007213457423577,4,1041.9818868321477,,7
BTC,-1,DONCHIAN_V2,2025-02-26 20:00:00+00:00,2025-03-02 16:00:00+00:00,83843.32798,90526.73363318667,0.001186339448655535,99.4666474892384,90481.4928867433,7978.586188647896,SL,-7.928787777742756,0.10343104137810978,0.0,-7.982485495376247,7.875116895550371,-1.0136339055343473,23,1033.9994013367714,,7
BTC,1,DONCHIAN_V2,2025-03-02 20:00:00+00:00,2025-03-03 16:00:00+00:00,93538.00386,85647.23894764642,0.0009881325525892448,92.42794651828443,85690.08398964124,183228.5166641001,SL,-7.797121674725593,0.08852938568092164,0.0,-7.839437087147373,7.7547850940134575,-1.0109160978811993,5,1026.0856948080545,,7
APT,1,DONCHIAN_V2,2025-02-27 04:00:00+00:00,2025-03-04 00:00:00+00:00,6.260251624488831,5.382669679443222,9.00084641664402,56.3475634015702,5.3853623606235335,16.25898606866365,SL,-7.898980305375259,0.05239807324888257,0.0,-7.923204596923357,7.874743895622284,-1.0061539399812116,29,1018.1624902111312,,7
XRP,1,DONCHIAN_V2,2025-03-02 16:00:00+00:00,2025-03-04 00:00:00+00:00,2.598519649600983,2.2382630514306134,21.59342402079199,56.11093662019385,2.239382742802014,6.702941441589193,SL,-7.779173480580861,0.052221349879903414,0.0,-7.803339362150668,7.754995510025784,-1.006233898145058,8,1010.3591508489804,,7
APT,-1,DONCHIAN_V2,2025-03-04 04:00:00+00:00,2025-03-05 20:00:00+00:00,5.514196737098694,6.463401501956596,8.010461377441969,44.171259990145614,6.460171416248472,-5.296942453184481,SL,-7.603568108178105,0.047973044044234664,0.0,-7.629455522227267,7.577693631367354,-1.0068308239126544,10,1002.667412802171,,7
SUI,-1,DONCHIAN_V2,2025-03-04 12:00:00+00:00,2025-03-06 12:00:00+00:00,2.4171164800000002,2.8897979402435823,16.08006890940968,38.867399560469764,2.8883537633619016,-2.9684524727074444,SL,-7.6007504529171905,0.04266777478692836,0.0,-7.623984527923884,7.57752798914239,-1.0061308303774081,12,995.0434282742472,,7
NEAR,-1,DONCHIAN_V2,2025-03-04 16:00:00+00:00,2025-03-06 12:00:00+00:00,2.739452009534836,3.240943564703331,15.158648324127329,41.52638961336248,3.239323902751955,-2.9733696272322376,SL,-7.601934122318912,0.04532735667452194,0.0,-7.626498284186753,7.577382236394038,-1.0064819282253985,11,987.4169299900605,,7
XRP,-1,DONCHIAN_V2,2025-03-09 12:00:00+00:00,2025-03-19 12:00:00+00:00,2.25344927110672,2.5706336616461822,23.442968128055384,52.827539440744474,2.569348987152606,-1.3568331979891206,SL,-7.435743558133285,0.05654541121981112,0.0,-7.465875199632724,7.405626974925453,-1.008135465762894,60,979.8556873339909,,7
LINK,-1,DONCHIAN_V2,2025-02-03 04:00:00+00:00,2025-03-20 00:00:00+00:00,17.705457833862305,15.066298615865742,1.6650630787835616,29.4807041321233,15.058769231250118,-34.78992648596425,SL,4.394366572917373,0.027283520845664613,0.0,4.38182340413777,7.648211045780961,0.5729213508765488,269,984.2375107381287,,7
BTC,-1,DONCHIAN_V2,2025-03-10 00:00:00+00:00,2025-03-24 08:00:00+00:00,80718.15314000001,87575.49175573075,0.0010868366664035143,87.72744847692597,87531.72589278436,2848.7502510359336,SL,-7.452807041520886,0.09145385199768641,0.0,-7.5003971692801095,7.405240696933965,-1.0128498824333343,86,976.7371135688486,,7
DOGE,-1,DONCHIAN_V2,2025-03-09 20:00:00+00:00,2025-03-26 04:00:00+00:00,0.17143570733964444,0.1968341317257877,292.7040447683168,50.17992495603134,0.1967357638438658,-0.11770779556574226,SL,-7.434221548566386,0.05389703573031454,0.0,-7.463028621818685,7.40542887165255,-1.0077780438060275,98,969.1303224750454,,7
SOL,1,DONCHIAN_V2,2025-03-24 12:00:00+00:00,2025-03-28 04:00:00+00:00,143.41867738952635,132.994106348664,0.707197362835236,101.42531043119052,133.06063666699748,261.796285646999,SL,-7.372229148786433,0.09773919585679731,0.0,-7.419255689427635,7.325179083112399,-1.0128429087190676,22,961.6620916244358,,7
LINK,1,DONCHIAN_V2,2025-03-26 08:00:00+00:00,2025-03-28 04:00:00+00:00,15.916182706832885,14.727742830464907,6.154134076506682,97.95032236402662,14.735110385657734,29.414152091691744,SL,-7.313818341035561,0.09429341319350884,0.0,-7.359136593047056,7.26847741856284,-1.0124729251070772,11,954.3029550313887,,7
NEAR,1,DONCHIAN_V2,2025-03-24 16:00:00+00:00,2025-03-28 12:00:00+00:00,2.9705940286159516,2.7351606494241354,31.293850629962723,92.9613258137668,2.736528913881076,5.6456239113002455,SL,-7.367617001736069,0.08927751731289876,0.0,-7.4104138561420845,7.324798738198282,-1.0116883918594686,23,946.8033822952589,,7
AVAX,1,DONCHIAN_V2,2025-03-24 08:00:00+00:00,2025-03-28 16:00:00+00:00,21.527305317306517,19.824219355508784,4.326519569026579,93.13830772373657,19.834136423720643,40.87780695828795,SL,-7.368434741452344,0.0894540903530104,0.0,-7.411319677943486,7.325528351766364,-1.0117112817065865,26,939.3920626173153,,7
BTC,-1,DONCHIAN_V2,2025-03-28 16:00:00+00:00,2025-04-02 20:00:00+00:00,84027.39116,87715.15877991894,0.0019334720159816616,162.46460938380486,87671.32311835977,42382.45449303127,SL,-7.130195494556576,0.16602970713108314,0.0,-7.214992896995756,7.045440469629865,-1.024065553899258,31,932.0557035418401,,7
XRP,-1,DONCHIAN_V2,2025-03-28 08:00:00+00:00,2025-04-04 08:00:00+00:00,2.220055892372131,2.1013430774011668,43.009147601636265,95.4827115589153,2.1002929309356992,0.3181954578622497,SL,5.105736981291944,0.09292984306826933,0.0,5.0605484940031324,7.157272162735414,0.7070498898101226,42,937.089841963112,,7
SOL,-1,DONCHIAN_V2,2025-03-28 16:00:00+00:00,2025-04-04 12:00:00+00:00,129.85402888183594,120.71281304672642,0.6181382916369405,80.26774757519199,120.65248680332476,-0.39571939169042025,SL,5.650535539799146,0.07744247980529242,0.0,5.6132269337814495,7.044831227344677,0.7967865733949138,41,942.7030688968935,,7
APT,-1,DONCHIAN_V2,2025-03-28 08:00:00+00:00,2025-04-07 12:00:00+00:00,5.582483324241639,4.292058690647995,14.838387077110262,82.83504841661068,4.289913733781105,0.07020603936662084,SL,19.147820207100672,0.07326113831306033,0.0,19.115976592995917,7.156914102567069,2.670980302270126,61,961.7540492096796,,7
LINK,-1,DONCHIAN_V2,2025-04-03 00:00:00+00:00,2025-04-07 12:00:00+00:00,12.897419618606568,11.334031459787765,4.095404121466644,52.82014546232609,11.32836727614969,-6.609932160490759,SL,6.402706309078675,0.04961879230778675,0.0,6.379497589502051,6.990417776563801,0.9126060549471119,27,968.1335467991817,,7
AVAX,-1,DONCHIAN_V2,2025-04-06 04:00:00+00:00,2025-04-07 12:00:00+00:00,17.385522138977052,15.904717849260326,3.787280996460527,65.84385761049157,15.896769464528063,-3.9498686774631153,SL,5.608221945921385,0.06303974663753087,0.0,5.5781041280891,7.0702730167267,0.7889517299957923,8,973.7116509272707,,7
NEAR,-1,DONCHIAN_V2,2025-04-06 16:00:00+00:00,2025-04-07 12:00:00+00:00,2.336532493209839,2.1362198640852963,27.45465898533712,64.14870280923564,2.1351522879413256,-0.6065125598976828,SL,5.499514923070623,0.06139894534770032,0.0,5.470190329127541,7.070026102260662,0.7737157190096415,5,979.1818412563982,,7
SUI,1,DONCHIAN_V2,2025-04-13 04:00:00+00:00,2025-04-15 16:00:00+00:00,2.41108212,2.105680350276069,24.127948423337568,58.1744650357914,2.1067337171346363,5.889349581318444,SL,-7.3687181482950255,0.05449010596164389,0.0,-7.394121021738774,7.343302567060661,-1.0069203814243015,15,971.6838006871649,,7
ETH,-1,DONCHIAN_V2,2025-02-03 04:00:00+00:00,2025-04-19 20:00:00+00:00,2526.0247232910156,1613.31005859375,0.0154130369217083,38.93371232523241,1702.16797353122,-3145.1350403021365,EOD,14.067704825963565,0.03189985991225063,0.0,14.05527182221393,7.648357047202181,1.8376851048494711,454,985.7390725093788,,7
NEAR,-1,DONCHIAN_V2,2025-04-08 20:00:00+00:00,2025-04-19 20:00:00+00:00,1.8976204019069671,2.181999921798706,19.439490280974503,36.88877335984942,2.2754010794492405,-2.419873055719017,EOD,-5.528192913043655,0.03965286981637124,0.0,-5.549401396180102,7.343863809422986,-0.7556514581683293,66,980.1896711131988,,7
AVAX,1,DONCHIAN_V2,2025-04-09 20:00:00+00:00,2025-04-19 20:00:00+00:00,18.547709425735473,19.892000198364258,2.445520176141527,45.35879762184647,15.544779599938815,52.86690743484013,EOD,3.2874902070645753,0.04700254272537876,0.0,3.26316706315012,7.343725476522887,0.444347637119895,60,983.4528381763489,,7
SOL,1,DONCHIAN_V2,2025-04-13 00:00:00+00:00,2025-04-19 20:00:00+00:00,132.29645827331544,139.85000610351562,0.5095908072790535,67.41705897165843,117.88576782102388,296.9900634423618,EOD,3.8492185366126566,0.06934166823996477,0.0,3.813585397858521,7.3435553810318055,0.5193104974341044,41,987.2664235742075,,7
