symbol,side,tag,entry_ts,exit_ts,entry,exit,qty,notional,sl,tp,reason,gross,fees,funding,pnl,r_unit,r_multiple,bars_held,equity_after,regime,fold
APT,1,SQUEEZE_V2,2023-01-12 19:00:00+00:00,2023-01-14 09:00:00+00:00,5.560211971092224,7.402081947916998,14.190781004569635,78.90375042075623,7.405784840337167,11.600350684154213,SL,26.137573480012115,0.09197253716076229,0.0,26.08505281806173,7.5,3.4780070424082306,38,1025.8136986526972,,1
LINK,1,SQUEEZE_V2,2023-01-13 21:00:00+00:00,2023-01-14 09:00:00+00:00,6.487297261047363,6.765502466433393,31.093420884621363,201.71226414139704,6.768886909888336,9.24385802813151,SL,8.650351543360355,0.2060374399130772,0.0,8.545170235517975,7.499704110935922,1.139400982907789,12,1034.3588688882153,,1
NEAR,1,SQUEEZE_V2,2023-01-13 21:00:00+00:00,2023-01-14 09:00:00+00:00,1.9783956448316573,2.1141415099336496,52.1724036819804,103.21765622482914,2.1151991094883935,3.6210698033017983,SL,7.082188072260796,0.10675875026095955,0.0,7.027038150112251,7.498947689945392,0.9370698984250979,12,1041.3859070383276,,1
DOGE,1,SQUEEZE_V2,2023-01-13 22:00:00+00:00,2023-01-14 09:00:00+00:00,0.08256650667339563,0.08655630833962923,1924.2022745416464,158.8746599419059,0.08659960814370107,0.1271033190624346,SL,7.677185441136738,0.16271325266247427,0.0,7.593909518445217,7.498560623734549,1.0127156263041828,11,1048.9798165567727,,1
AVAX,1,SQUEEZE_V2,2023-01-17 15:00:00+00:00,2023-01-18 15:00:00+00:00,17.56351146583557,16.548903068505588,7.816911425687644,137.29241345248602,16.557181659335253,29.06442354012492,SL,-7.9311039736873745,0.13332686146564235,0.0,-7.995784628426774,7.866390962442373,-1.0164489238587535,24,1040.6106380009974,,1
LINK,1,SQUEEZE_V2,2023-01-17 20:00:00+00:00,2023-01-18 15:00:00+00:00,6.868373503017425,6.542865715631314,24.410393035452383,167.65969672294224,6.5461387850238255,10.551055994372845,SL,-7.945773026195439,0.16368681020984455,0.0,-8.025629988043812,7.865876115891926,-1.0203097366139704,19,1032.5850080129535,,1
DOGE,1,SQUEEZE_V2,2023-01-18 02:00:00+00:00,2023-01-18 15:00:00+00:00,0.08544708970338107,0.08354405694805048,2182.1607139920657,186.4592822756741,0.08358584987298696,0.12663953765041974,SL,-4.1527233161224855,0.18438292061761286,0.0,-4.243876595602261,7.865247392029214,-0.5395731862042996,13,1028.3411314173513,,1
BTC,1,SQUEEZE_V2,2023-01-16 02:00:00+00:00,2023-01-18 16:00:00+00:00,21191.237399999998,20528.13257386629,0.01205104059878351,255.37646224585947,20538.401774753664,28652.21597424383,SL,-7.9911031809866095,0.25138091065536616,0.0,-8.114795860519045,7.867348624175794,-1.0314524305663617,62,1020.2263355568323,,1
XRP,1,SQUEEZE_V2,2023-01-20 17:00:00+00:00,2023-01-21 10:00:00+00:00,0.3972394256472587,0.3972952824164645,616.755416295765,244.99956733416565,0.39749402943118006,0.5389812892809098,SL,0.03444996494444449,0.24501679231663787,0.0,-0.08806704370511056,7.649255434792137,-0.011513152418017496,17,1019.5950315340932,,1
ETH,1,SQUEEZE_V2,2023-01-20 17:00:00+00:00,2023-01-22 02:00:00+00:00,1585.6670455810547,1605.5574596661677,0.17256635835547315,273.6327876202047,1606.3606399861608,2092.416868967959,SL,3.432416324850357,0.27534899578262984,0.0,3.2938837228778297,7.651697516676241,0.4304775137411121,33,1022.888915256971,,1
LINK,1,SQUEEZE_V2,2023-01-20 17:00:00+00:00,2023-01-22 02:00:00+00:00,6.590318025112152,6.78917313453686,35.58179360275559,234.49533574606042,6.792569419246482,9.047476674507573,SL,7.075621460403321,0.2380331464762621,0.0,6.954835981800088,7.650134792301183,0.909112868024127,33,1029.8437512387711,,1
SOL,1,SQUEEZE_V2,2023-01-20 17:00:00+00:00,2023-01-22 20:00:00+00:00,22.05340958633423,24.09494565898966,6.488507449829689,143.09371239507513,24.106999158568943,35.52896543269188,SL,13.246522016520798,0.14971697340333553,0.0,13.168351899315,7.650671393722666,1.7212021300665927,51,1043.012103138086,,1
AVAX,1,SQUEEZE_V2,2023-01-20 17:00:00+00:00,2023-01-22 20:00:00+00:00,16.443288534164427,17.271455555908283,11.570225419144403,190.25255497231498,17.280095603710137,23.997986819110782,SL,9.58207912627787,0.19504359453545392,0.0,9.482161809228574,7.648336686414634,1.2397678342365959,51,1052.4942649473146,,1
XRP,-1,SQUEEZE_V2,2023-01-27 02:00:00+00:00,2023-01-28 00:00:00+00:00,0.4001099577665329,0.41558743200022247,516.9494735253661,206.83663201966564,0.4153797421291579,0.22559813647938995,SL,-8.001072156608236,0.21083716809796976,0.0,-8.108491008696372,7.893706987104859,-1.0272095255046056,22,1044.2823556226085,,1
XRP,1,SQUEEZE_V2,2023-01-29 20:00:00+00:00,2023-01-30 09:00:00+00:00,0.4160832085847855,0.40744946482090993,929.0859634092812,386.57706870642033,0.40765329146664325,0.512425118506411,SL,-8.021490142689185,0.38256632363507576,0.0,-8.21076793197105,7.832117667169563,-1.048345834535748,13,1035.8782991562841,,1
NEAR,-1,SQUEEZE_V2,2023-02-01 07:00:00+00:00,2023-02-01 20:00:00+00:00,2.2325534400463103,2.3632035136177003,60.007287489712205,133.9694761130049,2.3620225023665173,0.752907013529656,SL,-7.839956525350452,0.13788945437568012,0.0,-7.91086124166963,7.76908724367213,-1.0182484754709085,13,1027.900453176558,,1
BTC,1,SQUEEZE_V2,2023-02-01 20:00:00+00:00,2023-02-02 21:00:00+00:00,23384.37594,23414.75227472347,0.012865334202007299,300.8478115734786,23426.465507477205,30232.682540202644,SL,0.39080169804944387,0.3010432124225033,0.0,0.24018239141367984,7.709253398824184,0.031155078058572115,25,1027.653727214919,,1
LINK,1,SQUEEZE_V2,2023-02-02 18:00:00+00:00,2023-02-02 21:00:00+00:00,7.38947761144638,7.090811448544472,26.115932491881736,192.98309845080516,7.094358627858401,10.762265995308994,SL,-7.799945347955578,0.18908312577682737,0.0,-7.892536924507003,7.707307452456403,-1.0240329678286761,3,1019.761190290412,,1
ETH,1,SQUEEZE_V2,2023-02-01 20:00:00+00:00,2023-02-02 22:00:00+00:00,1617.8435235351562,1627.041693439145,0.13479129264500816,218.0712198346584,1627.85562124977,2271.3936002733126,SL,1.2398332113270685,0.21869113644032195,0.0,1.1301776848040757,7.708125219530783,0.1466216041665282,26,1020.891367975216,,1
XRP,1,SQUEEZE_V2,2023-02-02 19:00:00+00:00,2023-02-03 02:00:00+00:00,0.41831364315748215,0.40580216512493084,626.1200908235207,261.9145762464806,0.4060051677087852,0.5589819339997331,SL,-7.833687762077514,0.2579977323654418,0.0,-7.960728206319716,7.706583765837212,-1.032977574526486,7,1012.9306397688963,,1
DOGE,1,SQUEEZE_V2,2023-02-04 18:00:00+00:00,2023-02-05 00:00:00+00:00,0.09883976488709449,0.09431060499602617,1694.414940107968,167.47557430145184,0.09435778388797016,0.15006240487708683,SL,-7.67427618556394,0.16363843620866989,0.0,-7.754176834621884,7.594335566196311,-1.0210474329231716,6,1004.740160871069,,1
XRP,1,SQUEEZE_V2,2023-02-04 18:00:00+00:00,2023-02-05 03:00:00+00:00,0.4152830350399017,0.40713389073600975,955.9936750110048,397.00795483751955,0.4073375595157676,0.5060884696014344,SL,-7.790530411272676,0.39311268963188317,0.0,-7.9851391234858,7.595824346026952,-1.051253788887638,9,996.7550217475831,,1
ETH,1,SQUEEZE_V2,2023-02-04 14:00:00+00:00,2023-02-05 12:00:00+00:00,1684.5367911621092,1642.1815781949635,0.18291117112344557,308.12059727199244,1643.0030797348309,2159.2077789024343,SL,-7.747241607003566,0.30424697646849064,0.0,-7.897428284836061,7.596979798266722,-1.0395484119410041,22,988.857593462747,,1
APT,-1,SQUEEZE_V2,2023-02-05 13:00:00+00:00,2023-02-07 11:00:00+00:00,15.373324713897706,16.102410170322024,6.614741914945476,101.69057535708633,16.094362988827612,2.563878460668761,SL,-4.822712128187092,0.10410193142117988,0.0,-4.875968771929728,7.413978340866556,-0.657672378816232,46,983.4157116836263,,1
BTC,-1,SQUEEZE_V2,2023-02-05 13:00:00+00:00,2023-02-07 17:00:00+00:00,23161.56676,23191.62339456008,0.02267996075067372,525.3034250409091,23180.033377871147,19424.381178923144,SL,-0.6816832921199177,0.5256442666869692,0.0,-0.9446758462864323,7.416431950970602,-0.12737605529607818,52,982.4710358373399,,1
SOL,-1,SQUEEZE_V2,2023-02-07 00:00:00+00:00,2023-02-07 17:00:00+00:00,22.64546961860657,23.67797712831327,7.263429677018853,164.48377607781575,23.666144056285127,10.980618902280174,SL,-7.499545687748481,0.16823354892168998,0.0,-7.585537348631263,7.413597001208967,-1.0231925673049473,17,974.8854984887085,,1
LINK,-1,SQUEEZE_V2,2023-02-07 00:00:00+00:00,2023-02-07 17:00:00+00:00,6.828633923721314,7.0716720302115865,30.951378791473417,211.35563520140377,7.068137961230971,4.091444923610942,SL,-7.522364494742891,0.2151168174487752,0.0,-7.631803494590964,7.412980187048675,-1.0295189386752441,17,967.2536949941176,,1
NEAR,-1,SQUEEZE_V2,2023-02-05 13:00:00+00:00,2023-02-07 21:00:00+00:00,2.402519516324997,2.4857944704690764,53.690553532730995,128.9926027046782,2.4845521943718905,0.8242770934522454,SL,-4.4710783834084245,0.13122814189638243,0.0,-4.537810223952468,7.414462063126699,-0.6120215040980141,56,962.5843280005049,,1
ETH,1,SQUEEZE_V2,2023-02-07 18:00:00+00:00,2023-02-09 03:00:00+00:00,1672.1543102783203,1625.2376872301243,0.15735003504357664,263.1135393205614,1626.0507125864174,2199.0525696143536,SL,-7.382332280759918,0.25942237318018146,0.0,-7.510197884279819,7.254402712455882,-1.0352606798881918,33,955.0741301162251,,1
APT,-1,SQUEEZE_V2,2023-02-12 22:00:00+00:00,2023-02-13 16:00:00+00:00,13.175564128112793,13.686216209935294,8.284950871736228,109.15890150882467,13.679376521674458,3.295770193046428,SL,-4.2307274104492505,0.11127426521404929,0.0,-4.287422224908887,7.162190645303959,-0.5986188356658763,18,950.6167510315312,,1
LINK,-1,SQUEEZE_V2,2023-02-12 22:00:00+00:00,2023-02-14 14:00:00+00:00,6.82063562669754,6.756594585066167,33.831864167888874,230.7548180610948,6.753217976078128,4.400919809062966,SL,2.1666278216427437,0.22967150415027343,0.0,2.0523337265230177,7.163055975871688,0.28651649986209476,40,952.6690847580542,,1
NEAR,1,SQUEEZE_V2,2023-02-15 11:00:00+00:00,2023-02-16 21:00:00+00:00,2.289457834339142,2.4125428631844845,75.14463150574203,172.04046530934897,2.4137497380535113,3.3761269480985114,SL,9.249179136456902,0.17666505487757744,0.0,9.158534314234,7.145018135685406,1.2818070073877343,34,961.4679921999025,,1
ETH,1,SQUEEZE_V2,2023-02-15 12:00:00+00:00,2023-02-16 21:00:00+00:00,1572.0643499999999,1671.967725319048,0.1783757266614867,280.41812078986777,1672.8041273827394,2029.8058739589826,SL,17.820337168470445,0.289328289374103,0.0,17.671217939491275,7.144372983940497,2.4734456024641465,33,979.1392101393938,,1
APT,1,SQUEEZE_V2,2023-02-15 14:00:00+00:00,2023-02-16 21:00:00+00:00,14.930986050224304,15.246228202779688,7.885959132521209,117.74514580031313,15.25385513034486,25.28249432085679,SL,2.485986731899781,0.11898813916626302,0.0,2.425871165633674,7.1427624784392645,0.3396264642645294,31,981.5650813050274,,1
SOL,1,SQUEEZE_V2,2023-02-15 13:00:00+00:00,2023-02-16 22:00:00+00:00,22.46949315261841,22.481213264895732,6.633439030408943,149.05001287208543,22.492459494643054,34.77652705548746,SL,0.07774465022117497,0.14908888519719604,0.0,0.0031807714600216586,7.1433214159875345,0.0004452790620484673,33,981.5682620764875,,1
DOGE,1,SQUEEZE_V2,2023-02-18 17:00:00+00:00,2023-02-19 17:00:00+00:00,0.08926784833073616,0.08641674134403231,2621.824945626028,234.0446715958848,0.08645997132969716,0.12135787119975336,SL,-7.475103420388809,0.23030711988569041,0.0,-7.588388204476557,7.361761965573657,-1.0307842388768733,24,973.4369904269239,,1
SOL,1,SQUEEZE_V2,2023-02-19 13:00:00+00:00,2023-02-19 17:00:00+00:00,24.443886975860597,23.98776405972252,7.318075765541548,178.8822168936821,23.999763941693363,35.93931209483627,SL,-3.337942058698208,0.177213245864333,0.0,-3.4257141961157,7.360884298055171,-0.46539438162624186,4,970.0112762308082,,1
BTC,1,SQUEEZE_V2,2023-02-19 16:00:00+00:00,2023-02-19 17:00:00+00:00,24932.4855,24479.266124089932,0.016688641545406564,416.0893133455467,24491.511880029946,29972.184013943464,SL,-7.56361570599597,0.41230750549254874,0.0,-7.767878554815745,7.359250674660549,-1.0555257455167533,1,962.2433976759925,,1
AVAX,1,SQUEEZE_V2,2023-02-19 13:00:00+00:00,2023-02-19 20:00:00+00:00,19.933986305236814,19.35286198954888,12.88004739279527,256.750688338782,19.362543261179468,26.464763951606486,SL,-7.484908727166304,0.2530082339751989,0.0,-7.609541616972112,7.360213489741819,-1.033875121635777,7,954.5433264974981,,1
DOGE,-1,SQUEEZE_V2,2023-02-19 18:00:00+00:00,2023-02-22 09:00:00+00:00,0.08675264407396317,0.08782972086348316,2087.073252661253,181.05912304441028,0.08778582794950841,0.047234143508678134,SL,-2.2479381584694194,0.182183092123645,0.0,-2.339591689070859,7.216825482569943,-0.3241857094537528,63,952.2037348084273,,1
ETH,-1,SQUEEZE_V2,2023-02-24 16:00:00+00:00,2023-02-26 18:00:00+00:00,1603.1893077636719,1633.6406016315307,0.1516126854166244,243.0638361812694,1632.8241895367623,1064.9300188257846,SL,-4.616802437716859,0.24537223740012787,0.0,-4.740642757026352,7.140606921552634,-0.6638991347804872,50,946.8859416394122,,1
SOL,-1,SQUEEZE_V2,2023-02-24 16:00:00+00:00,2023-02-26 18:00:00+00:00,23.031392098236086,23.08445922228154,6.604404503396908,152.10862969309036,23.072922760901093,10.676528130894763,SL,-0.35047675302812675,0.15228386806960442,0.0,-0.426706306251186,7.139695432166953,-0.05976533737401699,50,946.459235333161,,1
DOGE,-1,SQUEEZE_V2,2023-02-24 16:00:00+00:00,2023-02-26 20:00:00+00:00,0.08177364220023155,0.08256174420739158,2876.5308524924917,235.22440470964804,0.08252048396540888,0.053413760739723065,SL,-2.2669997385071,0.2363579045789016,0.0,-2.385745440731178,7.13808147449095,-0.33422782427701503,52,944.0734898924298,,1
BTC,-1,SQUEEZE_V2,2023-02-24 16:00:00+00:00,2023-02-27 13:00:00+00:00,23341.63074,23815.96391702915,0.010522995253481153,245.62386948552978,23804.061886086107,15585.525085901263,SL,-4.991405770446359,0.24811957237075297,0.0,-5.116713408074347,7.141528011063205,-0.7164731973532634,69,938.9567764843555,,1
APT,-1,SQUEEZE_V2,2023-02-27 19:00:00+00:00,2023-03-01 04:00:00+00:00,12.27594474105835,12.7763973749003,9.96955509391907,122.38570742588729,12.770012368715943,4.20383772660413,SL,-4.989290104984233,0.12488035247837942,0.0,-5.052977603749669,7.041590115403538,-0.7175904193423923,33,933.7645115963426,,1
XRP,-1,SQUEEZE_V2,2023-02-24 16:00:00+00:00,2023-03-01 08:00:00+00:00,0.38135371406674384,0.3848009813342477,729.7164643819486,278.2800839077089,0.38460867699574985,0.26954316261838457,SL,-2.5155276822225554,0.2795378477488202,0.0,-2.6559254880175214,7.139125024805604,-0.37202394954413076,112,931.1085861083251,,1
LINK,1,SQUEEZE_V2,2023-03-02 00:00:00+00:00,2023-03-02 10:00:00+00:00,7.538507579326629,7.265048510448028,25.88092819268208,195.1035733405421,7.268682851873964,10.62221875021423,SL,-7.077374525284785,0.19156488607789973,0.0,-7.1713876246924135,6.983314395812438,-1.026931800320025,10,923.8396466969624,,1
XRP,-1,SQUEEZE_V2,2023-03-03 02:00:00+00:00,2023-03-03 22:00:00+00:00,0.36043788964748386,0.37451777239899087,498.68396587129484,179.74459625968737,0.3743306070954432,0.20166397595651997,SL,-7.021411769524355,0.18325530214444954,0.0,-7.114794773538961,6.928075433677695,-1.0269511124191306,20,916.4078809330091,,1
AVAX,-1,SQUEEZE_V2,2023-03-03 02:00:00+00:00,2023-03-04 00:00:00+00:00,15.896819618606568,16.768207760017372,8.026457140210033,127.5951413343956,16.759827846094325,6.033868447317893,SL,-6.994159569521101,0.13109222111915617,0.0,-7.06145421997306,6.926898549579113,-1.019425096156796,22,909.3464267130361,,1
LINK,-1,SQUEEZE_V2,2023-03-04 20:00:00+00:00,2023-03-05 01:00:00+00:00,6.8386321525573734,6.985097003470977,36.44421493600722,249.22858003609065,6.981606200370792,4.699911931270989,SL,-5.33779650726562,0.2518974782897235,0.0,-5.465079695537298,6.82009820034777,-0.8013197955505426,5,903.6390479789925,,1
AVAX,-1,SQUEEZE_V2,2023-03-04 20:00:00+00:00,2023-03-05 01:00:00+00:00,16.25674822883606,16.44378035302624,14.478264266834302,235.36949697647893,16.435562571740373,10.873969135197672,SL,-2.7079005204128275,0.23672344723668537,0.0,-2.8269392191612734,6.819163593172635,-0.41455805840933524,5,900.8121087598312,,1
XRP,1,SQUEEZE_V2,2023-03-07 13:00:00+00:00,2023-03-08 22:00:00+00:00,0.37424483932256697,0.38468467349284263,710.6668566198381,265.963403567565,0.38487711204886704,0.48289274620875006,SL,7.419244133422182,0.2696730256342761,0.0,7.282552809571688,6.756090815698733,1.0779240552317098,33,907.9616798676191,,1
SOL,-1,SQUEEZE_V2,2023-02-27 19:00:00+00:00,2023-03-10 13:00:00+00:00,22.55048930511475,17.502993167127453,6.92618501476206,156.18886110063787,17.494246044105402,10.93052691002854,SL,34.959892112996975,0.1387089150441394,0.0,34.89927762850316,7.0421758236326655,4.955752100279224,258,942.8609574961222,,1
BTC,-1,SQUEEZE_V2,2023-03-03 02:00:00+00:00,2023-03-11 01:00:00+00:00,22147.5696,20660.404227208033,0.008692198889065193,192.51107987261403,20650.07918761423,13037.532376762412,SL,12.926737201238547,0.18604771127199476,0.0,12.836945029902859,6.928797350227218,1.8526945414967133,191,955.697902526025,,1
DOGE,-1,SQUEEZE_V2,2023-03-03 02:00:00+00:00,2023-03-11 01:00:00+00:00,0.07361527167111635,0.06823380131331797,1821.5128507675004,134.09116336167915,0.06819970146258668,0.030151234849680783,SL,9.80241741275414,0.12918995465530209,0.0,9.740273039779678,6.927401391441721,1.406050045232408,191,965.4381755658047,,1
XRP,-1,SQUEEZE_V2,2023-03-12 14:00:00+00:00,2023-03-12 22:00:00+00:00,0.3553189342617989,0.3659274737884511,694.5153878257087,246.77446743065073,0.36574460148770727,0.23616845167998862,SL,-7.367793943617208,0.25045836440245933,0.0,-7.494865074304342,7.240786316743535,-1.0350899400211933,8,957.7247005563847,,1
ETH,1,SQUEEZE_V2,2023-03-12 18:00:00+00:00,2023-03-14 19:00:00+00:00,1516.6133206054687,1695.3145070361766,0.12557281425213634,190.44540280070623,1696.1625883303416,2175.52399378021,SL,22.44001089029966,0.20166540824585605,0.0,22.333568183454158,7.23986091249067,3.0848062488221095,49,979.7792065571455,,1
BTC,1,SQUEEZE_V2,2023-03-14 13:00:00+00:00,2023-03-14 19:00:00+00:00,25867.572480000003,24450.60455978774,0.005113368409523017,132.270427950279,24462.835977776624,41921.703933981466,SL,-7.245479000520923,0.1286476884500185,0.0,-7.307991474995802,7.182935254172885,-1.017410183497097,6,972.4712150821497,,1
LINK,1,SQUEEZE_V2,2023-03-14 13:00:00+00:00,2023-03-15 11:00:00+00:00,6.957391051197052,6.7103693245950815,21.070311578587155,146.59439722279592,6.713726187688926,10.853157830930467,SL,-5.204824746184095,0.14399198484970388,0.0,-5.275519532422401,7.1824392400680726,-0.7345024936643114,22,967.1956955497272,,1
DOGE,1,SQUEEZE_V2,2023-03-14 13:00:00+00:00,2023-03-15 11:00:00+00:00,0.07503500433862209,0.07231363700132629,1972.9659794085132,148.04151082487158,0.07234981190727992,0.11663670357018988,SL,-5.369165173958155,0.1453569282378925,0.0,-5.440501346783612,7.181889511078486,-0.7575306384749193,22,961.7551942029436,,1
AVAX,1,SQUEEZE_V2,2023-03-14 13:00:00+00:00,2023-03-15 11:00:00+00:00,17.083415923690797,16.549648326820083,7.681018244540026,131.2180293889346,16.557927290465315,27.76850870961543,SL,-4.099878649908239,0.1291680900639805,0.0,-4.163437725277752,7.181334355412893,-0.579758234225591,22,957.5917564776659,,1
SOL,-1,SQUEEZE_V2,2023-03-15 16:00:00+00:00,2023-03-17 22:00:00+00:00,19.239151430511477,20.969852384526803,4.175008360015198,80.32361806198378,20.959372698177717,-0.42052019995984935,SL,-7.2256909517002645,0.0839364635378339,0.0,-7.269465606207106,7.181938173582493,-1.0121871604167476,54,949.959819213795,,1
DOGE,1,SQUEEZE_V2,2023-03-17 00:00:00+00:00,2023-03-18 16:00:00+00:00,0.07261451960653066,0.07280224131959907,1824.3260820675318,132.47256205499806,0.07283866064992403,0.11760420197657043,SL,0.34246561732110087,0.13264379486365863,0.0,0.2760581034849413,7.181636960014761,0.038439440063867264,40,950.2358773172799,,1
ETH,1,SQUEEZE_V2,2023-03-17 02:00:00+00:00,2023-03-20 03:00:00+00:00,1695.5690264648438,1744.8868091302338,0.11358311955304906,192.58801944340337,1745.759688974721,2418.061027245102,SL,5.6016676045742875,0.1953888532456905,0.0,5.502572761050299,7.180503338815241,0.7663213150121876,73,955.7384500783302,,1
LINK,1,SQUEEZE_V2,2023-03-17 02:00:00+00:00,2023-03-21 07:00:00+00:00,6.779355477905273,6.9385761057588065,22.086567339846887,149.7326912835147,6.942047129323468,10.494493292935816,SL,3.516637118979759,0.1514910098430046,0.0,3.440012454778512,7.1797811337423285,0.4791249748006551,101,959.1784625331087,,1
BTC,1,SQUEEZE_V2,2023-03-17 02:00:00+00:00,2023-03-22 19:00:00+00:00,25665.83214,27235.110206956953,0.006616829080674146,169.82642448365314,27248.734574244074,38069.08036894156,SL,10.383644749104887,0.1750182468582056,0.0,10.293539714488508,7.181140187907054,1.4334130019941254,137,969.2988785551182,,1
ETH,1,SQUEEZE_V2,2023-03-21 13:00:00+00:00,2023-03-22 19:00:00+00:00,1806.0011426513672,1734.830455468102,0.10232643048963092,184.80165038770915,1735.698304620412,2609.4621487194263,SL,-7.28264237495766,0.1811603292002303,0.0,-7.371401878964035,7.193838468998315,-1.024682707393407,30,961.9274766761542,,1
AVAX,1,SQUEEZE_V2,2023-03-22 15:00:00+00:00,2023-03-22 19:00:00+00:00,17.743547771072386,16.94451511419328,9.098841824262337,161.4457345702302,16.95299160999828,26.778475326205026,SL,-7.270271757363068,0.15781059869154868,0.0,-7.347359488769502,7.193145462809361,-1.0214390250770644,4,954.5801171873848,,1
DOGE,-1,SQUEEZE_V2,2023-03-22 20:00:00+00:00,2023-03-23 09:00:00+00:00,0.07201559438854456,0.07762304084834053,1285.4891105261274,92.57526237454051,0.07758424872397854,0.008373830555013423,SL,-7.208311361926,0.09617941805550352,0.0,-7.258203148794234,7.1584445084844885,-1.01393579850923,13,947.0588157284126,,1
ETH,-1,SQUEEZE_V2,2023-03-22 20:00:00+00:00,2023-03-23 14:00:00+00:00,1716.7665633544923,1796.8414112652436,0.09042224476798842,155.2338864011382,1795.943439545471,811.8879783147361,SL,-7.240547497545396,0.15885416014991088,0.0,-7.321784714494738,7.159350878905386,-1.0226883467980252,18,939.7370310139179,,1
AVAX,-1,SQUEEZE_V2,2023-03-22 20:00:00+00:00,2023-03-23 14:00:00+00:00,16.386721389770507,17.55634989920453,6.166230122879415,101.04429504883532,17.547576111148956,3.119810288302517,SL,-7.212198547450624,0.10465039432256064,0.0,-7.2663267942487675,7.158097351250582,-1.015119861841398,18,932.4707042196691,,1
NEAR,-1,SQUEEZE_V2,2023-03-22 20:00:00+00:00,2023-03-23 15:00:00+00:00,1.8866225647211075,2.0362335716246163,48.1698277789342,90.87828402646689,2.035215963642795,0.18841229133039294,SL,-7.206736436374955,0.09448165224465437,0.0,-7.255778946606376,7.15771843514415,-1.0136999677132803,19,925.2149252730627,,1
ETH,-1,SQUEEZE_V2,2023-03-25 20:00:00+00:00,2023-03-26 08:00:00+00:00,1716.9964978271485,1767.2813336746449,0.14043378106884008,241.1243102718229,1766.3981346073413,1152.4063631963738,SL,-7.061689628489875,0.24465515508606783,0.0,-7.185782628440031,6.937658644031954,-1.0357648015186685,12,917.714807754018,,1
BTC,-1,SQUEEZE_V2,2023-03-27 15:00:00+00:00,2023-03-29 06:00:00+00:00,26949.70898,27719.022144951425,0.009110814301646399,245.5337940001924,27705.16956017134,18315.873778041823,SL,-7.009069385684301,0.24903832869303455,0.0,-7.135340817377239,6.882861058155135,-1.0366823849978715,39,910.4567000396406,,1
APT,-1,SQUEEZE_V2,2023-03-25 18:00:00+00:00,2023-03-29 07:00:00+00:00,11.817035953712464,11.577308386609284,12.509158361549515,147.8211741091135,11.571522625296636,5.478171238619106,SL,2.9987901005226747,0.14632177905885219,0.0,2.9263789085183793,6.938212973434863,0.4217770367849681,85,913.383078948159,,1
NEAR,-1,SQUEEZE_V2,2023-03-24 18:00:00+00:00,2023-03-29 09:00:00+00:00,1.9456107799768447,1.9609777941476216,62.39059349663444,121.38781127620518,1.9599977952499967,0.6745195463880067,SL,-0.9587571343859628,0.12186718984339817,0.0,-1.0199304185912583,6.93911193954797,-0.14698284556823263,111,912.3631485295678,,1
XRP,1,SQUEEZE_V2,2023-03-25 05:00:00+00:00,2023-03-29 15:00:00+00:00,0.44821963756084443,0.5397397195758554,264.01450457662224,118.33648555213952,0.5400097244380744,0.7485778858486529,SL,24.162629112004964,0.13041780010814202,0.0,24.09137955467289,6.938656735255684,3.4720523689064064,106,936.4545280842407,,1
DOGE,-1,SQUEEZE_V2,2023-03-30 18:00:00+00:00,2023-03-31 16:00:00+00:00,0.07363527247905731,0.07628240868918143,2691.6873939647385,198.2031346830372,0.07624428654590848,0.0438179688579011,SL,-7.125263166898689,0.20176576626648657,0.0,-7.227927365823657,7.02265027441997,-1.0292307153826825,22,928.934317991139,,1
NEAR,1,SQUEEZE_V2,2023-03-31 15:00:00+00:00,2023-04-02 15:00:00+00:00,1.997399379014969,1.9202320031234095,92.14281262471904,184.04599671730645,1.921192599423121,2.8683340029218036,SL,-7.1104190575172215,0.18049078718854783,0.0,-7.198886846347116,7.02190701266491,-1.025203955757745,48,921.7354311447918,,1
AVAX,1,SQUEEZE_V2,2023-03-30 03:00:00+00:00,2023-04-03 01:00:00+00:00,17.433486305236816,17.043355470230534,11.605040989130913,202.31632315572568,17.051881410936,24.350095307637275,SL,-4.527484331371772,0.2000525809900398,0.0,-4.626378750783949,7.023408960631805,-0.6587084386963811,94,916.9889797423112,,1
NEAR,-1,SQUEEZE_V2,2023-04-02 15:00:00+00:00,2023-04-03 08:00:00+00:00,1.944611052441597,1.9469461157775934,123.49271752402086,240.14530339325904,1.945973129212987,1.3048494885035666,SL,-0.2883633169529041,0.2402894850517355,0.0,-0.4085801503080101,6.913015733585938,-0.05910302624120751,17,916.5803995920032,,1
XRP,-1,SQUEEZE_V2,2023-04-03 21:00:00+00:00,2023-04-05 06:00:00+00:00,0.4905418864071369,0.5163625440865816,268.9222354433636,131.9176206712118,0.5161044918406612,0.19839782430971709,SL,-6.943748983774105,0.13538949516309887,0.0,-7.013179668601598,6.874352996940025,-1.0201948709534365,33,909.501261113066,,1
APT,1,SQUEEZE_V2,2023-04-05 06:00:00+00:00,2023-04-05 14:00:00+00:00,11.932386305236816,11.433712449675905,13.836086081312455,165.09752407473047,11.439432165758785,17.566147899271463,SL,-6.8996943920407405,0.1616476768787101,0.0,-6.9787933068820855,6.820555907957356,-1.02320007358053,8,902.3461123253948,,1
XRP,1,SQUEEZE_V2,2023-04-05 06:00:00+00:00,2023-04-06 00:00:00+00:00,0.5126424907922744,0.49811678176426627,365.9732481670875,187.61343750371492,0.4983659647466396,0.7256560138926202,SL,-5.31602091491013,0.18495542704625986,0.0,-5.407169623204532,6.821259458347995,-0.7926937329127877,18,896.9389427021903,,1
BTC,1,SQUEEZE_V2,2023-04-08 06:00:00+00:00,2023-04-09 08:00:00+00:00,28150.52898,27786.116516540926,0.01911238806253904,538.0238340315113,27800.016524803326,32156.38561081913,SL,-6.964792416455641,0.5345414378232836,0.0,-7.230321937263168,6.69913006447214,-1.0792926645219396,26,889.20705619824,,1
NEAR,-1,SQUEEZE_V2,2023-04-06 11:00:00+00:00,2023-04-09 22:00:00+00:00,1.955608770442009,2.0335039008076308,87.49115542116134,171.09847087772803,2.0324876569791415,1.0769929243033542,SL,-6.815134957370231,0.17450603835641315,0.0,-6.90409176028778,6.726222610626077,-1.0264441366214532,83,882.123949558283,,1
XRP,-1,SQUEEZE_V2,2023-04-09 15:00:00+00:00,2023-04-10 17:00:00+00:00,0.5006998535394669,0.5102814485116758,715.0586460280332,358.0297593383657,0.5100264352940288,0.39411034777304566,SL,-6.851402327616703,0.36145546050217403,0.0,-7.033842908449694,6.6690529214868,-1.0546989192104907,26,875.0901066498333,,1
LINK,-1,SQUEEZE_V2,2023-04-06 11:00:00+00:00,2023-04-11 02:00:00+00:00,7.188562057209015,7.4135611024912755,30.398648439158073,218.52257076016778,7.409856174404074,4.659486432122632,SL,-6.839666876681633,0.2219424041985086,0.0,-6.952347995500058,6.727042070266426,-1.033492569673302,111,867.7863534066977,,1
SOL,-1,SQUEEZE_V2,2023-03-22 20:00:00+00:00,2023-04-11 04:00:00+00:00,21.1017797000885,21.931230568456993,4.0975165949868115,86.46489250486844,21.920270433240375,1.1349295057469497,SL,-3.398688697866122,0.08816423685380151,0.0,-3.4436204884674892,7.158768751831381,-0.48103530199750205,464,864.3427329182302,,1
XRP,1,SQUEEZE_V2,2023-04-10 17:00:00+00:00,2023-04-11 17:00:00+00:00,0.5092318270683288,0.5126869127721017,711.562715670165,362.3503817744199,0.5129433844643337,0.614623988051324,SL,2.458510166249767,0.36357963685754474,0.0,2.276105720279432,6.561899074448137,0.346866919843758,24,866.6188386385097,,1
ETH,1,SQUEEZE_V2,2023-04-10 17:00:00+00:00,2023-04-12 01:00:00+00:00,1883.256580883789,1879.4129789660426,0.18078264903074526,340.46011349675535,1880.3531555438144,2298.162125355438,SL,-0.6948565365098387,0.34011268522850047,0.0,-0.8647391649899614,6.56317579987375,-0.13175620939585309,32,865.7540994735198,,1
DOGE,-1,SQUEEZE_V2,2023-04-06 21:00:00+00:00,2023-04-14 01:00:00+00:00,0.08512296930402517,0.09097681241405421,886.7672065722983,75.48425770486989,0.09093134674068387,-0.0015556789237456264,SL,-5.190996102392946,0.07807975575606638,0.0,-5.231333729296577,6.725580991360285,-0.7778262927792817,172,860.5227657442232,,1
NEAR,1,SQUEEZE_V2,2023-04-14 01:00:00+00:00,2023-04-14 15:00:00+00:00,2.2554511144638063,2.1591858455463373,67.80387168801118,152.92831796368574,2.160265978535605,3.343281239357538,SL,-6.52715794169196,0.14966473899283977,0.0,-6.600358521702956,6.453920743081674,-1.0226897392222019,14,853.8459430635385,,1
BTC,1,SQUEEZE_V2,2023-04-16 19:00:00+00:00,2023-04-16 20:00:00+00:00,30511.6011,30163.372118411804,0.016790582839591565,512.3075658381231,30178.461349086345,34318.91253901319,SL,-5.846967562503209,0.5093840820568715,0.0,-6.100197861641019,5.593610584876624,-1.0905653457775641,1,847.2396860807527,,1
ETH,1,SQUEEZE_V2,2023-04-16 19:00:00+00:00,2023-04-17 00:00:00+00:00,2133.9767588378904,2085.776761126713,0.13575883544493608,289.7061996463912,2086.820171212319,2672.9091888444186,SL,-6.543575557718012,0.2864344118675322,0.0,-6.6851568697623485,6.401923419604646,-1.0442419303689818,5,840.4604957662933,,1
SOL,1,SQUEEZE_V2,2023-04-16 19:00:00+00:00,2023-04-17 11:00:00+00:00,24.66393219680786,24.829510367689306,8.518693415481387,210.1044768048265,24.841931333355983,33.25121425208974,SL,1.410509674035225,0.2108097316418441,0.0,1.304752180795794,6.40083702135597,0.20384086900550263,16,841.6390689915347,,1
XRP,-1,SQUEEZE_V2,2023-04-17 01:00:00+00:00,2023-04-18 12:00:00+00:00,0.5106178705692291,0.5236338868219514,494.2206797963515,252.35791110888982,0.5233722007215906,0.3648540973993838,SL,-6.432784400660778,0.25557430330922026,0.0,-6.562179748415553,6.3034537182472,-1.0410451225205946,35,835.0768892431191,,1
AVAX,1,SQUEEZE_V2,2023-04-16 21:00:00+00:00,2023-04-19 08:00:00+00:00,19.74394777107239,20.59200135882473,9.525293096126424,188.06688939407653,20.60230251007977,27.367917321231367,SL,8.077958984562637,0.19210586888635783,0.0,7.979886560373317,6.354297645605646,1.2558251132431382,59,843.0567758034924,,1
DOGE,-1,SQUEEZE_V2,2023-04-19 09:00:00+00:00,2023-04-20 06:00:00+00:00,0.08683263240754605,0.09224666185060193,1177.9078351047363,102.28083805561792,0.09220056156981703,0.02548487055302058,SL,-6.377227700463258,0.10546945190584955,0.0,-6.431556733341298,6.322925818526192,-1.0171804822534558,21,836.5740786511234,,1
BTC,-1,SQUEEZE_V2,2023-04-21 20:00:00+00:00,2023-04-25 21:00:00+00:00,27272.34444,28167.62825746258,0.007118624336924415,194.14157485556927,28153.551481721723,17201.406820323173,SL,-6.373189171443713,0.1973281694412911,0.0,-6.47344655345722,6.272981893069418,-1.031956837084016,97,829.7737357765748,,1
APT,-1,SQUEEZE_V2,2023-04-21 18:00:00+00:00,2023-04-26 10:00:00+00:00,10.715056839179994,10.574191039070833,11.006760977448751,117.93806948863171,10.568906585777944,4.2012171845652855,SL,1.5504761916986087,0.11716283139278241,0.0,1.4922823950501423,6.27342416083,0.2378736646515397,112,831.2660181716249,,1
SOL,-1,SQUEEZE_V2,2023-04-21 20:00:00+00:00,2023-04-26 10:00:00+00:00,21.201758174514772,22.4597128138667,5.030962497570242,106.66525025853713,22.44848856958191,6.953410802318899,SL,-6.328722614224056,0.10982961156564916,0.0,-6.385219600660436,6.272253862163709,-1.0180103900414768,110,824.8807985709644,,1
LINK,-1,SQUEEZE_V2,2023-04-20 17:00:00+00:00,2023-04-26 12:00:00+00:00,7.570485626697541,7.475813467286291,14.585600646594171,110.42008005179153,7.472077428572005,2.654243139596989,SL,1.380850309523189,0.10972965489702993,0.0,1.3263306946520548,6.274305589883425,0.21139083451571217,139,826.2071292656165,,1
DOGE,-1,SQUEEZE_V2,2023-04-21 18:00:00+00:00,2023-04-26 12:00:00+00:00,0.0816736605077982,0.08253751596482867,1525.9223935013572,124.6276675280767,0.08249626783091321,0.034684627766101976,SL,-1.3181763866311371,0.12528675572139228,0.0,-1.381149308588491,6.273891514583231,-0.220142363854731,114,824.8259799570279,,1
NEAR,-1,SQUEEZE_V2,2023-04-30 02:00:00+00:00,2023-04-30 08:00:00+00:00,1.900619822883606,1.9529495322406094,120.43348808293639,228.89827478944545,1.9519735454678755,1.3137201362062392,SL,-6.302249428230198,0.23204939950356054,0.0,-6.419849690339036,6.184707936867044,-1.038019863811242,6,818.0934260878722,,1
AVAX,-1,SQUEEZE_V2,2023-04-30 02:00:00+00:00,2023-04-30 15:00:00+00:00,17.26654645767212,17.70581838111665,14.371053950360436,248.13847067961092,17.696969896168568,12.347421446284141,SL,-6.312800510699932,0.2512948709349609,0.0,-6.440026146295088,6.185638456132092,-1.0411255348929762,13,811.5134933924533,,1
BTC,1,SQUEEZE_V2,2023-04-30 16:00:00+00:00,2023-04-30 19:00:00+00:00,29659.73076,29169.059269594323,0.012784312478999547,379.1792660788347,29183.651095141893,35100.64121552122,SL,-6.272897657882582,0.3760428172498934,0.0,-6.459350842093058,6.086351200443399,-1.0612846070437876,3,804.6923116225638,,1
LINK,1,SQUEEZE_V2,2023-04-30 10:00:00+00:00,2023-04-30 20:00:00+00:00,7.231446019077301,7.069339490407191,38.69393445096764,279.8130982478879,7.072875928371376,9.04367562714501,SL,-6.272539394435142,0.27667682855067033,0.0,-6.409309673861869,6.135700695659041,-1.0445929473705267,10,798.2830019487019,,1
ETH,1,SQUEEZE_V2,2023-04-30 16:00:00+00:00,2023-04-30 20:00:00+00:00,1920.2539691162108,1885.391498010496,0.1793942858883641,344.48258951389937,1886.3346653431674,2307.90315509385,SL,-6.254128108313434,0.3413555254597427,0.0,-6.423242339016228,6.084929278195603,-1.055598519777858,4,791.8597596096856,,1
SOL,1,SQUEEZE_V2,2023-04-28 11:00:00+00:00,2023-04-30 23:00:00+00:00,22.699538694763184,22.7450008392334,6.53632719851914,148.37161216441825,22.455158635398277,33.51591424686529,EOD,0.2971554514036671,0.14852018989012009,0.0,0.22282106759575615,6.186194849677709,0.036019083299221454,60,791.9471642973054,,1
DOGE,-1,SQUEEZE_V2,2023-04-30 20:00:00+00:00,2023-04-30 23:00:00+00:00,0.08009397658407688,0.0794999971985817,3381.4373003146575,270.83275995192633,0.08185031498979566,0.060021537661576585,EOD,2.0085040497314,0.26982850792706065,0.0,1.8740919217803027,5.938948197072642,0.31555956704657884,3,793.8212562190857,,1
APT,1,SQUEEZE_V2,2023-05-05 23:00:00+00:00,2023-05-06 02:00:00+00:00,9.882475939750671,9.655791892651552,33.80605679812939,334.0875429253583,9.660622203753428,13.432135715706558,SL,-7.6632937714626825,0.33025589603962696,0.0,-7.82650589603963,7.5,-1.0435341194719507,3,992.0064503324977,,2
SOL,-1,SQUEEZE_V2,2023-05-06 13:00:00+00:00,2023-05-07 17:00:00+00:00,22.16456682548523,22.746513675976992,13.036072382971065,288.9388974742247,22.73514610292553,13.035298386440443,SL,-7.586301266052636,0.29273204810725095,0.0,-7.734563865422774,7.438112760935063,-1.0398556884005135,28,983.6643487103978,,2
ETH,1,SQUEEZE_V2,2023-05-07 15:00:00+00:00,2023-05-07 23:00:00+00:00,1928.1956206054688,1892.2709152729858,0.21261960967736385,409.9722002347371,1893.2175240350032,2487.8451657329197,SL,-7.638296825566841,0.4061530518219537,0.0,-7.839463777271426,7.437029240069534,-1.0541122703987285,8,975.8248849331263,,2
XRP,-1,SQUEEZE_V2,2023-05-07 23:00:00+00:00,2023-05-08 23:00:00+00:00,0.454219137942791,0.42852971105564164,1289.014226947036,585.4949309598758,0.42831555327900217,0.36776985735160617,SL,33.11403673965124,0.5689379125900502,0.0,32.83784629254113,6.964647036960854,4.714933307929773,24,1007.9456730185384,,2
BTC,-1,SQUEEZE_V2,2023-05-06 13:00:00+00:00,2023-05-10 12:00:00+00:00,29097.6793,28111.29926349779,0.017739023456946376,516.164415645403,28097.250638178703,22387.00696063374,SL,17.49741860497634,0.5074157063429148,0.0,17.248085106456127,7.440048377493732,2.3182759346877186,95,1025.016385833654,,2
LINK,-1,SQUEEZE_V2,2023-05-09 16:00:00+00:00,2023-05-10 12:00:00+00:00,6.475704836463929,6.617008692589234,54.78084496426494,354.74458268067116,6.613701841668401,4.267752753192376,SL,-7.74074463525316,0.35861495499829776,0.0,-7.921987298911122,7.5595925476390375,-1.0479383973393204,20,1017.0943985347429,,2
AVAX,-1,SQUEEZE_V2,2023-05-08 00:00:00+00:00,2023-05-10 13:00:00+00:00,16.396719618606568,15.703131667697573,26.585418195150567,435.9136480892853,15.695284025684732,11.994193250432396,SL,18.439325730033197,0.4266939852242687,0.0,18.23058856885357,7.315187788317974,2.4921559222262206,61,1035.3249871035964,,2
NEAR,-1,SQUEEZE_V2,2023-05-08 00:00:00+00:00,2023-05-10 13:00:00+00:00,1.7346530143022538,1.6702353124982487,37.573192355172836,65.17645137585896,1.6694006121921527,1.126647140261872,SL,2.420378700960047,0.06396626202537894,0.0,2.389000664622597,1.4277951036496364,1.6732097333265747,61,1037.713987768219,,2
BTC,1,SQUEEZE_V2,2023-05-10 13:00:00+00:00,2023-05-10 17:00:00+00:00,28179.1347,27769.753299472544,0.01967903920067918,554.5382964025189,27783.64512203356,34506.96794746304,SL,-8.05623262900872,0.5505101800880146,0.0,-8.329473660895475,7.782854908261643,-1.070233707177759,4,1028.521213960704,,2
SOL,1,SQUEEZE_V2,2023-05-10 13:00:00+00:00,2023-05-10 17:00:00+00:00,21.151228759002684,20.65006643124989,15.852212850366659,335.2937803345072,20.66039662956467,29.004542830010948,SL,-7.944531892122517,0.3313215143884459,0.0,-8.108206516343708,7.780775389650135,-1.0420820689836539,4,1020.4130074443603,,2
LINK,1,SQUEEZE_V2,2023-05-10 13:00:00+00:00,2023-05-10 17:00:00+00:00,6.655330605411529,6.524687672698536,61.07380864148101,406.4663878406957,6.527951648522797,8.69339391563124,SL,-7.978861472875213,0.4024769571042581,0.0,-8.178105236059123,7.779518037973879,-1.0512354616493766,4,1012.2349022083013,,2
DOGE,1,SQUEEZE_V2,2023-05-10 13:00:00+00:00,2023-05-10 17:00:00+00:00,0.07415482536256313,0.07281447451943684,5802.748864383786,430.30182866119117,0.07285089996942155,0.09501763165282837,SL,-7.777719332826878,0.4264129689947777,0.0,-7.9889813874910605,7.56635159429344,-1.0558564835285171,4,1004.2459208208102,,2
ETH,-1,SQUEEZE_V2,2023-05-08 00:00:00+00:00,2023-05-14 15:00:00+00:00,1870.2158478271485,1820.111289939191,0.18582421073841066,347.5313838329474,1819.2016890946438,1240.2448874719819,SL,9.310639923926715,0.3428760638709841,0.0,9.141529551972205,7.316491031007348,1.249441776560694,159,1012.9534265961704,,2
BTC,1,SQUEEZE_V2,2023-05-14 16:00:00+00:00,2023-05-15 00:00:00+00:00,27087.81648,26779.692585586832,0.022437100325397,607.7720559577023,26793.089130151908,31803.454077569502,SL,-6.9134067316003085,0.604315352591902,0.0,-7.21383605621336,6.612827117180055,-1.090885324594664,8,1005.4357045119782,,2
ETH,-1,SQUEEZE_V2,2023-05-15 01:00:00+00:00,2023-05-15 02:00:00+00:00,1790.6918388183594,1824.6819045410155,0.3184819334425577,570.30299902668,1814.3690618944995,1411.856269600118,SL_GAP,-10.825221849191099,0.5757156099512756,0.0,-11.115785959629035,7.540767783839836,-1.474092065724475,1,994.0347670528358,,2
SOL,1,SQUEEZE_V2,2023-05-12 13:00:00+00:00,2023-05-16 19:00:00+00:00,20.36207140159607,20.449678963650605,13.448501463822854,273.8393470508302,20.459908918109658,29.322884680508487,SL,1.178190426532385,0.2744284422640964,0.0,1.0406816577937037,7.531844406156076,0.13817089170656702,102,994.8033015199597,,2
AVAX,1,SQUEEZE_V2,2023-05-12 22:00:00+00:00,2023-05-16 20:00:00+00:00,15.133026114463807,14.730417702396535,19.050904545577858,288.297835992387,14.73778659569438,21.456858414774626,SL,-7.67005442754027,0.28446280877861685,0.0,-7.810368318322694,7.529670344716458,-1.0372789193624128,94,986.992933201637,,2
SOL,-1,SQUEEZE_V2,2023-05-16 20:00:00+00:00,2023-05-17 01:00:00+00:00,20.497900408554077,20.90935700930986,18.459638574516497,378.3838330783423,20.898907555532098,14.081786056905754,SL,-7.595340139050905,0.3821815031478678,0.0,-7.788329725659602,7.4024469990122785,-1.052129076601131,5,978.7903897967924,,2
AVAX,-1,SQUEEZE_V2,2023-05-16 20:00:00+00:00,2023-05-17 01:00:00+00:00,14.76704645767212,15.017397526724288,30.47620433657505,450.0435252917123,15.009892580434071,10.881508493480878,SL,-7.629750336313902,0.45385840045986925,0.0,-7.858586974127915,7.401028059638234,-1.0618236967624801,5,970.9318028226645,,2
BTC,1,SQUEEZE_V2,2023-05-15 02:00:00+00:00,2023-05-17 07:00:00+00:00,27216.04212,26829.839329870374,0.01999902774031532,544.2943813394701,26843.260960350548,33180.54067439121,SL,-7.723680313189529,0.5404325411828753,0.0,-7.991965663702669,7.45526075289627,-1.071990092445512,53,962.7794462223541,,2
NEAR,1,SQUEEZE_V2,2023-05-17 02:00:00+00:00,2023-05-17 08:00:00+00:00,1.6773354457855225,1.6384390468970422,191.2449140817569,320.78187321553764,1.6392586762351598,2.2865637585913285,SL,-7.438738463517157,0.31706250398377905,0.0,-7.595410030893167,7.281988521169984,-1.0430406486925945,6,955.1840361914609,,2
SUI,1,SQUEEZE_V2,2023-05-12 20:00:00+00:00,2023-05-17 11:00:00+00:00,1.0847169,1.1148128755282365,115.8191880914988,125.6310306671275,1.1153705608086408,2.1249785817009705,SL,3.4856914505019563,0.12737387639237846,0.0,3.4211330894431415,7.530141461081459,0.45432520851365354,111,958.051903975104,,2
BTC,-1,SQUEEZE_V2,2023-05-17 08:00:00+00:00,2023-05-17 18:00:00+00:00,26844.72998,27205.432661442286,0.020638838056796185,554.0440347356415,27191.83674307075,21291.021770868003,SL,-7.444484228939486,0.5577662768501113,0.0,-7.725228488421776,7.163880271435956,-1.078358123770444,10,950.3266754866822,,2
ETH,-1,SQUEEZE_V2,2023-05-17 08:00:00+00:00,2023-05-17 19:00:00+00:00,1807.6384,1831.9860871987241,0.3056399868826586,552.48657686459,1831.070551922763,1432.723969235793,SL,-7.441626796041104,0.5562073902626106,0.0,-7.72159089787142,7.161802606305698,-1.0781630439064112,11,942.6050845888108,,2
ETH,-1,SQUEEZE_V2,2023-05-18 18:00:00+00:00,2023-05-18 21:00:00+00:00,1777.904357763672,1807.0924157329796,0.24993980219248657,444.36906349661206,1806.1893210724434,1325.34494482333,SL,-7.295257435231596,0.4480166922142279,0.0,-7.521089595697518,7.069538134416081,-1.063872837616249,3,934.6217886446493,,2
DOGE,-1,SQUEEZE_V2,2023-05-18 18:00:00+00:00,2023-05-18 22:00:00+00:00,0.07256548624783754,0.07429208452411674,4183.482638358691,303.57645186188466,0.07425495704559396,0.0455339534837349,SL,-7.22319391223409,0.30718804881800166,0.0,-7.378593735121149,7.067871750427969,-1.0439625952005094,4,927.2431949095281,,2
BTC,1,SQUEEZE_V2,2023-05-20 18:00:00+00:00,2023-05-21 10:00:00+00:00,27141.02712,26923.530901615348,0.020489160272791247,556.0968546298539,26936.999401316003,30405.47061894396,SL,-4.45631487720912,0.5538686971912492,0.0,-4.732135147085443,4.180356628208354,-1.131993168992755,16,921.817907475356,,2
APT,1,SQUEEZE_V2,2023-05-12 20:00:00+00:00,2023-05-21 11:00:00+00:00,8.130426152229308,8.30210771970074,22.173418236410207,180.2793395136278,8.306260850125803,13.564549067018177,SL,3.806767199026521,0.18218272311314107,0.0,3.7147241456701936,7.530817508604636,0.49326970696418915,207,925.5326316210262,,2
LINK,-1,SQUEEZE_V2,2023-05-21 11:00:00+00:00,2023-05-22 09:00:00+00:00,6.465706607627869,6.49852280779711,44.62241810308227,288.51546357743246,6.495275170212004,5.565483347127941,SL,-1.4643382045062974,0.2892476326796856,0.0,-1.6093281053972668,2.510633669759233,-0.6410047490327809,22,923.501385994354,,2
ETH,-1,SQUEEZE_V2,2023-05-21 11:00:00+00:00,2023-05-22 10:00:00+00:00,1810.2778866455078,1820.466020656851,0.3067593009168539,555.3195789726157,1819.5562425355834,1589.5110259125445,SL,-3.125304866966865,0.556882231406099,0.0,-3.404527308886656,4.232642991503302,-0.8043502170442858,23,920.0968586854674,,2
SOL,-1,SQUEEZE_V2,2023-05-20 01:00:00+00:00,2023-05-22 13:00:00+00:00,20.20595708465576,20.005920079058413,23.8015598881094,480.9332976470025,19.995922117999413,15.53108771003423,SL,4.761192768563363,0.47855270126272087,0.0,4.523106716124143,6.954323961821461,0.6504020722870467,60,924.6199654015916,,2
APT,-1,SQUEEZE_V2,2023-05-23 01:00:00+00:00,2023-05-23 02:00:00+00:00,8.033093453598022,8.196180622043226,43.61658356792268,350.37609192779075,8.192084579753349,5.489235435112796,SL,-7.113305111346103,0.3539327444834638,0.0,-7.292049809865672,6.9346497405119365,-1.051538301533215,1,917.152727545762,,2
NEAR,-1,SQUEEZE_V2,2023-05-20 01:00:00+00:00,2023-05-23 03:00:00+00:00,1.6516695504188539,1.6430005165678925,211.46749469829194,349.27442189652925,1.6421794268544654,1.1256297089292921,SL,1.8332188699174943,0.3483578124615705,0.0,1.6594982684041883,6.9525204619552845,0.23869016675104918,74,918.8122258141661,,2
XRP,1,SQUEEZE_V2,2023-05-23 04:00:00+00:00,2023-05-24 03:00:00+00:00,0.46512302051782606,0.45669379077672145,840.1606902919852,390.77807798895,0.45692225190267277,0.5963353183602788,SL,-7.081907477916177,0.3872371242499919,0.0,-7.273755563171694,6.889963420632033,-1.0557030740381572,23,911.1926448154384,,2
APT,1,SQUEEZE_V2,2023-05-23 03:00:00+00:00,2023-05-24 13:00:00+00:00,8.276455260658263,8.16260670676304,36.352856826699124,300.87279312329065,8.166690051788933,11.309434693975383,SL,-4.138720179679812,0.29880343303345075,0.0,-4.287087216151617,6.891091693606245,-0.6221201816439769,34,906.2335571961929,,2
ETH,-1,SQUEEZE_V2,2023-05-24 04:00:00+00:00,2023-05-26 12:00:00+00:00,1821.8255034179688,1822.7070511349077,0.2732386621053976,497.79316314341827,1821.7961530583786,1421.7711567879364,SL,-0.24087291875846362,0.49791359960279746,0.0,-0.48988993678955195,6.831894652664954,-0.07170630720988327,56,905.597667696086,,2
BTC,-1,SQUEEZE_V2,2023-05-24 04:00:00+00:00,2023-05-26 14:00:00+00:00,26781.74258,26719.68251920684,0.020413742132580195,546.715586889263,26706.329354529575,21606.37053973709,SL,1.2668780777638025,0.5460821478503811,0.0,0.9941537233580529,6.603044391880783,0.15055990303207434,58,906.591821419444,,2
SOL,-1,SQUEEZE_V2,2023-05-24 04:00:00+00:00,2023-05-27 20:00:00+00:00,19.546089237213135,19.72130925423567,15.32235182806694,299.4920561553722,19.711453527471935,13.133166958512946,SL,-2.6847827481391713,0.3008344475294418,0.0,-2.835871167590927,6.14131571251832,-0.46176931790208253,88,903.2336037945776,,2
SUI,-1,SQUEEZE_V2,2023-05-18 18:00:00+00:00,2023-05-28 16:00:00+00:00,1.13287338,1.0395793899745487,155.76955437817784,176.46718156950013,1.0390598600445264,0.40700795738198714,SL,14.532363252426709,0.1692009999432868,0.0,14.451395843268172,7.066733338733487,2.0449895518285084,238,917.538345645429,,2
BTC,1,SQUEEZE_V2,2023-05-26 15:00:00+00:00,2023-05-29 16:00:00+00:00,26765.452019999997,27556.080197062598,0.019889965900602494,532.3639279920121,27569.86512962741,32235.09531220079,SL,15.725567481830646,0.5402267117329274,0.0,15.451522734093725,6.79943866064583,2.2724703472251186,73,932.8873300468871,,2
ETH,1,SQUEEZE_V2,2023-05-26 15:00:00+00:00,2023-05-29 17:00:00+00:00,1829.8358646972656,1873.8265656025774,0.2799863072111885,512.3289865591794,1874.7639475763654,2207.311712629573,SL,12.316793898110129,0.5184873835082344,0.0,12.054471007881485,6.605504295248663,1.8249130526721877,74,944.7571509736094,,2
SOL,-1,SQUEEZE_V2,2023-05-29 16:00:00+00:00,2023-05-30 01:00:00+00:00,20.478903201675415,20.8773240745511,18.033200249125077,369.3001623182614,20.866890629236483,14.27110436069832,SL,-7.184803383998455,0.37289256401026066,0.0,-7.373045866849584,6.996654975351652,-1.0537958342699347,9,937.3841051067599,,2
DOGE,1,SQUEEZE_V2,2023-05-28 23:00:00+00:00,2023-05-30 04:00:00+00:00,0.07351469994038343,0.0724538596916399,2789.6007932768466,205.07666527120296,0.0724901047440119,0.0899082230823279,SL,-2.959320799434967,0.20359700487148547,0.0,-3.060379471670851,2.8582115725856756,-1.0707323072316457,29,934.323725635089,,2
AVAX,1,SQUEEZE_V2,2023-05-30 11:00:00+00:00,2023-05-30 15:00:00+00:00,14.672934076309204,14.431494499573727,29.91265542159828,438.90642104846467,14.438713856501977,18.42045759322483,SL,-7.222098864024857,0.43529537161645226,0.0,-7.437941025117077,7.006148727864595,-1.0616304783161645,4,926.495769479638,,2
XRP,1,SQUEEZE_V2,2023-05-26 01:00:00+00:00,2023-05-30 21:00:00+00:00,0.45960190055966377,0.510477428253456,635.3305464560976,291.99912663483224,0.5107327946507814,0.5782435344730203,SL,32.32277681093934,0.3081605150403019,0.0,32.16061585921645,4.711040881663575,6.8266475853335855,116,958.6563853388545,,2
LINK,1,SQUEEZE_V2,2023-05-27 20:00:00+00:00,2023-05-31 04:00:00+00:00,6.4232843313217165,6.525828879790194,45.663241685157885,293.3079848336313,6.5290934265034455,7.622454178689094,SL,4.682516500211484,0.295649243083737,0.0,4.533521249544563,3.422373910118138,1.3246715200058514,80,962.8595467442179,,2
APT,1,SQUEEZE_V2,2023-05-31 02:00:00+00:00,2023-05-31 04:00:00+00:00,8.73474640159607,8.491994819929342,30.14598984908619,263.3175763568573,8.496242941400041,12.55080176473252,SL,-7.317986716774781,0.2596585829984699,0.0,-7.445986511594822,7.189922890041409,-1.0356142375195818,2,955.4135602326231,,2
BTC,-1,SQUEEZE_V2,2023-06-01 03:00:00+00:00,2023-06-01 16:00:00+00:00,26718.75518,27180.88638206512,0.010594077395612408,283.0605602913399,27167.302730699772,19541.994368803655,SL,-4.895853721605281,0.2855084871521426,0.0,-5.039831928611754,4.751947467725763,-1.0605824165442153,13,949.7880218957192,,2
AVAX,-1,SQUEEZE_V2,2023-05-31 03:00:00+00:00,2023-06-02 05:00:00+00:00,14.24715,14.371092835289378,27.89344619839056,397.40211200540006,14.363910879849454,10.1234943438295,SL,-3.4571928078202636,0.3991307084093102,0.0,-3.657622460226874,7.18893544913007,-0.5087849913396401,50,945.9940505175555,,2
NEAR,-1,SQUEEZE_V2,2023-05-30 08:00:00+00:00,2023-06-02 08:00:00+00:00,1.6136771628141404,1.6004670049061005,211.39534442217274,341.12383961928975,1.5996671713204405,1.0833019675482456,SL,2.792565880841388,0.33972755667886906,0.0,2.623400243972164,7.007427942263167,0.37437420200212473,72,948.4473703853157,,2
ETH,-1,SQUEEZE_V2,2023-05-31 05:00:00+00:00,2023-06-02 11:00:00+00:00,1873.6252,1902.0802959013338,0.2605244093205496,488.1250985180966,1901.129731035816,1433.5527034269442,SL,-7.413247051854589,0.4918317220440239,0.0,-7.661016224639565,7.165601701744673,-1.0691378817181911,54,940.5885122125861,,2
AVAX,1,SQUEEZE_V2,2023-06-02 09:00:00+00:00,2023-06-02 21:00:00+00:00,14.432886305236815,14.190110484502945,27.415437758733987,395.68389618010406,14.197209089047469,18.20372176426637,SL,-6.655805402654978,0.3923559934787766,0.0,-6.850319448043702,6.461194051590718,-1.0602249976313871,12,933.7381927645424,,2
SUI,-1,SQUEEZE_V2,2023-06-03 06:00:00+00:00,2023-06-03 08:00:00+00:00,0.91391718,0.9460387023268836,221.27378801671455,202.22591635215355,0.9455659193672,0.4075373501247991,SL,-7.107650922133002,0.20577974181322006,0.0,-7.212317705770146,7.003036445734068,-1.0298843596856564,2,926.4247621005962,,2
ETH,-1,SQUEEZE_V2,2023-06-03 20:00:00+00:00,2023-06-04 09:00:00+00:00,1885.492821118164,1904.4405355090412,0.2263632692944373,426.8063192194993,1903.4887911134845,1597.5573011930392,SL,-4.289066575176194,0.4289508525070874,0.0,-4.5046142680735315,4.073626602265318,-1.105799501988853,13,921.5004722159154,,2
DOGE,1,SQUEEZE_V2,2023-06-04 10:00:00+00:00,2023-06-04 23:00:00+00:00,0.07300459824800491,0.07231016798558915,5717.041040980441,417.3702843641329,0.07234634115616723,0.08353671171740794,SL,-3.970086310329749,0.415385241208968,0.0,-4.176786409356651,3.76328280955248,-1.1098784281517613,13,917.1150006643767,,2
SOL,1,SQUEEZE_V2,2023-06-02 05:00:00+00:00,2023-06-05 05:00:00+00:00,20.93718716468811,21.448210268129987,16.24672644649619,340.1607524237789,21.458939737998985,27.924396953438443,SL,8.302452569459732,0.34431197870850877,0.0,8.128220966963113,7.094955378881666,1.1456338388197607,72,925.0389219607092,,2
XRP,1,SQUEEZE_V2,2023-06-02 01:00:00+00:00,2023-06-05 15:00:00+00:00,0.5141727884173393,0.523477618801751,530.3622478995994,272.69783587382517,0.523739488546024,0.7035107693944126,SL,4.934930759001118,0.2751653012533257,0.0,4.796114375684705,6.276107325235781,0.7641861630376954,86,929.835036336394,,2
AVAX,1,SQUEEZE_V2,2023-06-03 08:00:00+00:00,2023-06-05 15:00:00+00:00,14.592918152618408,14.4403768341858,28.270213653000173,412.544913995267,14.44760063450305,18.525360008793555,SL,-4.312375663000152,0.41038872616376687,0.0,-4.516491932166286,6.948185715754471,-0.6500246419616406,55,925.3185444042276,,2
LINK,-1,SQUEEZE_V2,2023-05-31 05:00:00+00:00,2023-06-06 14:00:00+00:00,6.4747046321868895,6.2247172107631075,61.813963803881876,400.2271577748267,6.221606407559328,4.620425555607013,SL,15.452713419315428,0.392500801065169,0.0,15.260326197137672,7.16377123262523,2.1302084756195354,153,940.4808600998475,,2
ETH,-1,SQUEEZE_V2,2023-06-05 00:00:00+00:00,2023-06-06 14:00:00+00:00,1889.5120366455078,1839.3720589340599,0.21624595839381416,408.59934126105554,1838.452832517801,1593.9308691261667,SL,10.842567534056544,0.4031780574940273,0.0,10.643689147193044,3.9948895533363875,2.6643262611112286,38,951.1245492470406,,2
APT,-1,SQUEEZE_V2,2023-06-06 13:00:00+00:00,2023-06-06 14:00:00+00:00,7.796740129470825,8.076810772533051,25.14140522584724,196.0210030356507,8.07277438534038,3.380192035557924,SL,-7.041369529091044,0.1995416878001962,0.0,-7.142900715373415,6.939889083031707,-1.029252864118258,1,943.9816485316671,,2
BTC,1,SQUEEZE_V2,2023-06-06 15:00:00+00:00,2023-06-07 10:00:00+00:00,26030.805119999997,26386.53164544039,0.01529552836722222,398.1549181345934,26399.731511195987,33436.74724270236,SL,5.441025160846939,0.40087543071501686,0.0,5.239227189199219,7.079862363987504,0.7400182263216193,19,948.8018342492458,,2
ETH,1,SQUEEZE_V2,2023-06-06 15:00:00+00:00,2023-06-07 14:00:00+00:00,1839.1678088378906,1838.0550715055633,0.23919950261886055,439.928025106643,1838.9745587849557,2312.638310610507,SL,-0.2661662164381141,0.43979494199842395,0.0,-0.4859971458832166,7.078369283044498,-0.06865947882196151,23,948.3158371033626,,2
SOL,1,SQUEEZE_V2,2023-06-08 21:00:00+00:00,2023-06-09 17:00:00+00:00,19.011801020050047,18.42306963153319,12.267001535989287,233.21779231487662,18.432285774420397,28.284044950124482,SL,-7.2219688472214125,0.22960680789126592,0.0,-7.3349667589552405,7.1089144082681335,-1.0317984347123652,20,940.2575195249555,,2
DOGE,1,SQUEEZE_V2,2023-06-08 13:00:00+00:00,2023-06-10 03:00:00+00:00,0.06821363963037728,0.06800858363339456,5430.310856442275,370.4212678422788,0.06804260493586248,0.08916825903186879,SL,-1.1135178065939029,0.3698645089389818,0.0,-1.2981716816117452,7.111881076783474,-0.18253562842179524,38,938.8471135109847,,2
BTC,1,SQUEEZE_V2,2023-06-08 15:00:00+00:00,2023-06-10 04:00:00+00:00,26657.8305,26194.157236523308,0.015781116781003947,420.69033624870883,26207.260866956785,33866.94462869143,SL,-7.317281919154892,0.4170316952891314,0.0,-7.523968446319669,7.110491997029066,-1.0581501884065636,37,931.323145064665,,2
XRP,1,SQUEEZE_V2,2023-06-08 21:00:00+00:00,2023-06-10 04:00:00+00:00,0.527125381565094,0.5140506055780657,554.5521456354251,292.318511365815,0.5143077594577946,0.7322073352818854,SL,-7.250645077309094,0.2886931888271605,0.0,-7.393179010453347,7.108039841546952,-1.040115021196102,31,923.9299660542117,,2
SUI,-1,SQUEEZE_V2,2023-06-08 10:00:00+00:00,2023-06-10 17:00:00+00:00,0.7323535000000001,0.6286057545640986,177.5832724660832,130.05373113198968,0.6282916087597188,0.09153919991361148,SL,18.423864145485535,0.12084179905924691,0.0,18.368049211992282,7.112368778275219,2.582550172046424,55,942.0831513910093,,2
APT,-1,SQUEEZE_V2,2023-06-09 18:00:00+00:00,2023-06-11 19:00:00+00:00,7.479303991794587,6.147819318476944,30.011972365894053,224.4686647178602,6.144746945004441,3.7197742625450374,SL,39.960481221220576,0.20448842410724993,0.0,39.86822712947225,7.0519313964371655,5.653518857204823,49,981.8038101993712,,2
SOL,1,SQUEEZE_V2,2023-06-11 20:00:00+00:00,2023-06-12 02:00:00+00:00,15.98619640159607,15.083730307868706,8.228137516744557,131.53662236201944,15.091275945841625,30.30492369366719,SL,-7.425615123388034,0.12782381480032542,0.0,-7.48767062700735,7.363528576495284,-1.0168590437617548,6,974.1393346562618,,2
NEAR,1,SQUEEZE_V2,2023-06-11 20:00:00+00:00,2023-06-12 02:00:00+00:00,1.2202440286159515,1.1791958567754814,181.99081874969858,222.07320984224762,1.1797857496503066,1.8675764920662692,SL,-7.470390401425465,0.2183380146415349,0.0,-7.577691811145876,7.363035314161426,-1.0291532619124615,6,966.5616428451159,,2
SUI,-1,SQUEEZE_V2,2023-06-12 03:00:00+00:00,2023-06-12 08:00:00+00:00,0.58468304,0.6216967045041051,197.46565770098096,115.45482104020897,0.6213860114983559,-0.0025645039736947872,SL,-7.308927605226554,0.11910928484282224,0.0,-7.370309479549272,7.247576406503203,-1.0169343606969001,5,958.9154839770243,,2
LINK,-1,SQUEEZE_V2,2023-06-12 03:00:00+00:00,2023-06-13 02:00:00+00:00,5.028994209766388,5.205366095491668,41.717162468918794,209.7953685040763,5.2027647131351005,2.248666155866998,SL,-7.35773461175106,0.21347423580995184,0.0,-7.466311163308974,7.249212321338369,-1.029947921559914,23,951.3899777401643,,2
XRP,1,SQUEEZE_V2,2023-06-11 17:00:00+00:00,2023-06-13 12:00:00+00:00,0.5145529036402702,0.5391070545703468,573.5788101334239,295.13664222068445,0.5393767429418177,0.7116487101269559,SL,14.083740674309853,0.3021785125578394,0.0,13.929130482862355,7.06562363543257,1.971394345576346,43,965.0686639098483,,2
DOGE,-1,SQUEEZE_V2,2023-06-12 03:00:00+00:00,2023-06-13 12:00:00+00:00,0.06045790590941906,0.06242430831927986,3745.5579073422787,226.44858754038003,0.06239311176339816,0.029494612245753473,SL,-7.365274095271021,0.23013122458801555,0.0,-7.482181026088846,7.248425588706478,-1.032249132521492,33,957.5864828837595,,2
BTC,1,SQUEEZE_V2,2023-06-13 03:00:00+00:00,2023-06-13 15:00:00+00:00,26142.02736,25756.735468933828,0.01916028238586815,500.88862635669125,25769.620279073362,32100.54065482623,SL,-7.382301433813005,0.4971974756397848,0.0,-7.629054596274444,7.135424833051232,-1.0691801504146918,12,949.957428287485,,2
DOGE,-1,SQUEEZE_V2,2023-06-13 16:00:00+00:00,2023-06-14 01:00:00+00:00,0.06065786556974054,0.06215640735984401,4854.682620337714,294.4746857682008,0.062125344687500264,0.03717819968558489,SL,-7.274944784265106,0.2981121581603334,0.0,-7.425819599541339,7.124145368696665,-1.04234532217299,9,942.3129922171299,,2
AVAX,1,SQUEEZE_V2,2023-06-14 12:00:00+00:00,2023-06-14 18:00:00+00:00,11.90237961845398,11.682129333081269,32.962405881060285,392.3310679339395,11.68797331974114,15.332880397859425,SL,-7.259979301874636,0.38870107828300215,0.0,-7.4525148461906685,7.067347441628475,-1.0544995711252938,6,934.493360023915,,2
SUI,1,SQUEEZE_V2,2023-06-12 09:00:00+00:00,2023-06-14 20:00:00+00:00,0.63082614,0.6466988663483049,187.67476424180262,118.39014710206638,0.6470223775370734,1.2439605618926808,SL,2.978910175292758,0.11987960218971276,0.0,2.9182256466540784,7.191866129827682,0.4057675148527826,59,937.411585670569,,2
NEAR,1,SQUEEZE_V2,2023-06-14 17:00:00+00:00,2023-06-14 20:00:00+00:00,1.207241417169571,1.190495854821808,283.2106497110187,341.90362611464514,1.191091400522069,1.6064284509811066,SL,-4.742521592286277,0.33953236531850195,0.0,-4.911102144547456,7.065876200123721,-0.695045031281678,3,932.5004835260215,,2
DOGE,-1,SQUEEZE_V2,2023-06-14 21:00:00+00:00,2023-06-14 23:00:00+00:00,0.05887822198569775,0.060504501756352365,4380.635389400541,257.92402289552854,0.06047426462404035,0.03334153977221618,SL,-7.124138716395813,0.26148609225372643,0.0,-7.256662797201775,6.991680864515802,-1.0378996035174903,2,924.8384904601239,,2
BTC,-1,SQUEEZE_V2,2023-06-14 21:00:00+00:00,2023-06-15 19:00:00+00:00,24932.11258,25425.133918065643,0.01456076078781963,363.0305272123685,25412.427704213536,17247.070592583445,SL,-7.17876576686457,0.3666199100958008,0.0,-7.363870413354187,6.993753626445161,-1.0529210502225186,22,917.3696011423733,,2
LINK,-1,SQUEEZE_V2,2023-06-14 21:00:00+00:00,2023-06-15 19:00:00+00:00,5.162967234325409,5.355946203026557,36.743596980880056,189.70598728354176,5.353269568242436,2.118129891652976,SL,-7.0907414517408425,0.19325135800941218,0.0,-7.189139816108484,6.992392261968114,-1.0281373737011992,22,910.1804613262648,,2
ETH,-1,SQUEEZE_V2,2023-06-10 05:00:00+00:00,2023-06-16 15:00:00+00:00,1788.1423,1689.0957913050538,0.2403207789387417,429.72775038931314,1688.2516654723177,1326.793945454399,SL,23.802934120732317,0.417826283328947,0.0,23.599971712598027,6.929474745406588,3.4057374591403167,154,933.4749012900145,,2
SOL,-1,SQUEEZE_V2,2023-06-13 16:00:00+00:00,2023-06-17 04:00:00+00:00,14.798039441490173,15.544338087047858,9.64710605237911,142.75825585934464,15.536569802146786,2.981553670984365,SL,-7.199622180441875,0.1463580669495656,0.0,-7.274601119461769,7.124680712156137,-1.0210424036335883,84,925.9767002225008,,2
APT,1,SQUEEZE_V2,2023-06-15 19:00:00+00:00,2023-06-18 20:00:00+00:00,6.228145480728149,6.664479815703322,28.682967980948778,178.64169740441633,6.6678137225646035,10.035133311403897,SL,12.51536375908145,0.18489937928395705,0.0,12.419785228499702,6.824731878195889,1.8198202435145128,73,938.2701260487206,,2
NEAR,1,SQUEEZE_V2,2023-06-15 18:00:00+00:00,2023-06-19 16:00:00+00:00,1.1982395542144775,1.2011719212039444,175.28866248325258,210.03780879278457,1.2017728076077483,1.8313701702109246,SL,0.5140106874937076,0.21029481413653145,0.0,0.4087347777535685,6.9362886784509294,0.058927013667033616,94,938.5235749603621,,2
ETH,1,SQUEEZE_V2,2023-06-16 16:00:00+00:00,2023-06-19 16:00:00+00:00,1682.7365044189453,1710.45549467564,0.2657575294347012,447.1998961039641,1711.3111502507652,2104.2372174676993,SL,7.366530369043744,0.45088316128848593,0.0,7.13924715580724,7.001061759675109,1.0197377770509117,72,945.6628221161693,,2
NEAR,-1,SQUEEZE_V2,2023-06-19 17:00:00+00:00,2023-06-19 18:00:00+00:00,1.2037591961860656,1.234123737573216,238.42012020790273,287.00041225605014,1.2335069840811754,0.727794589864309,SL,-7.239517607582207,0.2906201710598413,0.0,-7.386637572514023,7.092471165871269,-1.0414758692369837,1,938.1326843375273,,2
AVAX,1,SQUEEZE_V2,2023-06-20 01:00:00+00:00,2023-06-20 13:00:00+00:00,11.532305732917786,11.301901879337276,31.300468703022833,360.96657466688396,11.307555657165858,15.128306944948614,SL,-7.2117486080526145,0.35736070036285766,0.0,-7.38862602108203,7.034782712075222,-1.050299109935469,12,930.4019189682808,,2
XRP,1,SQUEEZE_V2,2023-06-17 06:00:00+00:00,2023-06-20 14:00:00+00:00,0.48049607604146005,0.47125661112209594,525.953940439157,252.71880455955875,0.4714923573007463,0.6917640131804427,SL,-4.859532981888915,0.2502890380686143,0.0,-4.98346261767775,6.944825251668756,-0.7175792675964432,80,925.418456350603,,2
AVAX,-1,SQUEEZE_V2,2023-06-20 15:00:00+00:00,2023-06-20 16:00:00+00:00,11.22775354232788,11.448841648204343,22.900382224336013,257.1198476399511,11.443120088160263,7.78188880900974,SL,-5.063002129825474,0.25965134870486384,0.0,-5.194093554710363,4.9319762178965565,-1.0531465127229662,1,919.8323606088945,,2
DOGE,-1,SQUEEZE_V2,2023-06-20 14:00:00+00:00,2023-06-20 17:00:00+00:00,0.06149769837781787,0.06233896012603151,8567.548709214252,526.884526356521,0.06230780622292005,0.04853597285618295,SL,-7.207551005019094,0.5304883018590305,0.0,-7.474597043699864,6.940638422629522,-1.0769322054480468,3,912.3577635651947,,2
LINK,-1,SQUEEZE_V2,2023-06-18 21:00:00+00:00,2023-06-20 20:00:00+00:00,5.177964100837707,5.245804565449232,59.97950665087274,310.57173222417555,5.243182973962251,3.3007826865052805,SL,-4.069037598365243,0.31260625102335815,0.0,-4.226357983276514,7.0370259453654045,-0.600588660051765,47,907.8099122940117,,2
SOL,1,SQUEEZE_V2,2023-06-19 18:00:00+00:00,2023-06-22 11:00:00+00:00,15.749149489974975,17.078530822926997,20.528862327948133,323.3121216619708,17.08707436010705,21.232937160334178,SL,27.290686365516223,0.3369574648447289,0.0,27.11538496150248,7.035995132531454,3.8538095110572845,65,934.847859125335,,2
NEAR,1,SQUEEZE_V2,2023-06-20 18:00:00+00:00,2023-06-22 11:00:00+00:00,1.262252364706993,1.314099778454086,197.84090508533112,249.72515027973094,1.3147571570326022,1.8155218510909144,SL,10.25753926205852,0.2548539199107602,0.0,10.127547917287625,6.841208496393211,1.4803741068010166,41,944.9754070426227,,2
BTC,1,SQUEEZE_V2,2023-06-15 19:00:00+00:00,2023-06-22 14:00:00+00:00,25400.979180000002,29735.445984638725,0.017023824051346326,432.4218002922313,29750.32114521133,31816.79122256595,SL,73.78920023857096,0.4693164004115168,0.0,73.53609473830555,6.826353459946985,10.772383113439991,163,1018.5115017809283,,2
ETH,1,SQUEEZE_V2,2023-06-20 18:00:00+00:00,2023-06-22 14:00:00+00:00,1769.1638206054688,1873.7729601223657,0.222286608482893,393.26142553302697,1874.7103152800055,2261.6943080470865,SL,23.253210839524794,0.40488803095278936,0.0,23.044953521338517,6.84268322673896,3.367824106088442,44,1041.5564553022668,,2
SOL,-1,SQUEEZE_V2,2023-06-23 13:00:00+00:00,2023-06-23 15:00:00+00:00,16.400718528747557,16.86495730357429,17.135682754166826,281.0375096490038,16.856529039054763,9.107750363832272,SL,-7.955048367613976,0.2850150338328108,0.0,-8.099544646622284,7.810624300639168,-1.0369906853616648,2,1033.0154099812637,,2
XRP,-1,SQUEEZE_V2,2023-06-23 13:00:00+00:00,2023-06-23 17:00:00+00:00,0.4889821958422661,0.501084692551582,658.9198429518998,322.2000716906611,0.500834275413875,0.2993489226965223,SL,-7.974575231028282,0.32618735930617526,0.0,-8.139662554489126,7.809570409977984,-1.0422676443366714,4,1024.4446343410557,,2
ETH,1,SQUEEZE_V2,2023-06-23 16:00:00+00:00,2023-06-23 21:00:00+00:00,1918.4136353027343,1881.6618695408245,0.2163037677740672,414.9600974651267,1882.6031711263875,2491.3810621242847,SL,-7.94954540665106,0.41098532476180116,0.0,-8.153050682680298,7.74593832708208,-1.0525581715742345,5,1016.1663584009689,,2
APT,1,SQUEEZE_V2,2023-06-21 17:00:00+00:00,2023-06-24 15:00:00+00:00,7.404580633735657,7.343098703889592,20.916277101875316,154.87626035839455,7.346772089934559,12.612830120233154,SL,-1.2859730814183479,0.15423327381768537,0.0,-1.362768225056836,6.8085743422050875,-0.2001547103053996,70,1014.7227651822544,,2
BTC,1,SQUEEZE_V2,2023-06-23 15:00:00+00:00,2023-06-24 16:00:00+00:00,30286.45608,30284.621674220827,0.01476785771141157,447.26607397235585,30299.771560000827,38680.48665777042,SL,-0.02709024353181516,0.44725252885058997,0.0,-0.2507097353962272,7.747615574859477,-0.03235959928236043,25,1014.4720554468582,,2
ETH,-1,SQUEEZE_V2,2023-06-24 16:00:00+00:00,2023-06-25 04:00:00+00:00,1873.615192236328,1904.3107171306349,0.25580217755295137,479.2748460703443,1903.359037611829,1397.713666228313,SL,-7.851982109094507,0.4832008371248916,0.0,-8.095545523184226,7.608540415851437,-1.0640076914513295,12,1006.0306150357574,,2
SOL,-1,SQUEEZE_V2,2023-06-24 16:00:00+00:00,2023-06-25 06:00:00+00:00,16.613677179718017,17.216950042414673,12.79156489342683,212.51492976280747,17.208345869479935,7.09897814352734,SL,-7.716803971627648,0.2163733317486213,0.0,-7.826919838494866,7.606743135178673,-1.0289449373277701,14,998.0675055920195,,2
ETH,1,SQUEEZE_V2,2023-06-25 07:00:00+00:00,2023-06-25 14:00:00+00:00,1920.8141397216796,1888.0732224019844,0.23541986834000378,452.19781187889544,1889.017731267618,2429.5566749866625,SL,-7.7078624447335935,0.44834388065652864,0.0,-7.930107419450675,7.485506291940146,-1.0593949307061892,7,989.9112992666294,,2
NEAR,1,SQUEEZE_V2,2023-06-23 17:00:00+00:00,2023-06-26 00:00:00+00:00,1.3882776114463806,1.381647438766922,180.4037699292395,250.45051481328701,1.3823386080709574,2.069712130077258,SL,-1.196108146656187,0.24985246073995893,0.0,-1.3207353499895023,7.683334757557918,-0.1718961091328639,55,988.5905639166399,,2
LINK,1,SQUEEZE_V2,2023-06-23 08:00:00+00:00,2023-06-26 01:00:00+00:00,5.835166910648346,6.054693704968258,47.94443273104639,279.7637674220074,6.057722566251384,8.442075940887786,SL,10.525087622933286,0.28502631123347405,0.0,10.379943195410815,7.811673414767,1.3287733170960296,65,998.9705071120507,,2
AVAX,1,SQUEEZE_V2,2023-06-25 04:00:00+00:00,2023-06-26 01:00:00+00:00,13.492697771072388,13.112374452617335,20.187157165100416,272.37921048583837,13.118933919577122,19.472919394996644,SL,-7.677646603204694,0.268540387184236,0.0,-7.809997385146011,7.545229612768181,-1.0350907508407412,21,991.1605097269046,,2
APT,-1,SQUEEZE_V2,2023-06-26 01:00:00+00:00,2023-06-26 10:00:00+00:00,7.423614829730988,7.710762680533699,26.229088234137993,194.71464838526938,7.706909225920739,2.890904490694977,SL,-7.531626314947399,0.19848046154274307,0.0,-7.6327494522975075,7.430553713897823,-1.027211395837366,9,983.0103884098863,,2
AVAX,-1,SQUEEZE_V2,2023-06-26 01:00:00+00:00,2023-06-26 11:00:00+00:00,13.267346457672119,13.629525010498325,20.912437176589716,277.45254929611826,13.62271365367149,7.581471321682191,SL,-7.574036232686218,0.28123956741246137,0.0,-7.7165495254506205,7.431594160957684,-1.0383437736670238,10,975.2938388844357,,2
BTC,1,SQUEEZE_V2,2023-06-26 14:00:00+00:00,2023-06-26 16:00:00+00:00,30642.527280000002,30171.151212839442,0.016031069913745206,491.23249715952477,30186.244335006944,37943.054399888904,SL,-7.5566626883171875,0.48745416581536616,0.0,-7.798500605552792,7.314703791633267,-1.0661403151379696,2,967.2497220303031,,2
ETH,-1,SQUEEZE_V2,2023-06-26 17:00:00+00:00,2023-06-27 14:00:00+00:00,1852.6294,1896.030358218115,0.17087842299581418,316.57439026768145,1895.0828168097103,1173.3747310446365,SL,-7.416287296818707,0.3202825339160908,0.0,-7.578282635600957,7.254372915227274,-1.0446502715202002,21,959.5131521995683,,2
ETH,1,SQUEEZE_V2,2023-06-27 17:00:00+00:00,2023-06-28 00:00:00+00:00,1909.2417573486327,1870.7308557298425,0.19150377689922535,365.6270075459775,1871.6666890743795,2510.442849736685,SL,-7.374983111792831,0.36193951599008106,0.0,-7.554109124009924,7.19576749176575,-1.049798945373684,7,951.6987429409838,,2
SOL,-1,SQUEEZE_V2,2023-06-26 01:00:00+00:00,2023-06-29 09:00:00+00:00,16.72865395088196,16.963138538119285,12.699212115368608,212.4407249268491,16.954661207515528,7.362776754194453,SL,-2.977769511111452,0.21392960968240482,0.0,-3.0854787583304324,7.433703822951785,-0.41506614089250143,80,948.4697268912569,,2
AVAX,-1,SQUEEZE_V2,2023-06-28 01:00:00+00:00,2023-06-29 11:00:00+00:00,13.057388419532776,12.83079128928964,21.9856048981199,287.07458279313386,12.824379099739772,7.862905498451811,SL,4.981874976573389,0.28458364530484714,0.0,4.840828622665109,7.137740572057379,0.6782018166387057,34,953.3105555139219,,2
BTC,1,SQUEEZE_V2,2023-06-29 11:00:00+00:00,2023-06-29 20:00:00+00:00,30706.14,30268.075517007026,0.016905751848933368,519.1103830786068,30283.21712556981,37472.90599088304,SL,-7.405809443310499,0.5154074783569516,0.0,-7.661661730128147,7.149829166354414,-1.0715866843619577,9,945.3893385922545,,2
DOGE,-1,SQUEEZE_V2,2023-06-26 01:00:00+00:00,2023-06-30 02:00:00+00:00,0.0660267938092351,0.0644051729908311,5302.93516666523,350.1358068331469,0.0643729864975823,0.04360024870053438,SL,8.59935006491103,0.3458361318006914,0.0,8.428581836526913,7.4329071702333085,1.1339549443427734,97,953.8179204287813,,2
DOGE,1,SQUEEZE_V2,2023-06-30 03:00:00+00:00,2023-06-30 13:00:00+00:00,0.06448289456516504,0.06390805939872564,5150.6750416086625,332.1304356474784,0.06394002941343235,0.0867048653800247,SL,-2.9607891448183774,0.33065004107506923,0.0,-3.1253739680697072,7.15363440321586,-0.436893163937022,10,950.2242391537565,,2
XRP,1,SQUEEZE_V2,2023-06-30 04:00:00+00:00,2023-06-30 13:00:00+00:00,0.4796259126484394,0.46964336581830796,733.7583898133842,351.92953737769375,0.4698783049707933,0.6355876354907772,SL,-7.324777488313951,0.3482671486335368,0.0,-7.497079868258641,7.152388914082182,-1.0481924233031854,9,942.7271592854978,,2
AVAX,1,SQUEEZE_V2,2023-06-30 04:00:00+00:00,2023-06-30 13:00:00+00:00,13.022604457855225,12.647543275643791,19.393558462336525,252.55464088529956,12.653870210749165,18.92235241155219,SL,-7.273770964170498,0.2489177554032143,0.0,-7.396411399131063,7.151069178317016,-1.0343084669853226,9,935.3307478863668,,2
NEAR,-1,SQUEEZE_V2,2023-06-27 16:00:00+00:00,2023-07-01 16:00:00+00:00,1.455708770442009,1.446498205213571,106.45897362841193,154.9732616031338,1.4457753175547938,0.3741505481559084,SL,0.9805473207570483,0.15448298794275528,0.0,0.90355096361586,7.196348641496762,0.12555686343566747,96,936.2342988499827,,2
APT,1,SQUEEZE_V2,2023-07-02 00:00:00+00:00,2023-07-02 03:00:00+00:00,7.392178003406524,7.173162534192192,32.58763470071889,240.8935964177013,7.176750909647016,10.83901150355867,SL,-7.137196104563195,0.2373249983654197,0.0,-7.254074304719764,7.020259436072385,-1.033305730475709,3,928.6600703733895,,2
AVAX,-1,SQUEEZE_V2,2023-07-02 03:00:00+00:00,2023-07-02 11:00:00+00:00,12.787441961860656,13.0591706177822,26.25803254618837,335.773067217032,13.052644295634384,8.544204621481025,SL,-7.135059890919928,0.339340597162492,0.0,-7.306513954473904,6.963691511555642,-1.0492299870477286,8,921.0178010526699,,2
SUI,-1,SQUEEZE_V2,2023-06-24 08:00:00+00:00,2023-07-04 04:00:00+00:00,0.76664664,0.7204206421462106,210.85331739714314,161.64998731537335,0.7200606118402905,0.1883300903085291,SL,9.746904997464725,0.156776534816641,0.0,9.67095345630577,7.621247688007267,1.2689462214335199,236,930.5158096891109,,2
NEAR,1,SQUEEZE_V2,2023-07-01 17:00:00+00:00,2023-07-04 19:00:00+00:00,1.448789737200737,1.388877334714156,118.57547914186118,171.79093726438853,1.3895721207745433,2.3962716000198374,SL,-7.104141831386367,0.16823886634869537,0.0,-7.1864852291028685,7.0217572413748695,-1.0234596529138544,74,923.2365185775939,,2
SUI,1,SQUEEZE_V2,2023-07-04 04:00:00+00:00,2023-07-04 19:00:00+00:00,0.71784354,0.6905077137316776,258.56855217824534,185.61176482830632,0.6908531403018285,1.149689935170743,SL,-7.0681850207961485,0.18207767231790825,0.0,-7.1574568106999035,6.978868572668331,-1.0255898554575145,15,916.0790617668939,,2
AVAX,1,SQUEEZE_V2,2023-07-02 15:00:00+00:00,2023-07-05 01:00:00+00:00,13.072613694763183,12.923611618543493,26.4591035737703,345.8896397296271,12.930076656871929,17.249706687281808,SL,-3.9424613674035816,0.3439184090459253,0.0,-4.113434956584693,6.907633507895024,-0.5954911985245418,58,911.6967469405757,,2
LINK,1,SQUEEZE_V2,2023-07-01 18:00:00+00:00,2023-07-05 10:00:00+00:00,6.38027598695755,6.306602996437306,35.6761698913771,227.62381006457124,6.309757875374993,9.52909517768895,SL,-2.6283701262060317,0.22630962500146823,0.0,-2.7408678461752145,7.021113025360128,-0.39037512090679233,88,908.9558790944005,,2
XRP,1,SQUEEZE_V2,2023-07-02 03:00:00+00:00,2023-07-05 10:00:00+00:00,0.48292655400037765,0.47472936870585297,695.2147536578989,335.73766527423055,0.4749668521319189,0.6432212080744827,SL,-5.698804155221126,0.33288826319662,0.0,-5.86382358578063,6.964950527800421,-0.8419045565902197,79,903.0920555086199,,2
ETH,-1,SQUEEZE_V2,2023-07-04 20:00:00+00:00,2023-07-06 08:00:00+00:00,1934.3130111816406,1947.5473923471156,0.27801071303263064,537.7597394669027,1946.5741052944686,1538.8984380780314,SL,-3.679299744359334,0.5395993893390825,0.0,-3.950019263964965,6.870592963251704,-0.574916791766326,36,898.9050887105537,,2
LINK,-1,SQUEEZE_V2,2023-07-05 11:00:00+00:00,2023-07-06 08:00:00+00:00,6.2977399864196775,6.470806601591847,39.8815144609271,251.16340833955522,6.467572815184255,3.5804147261864387,SL,-6.902158715692587,0.2546144876974015,0.0,-7.031191499220211,6.773190416314649,-1.0380915147880845,21,891.8738972113335,,2
LINK,1,SQUEEZE_V2,2023-07-06 09:00:00+00:00,2023-07-06 11:00:00+00:00,6.474294649600982,6.315838411820632,43.05980642873216,278.7818743743946,6.3189979107760195,8.959042470800384,SL,-6.823094926247037,0.27537032691127106,0.0,-6.959074315971111,6.687047512816275,-1.0406796575967905,2,884.2589162023854,,2
DOGE,1,SQUEEZE_V2,2023-07-06 09:00:00+00:00,2023-07-06 11:00:00+00:00,0.06843368437439203,0.06693418930866096,4560.6758992053765,312.1038550201173,0.06696767314523358,0.09188986404092722,SL,-6.83871100725704,0.30868449951648874,0.0,-6.991343579263471,6.686002080787373,-1.045668771081229,2,877.267572623122,,2
BTC,1,SQUEEZE_V2,2023-07-06 08:00:00+00:00,2023-07-06 12:00:00+00:00,30804.459659999997,30601.43885303178,0.017371651515175453,535.1243383268001,30616.7472266451,36278.70653426577,SL,-3.5268067089815487,0.5333609349723093,0.0,-3.792605474790458,5.943544312986477,-0.638105022032682,4,873.4749671483315,,2
APT,1,SQUEEZE_V2,2023-07-06 09:00:00+00:00,2023-07-06 12:00:00+00:00,7.648829226493835,7.3699528325462245,24.291733117699504,185.80331823284817,7.37363965237241,12.051862412436634,SL,-6.774390934601793,0.1824161227655473,0.0,-6.863905398250916,6.684831691331047,-1.0267880651583337,3,866.6110617500806,,2
SUI,-1,SQUEEZE_V2,2023-07-06 15:00:00+00:00,2023-07-06 18:00:00+00:00,0.64217154,0.6681557847968912,253.39174915267213,162.72096977666516,0.6678218738599613,0.2317661982406185,SL,-6.584193239495483,0.1660130663964129,0.0,-6.668845821003563,6.499582963125604,-1.0260421105228206,3,859.8608554441887,,2
NEAR,-1,SQUEEZE_V2,2023-07-05 11:00:00+00:00,2023-07-08 09:00:00+00:00,1.3561287329673768,1.382211314331649,164.24079399553654,222.73165986272292,1.3815205540546218,0.6963902220863413,SL,-4.283823872721253,0.22487357179908354,0.0,-4.397331614588976,6.772248553533375,-0.6493163356053577,70,855.0159758826426,,2
SUI,1,SQUEEZE_V2,2023-07-08 02:00:00+00:00,2023-07-08 18:00:00+00:00,0.6666333,0.6474364975692334,341.57157062349506,227.70298331092357,0.6477603777581123,0.9686000558702027,SL,-6.557081957225876,0.22442444233231063,0.0,-6.667654907902724,6.446453692416653,-1.0343136282428094,16,848.1747134658121,,2
SUI,-1,SQUEEZE_V2,2023-07-08 18:00:00+00:00,2023-07-09 01:00:00+00:00,0.6493701,0.6644031468000409,432.7124335347129,280.9905162356798,0.6640711112444186,0.4141539200893016,SL,-6.504986264286933,0.2842430093678233,0.0,-6.648734015536917,6.361310350993591,-1.045183091011812,7,841.3854841921574,,2
NEAR,1,SQUEEZE_V2,2023-07-08 10:00:00+00:00,2023-07-09 11:00:00+00:00,1.3792757484912872,1.337491386115198,155.95477085355887,215.1046332998296,1.3381604663483722,2.0371202627779263,SL,-6.516470659625054,0.21184639797001706,0.0,-6.620764740945156,6.412124405177736,-1.0325384104523838,25,834.7647194512123,,2
SOL,1,SQUEEZE_V2,2023-07-08 09:00:00+00:00,2023-07-09 15:00:00+00:00,22.372473630523682,21.27587359217914,5.905041469142714,132.1103845555442,21.28651685060444,39.74778210923159,SL,-6.475468701488023,0.12887265020480018,0.0,-6.53828615941505,6.412619819119819,-1.0195967239349735,30,828.2264332917972,,2
AVAX,1,SQUEEZE_V2,2023-07-08 01:00:00+00:00,2023-07-09 22:00:00+00:00,12.892578343391419,13.597034676756717,21.645440177890453,279.06553327064495,13.603836595054243,17.658478328000392,SL,15.248267421794623,0.2866896669815423,0.0,15.101110521448403,6.447500188166417,2.3421651928238183,45,843.2411664064351,,2
XRP,-1,SQUEEZE_V2,2023-07-10 01:00:00+00:00,2023-07-10 10:00:00+00:00,0.4656668406009674,0.47181277970459323,541.159203004373,251.99989632518395,0.47157699120898877,0.37110443087262535,SL,-3.325931507031559,0.2536628620786997,0.0,-3.4535944209476668,3.198332392672649,-1.0798109755133085,9,839.2253081784166,,2
ETH,-1,SQUEEZE_V2,2023-07-10 01:00:00+00:00,2023-07-10 14:00:00+00:00,1853.8291111816407,1875.1942308320774,0.2729187371113021,505.94469984386103,1874.257102280937,1526.9812535928972,SL,-5.83094147322907,0.5088601705804756,0.0,-6.086829293887615,5.5751815325408876,-1.0917723949185103,13,833.138478884529,,2
LINK,-1,SQUEEZE_V2,2023-07-10 01:00:00+00:00,2023-07-10 15:00:00+00:00,6.053788828372955,6.161276865916312,60.55431207879581,366.5830179724236,6.158197767032796,4.383245809815499,SL,-6.508864170137754,0.36983745005749247,0.0,-6.695410111209035,6.322411455423849,-1.058996264070286,14,826.44306877332,,2
AVAX,1,SQUEEZE_V2,2023-07-10 20:00:00+00:00,2023-07-10 21:00:00+00:00,13.732745542144775,13.382412221781525,18.034532905806547,247.6636513668781,13.38910677516911,19.230965813755425,SL,-6.318097794091494,0.24450460246983236,0.0,-6.438770570877887,6.197364650733428,-1.0389529959506076,1,819.7526843678959,,2
SOL,-1,SQUEEZE_V2,2023-07-09 16:00:00+00:00,2023-07-11 04:00:00+00:00,21.258747888183596,22.03415452501183,8.126292974997648,172.75481362099245,22.02314295353506,9.028426842560183,SL,-6.301181505623823,0.17590540437380436,0.0,-6.390709503187131,6.211698249688479,-1.0288184078335791,36,813.3619748647087,,2
NEAR,1,SQUEEZE_V2,2023-07-10 19:00:00+00:00,2023-07-11 19:00:00+00:00,1.3403680699825287,1.307205517442038,190.6670439627525,255.5640177256285,1.3078594471656209,1.8605060350530538,SL,-6.323005863154813,0.2524025147940511,0.0,-6.447626369086049,6.198323015799899,-1.0402210973275612,24,806.9143484956227,,2
NEAR,-1,SQUEEZE_V2,2023-07-11 19:00:00+00:00,2023-07-12 01:00:00+00:00,1.3099379359722139,1.340251809570198,204.1171294358201,267.3807712297314,1.3395820185609177,0.8356326145529515,SL,-6.187580860900832,0.2704745616601818,0.0,-6.324365036946148,6.0508650427646105,-1.045200147788551,6,800.3239502793871,,2
SUI,1,SQUEEZE_V2,2023-07-12 06:00:00+00:00,2023-07-12 19:00:00+00:00,0.66833364,0.653825186291377,423.1625971311475,282.81379885251334,0.6541522624225883,0.8952356812385868,SL,-6.1394349516979245,0.2797440813766644,0.0,-6.277772133648332,6.001028566554942,-1.0461160222825372,13,793.5726888927718,,2
NEAR,1,SQUEEZE_V2,2023-07-12 07:00:00+00:00,2023-07-12 19:00:00+00:00,1.3458691289663314,1.3198006948034327,215.88173523375588,290.5485629587952,1.3204609252660655,1.7524003881705852,SL,-5.627698801913499,0.2877347135578384,0.0,-5.77015923399194,5.485167103986131,-1.0519568728906548,12,787.8025296587798,,2
SOL,-1,SQUEEZE_V2,2023-07-12 20:00:00+00:00,2023-07-13 12:00:00+00:00,21.848630040740968,22.577819893390643,4.541714658245031,99.23024331860597,22.566536625078104,10.362124691346807,SL,-3.3117722424225637,0.10088612943981726,0.0,-3.363043250203078,3.2605268573345936,-1.0314416649069682,16,784.1652230815256,,2
AVAX,-1,SQUEEZE_V2,2023-07-11 19:00:00+00:00,2023-07-13 15:00:00+00:00,13.23735177116394,13.481531334572102,19.995357978307744,264.685587349209,13.474793937603302,8.394741705141534,SL,-4.88245778133309,0.26712681623987555,0.0,-5.0172418038983615,6.05185761371717,-0.8290416140205046,44,779.1479812776272,,2
ETH,-1,SQUEEZE_V2,2023-07-12 20:00:00+00:00,2023-07-13 15:00:00+00:00,1869.6360077636718,1895.1699611002043,0.24031223666958385,449.2964107836794,1894.2228496753667,1476.2465371765547,SL,-6.136121437318903,0.4523644715023388,0.0,-6.363837703429402,5.908518972440849,-1.0770613978075216,19,772.7841435741977,,2
LINK,1,SQUEEZE_V2,2023-07-12 02:00:00+00:00,2023-07-14 07:00:00+00:00,6.256251114463806,7.117518864013031,59.71885355735264,373.6161441226883,7.121079403714888,7.864434599454732,SL,51.433922609000845,0.3993331054271887,0.0,51.221397575635,6.0024296270954025,8.53344408144627,53,823.6682877109032,,2
AVAX,1,SQUEEZE_V2,2023-07-13 16:00:00+00:00,2023-07-14 09:00:00+00:00,13.672734076309204,15.277178302282344,17.23882531614419,235.70187433558647,15.284820712638663,19.0521085712789,SL,27.658733741047133,0.24953124120611003,0.0,27.527053437008817,5.795881076806483,4.749416537748591,17,851.195341147912,,2
BTC,1,SQUEEZE_V2,2023-07-07 15:00:00+00:00,2023-07-14 17:00:00+00:00,30411.5811,30696.56229568211,0.012769062419204273,388.32737733259296,30711.918254809512,38492.307723915466,SL,3.6389426759643353,0.39014684867057514,0.0,3.4429595159600566,6.448956415831415,0.5338785524287315,170,854.6383006638721,,2
APT,1,SQUEEZE_V2,2023-07-13 16:00:00+00:00,2023-07-14 17:00:00+00:00,7.2301459010124205,7.50822363108289,32.49908147624981,234.97310072217627,7.511979620893336,10.082771913536064,SL,9.037270806290792,0.23949173612532168,0.0,8.915265620526558,5.7942328251422195,1.5386446988877656,25,863.5535662843987,,2
NEAR,1,SQUEEZE_V2,2023-07-13 16:00:00+00:00,2023-07-14 18:00:00+00:00,1.3857770542144776,1.5063299650033153,147.08852494106478,203.83190280158146,1.5070835067566934,2.016145433757302,SL,17.73194982528191,0.21269787771422244,0.0,17.621167898968476,5.794997194777725,3.0407552077588815,26,881.1747341833671,,2
BTC,1,SQUEEZE_V2,2023-07-16 15:00:00+00:00,2023-07-16 19:00:00+00:00,30404.97978,30190.212706118396,0.01738224138070953,528.5066977115525,30205.315363800295,33599.61043919528,SL,-3.7331331188387358,0.5266401311521332,0.0,-3.9955199011350926,3.4706150775217477,-1.151242592995407,4,876.3205488630789,,2
ETH,1,SQUEEZE_V2,2023-07-16 15:00:00+00:00,2023-07-16 23:00:00+00:00,1940.2880044189453,1920.882590182461,0.27230397987254606,528.3481457022391,1921.84351193843,2235.39988410719,SL,-5.28417152767006,0.525706059938404,0.0,-5.545703514757345,5.0225087091735485,-1.1041700146040936,8,870.6666106999371,,2
NEAR,-1,SQUEEZE_V2,2023-07-17 00:00:00+00:00,2023-07-17 04:00:00+00:00,1.4455107867956163,1.4893468329809398,151.53713530174755,219.04856367878287,1.4886025317150824,0.7560428680841571,SL,-6.64278886187903,0.22236995810972238,0.0,-6.755634538149361,6.529999580249528,-1.0345535945488087,4,863.8014518799483,,2
DOGE,1,SQUEEZE_V2,2023-07-17 06:00:00+00:00,2023-07-17 09:00:00+00:00,0.07191438265889882,0.06956676662391101,2801.136357736704,201.44199191003145,0.0696015674076148,0.10891942667944303,SL,-6.5759926296100515,0.19815399559522642,0.0,-6.6734256292502625,6.478510889099613,-1.0300863490834913,3,857.027305254743,,2
LINK,-1,SQUEEZE_V2,2023-07-16 03:00:00+00:00,2023-07-17 17:00:00+00:00,6.82063562669754,6.886137704900635,38.78711610542388,264.55278596550806,6.882696356722275,4.094447688037734,SL,-2.5406367124100027,0.2658231043217131,0.0,-2.674183423748962,6.608810506375254,-0.4046391436354976,38,854.353121830994,,2
APT,1,SQUEEZE_V2,2023-07-16 11:00:00+00:00,2023-07-18 04:00:00+00:00,7.526704930114746,7.718512224603614,34.1632152908156,257.13644095795325,7.722373411309269,10.621166819279757,SL,6.5527538959720895,0.2604128179059393,0.0,6.420909298545126,6.607297983047999,0.9717904830414671,41,860.6019086875802,,2
LINK,1,SQUEEZE_V2,2023-07-17 17:00:00+00:00,2023-07-18 11:00:00+00:00,6.78835757932663,6.9245919742351685,32.494611728328756,220.5850438132765,6.9280560022362865,9.943415269409464,SL,4.426883766596774,0.2227984856965749,0.0,4.314377802806837,6.407648413732455,0.6733168744965069,18,864.916286490387,,2
XRP,1,SQUEEZE_V2,2023-07-16 11:00:00+00:00,2023-07-20 14:00:00+00:00,0.7388577282071114,0.7792797879627856,187.83963768775058,138.7867679692183,0.7796696227741726,1.301705358431968,SL,7.592865059098456,0.14258320049876755,0.0,7.519675242584297,6.607818433427883,1.1379966502323184,99,872.2422811966482,,2
NEAR,1,SQUEEZE_V2,2023-07-19 01:00:00+00:00,2023-07-20 16:00:00+00:00,1.4983996623516083,1.4912055202662597,117.29322144062662,175.75212340276735,1.4919514960142668,2.3832756432827353,SL,-0.8438241006921154,0.1753302113524213,0.0,-0.931278250343153,6.486872148677903,-0.14356352784491952,39,871.1936138723418,,2
APT,-1,SQUEEZE_V2,2023-07-20 15:00:00+00:00,2023-07-22 00:00:00+00:00,7.464506880092621,7.676332838032533,31.45259984322874,234.77814792658103,7.672496589737664,4.136671525771941,SL,-6.662477091492639,0.23810938647232735,0.0,-6.783197404001676,6.541817108974861,-1.0368980500380636,33,864.3027916528557,,2
DOGE,1,SQUEEZE_V2,2023-07-19 16:00:00+00:00,2023-07-22 10:00:00+00:00,0.07127424978464841,0.07087210584795271,2968.939692566043,211.60894924350941,0.0709075596277666,0.1062292909770636,SL,-1.1939410957806322,0.2110119786956191,0.0,-1.2991485998544967,6.486213078215142,-0.2002938516185769,66,862.875024551214,,2
SUI,-1,SQUEEZE_V2,2023-07-21 08:00:00+00:00,2023-07-22 21:00:00+00:00,0.67926412,0.7002332804160113,316.88650207020794,215.24963096859798,0.699883338746638,0.349356620053793,SL,-6.644843895578877,0.21857205291638743,0.0,-6.755791133010965,6.533952104042563,-1.0339517378511467,37,856.0340079498267,,2
APT,1,SQUEEZE_V2,2023-07-22 21:00:00+00:00,2023-07-22 23:00:00+00:00,7.736346821880341,7.572484981219911,40.108118292502766,310.29031348380454,7.5762731177788,10.297526087504997,SL,-6.5721900888357645,0.30700421843938663,0.0,-6.724049150533249,6.4202550596237,-1.0473180719594892,2,849.1548136425515,,2
ETH,-1,SQUEEZE_V2,2023-07-23 00:00:00+00:00,2023-07-23 16:00:00+00:00,1866.0467599365236,1885.08453853857,0.2730332910858365,509.4928881855309,1884.1424673049178,1576.5154420422148,SL,-5.197947346680272,0.512091861858871,0.0,-5.455292764446377,4.940730537318887,-1.104146992684754,16,843.4447744340123,,2
SOL,-1,SQUEEZE_V2,2023-07-17 18:00:00+00:00,2023-07-26 18:00:00+00:00,26.05278896446228,25.510382463252725,4.746510643187819,123.65984010454638,25.497633646429513,4.456052493595777,SL,2.5745382309254214,0.12237257098908366,0.0,2.513995579988611,6.406821219818154,0.3923935901648222,216,845.8494192948571,,2
XRP,-1,SQUEEZE_V2,2023-07-24 03:00:00+00:00,2023-07-26 18:00:00+00:00,0.7299239809274674,0.7188220791403688,299.62221272674986,218.70143828780573,0.7184628477165106,0.3921206785254984,SL,3.3263763789255347,0.217038250098343,0.0,3.2186888479710944,6.325835808255092,0.5088163755010474,63,849.0681081428281,,2
LINK,-1,SQUEEZE_V2,2023-07-22 10:00:00+00:00,2023-07-27 01:00:00+00:00,7.966406335163117,7.900381814049738,21.39621425037334,170.45093675268154,7.896433597251113,3.126998684141941,SL,1.41267479952015,0.16974459935292147,0.0,1.3281556685435694,6.4715626841341045,0.20522951462708064,111,850.0423761094524,,2
NEAR,-1,SQUEEZE_V2,2023-07-22 02:00:00+00:00,2023-07-28 03:00:00+00:00,1.4695060354232787,1.391351078352086,175.04998099611885,257.2370035745269,1.3906557504768475,0.8770104841061833,SL,13.681023750064783,0.2503964916994945,0.0,13.559245760152553,6.482270937396418,2.0917431392644903,145,863.4607788108173,,2
XRP,1,SQUEEZE_V2,2023-07-26 21:00:00+00:00,2023-07-28 08:00:00+00:00,0.7255150638699531,0.7018765197932872,273.3706697900773,198.3345389529198,0.7022276336100922,1.098113948027727,SL,-6.462084627100415,0.1951034966393696,0.0,-6.558020854263325,6.36610040782789,-1.0301472540708667,35,856.7816426848432,,2
SUI,-1,SQUEEZE_V2,2023-07-27 19:00:00+00:00,2023-07-28 12:00:00+00:00,0.6264746800000001,0.6409738211881867,449.6368753089121,281.68611757535064,0.6406534944409662,0.3996136489445419,SL,-6.519348538518982,0.2849457918446101,0.0,-6.663451271575917,6.375317820820893,-1.0451951508698154,17,850.1181914132673,,2
BTC,1,SQUEEZE_V2,2023-07-28 15:00:00+00:00,2023-07-28 17:00:00+00:00,29491.497119999996,29246.659078762754,0.013494776508699192,397.98116254134584,29261.289723624566,33174.81546200688,SL,-3.3040346473242654,0.3963291452176837,0.0,-3.501373211271276,3.1065973647359577,-1.127076605103884,2,846.2509372534881,,2
SUI,1,SQUEEZE_V2,2023-07-28 13:00:00+00:00,2023-07-28 22:00:00+00:00,0.640128,0.627586311684403,521.4281119939991,333.7807344744947,0.6279002618153107,0.8357718109550291,SL,-6.539588859618936,0.3305109400446852,0.0,-6.703209432426374,6.375886435599504,-1.051337645382025,9,839.5477278210618,,2
XRP,-1,SQUEEZE_V2,2023-07-29 10:00:00+00:00,2023-07-30 10:00:00+00:00,0.7072885190725327,0.7180714850990513,578.0506335225158,408.8485765330795,0.717712628784659,0.5405027636785111,SL,-6.2331003428808565,0.4119651267045199,0.0,-6.440641181318837,6.0256632230028595,-1.0688684287452055,24,832.7517601666449,,2
XRP,1,SQUEEZE_V2,2023-07-30 11:00:00+00:00,2023-07-30 15:00:00+00:00,0.7219343737006187,0.710990858082061,547.9146858824375,395.5584455939088,0.7113465313477348,0.8913398513467607,SL,-5.9961129225916325,0.392560389132613,0.0,-6.190894088927291,5.801234316953152,-1.0671684249738755,4,826.3630868549207,,2
DOGE,1,SQUEEZE_V2,2023-07-29 02:00:00+00:00,2023-07-30 19:00:00+00:00,0.07799559279978276,0.07832178951781921,3869.505427542593,301.80436966316137,0.0783609700028206,0.10403140777020088,SL,1.2622199708886264,0.3024354796486057,0.0,1.1106866760716014,6.2966079586579635,0.17639444655981554,41,827.282382981507,,2
BTC,1,SQUEEZE_V2,2023-07-30 15:00:00+00:00,2023-07-30 19:00:00+00:00,29393.977619999998,29262.83903696646,0.0130224328234506,382.78109897046033,29277.477775854386,31257.97512632979,SL,-1.707743388116753,0.38192722727640194,0.0,-1.8982800659079246,1.5171113943286951,-1.2512463310236308,4,825.3841029155991,,2
ETH,1,SQUEEZE_V2,2023-07-26 19:00:00+00:00,2023-07-30 20:00:00+00:00,1871.884311767578,1852.9152409138405,0.2721540330687655,509.44086488569684,1853.8421619948379,2160.5587081314197,SL,-5.1625091364118445,0.5068596103174909,0.0,-5.414648314286487,4.910243825881965,-1.102724937149923,97,819.9694546013126,,2
BTC,-1,SQUEEZE_V2,2023-07-30 20:00:00+00:00,2023-07-31 00:00:00+00:00,29196.75948,29384.68031946483,0.016850557442780547,491.98167276078755,29369.99532180393,26424.986011137134,SL,-3.1665709000976654,0.49356495821083635,0.0,-3.4141450219281078,2.9191205034655554,-1.169580021747942,4,815.9651819527538,,2
ETH,-1,SQUEEZE_V2,2023-07-30 20:00:00+00:00,2023-07-31 00:00:00+00:00,1862.1775388183594,1877.205015689594,0.2641177159569068,491.83407825895927,1876.2668822484698,1636.748043936593,SL,-3.9690228678257036,0.49381858969287207,0.0,-4.216924418389096,3.721245206093203,-1.1332025128266914,4,811.7482575343647,,2
SOL,-1,SQUEEZE_V2,2023-07-30 20:00:00+00:00,2023-08-02 00:00:00+00:00,24.240151839065554,24.171064746826435,8.103889098778367,196.43950224133573,24.158985254199337,15.111393752692981,SL,0.5598741336628931,0.1961595651745043,0.0,0.4619343196090566,4.623652696346214,0.09990679446449224,52,812.2101918539738,,2
DOGE,1,SQUEEZE_V2,2023-08-02 00:00:00+00:00,2023-08-02 08:00:00+00:00,0.07815562601834536,0.07644324904899034,3638.6384512268055,284.38006601005355,0.07648148979388729,0.10494180560967437,SL,-6.230720683690381,0.2812647056682084,0.0,-6.3697953563535625,6.091576438904803,-1.0456727286013963,8,805.6982064646153,,2
NEAR,-1,SQUEEZE_V2,2023-08-02 15:00:00+00:00,2023-08-02 18:00:00+00:00,1.3823234298467637,1.4104309721405337,220.44152280508442,304.7214818845679,1.4097261090859907,0.9438805620191316,SL,-6.196069425546973,0.30781951659734136,0.0,-6.351528201202031,6.040688340434475,-1.0514576888012732,3,798.9212231157856,,2
NEAR,1,SQUEEZE_V2,2023-08-03 02:00:00+00:00,2023-08-03 08:00:00+00:00,1.41418279774189,1.3842012384929931,204.57803876958906,289.31074322372626,1.3848936853356608,1.8828085962415542,SL,-6.133568590393537,0.2862439589285295,0.0,-6.275157177710203,5.991909173368391,-1.0472717453062763,6,792.5014105664635,,2
BTC,1,SQUEEZE_V2,2023-08-03 15:00:00+00:00,2023-08-04 18:00:00+00:00,29389.77678,29066.19529596769,0.01617912411854249,475.5008463398781,29080.735663799587,34334.4346392066,SL,-5.235264992620935,0.47288321384356763,0.0,-5.470397783294564,5.000014576739393,-1.094076367045697,27,786.7932623599991,,2
DOGE,-1,SQUEEZE_V2,2023-08-02 15:00:00+00:00,2023-08-05 06:00:00+00:00,0.0752349497616291,0.07580939336934013,3895.8244296256084,293.10215524301003,0.07577150761553236,0.050421562679512574,SL,-2.2379314403628934,0.2942211209631914,0.0,-2.38560148370458,6.041787473516636,-0.39485028133835287,63,784.1716228975864,,2
SOL,-1,SQUEEZE_V2,2023-08-02 15:00:00+00:00,2023-08-06 08:00:00+00:00,23.21135640335083,23.434266857365724,10.903570378637035,253.08665812756317,23.42255557957594,14.344188914325132,SL,-2.4305198234853296,0.2543019180393058,0.0,-2.558278412460854,6.042736548484616,-0.4233642145299903,89,781.421104090095,,2
NEAR,1,SQUEEZE_V2,2023-08-06 01:00:00+00:00,2023-08-06 15:00:00+00:00,1.3589717770099639,1.3376225022089148,282.9203641793279,384.4807900610874,1.3382916480329312,1.689853840642487,SL,-6.0401446016773574,0.3814607177602487,0.0,-6.229364924407062,5.850829621457547,-1.0646977142457303,14,775.0679463554317,,2
ETH,1,SQUEEZE_V2,2023-08-07 02:00:00+00:00,2023-08-07 13:00:00+00:00,1841.3281529296873,1827.9143954926676,0.20190560492992,371.77447459176074,1828.8288098976163,2041.3176414428228,SL,-2.7083128097046836,0.37042031818690835,0.0,-2.8928458905957117,2.5236874161168776,-1.1462774161812983,11,771.9892132275401,,2
LINK,-1,SQUEEZE_V2,2023-07-28 06:00:00+00:00,2023-08-08 05:00:00+00:00,7.831433583068848,7.432582033981146,30.93054941373081,242.23054342146193,7.428867600181055,4.481499766138285,SL,12.336697547800247,0.2360621946475618,0.0,12.221750624863416,6.475955841081129,1.887250457659553,263,784.0774093944793,,2
BTC,-1,SQUEEZE_V2,2023-08-04 19:00:00+00:00,2023-08-08 05:00:00+00:00,29059.48694,29332.257551631086,0.01624515802328888,472.0759574159994,29317.598752254962,24929.697943920586,SL,-4.431201690056175,0.47429155826102753,0.0,-4.669455269609203,4.1930671777593505,-1.1136132744012988,82,779.4079541248701,,2
SOL,-1,SQUEEZE_V2,2023-08-07 14:00:00+00:00,2023-08-08 05:00:00+00:00,22.821435013580324,23.327776157381066,11.704299737910285,267.1089158481848,23.316118098331902,14.906505657555044,SL,-5.926368516680228,0.27007210010652494,0.0,-6.06288615886266,5.78991909920655,-1.04714522862565,15,773.3450679660075,,2
DOGE,-1,SQUEEZE_V2,2023-08-06 11:00:00+00:00,2023-08-09 07:00:00+00:00,0.07490501464605331,0.07576063366717355,3305.3277098000735,247.58562051258036,0.07572277228103304,0.049280351781736995,SL,-2.828101259540719,0.24899967114235072,0.0,-2.9533081204267795,5.293619263731873,-0.5578996095659454,68,770.0362144940073,,2
DOGE,1,SQUEEZE_V2,2023-08-09 08:00:00+00:00,2023-08-09 21:00:00+00:00,0.07562511891424656,0.07431752999452167,4545.984752530273,343.7906374924536,0.07435470734819576,0.09595170397105948,SL,-5.94427929164689,0.34081849784663015,0.0,-6.113202470747293,5.775271608705054,-1.0585134145955795,13,763.7511167045137,,2
XRP,1,SQUEEZE_V2,2023-08-08 17:00:00+00:00,2023-08-10 06:00:00+00:00,0.6381575985789298,0.6306466268820123,353.7511087850466,225.7489580768991,0.6309621079359803,0.9004500511488625,SL,-2.657014565837669,0.22442045079398026,0.0,-2.7685605375931996,5.799140370160171,-0.4774087814530229,37,760.9825561669205,,2
BTC,1,SQUEEZE_V2,2023-08-10 14:00:00+00:00,2023-08-10 16:00:00+00:00,29685.335880000002,29397.093657542086,0.015380979199489934,456.5895337001523,29411.799557320744,34061.91704286814,SL,-4.433447628039969,0.4543728098861323,0.0,-4.6595256710760244,4.207256489434632,-1.1074974113836755,2,755.9131817553639,,2
ETH,1,SQUEEZE_V2,2023-08-10 14:00:00+00:00,2023-08-10 17:00:00+00:00,1864.0527897216796,1848.9448784925103,0.19479488417016336,363.10794726090444,1849.8698133992098,2090.980410881197,SL,-2.942943817939145,0.3616364753519349,0.0,-3.1230263196606276,2.7627712299236764,-1.130396279588775,3,752.7901554357032,,2
ETH,-1,SQUEEZE_V2,2023-08-11 03:00:00+00:00,2023-08-11 14:00:00+00:00,1844.3011099365235,1858.3756867606671,0.24486343279890704,451.6019008938916,1857.4469632790276,1633.9674564564577,SL,-3.446349196351742,0.45332507549206746,0.0,-3.6738733213968637,3.2189387765165396,-1.1413305988294202,11,748.7701605513089,,2
LINK,1,SQUEEZE_V2,2023-08-08 22:00:00+00:00,2023-08-11 15:00:00+00:00,7.499499744987488,7.491798829878407,31.020449853728636,232.63785576743507,7.495546603179997,10.490194638921373,SL,-0.23888585096906137,0.23251841284195052,0.0,-0.35508533592729435,5.798293811567383,-0.061239624528669476,65,748.4150752153816,,2
DOGE,1,SQUEEZE_V2,2023-08-12 01:00:00+00:00,2023-08-13 21:00:00+00:00,0.07626525178849697,0.07523167020900214,5634.694225687377,429.73137387323777,0.07526930486143285,0.09220040262152282,SL,-5.823916157756373,0.4268194157943596,0.0,-6.035869886614114,5.6118563990192705,-1.0755567244502093,44,741.9967842956853,,2
SUI,1,SQUEEZE_V2,2023-08-10 17:00:00+00:00,2023-08-14 02:00:00+00:00,0.60332064,0.5888709440123906,398.8612507957031,240.64122510126407,0.5891655267757785,0.8298024515875435,SL,-5.763423815235525,0.2377595131936463,0.0,-5.880862715878539,5.645926165767774,-1.0416116936730817,81,735.8963873472431,,2
LINK,-1,SQUEEZE_V2,2023-08-11 16:00:00+00:00,2023-08-14 12:00:00+00:00,7.4935008855819705,7.566710770515866,44.72017784583859,335.1106922911747,7.5629293058629345,5.485239439586787,SL,-3.2739590743171796,0.3367476718283333,0.0,-3.4431513999999255,5.613113064115362,-0.6134120871378836,68,732.4532359472432,,2
DOGE,-1,SQUEEZE_V2,2023-08-13 22:00:00+00:00,2023-08-14 20:00:00+00:00,0.07519495559483767,0.07573214271602798,5839.068081814601,439.06846512728293,0.07569429556824386,0.061112340104734944,SL,-3.136672173304166,0.440636801213935,0.0,-3.3577747419544597,5.139334413545451,-0.6533481715267573,22,729.0954612052888,,2
SOL,1,SQUEEZE_V2,2023-08-08 16:00:00+00:00,2023-08-15 19:00:00+00:00,23.73174468269348,24.238427025974683,10.648348559340175,252.70388930258798,24.250552302125744,32.44684333285181,SL,5.395330200121493,0.2554015544026487,0.0,5.266280590370139,5.800088009745056,0.9079656345769173,171,734.3617417956589,,2
ETH,-1,SQUEEZE_V2,2023-08-15 20:00:00+00:00,2023-08-17 21:00:00+00:00,1827.6544155273439,1607.0057745252977,0.24108334777844828,440.6170450773953,1743.1529281674177,1607.0057745252977,TP,53.19471305553827,0.4140196885496262,0.0,53.001001889527345,3.3246695659711145,15.941735212427373,49,787.1424351626474,,2
APT,-1,SQUEEZE_V2,2023-08-17 22:00:00+00:00,2023-08-19 04:00:00+00:00,5.516096553134918,5.943225109810439,13.917465701231203,76.77008458293489,5.94025498231928,-1.2704383138148607,SL,-5.944547037547945,0.07974235810170886,0.0,-5.985904353358187,5.903210390061451,-1.0140083035895109,30,780.9961782103777,,2
SUI,1,SQUEEZE_V2,2023-08-18 23:00:00+00:00,2023-08-21 02:00:00+00:00,0.4840968,0.5336961122777177,306.76124623379985,148.50213766579455,0.53396309382463,0.7919804104477325,SL,15.215146846652106,0.1561097110891206,0.0,15.133288204395882,5.902922502244265,2.563694203785036,51,795.9224669829459,,2
NEAR,1,SQUEEZE_V2,2023-08-19 14:00:00+00:00,2023-08-21 10:00:00+00:00,1.1657331448316575,1.1369398889404778,207.50857016819248,241.89961808168766,1.1375086432621089,1.6173251699444364,SL,-5.974847360465573,0.2389121944014549,0.0,-6.092809745826185,5.856825964406932,-1.0402920938497016,44,789.7658568191446,,2
BTC,-1,SQUEEZE_V2,2023-08-21 11:00:00+00:00,2023-08-21 14:00:00+00:00,25942.11054,26181.587467154553,0.018266035577978332,473.85951409148674,26168.50321554678,22319.82773125151,SL,-4.374294071509971,0.4760466611272417,0.0,-4.61341097559147,4.1352966661311905,-1.1156178983181835,3,784.9155160865073,,2
SUI,-1,SQUEEZE_V2,2023-08-21 03:00:00+00:00,2023-08-22 09:00:00+00:00,0.5327934200000001,0.5528415092090709,239.4940161804975,127.60083595034263,0.5525652265957731,0.13399140581535063,SL,-4.801397401425275,0.13000153465105527,0.0,-4.8675985181011585,5.969418502372094,-0.8154225601986022,30,779.8364858425784,,2
APT,1,SQUEEZE_V2,2023-08-19 05:00:00+00:00,2023-08-22 17:00:00+00:00,5.936486933326721,5.731568846703542,28.990082435330873,172.09924557340622,5.73443606473591,9.16930083077971,SL,-5.940592223696232,0.1691289494615581,0.0,-6.023671550371087,5.857471336577833,-1.0283740549877542,84,773.7447258697478,,2
SUI,1,SQUEEZE_V2,2023-08-22 09:00:00+00:00,2023-08-22 17:00:00+00:00,0.5466093,0.5228709519928004,249.13012808066313,136.17684491908162,0.5231325182519264,0.9222378079691776,SL,-5.913937679456976,0.13321987607935312,0.0,-5.979069133076788,5.848773643819338,-1.022277403297209,8,767.765656736671,,2
NEAR,-1,SQUEEZE_V2,2023-08-22 18:00:00+00:00,2023-08-22 19:00:00+00:00,1.1003798841953278,1.1279585561757397,213.11516316601114,234.50763856488373,1.1273948587463667,0.6681402913787067,SL,-5.877433179007373,0.23744635515438745,0.0,-5.997625714879319,5.757300709370283,-1.0417426529619853,1,761.5252150485427,,2
DOGE,-1,SQUEEZE_V2,2023-08-22 18:00:00+00:00,2023-08-22 22:00:00+00:00,0.06116776326224208,0.06260161599425422,4105.500913223786,251.1243079329912,0.06257033082883981,0.0387266821966785,SL,-5.886683700704252,0.25406764978334334,0.0,-6.015189196521099,5.758242425525033,-1.0446224302500842,4,755.5100258520216,,2
ETH,-1,SQUEEZE_V2,2023-08-21 16:00:00+00:00,2023-08-23 06:00:00+00:00,1657.2684555908204,1646.4515913411255,0.255156881933548,422.8634516553804,1645.6287769526493,1288.1235545533814,SL,2.759997354250604,0.4214834529782551,0.0,2.549945627100039,5.886866370648804,0.4331584015247495,38,758.0599714791216,,2
XRP,1,SQUEEZE_V2,2023-08-23 17:00:00+00:00,2023-08-24 14:00:00+00:00,0.5295858764648438,0.5170345102113959,462.5054452052259,244.93635156877235,0.5172931567897908,0.7262693912656908,SL,-5.805075236984761,0.24203381395027995,0.0,-5.924640875150655,5.685449786093412,-1.0420707416398793,21,752.0128624281865,,2
XRP,-1,SQUEEZE_V2,2023-08-24 14:00:00+00:00,2023-08-25 14:00:00+00:00,0.5221355350852013,0.5263209565058317,597.610343102019,312.0335962680234,0.5260579275420607,0.37113154974089635,SL,-2.501251131209465,0.31328422183362814,0.0,-2.6585185549090813,5.640096468211398,-0.4713604758168538,24,748.8861873724672,,2
DOGE,-1,SQUEEZE_V2,2023-08-24 15:00:00+00:00,2023-08-27 07:00:00+00:00,0.06264746921807528,0.0637879417093018,5085.520659028676,318.5949989443849,0.06375606367746307,0.04490995786787063,SL,-5.7998964151863746,0.32149494715197807,0.0,-5.96209386286616,5.637780025701364,-1.0575250959928062,64,742.7089267017304,,2
BTC,-1,SQUEEZE_V2,2023-08-25 15:00:00+00:00,2023-08-27 14:00:00+00:00,25830.63284,26180.854066400425,0.01665981698578077,430.33361574129856,26167.77018130977,20436.435379043654,SL,-5.834621536366798,0.43325092650948194,0.0,-6.052705655005631,5.616646405293504,-1.0776369417346898,47,736.4374722672693,,2
BTC,1,SQUEEZE_V2,2023-08-27 15:00:00+00:00,2023-08-27 17:00:00+00:00,26150.629080000002,26036.5453049452,0.015976315735819247,417.7907068723764,26049.570089990193,27767.572920156963,SL,-1.8226384106096911,0.41687938766707155,0.0,-2.0306224448405743,1.6145503323397172,-1.2577015433751813,2,734.1979544689925,,2
LINK,1,SQUEEZE_V2,2023-08-27 17:00:00+00:00,2023-08-27 18:00:00+00:00,6.042208089351654,5.969048378209488,68.40407764244551,413.31167127582285,5.972034395407191,7.164987192463057,SL,-5.00442256126761,0.41080945999518903,0.0,-5.208576185624888,4.800166809034213,-1.08508233001862,1,728.7827224477297,,2
DOGE,1,SQUEEZE_V2,2023-08-27 08:00:00+00:00,2023-08-28 00:00:00+00:00,0.06333266745060682,0.06267548036325965,6907.928822863879,437.4975589108999,0.06270683378014973,0.07334600617792045,SL,-4.5398016226995095,0.43522765809955016,0.0,-4.75628050134361,4.323214450469287,-1.1001722343029532,16,723.8830953724181,,2
NEAR,-1,SQUEEZE_V2,2023-08-27 18:00:00+00:00,2023-08-28 15:00:00+00:00,1.1774645027160644,1.2005130892562792,243.48347425745806,286.6931479361375,1.1999131326899344,0.8182864231341438,SL,-5.611949927535185,0.2894991228999051,0.0,-5.7581024764670214,5.465870418357973,-1.0534648712357948,21,717.9456297738301,,2
LINK,-1,SQUEEZE_V2,2023-08-28 01:00:00+00:00,2023-08-28 15:00:00+00:00,5.9548086512565614,6.047953850956205,60.2414393561423,358.7262442421037,6.044931385263573,4.51284490714437,SL,-5.611200899021826,0.3615318446916146,0.0,-5.793369621592388,5.429123215293136,-1.0670912027329233,14,712.1522601522377,,2
AVAX,-1,SQUEEZE_V2,2023-07-16 19:00:00+00:00,2023-08-28 23:00:00+00:00,14.37712411441803,10.371999740600586,15.056508871059664,216.4692967690609,10.645728108801418,7.392871206647619,EOD,60.303190664079644,0.1863177014370211,0.0,60.225107611027155,6.572404116473091,9.163329969330215,1036,772.3773677632648,,2
SOL,-1,SQUEEZE_V2,2023-08-17 22:00:00+00:00,2023-08-28 23:00:00+00:00,21.246749250793457,20.55299949645996,4.491650673142502,95.43297557441637,22.56109194868397,0.21726608454523344,EOD,3.116081551044491,0.09387493479889414,0.0,3.0699231040328048,5.903568263719856,0.5200114518703706,265,775.4472908672976,,2
APT,-1,SQUEEZE_V2,2023-08-24 14:00:00+00:00,2023-08-28 23:00:00+00:00,5.933113085842133,5.7291998863220215,51.521756282923924,305.68440640778505,5.7921053883139,4.18195342078411,EOD,10.505966168546427,0.3004314233235118,0.0,10.358376948426809,5.6389263422253935,1.8369413465930984,105,785.8056678157244,,2
ETH,-1,SQUEEZE_V2,2023-09-06 15:00:00+00:00,2023-09-06 17:00:00+00:00,1623.8552177001955,1636.1435934193319,0.3694910688218604,600.0,1635.325930454105,1394.4409626220047,SL,-4.54044507854831,0.6022702225392742,0.0,-4.842715301087584,4.238325915590581,-1.1426009697068769,2,994.1581844289395,,3
XRP,-1,SQUEEZE_V2,2023-09-06 15:00:00+00:00,2023-09-06 17:00:00+00:00,0.4988202096402645,0.5034631100418148,1202.477342352616,599.82,0.50321150428967,0.41099431665215636,SL,-5.58298253566403,0.602611491267832,0.0,-5.8856840269318615,5.280432319504345,-1.1146216201260448,2,988.2725004020077,,3
DOGE,-1,SQUEEZE_V2,2023-09-06 15:00:00+00:00,2023-09-06 17:00:00+00:00,0.06332733280807734,0.06404650603542993,9468.897984655317,599.6400540000001,0.0640144987860369,0.0495840132488862,SL,-6.8097779230969495,0.6030449429615485,0.0,-7.113002839058498,6.506704543825016,-1.093180548025478,2,981.1594975629492,,3
NEAR,-1,SQUEEZE_V2,2023-09-06 15:00:00+00:00,2023-09-06 17:00:00+00:00,1.1177764305114746,1.1346862151562798,177.7998538178694,198.74048594600004,1.1341191555784906,0.7909219291711547,SL,-3.006557237938016,0.20024376456496906,0.0,-3.107430759529985,2.9057341279010855,-1.0694133126951268,2,978.0520668034193,,3
NEAR,1,SQUEEZE_V2,2023-09-09 07:00:00+00:00,2023-09-09 22:00:00+00:00,1.165132925248146,1.171132931446151,503.57007597414366,586.7260756871851,1.1717187908415716,1.4207566888000127,SL,3.0214235769747124,0.5882367874756724,0.0,2.7265498273426325,6.436223901630555,0.4236256955964331,15,979.8013264760167,,3
AVAX,-1,SQUEEZE_V2,2023-09-09 14:00:00+00:00,2023-09-10 05:00:00+00:00,9.856028201675414,9.46244714364097,59.511807988208886,586.550057864479,9.457718284498721,8.461653203839669,SL,23.422720353541937,0.574838697687708,0.0,23.14115668478647,4.14908885673803,5.577406867824905,15,1002.6485427628603,,3
SOL,-1,SQUEEZE_V2,2023-09-09 19:00:00+00:00,2023-09-10 06:00:00+00:00,19.442109945678713,18.568835396184756,22.155835670835874,430.75619305078135,18.55955561837557,15.67100337650721,SL,19.348127414111328,0.4210821293437257,0.0,19.142423381292993,4.177600872188711,4.582157072191527,11,1021.4732108818655,,3
LINK,-1,SQUEEZE_V2,2023-09-10 01:00:00+00:00,2023-09-10 06:00:00+00:00,6.132773024559021,6.113961066594117,95.85888692299709,587.88079588561,6.1109056137872235,4.99465876517197,SL,1.8032933513579263,0.586979149209931,0.0,1.5102546000908004,5.454918304801684,0.2768610849334629,5,1022.9834654819563,,3
ETH,-1,SQUEEZE_V2,2023-09-10 05:00:00+00:00,2023-09-10 19:00:00+00:00,1625.064936645508,1617.4041288612448,0.37019389938935526,601.5891256577162,1616.595830945772,1468.3485130425693,SL,2.8359843061287098,0.6001711335046518,0.0,2.536607735452916,2.9007731975962887,0.8744591743866302,14,1025.5200732174092,,3
XRP,-1,SQUEEZE_V2,2023-09-10 05:00:00+00:00,2023-09-10 19:00:00+00:00,0.4992701347053051,0.4993466171975192,67.94197481494506,33.92139891800207,0.49909706866318765,0.42892851672872223,SL,-0.005196371559794046,0.03392399710378197,0.0,-0.022159669204574975,0.23895742185037672,-0.09273480201192605,14,1025.4979135482047,,3
APT,-1,SQUEEZE_V2,2023-09-08 11:00:00+00:00,2023-09-10 21:00:00+00:00,5.494700858306885,5.2577068841610854,63.79746448944445,350.5479828879534,5.255079344488841,3.1951140143064194,SL,15.119614649778965,0.34298817556306394,0.0,14.951900465659879,7.335390501025644,2.0383237216299914,58,1040.4498140138646,,3
LINK,-1,SQUEEZE_V2,2023-09-11 10:00:00+00:00,2023-09-12 00:00:00+00:00,5.904818937301636,5.873199679319807,77.05932577715801,455.0213661446587,5.870264547046284,3.879529064491183,SL,2.436558701653753,0.45380308679383186,0.0,2.2102662979322507,7.803373605103984,0.2832449668290357,14,1042.4325696287247,,3
DOGE,-1,SQUEEZE_V2,2023-09-13 04:00:00+00:00,2023-09-13 07:00:00+00:00,0.060717853095382454,0.061627105739094426,8899.999216730597,540.3888449904673,0.061596307585301775,0.04314876329699607,SL,-8.092347816846775,0.5444350188988907,0.0,-8.366588413250433,7.818244272215434,-1.0701364810234582,3,1033.795786792979,,3
LINK,1,SQUEEZE_V2,2023-09-14 01:00:00+00:00,2023-09-14 02:00:00+00:00,6.120223758029938,6.01903114216585,78.97069117818135,483.3183003367507,6.022042163247473,8.08385565367923,SL,-7.991250816915221,0.4793226749282931,0.0,-8.22891434167514,7.753468400947343,-1.061320420248273,1,1025.3252133011356,,3
LINK,1,SQUEEZE_V2,2023-09-14 18:00:00+00:00,2023-09-15 10:00:00+00:00,6.1332263694763185,6.121847526764779,85.35824750603209,523.5214544562822,6.124909981755657,7.935029786120988,SL,-0.9712780725037832,0.5230358154200303,0.0,-1.2325531606956723,7.689939099758517,-0.16028126422150438,16,1023.8308994132117,,3
DOGE,-1,SQUEEZE_V2,2023-09-15 15:00:00+00:00,2023-09-15 16:00:00+00:00,0.06147770129442215,0.062135722809542805,8192.812825501282,503.6752996472785,0.06210467047430566,0.04893831769675195,SL,-5.391047108536298,0.5063708232015467,0.0,-5.645580281914205,5.136641138143632,-1.09908014402472,1,1017.1622594539118,,3
AVAX,-1,SQUEEZE_V2,2023-09-15 12:00:00+00:00,2023-09-15 21:00:00+00:00,9.268146457672119,9.331564844731375,60.50934477739844,560.8094694547062,9.326901394034358,6.730114762287672,SL,-3.8374050477950354,0.5627281719786037,0.0,-4.119728485046286,7.678731745599087,-0.53651157789272,9,1012.7965907369736,,3
SUI,-1,SQUEEZE_V2,2023-09-15 12:00:00+00:00,2023-09-15 21:00:00+00:00,0.4329134,0.442174593593555,849.164228305694,367.6145732341942,0.44195361678516243,0.252109064296752,SL,-7.864274311060755,0.37154671038972464,0.0,-8.052013734833382,7.676628710088632,-1.0488997239441082,9,1004.7445770021402,,3
ETH,-1,SQUEEZE_V2,2023-09-15 15:00:00+00:00,2023-09-15 21:00:00+00:00,1614.2870633544921,1630.0019456165878,0.3803660615102653,614.0200124351203,1629.1873519406176,1316.281291631982,SL,-5.9774078731308595,0.6170087163716858,0.0,-6.2874065832849855,5.667564084870915,-1.1093666501396406,6,998.4571704188552,,3
LINK,1,SQUEEZE_V2,2023-09-15 17:00:00+00:00,2023-09-16 04:00:00+00:00,6.245248758029938,6.289270326877172,78.76074802486592,491.8804637838027,6.292416535144744,7.896918055135059,SL,3.46717169163629,0.49361404962962085,0.0,3.2194978738985705,6.504335466485199,0.4949772179629469,11,1000.924750338668,,3
DOGE,1,SQUEEZE_V2,2023-09-15 23:00:00+00:00,2023-09-16 08:00:00+00:00,0.0626625325396657,0.06198344483329392,9557.458910259245,598.8945799606378,0.06201445205932358,0.07562414214650806,SL,-6.490352850110439,0.5956494035355826,0.0,-6.7865549636657025,6.194002561410844,-1.0956655081072308,9,994.1381953750023,,3
ETH,1,SQUEEZE_V2,2023-09-15 23:00:00+00:00,2023-09-16 10:00:00+00:00,1649.8799588378906,1632.0649891009787,0.363101751156052,599.074302251313,1632.8814298158866,1989.8505392779716,SL,-6.468646708264804,0.5958399788971807,0.0,-6.764949536036328,6.172195654966642,-1.0960361456773828,11,987.373245838966,,3
NEAR,1,SQUEEZE_V2,2023-09-15 23:00:00+00:00,2023-09-17 01:00:00+00:00,1.128425694179535,1.1099182827313965,271.05641739409106,305.867025959745,1.110473519491142,1.4874691879473978,SL,-5.016552642370808,0.3033587496385596,0.0,-5.166977879029495,4.8660521554687035,-1.0618418615227123,26,982.2062679599366,,3
APT,-1,SQUEEZE_V2,2023-09-17 01:00:00+00:00,2023-09-17 12:00:00+00:00,5.211857581710816,5.307661873054221,79.06001513021444,412.0495392665799,5.305009368370037,3.3488218485263985,SL,-7.57428872314912,0.4158366836281545,0.0,-7.784100637143985,7.364581662684526,-1.0569643998361933,11,973.6595748254165,,3
DOGE,1,SQUEEZE_V2,2023-09-17 07:00:00+00:00,2023-09-17 16:00:00+00:00,0.0625125,0.06187323154763469,9422.80213002171,589.0429181529821,0.061904183639454415,0.07467882721091165,SL,-6.023700134603527,0.5860310680856804,0.0,-6.315209743612717,5.732044697875984,-1.1017377003275681,9,967.3443650818037,,3
LINK,-1,SQUEEZE_V2,2023-09-17 18:00:00+00:00,2023-09-17 23:00:00+00:00,6.108778133487702,6.1437943863994136,95.0119003123312,580.4066190490822,6.14072402438722,4.634295890982553,SL,-3.326960730958932,0.5820700994145617,0.0,-3.618827520848953,7.004667991860044,-0.516630841754999,5,963.0208197840974,,3
NEAR,-1,SQUEEZE_V2,2023-09-17 01:00:00+00:00,2023-09-18 02:00:00+00:00,1.1131773024559022,1.0979953199347379,470.80778253069735,524.0925373327667,1.0974465966364197,0.8002450492929365,SL,7.147795525209178,0.5205186395701622,0.0,6.889323154305399,7.366547009699524,0.9352174289031531,25,969.9101429384028,,3
ETH,-1,SQUEEZE_V2,2023-09-17 21:00:00+00:00,2023-09-18 02:00:00+00:00,1616.6665922363281,1628.184909363077,0.35890671573829847,580.2324970633675,1627.3712237512013,1402.5739619388658,SL,-4.134001370793605,0.5822994977487643,0.0,-4.426184620010686,3.8419641401918265,-1.1520629705278012,5,965.4839583183922,,3
SOL,-1,SQUEEZE_V2,2023-09-17 21:00:00+00:00,2023-09-18 02:00:00+00:00,18.695259605026244,18.972907326933026,13.307995869465715,248.7964376022785,18.963425614125963,13.33193942303188,SL,-3.694934736302013,0.2506439049704295,0.0,-3.8211804224713033,3.5687521414301675,-1.0707329259745049,5,961.6627778959208,,3
BTC,1,SQUEEZE_V2,2023-09-18 03:00:00+00:00,2023-09-18 14:00:00+00:00,26664.13176,27181.802965394756,0.02163946952899217,576.9976667375524,27195.40066572762,30258.118445447577,SL,11.202130275176467,0.5825987318751407,0.0,10.908030376670103,3.888598268367344,2.8051317271325944,11,972.2823094392222,,3
SUI,1,SQUEEZE_V2,2023-09-18 23:00:00+00:00,2023-09-20 03:00:00+00:00,0.45279053999999996,0.4422873627602716,709.217270893058,321.12687106499396,0.44250861706880595,0.6584289986238802,SL,-7.449034697666242,0.3174023537161609,0.0,-7.605873615849906,7.2921173207941665,-1.043026775523898,28,964.34901907338,,3
SUI,-1,SQUEEZE_V2,2023-09-20 04:00:00+00:00,2023-09-21 00:00:00+00:00,0.44481102,0.4493185276195992,831.7191299871625,369.9578345631024,0.4490939806292846,0.2709314074143083,SL,-3.748980315783529,0.37183232472099415,0.0,-3.935833723222972,7.230950005113797,-0.54430382182694,20,960.0058547080017,,3
SUI,1,SQUEEZE_V2,2023-09-21 01:00:00+00:00,2023-09-21 06:00:00+00:00,0.45449088000000004,0.4450158006217743,778.0269303809106,353.60614425251885,0.44523841983169016,0.6395400833661982,SL,-7.3718669237564285,0.3499202107906406,0.0,-7.544984062420809,7.1986631832217824,-1.0481090544708649,5,951.8904307302238,,3
SOL,1,SQUEEZE_V2,2023-09-19 09:00:00+00:00,2023-09-21 09:00:00+00:00,20.174034076309205,19.72339966547872,16.541393142176336,333.7066289198928,19.73326629862803,28.98938962993269,SL,-7.454120952940061,0.3299795684434228,0.0,-7.617247206923537,7.290913095027673,-1.0447590181973807,48,944.2731835233003,,3
NEAR,1,SQUEEZE_V2,2023-09-21 01:00:00+00:00,2023-09-21 09:00:00+00:00,1.142228359937668,1.1193320999068854,322.3470044247235,368.1938901948721,1.1198920459298503,1.5889546400940198,SL,-7.380540833452263,0.36450361977814594,0.0,-7.560947508132973,7.200043910310012,-1.05012519400141,8,936.7122360151674,,3
DOGE,1,SQUEEZE_V2,2023-09-21 04:00:00+00:00,2023-09-21 09:00:00+00:00,0.06290257864147425,0.062184822044769876,6662.362741208433,419.07979626689144,0.06221593000977476,0.07663555127546397,SL,-4.781954807139785,0.41668881886332154,0.0,-4.989103727869661,4.57470226013643,-1.0905854510673383,5,931.7231322872977,,3
ETH,-1,SQUEEZE_V2,2023-09-21 11:00:00+00:00,2023-09-22 01:00:00+00:00,1591.43165,1595.1724576335237,0.35127734161399804,559.0338793723786,1594.3752699985246,1230.1274219045092,SL,-1.3140609609935467,0.5596909098528753,0.0,-1.5942349311602328,6.345899437964091,-0.2512228481943451,14,929.6829412926658,,3
SUI,-1,SQUEEZE_V2,2023-09-21 11:00:00+00:00,2023-09-22 23:00:00+00:00,0.43561286,0.44497706668101655,764.1607448665702,332.878247571057,0.44475468933634843,0.2527762732730309,SL,-7.15575915245013,0.336456127147282,0.0,-7.325776155811883,6.985827115107087,-1.0486626758869604,36,921.816761084299,,3
NEAR,-1,SQUEEZE_V2,2023-09-22 17:00:00+00:00,2023-09-22 23:00:00+00:00,1.1049790122509002,1.1218635010903713,427.0277291170945,471.8566783235521,1.1213028496655386,0.7785022639581334,SL,-7.210144926422237,0.4754617507867632,0.0,-7.4496783380472245,6.970731221649693,-1.0687083035005018,6,914.3670827462518,,3
AVAX,-1,SQUEEZE_V2,2023-09-20 04:00:00+00:00,2023-09-23 00:00:00+00:00,9.085182493209839,8.934225074032664,48.94821321197975,444.70344974738094,8.929760193935696,6.129970374749843,SL,7.389095939814551,0.4410089017774737,0.0,7.170438762910767,7.232617643050348,0.99140299083841,68,921.5375215091625,,3
LINK,1,SQUEEZE_V2,2023-09-22 18:00:00+00:00,2023-09-23 04:00:00+00:00,6.825364681720734,6.970404628692199,15.343934415707421,104.72794803960869,6.973891574479438,9.167534794304812,SL,2.225483433987847,0.10584068975660262,0.0,2.172006718251049,1.7969052298960138,1.2087486207476519,10,923.491470618894,,3
XRP,1,SQUEEZE_V2,2023-09-22 05:00:00+00:00,2023-09-23 23:00:00+00:00,0.5135126541852951,0.5061583715697198,981.9105228217402,504.2234787466626,0.5064115773583989,0.6555341907232202,SL,-7.2212474880384345,0.5006128550026434,0.0,-7.469748603667747,6.972622059694993,-1.0712969295792436,42,916.0217220152263,,3
SUI,1,SQUEEZE_V2,2023-09-23 01:00:00+00:00,2023-09-24 14:00:00+00:00,0.44628924,0.44780321758322067,977.2030735920076,436.1152170390411,0.44802723119882004,0.5877446160235994,SL,1.4794635476726614,0.43685494881287745,0.0,1.2606662073793045,6.911531411318719,0.1824004163990003,37,916.5849736397012,,3
APT,1,SQUEEZE_V2,2023-09-24 12:00:00+00:00,2023-09-24 14:00:00+00:00,5.246849178314209,5.24185696016757,56.37058990051309,295.7679833005943,5.244479199767453,6.531266876690732,SL,-0.28141428183809125,0.2956272761596753,0.0,-0.4291575663474694,3.620169166807183,-0.11854627410297679,2,916.1558160733537,,3
XRP,1,SQUEEZE_V2,2023-09-24 12:00:00+00:00,2023-09-24 18:00:00+00:00,0.5111322243332863,0.5073682183183585,1074.9628435496616,549.448149299173,0.507622029333025,0.5813361243385113,SL,-4.046166608944783,0.5474250659947006,0.0,-4.318867600289897,3.7733291988946758,-1.1445774732708256,6,911.8369484730638,,3
BTC,1,SQUEEZE_V2,2023-09-24 18:00:00+00:00,2023-09-24 19:00:00+00:00,26678.73468,26578.80395,0.02050705086452167,547.1021690838382,26600.904940447013,28235.329471059766,SL_GAP,-2.0492845630387824,0.5460775268023188,0.0,-2.3218110052991823,1.5960584277855996,-1.4547155447939992,1,909.2415863832226,,3
SOL,1,SQUEEZE_V2,2023-09-24 02:00:00+00:00,2023-09-24 20:00:00+00:00,19.623924839401244,19.398940384008526,28.00729404067088,549.6130332091358,19.408644706361706,23.929527500191984,SL,-6.301205796764062,0.5464624303107537,0.0,-6.5728617104702485,6.029413987153099,-1.0901327599125017,18,902.6687246727524,,3
NEAR,-1,SQUEEZE_V2,2023-09-24 20:00:00+00:00,2023-09-25 01:00:00+00:00,1.1001798910140992,1.1122655505522607,492.2842520821085,541.6012348036514,1.1117096957044086,0.8695837972079131,SL,-5.949579866662855,0.5445760247369829,0.0,-6.2233552739980125,5.675941278621748,-1.0964446192278419,5,895.903849404136,,3
XRP,-1,SQUEEZE_V2,2023-09-25 00:00:00+00:00,2023-09-25 15:00:00+00:00,0.5018796106934548,0.4999682771702902,1078.8219782132533,541.4387544332103,0.49971841796130956,0.3931114607034091,SL,2.0619886124857216,0.5404077601269675,0.0,1.7923002295753594,5.867073536942871,0.30548453471562675,15,897.6961496337115,,3
LINK,1,SQUEEZE_V2,2023-09-27 10:00:00+00:00,2023-09-27 14:00:00+00:00,7.5495094588279725,7.575170895855004,43.70777868293463,329.9722885911746,7.5789603760430255,10.630297970682307,SL,1.1216044102635712,0.3305330907963064,0.0,0.9560574637628521,6.732721122252837,0.14200164337758067,4,898.4872209531787,,3
APT,1,SQUEEZE_V2,2023-09-28 01:00:00+00:00,2023-09-29 14:00:00+00:00,5.360171684932709,5.415730348286469,62.47570999094308,334.88053168952064,5.418439568070504,7.51737939273651,SL,3.4710669391739417,0.33661606515910764,0.0,3.3018911398595945,6.73865415714884,0.4899926695832454,37,901.4461667726622,,3
XRP,1,SQUEEZE_V2,2023-09-29 13:00:00+00:00,2023-09-29 14:00:00+00:00,0.5374274818181991,0.5268483738548394,653.1301820947135,351.0101090626237,0.5271119298197493,0.7437385217871951,SL,-6.909534710508756,0.34755534170736935,0.0,-7.081584997684813,6.737398355155005,-1.0510859866652327,1,894.3645817749774,,3
ETH,1,SQUEEZE_V2,2023-09-30 14:00:00+00:00,2023-09-30 21:00:00+00:00,1680.8561235351563,1667.9270935149586,0.3190345905685604,536.2512451766962,1668.7614742520846,1922.7491091965917,SL,-4.124807798942372,0.5341888412772251,0.0,-4.390871017631249,3.858611482095114,-1.137940691361633,7,889.0802268076741,,3
SOL,1,SQUEEZE_V2,2023-09-30 13:00:00+00:00,2023-10-01 00:00:00+00:00,20.525104108428955,21.20434050176468,22.420405377103446,460.1811545182286,21.214947975752555,26.506143372674767,SL,15.228755285468626,0.4677955321609629,0.0,14.991050330566777,6.704866244038146,2.2358462920713094,11,904.0712771382408,,3
NEAR,1,SQUEEZE_V2,2023-09-29 21:00:00+00:00,2023-10-01 04:00:00+00:00,1.1195238678216934,1.1273290994922336,426.9869493065241,478.02208099702517,1.1278930460152412,1.4336626881174566,SL,3.332732059634602,0.4796884470268425,0.0,3.0920546531062723,6.706658826841886,0.46104248522841546,31,907.1633317913471,,3
LINK,1,SQUEEZE_V2,2023-09-29 19:00:00+00:00,2023-10-01 07:00:00+00:00,7.976594904613495,8.056417684557807,35.9564110854156,286.80972545211426,8.060447908512064,11.70763154638394,SL,2.870140689658377,0.28824479579694345,0.0,2.7253007565874907,6.707734363312331,0.4062922902095539,36,909.8886325479345,,3
AVAX,1,SQUEEZE_V2,2023-09-30 15:00:00+00:00,2023-10-01 14:00:00+00:00,9.230845891571045,9.56325862711357,2.784543637893157,25.70369319974634,9.568042648437787,11.149984072717643,SL,0.9256177679095968,0.02616650208370114,0.0,0.9123031124257689,0.26719620062748056,3.414356604934226,23,909.9439125547507,,3
BTC,1,SQUEEZE_V2,2023-10-01 07:00:00+00:00,2023-10-01 14:00:00+00:00,27135.9261,27085.15385223047,0.02011846500159656,545.9331795287607,27098.703203832385,29563.862023352274,SL,-1.0214596898037092,0.5454224496838589,0.0,-1.2939155497231876,2.442317195004084,-0.5297901322440732,7,908.6499970050274,,3
APT,1,SQUEEZE_V2,2023-10-01 10:00:00+00:00,2023-10-01 14:00:00+00:00,5.545809085750579,5.501534068702846,75.09956971322728,416.4878760515749,5.50428621180875,7.362083369473052,SL,-3.3250347293306057,0.4148253586869096,0.0,-3.531616149991728,6.8200708594378705,-0.5178268998634442,4,905.1183808550358,,3
XRP,1,SQUEEZE_V2,2023-10-01 10:00:00+00:00,2023-10-01 17:00:00+00:00,0.519503880572319,0.5145208205356445,1050.5588504433254,545.7693995749021,0.5147782096404647,0.6140172992094044,SL,-5.234997823818817,0.5431519006629927,0.0,-5.505265024694358,4.964595421742266,-1.108905068192314,7,899.6131158303414,,3
SOL,1,SQUEEZE_V2,2023-10-01 11:00:00+00:00,2023-10-02 01:00:00+00:00,23.095617803192138,23.61619523777851,8.91319547362484,205.85575606398146,23.628009242399706,38.395425936155064,SL,4.6400084336264795,0.2081757602807947,0.0,4.534760551377675,6.8185090299026765,0.6650662969705566,14,903.3964464638334,,3
BTC,1,SQUEEZE_V2,2023-10-01 23:00:00+00:00,2023-10-02 14:00:00+00:00,28006.80024,28217.09764047247,0.01927274322210129,539.7678694982048,28231.213247096017,34744.53529807964,SL,4.053007799581337,0.5417943733979955,0.0,3.781097360932444,6.492731883645925,0.5823584630772106,15,907.1775438247658,,3
ETH,1,SQUEEZE_V2,2023-10-01 23:00:00+00:00,2023-10-02 14:00:00+00:00,1735.1869338134766,1706.7042538455203,0.2441311093427536,423.61311106893515,1707.5580328619512,2287.7649528439833,SL,-6.953508257631797,0.4201363569401193,0.0,-7.161838059037449,6.745074239216941,-1.0617878773516496,15,900.0157057657284,,3
XRP,1,SQUEEZE_V2,2023-10-01 23:00:00+00:00,2023-10-02 15:00:00+00:00,0.5254050859451294,0.5192493278692571,1026.786511275559,539.4788552040346,0.5195090824104623,0.643325156638469,SL,-6.320649358981172,0.536318530524544,0.0,-6.587228461903699,6.053936899829109,-1.0880900430411893,16,893.4284773038247,,3
XRP,-1,SQUEEZE_V2,2023-10-02 19:00:00+00:00,2023-10-03 22:00:00+00:00,0.5115976345419884,0.5213386898896287,706.7878359540292,361.59098499713224,0.5210781508142216,0.32198730909732276,SL,-6.884859429067153,0.36503341471166584,0.0,-7.069097351280253,6.700713579778685,-1.054976797189671,27,885.9668145071033,,3
NEAR,-1,SQUEEZE_V2,2023-10-03 16:00:00+00:00,2023-10-04 06:00:00+00:00,1.0977804495811463,1.0899088903416168,385.8147647344674,423.53990588524783,1.0893642082374981,0.7504968188888008,SL,3.036963776092511,0.42202142399720155,0.0,2.8267123050379332,6.699357613584946,0.4219378137548488,14,888.5360683375721,,3
SUI,-1,SQUEEZE_V2,2023-10-04 00:00:00+00:00,2023-10-04 08:00:00+00:00,0.4444111,0.44589972024080055,610.9058856246835,271.49335662693977,0.4456768817999006,0.22687346400198777,SL,-0.9094068665650848,0.2719480600602223,0.0,-1.0456082483118374,6.644751108803274,-0.15735852723310692,8,887.4904600892603,,3
APT,-1,SQUEEZE_V2,2023-10-04 01:00:00+00:00,2023-10-04 08:00:00+00:00,5.155368923664093,5.298721870638717,47.21749231059857,243.42359251140815,5.296073833721857,2.3412707225088174,SL,-6.768766671475963,0.24680797584714614,0.0,-6.893862851067405,6.643733008715924,-1.037648990714006,7,880.5965972381929,,3
BTC,1,SQUEEZE_V2,2023-10-04 10:00:00+00:00,2023-10-04 14:00:00+00:00,27634.72584,27352.854487951183,0.019119348655818463,528.3579583429157,27366.537756829595,32998.48750340809,SL,-5.389196655908269,0.5256633600149616,0.0,-5.650681036751773,5.127581467470591,-1.1020168226677096,4,874.6817372222697,,3
BTC,1,SQUEEZE_V2,2023-10-05 14:00:00+00:00,2023-10-05 15:00:00+00:00,27996.69822,27729.88356908289,0.01874539055317795,524.8090423333618,27743.75544680629,33055.55368387411,SL,-5.0015448367510515,0.5223082699149864,0.0,-5.261448585499357,4.741511071119941,-1.1096565011829884,1,869.1578841156037,,3
NEAR,-1,SQUEEZE_V2,2023-10-05 16:00:00+00:00,2023-10-06 07:00:00+00:00,1.083583198237419,1.0900046552264058,385.2803988383712,417.48336679147064,1.089459925263774,0.7603847730705824,SL,-2.474061509840227,0.4187203975463908,0.0,-2.6840402239908827,6.226100907610628,-0.4310948800572731,15,865.6053457639415,,3
ETH,-1,SQUEEZE_V2,2023-10-05 16:00:00+00:00,2023-10-06 08:00:00+00:00,1618.0162978271485,1637.9854774977598,0.3223049923351718,521.4947304693621,1637.1668940507345,1235.004373355428,SL,-6.436166300676047,0.5247128136197001,0.0,-6.700131749061066,6.172332769056867,-1.085510454434693,16,858.9052140148805,,3
BTC,-1,SQUEEZE_V2,2023-10-06 13:00:00+00:00,2023-10-06 14:00:00+00:00,27250.14888,27564.12254597014,0.018911571113916358,515.3431284089282,27550.347372284003,21246.179034319928,SL,-5.937735311891345,0.5183119960648739,0.0,-6.198375743751755,5.677225135119374,-1.0917967133993924,1,852.4491667069243,,3
DOGE,-1,SQUEEZE_V2,2023-10-05 16:00:00+00:00,2023-10-06 15:00:00+00:00,0.06079783770442009,0.06134382778804536,8573.58210193147,521.2552531787504,0.061313171202444144,0.05049116774393902,SL,-4.681090808801677,0.5235957985831512,0.0,-4.944058980795454,4.418254055184751,-1.1190073995391185,23,847.5051077261288,,3
LINK,-1,SQUEEZE_V2,2023-10-05 16:00:00+00:00,2023-10-06 17:00:00+00:00,7.529493937301636,7.710638675912989,36.757172156281364,276.76290490307304,7.706785283271354,3.9836670179072784,SL,-6.658368342342096,0.2800920890742441,0.0,-6.8000789789648035,6.516728525627768,-1.0434804752450142,25,840.705028747164,,3
XRP,1,SQUEEZE_V2,2023-10-06 22:00:00+00:00,2023-10-07 05:00:00+00:00,0.5273254547595978,0.52098572614887,956.5686858000428,504.4230172482984,0.5212463493235316,0.6489075634809215,SL,-6.064385865492866,0.501390824315552,0.0,-6.313565181184269,5.8150818978176995,-1.085722487168004,7,833.7581872182163,,3
AVAX,1,SQUEEZE_V2,2023-10-07 03:00:00+00:00,2023-10-07 06:00:00+00:00,10.8851769739151,11.239366429034227,23.6889109431535,257.8579879355399,11.244988923495974,16.205392095304198,SL,8.390362459321087,0.2620531691652004,0.0,8.257238284123657,6.301505110450262,1.3103596901683148,3,841.8930987293503,,3
NEAR,1,SQUEEZE_V2,2023-10-07 06:00:00+00:00,2023-10-07 07:00:00+00:00,1.1073214299201966,1.093552948474884,456.1781661482111,505.13585923761013,1.0945379196393643,1.362991635536841,SL_GAP,-6.280880616368331,0.501995418929426,0.0,-6.5303081056789525,5.831558276846857,-1.1198221462702953,1,835.1102226940526,,3
SOL,1,SQUEEZE_V2,2023-10-07 05:00:00+00:00,2023-10-07 17:00:00+00:00,23.868773120498656,23.24707336544726,10.249942246474582,244.6535459793161,23.25870271680566,36.07018119435854,SL,-6.372386583924195,0.241467352687354,0.0,-6.491527163621891,6.253186404136622,-1.0381150895050244,12,828.6186955304307,,3
DOGE,1,SQUEEZE_V2,2023-10-06 22:00:00+00:00,2023-10-07 19:00:00+00:00,0.06151230169907212,0.06104827466754989,8197.899873916287,504.2716903431239,0.06107881407458718,0.07018205418877094,SL,-3.8040471432098224,0.502369666771519,0.0,-4.054280964809779,3.553688142109354,-1.140865715471389,21,824.1043508368678,,3
DOGE,-1,SQUEEZE_V2,2023-10-07 20:00:00+00:00,2023-10-07 21:00:00+00:00,0.0610777819737792,0.06141154225406308,3816.8408138123564,233.12417105465306,0.061380851828149015,0.05501638488638288,SL,-1.2739098598169716,0.23376112598456156,0.0,-1.3911089002742065,1.1567693895948734,-1.202581009479689,1,822.3494485458152,,3
LINK,-1,SQUEEZE_V2,2023-10-07 17:00:00+00:00,2023-10-08 04:00:00+00:00,7.529493937301636,7.643914215471009,56.19011963629577,423.0831651377426,7.640094168386816,5.317489315598026,SL,-6.4292891191553005,0.42629780969732023,0.0,-6.644045346283749,6.21464021647823,-1.0690957344026037,11,815.7054031995315,,3
ETH,-1,SQUEEZE_V2,2023-10-07 20:00:00+00:00,2023-10-08 13:00:00+00:00,1630.5938599365236,1629.8957282428055,0.3032408146816947,494.46261050212064,1629.081187648981,1406.3700093006514,SL,0.21170202355818693,0.4943567594903415,0.0,-0.0354234306810943,3.3996911568944186,-0.010419602559855237,17,815.3502725287073,,3
NEAR,-1,SQUEEZE_V2,2023-10-08 10:00:00+00:00,2023-10-08 15:00:00+00:00,1.0815836239814758,1.092837732739248,452.50615030401127,489.42324191971886,1.0922915869457752,0.8674243646954891,SL,-5.092553429082165,0.49196951863426,0.0,-5.339811326756566,4.845419098573066,-1.1020329135882372,5,810.0104612019506,,3
XRP,-1,SQUEEZE_V2,2023-10-08 16:00:00+00:00,2023-10-09 01:00:00+00:00,0.5176664383530617,0.519629733359714,938.8406137886453,486.00627672117037,0.5193700483355462,0.4472656223226781,SL,-1.8432210890935958,0.4869278872657172,0.0,-2.0871458379987278,3.304757266659296,-0.6315579843201543,9,807.6803122255914,,3
DOGE,-1,SQUEEZE_V2,2023-10-09 06:00:00+00:00,2023-10-09 13:00:00+00:00,0.06060787472352386,0.05907454749750403,7994.496461053677,484.5294399891961,0.059045024985011525,0.053307407948899065,SL,12.258179082052774,0.4784003504481697,0.0,12.022043451599203,2.918177789688868,4.119709050654167,7,819.2185666406295,,3
ETH,-1,SQUEEZE_V2,2023-10-09 09:00:00+00:00,2023-10-09 18:00:00+00:00,1614.3770111816407,1582.9485928289619,0.1366208003104475,220.55747927042398,1582.157514071926,1356.8273156806222,SL,4.293775667834536,0.2184105914365067,0.0,4.185643816033242,1.7593322759530727,2.3791093207596488,9,823.4042104566628,,3
APT,-1,SQUEEZE_V2,2023-10-07 17:00:00+00:00,2023-10-09 20:00:00+00:00,5.255248712539673,5.002288372614837,94.58054595640887,497.0442923687171,4.999788478375649,4.065478900886063,SL,23.925127055409813,0.4850817288410122,0.0,23.68856747275316,5.626453917432585,4.21021265265468,51,847.0927779294159,,3
SUI,-1,SQUEEZE_V2,2023-10-08 10:00:00+00:00,2023-10-09 23:00:00+00:00,0.43791240000000003,0.4165943889023078,342.51425254591254,149.99123836658669,0.41638619580440567,0.3141884839118864,SL,7.301722636891517,0.1463403770481409,0.0,7.23037787902667,2.1188602320486645,3.4123901943432235,37,854.3231558084426,,3
AVAX,-1,SQUEEZE_V2,2023-10-09 01:00:00+00:00,2023-10-10 05:00:00+00:00,9.930013760185242,9.656984898052022,26.434117837265763,262.49115386240715,9.6521588186427,5.34684410119844,SL,7.217277114604125,0.2588825153051051,0.0,7.0896401762302235,6.057602341691935,1.1703706807287768,28,861.4127959846728,,3
LINK,-1,SQUEEZE_V2,2023-10-10 16:00:00+00:00,2023-10-11 12:00:00+00:00,7.21955599451065,7.362103271422875,46.52326634889178,335.8773264533573,7.358424059393179,4.4421946968600805,SL,-6.63176493109664,0.3391932089189056,0.0,-6.803019476788867,6.460595969885046,-1.0530018451084033,20,854.0752793061683,,3
NEAR,-1,SQUEEZE_V2,2023-10-11 03:00:00+00:00,2023-10-11 21:00:00+00:00,1.0261946900606156,1.0285985181086943,369.43204341556196,379.1092012912925,1.028084475870759,0.6765045889967534,SL,-0.8880511078213575,0.3795532268452032,0.0,-1.0780497340209145,6.459336429910846,-0.16689790750468686,18,852.9972295721474,,3
SUI,-1,SQUEEZE_V2,2023-10-11 03:00:00+00:00,2023-10-12 06:00:00+00:00,0.40921814,0.4123711590298361,865.0835363416654,354.0078756863587,0.41216507649159034,0.25991661016819273,SL,-2.7276248524831916,0.35537168811260034,0.0,-2.9059926027526126,6.457914770406004,-0.4499893086340493,27,849.9288161755327,,3
AVAX,-1,SQUEEZE_V2,2023-10-12 02:00:00+00:00,2023-10-12 21:00:00+00:00,9.16116750679016,9.100969991682614,35.458535987195816,324.8415877242479,9.096421780792218,5.552739215164566,SL,2.1345157557806997,0.32377432984635757,0.0,1.9731622197964662,6.397479221791105,0.3084280779022271,19,851.2685752251398,,3
ETH,-1,SQUEEZE_V2,2023-10-12 10:00:00+00:00,2023-10-13 00:00:00+00:00,1541.4816810546874,1547.0404802534727,0.33082280248468793,509.95728970531957,1546.2673465801827,1192.533675232286,SL,-1.8389775293917607,0.5108767784700154,0.0,-2.0948756630091165,5.771997860380536,-0.362937706091077,14,849.1736995621307,,3
LINK,-1,SQUEEZE_V2,2023-10-12 10:00:00+00:00,2023-10-13 12:00:00+00:00,7.216556335163117,7.256786686077424,48.959401411105716,353.318278419109,7.253160106024413,4.613357113844784,SL,-1.9696538993232298,0.35430310536877063,0.0,-2.1472978654824457,6.372553781480099,-0.3369603363290425,26,847.0264016966482,,3
NEAR,-1,SQUEEZE_V2,2023-10-12 10:00:00+00:00,2023-10-13 21:00:00+00:00,1.0034992779254914,1.019852904893168,402.1236299128103,403.5307722542827,1.0193432332765298,0.686620170904726,SL,-6.576179838482101,0.40681886217352375,0.0,-6.7812333145284835,6.3712288379360285,-1.0643524957306787,35,840.2451683821198,,3
LINK,1,SQUEEZE_V2,2023-10-15 10:00:00+00:00,2023-10-15 13:00:00+00:00,7.40548060541153,7.326366121110696,68.03699410200025,503.8466402728615,7.330031136679035,8.914469980061426,SL,-5.38271170175862,0.5011552844219822,0.0,-5.6319436660441715,5.1333550591517785,-1.0971272396214842,3,833.773732238941,,3
DOGE,-1,SQUEEZE_V2,2023-10-15 12:00:00+00:00,2023-10-15 18:00:00+00:00,0.05919815669730306,0.05962859004452706,2932.565285484579,173.60245929518737,0.05959879064920246,0.05118547765931491,SL,-1.2622738917840337,0.17423359624107942,0.0,-1.3497062583775195,1.1748852195266908,-1.148798398299075,6,832.1778214053227,,3
SUI,-1,SQUEEZE_V2,2023-10-15 01:00:00+00:00,2023-10-15 20:00:00+00:00,0.41131772,0.41209934235974405,1225.6877749620703,504.1471010292719,0.41189339566191313,0.3134498067617365,SL,-0.9580249709752872,0.5046261135147595,0.0,-1.2105775339754108,5.997775240859386,-0.20183776239703746,19,830.8820385525332,,3
SOL,-1,SQUEEZE_V2,2023-10-15 13:00:00+00:00,2023-10-15 20:00:00+00:00,21.78864066772461,22.038243121332844,22.59935156078281,492.40915048147804,22.027229506579555,17.01686389062575,SL,-5.640853599526442,0.49522957728124123,0.0,-5.889878601566944,5.391953047761851,-1.092346047785371,7,824.9921599509663,,3
LINK,1,SQUEEZE_V2,2023-10-15 19:00:00+00:00,2023-10-15 22:00:00+00:00,7.43148582830429,7.410921283463164,22.930897207515088,170.4106376279508,7.414628597762045,9.15891242347844,SL,-0.47156346387120057,0.17017485589601522,0.0,-0.5565330009532403,1.980572084373304,-0.2809960845880242,3,824.4356269500131,,3
APT,-1,SQUEEZE_V2,2023-10-15 04:00:00+00:00,2023-10-16 01:00:00+00:00,4.892221280670166,4.956663467516167,101.66930830320275,497.3887536719446,4.954186374329002,3.6529194074934415,SL,-6.551792562178628,0.5006646499530338,0.0,-6.803762835295689,6.299948211237038,-1.0799712326460098,21,817.6318641147174,,3
DOGE,1,SQUEEZE_V2,2023-10-16 06:00:00+00:00,2023-10-16 13:00:00+00:00,0.06012202103063464,0.05955217817338124,8155.035627240757,490.29722348654354,0.05958196915796021,0.0709230584841232,SL,-4.647088802830155,0.48797367908512845,0.0,-4.889913870172012,4.404142262218029,-1.1102988003183478,7,812.026976662324,,3
SOL,1,SQUEEZE_V2,2023-10-16 02:00:00+00:00,2023-10-16 14:00:00+00:00,22.134425160598756,23.07729271055414,20.294431904292306,449.20558416242574,23.088837129118698,28.177697531838056,SL,19.134961287336466,0.458773064806094,0.0,18.900791014611585,6.13223898086038,3.082200656824324,12,830.9277676769357,,3
XRP,1,SQUEEZE_V2,2023-10-16 06:00:00+00:00,2023-10-16 15:00:00+00:00,0.4936687139332294,0.4920223029985094,993.4685811584895,490.4443567935817,0.49226843721711794,0.5975001229417009,SL,-1.6356575353201115,0.48962652802592166,0.0,-1.8800618849492423,5.15766212936664,-0.36451823283354806,9,829.0477057919865,,3
LINK,-1,SQUEEZE_V2,2023-10-17 13:00:00+00:00,2023-10-18 04:00:00+00:00,7.382523024559021,7.414368617012418,49.08963037541745,362.4053265136112,7.410663285369734,4.849255714991505,SL,-1.5632883626234049,0.36318697069492295,0.0,-1.7452726700615222,6.217857793439898,-0.28068713181296273,15,826.6614905508526,,3
DOGE,-1,SQUEEZE_V2,2023-10-17 13:00:00+00:00,2023-10-18 04:00:00+00:00,0.05943811052441597,0.05935350324003296,8367.020712627613,497.3199018772377,0.05932384131937328,0.04696126422899897,SL,0.7079109008718246,0.4969659464268018,0.0,0.4596049053836416,5.219701569101238,0.0880519507292022,15,827.1210954562363,,3
NEAR,-1,SQUEEZE_V2,2023-10-17 13:00:00+00:00,2023-10-18 04:00:00+00:00,1.0189961273908614,1.0176092259783367,414.2900079853423,422.15991375379286,1.0171006756405165,0.7189824314750626,SL,0.5745793972697539,0.421872624055158,0.0,0.36378673009149237,6.214633823833432,0.058537114237745116,15,827.4848821863278,,3
LINK,1,SQUEEZE_V2,2023-10-18 12:00:00+00:00,2023-10-18 21:00:00+00:00,7.440487929725647,7.323593962573279,54.80983901017483,407.8119455854117,7.327257591368963,9.705094696859327,SL,-6.40693952088196,0.4046084758249707,0.0,-6.6076420239142255,6.206136616397458,-1.0646949031795296,9,820.673334189621,,3
LINK,-1,SQUEEZE_V2,2023-10-19 02:00:00+00:00,2023-10-19 13:00:00+00:00,7.277544005489349,7.389634126156957,56.7823969663596,413.2363926598469,7.385941155579168,5.109601003692968,SL,-6.364745727755249,0.41641876552372453,0.0,-6.57454629694905,6.155050006422157,-1.0681548143539357,11,813.4821656581731,,3
BTC,1,SQUEEZE_V2,2023-10-19 11:00:00+00:00,2023-10-20 12:00:00+00:00,28487.6964,29582.170127189518,0.01727699125849911,492.18168167757653,29596.968611495264,33608.3241700947,SL,18.90921301731023,0.5016362881862316,0.0,18.653667569962785,4.423452061097717,4.216993269580889,25,832.1358332281359,,3
SOL,1,SQUEEZE_V2,2023-10-19 10:00:00+00:00,2023-10-20 16:00:00+00:00,23.952789554214476,26.617076332205738,13.686355566986142,327.8263946601708,26.63039152796972,32.94495746894118,SL,36.46437617600827,0.34605858274817497,0.0,36.282230790590184,6.153500369949683,5.89619380991227,30,868.4180640187261,,3
SOL,1,SQUEEZE_V2,2023-10-21 07:00:00+00:00,2023-10-21 15:00:00+00:00,28.020602389526367,28.612202197494046,7.314146065158826,204.94677871073426,28.626515455221654,45.830297252378465,SL,4.327047407595516,0.20711030241453204,0.0,4.222410494536351,6.513135480140446,0.6482915191018415,8,871.772844917838,,3
LINK,1,SQUEEZE_V2,2023-10-21 07:00:00+00:00,2023-10-21 16:00:00+00:00,7.787556974887848,8.823741032726195,52.58500852923723,409.5087499463984,8.828155110281335,10.264448055393963,SL,54.487747519289115,0.43675262370604295,0.0,54.25574927055627,6.51236692972028,8.331187394087248,9,925.9219775495455,,3
AVAX,1,SQUEEZE_V2,2023-10-21 07:00:00+00:00,2023-10-21 20:00:00+00:00,9.408880987930297,9.587528158041415,46.950076529451394,441.7476824398277,9.592324320201515,12.182393515784751,SL,8.387498308486904,0.4459414315940712,0.0,8.162430718112747,6.510831271907981,1.2536695204083776,13,934.0844082676583,,3
BTC,1,SQUEEZE_V2,2023-10-21 10:00:00+00:00,2023-10-21 23:00:00+00:00,29846.06802,29881.233481731524,0.0053046184240399166,158.32200230404055,29896.18157251778,36098.43656964435,SL,0.18653935619091966,0.158415271982136,0.0,0.10728508536080393,1.6583214701165654,0.06469498664409304,13,934.1916933530191,,3
DOGE,1,SQUEEZE_V2,2023-10-21 08:00:00+00:00,2023-10-22 07:00:00+00:00,0.06044208746775984,0.06095049435636341,8615.4201362696,520.7339774479066,0.060980984848787806,0.0712223716330942,SL,4.380138945493361,0.5229240469206533,0.0,4.1175818872966605,4.643833863636462,0.8866772602567424,23,938.3092752403157,,3
ETH,1,SQUEEZE_V2,2023-10-21 15:00:00+00:00,2023-10-22 07:00:00+00:00,1622.3544353027344,1628.7487444920262,0.13143445911541096,213.2332776975029,1629.5635262551536,1931.0839101996628,SL,0.8404325697112682,0.21365349398235856,0.0,0.7333957145776612,2.0288845773031228,0.3614772978128313,16,939.0426709548934,,3
ETH,1,SQUEEZE_V2,2023-10-22 23:00:00+00:00,2023-10-23 07:00:00+00:00,1667.2334044189454,1672.4561421624999,0.33022702772690254,550.5655316682733,1673.292788556778,2093.777535627136,SL,1.7246891616511089,0.5514278762490988,0.0,1.4485440512361467,7.0428200321617,0.20567670970168683,8,939.8340321891752,,3
BTC,1,SQUEEZE_V2,2023-10-23 02:00:00+00:00,2023-10-23 09:00:00+00:00,30352.5693,30392.525260697486,0.01855725712529501,563.2604329134356,30407.729125260114,37917.98679479775,SL,0.7414730363514512,0.5636311694316114,0.0,0.4594720833765577,7.0196698855583355,0.06545494173762159,7,940.2935042725518,,3
SOL,1,SQUEEZE_V2,2023-10-23 04:00:00+00:00,2023-10-23 09:00:00+00:00,30.660130128479004,29.5692133037485,6.540731186933716,200.53966932678864,29.5840053064017,52.182626570025086,SL,-7.1353936978655,0.19697197247785592,0.0,-7.232095835679962,7.038643184794519,-1.0274843667744595,5,933.0614084368718,,3
XRP,1,SQUEEZE_V2,2023-10-23 09:00:00+00:00,2023-10-23 23:00:00+00:00,0.5310061815261841,0.5416044689989955,801.1770706961247,425.42997703668277,0.5418754067023467,0.7056981645904562,SL,8.491104911862504,0.429675529492614,0.0,8.274144370888232,6.997960563276537,1.182365104243195,14,941.1228378192418,,3
APT,1,SQUEEZE_V2,2023-10-23 23:00:00+00:00,2023-10-24 05:00:00+00:00,6.271654127311707,6.188976927271361,25.601507522994535,160.56380032199039,6.192072963753238,11.784194943799694,SL,-2.11666095881303,0.15950546984258385,0.0,-2.1958845284946187,7.056467759206574,-0.311187495419312,6,938.5862014655543,,3
AVAX,1,SQUEEZE_V2,2023-10-23 23:00:00+00:00,2023-10-24 06:00:00+00:00,10.637127228927612,10.322451725810575,22.805022846251017,242.57992947417299,10.327615533577363,16.827361135932605,SL,-7.176182037739566,0.2389918384553032,0.0,-7.293883911457782,7.058421283644313,-1.0333591065694931,7,931.2923175540965,,3
NEAR,1,SQUEEZE_V2,2023-10-23 23:00:00+00:00,2023-10-24 06:00:00+00:00,1.1067213295698166,1.0955922063774033,251.5176252162146,278.3599205895319,1.0961402765156611,1.6679155284130887,SL,-2.799170636094497,0.27696033527148467,0.0,-2.9369510110712156,7.057511608908785,-0.4161454027739559,7,928.3553665430253,,3
LINK,1,SQUEEZE_V2,2023-10-25 01:00:00+00:00,2023-10-25 07:00:00+00:00,10.985196401596069,10.91647748018092,11.357207078627711,124.76115033232253,10.921938449405621,23.246424361725836,SL,-0.7804550207317931,0.12437092282195664,0.0,-0.8424453683875884,6.962665249072689,-0.12099466773873527,6,927.3821850383847,,3
SUI,1,SQUEEZE_V2,2023-10-25 15:00:00+00:00,2023-10-25 16:00:00+00:00,0.44538905999999995,0.42648011844349676,371.97159903237934,165.67208083972832,0.42669346517608475,0.8193009564783036,SL,-7.0335892267823,0.16215528622633718,0.0,-7.112908472588773,6.95423030151321,-1.0228175030443032,1,920.0349623554193,,3
SUI,1,SQUEEZE_V2,2023-10-25 16:00:00+00:00,2023-10-25 17:00:00+00:00,0.44928984,0.42428775,375.48661550612957,168.70232140289048,0.4309153590920788,0.8167794581584247,SL_GAP,-9.387950154679638,0.16400834632555067,0.0,-9.467607340303744,6.89937164779733,-1.3722419697924724,1,910.3642612053055,,3
DOGE,1,SQUEEZE_V2,2023-10-25 16:00:00+00:00,2023-10-26 06:00:00+00:00,0.06780355963110923,0.0702647798763453,3502.549121453802,237.4852982173821,0.07029992984126593,0.10720493262199862,SL,8.6205448076559,0.24179557062121007,0.0,8.497491886143381,6.900262217665645,1.2314737640532851,14,918.7469608139421,,3
APT,1,SQUEEZE_V2,2023-10-25 02:00:00+00:00,2023-10-26 10:00:00+00:00,6.521603971481323,6.60617367092707,20.96280650765891,136.71112217374287,6.609478410132136,13.16403268656321,SL,1.7728182458920771,0.13759753129668892,0.0,1.7035762756822597,6.9621973947589435,0.24468945349993823,32,920.3317593935284,,3
AVAX,1,SQUEEZE_V2,2023-10-26 03:00:00+00:00,2023-10-26 11:00:00+00:00,10.712142038154601,11.046900231257462,21.432179875493862,229.58455501356886,11.052426444479702,17.08361894690041,SL,7.174597809375819,0.23317185391825676,0.0,7.056218232964347,6.827731959039792,1.033464446948894,8,927.3879776264928,,3
NEAR,1,SQUEEZE_V2,2023-10-26 08:00:00+00:00,2023-10-26 14:00:00+00:00,1.1786357196807862,1.1744246610481506,201.55115632882612,237.55539219212062,1.1750121671317164,1.8623928691424048,SL,-0.8487437367761906,0.23713102032373254,0.0,-0.9670970610038628,6.890602206104566,-0.1403501511300545,6,926.4208805654889,,3
BTC,1,SQUEEZE_V2,2023-10-25 14:00:00+00:00,2023-10-27 17:00:00+00:00,34491.897,33683.17123225325,0.008783406140677177,302.9563399134047,33700.02124287468,50329.41214250635,SL,-7.103366874550665,0.29940465647612935,0.0,-7.2512933610700925,6.955366387787884,-1.0425465686181237,51,918.9550004675642,,3
NEAR,1,SQUEEZE_V2,2023-10-27 12:00:00+00:00,2023-10-27 17:00:00+00:00,1.2034406226396561,1.2129722425651377,195.6073526758783,235.40183429715378,1.2135790320811781,1.913859378293928,SL,1.8644549403361026,0.23633406176732186,0.0,1.7458217957173576,6.948156604241166,0.2512640251446988,5,920.7008222632816,,3
APT,1,SQUEEZE_V2,2023-10-27 16:00:00+00:00,2023-10-27 17:00:00+00:00,6.687837372493743,6.444835025487283,28.973736743199662,193.77163941196585,6.44805905501479,11.483403722072808,SL,-7.040686030144842,0.19025129639689342,0.0,-7.134051506835752,6.947273847362553,-1.0268850290886558,1,913.5667707564459,,3
BTC,1,SQUEEZE_V2,2023-10-29 13:00:00+00:00,2023-10-29 21:00:00+00:00,34436.886,34415.298172099574,0.01591012656047441,547.8952146086293,34432.51442931423,39522.59741371542,SL,-0.34346507406149596,0.5477234820715986,0.0,-0.6172409488287799,4.045715612113119,-0.15256656868829901,8,912.03664506421,,3
XRP,1,SQUEEZE_V2,2023-10-29 09:00:00+00:00,2023-10-30 02:00:00+00:00,0.5489897570371628,0.5532577898260438,998.3057524719517,548.0596324983787,0.5535345571045961,0.6502987846992693,SL,4.260801684878802,0.5501900333408182,0.0,3.9846414677871738,5.0568692546210485,0.7879660847758609,17,916.0212865319971,,3
ETH,1,SQUEEZE_V2,2023-10-29 13:00:00+00:00,2023-10-30 02:00:00+00:00,1799.9398720458985,1782.4395480214944,0.2565167843930385,461.714788078031,1783.3312136283084,2132.1130403977013,SL,-4.48912684457638,0.45947022465574283,0.0,-4.7177396751931076,4.2603996503625705,-1.1073467426445818,13,911.303546856804,,3
AVAX,1,SQUEEZE_V2,2023-10-28 06:00:00+00:00,2023-10-30 06:00:00+00:00,10.963192642593384,11.093267141350962,24.454541698694133,268.09985162911664,11.098816549625774,16.566855851738083,SL,3.1809122538039274,0.2696903077560186,0.0,3.045271871862467,6.851750780673344,0.44445164007602717,48,914.3488187286665,,3
ETH,1,SQUEEZE_V2,2023-10-30 09:00:00+00:00,2023-10-30 17:00:00+00:00,1819.2337691162109,1794.6713564364275,0.2897833893183295,527.1837275768548,1795.5691410069307,2292.5263313018113,SL,-7.117779196183143,0.5236248379787632,0.0,-7.377812170373479,6.857616140464999,-1.0758566853631453,8,906.3329457259543,,3
AVAX,1,SQUEEZE_V2,2023-10-30 10:00:00+00:00,2023-10-30 17:00:00+00:00,11.472294267082214,11.330169478776961,24.90854750699787,285.75818676587664,11.335837397475698,16.97554753827138,SL,-3.5401220414234094,0.28398812574516497,0.0,-3.6812310737856357,6.85390227742283,-0.5371000234292563,7,902.6517146521687,,3
LINK,1,SQUEEZE_V2,2023-10-30 10:00:00+00:00,2023-10-31 07:00:00+00:00,11.41128219680786,11.417151597323942,18.46945796283707,210.76019683601382,11.42286302883836,18.83401505876137,SL,0.10840464609881802,0.21081439915906325,0.0,0.0029703453577616945,6.854692628160965,0.0004333302044148118,21,902.5272451635075,,3
NEAR,1,SQUEEZE_V2,2023-10-30 20:00:00+00:00,2023-10-31 07:00:00+00:00,1.2987596418142318,1.292856695128392,196.2485280816701,254.87966803792006,1.2935034468518178,1.9886896938831018,SL,-1.1584445984406322,0.25430044573869975,0.0,-1.285305210160372,6.7698878598912655,-0.1898562039373302,11,901.2419399533471,,3
SOL,1,SQUEEZE_V2,2023-10-30 09:00:00+00:00,2023-10-31 13:00:00+00:00,33.84276573486328,35.83291569220908,7.458597074373333,252.41955349875334,35.85084111276546,52.22595263482755,SL,14.843726649423596,0.2598414168234652,0.0,14.710095009349507,6.855639201486586,2.1456927030465303,28,915.771955977457,,3
DOGE,1,SQUEEZE_V2,2023-10-31 12:00:00+00:00,2023-10-31 13:00:00+00:00,0.07024404572099448,0.06889126800711433,5127.238426866498,360.1579704792501,0.0689257308725506,0.09661034268987179,SL,-6.936013877614912,0.3566899635404427,0.0,-7.11262485591573,6.759314549650103,-1.0522701382914508,1,908.6593311215412,,3
BTC,1,SQUEEZE_V2,2023-10-31 21:00:00+00:00,2023-11-01 14:00:00+00:00,34645.12764,34232.73295299933,0.015736573533170123,545.1955986729247,34249.8578819403,42550.522801193976,SL,-6.48967931667471,0.5419507590145873,0.0,-6.759032276352835,6.220191613144856,-1.0866276630561142,17,901.5201478546044,,3
SOL,1,SQUEEZE_V2,2023-10-31 21:00:00+00:00,2023-11-01 19:00:00+00:00,37.16342942962646,43.34127046498461,5.788119820921091,215.10638249502313,43.362951940955085,60.70440892107157,SL,35.75808414725618,0.2329854245686512,0.0,35.632651913935035,6.812900499916535,5.230173538329463,22,937.1527997685394,,3
SUI,1,SQUEEZE_V2,2023-11-03 22:00:00+00:00,2023-11-05 06:00:00+00:00,0.45039006,0.5020353687556646,552.5034207002624,248.8420487993964,0.5022865120116704,0.7046598197665932,SL,28.534209750625894,0.2631091536747094,0.0,28.395521621350884,7.024245602583837,4.042501248946324,32,964.7574987583505,,3
ETH,1,SQUEEZE_V2,2023-11-03 17:00:00+00:00,2023-11-05 13:00:00+00:00,1816.1831102783203,1865.795207242394,0.2876532534630675,522.430980556232,1866.728571528158,2304.8123633089103,SL,14.271081102840995,0.5295665211076526,0.0,14.002730072011458,7.027789718573883,1.992479945010786,44,978.7602288303619,,3
DOGE,1,SQUEEZE_V2,2023-11-03 22:00:00+00:00,2023-11-05 13:00:00+00:00,0.06796359284967184,0.07032508344815874,6219.015197218888,422.6666167897061,0.0703602635799487,0.0905582654130664,SL,14.6861459200796,0.4300096897497459,0.0,14.467469538724707,7.025830602396797,2.0591828009330686,39,993.2276983690866,,3
SOL,1,SQUEEZE_V2,2023-11-04 02:00:00+00:00,2023-11-05 13:00:00+00:00,40.30205751800537,40.86841324446417,3.9542488904760895,159.36436622447627,40.88885767330082,75.8249223625358,SL,2.2395115029644983,0.16048412197595852,0.0,2.158709564100778,7.023312444900839,0.3073634529342453,35,995.3864079331875,,3
AVAX,1,SQUEEZE_V2,2023-11-03 15:00:00+00:00,2023-11-05 15:00:00+00:00,12.004400255012511,12.189390503761727,19.021462618630466,228.34125070979852,12.195488247885669,19.394626904965158,SL,3.518785101394361,0.23010064326049567,0.0,3.402855083488765,7.028645998264045,0.48414091196643166,48,998.7892630166763,,3
SUI,1,SQUEEZE_V2,2023-11-06 12:00:00+00:00,2023-11-06 16:00:00+00:00,0.5122024199999999,0.5146720511224266,394.8215937592011,202.2285757917197,0.5149295158803668,0.8916121023926638,SL,0.9750636957538374,0.2027161076395966,0.0,0.8734618760101007,7.4899567744971955,0.11661774591065469,4,999.433250854407,,3
APT,1,SQUEEZE_V2,2023-11-06 11:00:00+00:00,2023-11-07 02:00:00+00:00,7.069913741970062,7.353825307103057,36.31154638323166,256.7195007669928,7.357504059132623,11.195829721182847,SL,10.309267966062656,0.26187413475002413,0.0,10.175753581696128,7.490919472625071,1.3584118236596394,15,1009.4823653934944,,3
SOL,1,SQUEEZE_V2,2023-11-07 00:00:00+00:00,2023-11-07 02:00:00+00:00,42.17543321685791,40.90679023333394,6.005346380558029,253.27808521732453,40.927253860264074,67.1390203487346,SL,-7.618640549326,0.24946876494266151,0.0,-7.741470271659999,7.495749381408051,-1.0327813641770651,2,1001.7408951218345,,3
DOGE,1,SQUEEZE_V2,2023-11-08 10:00:00+00:00,2023-11-09 15:00:00+00:00,0.07469493654370307,0.07560426790562662,4373.376018706285,326.66904419901874,0.07564208895010166,0.10905309226266288,SL,3.976847971293962,0.32865746818466574,0.0,3.8115250252088058,7.513056713413758,0.5073201455279495,29,1004.5514644512334,,3
APT,1,SQUEEZE_V2,2023-11-08 18:00:00+00:00,2023-11-09 15:00:00+00:00,7.3918780128479,7.445187526249696,37.94080608472969,280.4538102874392,7.448911982240816,11.351641908070654,SL,2.0226059104488496,0.28146511324266366,0.0,1.8813677023499056,7.511831704498012,0.2504539207425748,21,1006.4328321535834,,3
BTC,1,SQUEEZE_V2,2023-11-08 19:00:00+00:00,2023-11-09 15:00:00+00:00,35603.31924,37493.70548043819,0.01687658378608957,600.8624002167547,37512.461711293836,43400.08501412331,SL,31.90326177482605,0.6168140311041678,0.0,31.586878943830257,6.579138542375404,4.80106608796625,20,1038.0197110974136,,3
AVAX,1,SQUEEZE_V2,2023-11-08 19:00:00+00:00,2023-11-09 15:00:00+00:00,13.04560882129669,13.5839241008234,27.780487224509983,362.41336919598746,13.590719460553677,18.45122083092628,SL,14.95466074565029,0.3698906995688126,0.0,14.765976730679471,7.508526768708622,1.9665611091933344,20,1052.7856878280932,,3
ETH,1,SQUEEZE_V2,2023-11-09 03:00:00+00:00,2023-11-09 16:00:00+00:00,1918.2936161865234,2009.5240942394105,0.2249461521841461,431.5127677205696,2010.5293589188698,2465.3065354653772,SL,20.521944999917135,0.4417737402205282,0.0,20.29592764355689,6.152422569339762,3.2988513735549407,13,1072.6360598991894,,3
DOGE,1,SQUEEZE_V2,2023-11-09 15:00:00+00:00,2023-11-09 16:00:00+00:00,0.07737546873539686,0.07556301167325633,4449.250863014141,344.26287104708814,0.07560081207929596,0.11286860185741487,SL,-8.064076147904839,0.3402308329731357,0.0,-8.23217554535443,7.895892658710698,-1.0425895970448316,1,1064.4038843538349,,3
NEAR,1,SQUEEZE_V2,2023-11-09 15:00:00+00:00,2023-11-09 16:00:00+00:00,1.555310947537422,1.506605106626068,164.6349491445572,256.05853875179656,1.5073587860190774,2.514354177904318,SL,-8.018683641483676,0.2520491969310547,0.0,-8.142703569038833,7.894601672944272,-1.0314267782432691,1,1056.2611807847961,,3
APT,1,SQUEEZE_V2,2023-11-09 15:00:00+00:00,2023-11-09 16:00:00+00:00,7.649329528713226,7.393001555442811,38.01506184704089,290.7897351224294,7.441684425170184,11.802231599574068,SL_GAP,-9.744323757001474,0.2859175732439287,0.0,-9.88484646268419,7.893641453423951,-1.2522543012637761,1,1046.376334322112,,3
APT,-1,SQUEEZE_V2,2023-11-09 17:00:00+00:00,2023-11-10 00:00:00+00:00,7.002399155330658,7.41215454710232,19.32576392413929,135.3267129785127,7.408450321941349,-1.118624176883169,SL,-7.918835968022345,0.13928613096252385,0.0,-7.990458742495612,7.847248987039569,-1.0182496765035196,7,1038.2417428396243,,3
XRP,-1,SQUEEZE_V2,2023-11-10 15:00:00+00:00,2023-11-10 19:00:00+00:00,0.6424714799046517,0.6640341264486473,366.769728701346,235.63909038298138,0.6637022753109919,0.2178555717778482,SL,-7.908526023024299,0.23959335339449356,0.0,-8.030299831227302,7.786813071297182,-1.031269115837342,4,1030.0936234632056,,3
DOGE,-1,SQUEEZE_V2,2023-11-09 17:00:00+00:00,2023-11-10 21:00:00+00:00,0.07136572083681822,0.07506525919945305,2143.0284065295937,152.93876700576237,0.07502774532678966,-0.0018747689626106567,SL,-7.928215802172415,0.15690287490684857,0.0,-8.008649293576383,7.847822507415839,-1.020493173234814,28,1021.9944680093572,,3
NEAR,1,SQUEEZE_V2,2023-11-10 19:00:00+00:00,2023-11-11 01:00:00+00:00,1.5153029856920242,1.5095709467519232,119.45618945734189,181.01232054410227,1.5103261098068266,2.808781743229808,SL,-0.6847275296055653,0.18066995677929948,0.0,-0.7748913261128136,7.725702175974042,-0.10030043981278852,6,1021.0054398760308,,3
SUI,1,SQUEEZE_V2,2023-11-10 21:00:00+00:00,2023-11-11 02:00:00+00:00,0.59651928,0.5859190030002636,264.4193233843044,157.7312244032924,0.5862121090547909,1.1762770989041806,SL,-2.8029180719565097,0.15632976536731416,0.0,-2.880382225122178,7.664958510070178,-0.37578575557035937,5,1018.1250576509086,,3
DOGE,1,SQUEEZE_V2,2023-11-10 22:00:00+00:00,2023-11-11 17:00:00+00:00,0.07514502671062946,0.07907161161806776,3600.270062660682,270.54239002411657,0.0791111672016686,0.11772164948939144,SL,14.136766090745384,0.2776107730694892,0.0,13.994426512687953,7.664367017978666,1.8259076685472615,19,1031.8704575209467,,3
SOL,1,SQUEEZE_V2,2023-11-11 14:00:00+00:00,2023-11-11 23:00:00+00:00,59.701936626434325,56.167525422012766,2.1777682360200328,130.01698121392965,56.195623233629576,129.82820448252926,SL,-7.697128454022579,0.12616841698691839,0.0,-7.758288380402532,7.635937932381815,-1.0160229757109294,9,1024.1121691405442,,3
LINK,1,SQUEEZE_V2,2023-11-11 15:00:00+00:00,2023-11-12 00:00:00+00:00,15.779155222892761,15.801427246717232,11.574687490476311,182.63879056870078,15.809331912673567,28.972514222839383,SL,0.2577917155486887,0.18276768642647512,0.0,0.16634342440656394,7.635450368702263,0.02178567293010065,9,1024.2785125649507,,3
AVAX,1,SQUEEZE_V2,2023-11-11 15:00:00+00:00,2023-11-12 00:00:00+00:00,15.10402003211975,16.223892732173155,12.27471316397765,185.39751351724243,16.232008736541424,27.54384713234596,SL,13.746116173324719,0.1922705716039048,0.0,13.646544358479435,7.634765473237629,1.7874215529363768,9,1037.92505692343,,3
SUI,1,SQUEEZE_V2,2023-11-12 10:00:00+00:00,2023-11-12 13:00:00+00:00,0.6163232399999999,0.6028744872340375,284.8945751506777,175.58714761528915,0.6031760752716733,1.1628017345665322,SL,-3.8314767055653793,0.17367140926250646,0.0,-3.917354541020241,7.784437926925726,-0.5032289521470055,3,1033.9199088086023,,3
XRP,-1,SQUEEZE_V2,2023-11-13 04:00:00+00:00,2023-11-13 20:00:00+00:00,0.6537692472696305,0.6597551423342708,624.075688214125,408.00149292302507,0.659425429619461,0.40526095051944866,SL,-3.735651582042937,0.4098693187140465,0.0,-3.9415201542954708,7.754399316064517,-0.5082947103497704,16,1029.5292414459404,,3
ETH,1,SQUEEZE_V2,2023-11-13 15:00:00+00:00,2023-11-13 21:00:00+00:00,2076.4252117675783,2066.342323025656,0.23612356516910168,490.2929238095675,2067.3760110311714,2733.104209894155,SL,-2.380807636946136,0.48910251999109444,0.0,-2.624763695032447,7.752869310466055,-0.3385538424450318,6,1026.904477750908,,3
XRP,1,SQUEEZE_V2,2023-11-13 21:00:00+00:00,2023-11-13 22:00:00+00:00,0.7125424991726875,0.654272724211216,335.5910459849659,239.1228826061039,0.6895925913152626,1.1715406563211848,SL_GAP,-19.554814728628816,0.2293454752417895,0.0,-19.664598762567554,7.701783583131809,-2.5532525745901644,1,1007.1203175470374,,3
SOL,1,SQUEEZE_V2,2023-11-14 15:00:00+00:00,2023-11-14 17:00:00+00:00,57.3414678314209,53.9168921628829,2.222978161002786,127.46883070909244,53.94386409493036,125.29354256123169,SL,-7.612756921861484,0.12366245224816172,0.0,-7.6726849587551,7.552798905959931,-1.0158730629913324,2,999.2346178010205,,3
AVAX,1,SQUEEZE_V2,2023-11-14 15:00:00+00:00,2023-11-14 18:00:00+00:00,18.01060136947632,17.013802912211265,7.641827327016999,137.63390572127392,17.022314069245887,37.77634737408497,SL,-7.6173616902564785,0.13382522487614568,0.0,-7.682369962271987,7.552320897844771,-1.0172197482318752,3,991.5522478387485,,3
NEAR,-1,SQUEEZE_V2,2023-11-14 19:00:00+00:00,2023-11-15 00:00:00+00:00,1.4807037466049195,1.5598037903712436,94.92843707892739,140.56089244211714,1.5590242782321277,-0.08570688593924669,SL,-7.508843527611897,0.14431531420592308,0.0,-7.582878395596762,7.434845658561576,-1.019910667125244,5,983.6595956330591,,3
DOGE,-1,SQUEEZE_V2,2023-11-14 19:00:00+00:00,2023-11-15 06:00:00+00:00,0.07055588551610709,0.07340333492819524,2645.3804255295186,186.64715845021135,0.07336665160239406,0.014340563790367591,SL,-7.532586937423547,0.19041345191892312,0.0,-7.629676810117364,7.435545585405764,-1.0261085380328558,11,976.0299188229417,,3
APT,-1,SQUEEZE_V2,2023-11-13 22:00:00+00:00,2023-11-15 08:00:00+00:00,7.345030619907379,7.288995355864995,21.909621133107095,160.92683809324143,7.285352679525233,0.4499753967122855,SL,1.2277114052622529,0.16031298239061031,0.0,1.1478618419182633,7.55340238160278,0.15196619800290515,34,977.1084223111781,,3
ETH,-1,SQUEEZE_V2,2023-11-14 19:00:00+00:00,2023-11-15 12:00:00+00:00,1964.9468978271484,2015.9394081972089,0.14877733826614722,292.3395692930463,2014.931942226096,965.246009848196,SL,-7.586529964366507,0.2961328342752295,0.0,-7.736493013995213,7.436641858790614,-1.0403207739324107,17,969.3719292971829,,3
APT,1,SQUEEZE_V2,2023-11-15 12:00:00+00:00,2023-11-16 07:00:00+00:00,7.615622799396514,7.908208962253053,28.972776765994578,220.6457393009339,7.912165044775441,12.634326756182617,SL,8.477033581261438,0.22488425609156465,0.0,8.36247219482034,7.270289469728871,1.1502254799673333,19,977.456949946027,,3
DOGE,1,SQUEEZE_V2,2023-11-15 19:00:00+00:00,2023-11-16 08:00:00+00:00,0.07511501722186803,0.0777474982765295,4449.940438200617,334.2573526517263,0.07778639147226564,0.10778719407080581,SL,11.71438389793511,0.3401145446006939,0.0,11.541398029660279,7.269462048206493,1.587655035974464,13,988.8863207102546,,3
APT,1,SQUEEZE_V2,2023-11-16 07:00:00+00:00,2023-11-16 08:00:00+00:00,8.161332333755492,7.890351385406675,27.45318064533958,224.05453086524037,7.894298534674012,13.502008315385112,SL,-7.439288926465508,0.2203348864020076,0.0,-7.547596547434896,7.330927124595202,-1.0295555281286006,1,981.3387241628197,,3
AVAX,1,SQUEEZE_V2,2023-11-15 07:00:00+00:00,2023-11-16 13:00:00+00:00,18.305660445785524,22.48973988800932,7.577804022667013,138.71670736364996,22.50099038320092,37.62583386086868,SL,31.706134028441845,0.1545697743778709,0.0,31.6209226077458,7.320224391172062,4.319665753126303,30,1012.9596467705655,,3
XRP,-1,SQUEEZE_V2,2023-11-16 14:00:00+00:00,2023-11-17 17:00:00+00:00,0.6291741382837296,0.6053087973703617,499.6087366543304,314.34089636351115,0.6050062942232501,0.3250482576334243,SL,11.923332823552638,0.30837922995173483,0.0,11.772124041782659,7.597197350779242,1.5495351112045546,27,1024.2560134129387,,3
LINK,-1,SQUEEZE_V2,2023-11-17 11:00:00+00:00,2023-11-17 17:00:00+00:00,13.40631859664917,13.487621407256444,14.387297311253393,192.88069149937695,13.480880966773059,2.8487006344790053,SL,-1.169727708447386,0.19346555535360066,0.0,-1.2667529180512982,7.594779426018565,-0.1667925883023797,6,1022.9892604948874,,3
SOL,-1,SQUEEZE_V2,2023-11-17 16:00:00+00:00,2023-11-17 18:00:00+00:00,55.02899291534424,58.728768191201816,2.0689851859400723,113.85417113904842,58.69941848196084,-18.379518416987715,SL,-7.654780237056668,0.11768156125757676,0.0,-7.715534712744721,7.5940561234254425,-1.0159965356253495,2,1015.2737257821427,,3
ETH,-1,SQUEEZE_V2,2023-11-16 16:00:00+00:00,2023-11-17 22:00:00+00:00,1994.7009555908203,1963.0645191595356,0.16565843561194465,330.4390398168264,1962.0834774208254,1077.6310165493114,SL,5.240842567543351,0.3278186185330547,0.0,5.078243468918709,7.596018572417879,0.6685401596249994,30,1020.3519692510614,,3
SUI,-1,SQUEEZE_V2,2023-11-18 07:00:00+00:00,2023-11-18 15:00:00+00:00,0.5223955,0.5431066514442509,374.4001675377936,195.58496272098947,0.5428352338273372,0.11360082345325517,SL,-7.7542585706281315,0.19946209200630355,0.0,-7.85592818127394,7.652639769382961,-1.0265644820633404,8,1012.398248588427,,3
NEAR,1,SQUEEZE_V2,2023-11-19 18:00:00+00:00,2023-11-19 21:00:00+00:00,1.8803759952306747,1.970298911022386,123.00528265685332,231.29618079451103,1.9712845532990355,3.114684776662072,SL,11.060993674287882,0.23682667763165496,0.0,10.939815087053482,7.591325027290272,1.4410942816603989,3,1022.3936917741888,,3
BTC,1,SQUEEZE_V2,2023-11-19 19:00:00+00:00,2023-11-20 03:00:00+00:00,36852.76908,37082.64880192854,0.016477367331903716,607.2366133289834,37101.199401629354,42262.7810474128,SL,3.7878126203724465,0.6091305196391696,0.0,3.4823004073977684,4.4571377228528455,0.7812862477960136,8,1025.7820307486245,,3
AVAX,1,SQUEEZE_V2,2023-11-20 00:00:00+00:00,2023-11-20 11:00:00+00:00,22.85357073097229,21.91009941652204,8.22291046489824,187.92286592400416,21.921059946495287,41.50378642051237,SL,-7.7580801449242545,0.18404382585154205,0.0,-7.848162537813795,7.667952688306416,-1.0235016903250065,11,1017.759602385051,,3
ETH,1,SQUEEZE_V2,2023-11-19 20:00:00+00:00,2023-11-20 13:00:00+00:00,1984.0767897216797,2014.2667732949055,0.3059631791923439,607.0544423449847,2015.2744105001555,2418.588579718572,SL,9.237023353828818,0.6116729540218991,0.0,8.92887762097941,6.647230433200241,1.343247794808385,17,1026.6884800060304,,3
LINK,1,SQUEEZE_V2,2023-11-19 04:00:00+00:00,2023-11-20 14:00:00+00:00,14.109821751022338,14.878592343363888,16.76287822888493,236.52122384365939,14.88603536104441,23.169109494733757,SL,12.88680782536914,0.24296462775634398,0.0,12.762103809534626,7.592986864413202,1.6807751728569467,34,1039.450583815565,,3
SOL,1,SQUEEZE_V2,2023-11-19 07:00:00+00:00,2023-11-20 14:00:00+00:00,60.32206337356567,58.076685228959334,3.4255350482860107,206.63534227107908,58.10573809800834,104.64856888471235,SL,-7.691621531004413,0.20278953150557688,0.0,-7.791093391374451,7.592099909823788,-1.026210598373867,31,1031.6594904241906,,3
DOGE,1,SQUEEZE_V2,2023-11-20 07:00:00+00:00,2023-11-20 14:00:00+00:00,0.08109621312171221,0.07926647074182312,4297.754951839544,348.5316515192737,0.07930612380372498,0.11689799948145672,SL,-7.863784373759,0.3445997593323942,0.0,-8.034118307331758,7.693365230614684,-1.0442918107359696,7,1023.6253721168589,,3
ETH,-1,SQUEEZE_V2,2023-11-21 15:00:00+00:00,2023-11-21 16:00:00+00:00,1989.3120189453125,2020.7934809232092,0.25191564039017095,501.1388111884723,2019.783589128645,1379.880615278664,SL,-7.930672654580675,0.5051041475157626,0.0,-8.185207396502202,7.676265116428236,-1.0663007689748445,1,1014.8566213503243,,3
DOGE,-1,SQUEEZE_V2,2023-11-20 22:00:00+00:00,2023-11-22 02:00:00+00:00,0.07809437998086215,0.0740271291489073,3159.166975248342,246.71318618803497,0.07399013408186637,0.029491755611677432,SL,12.849124508363097,0.24028862393385342,0.0,12.732192477523261,7.677190290876442,1.6584442999484037,28,1027.3869540265503,,3
XRP,-1,SQUEEZE_V2,2023-11-21 15:00:00+00:00,2023-11-22 02:00:00+00:00,0.6049789560675621,0.5897693169981919,692.9740918815099,419.23474268834275,0.5894745797083377,0.3834876785206818,SL,10.539885821942368,0.4139647997773716,0.0,10.335538393509168,7.674385845886279,1.3467577212122261,11,1037.7224924200593,,3
LINK,-1,SQUEEZE_V2,2023-11-21 23:00:00+00:00,2023-11-22 04:00:00+00:00,13.411316757583618,14.075786261680623,11.57662905047042,155.25783918090326,14.068751885737754,0.26261419450089285,SL,-7.692316964281057,0.1591039976630438,0.0,-7.773792042353649,7.6108826033889105,-1.0214048024984907,5,1029.9487003777056,,3
AVAX,-1,SQUEEZE_V2,2023-11-21 23:00:00+00:00,2023-11-22 18:00:00+00:00,19.19416035423279,20.610183396200757,5.413797628557652,103.91329980790077,20.59988345447352,-8.920301650581838,SL,-7.666062186589176,0.10774633090119537,0.0,-7.721851867586421,7.610300386491982,-1.014657960320783,19,1022.2268485101191,,3
DOGE,-1,SQUEEZE_V2,2023-11-23 16:00:00+00:00,2023-11-23 21:00:00+00:00,0.0750349863767624,0.07627377433668939,6384.8397425644225,479.0863631011326,0.07623565650843517,0.051021583743306904,SL,-7.9094625991521506,0.48304109440070864,0.0,-8.152960512002293,7.666086374414365,-1.0635101293944293,5,1013.4739486024735,,3
APT,-1,SQUEEZE_V2,2023-11-23 16:00:00+00:00,2023-11-24 02:00:00+00:00,7.1669661308288575,7.341799125862811,44.77748203371088,320.91869715940356,7.338130060832395,3.7436875307581152,SL,-7.828581294032709,0.3248329878064199,0.0,-7.992954933259427,7.664289800552736,-1.0428826598758032,10,1005.4809936692141,,3
SOL,-1,SQUEEZE_V2,2023-11-23 20:00:00+00:00,2023-11-24 09:00:00+00:00,56.32873215255737,58.1878023729478,4.187499799921761,235.87655461868044,58.158723011442085,19.728914974863066,SL,-7.784856175925423,0.23976898270664315,0.0,-7.9066868813227265,7.663086355438387,-1.0317888269276072,13,997.1671631309515,,3
NEAR,-1,SQUEEZE_V2,2023-11-21 19:00:00+00:00,2023-11-24 15:00:00+00:00,1.7916416553020478,1.8869263309793318,80.67933851500798,144.54846360570315,1.885983339309677,-0.09519202485053468,SL,-7.687504604260347,0.14839221590783333,0.0,-7.763622588365329,7.611424660127432,-1.0199959843306585,68,989.1043903936469,,3
ETH,1,SQUEEZE_V2,2023-11-24 08:00:00+00:00,2023-11-24 16:00:00+00:00,2080.256055908203,2089.5174479707352,0.289976455483642,603.2252775906417,2090.5627293354028,2588.4008832626478,SL,2.685585643137422,0.6045680704122104,0.0,2.3826302115205324,7.367501795429454,0.3233973031399374,8,991.4870206051675,,3
BTC,1,SQUEEZE_V2,2023-11-24 10:00:00+00:00,2023-11-24 16:00:00+00:00,37650.82866,37851.37276632134,0.01589076042074477,598.3002978785709,37870.307920281484,44644.67025437032,SL,3.186798347344842,0.5998936970522433,0.0,2.886054799231884,5.556873059838915,0.5193666956494317,6,994.3730754043993,,3
NEAR,1,SQUEEZE_V2,2023-11-24 16:00:00+00:00,2023-11-24 22:00:00+00:00,1.8823763694763183,1.8268678393723863,136.60312018750338,257.1384854376898,1.827781730237505,2.974269154252584,SL,-7.582638409219069,0.2533471662330803,0.0,-7.707416332733304,7.457798065532994,-1.0334707731433421,6,986.5370898289472,,3
SUI,1,SQUEEZE_V2,2023-11-24 06:00:00+00:00,2023-11-25 07:00:00+00:00,0.60012,0.6555301788655244,351.6997205378009,211.06203628914506,0.6558581079194842,1.0289578416103176,SL,19.487744421954513,0.22080590850012233,0.0,19.372469531598963,7.541107452519105,2.5689157267116776,25,1005.4038549934087,,3
APT,1,SQUEEZE_V2,2023-11-25 02:00:00+00:00,2023-11-25 09:00:00+00:00,7.5823162164688105,7.387066874432315,38.61227011455624,292.77044184427376,7.3907622555600945,11.413395434643135,SL,-7.539020334402547,0.2890009316770725,0.0,-7.681636045157483,7.39633328012049,-1.0385735410008925,7,997.7222189482512,,3
NEAR,1,SQUEEZE_V2,2023-11-26 03:00:00+00:00,2023-11-26 09:00:00+00:00,1.9133825875997543,1.86761294910344,166.89764121051036,319.3390406036617,1.8685472227147972,2.810089885298897,SL,-7.63884470409265,0.31551961825161534,0.0,-7.794694802042434,7.482916642111885,-1.0416653258137267,6,989.5723287864705,,3
XRP,1,SQUEEZE_V2,2023-11-26 11:00:00+00:00,2023-11-26 13:00:00+00:00,0.6338267531633377,0.6273776931354627,936.759760153062,593.7433972718823,0.627691538904915,0.7565310383317918,SL,-6.041219924924923,0.5907227873094199,0.0,-6.335071013598402,5.747221837207668,-1.1022840588099423,2,982.9403860742361,,3
DOGE,1,SQUEEZE_V2,2023-11-24 23:00:00+00:00,2023-11-26 14:00:00+00:00,0.07845569109767675,0.07718818248195027,6020.877994011595,472.3721440349733,0.0772267958798902,0.10303359545340772,SL,-7.6315147316476875,0.46855638666914945,0.0,-7.86388504629935,7.399028173717103,-1.0628267471981678,39,975.0765010279367,,3
SOL,1,SQUEEZE_V2,2023-11-25 02:00:00+00:00,2023-11-26 14:00:00+00:00,58.83176369476318,57.036063373231656,4.1859385632758155,246.26614839543927,57.06459567106719,94.17512416868307,SL,-7.5166912239856,0.24250780278344647,0.0,-7.636065952571326,7.397256778176973,-1.0322834777209406,36,967.4404350753654,,3
LINK,1,SQUEEZE_V2,2023-11-26 06:00:00+00:00,2023-11-26 14:00:00+00:00,14.991998120498657,14.96468229309784,26.084026674090957,391.0516788730085,14.972168377286481,20.728627065247547,SL,-0.7125067705477971,0.3906954254877346,0.0,-0.9076763565990275,7.48171912070962,-0.12131922382471595,8,966.5327587187663,,3
AVAX,1,SQUEEZE_V2,2023-11-22 19:00:00+00:00,2023-11-26 16:00:00+00:00,20.86917277107239,20.59208529931516,7.858345810183948,163.99717640756165,20.60238649256144,40.381425219648264,SL,-2.1774491727378953,0.16290845182119268,0.0,-2.258359036355307,7.666701363825893,-0.2945672368316071,93,963.8104900578809,,3
SOL,-1,SQUEEZE_V2,2023-11-26 15:00:00+00:00,2023-11-26 20:00:00+00:00,56.95860722045899,58.17413940427603,6.1097700946332925,348.00399502752424,58.145066870840616,33.22941421282643,SL,-7.4266221857496895,0.3517173061203991,0.0,-7.604337494356327,7.248995690390747,-1.0490194530583898,5,955.7643724076285,,3
DOGE,-1,SQUEEZE_V2,2023-11-26 15:00:00+00:00,2023-11-26 20:00:00+00:00,0.07728453721106053,0.07737881754716937,7502.344905673727,579.8152540327516,0.07734014747343265,0.05888162145479445,SL,-0.7073235993113426,0.5801689158324073,0.0,-0.9975848881273741,6.903251063678234,-0.1445094317047531,5,954.7667875195011,,3
AVAX,-1,SQUEEZE_V2,2023-11-26 16:00:00+00:00,2023-11-26 20:00:00+00:00,20.687861035537722,21.171542093645574,15.27915843321504,316.093106406317,21.160961612839156,11.225849489509061,SL,-7.390239517974956,0.3197882261653045,0.0,-7.551981190937101,7.228578675434107,-1.0447394335766254,4,947.214806328564,,3
NEAR,-1,SQUEEZE_V2,2023-11-26 16:00:00+00:00,2023-11-26 20:00:00+00:00,1.819636052441597,1.8675289161183148,153.90673215906625,280.0542385501095,1.8665956183091603,0.8804447350903347,SL,-7.371034142223271,0.28373975562122117,0.0,-7.514746778569438,7.227393326285083,-1.0397589337277782,4,939.7000595499945,,3
APT,-1,SQUEEZE_V2,2023-11-26 17:00:00+00:00,2023-11-27 00:00:00+00:00,7.1563686375617985,7.33996734442744,40.16184483949569,287.4129668359901,7.336299194830025,3.5577574921972612,SL,-7.373662777869947,0.2910997982249251,0.0,-7.521056092676877,7.22634312289052,-1.040783140901905,7,932.1790034573177,,3
SUI,-1,SQUEEZE_V2,2023-11-27 07:00:00+00:00,2023-11-28 11:00:00+00:00,0.59698058,0.5884609033113934,297.9245826785443,177.85519016369534,0.5881668199014427,0.1276441819711463,SL,2.5382211220092246,0.1765860796026907,0.0,2.4505626374883813,6.991342525929882,0.3505138860525854,28,934.4223437176597,,3
AVAX,-1,SQUEEZE_V2,2023-11-28 06:00:00+00:00,2023-11-28 11:00:00+00:00,19.608077111816407,20.197544260103143,12.06592379149166,236.58956412886863,20.187450534835726,8.020608651429995,SL,-7.112465688815678,0.24014579697327648,0.0,-7.23431670372452,6.990675568966768,-1.0348523018060416,5,927.1880270139352,,3
SUI,1,SQUEEZE_V2,2023-11-28 15:00:00+00:00,2023-11-29 02:00:00+00:00,0.5971194,0.6058828401086487,349.1958839376823,208.51163669933848,0.6061859330751862,0.9954007384962763,SL,3.060157215074526,0.21004171530687574,0.0,2.9543713181173197,6.953910202604514,0.4248503693664021,11,929.9029570165975,,3
NEAR,1,SQUEEZE_V2,2023-11-28 18:00:00+00:00,2023-11-29 10:00:00+00:00,1.8223644267082213,1.8382147414277306,148.36274800374775,270.3709942107061,1.8391343085820215,2.759678998933757,SL,2.3515962485106465,0.27154679233496143,0.0,2.2152349532810383,6.953128283966891,0.31859543831358805,16,931.9535031392942,,3
LINK,1,SQUEEZE_V2,2023-11-29 07:00:00+00:00,2023-11-29 15:00:00+00:00,14.76195162448883,14.442156044715002,22.312609439963335,329.37766116885155,14.449380735082542,21.01336941261458,SL,-7.135473872120065,0.32580992423279154,0.0,-7.296594965768431,6.974272177624481,-1.0462159749339948,8,924.3726954103174,,3
DOGE,1,SQUEEZE_V2,2023-11-29 12:00:00+00:00,2023-11-29 16:00:00+00:00,0.08140627887994051,0.07975529279697516,4338.465159801785,353.1783047097298,0.07979519039217124,0.11362804863532588,SL,-7.162745600262791,0.3495969319095984,0.0,-7.3357533798175245,6.989651273544705,-1.0495163625090695,4,916.3973068796925,,3
SUI,-1,SQUEEZE_V2,2023-11-29 14:00:00+00:00,2023-11-29 23:00:00+00:00,0.59248148,0.6013363259431757,363.29780587728385,215.24722170692584,0.6010358080391561,0.20776531921687702,SL,-3.216946102537081,0.21685569475819438,0.0,-3.3261781864418127,6.988326854902045,-0.4759620228851525,9,913.0711286932507,,3
LINK,-1,SQUEEZE_V2,2023-11-30 09:00:00+00:00,2023-11-30 10:00:00+00:00,14.322134809303284,14.645023656980191,21.700521493623054,310.79779426385284,14.637704804577902,8.010734903810915,SL,-7.006856379063905,0.31430122245338477,0.0,-7.165758704385363,6.8480334651993795,-1.0463965663720267,1,905.7499710917334,,3
APT,-1,SQUEEZE_V2,2023-11-29 15:00:00+00:00,2023-11-30 11:00:00+00:00,6.943810926437378,7.083403292736469,33.080899651354095,229.70751245545102,7.079863361055942,4.222762234066111,SL,-4.617841061635293,0.23201643298626867,0.0,-4.735003738393836,4.500736936939118,-1.0520507651829212,20,901.0149673533396,,3
LINK,1,SQUEEZE_V2,2023-11-30 12:00:00+00:00,2023-11-30 14:00:00+00:00,14.77095324897766,14.411867985884028,19.204542365040798,283.66939744202847,14.419077524646351,21.808467735603855,SL,-6.896068147743486,0.28022136336815673,0.0,-7.034454812390629,6.757612255150047,-1.040967511420857,2,893.6894921931975,,3
ETH,-1,SQUEEZE_V2,2023-11-29 15:00:00+00:00,2023-12-01 01:00:00+00:00,2035.7628099365236,2064.834923385045,0.24724475089594028,503.3316688259752,2063.803021874108,1474.9585711848454,SL,-7.1879274475981765,0.5069256325497743,0.0,-7.443187245734963,6.93279521557738,-1.073619948994134,34,886.2463049474625,,3
XRP,-1,SQUEEZE_V2,2023-11-29 15:00:00+00:00,2023-12-01 01:00:00+00:00,0.6079783770442009,0.6084184221007642,898.4384000447467,546.2311203333936,0.6081143649183052,0.45369049884411283,SL,-0.3953533765663898,0.5464287970216768,0.0,-0.6686666134213698,6.930907721819283,-0.09647605194862593,34,885.5776383340411,,3
BTC,1,SQUEEZE_V2,2023-12-01 03:00:00+00:00,2023-12-01 12:00:00+00:00,37996.39776,38324.04042166775,0.013977939081343524,531.1113331997775,38343.212027681584,45364.157206368334,SL,4.579769165241043,0.5334012177823981,0.0,4.311923614058534,5.149304635366462,0.8373797860867219,9,889.1538275974636,,3
ETH,1,SQUEEZE_V2,2023-12-01 02:00:00+00:00,2023-12-01 13:00:00+00:00,2088.607579394531,2077.577819138067,0.25251432390792794,527.403330819784,2078.6171277019175,2614.6634628561824,SL,-2.7851724540275953,0.5260107445927702,0.0,-3.0474815332104734,6.6418322875053075,-0.4588314491083178,11,886.1063460642532,,3
AVAX,1,SQUEEZE_V2,2023-12-01 02:00:00+00:00,2023-12-01 17:00:00+00:00,22.031405827331543,21.931298256751298,11.654393430430117,256.76267133719256,21.94226939144702,33.426000603371634,SL,-1.1666930129067343,0.2561793248307392,0.0,-1.2944910020688773,6.639854525014734,-0.19495773547327905,15,884.8118550621843,,3
XRP,1,SQUEEZE_V2,2023-12-02 05:00:00+00:00,2023-12-02 22:00:00+00:00,0.6145229091882706,0.6175494911311786,863.7033636660499,530.7655037157558,0.6178584203413493,0.7053542181663387,SL,2.614069004500618,0.532072538218006,0.0,2.3473792181404898,3.9225653545273667,0.5984296005243557,17,886.5285734090266,,3
LINK,1,SQUEEZE_V2,2023-12-02 01:00:00+00:00,2023-12-03 00:00:00+00:00,15.086016783142089,15.899077536061904,26.870207756597598,405.3644051825461,15.907031051587698,20.025382323653755,SL,21.847111349691108,0.4162879608573916,0.0,21.63350559142499,6.6360889129663825,3.259978260561709,23,908.1620790004516,,3
NEAR,1,SQUEEZE_V2,2023-11-30 12:00:00+00:00,2023-12-03 03:00:00+00:00,1.866373256278038,1.9807454739160397,159.86689535822467,298.37129806079014,1.981736342087083,2.7116450030983907,SL,18.284331349022526,0.3075134637353014,0.0,18.12600353431762,6.75654849490964,2.682731212241529,63,926.1137844560876,,3
SUI,1,SQUEEZE_V2,2023-12-01 05:00:00+00:00,2023-12-03 03:00:00+00:00,0.6186237,0.611788520750793,252.48202730542206,156.19136591518122,0.6120945680348104,1.0027323393037901,SL,-1.7257599138357254,0.15532848595826337,0.0,-1.8029927168363982,4.8490263978474095,-0.37182571693913374,46,924.3107917392513,,3
SOL,1,SQUEEZE_V2,2023-12-02 07:00:00+00:00,2023-12-03 03:00:00+00:00,62.08241369476318,63.981765515234365,5.238066858951473,325.19183369825413,64.01377240143508,87.40694125199903,SL,9.948931824299246,0.3301662996104038,0.0,9.78136144153797,6.632578425808014,1.4747449353147082,20,934.0921531807893,,3
AVAX,1,SQUEEZE_V2,2023-12-03 01:00:00+00:00,2023-12-03 03:00:00+00:00,22.707539714813233,22.25272547548908,15.351559955035881,348.59615736331375,22.263857404191175,31.581185927254406,SL,-6.9821080633887895,0.34510510333161937,0.0,-7.152915088038752,6.811215592503387,-1.050167182479358,2,926.9392380927505,,3
ETH,1,SQUEEZE_V2,2023-12-03 22:00:00+00:00,2023-12-04 11:00:00+00:00,2183.6466029296876,2235.9750817975555,0.25469484948227156,556.1635428556503,2237.0936286118613,2667.1744213174634,SL,13.327794048887855,0.5628274398800943,0.0,13.043048380435586,6.157602246238268,2.118202485131887,13,939.4262063548618,,3
BTC,1,SQUEEZE_V2,2023-12-03 23:00:00+00:00,2023-12-04 11:00:00+00:00,40094.31726,41528.917154740426,0.013867219391399448,555.9966937927936,41549.6920007408,48720.47724518403,SL,19.89391147924399,0.5659436495324156,0.0,19.60596617660797,5.981042650992917,3.278018118354861,12,959.0321725314698,,3
BTC,1,SQUEEZE_V2,2023-12-05 17:00:00+00:00,2023-12-06 02:00:00+00:00,42722.542799999996,43660.18241404238,0.01140118620285872,487.0876655224011,43682.02342575525,55340.07428489503,SL,10.690203830873783,0.49243276743783804,0.0,10.441314896197145,7.192741293986023,1.4516461067392084,9,969.1225886419272,,3
SOL,1,SQUEEZE_V2,2023-12-06 01:00:00+00:00,2023-12-06 10:00:00+00:00,63.20263662643433,63.93128148763344,3.3971669129233133,214.70990595683784,63.96326311919304,105.5374108636673,SL,2.475328213737233,0.21594757006370646,0.0,2.3667355966519454,7.1909147152403134,0.3291285866088667,9,971.4893242385791,,3
AVAX,1,SQUEEZE_V2,2023-12-07 10:00:00+00:00,2023-12-07 11:00:00+00:00,27.761551718902588,26.345185629119744,5.192586884529207,144.15426934975284,26.358364811525504,55.82528986644429,SL,-7.354603981498314,0.14047696735900367,0.0,-7.423003814182441,7.286169931789343,-1.0187799466213512,1,963.9942432897218,,3
ETH,1,SQUEEZE_V2,2023-12-07 16:00:00+00:00,2023-12-08 13:00:00+00:00,2322.4644,2334.8585939720574,0.17319994782436055,402.2507129039348,2336.026607275695,3157.332645111099,SL,2.146673749285374,0.4033240497785775,0.0,1.944475055958764,7.229956824672914,0.2689469803364604,21,965.4598686733186,,3
SUI,1,SQUEEZE_V2,2023-12-07 17:00:00+00:00,2023-12-09 08:00:00+00:00,0.66543306,0.6876540922249643,283.4188776725361,188.5962910314014,0.6879980912705996,1.1754712345880085,SL,6.297860013924639,0.19174522103836372,0.0,6.200412938401977,7.22772235059411,0.8578654018014832,39,971.166157255629,,3
XRP,1,SQUEEZE_V2,2023-12-08 13:00:00+00:00,2023-12-09 08:00:00+00:00,0.6539307706832885,0.6801852177078327,625.5945399355146,409.0955196352884,0.6805254804480567,0.8854209309329691,SL,16.424638707581042,0.4173078389890789,0.0,16.211878628409607,7.240949015049888,2.2389162794426762,19,987.3780358840386,,3
BTC,1,SQUEEZE_V2,2023-12-08 15:00:00+00:00,2023-12-09 08:00:00+00:00,44009.3001,43973.33904197382,0.013159791026717568,579.1531925481006,43995.336710328986,54946.565893420266,SL,-0.47324000872418903,0.5789165725437384,0.0,-0.7625799849938772,7.196606612253826,-0.10596382796517109,17,986.6154558990447,,3
ETH,1,SQUEEZE_V2,2023-12-09 08:00:00+00:00,2023-12-09 10:00:00+00:00,2385.046982373047,2353.7861012458125,0.2459700726193458,586.6501794548499,2354.963583037331,2986.7149690873653,SL,-7.689241201010575,0.5828055588543446,0.0,-7.978721670137495,7.3996159192428355,-1.0782615959010364,2,978.3434091391798,,3
SOL,1,SQUEEZE_V2,2023-12-07 16:00:00+00:00,2023-12-09 16:00:00+00:00,65.92318566284179,74.66139348719227,2.9368884330568523,193.60904144345938,74.69874285862157,115.14840173259775,SL,25.663141484981814,0.20644061218595028,0.0,25.553505393517593,7.228448384499524,3.5351300907555476,48,1003.8969145326975,,3
AVAX,1,SQUEEZE_V2,2023-12-08 12:00:00+00:00,2023-12-09 16:00:00+00:00,27.54150649795532,32.430856021873986,6.2902622758747375,173.24329934484732,32.44707956165481,50.51992869259345,SL,30.755290863871682,0.18862094477678315,0.0,30.653291568767322,7.227015114502741,4.241487126165564,28,1034.5502061014647,,3
SUI,1,SQUEEZE_V2,2023-12-09 16:00:00+00:00,2023-12-09 17:00:00+00:00,0.71904378,0.6925380260242734,296.61050039870656,213.27593539437748,0.6928844682584026,1.2422300148319492,SL,-7.861884950185282,0.20934499291928482,0.0,-7.964591975407378,7.759126545760985,-1.0264804844249698,1,1026.4789761583602,,3
LINK,-1,SQUEEZE_V2,2023-12-10 10:00:00+00:00,2023-12-10 20:00:00+00:00,15.787842166137695,16.252563725873813,16.86071718440431,266.1943417152608,16.24444150512125,6.655855386466632,SL,-7.835538788205937,0.2701121111093638,0.0,-7.97255372845767,7.698592321187701,-1.0355859091948518,10,1018.3733252590449,,3
ETH,1,SQUEEZE_V2,2023-12-10 21:00:00+00:00,2023-12-10 23:00:00+00:00,2377.3652705566406,2349.3402787460504,0.2570172967203987,611.023995155427,2350.5155365143073,2914.359951403307,SL,-7.202907635769181,0.6074225413375424,0.0,-7.50481817952901,6.900846061222152,-1.0875214593904292,2,1010.5629950819382,,3
SOL,1,SQUEEZE_V2,2023-12-11 00:00:00+00:00,2023-12-11 01:00:00+00:00,74.87497261047363,72.5395824617538,3.2966009160184315,246.83290329454235,72.57587039695227,120.857016880901,SL,-7.698849303530241,0.24298347864277725,0.0,-7.818416330525747,7.579222463114537,-1.0315591564405564,1,1002.6211622997652,,3
APT,1,SQUEEZE_V2,2023-12-12 03:00:00+00:00,2023-12-12 09:00:00+00:00,8.111021675491333,8.107499183604661,28.775064998043526,233.395175912803,8.111554961085202,13.3359199208283,SL,-0.10135993299407023,0.233344495946306,0.0,-0.21800684098397471,7.517339330886739,-0.029000532154806802,6,1001.9772063559581,,3
AVAX,1,SQUEEZE_V2,2023-12-11 22:00:00+00:00,2023-12-12 14:00:00+00:00,39.07481474304199,39.271049615945216,2.5526475222897176,99.74422903775586,39.29069496342693,97.98091669520659,SL,0.5009184621032567,0.09999468826880749,0.0,0.4507958883533272,7.518325759796914,0.05995961105647863,16,1002.4280022443114,,3
SOL,1,SQUEEZE_V2,2023-12-12 01:00:00+00:00,2023-12-12 16:00:00+00:00,71.1842321685791,67.87319215842653,2.2940962537326532,163.30348034277273,67.90714573129218,136.72596091431774,SL,-7.59584448324993,0.15950555810114778,0.0,-7.673698301179692,7.517951718938023,-1.020716624429675,15,994.7543039431317,,3
LINK,-1,SQUEEZE_V2,2023-12-11 03:00:00+00:00,2023-12-13 19:00:00+00:00,14.805038010978699,14.69113142351437,10.233763673359983,151.51126017946754,14.683789528749996,0.10925460760963546,SL,1.1656930969488406,0.15092841363099313,0.0,1.0905203134075812,7.519658717248239,0.14502258073311186,64,995.7408493097929,,3
XRP,-1,SQUEEZE_V2,2023-12-11 03:00:00+00:00,2023-12-13 19:00:00+00:00,0.6214756522536278,0.6213233239823038,328.16098174360906,203.94406017330027,0.6210128175735171,0.1632194323903401,SL,0.049988195064971874,0.2039190660757678,0.0,-0.05195884092414578,7.5190905500225655,-0.006910256044727357,64,995.6888904688687,,3
DOGE,-1,SQUEEZE_V2,2023-12-12 18:00:00+00:00,2023-12-13 19:00:00+00:00,0.09131173326820136,0.09463503529681777,2277.362240864589,207.94989349290066,0.09458774142610472,0.02579157011013411,SL,-7.568362554959712,0.21173407477038053,0.0,-7.676121682983642,7.460657279573487,-1.0288800832602343,25,988.0127687858851,,3
DOGE,1,SQUEEZE_V2,2023-12-13 20:00:00+00:00,2023-12-14 13:00:00+00:00,0.0948889750778675,0.09499897013700352,2720.7942602756293,258.17337875529915,0.09504649338369536,0.14935906768342505,SL,0.2992739255559539,0.25832301571807714,0.0,0.17003759921552633,7.4100957658941375,0.0229467478677057,17,987.7946760694492,,3
LINK,1,SQUEEZE_V2,2023-12-14 12:00:00+00:00,2023-12-14 13:00:00+00:00,15.279055222892762,14.87154618413446,18.519599132918696,282.96197785770164,14.878985676972945,23.280446141289087,SL,-7.546904040844789,0.27918852583727927,0.0,-7.684611577753218,7.409127615723805,-1.0371817002375252,1,980.110064491696,,3
SUI,1,SQUEEZE_V2,2023-12-14 12:00:00+00:00,2023-12-14 13:00:00+00:00,0.66883374,0.6474369875174735,351.54517577096476,235.12527468985172,0.6477608679514492,1.0902911809710152,SL,-7.521925112397598,0.23136431213365294,0.0,-7.635726787186325,7.408066508306839,-1.0307314032108386,1,972.4743377045097,,3
LINK,1,SQUEEZE_V2,2023-12-14 18:00:00+00:00,2023-12-15 13:00:00+00:00,15.443087580299377,14.840208911841083,12.248716266451856,189.15799804905362,14.847632728205184,27.35218462218325,SL,-7.384489753041937,0.18546575317253264,0.0,-7.475376507189942,7.293557532783822,-1.0249287091503512,19,964.5317928897985,,3
XRP,1,SQUEEZE_V2,2023-12-14 22:00:00+00:00,2023-12-15 13:00:00+00:00,0.6350269538640976,0.6227803874375585,611.0461406272915,388.0307693529619,0.6230919334042606,0.8737273630608362,SL,-7.483217150872475,0.3842891607775257,0.0,-7.67349092697352,7.2928481902911395,-1.052193975076723,15,956.858301962825,,3
SOL,1,SQUEEZE_V2,2023-12-15 08:00:00+00:00,2023-12-15 13:00:00+00:00,76.63532674713134,76.38067327916987,2.6600041480494765,203.85028703449638,76.41888272053014,131.45774557871624,SL,-0.6773792810927084,0.20351159739395003,0.0,-0.7789657349694102,7.291393074906065,-0.1068335950300479,5,956.0793362278555,,3
APT,-1,SQUEEZE_V2,2023-12-15 13:00:00+00:00,2023-12-15 15:00:00+00:00,8.114577206993102,8.334847239847136,33.17504273859061,269.2014456475894,8.330681898897687,3.792483368901422,SL,-7.307467753963318,0.27285517952457106,0.0,-7.445722210664095,7.1692823899445575,-1.0385589248245075,2,947.8115026250248,,3
AVAX,1,SQUEEZE_V2,2023-12-15 10:00:00+00:00,2023-12-15 23:00:00+00:00,40.72514245376587,39.94518408987957,3.764199493715072,153.29756060593968,39.965166673216174,79.46181753436423,SL,-2.935918878459651,0.15182960116670985,0.0,-3.011099699323391,7.290628636329685,-0.41300961131374625,13,944.8004029257014,,3
BTC,-1,SQUEEZE_V2,2023-12-15 14:00:00+00:00,2023-12-16 03:00:00+00:00,42290.440220000004,42387.74103753133,0.012699396499823356,537.0630685058569,42366.557758652,31001.285046959994,SL,-1.2356616615872285,0.5376808993366506,0.0,-1.5048110266709505,7.16827288452338,-0.20992658216456916,13,943.0616947861139,,3
ETH,-1,SQUEEZE_V2,2023-12-15 14:00:00+00:00,2023-12-16 03:00:00+00:00,2248.8702043457033,2255.1567792483593,0.21696367005739348,487.9231330175642,2254.029764366176,1588.2749170221846,SL,-1.3639583629709375,0.4886051121990497,0.0,-1.6086019086612051,7.1662588980164825,-0.2244688520960976,13,941.4530928774527,,3
NEAR,-1,SQUEEZE_V2,2023-12-16 00:00:00+00:00,2023-12-16 03:00:00+00:00,2.1905617847442627,2.2745294115315295,85.53509412486181,187.3699084444258,2.2733927151739426,0.5339431761506674,SL,-7.182178860690141,0.19096099787477086,0.0,-7.279454904342699,7.084951430752553,-1.0274530426201505,3,934.17363797311,,3
DOGE,-1,SQUEEZE_V2,2023-12-15 13:00:00+00:00,2023-12-16 12:00:00+00:00,0.09504098633378745,0.09466425817360677,3682.991419435797,350.035137162054,0.09461694969875739,0.056102014150097856,SL,1.3874865814052826,0.34934139387135144,0.0,1.2131627561149583,7.170595021708916,0.16918578617842986,23,935.2735772728599,,3
BTC,1,SQUEEZE_V2,2023-12-16 16:00:00+00:00,2023-12-16 22:00:00+00:00,42615.32136,42140.55372117064,0.013168131283657084,561.164146363716,42161.63453843986,51689.05779120284,SL,-6.251802597336931,0.5580382450650475,0.0,-6.52925876922012,5.974207627969062,-1.0929079094359746,6,928.287662797284,,3
APT,1,SQUEEZE_V2,2023-12-16 05:00:00+00:00,2023-12-17 00:00:00+00:00,8.401179793167113,8.137175376103906,26.954180044332873,226.44691272983758,8.141245999103457,13.599855674440233,SL,-7.116022590020827,0.22288890143482715,0.0,-7.2256880350907355,7.006302284798324,-1.0313126298830149,19,921.0619747621934,,3
DOGE,1,SQUEEZE_V2,2023-12-16 21:00:00+00:00,2023-12-17 02:00:00+00:00,0.09555910998880864,0.09515949342183629,3685.125012037717,352.147266347822,0.09520709697032144,0.1336172352414985,SL,-1.4726370061744507,0.35141094784473476,0.0,-1.6479743208452744,7.012447463997585,-0.23500701136173843,5,919.2915092977296,,3
BTC,-1,SQUEEZE_V2,2023-12-17 02:00:00+00:00,2023-12-17 16:00:00+00:00,41999.5984,42083.61731693175,0.013132861422280593,551.5749055786378,42062.586023919794,33421.87792160406,SL,-1.103408792914718,0.5521266099750951,0.0,-1.3797479501004943,5.632500718091608,-0.24496187735382619,14,917.2557246328134,,3
ETH,-1,SQUEEZE_V2,2023-12-17 03:00:00+00:00,2023-12-17 17:00:00+00:00,2213.7771267089843,2241.0622520567945,0.24908082500910697,551.4094331069641,2239.9422809163366,1690.4740425619345,SL,-6.796201532109463,0.554807533873019,0.0,-7.0753043494289996,6.517238196457821,-1.085629239894054,14,910.1804202833845,,3
ETH,1,SQUEEZE_V2,2023-12-17 21:00:00+00:00,2023-12-17 22:00:00+00:00,2248.2295853027344,2218.1228606671457,0.23541496133454595,529.2668808952255,2219.2324769055986,2828.1717532454495,SL,-7.087573415996951,0.5257230941872271,0.0,-7.348663069736565,6.8263531521253835,-1.076513755730402,1,902.5671237732004,,3
LINK,-1,SQUEEZE_V2,2023-12-15 23:00:00+00:00,2023-12-18 08:00:00+00:00,14.448110013580322,14.067117018084497,19.409065761888478,280.4243173885799,14.0600869745972,7.146364418120694,SL,7.394718104397354,0.2767269583363812,0.0,7.258203304755263,7.086003021942759,1.0243014690057657,57,909.3438520711145,,3
BTC,-1,SQUEEZE_V2,2023-12-18 00:00:00+00:00,2023-12-18 13:00:00+00:00,41371.724,41388.34079752396,0.012471978831112987,515.9872659346491,41367.656969039446,30516.58461921115,SL,-0.2072443469597032,0.516090888108129,0.0,-0.46534160210050757,6.7692534282990025,-0.06874341565572616,13,908.878510469014,,3
ETH,-1,SQUEEZE_V2,2023-12-18 00:00:00+00:00,2023-12-18 13:00:00+00:00,2196.4307431640627,2162.6362744286225,0.20349503353967677,446.9627477477481,2161.5554966802824,1531.321786120916,SL,6.877006548773962,0.44352424447336114,0.0,6.656963678174475,6.767318476051748,0.9836929799790275,13,915.5354741471886,,3
SUI,-1,SQUEEZE_V2,2023-12-17 06:00:00+00:00,2023-12-18 14:00:00+00:00,0.61397718,0.5926322997267852,340.5486356113993,209.0890909455345,0.5923361316609548,0.2832545467809029,SL,7.26896985433197,0.2054546060183685,0.0,7.168059793786369,5.631357075428619,1.272883196319208,32,922.7035339409749,,3
APT,-1,SQUEEZE_V2,2023-12-17 01:00:00+00:00,2023-12-18 21:00:00+00:00,8.152869107627868,7.859120608480635,30.048598107364494,244.98228723705722,7.855193011974648,3.5550074795851145,SL,8.826730595516727,0.24056892193929885,0.0,8.708652817195956,6.90796481071645,1.260668381472654,44,931.4121867581708,,3
SOL,-1,SQUEEZE_V2,2023-12-19 18:00:00+00:00,2023-12-19 19:00:00+00:00,71.99560013580323,74.38069371657397,2.975223170464133,214.20297769551246,74.34352195559617,25.037163739944333,SL,-7.096185685234382,0.21775107053812964,0.0,-7.206835266924756,6.98559140068628,-1.0316714582271074,1,923.8426785217475,,3
APT,-1,SQUEEZE_V2,2023-12-19 18:00:00+00:00,2023-12-19 19:00:00+00:00,7.698660040855408,7.959071498816472,27.233752214500882,209.66339993633542,7.955093951840553,2.569981821152508,SL,-7.091981119928533,0.2132093904962997,0.0,-7.200358810456666,6.9836575911648024,-1.0310297600452258,1,916.6423197112908,,3
DOGE,-1,SQUEEZE_V2,2023-12-19 18:00:00+00:00,2023-12-20 04:00:00+00:00,0.08941211090832948,0.09152938503870713,3371.797828087116,301.4795613653897,0.09148364321709858,0.04798146473294765,SL,-7.139020314272369,0.3050490715225259,0.0,-7.2933296051122,6.984788139519923,-1.0441733463391036,10,909.2762727270687,,3
NEAR,1,SQUEEZE_V2,2023-12-20 01:00:00+00:00,2023-12-20 19:00:00+00:00,2.566513184738159,2.910223020976173,56.666281352053915,145.43475822012846,2.911678860406376,4.992935824022748,SL,19.476758283731677,0.15517313736199428,0.0,19.39430252547975,6.874817397834681,2.821064386610218,18,928.4796941034933,,3
SOL,1,SQUEEZE_V2,2023-12-20 07:00:00+00:00,2023-12-20 20:00:00+00:00,75.73514522094726,80.76953421976306,2.7834272805756,210.8032693063394,80.80993918935773,124.73640415840191,SL,14.01285568033358,0.21780969714650616,0.0,13.900447617840243,6.819572045453015,2.0383167045076442,13,942.3801417213335,,3
AVAX,1,SQUEEZE_V2,2023-12-20 07:00:00+00:00,2023-12-20 20:00:00+00:00,41.720344200897216,42.76957073317912,4.097737736308104,170.9590288037795,42.790966216287266,75.00105649624567,SL,4.299455155267261,0.17310875638141313,0.0,4.211825913287738,6.818781533193116,0.61768013724813,13,946.5919676346213,,3
ETH,1,SQUEEZE_V2,2023-12-21 13:00:00+00:00,2023-12-21 14:00:00+00:00,2260.2520088378906,2219.808626510593,0.18047030808488576,407.90837638445606,2220.9190860536196,3046.910464523313,SL,-7.298829668602206,0.40425896155015495,0.0,-7.499134441960133,7.098424692756406,-1.0564505177624315,1,938.7535370707018,,3
DOGE,1,SQUEEZE_V2,2023-12-21 20:00:00+00:00,2023-12-21 23:00:00+00:00,0.09317863542437553,0.09477485828998004,3894.7469649446098,362.9072075167669,0.09482226942469238,0.12933323849051015,SL,6.216884161188364,0.3660156495973611,0.0,6.032322115349387,7.0406515280302635,0.8567846443377417,3,944.3460858124547,,3
APT,1,SQUEEZE_V2,2023-12-21 11:00:00+00:00,2023-12-22 06:00:00+00:00,8.376875311660767,8.445468438163962,32.313226288266904,270.6838675342907,8.449693284806365,12.771013918511978,SL,2.2164652185174702,0.27179210014354943,0.0,2.080015052141066,7.099439757259659,0.292982985032602,19,946.3498237880805,,3
AVAX,1,SQUEEZE_V2,2023-12-22 03:00:00+00:00,2023-12-22 07:00:00+00:00,48.231644522094726,45.96940914703845,3.162947366654492,152.55415303057507,45.9924053497133,93.01642796972321,SL,-7.155331422286892,0.14897648731943164,0.0,-7.228030833091036,7.08259564359341,-1.020534165271623,4,939.1217929549895,,3
XRP,1,SQUEEZE_V2,2023-12-21 21:00:00+00:00,2023-12-23 02:00:00+00:00,0.6228245159626007,0.6140312700102433,829.5106028020977,516.6395396760615,0.6143384392298582,0.7925460506174512,SL,-7.294090750527109,0.512992494300798,0.0,-7.548763474989876,7.039290626002075,-1.0723755952206158,29,931.313538108283,,3
SUI,1,SQUEEZE_V2,2023-12-23 01:00:00+00:00,2023-12-23 15:00:00+00:00,0.720144,0.71072021816732,289.5156422363807,208.49295266267615,0.7110757560453427,1.2066288790931488,SL,-2.728332249583887,0.2071287865378842,0.0,-2.831214559790433,7.042249110447031,-0.40203271928997575,14,928.3403239457278,,3
LINK,1,SQUEEZE_V2,2023-12-23 14:00:00+00:00,2023-12-24 05:00:00+00:00,15.726144172668457,15.331696005454654,18.059048830483896,283.99920552944945,15.339365688298804,23.461713860061543,SL,-7.123358712808936,0.28043752617304496,0.0,-7.261796636217256,6.984851535812122,-1.0396493896806833,15,920.8181092461443,,3
NEAR,1,SQUEEZE_V2,2023-12-23 15:00:00+00:00,2023-12-24 05:00:00+00:00,3.567713312244415,3.822380166001511,43.595608559855904,155.53663301439448,3.82429231215759,6.761866420594087,SL,11.102356469564425,0.1610878112491767,0.0,11.019036974822445,6.962552429592958,1.5826145779510683,14,931.8371462209668,,3
SOL,1,SQUEEZE_V2,2023-12-23 19:00:00+00:00,2023-12-24 05:00:00+00:00,102.95058630523681,112.13809109698558,1.733639693710636,178.47922290954114,112.19418819108111,183.26680417306773,SL,15.92782299313233,0.1864431344061073,0.0,15.830619470180993,6.961969167219155,2.2738709537411346,10,947.6677656911478,,3
AVAX,1,SQUEEZE_V2,2023-12-23 23:00:00+00:00,2023-12-24 06:00:00+00:00,47.142426020050046,46.77298139396114,3.962890470023305,186.820270808635,46.796379583753016,82.2748624211616,SL,-1.4640685879290511,0.1860882365146705,0.0,-1.5567466890394042,6.961299870133243,-0.22362873573633413,7,946.1110190021084,,3
ETH,1,SQUEEZE_V2,2023-12-22 10:00:00+00:00,2023-12-24 22:00:00+00:00,2316.453188232422,2262.772849312249,0.1340367214619104,310.48979077066343,2263.9048017131054,3367.420918618751,SL,-7.195136635824142,0.3068922224527514,0.0,-7.346783962891562,7.043413447162421,-1.0430715189453148,60,938.7642350392168,,3
DOGE,-1,SQUEEZE_V2,2023-12-24 23:00:00+00:00,2023-12-25 10:00:00+00:00,0.09127173910140991,0.09330579216367361,3541.580146683711,323.24617915484873,0.09325916258238243,0.05152326948195969,SL,-7.203761942614333,0.32684806012615586,0.0,-7.368986913163065,7.038619543265288,-1.0469363868677743,11,930.9519957659645,,3
BTC,-1,SQUEEZE_V2,2023-12-24 23:00:00+00:00,2023-12-25 12:00:00+00:00,42961.30602,43416.310509609604,0.013110833752617141,563.25854102353,43394.6132030081,34295.16235983804,SL,-5.965488219965886,0.566241285133513,0.0,-6.250100234587634,5.681018440233989,-1.1001724955376497,13,924.7018955313769,,3
ETH,1,SQUEEZE_V2,2023-12-25 13:00:00+00:00,2023-12-25 16:00:00+00:00,2301.470211767578,2272.1918641583593,0.24107248248618943,554.8211373188261,2273.3285284225703,2864.3038786677316,SL,-7.058203941247917,0.5512920353482021,0.0,-7.332085407936706,6.7841854653212215,-1.080761344956766,3,916.8240099528495,,3
APT,1,SQUEEZE_V2,2023-12-25 13:00:00+00:00,2023-12-25 20:00:00+00:00,9.84396840763092,10.293014610612625,18.8434574298813,185.49439963028965,10.298163692458854,17.202685525250736,SL,8.461583009935602,0.18972519113525746,0.0,8.364605018615489,6.93318363722038,1.206459464554005,7,925.188614971465,,3
SOL,1,SQUEEZE_V2,2023-12-25 15:00:00+00:00,2023-12-25 20:00:00+00:00,119.4438821685791,118.03293909681423,1.2229530074345423,146.0742549177209,118.0919850893589,232.8042231060105,SL,-1.7255170729337692,0.14521149638125402,0.0,-1.7976914418561627,6.931718493661838,-0.25934282292333705,5,923.3909235296088,,3
SUI,1,SQUEEZE_V2,2023-12-25 13:00:00+00:00,2023-12-26 02:00:00+00:00,0.7485496799999999,0.8422909005455814,274.1441948310049,205.21054931460634,0.8427122566739184,1.2543045465216318,SL,25.6986114289441,0.21805985502907838,0.0,25.583156848572326,6.932488033221767,3.690328310120854,13,948.8314728752783,,3
LINK,1,SQUEEZE_V2,2023-12-25 23:00:00+00:00,2023-12-26 05:00:00+00:00,15.70414041366577,15.315159811620783,18.161771245843667,285.21500580560644,15.322821222231898,23.330524242343238,SL,-7.064576713411625,0.2816827174489006,0.0,-7.203651927957722,6.925431926472066,-1.0401736677855682,6,941.6278209473206,,3
ETH,-1,SQUEEZE_V2,2023-12-26 06:00:00+00:00,2023-12-26 22:00:00+00:00,2234.883012109375,2232.166878491631,0.22743642440088727,508.2938012284411,2231.0513528152237,1613.8559558048978,SL,0.6177477182147787,0.5079849273693338,0.0,0.3639096914596655,7.062208657104905,0.05152916164457357,16,941.5460097660565,,3
DOGE,-1,SQUEEZE_V2,2023-12-26 06:00:00+00:00,2023-12-26 23:00:00+00:00,0.0923515294611454,0.09154752123880303,4148.799120648955,383.1479442189861,0.09150177035362622,0.0583161262033181,SL,3.335668605848577,0.38148010991606185,0.0,3.145762468042008,7.0603025553502965,0.4455563261461295,17,944.6917722340985,,3
DOGE,-1,SQUEEZE_V2,2024-01-06 07:00:00+00:00,2024-01-06 12:00:00+00:00,0.07886422113478184,0.08098792877900651,3599.2447748358277,283.85163584086075,0.08094745505148078,0.03719954280080308,SL,-7.64374364175457,0.28767350766173805,0.0,-7.789491331495878,7.498068789439445,-1.0388663468207817,5,991.8110881091764,,4
NEAR,-1,SQUEEZE_V2,2024-01-06 02:00:00+00:00,2024-01-06 17:00:00+00:00,3.408318119907379,3.552371063703945,46.41143618333282,158.18493891457823,3.550595765821035,0.17635607918372687,SL,-6.685704008035556,0.16152779091859598,0.0,-6.768139329496862,7.500000000000001,-0.9024185772662482,15,985.0429487796795,,4
AVAX,-1,SQUEEZE_V2,2024-01-06 06:00:00+00:00,2024-01-07 06:00:00+00:00,34.14417077636719,35.55254672330701,5.392429954788542,184.120049275898,35.534779333640195,6.331999630907156,SL,-7.594568643881965,0.18791733359783896,0.0,-7.6904259528418555,7.49875923962423,-1.0255597902390088,24,977.3525228268376,,4
BTC,1,SQUEEZE_V2,2024-01-07 14:00:00+00:00,2024-01-07 15:00:00+00:00,44413.78098,43941.76454441535,0.013203368431077053,586.4115136961025,43963.74641762416,53414.4722275168,SL,-6.232206904547883,0.5832954102438286,0.0,-6.522296557943661,5.941972133766747,-1.0976652887480025,1,970.537020512046,,4
SUI,-1,SQUEEZE_V2,2024-01-07 17:00:00+00:00,2024-01-07 19:00:00+00:00,0.8062387200000001,0.8434546401869941,197.71877493001065,159.4085320195399,0.8430331236251816,0.07035064749636921,SL,-7.358286147265516,0.16308767509317268,0.0,-7.441669556348919,7.274944409051228,-1.0229177211430314,2,962.4712140511384,,4
XRP,-1,SQUEEZE_V2,2024-01-07 17:00:00+00:00,2024-01-08 00:00:00+00:00,0.5618875766396523,0.5685266582047154,917.6381467678046,515.6094745194633,0.5682425369362473,0.40328741446871297,SL,-6.092274503604798,0.5186556117712657,0.0,-6.3531253781163315,7.276877944580676,-0.8730564709894176,7,955.8423450853802,,4
ETH,-1,SQUEEZE_V2,2024-01-07 23:00:00+00:00,2024-01-08 12:00:00+00:00,2216.3466810546875,2246.4795973284777,0.24882712618824082,551.4871752836834,2245.356918869043,1636.1419247675776,SL,-7.497886960078093,0.5552361187637225,0.0,-7.777379491199974,7.2185341053835375,-1.0774181264032061,13,947.9903432428592,,4
DOGE,-1,SQUEEZE_V2,2024-01-07 16:00:00+00:00,2024-01-08 15:00:00+00:00,0.07940411631464958,0.07937267121310496,4798.650114921776,381.03257187855525,0.07933300471074958,0.049066302639901235,SL,0.15089404014084107,0.3809571248584849,0.0,-0.03954679877836614,7.279027653840345,-0.005432978229929053,23,947.9507964440809,,4
SUI,-1,SQUEEZE_V2,2024-01-08 00:00:00+00:00,2024-01-08 15:00:00+00:00,0.80003996,0.8312809218279329,186.54656030175752,149.24470264195568,0.8308654890833912,0.03145783481430009,SL,-5.82789396951939,0.15215864962671538,0.0,-5.905430267825127,7.168817588140351,-0.8237662899380654,15,942.0453661762557,,4
SOL,-1,SQUEEZE_V2,2024-01-06 06:00:00+00:00,2024-01-08 17:00:00+00:00,94.39112166137696,96.53156288549717,1.8294569614678577,172.68449462416558,96.48332122488473,12.406063095561223,SL,-3.9158450980795005,0.17464241717320533,0.0,-4.004145267940623,7.499406806479071,-0.5339282654304423,59,938.041220908315,,4
APT,-1,SQUEEZE_V2,2024-01-07 16:00:00+00:00,2024-01-08 18:00:00+00:00,8.832533181190492,8.738068886292323,21.763091828434785,192.22323069994587,8.733702035274687,2.144513998008816,SL,2.0558351243771833,0.19119531313775728,0.0,1.960751426589399,7.2775987816958,0.2694228529774091,26,940.0019723349044,,4
SUI,-1,SQUEEZE_V2,2024-01-09 21:00:00+00:00,2024-01-10 00:00:00+00:00,0.77704456,0.8176785096455647,175.26313575547425,136.18726620733275,0.8172698747082106,-0.02746173416421016,SL,-7.121633433011704,0.1397480829238386,0.0,-7.193287882831876,7.050014792511782,-1.020322381517876,3,932.7405908189688,,4
LINK,1,SQUEEZE_V2,2024-01-10 10:00:00+00:00,2024-01-10 12:00:00+00:00,14.358871146583557,13.856654253553346,14.124298168962659,202.80897744406087,13.863586046576634,24.26457314672202,SL,-7.093461142648716,0.19926224687273653,0.0,-7.1913189007994225,6.995554431142266,-1.0279841250016821,2,925.4478674294475,,4
SOL,-1,SQUEEZE_V2,2024-01-10 13:00:00+00:00,2024-01-10 18:00:00+00:00,93.57127833862305,98.29459584786791,1.4849314894354626,138.94693771175176,98.24547311131226,0.08738288483873191,SL,-7.013802904079577,0.14245383916379156,0.0,-7.086783274387492,6.9408590057208555,-1.0210239494198574,5,918.2235723917203,,4
SUI,-1,SQUEEZE_V2,2024-01-10 13:00:00+00:00,2024-01-10 21:00:00+00:00,0.77024592,0.8099356721920162,176.66641969047248,136.0765889675941,0.8095309067386469,-0.015453814772937946,SL,-7.011846418165585,0.1395825121766769,0.0,-7.083390635858465,6.940337954704437,-1.020611774540037,8,911.1401817558618,,4
ETH,1,SQUEEZE_V2,2024-01-12 15:00:00+00:00,2024-01-12 16:00:00+00:00,2705.541,2635.132696820628,0.09889272328113012,267.5583174387521,2636.4509222817687,4087.3425543646263,SL,-6.962868843011556,0.26407688301724636,0.0,-7.093166567309426,6.832505937260836,-1.0381500773569894,1,903.7738459087494,,4
NEAR,1,SQUEEZE_V2,2024-01-10 22:00:00+00:00,2024-01-12 17:00:00+00:00,3.4746947771072385,3.3674918621572973,36.79900943125423,127.86532587349907,3.3691764503824886,7.188681359237938,SL,-3.9449610783008295,0.12589284533434866,0.0,-4.006921260698428,6.833551363168963,-0.5863600122031241,43,899.4235504735198,,4
APT,1,SQUEEZE_V2,2024-01-12 03:00:00+00:00,2024-01-12 17:00:00+00:00,9.681035856628418,9.238080009984877,15.588715766441718,150.914916293711,9.24270136066521,18.44772577589257,SL,-6.905112790409701,0.14746235989850617,0.0,-6.977117692161352,6.833071868196938,-1.021080683291924,14,892.4464327813585,,4
SOL,-1,SQUEEZE_V2,2024-01-12 16:00:00+00:00,2024-01-14 06:00:00+00:00,95.3409286102295,98.90558578899662,1.7677418359490664,168.53814818253596,98.85615771014156,18.664001026158743,SL,-6.30139362572281,0.17168884499539738,0.0,-6.388813396626939,6.777250637119939,-0.9426851298127481,38,885.8572709115842,,4
LINK,1,SQUEEZE_V2,2024-01-14 06:00:00+00:00,2024-01-15 22:00:00+00:00,14.930986050224304,15.004162454620772,18.357184570949595,274.0908667502412,15.011668288765154,22.169492048961132,SL,1.3433127617444187,0.27476252313111343,0.0,1.205595671988426,6.643929531836882,0.18145822682365337,40,886.9258211501976,,4
SOL,1,SQUEEZE_V2,2024-01-16 08:00:00+00:00,2024-01-16 14:00:00+00:00,97.74954935760498,95.2013658071089,2.660182587732906,260.03164915983905,95.24899030226003,147.7607304645041,SL,-6.778633511377079,0.2566423324041505,0.0,-6.905260019201309,6.651943658626482,-1.0380815553430487,6,879.8905453064164,,4
DOGE,-1,SQUEEZE_V2,2024-01-12 16:00:00+00:00,2024-01-20 19:00:00+00:00,0.08266346585452557,0.08112073827664415,2871.340394991717,237.35494869811774,0.08108019817755538,0.0354616876823224,SL,4.429696012838643,0.23514010069169844,0.0,4.3132333864960035,6.776618619064254,0.6364875506438924,195,884.0944999058624,,4
SUI,-1,SQUEEZE_V2,2024-01-22 01:00:00+00:00,2024-01-22 11:00:00+00:00,1.03659264,1.072417950732849,187.8953577353271,194.77094491860717,1.071882009727985,0.33080524544029866,SL,-6.731409576127917,0.1981366497066711,0.0,-6.832160753375285,6.6307087492939685,-1.030381669848305,10,877.1649536800278,,4
APT,-1,SQUEEZE_V2,2024-01-16 14:00:00+00:00,2024-01-23 18:00:00+00:00,9.313737275123597,8.254272912576697,23.466151947787484,218.5575740998225,8.25014783865737,3.689313548147503,SL,24.861551714791347,0.2061267982424268,0.0,24.76470370359883,6.599179089798122,3.752694595284338,172,901.8316995456822,,4
AVAX,-1,SQUEEZE_V2,2024-01-12 17:00:00+00:00,2024-01-24 10:00:00+00:00,36.83163290176392,31.26970784271542,4.19549215057513,154.5268267322152,31.254080802314263,4.928700574769085,SL,23.33501292732509,0.1428593202685527,0.0,23.269417020422644,6.692425107911831,3.4769783217915102,281,925.1011165661049,,4
ETH,-1,SQUEEZE_V2,2024-01-25 16:00:00+00:00,2024-01-25 19:00:00+00:00,2188.082315527344,2225.9822260682963,0.18856491596031075,412.5955579416557,2224.86979117271,1452.3328026200224,SL,-7.146593446058009,0.4161688546646848,0.0,-7.3564645217518665,6.936827253460448,-1.060494121153454,3,917.3475381606705,,4
DOGE,-1,SQUEEZE_V2,2024-01-25 06:00:00+00:00,2024-01-26 10:00:00+00:00,0.07750449395477772,0.07895301996833039,4924.0010475554855,381.6322094235833,0.07891356318673702,0.049323109315591904,SL,-7.132543608144691,0.38519848122765565,0.0,-7.326925984660555,6.938258374245786,-1.0560180364365601,28,910.02061217601,,4
BTC,-1,SQUEEZE_V2,2024-01-12 16:00:00+00:00,2024-01-26 11:00:00+00:00,44465.70508,41205.29784443706,0.006316221719113233,280.8552521819796,41184.70549169122,23002.54515385582,SL,20.593454994416575,0.2705585246847713,0.0,20.463324095822795,6.778303844315621,3.0189446454194613,331,930.4839362718328,,4
LINK,-1,SQUEEZE_V2,2024-01-23 09:00:00+00:00,2024-01-28 09:00:00+00:00,14.302139305114746,14.683917870539478,13.698347618428402,195.91567588864982,14.676579580749104,4.6969849670107315,SL,-5.229735502452884,0.19853054363987627,0.0,-5.330308208148436,6.578737152600208,-0.8102327368470197,120,924.78922322523,,4
AVAX,1,SQUEEZE_V2,2024-01-26 11:00:00+00:00,2024-01-29 14:00:00+00:00,31.88237465057373,34.33419960998924,7.574926448899941,241.50664299436795,34.35137529763806,50.30570343936394,SL,18.57239373314958,0.25079283986094275,0.0,18.44235421478582,6.97776802594933,2.6430162404656214,75,942.9541406730483,,4
ETH,-1,SQUEEZE_V2,2024-01-28 19:00:00+00:00,2024-01-29 16:00:00+00:00,2260.7577189453127,2287.8973625821072,0.24543697419907393,554.873533935138,2286.753985589313,1740.8323860653074,SL,-6.661072015055996,0.558204069942666,0.0,-6.941839318031093,6.380445025575702,-1.087986698452078,21,936.0123013550173,,4
XRP,-1,SQUEEZE_V2,2024-01-12 17:00:00+00:00,2024-01-29 17:00:00+00:00,0.5806838368535042,0.5375933565979626,423.93141317001647,246.17011956229334,0.5373246942508372,0.26490878278003643,SL,18.267408188906455,0.2370364154678401,0.0,18.15345683321976,6.6933482458601885,2.712163802988677,408,954.165758188237,,4
NEAR,1,SQUEEZE_V2,2024-01-30 12:00:00+00:00,2024-01-30 13:00:00+00:00,3.154630843877792,3.0511067301644106,70.12918490928072,221.23168977082597,3.0526330466877543,5.194586787678553,SL,-7.260061713175139,0.21760165891423838,0.0,-7.367047527203964,7.15302237947948,-1.0299209392016553,1,946.2586538918414,,4
SOL,1,SQUEEZE_V2,2024-01-26 11:00:00+00:00,2024-01-31 00:00:00+00:00,90.5181,99.80327472325261,2.537970754034721,229.73229051079028,99.85320132391456,145.51187414766923,SL,23.565501893717556,0.24151504145764907,0.0,23.4388529975153,6.978629522038746,3.3586613135852272,109,969.4899939878084,,4
APT,1,SQUEEZE_V2,2024-01-26 11:00:00+00:00,2024-01-31 00:00:00+00:00,8.639026997566223,8.924619968912184,29.81478625732687,257.5707434037132,8.929084511167767,13.319162763640065,SL,8.514893397274713,0.2618281901023506,0.0,8.38185057887422,6.976862376038102,1.2013782309454064,109,977.8718445666826,,4
ETH,1,SQUEEZE_V2,2024-01-29 17:00:00+00:00,2024-01-31 10:00:00+00:00,2300.0099588378907,2303.6763381513338,0.21365834866742198,491.4163297239289,2304.8287525275973,2969.887193314801,SL,0.7833525496986342,0.4918080059987783,0.0,0.5372527085618204,7.156243186411777,0.07507468577674274,41,978.4090972752444,,4
LINK,1,SQUEEZE_V2,2024-01-30 12:00:00+00:00,2024-01-31 15:00:00+00:00,15.235046751022338,15.338931624386587,24.119750001030514,367.465518888671,15.346604926850011,21.16744685870973,SL,2.505677174434405,0.3687183574758882,0.0,2.3206915764028526,7.154400375175312,0.3243726175089811,27,980.7297888516473,,4
APT,-1,SQUEEZE_V2,2024-02-01 02:00:00+00:00,2024-02-01 07:00:00+00:00,8.61767614440918,8.93495941146606,23.508790802256303,202.59114568051007,8.93049416438387,2.361315744915384,SL,-7.45894595029664,0.2063206186556584,0.0,-7.563970996112044,7.35397339076103,-1.0285556656507404,5,972.8645188658518,,4
AVAX,-1,SQUEEZE_V2,2024-01-31 22:00:00+00:00,2024-02-02 07:00:00+00:00,33.765244959259036,34.93372981322056,6.3903585386646,215.77202143550284,34.91627167738187,10.744710596802278,SL,-7.467037163813277,0.21950554001740946,0.0,-7.5786566931129355,7.355473416387355,-1.0303424761522961,33,965.2858621727388,,4
NEAR,-1,SQUEEZE_V2,2024-01-31 22:00:00+00:00,2024-02-02 12:00:00+00:00,2.8174364781856536,2.931373658332725,65.39093735645281,184.2348122508231,2.9299087039807348,0.5679919622840308,SL,-7.450459009568027,0.1879600417556071,0.0,-7.5463016451982226,7.354664271306971,-1.0260565767276275,38,957.7395605275406,,4
ETH,1,SQUEEZE_V2,2024-02-03 02:00:00+00:00,2024-02-03 15:00:00+00:00,2326.305255908203,2297.6423584251024,0.24698445077811748,574.5612259727355,2298.7917543022536,2876.5752880271925,SL,-7.0792899925730755,0.571021580976449,0.0,-7.363030960563156,6.7954070831282625,-1.0835305185533621,13,949.7154381272898,,4
SUI,-1,SQUEEZE_V2,2024-02-03 03:00:00+00:00,2024-02-03 17:00:00+00:00,1.4156168199999999,1.4680761367738409,138.80659477436436,196.49695028951427,1.4673424655410705,0.38110390917858883,SL,-7.281699125566559,0.20013779985229757,0.0,-7.383588450274099,7.179860720061796,-1.028374886109288,14,942.3318496770156,,4
APT,1,SQUEEZE_V2,2024-02-03 01:00:00+00:00,2024-02-03 18:00:00+00:00,9.580816117286682,9.325929648240518,28.70679031191455,275.03447929596007,9.330594945713374,14.585239548752854,SL,-7.316972420252544,0.2713759930858338,0.0,-7.450831173690397,7.1830467039565535,-1.0372800680227157,17,934.8810185033252,,4
ETH,-1,SQUEEZE_V2,2024-02-04 07:00:00+00:00,2024-02-04 09:00:00+00:00,2286.532592236328,2306.2897586960953,0.24531844112197088,560.9286111019951,2305.137190101045,1914.4406349419905,SL,-4.846797276897372,0.5633520097404439,0.0,-5.129684981086818,4.564050945873437,-1.1239324542870837,2,929.289254218346,,4
SOL,-1,SQUEEZE_V2,2024-02-04 08:00:00+00:00,2024-02-04 12:00:00+00:00,96.49070013580322,98.40192526679627,3.7644041982457463,363.22999668288907,98.35274889235009,59.249725004865695,SL,-7.194623906902998,0.3668273086363406,0.0,-7.379836217197894,7.009504156483306,-1.0528328470098782,4,921.7887618459741,,4
ETH,-1,SQUEEZE_V2,2024-02-04 20:00:00+00:00,2024-02-04 21:00:00+00:00,2279.0941388183596,2305.4722283935544,0.24263561684426596,552.9894122183438,2301.4291312307087,1832.3942905713823,SL_GAP,-6.400264035250676,0.5561895442359692,0.0,-6.6799588733774735,5.419264661182309,-1.232631969651787,1,914.6925667844198,,4
SUI,1,SQUEEZE_V2,2024-02-04 10:00:00+00:00,2024-02-04 22:00:00+00:00,1.51490292,1.4704133715986243,159.29226035679622,241.31231034791082,1.47114894607166,2.3899823985667963,SL,-7.086840727108216,0.23776888998435675,0.0,-7.203953461918617,6.969669406637594,-1.0336148017376408,12,907.4886133225011,,4
LINK,1,SQUEEZE_V2,2024-02-04 12:00:00+00:00,2024-02-06 10:00:00+00:00,18.16263219680786,18.645795053370655,15.387800683675339,279.4829641353837,18.655122614677992,27.148212210434043,SL,7.43481373454352,0.28320037100265544,0.0,7.291354845608557,6.913415713844806,1.0546674968506364,46,914.7799681681097,,4
SOL,-1,SQUEEZE_V2,2024-02-06 11:00:00+00:00,2024-02-06 16:00:00+00:00,93.94120708465576,96.061803624649,3.3102789010682927,310.9715957532232,96.01379672628586,52.489414252053606,SL,-7.019765984018059,0.31448147874523225,0.0,-7.17876166488668,6.860849761260822,-1.0463371032289497,5,907.2771169254514,,4
AVAX,-1,SQUEEZE_V2,2024-02-06 11:00:00+00:00,2024-02-07 14:00:00+00:00,33.974202793121336,34.68265958936505,9.92540021743496,337.2075597900259,34.6653269259021,20.15172013750601,SL,-7.031717239480657,0.3407234184097663,0.0,-7.2038368779954105,6.859683617776748,-1.0501704275874757,27,900.073280047456,,4
NEAR,-1,SQUEEZE_V2,2024-02-03 08:00:00+00:00,2024-02-07 20:00:00+00:00,2.8284341961860657,2.8649130293777016,97.6123906963892,276.0902238171418,2.863481288733335,1.3574890005442675,SL,-3.5607861176503754,0.27787061687596704,0.0,-3.7006116226177714,7.17912385649821,-0.5154684187915423,108,895.8185833648728,,4
DOGE,-1,SQUEEZE_V2,2024-01-30 23:00:00+00:00,2024-02-09 07:00:00+00:00,0.08020395495593548,0.08094630254666041,5174.630145416542,415.0258030966142,0.08090584962184949,0.052774207496689526,SL,-3.841374221342573,0.41694649020728547,0.0,-4.050807810001551,7.096939904188809,-0.5707823181101833,224,891.6335549330203,,4
AVAX,1,SQUEEZE_V2,2024-02-07 17:00:00+00:00,2024-02-10 10:00:00+00:00,35.04700891571045,38.16934814555981,9.625216835522217,337.33506025019346,38.18844236674318,49.069733125389135,SL,30.053192121357526,0.35236165631087224,0.0,29.869497995171752,6.7485880571442465,4.426036637923255,65,921.3748378280224,,4
DOGE,1,SQUEEZE_V2,2024-02-11 04:00:00+00:00,2024-02-11 14:00:00+00:00,0.08228645040392875,0.08142936981972662,6648.034630834018,547.0431719337241,0.0814701048721627,0.09861336103924949,SL,-5.697901405191193,0.5441942212311286,0.0,-5.96857404045546,5.427093365907272,-1.0997736058770875,10,915.1327422016001,,4
XRP,1,SQUEEZE_V2,2024-02-07 21:00:00+00:00,2024-02-12 02:00:00+00:00,0.5131026114463806,0.5202314395804247,523.1726319717962,268.44124370200484,0.5204916854231363,0.6349544093195546,SL,3.729607777762462,0.27030604759088606,0.0,3.5935223520225783,3.18747629019018,1.12738794734946,101,918.6160932793402,,4
SOL,1,SQUEEZE_V2,2024-02-09 22:00:00+00:00,2024-02-12 02:00:00+00:00,109.01179586334229,106.11587418270007,2.352316080186817,256.4302003393828,106.16895866203107,165.86853988956648,SL,-6.812123136336321,0.25302413877121466,0.0,-6.936932174937843,6.687251661997652,-1.0373367902929505,52,911.6791611044024,,4
NEAR,1,SQUEEZE_V2,2024-02-12 01:00:00+00:00,2024-02-12 06:00:00+00:00,3.2196439011096953,3.1177948708034697,68.4369313291832,220.3425485646677,3.1193545480775082,5.225430961753435,SL,-6.97023509301106,0.21685743101816218,0.0,-7.0769212497468885,6.863495566512,-1.0310957705394643,5,904.6022398546555,,4
ETH,1,SQUEEZE_V2,2024-02-07 17:00:00+00:00,2024-02-13 13:00:00+00:00,2398.4796,2611.0086231543155,0.21808740411197916,523.0781897795382,2612.314780544588,3017.5478701592197,SL,46.34990295817936,0.5462531412586279,0.0,46.065188911810495,6.75054960035592,6.823916812548378,140,950.5646358002559,,4
SUI,1,SQUEEZE_V2,2024-02-13 10:00:00+00:00,2024-02-13 13:00:00+00:00,1.8442687800000002,1.782514583142889,111.47286916626699,205.58593242037085,1.783406286286032,3.0615186542793613,SL,-6.883917506720646,0.20214397366701053,0.0,-6.983268514177471,6.784516798909916,-1.029294896181772,3,943.5813672860785,,4
BTC,1,SQUEEZE_V2,2024-02-07 18:00:00+00:00,2024-02-13 14:00:00+00:00,43515.2013,49110.13488405038,0.0056935705799296115,247.7568699013948,49134.70223516796,53124.959209618166,SL,31.855149250809365,0.26368444452679946,0.0,31.715343241233263,2.735691745722404,11.593171376425786,140,975.2967105273118,,4
LINK,1,SQUEEZE_V2,2024-02-14 10:00:00+00:00,2024-02-14 15:00:00+00:00,20.394077389526366,19.93532159877733,16.299019766770126,332.4034704969299,19.94529424590028,29.369740262048133,SL,-7.477269701538828,0.3286648356461605,0.0,-7.639732801936523,7.314725328954839,-1.0444319449282893,5,967.0871381785629,,4
DOGE,1,SQUEEZE_V2,2024-02-14 10:00:00+00:00,2024-02-15 15:00:00+00:00,0.08310661785453557,0.08455764517311773,6328.836380362233,525.9681865266463,0.08459994514569057,0.10621822440083044,SL,9.1833144827422,0.5305598437680173,0.0,8.915738732237505,7.313478815940474,1.2190831417744374,29,976.0028769108004,,4
BTC,1,SQUEEZE_V2,2024-02-15 15:00:00+00:00,2024-02-15 16:00:00+00:00,52626.92328,51755.20574129297,0.008654277598737492,455.4480032325806,51781.096289437686,69543.46309124629,SL,-7.544085567658842,0.4516759604487512,0.0,-7.768037526491303,7.320021576831004,-1.0612041842989013,1,967.8154788514613,,4
ETH,1,SQUEEZE_V2,2024-02-15 15:00:00+00:00,2024-02-15 21:00:00+00:00,2853.2704911621095,2797.3900216835095,0.13432762987257413,383.27306246316164,2798.7894163917053,3942.891986570191,SL,-7.506291021227048,0.3795199169525481,0.0,-7.694174406948015,7.318313646818881,-1.0513589302492539,6,960.1213044445133,,4
AVAX,1,SQUEEZE_V2,2024-02-14 10:00:00+00:00,2024-02-16 07:00:00+00:00,41.79735926513672,40.74530212749346,6.730268168784975,281.3074366014194,40.765684969978444,63.52459583841858,SL,-7.080626665223465,0.27776712326880765,0.0,-7.217740070191563,7.311506435241,-0.9871755067331283,45,952.6353778248179,,4
NEAR,1,SQUEEZE_V2,2024-02-16 04:00:00+00:00,2024-02-16 09:00:00+00:00,3.425684952306747,3.307333267549688,61.69549489690303,211.3493284934384,3.308987761430403,5.759628769833631,SL,-7.301765762969019,0.20769844561195389,0.0,-7.403789544334254,7.199690944194421,-1.0283482446290853,5,945.2315882804836,,4
DOGE,1,SQUEEZE_V2,2024-02-16 13:00:00+00:00,2024-02-16 14:00:00+00:00,0.08747748834192752,0.08565062413809742,3973.748597029211,347.6135465703736,0.08569347087353418,0.12315783770979437,SL,-7.259499066932759,0.3439837970369073,0.0,-7.429676090684479,7.089236912103627,-1.048021977936668,1,937.628105416514,,4
XRP,1,SQUEEZE_V2,2024-02-15 21:00:00+00:00,2024-02-17 10:00:00+00:00,0.5602120389819145,0.5509984908337885,580.1799102798966,325.0237705142451,0.5512741278977373,0.8084422743190847,SL,-5.345515537939266,0.32235101274527544,0.0,-5.5053546654274195,7.20090978333385,-0.7645359865734315,37,931.9898431004134,,4
LINK,-1,SQUEEZE_V2,2024-02-16 15:00:00+00:00,2024-02-17 17:00:00+00:00,19.536092915344238,20.06295163969494,13.606369630733543,265.81530134652854,20.05292517710639,9.199447680101244,SL,-7.1686345466924175,0.2693996186198747,0.0,-7.305126514639028,7.0322107906238545,-1.0388093776112421,26,924.0764787400424,,4
SOL,-1,SQUEEZE_V2,2024-02-17 14:00:00+00:00,2024-02-17 21:00:00+00:00,106.90861430511475,109.3726376607605,2.901148502481678,310.15776629367497,109.3179786714248,58.721326978913865,SL,-7.148497668311547,0.3137320151278308,0.0,-7.307150800292541,6.9899238232531005,-1.0453834669820197,7,916.7693279397498,,4
AVAX,-1,SQUEEZE_V2,2024-02-17 14:00:00+00:00,2024-02-17 21:00:00+00:00,38.93521219329834,39.813873649981716,8.138157771055287,316.8608996785774,39.793976661650895,21.759922826247298,SL,-7.150685561834565,0.32043624245949476,0.0,-7.3126913544547705,6.988760731629498,-1.0463502236325302,7,909.4566365852951,,4
APT,-1,SQUEEZE_V2,2024-02-17 14:00:00+00:00,2024-02-17 21:00:00+00:00,9.397020252037048,9.631151462356652,30.471097989120928,286.33752490557475,9.626338293210047,4.810659428577068,SL,-7.1342350519601085,0.2899046424315548,0.0,-7.280970931938876,6.987572503255704,-1.0419886059924917,7,902.1756656533562,,4
SUI,-1,SQUEEZE_V2,2024-02-17 14:00:00+00:00,2024-02-18 00:00:00+00:00,1.7325534200000001,1.773372700390953,174.95535611602705,303.1195005861406,1.772486457162372,0.9338926767525639,SL,-7.141551737199114,0.3066902764547402,0.0,-7.2966822633607835,6.986498737537308,-1.044397564141379,10,894.7447066734273,,4
SUI,1,SQUEEZE_V2,2024-02-18 18:00:00+00:00,2024-02-19 05:00:00+00:00,1.805361,1.7632254614860776,99.43786636161359,179.52124585246906,1.7641075152436994,2.6304306951260124,SL,-4.189868047822036,0.17742631182855806,0.0,-4.27753373672436,4.102158504147886,-1.042751939594519,11,889.7073749839275,,4
APT,1,SQUEEZE_V2,2024-02-19 08:00:00+00:00,2024-02-19 16:00:00+00:00,10.003199962234497,9.754131865412464,17.073202353041644,170.7866571331681,9.759011371098014,14.886971784964164,SL,-4.252390016729529,0.16866046212480335,0.0,-4.335657150287748,4.169081228777328,-1.0399550674044487,8,885.2863245050731,,4
NEAR,1,SQUEEZE_V2,2024-02-17 23:00:00+00:00,2024-02-20 01:00:00+00:00,3.3266651751995084,3.4177026731790527,80.72752110373958,268.5534331359938,3.4194123793687368,5.00299993684915,SL,7.349231539375312,0.2722280489056815,0.0,7.211280207037627,6.766317492400171,1.0657614300743694,50,892.416632434023,,4
DOGE,1,SQUEEZE_V2,2024-02-18 18:00:00+00:00,2024-02-20 07:00:00+00:00,0.08494698868989944,0.08722506990746849,5692.157962374033,483.531678050908,0.08726870425959829,0.10851405519861608,SL,12.967198141520385,0.4900152771216682,0.0,12.71894870342417,6.707373263869525,1.8962637388822654,37,905.1355811374472,,4
SOL,1,SQUEEZE_V2,2024-02-18 10:00:00+00:00,2024-02-20 08:00:00+00:00,110.91217738952636,108.74786212590148,3.070276830157191,340.5310884213471,108.80226325753024,154.62540372884084,SL,-6.64504700706304,0.3372085649178156,0.0,-6.8119900277701815,6.710585300050705,-1.0151111599339495,46,898.323591109677,,4
XRP,1,SQUEEZE_V2,2024-02-18 16:00:00+00:00,2024-02-20 15:00:00+00:00,0.5597119156122208,0.5568470256110096,921.924080644267,516.0118932264381,0.5571255884052122,0.7052620416872549,SL,-2.641211080513543,0.5146912876861813,0.0,-2.8978964215865055,6.709308308469125,-0.4319217851307423,47,895.2513191327159,,4
ETH,1,SQUEEZE_V2,2024-02-20 14:00:00+00:00,2024-02-20 15:00:00+00:00,2999.369773535156,2938.0102404785157,0.11627479673431529,348.75111074884956,2941.425772577516,4158.249792687956,SL_GAP,-7.134567233873366,0.34518382713191287,0.0,-7.305375505630853,6.737426933322577,-1.0842975482968529,1,887.9459436270851,,4
XRP,1,SQUEEZE_V2,2024-02-22 21:00:00+00:00,2024-02-22 22:00:00+00:00,0.5514102492213249,0.5420751719526365,734.7379789741675,405.14205209851826,0.5423463451251991,0.7326883311438414,SL,-6.858835805963747,0.4017126341955364,0.0,-7.057977414110025,6.659594577203138,-1.0598208843329016,1,880.6853951869258,,4
SOL,-1,SQUEEZE_V2,2024-02-23 16:00:00+00:00,2024-02-24 17:00:00+00:00,100.28993555908204,103.05968370671904,2.42992914667802,243.69743753347382,103.0081796169106,45.925054402510895,SL,-6.730291752900609,0.24706258340992415,0.0,-6.855505617543796,6.605140463901942,-1.037904591887203,25,873.5844393124299,,4
AVAX,-1,SQUEEZE_V2,2024-02-19 17:00:00+00:00,2024-02-25 22:00:00+00:00,39.29313848800659,37.38528263365457,4.121446196640403,161.9445561754594,37.36659933398758,20.336710271832242,SL,7.863125254657267,0.15801299354813078,0.0,7.786084539196866,3.906394948671917,1.9931636819886713,149,880.8486500902751,,4
BTC,1,SQUEEZE_V2,2024-02-24 18:00:00+00:00,2024-02-26 09:00:00+00:00,51555.60906,51126.8410125673,0.010166704906491467,524.150663587458,51152.41722117789,59619.445836442246,SL,-4.3591582115807865,0.5219710844816676,0.0,-4.619053964268725,4.0991324460100556,-1.1268369649204046,39,875.9942227754531,,4
BTC,-1,SQUEEZE_V2,2024-02-26 09:00:00+00:00,2024-02-26 14:00:00+00:00,51258.14632,51646.413299772445,0.010036293660449598,514.4418089578139,51620.60299827331,44009.012754533855,SL,-3.8967614276520997,0.51639018967164,0.0,-4.155930712844833,3.6377216623420314,-1.1424542883165967,5,871.5810711581294,,4
XRP,-1,SQUEEZE_V2,2024-02-26 02:00:00+00:00,2024-02-26 15:00:00+00:00,0.5409918051719665,0.5420318832234126,870.1549572585902,470.7467011066601,0.5417610027220515,0.4426720293551304,SL,-0.9050290724016041,0.47119921564286094,0.0,-1.140854937491135,4.277672016178623,-0.2666999557647938,13,870.4402162206383,,4
APT,1,SQUEEZE_V2,2024-02-24 08:00:00+00:00,2024-02-27 16:00:00+00:00,9.419883821296692,9.726900170909422,26.242688451399626,247.20307637066887,9.73176605393639,14.453077436914198,SL,8.056934412372879,0.2512315435768553,0.0,7.929304406981358,6.604226598511193,1.2006408757641478,80,878.3695206276196,,4
LINK,1,SQUEEZE_V2,2024-02-28 09:00:00+00:00,2024-02-28 11:00:00+00:00,19.40487926902771,19.016936905178635,17.40441455289718,337.73056314707867,19.026450130243756,26.973462044706782,SL,-6.75190972306016,0.3343546082855486,0.0,-6.917399049772169,6.586337610291792,-1.0502648754237958,2,871.0920837075599,,4
SUI,1,SQUEEZE_V2,2024-02-28 11:00:00+00:00,2024-02-28 12:00:00+00:00,1.6993398,1.645177,122.99255684568341,209.00614695163227,1.646221214653378,2.76171150693244,SL_GAP,-6.661621257921389,0.2056753363226716,0.0,-6.762793520768245,6.533190627806699,-1.0351440675838088,1,864.2247871133159,,4
ETH,1,SQUEEZE_V2,2024-02-24 18:00:00+00:00,2024-02-28 17:00:00+00:00,2995.2888793945312,3341.553003236865,0.17347136788381984,519.5968591157632,3343.2246155446373,3750.447244692199,SL,60.066911212022056,0.5496303147217743,0.0,59.777079326858164,6.549917729854772,9.126386283356199,95,924.001866440174,,4
BTC,1,SQUEEZE_V2,2024-02-28 08:00:00+00:00,2024-02-28 17:00:00+00:00,58273.45236,60226.667883565366,0.006561224055611716,382.34517742797533,60256.796281706214,78354.3743003892,SL,12.81548467901129,0.38875291976748094,0.0,12.617904347957797,6.587771404707147,1.915352487632153,9,936.6197707881319,,4
ETH,1,SQUEEZE_V2,2024-03-02 01:00:00+00:00,2024-03-02 05:00:00+00:00,3460.6819882324216,3388.7070813532946,0.09994547823401102,345.8795163297175,3390.402282494542,4866.276102990021,SL,-7.193566488882762,0.3422827330852761,0.0,-7.36290946380318,7.0241388001179645,-1.0482294945082131,4,928.7249187103995,,4
SUI,1,SQUEEZE_V2,2024-03-01 05:00:00+00:00,2024-03-02 09:00:00+00:00,1.71954384,1.6298204304592125,79.01022448273147,135.8615448062981,1.630635748333379,3.497705673332419,SL,-7.0890667291736715,0.13231701144171126,0.0,-7.153452968212234,7.024648280910989,-1.018336104834069,28,921.479079896611,,4
AVAX,1,SQUEEZE_V2,2024-03-03 00:00:00+00:00,2024-03-03 06:00:00+00:00,44.399877040100094,43.06625148469729,5.266667558381563,233.83939200322558,43.08779538238848,70.64151019433245,SL,-7.023762447668544,0.23032751077939134,0.0,-7.137170262446322,6.91029790061727,-1.032831053753672,6,914.118963457188,,4
LINK,1,SQUEEZE_V2,2024-03-02 01:00:00+00:00,2024-03-03 07:00:00+00:00,20.22004280319214,20.53859297927933,15.474384879301104,312.89272461253756,20.54886741298582,29.296774197311226,SL,4.929368028142307,0.3153574086266087,0.0,4.770456981821967,7.022841751931728,0.679277299749747,30,918.88942043901,,4
XRP,1,SQUEEZE_V2,2024-03-02 01:00:00+00:00,2024-03-03 07:00:00+00:00,0.6167232970118522,0.6106073012279207,436.5838673752928,269.2514421098758,0.610912757606724,0.9383874229186632,SL,-2.670145092199807,0.26791636956377596,0.0,-2.803435740708645,7.021668404214432,-0.399254931922734,30,916.0859846983013,,4
APT,1,SQUEEZE_V2,2024-03-02 08:00:00+00:00,2024-03-03 07:00:00+00:00,12.135926799201965,11.672593084309801,15.225181744222686,184.7716911524326,11.678432300460031,21.28581677404063,SL,-7.054340017459049,0.1812445211437031,0.0,-7.143198693026536,6.965436890327996,-1.025520553196796,23,908.9427860052748,,4
ETH,1,SQUEEZE_V2,2024-03-03 17:00:00+00:00,2024-03-04 00:00:00+00:00,3483.876567626953,3428.3291696751444,0.12659715766606164,441.048871120967,3430.0441917710295,4560.524084745424,SL,-7.032142696444603,0.43753279977274473,0.0,-7.249151060656864,6.81502577377105,-1.0637011951673945,7,901.1492638791708,,4
SOL,1,SQUEEZE_V2,2024-03-04 10:00:00+00:00,2024-03-04 13:00:00+00:00,134.3768761047363,130.37735622019193,1.7178715124281994,230.84220738942014,130.44257750894639,213.06284802053494,SL,-6.870661273048918,0.22740687675289567,0.0,-6.982647046107103,6.758619479093781,-1.0331469418727153,3,894.0511957293689,,4
LINK,-1,SQUEEZE_V2,2024-03-04 18:00:00+00:00,2024-03-04 23:00:00+00:00,19.91901573562622,20.564249624324006,10.560376527681534,210.35230622902625,20.553972638005003,7.219877688050584,SL,-6.813912813068766,0.21375926263556067,0.0,-6.922495922589814,6.705383967970267,-1.032378750516992,5,887.0235236536646,,4
DOGE,1,SQUEEZE_V2,2024-03-03 19:00:00+00:00,2024-03-05 04:00:00+00:00,0.14885976258516312,0.18097822117783893,687.4093199740382,102.32758817016376,0.18106875555561674,0.3470930900227853,SL,22.078527779805587,0.11336685206006655,0.0,22.016324721830603,6.813371840504345,3.2313405516703595,33,909.0398483754952,,4
SUI,-1,SQUEEZE_V2,2024-03-02 10:00:00+00:00,2024-03-05 05:00:00+00:00,1.6297739800000002,1.5603920218604919,130.11188333620206,212.05296195013773,1.5596122157526155,0.5674431733100842,SL,9.02741724308496,0.20753925332859524,0.0,8.925904470731433,6.9110930992245825,1.29153295181813,67,917.9657528462267,,4
BTC,1,SQUEEZE_V2,2024-03-03 17:00:00+00:00,2024-03-05 05:00:00+00:00,62892.375960000005,66865.0182850634,0.008671411491116526,545.3656716031649,66898.46751882281,77989.55357046388,SL,34.44841630765061,0.5625898797569902,0.0,34.1585092636952,6.545691970740164,5.218471846274898,36,952.1242621099219,,4
AVAX,1,SQUEEZE_V2,2024-03-05 16:00:00+00:00,2024-03-05 17:00:00+00:00,44.147827738952635,42.170449357858615,3.6502558141099235,161.1508648844352,42.191545130423826,83.27347990952885,SL,-7.217936932283715,0.15754189641829336,0.0,-7.294903396259791,7.140931965824414,-1.0215618117036074,1,944.74878328122,,4
NEAR,-1,SQUEEZE_V2,2024-03-05 20:00:00+00:00,2024-03-05 23:00:00+00:00,3.8332333106040957,4.20942979071353,18.940796379271973,72.60449161039477,4.207326127649706,-3.6486230303081206,SL,-7.12546092835164,0.07616722207457059,0.0,-7.165325904621014,7.085615874609149,-1.0112495556381345,3,937.5471551307937,,4
XRP,1,SQUEEZE_V2,2024-03-07 04:00:00+00:00,2024-03-08 15:00:00+00:00,0.6278255111932755,0.6055773162220606,320.4156759068632,201.16513552056526,0.6058802563502357,1.0667306080540704,SL,-7.1286704294094925,0.19760080030586052,0.0,-7.22568866195507,7.0316036634809524,-1.0276018114448215,35,929.9877696068886,,4
ETH,1,SQUEEZE_V2,2024-03-08 14:00:00+00:00,2024-03-08 15:00:00+00:00,3973.554561767578,3893.275314562606,0.08975222147454,356.6353490689324,3895.2229260256186,5540.187276606771,SL,-7.20524077494998,0.3530327286814574,0.0,-7.3799558290969705,7.030438319575334,-1.0497148959473053,1,922.6078137777916,,4
BTC,1,SQUEEZE_V2,2024-03-08 15:00:00+00:00,2024-03-08 16:00:00+00:00,68485.89443999999,67332.66426434294,0.006180677176889491,423.2892047041708,67366.34743806196,90876.8344787605,SL,-7.127743426383802,0.4197253329909789,0.0,-7.335824157022695,6.919558603333437,-1.0601578189523138,1,914.9607189260317,,4
SOL,1,SQUEEZE_V2,2024-03-08 15:00:00+00:00,2024-03-08 16:00:00+00:00,151.80035827331542,145.32729389953613,1.3125936396782238,199.25218477042947,146.5298990392514,257.2095429545957,SL_GAP,-8.496503126250406,0.19500393320730428,0.0,-8.591880967072496,6.917971268815797,-1.2419654018804902,1,906.3688379589593,,4
SUI,-1,SQUEEZE_V2,2024-03-08 16:00:00+00:00,2024-03-09 11:00:00+00:00,1.50809832,1.5683755791219405,114.26072572670785,172.3164085104289,1.5675917832303254,0.31822905539349056,SL,-6.887323372089741,0.17576007019647377,0.0,-6.976925238031,6.7977662846921945,-1.0263555623767546,19,899.1954592956118,,4
APT,1,SQUEEZE_V2,2024-03-09 03:00:00+00:00,2024-03-09 16:00:00+00:00,13.596918974304199,13.171364015674069,16.223560833121745,220.5904421226515,13.177952992170153,21.976238616985103,SL,-6.904016759172521,0.21713843374306524,0.0,-7.01085997185426,6.797120098160281,-1.0314456520713573,13,892.0717899704324,,4
AVAX,1,SQUEEZE_V2,2024-03-10 08:00:00+00:00,2024-03-10 09:00:00+00:00,43.822761975860594,42.98698631428477,8.214129993258982,359.9658635333658,43.00849055956455,60.108190301781455,SL,-6.86516992938584,0.3565332785686729,0.0,-7.04172027618783,6.68853126325081,-1.052805167388178,1,884.5824652254869,,4
SUI,1,SQUEEZE_V2,2024-03-09 13:00:00+00:00,2024-03-10 12:00:00+00:00,1.5923184000000001,1.5594289642661707,141.69195473103073,225.6187066501873,1.560209068800571,2.5442377884393697,SL,-4.660168439126901,0.22328862243062386,0.0,-4.770647708232431,6.743965944717088,-0.7073949879550528,23,879.5464427776868,,4
ETH,1,SQUEEZE_V2,2024-03-10 09:00:00+00:00,2024-03-10 12:00:00+00:00,3962.0022029296874,3913.583681922436,0.13395991520217515,530.7494791352921,3915.5414526487602,4891.217208548227,SL,-6.486140968346141,0.527506408651119,0.0,-6.748272637429614,6.223878167862441,-1.0842552594096284,3,872.7981701402572,,4
BTC,1,SQUEEZE_V2,2024-03-10 05:00:00+00:00,2024-03-10 14:00:00+00:00,69478.39289999999,68632.35034729417,0.007703734235082738,535.2430739822594,68666.68368913874,85712.5771172252,SL,-6.517686977616656,0.531984230493451,0.0,-6.782049671118978,6.253192036643851,-1.0845740273729017,9,865.8161688302233,,4
XRP,-1,SQUEEZE_V2,2024-03-10 13:00:00+00:00,2024-03-11 07:00:00+00:00,0.6148770095348358,0.6210563481065183,650.3792980197899,399.90327782977414,0.6207459751189589,0.4135795114138928,SL,-4.018913882477484,0.4019127347710129,0.0,-4.22087497833361,6.54598627605193,-0.6448035178098998,18,861.5952938518897,,4
SUI,1,SQUEEZE_V2,2024-03-12 03:00:00+00:00,2024-03-12 06:00:00+00:00,1.6058211,1.5608815352058723,146.3164305944741,234.95801152529205,1.5616623663890667,2.488995772218666,SL,-6.575396713145865,0.2316703131687191,0.0,-6.689588020551938,6.461148281523986,-1.0353559041016267,3,854.6793705102169,,4
SOL,1,SQUEEZE_V2,2024-03-12 03:00:00+00:00,2024-03-12 16:00:00+00:00,151.34025955810546,146.7748800595196,1.4385638781901202,217.7126307162076,146.84830421162542,241.17936648770635,SL,-6.567590036895335,0.21442883569775995,0.0,-6.673162557234991,6.461964703889172,-1.0326832260811807,13,848.006207952982,,4
DOGE,1,SQUEEZE_V2,2024-03-08 02:00:00+00:00,2024-03-12 17:00:00+00:00,0.16419283029735088,0.15843006775741855,667.466655591652,109.59323931070047,0.15850932241862786,0.374865505413698,SL,-3.8464518394974836,0.10767001339095172,0.0,-3.899325233233085,7.030849294222751,-0.5546023062160016,111,844.1068827197489,,4
AVAX,1,SQUEEZE_V2,2024-03-14 02:00:00+00:00,2024-03-14 13:00:00+00:00,57.61252193984985,54.58285391140897,2.108606363738197,121.48213039337388,54.61015899090442,117.65978091875854,SL,-6.388377284784598,0.11828794175098159,0.0,-6.445924161338892,6.330801620398117,-1.0181845124588718,11,837.3093733232076,,4
APT,1,SQUEEZE_V2,2024-03-14 10:00:00+00:00,2024-03-14 13:00:00+00:00,13.871573923301696,13.416506086978439,14.115782549125623,195.80812111544813,13.42321769582635,22.838698472808606,SL,-6.423638622640192,0.192596301804128,0.0,-6.518330863886597,6.328899011588282,-1.0299312490136852,3,830.791042459321,,4
LINK,1,SQUEEZE_V2,2024-03-14 10:00:00+00:00,2024-03-14 15:00:00+00:00,21.13022465057373,20.607824211589122,12.36083793973234,261.18728253587926,20.618133278228235,31.372052097483653,SL,-6.457307165933772,0.2579586289529124,0.0,-6.584672153618745,6.329878463897792,-1.0402525405778575,5,824.0617072631404,,4
DOGE,1,SQUEEZE_V2,2024-03-14 05:00:00+00:00,2024-03-14 16:00:00+00:00,0.17858571496009826,0.16943460869283838,698.2245830122054,124.69293635995118,0.16951936837702689,0.3599126466215258,SL,-6.389527357557904,0.12149817268117222,0.0,-6.448679062059101,6.330346062409141,-1.0186929748363434,11,817.6130282010813,,4
NEAR,1,SQUEEZE_V2,2024-03-14 17:00:00+00:00,2024-03-14 19:00:00+00:00,8.235647006034851,7.729928583372617,12.218948049356076,100.63094291957475,7.733795481113173,18.272677504468405,SL,-6.1793471341121355,0.09754126935251868,0.0,-6.226572932004867,6.132097711508109,-1.015406672388709,2,811.3361397976166,,4
NEAR,1,SQUEEZE_V2,2024-03-14 22:00:00+00:00,2024-03-15 03:00:00+00:00,8.754750859451294,8.119361888142429,9.638457641153684,84.3822953176751,8.123423599942399,21.3812960496292,SL,-6.12416968561671,0.08132021047486675,0.0,-6.163298748432739,6.085021048482123,-1.0128639982223466,5,805.130649901525,,4
ETH,-1,SQUEEZE_V2,2024-03-14 14:00:00+00:00,2024-03-17 15:00:00+00:00,3877.6942767089845,3629.711691192574,0.07461291800685628,289.3260851237433,3627.8977423214137,2207.4921227408618,SL,18.502704320264154,0.2800747329636113,0.0,18.367292629862416,6.2309328184449075,2.947759695866285,73,823.4979425313874,,4
SUI,1,SQUEEZE_V2,2024-03-18 05:00:00+00:00,2024-03-18 14:00:00+00:00,1.6758351,1.5891337949904767,71.8892828949961,120.47458358926409,1.5899287593701616,3.393961912596766,SL,-6.232894643194966,0.11735813626766661,0.0,-6.290015487668001,6.175745224012348,-1.0185030728293891,9,817.0824437555171,,4
SOL,1,SQUEEZE_V2,2024-03-17 23:00:00+00:00,2024-03-19 01:00:00+00:00,201.24023694763184,191.61960393142235,0.6484388748222366,130.49199281528269,191.71546166225346,391.7357426551997,SL,-6.238392448108546,0.1273727965912284,0.0,-6.300519248292133,6.1762345689854055,-1.020123050366454,26,810.7138553325007,,4
APT,1,SQUEEZE_V2,2024-03-19 12:00:00+00:00,2024-03-20 04:00:00+00:00,15.579715394783019,14.201401109486712,4.433604287910796,69.07429297873983,14.208505362167795,43.0039160470875,SL,-6.110900125378412,0.06601884291605063,0.0,-6.142381821805093,6.07940268022916,-1.0103594291887832,16,804.3253280410887,,4
NEAR,-1,SQUEEZE_V2,2024-03-20 02:00:00+00:00,2024-03-20 07:00:00+00:00,6.144770708465576,6.60002872464686,13.449912476383135,82.64662821630479,6.596730359467126,-2.89442231156542,SL,-6.123180471810081,0.08570821845220983,0.0,-6.167565376154139,6.078817748827515,-1.0145994880902198,5,798.1577626649346,,4
DOGE,-1,SQUEEZE_V2,2024-03-18 17:00:00+00:00,2024-03-20 18:00:00+00:00,0.1418116279810667,0.13903234525922878,959.9942641286711,136.138349448573,0.13896286382731513,0.01414173333375851,SL,2.668095471356321,0.13480430171289484,0.0,2.6013603443677127,6.128118328166378,0.42449577587482346,49,800.7591230093022,,4
BTC,-1,SQUEEZE_V2,2024-03-19 02:00:00+00:00,2024-03-20 18:00:00+00:00,65840.02936,65140.207009342535,0.0038527109777709186,253.6626038920316,65107.653182751164,34276.00106887851,SL,2.6962132528674645,0.25231449726559785,0.0,2.570730057547882,6.080353914993755,0.422792833030431,40,803.3298530668501,,4
SOL,-1,SQUEEZE_V2,2024-03-19 23:00:00+00:00,2024-03-20 18:00:00+00:00,169.21615,181.1432877257631,0.513588177764401,86.90741412680755,181.05276134509054,-67.51607690181086,SL,-6.125636930519707,0.0899702325920674,0.0,-6.17215345604837,6.079143651630489,-1.0152998201305763,19,797.1576996108017,,4
LINK,1,SQUEEZE_V2,2024-03-21 15:00:00+00:00,2024-03-21 18:00:00+00:00,18.734747100448608,18.141860963985643,10.240118252355707,191.84602573657196,18.150936432201743,30.410960465385948,SL,-6.071224147563068,0.18881041366279044,0.0,-6.164111548357573,5.97829027983471,-1.0310826774587467,3,790.7363751864501,,4
NEAR,-1,SQUEEZE_V2,2024-03-22 01:00:00+00:00,2024-03-22 08:00:00+00:00,6.379723841953278,6.713066762195127,17.971931277821525,114.65595845906383,6.709711906242006,-0.22003744382128065,SL,-5.990816054534852,0.11765136648633126,0.0,-6.051139441791651,5.930522813898376,-1.0203382790486204,7,784.5715404219765,,4
DOGE,1,SQUEEZE_V2,2024-03-22 07:00:00+00:00,2024-03-22 12:00:00+00:00,0.16335266894102096,0.1546825787553119,690.1306702601859,112.73468690505705,0.15475995873467924,0.33520687306785574,SL,-5.983495151079646,0.10974293932951723,0.0,-6.036870746956635,5.930092854054155,-1.0180061080880851,5,778.5346696750198,,4
XRP,1,SQUEEZE_V2,2024-03-21 15:00:00+00:00,2024-03-22 13:00:00+00:00,0.6286256847381592,0.6110768600159628,346.66384017540514,217.92179390422382,0.6113825512916086,0.9734883536691702,SL,-6.083542968761664,0.214880022419843,0.0,-6.189462094229396,5.977570857238199,-1.0354477164807874,22,772.0369451332886,,4
LINK,-1,SQUEEZE_V2,2024-03-22 14:00:00+00:00,2024-03-22 19:00:00+00:00,17.59747963218689,18.204180371120106,9.689166846068849,170.50491622655704,18.195082829705253,5.645415681819646,SL,-5.878424685157197,0.17344412856913566,0.0,-5.966616355613054,5.790277088499664,-1.0304543745347914,5,765.9850763195623,,4
BTC,-1,SQUEEZE_V2,2024-03-22 12:00:00+00:00,2024-03-23 16:00:00+00:00,64229.25158,65714.3006807648,0.004020779758615883,258.2516746639112,65681.45995078942,35185.084164211745,SL,-5.971055364905863,0.26123720234636416,0.0,-6.103166729920271,5.839010022562649,-1.045239981835429,28,759.881909589642,,4
SUI,1,SQUEEZE_V2,2024-03-20 22:00:00+00:00,2024-03-23 17:00:00+00:00,1.7649529199999998,1.6632962615082933,59.29786067454598,104.65793234729308,1.6641283256711288,3.7814448065774213,SL,-6.028022371881112,0.10164392116135254,0.0,-6.077337326868817,5.978682747081013,-1.0165010561625754,67,753.8045722627731,,4
APT,1,SQUEEZE_V2,2024-03-24 08:00:00+00:00,2024-03-24 16:00:00+00:00,16.57411494140625,15.994710083792945,9.892799022461071,163.9643880905012,16.0027114395127,28.002184979277217,SL,-5.7319358090061,0.16109842018599813,0.0,-5.811052035146848,5.6527800049633345,-1.0279989721950165,8,747.8109664325859,,4
SOL,-1,SQUEEZE_V2,2024-03-22 12:00:00+00:00,2024-03-24 20:00:00+00:00,172.06558610229493,179.17069722205568,0.8320399445961363,143.16544072745518,179.08115664373383,31.754175273516836,SL,-5.911736262435126,0.14612130885867275,0.0,-5.986274850930071,5.837234924609112,-1.0255326243068654,56,741.7216533189098,,4
AVAX,-1,SQUEEZE_V2,2024-03-24 18:00:00+00:00,2024-03-24 20:00:00+00:00,52.806437942504886,54.27074067164504,3.9024886646698755,206.07652549221854,54.243618862213935,24.062819548323887,SL,-5.714424802114602,0.20893373789327585,0.0,-5.820320277261768,5.608582248244394,-1.0377525049371705,2,735.9013330416481,,4
SUI,-1,SQUEEZE_V2,2024-03-24 00:00:00+00:00,2024-03-24 21:00:00+00:00,1.64427108,1.6913318694717383,122.32970854790028,201.14320199014122,1.690486626158659,0.7199601568268188,SL,-5.756932660111842,0.20402166832019714,0.0,-5.860382727436968,5.653534291970798,-1.0365874557018142,21,730.040950314211,,4
ETH,-1,SQUEEZE_V2,2024-03-22 12:00:00+00:00,2024-03-25 05:00:00+00:00,3404.9587645996094,3497.081971743172,0.06317485599208668,215.1077796125737,3495.3343045908764,1556.741942541818,SL,-5.8198703448237294,0.21801771478498555,0.0,-5.930334169802428,5.838041578782659,-1.0158088272881083,65,723.6793113243411,,4
DOGE,1,SQUEEZE_V2,2024-03-24 22:00:00+00:00,2024-03-25 08:00:00+00:00,0.17805560445785523,0.17074315395179804,757.405534130052,134.86030019925113,0.170828568235916,0.3225963288966399,SL,-5.538490481339819,0.1320910549585812,0.0,-5.603151386198775,5.473797229855121,-1.0236315213939844,10,717.9291299767015,,4
SUI,1,SQUEEZE_V2,2024-03-25 09:00:00+00:00,2024-03-25 11:00:00+00:00,1.72004394,1.678994256181038,133.90946808194747,230.33016908297716,1.6798341732676718,2.524239274646564,SL,-5.496941325129329,0.22758169842041254,0.0,-5.6093579390082535,5.384468474825261,-1.041766325726383,2,712.2046069531517,,4
LINK,1,SQUEEZE_V2,2024-03-24 23:00:00+00:00,2024-03-26 16:00:00+00:00,18.54370891571045,19.770688714059013,17.532091756310873,325.1100062125556,19.780579003560792,24.787449343043324,SL,21.51152240778681,0.335865767416449,0.0,21.33821164347664,5.473291503729374,3.8986068308141957,41,733.3879766696364,,4
NEAR,1,SQUEEZE_V2,2024-03-24 21:00:00+00:00,2024-03-26 17:00:00+00:00,6.808361560249328,7.541811860531228,28.755836542494258,195.78013214873087,7.545584652857656,10.616497775841868,SL,21.090976946949628,0.2063256206222057,0.0,20.98254139240179,5.475307127356583,3.8322126785483035,44,754.3705180620382,,4
SOL,1,SQUEEZE_V2,2024-03-24 22:00:00+00:00,2024-03-27 08:00:00+00:00,181.9563821685791,184.79265100978094,1.1368614780586166,206.85920157436934,184.8850935565592,278.266672516525,SL,3.2244447869803268,0.2084714239678595,0.0,3.119402963799652,5.474572951861025,0.5697984100731077,58,757.4268805224211,,4
DOGE,1,SQUEEZE_V2,2024-03-27 06:00:00+00:00,2024-03-27 08:00:00+00:00,0.18937786338329315,0.180789251578661,665.7642270378715,126.08100683346179,0.18087969142437316,0.3593413025616933,SL,-5.71799049943927,0.12322201158374216,0.0,-5.7781720076062815,5.657778885465286,-1.0212792200929384,2,751.6487085148149,,4
ETH,1,SQUEEZE_V2,2024-03-25 05:00:00+00:00,2024-03-27 14:00:00+00:00,3490.0777587890625,3519.7088616747706,0.08425598029768641,294.0599228819248,3521.4695964730067,4778.436120001224,SL,2.4965976209369374,0.2953082216923933,0.0,2.3483193606855064,5.427594834932559,0.4326629809527199,57,753.738307200816,,4
BTC,1,SQUEEZE_V2,2024-03-25 14:00:00+00:00,2024-03-27 16:00:00+00:00,68020.00128,68492.76318106765,0.004552835168423801,309.68385398381594,68527.02669441486,91484.65288520126,SL,2.152407009471723,0.31076005748855184,0.0,1.9964888789750792,5.341534552148637,0.37376691276329754,50,755.7347960797912,,4
XRP,-1,SQUEEZE_V2,2024-03-27 08:00:00+00:00,2024-03-28 16:00:00+00:00,0.6204758651256561,0.63193084263311,506.08486260417635,314.01344295132515,0.6316150351155522,0.3976924653277357,SL,-5.797190717993704,0.316912038310322,0.0,-5.957096034828363,5.637365313861111,-1.0567163387799439,32,749.7777000449628,,4
SOL,1,SQUEEZE_V2,2024-03-28 23:00:00+00:00,2024-03-29 07:00:00+00:00,190.16803088378907,185.0723836093541,1.1239775986943088,213.7446067011864,185.16496609240028,290.22932671156497,SL,-5.727393387312629,0.21088091000753006,0.0,-5.831401993969566,5.62333275033722,-1.0370010548673059,8,743.5921544499334,,4
NEAR,-1,SQUEEZE_V2,2024-03-29 03:00:00+00:00,2024-03-30 06:00:00+00:00,7.082583310604096,7.291192830673673,27.42607105568876,194.24743313446325,7.2875490561456004,2.983268399773996,SL,-5.721339520321343,0.19710810289462394,0.0,-5.821323906648735,5.621405101203527,-1.0355638495796018,27,737.5042632788321,,4
ETH,-1,SQUEEZE_V2,2024-03-29 16:00:00+00:00,2024-03-30 11:00:00+00:00,3487.5923810546874,3550.193203518507,0.0916858737707069,319.7629548130592,3548.4189940214965,2271.0601217185085,SL,-5.739611106360182,0.32263276036623934,0.0,-5.902362389319892,5.576941158374501,-1.0583512039492704,19,731.6019008895122,,4
LINK,-1,SQUEEZE_V2,2024-03-29 03:00:00+00:00,2024-03-31 05:00:00+00:00,18.960207901763916,19.32486409982217,15.838178771022504,300.29516228389036,19.315206496573886,11.86023600556451,SL,-5.775490054808049,0.3031829073112944,0.0,-5.928525380977399,5.6225312080620915,-1.0544228500637836,50,725.5519062265184,,4
APT,-1,SQUEEZE_V2,2024-03-31 00:00:00+00:00,2024-03-31 18:00:00+00:00,16.614775592803955,16.998532196197576,14.621838415795375,242.93856403268026,16.990037177608773,9.109543896707567,SL,-5.611227045816001,0.24574417755558825,0.0,-5.735501941355249,5.487014256671341,-1.0452865024693139,18,719.4209390667795,,4
BTC,1,SQUEEZE_V2,2024-03-31 06:00:00+00:00,2024-04-01 05:00:00+00:00,70399.87716,70046.63614699991,0.006183691808815523,435.33114373591104,70081.67698549265,81496.97062228755,SL,-2.184333558626376,0.43423897695659786,0.0,-2.4009069637150184,3.4310502972203594,-0.6997586032650398,23,716.9044761226361,,4
ETH,1,SQUEEZE_V2,2024-03-31 06:00:00+00:00,2024-04-01 05:00:00+00:00,3606.1610293945314,3557.004367572634,0.09860882254921242,355.59929303145054,3558.78375945236,4553.706428237959,SL,-4.847280542707147,0.353175652760097,0.0,-5.022656548951519,4.67181680459373,-1.0750970680213345,23,711.8818195736845,,4
APT,1,SQUEEZE_V2,2024-04-01 00:00:00+00:00,2024-04-01 05:00:00+00:00,17.08391574897766,16.718430402571997,13.528043819273028,231.11196085693837,16.726793799471732,24.22635473909623,SL,-4.944301781477989,0.22863980996619937,0.0,-5.05738561101572,4.831161381740396,-1.0468260551449076,5,706.8244339626688,,4
SOL,1,SQUEEZE_V2,2024-03-29 23:00:00+00:00,2024-04-01 14:00:00+00:00,192.31845477905273,191.8164670267435,1.109470093949753,213.37157409198696,191.9124232383627,292.8302590665231,SL,-0.5569403987161347,0.2130931038926289,0.0,-0.6633477155627701,5.575742047293952,-0.11897030205776994,63,705.7971480385448,,4
XRP,-1,SQUEEZE_V2,2024-04-01 06:00:00+00:00,2024-04-02 01:00:00+00:00,0.606378729557991,0.616957255052438,516.076668697777,312.9379147194782,0.6166489305871445,0.400974708974919,SL,-5.459330196908735,0.3156675798179326,0.0,-5.6185288193669285,5.300211133982043,-1.0600575481501118,19,700.1786192191779,,4
NEAR,-1,SQUEEZE_V2,2024-04-01 06:00:00+00:00,2024-04-03 06:00:00+00:00,6.8006396457672125,6.703092343204164,22.895832409988824,155.70630561021187,6.69974247196818,2.1718167910978057,SL,2.2334266915300405,0.15458959226444685,0.0,2.1566902520706996,5.299037616801845,0.4069965922175011,48,702.2857165588737,,4
AVAX,-1,SQUEEZE_V2,2024-03-27 08:00:00+00:00,2024-04-06 15:00:00+00:00,54.976002111816406,47.72397900921781,3.70030374350462,203.42790641727214,47.70012894474544,24.512623134652088,SL,26.834688234527587,0.19001056230000835,0.0,26.746391625436214,5.636187763450044,4.7454756207525834,247,728.864121223472,,4
DOGE,-1,SQUEEZE_V2,2024-04-02 03:00:00+00:00,2024-04-07 00:00:00+00:00,0.1909917896807194,0.19195783347220693,519.3198352437719,99.18582474990433,0.19186190252094648,-0.0112473426520103,SL,-0.501685702633579,0.09943666760122111,0.0,-0.551529457859848,5.251339644143835,-0.10502643044140177,117,728.0939325292452,,4
SOL,-1,SQUEEZE_V2,2024-04-05 03:00:00+00:00,2024-04-07 01:00:00+00:00,178.04438583068847,182.00710544814433,0.9838055516672645,175.16105522341977,181.91614737445713,70.9674768771806,SL,-3.8985455593538543,0.17711032800309667,0.0,-3.988075359745241,5.267142874191553,-0.7571610368282189,46,724.1058571694999,,4
APT,-1,SQUEEZE_V2,2024-04-05 03:00:00+00:00,2024-04-07 03:00:00+00:00,13.643770333862305,13.717505143609014,11.786541587646813,160.8128664523699,13.710649818699665,4.707330444227258,SL,-0.8690784015368084,0.1612474056531383,0.0,-0.9499193739637617,5.266486020234464,-0.1803706247987859,48,723.0652600324667,,4
LINK,-1,SQUEEZE_V2,2024-04-01 06:00:00+00:00,2024-04-07 12:00:00+00:00,18.360327520370483,17.83369815192961,14.119148828098778,259.23219679274865,17.824785759050087,10.851116704248183,SL,7.435558430264341,0.2555144175776165,0.0,7.309660111083099,5.301183254720016,1.3788733118355785,150,730.3749201435497,,4
NEAR,-1,SQUEEZE_V2,2024-04-07 22:00:00+00:00,2024-04-08 01:00:00+00:00,6.837632425022125,7.004914116870494,33.44595769945017,228.69116485167888,7.001413410165411,3.562012722156407,SL,-5.594896389453002,0.2314886130464054,0.0,-5.712039420073568,5.477811901076623,-1.0427593212813513,3,724.2421525162146,,4
AVAX,1,SQUEEZE_V2,2024-04-08 00:00:00+00:00,2024-04-08 03:00:00+00:00,49.330863345336915,48.26480954077543,4.500823802317539,222.02952393356622,48.28895401778432,70.16904989638877,SL,-4.798120338121498,0.21963046376450546,0.0,-4.90673603991922,4.689450301305382,-1.046335012560716,3,719.3354164762953,,4
SOL,-1,SQUEEZE_V2,2024-04-08 03:00:00+00:00,2024-04-08 07:00:00+00:00,176.69464972839356,180.5388216760523,1.4371579276158495,253.93811662446652,180.44859737736363,101.61569674899225,SL,-5.524682189696214,0.2567004577193146,0.0,-5.654413589103295,5.395015623572215,-1.0480810406549526,4,713.4664993020796,,4
LINK,1,SQUEEZE_V2,2024-04-08 09:00:00+00:00,2024-04-09 01:00:00+00:00,18.291657706832886,17.964095727887234,13.25490692415977,242.45422039265964,17.973082269021745,24.663166463055724,SL,-4.34180354281821,0.24028331862125055,0.0,-4.46085975124313,4.222687776510125,-1.0564029327619018,16,708.8844124406402,,4
BTC,1,SQUEEZE_V2,2024-04-06 23:00:00+00:00,2024-04-09 06:00:00+00:00,69063.81,70674.04374636321,0.0063320930706557196,437.3184727340832,70709.398445586,84364.26826145774,SL,10.196149947482507,0.44241654770782446,0.0,9.972392636141723,4.844196286761662,2.058626869310503,55,718.8568050767819,,4
DOGE,1,SQUEEZE_V2,2024-04-07 01:00:00+00:00,2024-04-09 08:00:00+00:00,0.19221842879354953,0.19464142930917389,943.4866743909918,181.3555261390877,0.19473879870852814,0.3073402227982559,SL,2.2860686985340832,0.18249856048835475,0.0,2.1942479011152725,5.43079392877125,0.40403814431083274,55,721.0510529778973,,4
ETH,1,SQUEEZE_V2,2024-04-08 00:00:00+00:00,2024-04-09 08:00:00+00:00,3454.6908,3612.047997418678,0.11310295142421832,390.7357257380939,3613.854924881118,4423.180877445617,SL,17.797563455895865,0.39963450746604184,0.0,17.59329681129887,5.476954309208429,3.212240931372967,32,738.6443497891961,,4
NEAR,1,SQUEEZE_V2,2024-04-08 06:00:00+00:00,2024-04-09 17:00:00+00:00,7.165432834339142,7.1711575922955175,24.432446391967503,175.06905360023484,7.174744964777906,11.069920646068088,SL,0.13986984187613935,0.1751389885211729,0.0,0.05226538015508386,4.769809457407898,0.010957540468186108,35,738.6966151693512,,4
DOGE,-1,SQUEEZE_V2,2024-04-10 13:00:00+00:00,2024-04-10 14:00:00+00:00,0.1835932785242796,0.19015152377344202,856.8658206346711,157.31480526571656,0.1900564955256792,0.05432893849628764,SL,-5.619536197346999,0.16012457336439007,0.0,-5.701003368078531,5.538109739844223,-1.0294132178462196,1,732.6349712085183,,4
BTC,-1,SQUEEZE_V2,2024-04-10 13:00:00+00:00,2024-04-10 16:00:00+00:00,67963.80451999999,69146.09667623104,0.004827088068671698,328.06726990002755,69111.54090577815,45009.07680443676,SL,-5.707028361027042,0.33092078408054104,0.0,-5.87391551015757,5.540224613770134,-1.0602305717999327,3,726.7610556983608,,4
ETH,-1,SQUEEZE_V2,2024-04-10 13:00:00+00:00,2024-04-10 16:00:00+00:00,3439.1919068359375,3521.705319199699,0.0685914356433257,235.8991103427838,3519.945346526436,1824.123113025967,SL,-5.659713413860128,0.2387289670497139,0.0,-5.780492825738451,5.538994361508008,-1.0435996949028656,3,720.9805628726224,,4
SUI,-1,SQUEEZE_V2,2024-04-12 08:00:00+00:00,2024-04-12 23:00:00+00:00,1.4747050000000002,1.2456808094177025,146.6586211499124,216.27820190288156,1.2450582802775638,0.7372980641994313,SL,33.58837200077452,0.19948401590249432,0.0,33.49702708582347,5.407354221544668,6.1947166235865145,15,753.8515753676951,,4
SOL,-1,SQUEEZE_V2,2024-04-12 13:00:00+00:00,2024-04-13 05:00:00+00:00,169.6060713897705,154.883160007533,1.442041884794552,244.579058859504,154.80575712896854,94.62152017393917,SL,21.231054879304924,0.23396353141985154,0.0,21.119380877314825,5.4065431782875315,3.9062632408318576,16,774.9709562450099,,4
ETH,-1,SQUEEZE_V2,2024-04-12 14:00:00+00:00,2024-04-13 11:00:00+00:00,3463.3072,3293.530521553833,0.09219880110318805,319.3127716920391,3291.884579264201,2291.088804457104,SL,15.653206208018098,0.31148616858803013,0.0,15.501376425276087,5.403856535007882,2.868576603552166,21,790.472332670286,,4
AVAX,-1,SQUEEZE_V2,2024-04-12 13:00:00+00:00,2024-04-13 22:00:00+00:00,45.23594993209839,32.32018657960751,6.121008305627464,276.8896252473224,32.30403456232634,27.57341547075138,SL,79.05749475411552,0.23736087787026464,0.0,78.95857868886893,5.405626006816808,14.606740937922375,33,869.430911359155,,4
NEAR,-1,SQUEEZE_V2,2024-04-12 13:00:00+00:00,2024-04-13 22:00:00+00:00,6.673665190696717,4.895685854854333,29.214759540455077,194.96952379970986,4.893239235236715,2.97376297980352,SL,51.943238764533255,0.16899790441744322,0.0,51.87172562201567,5.404587670722131,9.59772119213025,33,921.3026369811706,,4
SOL,-1,SQUEEZE_V2,2024-04-16 16:00:00+00:00,2024-04-16 21:00:00+00:00,127.57447847442627,135.48400479606656,0.881143839941464,112.4114658414856,135.41629664774268,-29.261884991901454,SL,-6.969430395168204,0.1158961810390697,0.0,-7.029120843286531,6.90976977735878,-1.017272799206542,5,914.0239358376534,,4
LINK,-1,SQUEEZE_V2,2024-04-16 16:00:00+00:00,2024-04-16 21:00:00+00:00,12.933412670326232,13.525346056547146,11.807337882709284,152.70917337505517,13.518586763165564,1.2299308135396192,SL,-6.989157495166583,0.15620375212263848,0.0,-7.069006660601694,6.909348234361874,-1.023107595799818,5,906.9549291770518,,4
DOGE,-1,SQUEEZE_V2,2024-04-16 16:00:00+00:00,2024-04-16 21:00:00+00:00,0.1478704202145338,0.1570527425618818,758.8862724650481,112.21683200444787,0.1569742554341647,-0.034206284178084106,SL,-6.968338378751417,0.11570100119382358,0.0,-7.0279309639430165,6.908775574961718,-1.017246961880356,5,899.9269982131087,,4
AVAX,-1,SQUEEZE_V2,2024-04-16 16:00:00+00:00,2024-04-16 21:00:00+00:00,32.942411511993406,34.82791740588707,3.69806348865019,121.82312924059251,34.81051214981217,-4.419601244381816,SL,-6.972720503842902,0.12530948949251397,0.0,-7.03711842871512,6.908354761841701,-1.0186388324445417,5,892.8898797843937,,4
AVAX,-1,SQUEEZE_V2,2024-04-17 16:00:00+00:00,2024-04-17 18:00:00+00:00,32.63447064056397,34.164825577188154,4.4236336672919006,144.36294303984783,34.147751701337484,2.3688494250936927,SL,-6.769729620557109,0.1477478078501264,0.0,-6.845295956887311,6.694201048512922,-1.0225710144167173,2,885.6426623733158,,4
SUI,1,SQUEEZE_V2,2024-04-17 18:00:00+00:00,2024-04-18 00:00:00+00:00,1.31396274,1.2387828917283905,89.08673382870853,117.05664887922056,1.2394025930249029,2.805165679501945,SL,-6.697527132255569,0.11370788531309278,0.0,-6.752706693129052,6.642319967799868,-1.01661870037341,6,878.8314273557471,,4
BTC,-1,SQUEEZE_V2,2024-04-17 15:00:00+00:00,2024-04-18 11:00:00+00:00,61279.44166,62834.5259896369,0.004395057975032526,269.3266987733234,62803.124427423194,30805.78631153602,SL,-6.8346857848187925,0.2727440416657328,0.0,-6.9727664770978635,6.696674098382952,-1.0412282835716284,20,871.8586608786493,,4
ETH,-1,SQUEEZE_V2,2024-04-17 15:00:00+00:00,2024-04-18 11:00:00+00:00,2982.1534500000002,3063.9575678684737,0.08341125998898313,248.74517674499305,3062.4263546911284,1376.6953561774353,SL,-6.823384543696659,0.25215686901684137,0.0,-6.951168824341004,6.695664123262553,-1.0381597249167203,20,864.9074920543082,,4
DOGE,-1,SQUEEZE_V2,2024-04-17 16:00:00+00:00,2024-04-18 14:00:00+00:00,0.145930811136961,0.15291608303201445,969.007769650161,141.40808982306544,0.15283966320041426,0.0077537698678958045,SL,-6.76878273942571,0.1447924811927783,0.0,-6.842871175706955,6.694731328849759,-1.022127825536301,22,858.0646208786013,,4
SUI,-1,SQUEEZE_V2,2024-04-19 02:00:00+00:00,2024-04-19 06:00:00+00:00,1.1761647199999998,1.2344676051926549,111.56067564827177,131.21373083686038,1.2338506798527287,0.022445522945423235,SL,-6.504309264336214,0.1344658854690285,0.0,-6.573168284386813,6.43548465658951,-1.0213944458178956,4,851.425845728796,,4
DOGE,1,SQUEEZE_V2,2024-04-20 18:00:00+00:00,2024-04-21 16:00:00+00:00,0.16363271775841712,0.15792778704235733,1134.433518424535,185.63043973605,0.1580067904375761,0.2761512641752376,SL,-6.471864624587911,0.18239450742375604,0.0,-6.561443912143642,6.382240524982399,-1.0280784446245446,22,844.311144198975,,4
LINK,1,SQUEEZE_V2,2024-04-20 14:00:00+00:00,2024-04-24 14:00:00+00:00,14.372873885536194,14.997542418374145,17.085117466348,245.56223866339144,15.005044940844567,21.848027457694737,SL,10.67253526106766,0.2508985062939253,0.0,10.54441787410543,6.385693842965969,1.6512564074333786,96,854.6563356281862,,4
BTC,1,SQUEEZE_V2,2024-04-22 06:00:00+00:00,2024-04-24 14:00:00+00:00,66390.57546000001,65302.80865926642,0.006001648381981302,398.45288978831655,65335.47639746515,87492.5567106971,SL,-6.52839385959572,0.3951886928585187,0.0,-6.724356107560081,6.332333581492311,-1.061908066121713,56,847.9319795206261,,4
ETH,1,SQUEEZE_V2,2024-04-20 18:00:00+00:00,2024-04-24 18:00:00+00:00,3154.830791162109,3137.0069901761494,0.10044705398660518,316.89345879846474,3138.576278315307,4425.975678359384,SL,-1.7903482998831985,0.3159982846485231,0.0,-1.9478998551324893,6.384137955455111,-0.30511556434460346,96,845.6465862596579,,4
SOL,1,SQUEEZE_V2,2024-04-20 18:00:00+00:00,2024-04-24 19:00:00+00:00,150.58011305236815,147.81917478209104,1.255730233949475,189.08800059138864,147.8931213427624,252.24127294829938,SL,-3.4669936600551323,0.1873545037613611,0.0,-3.559804163520799,6.382949604984617,-0.5577051964723099,97,842.0867820961371,,4
NEAR,1,SQUEEZE_V2,2024-04-20 16:00:00+00:00,2024-04-24 23:00:00+00:00,5.986197133541107,6.733803323123797,28.288593540748728,169.3410975655395,6.737171909078336,10.500223591147734,SL,21.148727625652658,0.17991546137836584,0.0,21.05348271305706,6.384772984570983,3.297452041589185,103,863.1402648091942,,4
BTC,-1,SQUEEZE_V2,2024-04-24 15:00:00+00:00,2024-04-24 23:00:00+00:00,65224.55248,64288.5,0.007142841130902579,465.8886161988578,65995.24379223629,47417.940993455275,EOD,6.686074154827353,0.4625455791214441,0.0,6.456472883805338,6.359489846404696,1.0152501285076305,8,869.5967376929995,,4
DOGE,-1,SQUEEZE_V2,2024-04-24 15:00:00+00:00,2024-04-24 23:00:00+00:00,0.15569884817898275,0.15146000683307648,1342.9655897800267,209.0981954727584,0.16043295515274023,0.061016708703833175,EOD,5.692618068088975,0.20625188643871392,0.0,5.59091527938664,6.357742764093951,0.8793868337929535,8,875.1876529723861,,4
SUI,-1,SQUEEZE_V2,2024-05-03 08:00:00+00:00,2024-05-03 13:00:00+00:00,1.09098176,1.1238525002361666,232.13278008537642,253.25262897123693,1.1232908548087623,0.444799863824752,SL,-7.630376314485582,0.2570678171284797,0.0,-7.7608178171284425,7.5,-1.034775708950459,5,992.1125558683859,,5
AVAX,1,SQUEEZE_V2,2024-05-03 13:00:00+00:00,2024-05-06 12:00:00+00:00,34.64392843780517,37.455579523130254,8.259864216644177,286.1541448274085,37.47431668147099,52.658886386361644,SL,23.223856189365403,0.29776607292209123,0.0,23.069167188857016,7.44005532618153,3.100671457062516,71,1014.4162063232426,,5
ETH,1,SQUEEZE_V2,2024-05-03 16:00:00+00:00,2024-05-06 15:00:00+00:00,3076.2152176757813,3061.9091514634647,0.11996995998829715,369.05341657995433,3063.440871899414,4315.9400195420985,SL,-1.7162981910815567,0.36819526748441356,0.0,-1.899966750275993,7.4364867438200655,-0.255492521633945,71,1012.5162395729666,,5
LINK,1,SQUEEZE_V2,2024-05-03 14:00:00+00:00,2024-05-07 00:00:00+00:00,13.934786560249329,14.369078661224112,22.143660310075774,308.56718008357035,14.376266794621422,20.652414781235997,SL,9.61681675933473,0.31337558846323776,0.0,9.457724760913278,7.4376438707453785,1.2716022607795892,82,1021.9739643338798,,5
BTC,1,SQUEEZE_V2,2024-05-03 14:00:00+00:00,2024-05-07 23:00:00+00:00,61680.63366,62245.90046489112,0.005786267373864117,356.90063814612284,62277.03898438331,87393.17602103722,SL,3.270784870669912,0.35853603058145783,0.0,3.090699159161516,7.438982248138427,0.41547338816878476,105,1025.0646634930413,,5
SOL,1,SQUEEZE_V2,2024-05-03 13:00:00+00:00,2024-05-08 04:00:00+00:00,141.9583786743164,147.01832410557688,1.4818293243991638,210.35808836376296,147.09187004059717,242.38619511032758,SL,7.497975519901343,0.21410707612371363,0.0,7.389047487959511,7.440844169012894,0.993038870338249,111,1032.2618334653828,,5
NEAR,-1,SQUEEZE_V2,2024-05-08 16:00:00+00:00,2024-05-09 04:00:00+00:00,6.983603133487701,7.243028107184017,30.26506751123431,211.35922030667277,7.2394084029825265,1.8674977435911897,SL,-7.851514343019179,0.21528497747818237,0.0,-7.961119710344025,7.7419637509903705,-1.0283075413942129,12,1023.6614715314354,,5
ETH,-1,SQUEEZE_V2,2024-05-08 21:00:00+00:00,2024-05-09 05:00:00+00:00,2951.009777636719,3012.236391544591,0.12959276800022868,382.42952547968173,3010.7310260315753,1756.5848097395906,SL,-7.934526371602428,0.38639678866548294,0.0,-8.12970839752807,7.739441887918668,-1.0504256657341935,8,1015.5317631339074,,5
APT,-1,SQUEEZE_V2,2024-05-09 11:00:00+00:00,2024-05-09 12:00:00+00:00,8.397520599365235,8.6069848025922,37.11778740038767,311.6973842976148,8.602683460861769,4.294263369434551,SL,-7.774847763370072,0.31558480817929985,0.0,-7.934583879400565,7.615191475483536,-1.0419414803876286,1,1007.2684308262557,,5
LINK,1,SQUEEZE_V2,2024-05-09 09:00:00+00:00,2024-05-09 13:00:00+00:00,14.204840064239502,13.885022009108157,24.343777940546634,345.7994722048266,13.891967993104709,20.462281486935375,SL,-7.785579715494952,0.3419066823470791,0.0,-7.954586661739619,7.616488223504305,-1.0443903316481145,4,999.313844164516,,5
SOL,-1,SQUEEZE_V2,2024-05-08 21:00:00+00:00,2024-05-09 15:00:00+00:00,141.0417933227539,145.9966291789649,1.5850486394105527,223.55810260625546,145.92366734529224,43.40431287198717,SL,-7.853655832389853,0.2274849305224504,0.0,-7.969361711609175,7.738007777198119,-1.0298983848391567,18,991.3444824529068,,5
BTC,-1,SQUEEZE_V2,2024-05-08 21:00:00+00:00,2024-05-09 16:00:00+00:00,61555.6864,62620.32346807617,0.007491389110948649,461.13759881392986,62589.02895359937,40888.83532801252,SL,-7.975610538898103,0.4651254040833789,0.0,-8.210167143574516,7.74117115391422,-1.0605846299397677,19,983.1343153093324,,5
LINK,1,SQUEEZE_V2,2024-05-09 19:00:00+00:00,2024-05-10 14:00:00+00:00,14.22784538154602,13.901930350573798,23.117299217891095,328.9093589110892,13.908884792970282,20.60705715306078,SL,-7.534275290593106,0.32514222126579273,0.0,-7.6949628324033545,7.373507364819993,-1.0435960054935416,19,975.1757428293945,,5
NEAR,1,SQUEEZE_V2,2024-05-09 23:00:00+00:00,2024-05-10 14:00:00+00:00,7.492498375511169,7.210353911267262,26.467798352300882,198.30993615797155,7.213960891713119,13.063248051472172,SL,-7.467742785825698,0.1945760647650587,0.0,-7.5631638825117715,7.372273954724076,-1.0258929509348165,15,967.6125789468828,,5
ETH,-1,SQUEEZE_V2,2024-05-10 15:00:00+00:00,2024-05-13 08:00:00+00:00,2934.273135400391,2985.351291715494,0.146353026530013,429.4397540315578,2983.859362034477,1942.5486027186696,SL,-7.475442766288437,0.43317747541470203,0.0,-7.6939003646873605,7.25709434210162,-1.0601902086419952,65,959.2945827100294,,5
NEAR,-1,SQUEEZE_V2,2024-05-11 12:00:00+00:00,2024-05-13 09:00:00+00:00,7.036592506790162,7.1026514903920015,31.138548094611423,219.1092741948678,7.099101939422291,2.3779069053932336,SL,-2.05698083796704,0.22013776461385132,0.0,-2.1675639654834575,7.253235282838606,-0.298840983500423,45,957.1270187445459,,5
LINK,-1,SQUEEZE_V2,2024-05-10 15:00:00+00:00,2024-05-15 13:00:00+00:00,13.807238419532776,13.565943836815835,25.14746447713614,347.21703768254986,13.559164254688492,8.036888132631594,SL,6.067946947399668,0.34418306420885003,0.0,5.897372402032093,7.255483943024002,0.8128158574042872,118,963.0243911465781,,5
SUI,-1,SQUEEZE_V2,2024-05-11 11:00:00+00:00,2024-05-15 14:00:00+00:00,1.00009994,0.9541435524573719,252.40045352166345,252.42567842298837,0.9536667190978231,0.4252846591304612,SL,11.599413057976628,0.24662597189400004,0.0,11.478999925294122,7.254181879132692,1.582397590321591,99,974.2639208769156,,5
XRP,-1,SQUEEZE_V2,2024-05-07 23:00:00+00:00,2024-05-15 16:00:00+00:00,0.528094330728054,0.5156618473076237,726.678945231121,383.7550312359971,0.5154041452350062,0.3165019892504109,SL,9.034423938561728,0.3792378192667162,0.0,8.847063634913011,7.687984976197809,1.1507649484622744,185,983.1109845118285,,5
NEAR,1,SQUEEZE_V2,2024-05-15 13:00:00+00:00,2024-05-18 14:00:00+00:00,7.4134825793266295,7.891792521142724,27.15991917517557,201.34958766108338,7.895740391338393,12.731349632989698,SL,12.990859360408063,0.2078450173412874,0.0,12.883689136897317,7.221641968090889,1.7840387537660283,73,995.4025312666076,,5
ETH,1,SQUEEZE_V2,2024-05-18 11:00:00+00:00,2024-05-18 14:00:00+00:00,3137.7773323242186,3096.3447308139284,0.18481420580779948,579.9058256752162,3097.893677652755,3935.4504257534977,SL,-7.657333342675311,0.5760771590038786,0.0,-7.943457588841581,7.371065962819109,-1.0776538466633878,3,987.459073677766,,5
SOL,1,SQUEEZE_V2,2024-05-15 13:00:00+00:00,2024-05-19 15:00:00+00:00,149.00979172668457,166.43324646358076,1.8629030953978274,277.59080225222624,166.5165047159387,226.5520208575767,SL,32.45820776188785,0.2938199061331702,0.0,32.30318325688079,7.222682933599335,4.4724631489233735,98,1019.2854454232055,,5
AVAX,1,SQUEEZE_V2,2024-05-17 07:00:00+00:00,2024-05-19 15:00:00+00:00,35.905178409576415,35.9054692989279,9.258757032039238,332.43732308628904,35.92343101443511,51.83023741537894,SL,0.0026932738285867426,0.33243866972320335,0.0,-0.16352673435147205,7.372312602780682,-0.02218119919247499,56,1019.1219186888541,,5
DOGE,-1,SQUEEZE_V2,2024-05-19 13:00:00+00:00,2024-05-20 04:00:00+00:00,0.1496400708436966,0.1527841273559408,2413.441644604517,361.1475786757476,0.1527077734692062,0.08828601833350484,SL,-7.587996919640179,0.36494157713556763,0.0,-7.772364707437872,7.40372126966747,-1.0497916418437725,15,1011.3495539814162,,5
XRP,-1,SQUEEZE_V2,2024-05-19 13:00:00+00:00,2024-05-20 05:00:00+00:00,0.5138971985697747,0.517666705406212,1152.9065460087654,592.4754442066596,0.5174080014055092,0.42582601138695986,SL,-4.34588910695334,0.5946483887601364,0.0,-4.644299773610147,5.076892410891499,-0.9147918446423432,16,1006.7052542078061,,5
SOL,1,SQUEEZE_V2,2024-05-20 05:00:00+00:00,2024-05-21 14:00:00+00:00,175.59510955810546,177.3542252326201,1.7322380796180166,304.1725353712478,177.4429467059731,262.7689166161224,SL,3.047207157847203,0.30569613895017145,0.0,2.8935972865826556,7.550289406558545,0.3832432282753476,33,1009.2857304524139,,5
LINK,1,SQUEEZE_V2,2024-05-16 19:00:00+00:00,2024-05-22 12:00:00+00:00,14.414882102394104,16.38041488093366,18.86533747159845,271.94161547496935,16.388609185526423,22.231686222584564,SL,37.080439178637306,0.29048183506428804,0.0,36.9259281513105,7.373332383838714,5.008037916783303,137,1046.2116586037243,,5
DOGE,1,SQUEEZE_V2,2024-05-20 20:00:00+00:00,2024-05-22 12:00:00+00:00,0.15767152321636677,0.16319294481341842,2042.6614902214042,322.06954857862246,0.16327458210447066,0.23158635243001832,SL,11.278395267574183,0.32770874621240953,0.0,11.111721295651085,7.549148759550904,1.4719171193431506,40,1057.3233798993754,,5
LINK,-1,SQUEEZE_V2,2024-05-23 14:00:00+00:00,2024-05-23 21:00:00+00:00,15.97280463218689,16.56999858918125,13.465357409159774,215.0795231990793,16.561717730316094,4.194542669602804,SL,-8.04143007351945,0.21910023823583902,0.0,-8.15299055015575,7.929925349245315,-1.0281295461289133,7,1048.855144460746,,5
APT,-1,SQUEEZE_V2,2024-05-23 14:00:00+00:00,2024-05-24 00:00:00+00:00,8.726953944206238,9.037791155606222,25.88503505934415,225.8975088070602,9.03327451834705,2.6005424613900274,SL,-8.046032114837333,0.2299205248644789,0.0,-8.163003885298282,7.929118801033318,-1.0294969832252336,10,1040.6921405754476,,5
XRP,1,SQUEEZE_V2,2024-05-25 11:00:00+00:00,2024-05-25 13:00:00+00:00,0.5407081218123436,0.5335426884548954,1131.0889602331697,611.5889872903538,0.5338095932515211,0.6786786930287946,SL,-8.104742565896196,0.6075366160074058,0.0,-8.406484688258425,7.8028494969995625,-1.0773608656031337,2,1031.6676537513715,,5
NEAR,1,SQUEEZE_V2,2024-05-25 22:00:00+00:00,2024-05-26 09:00:00+00:00,8.214642897605895,8.016787382904692,39.91592654161656,327.8950824664491,8.02079778179559,12.091545213811992,SL,-7.897586190666958,0.3239462893711156,0.0,-8.05758493880485,7.737507403135287,-1.0413670086493054,11,1022.9857589643316,,5
BTC,1,SQUEEZE_V2,2024-05-25 11:00:00+00:00,2024-05-26 15:00:00+00:00,69390.57534,68668.90502731793,0.008998560413799109,624.4152843452686,68703.25665564575,83136.94902708507,SL,-6.493993907514853,0.6211682873915112,0.0,-6.8029545527337305,6.184878704694637,-1.0999333822941333,28,1016.0271449742784,,5
SOL,-1,SQUEEZE_V2,2024-05-26 03:00:00+00:00,2024-05-27 12:00:00+00:00,165.75683528747558,168.2306635470384,2.7732591745474986,459.6866642049502,168.14659025191244,109.96487853436501,SL,-6.860566917087467,0.4631169476634939,0.0,-7.0938405326484855,7.736277796576036,-0.9169578341393216,33,1008.7510909510123,,5
AVAX,-1,SQUEEZE_V2,2024-05-26 09:00:00+00:00,2024-05-27 15:00:00+00:00,37.38252138977051,37.983012215803456,8.32792607521201,311.3188746390406,37.96403020070311,25.752345171118574,SL,-5.000843208045368,0.31381929624306326,0.0,-5.1590030669689115,4.842762389531106,-1.065301712535276,30,1003.5920878840434,,5
ETH,1,SQUEEZE_V2,2024-05-26 08:00:00+00:00,2024-05-27 19:00:00+00:00,3785.997038232422,3856.936261095632,0.12177451412211024,461.0379497985016,3858.865693942603,4726.923942770397,SL,8.638589396367497,0.46535724449668536,0.0,8.403751126770063,5.729045831226645,1.4668674984174,35,1011.820530005556,,5
APT,1,SQUEEZE_V2,2024-05-27 04:00:00+00:00,2024-05-28 04:00:00+00:00,9.263152346992493,9.249562300510936,39.34157267243669,364.42698123505767,9.25418939520854,13.137020659657031,SL,-0.5346538012759688,0.36415965433441966,0.0,-0.7165999649928597,7.6202035873070875,-0.09403947765732855,24,1011.1039300405631,,5
NEAR,-1,SQUEEZE_V2,2024-05-28 05:00:00+00:00,2024-05-28 09:00:00+00:00,7.660467779254914,7.884764413228695,34.41372976628541,263.6252680386151,7.880824001228082,3.253343339791545,SL,-7.718883749061155,0.26748470991314566,0.0,-7.854555824954994,7.583279475304224,-1.0357729595136524,4,1003.1175615815888,,5
LINK,1,SQUEEZE_V2,2024-05-27 16:00:00+00:00,2024-05-28 14:00:00+00:00,18.032605128479002,17.923019250470396,19.44355837755459,350.6180105149718,17.93198524309194,25.77495404730584,SL,-2.1307394164158953,0.34955264080676385,0.0,-2.304983051965173,7.526940659130326,-0.3062310646981365,22,1000.8125785296236,,5
DOGE,1,SQUEEZE_V2,2024-05-29 04:00:00+00:00,2024-05-29 08:00:00+00:00,0.1698939773797989,0.16572717372787787,1837.9727439679343,312.2604997883751,0.1658100787672615,0.2515719496305466,SL,-7.658471541696875,0.3084312640175267,0.0,-7.810772555820215,7.506094338972177,-1.0405907790508477,4,992.8456757239092,,5
LINK,1,SQUEEZE_V2,2024-05-29 11:00:00+00:00,2024-05-30 07:00:00+00:00,18.700739903640745,18.234175260312455,16.27818690278964,304.4141393719203,18.243296908766837,27.849599801118927,SL,-7.594826466331292,0.30061672613875473,0.0,-7.7432361227840865,7.446342567929317,-1.0398710577906343,20,984.9502325314392,,5
APT,-1,SQUEEZE_V2,2024-05-30 07:00:00+00:00,2024-05-30 12:00:00+00:00,9.036892363739014,9.264874932495594,33.05847829955431,298.7459101020742,9.26024481009055,4.569843436708291,SL,-7.536756801916062,0.3025142885030323,0.0,-7.6898981353680576,7.383692000864604,-1.0414705995953784,5,976.6529956915282,,5
DOGE,-1,SQUEEZE_V2,2024-05-30 07:00:00+00:00,2024-05-30 15:00:00+00:00,0.16028793486058712,0.1644536763687846,1808.7005268175033,289.91287222483356,0.1643714906234729,0.07861681960287198,SL,-7.534578860462331,0.2936801616550647,0.0,-7.683302586004979,7.3859294596201455,-1.0402621129826126,8,968.6887102833539,,5
SOL,-1,SQUEEZE_V2,2024-05-30 07:00:00+00:00,2024-05-30 16:00:00+00:00,166.08677111816408,170.0145072809253,1.922343535791227,319.2758308394398,169.92954250967048,89.23134328803573,SL,-7.550458222777472,0.3230510599508285,0.0,-7.71387136730858,7.387126743985793,-1.0442316254542139,9,960.9748389160453,,5
BTC,1,SQUEEZE_V2,2024-05-30 14:00:00+00:00,2024-05-31 14:00:00+00:00,68631.52356,67703.08283034446,0.008188156333837758,561.9656443387494,67736.95130599746,86522.968640051,SL,-7.602217841121989,0.5581645354181883,0.0,-7.879399554370803,7.324897467686462,-1.0757010032059162,24,953.0954393616745,,5
LINK,-1,SQUEEZE_V2,2024-05-31 16:00:00+00:00,2024-05-31 18:00:00+00:00,17.565486444091796,17.98162059894953,17.551621013696035,308.30276098791444,17.972634281808627,9.42252968975517,SL,-7.303828976917632,0.31195467547637323,0.0,-7.461632271900048,7.146104544151637,-1.0441538079661372,2,945.0405140256499,,5
DOGE,-1,SQUEEZE_V2,2024-05-31 16:00:00+00:00,2024-05-31 21:00:00+00:00,0.1566386701285839,0.16026851144527532,2012.8049101155295,315.2830843487804,0.160188417236657,0.0856437279671217,SL,-7.306162425176705,0.3189361655613687,0.0,-7.467457048563683,7.144948408797933,-1.045137994190221,5,937.5730569770863,,5
ETH,1,SQUEEZE_V2,2024-06-01 22:00:00+00:00,2024-06-02 09:00:00+00:00,3816.103155908203,3777.7835755174215,0.1417529029761652,540.9437004064932,3779.673412223533,4544.698029601607,SL,-5.4319117612218175,0.5382277445258823,0.0,-5.699667655544453,5.1640219219795975,-1.1037264639185573,11,931.46558151241,,5
BTC,-1,SQUEEZE_V2,2024-05-31 16:00:00+00:00,2024-06-02 11:00:00+00:00,67206.15608,68093.47863752859,0.008377212977961214,563.000282912263,68059.44891307206,50140.29941855876,SL,-7.433290044566244,0.5667169279345461,0.0,-7.718506831044659,7.148215795212558,-1.0797808924870522,43,923.4825729706679,,5
SOL,-1,SQUEEZE_V2,2024-06-02 10:00:00+00:00,2024-06-02 12:00:00+00:00,164.63706416931151,166.3235494544579,3.213149020022459,529.003421394998,166.240429239838,132.56976275878182,SL,-5.418928541250373,0.5317128856656232,0.0,-5.686139716218497,5.151850905100397,-1.1037081276147078,2,917.7964332544494,,5
BTC,1,SQUEEZE_V2,2024-06-02 12:00:00+00:00,2024-06-02 13:00:00+00:00,68279.75322,67781.75608019362,0.008065024168707293,550.6778599526697,67815.66391214968,77561.53937700637,SL,-4.016358968485552,0.5486696804684269,0.0,-4.289689718977644,3.7428914842514223,-1.146089791015029,1,913.2314046054954,,5
LINK,1,SQUEEZE_V2,2024-05-31 21:00:00+00:00,2024-06-02 20:00:00+00:00,18.560710606384276,18.07650034267914,14.798566912775359,274.671917857237,18.085543114236255,28.06406044934471,SL,-7.16561798729307,0.2710891088635905,0.0,-7.299371137228041,7.031797927328147,-1.0380518912325405,47,905.4045259928399,,5
SOL,-1,SQUEEZE_V2,2024-06-02 18:00:00+00:00,2024-06-03 01:00:00+00:00,162.31753610229492,164.53610394829556,3.2060592532349825,520.399638583066,164.4538770097907,119.59071795237989,SL,-7.112859971599951,0.523956068568866,0.0,-7.376616220877284,6.849235534541215,-1.0769984743080374,7,898.0279097719626,,5
XRP,-1,SQUEEZE_V2,2024-06-02 18:00:00+00:00,2024-06-03 01:00:00+00:00,0.5123974880814552,0.5171859375849771,1043.3605251921051,534.6153122717826,0.5169274738480532,0.4217977727494969,SL,-4.996079188850446,0.5371133518662079,0.0,-5.265884884580763,4.726408328550357,-1.1141409117726122,7,892.7620248873819,,5
NEAR,-1,SQUEEZE_V2,2024-05-30 07:00:00+00:00,2024-06-04 16:00:00+00:00,7.399519822883606,7.4295362606951345,41.45441910579026,306.7427959194199,7.425823349020624,3.8366464570774506,SL,-1.244313993101979,0.3073649529159709,0.0,-1.39830754805824,7.384842286349303,-0.189348329163776,129,891.1958231811032,,5
SUI,-1,SQUEEZE_V2,2024-05-23 14:00:00+00:00,2024-06-05 08:00:00+00:00,1.07088578,1.0881450167669633,176.9682149863846,189.51274494090217,1.087601216158884,0.1748749696988089,SL,-3.0543363226768716,0.1910399131022406,0.0,-3.1506198633086613,7.928271685375292,-0.39739050178116136,306,887.8177137134213,,5
SOL,1,SQUEEZE_V2,2024-06-04 16:00:00+00:00,2024-06-06 19:00:00+00:00,167.97359044189452,169.16316284020974,2.708635372677155,454.9792087465008,169.2477867335765,217.3266243812839,SL,3.2221178764370055,0.4565902676847193,0.0,2.993017213125537,6.683968673858272,0.4477904309802576,51,890.4059387365221,,5
AVAX,1,SQUEEZE_V2,2024-06-05 17:00:00+00:00,2024-06-06 20:00:00+00:00,36.58031646194458,35.91676503152436,10.314122082430456,377.2938498024369,35.934732397723224,49.49199774637166,SL,-6.843950461325438,0.3738718745717742,0.0,-7.029175410995993,6.658632852850659,-1.0556484441076668,27,883.3767633255261,,5
APT,-1,SQUEEZE_V2,2024-06-06 20:00:00+00:00,2024-06-07 04:00:00+00:00,9.011996907424926,9.15693564046608,9.853349513775168,88.79835534591871,9.152359460735713,6.204745841209169,SL,-1.4281319947382503,0.08951242134328782,0.0,-1.4732452384085788,1.3830412964170848,-1.0652214378740366,8,881.4046352308145,,5
XRP,-1,SQUEEZE_V2,2024-06-06 20:00:00+00:00,2024-06-07 05:00:00+00:00,0.5198959809303284,0.5252536694061594,1019.4848151102457,530.0260579953157,0.5249911738192498,0.4179921231519017,SL,-5.462082045200818,0.532757099017916,0.0,-5.729826115221076,5.194471780313022,-1.1030623242457567,9,875.6748091155935,,5
SUI,1,SQUEEZE_V2,2024-06-07 05:00:00+00:00,2024-06-07 12:00:00+00:00,1.15983192,1.1325707645014234,246.0259493694766,285.34874922702284,1.1331373331680072,1.6937236566398544,SL,-6.70695166244625,0.2819952733957997,0.0,-6.846272561228538,6.567561068366951,-1.0424375944068518,7,868.6858621797514,,5
BTC,1,SQUEEZE_V2,2024-06-09 13:00:00+00:00,2024-06-09 14:00:00+00:00,69714.04002,69354.33359331764,0.00148854166699068,103.77225334402578,69389.02810737133,76214.27827257347,SL,-0.5354380040010183,0.10350453434202528,0.0,-0.5870564116710306,0.4837937742161151,-1.2134435020835699,1,867.8038730254929,,5
NEAR,-1,SQUEEZE_V2,2024-06-06 17:00:00+00:00,2024-06-10 15:00:00+00:00,7.42651437330246,6.613631879440401,58.20907474454427,432.2905302469952,6.61032671608236,5.1391672439657725,SL,47.317137843748135,0.40863196132512114,0.0,47.12465114754651,6.6572180009139,7.078730355694714,94,914.9285241730394,,5
ETH,-1,SQUEEZE_V2,2024-06-07 18:00:00+00:00,2024-06-12 10:00:00+00:00,3722.9752267089843,3560.8931047599576,0.13056579811324243,486.0932318310882,3559.113547985965,2724.9889147504073,SL,21.162381612162562,0.47551204102500694,0.0,20.9299161870531,6.515143966348136,3.21250248577158,112,935.5780274104918,,5
LINK,-1,SQUEEZE_V2,2024-06-03 15:00:00+00:00,2024-06-12 12:00:00+00:00,17.86742608985901,15.665462347099707,18.793323378097377,335.7883164409743,15.657633530334541,10.741794234389648,SL,41.38221668452119,0.3150972080987137,0.0,41.23501363464296,6.695715186655363,6.158418105481072,213,976.8130410451348,,5
DOGE,-1,SQUEEZE_V2,2024-06-06 20:00:00+00:00,2024-06-12 12:00:00+00:00,0.15970805296301843,0.1425620306304237,2372.712535368112,378.9412992645882,0.14249078523780478,0.10387880244492846,SL,40.68258212024914,0.3586000082044637,0.0,40.513452761676966,6.6233381272239615,6.116772537273039,136,1017.3264938068118,,5
AVAX,-1,SQUEEZE_V2,2024-06-11 02:00:00+00:00,2024-06-12 12:00:00+00:00,31.798639305114747,32.50945946918033,9.878059230622943,314.10884250913824,32.493212862748955,17.907168152430597,SL,-7.021523682960924,0.3176196043506187,0.0,-7.182088866056974,6.861038742335199,-1.0467932241426905,34,1010.1444049407547,,5
SUI,-1,SQUEEZE_V2,2024-06-11 01:00:00+00:00,2024-06-12 13:00:00+00:00,1.0272945,1.0401073232762814,240.16195617926178,246.71705669219665,1.0395875295115258,0.45584979323088126,SL,-3.0771527022109226,0.24825563304330212,0.0,-3.2020498069081262,6.861963931297795,-0.46663751645551516,36,1006.9423551338466,,5
SUI,-1,SQUEEZE_V2,2024-06-14 00:00:00+00:00,2024-06-14 06:00:00+00:00,0.96590678,0.9934446057612742,279.2784823985366,269.75697965685714,0.9929481316954266,0.4250797460914668,SL,-7.690722187164007,0.2736023407504391,0.0,-7.829446038086018,7.55206766350385,-1.036728798911936,6,998.9780306059322,,5
XRP,-1,SQUEEZE_V2,2024-06-14 16:00:00+00:00,2024-06-15 13:00:00+00:00,0.47410517029762267,0.48088074659698504,1146.131455861756,543.3868490648,0.4806404263837932,0.3434000485742123,SL,-7.7657011282906065,0.5472696996289453,0.0,-8.041277403387152,7.490262572472002,-1.073564154204717,21,990.0580138355442,,5
SOL,-1,SQUEEZE_V2,2024-06-14 15:00:00+00:00,2024-06-16 15:00:00+00:00,145.07098610229494,148.52391309537325,2.2175187096225404,321.69762590523055,148.44968825124764,77.49694312324092,SL,-7.656930210111846,0.3255260910102865,0.0,-7.8216074881695175,7.492335229544491,-1.043947881206197,48,982.2364063473747,,5
ETH,1,SQUEEZE_V2,2024-06-16 23:00:00+00:00,2024-06-17 02:00:00+00:00,3629.6156705566405,3585.8579161260786,0.1623703161161531,589.3418438084248,3587.651741997077,4468.894241747908,SL,-7.104960419423321,0.585789363598713,0.0,-7.396078861117822,6.813696345692,-1.085472331885473,3,974.5456565643526,,5
NEAR,-1,SQUEEZE_V2,2024-06-14 15:00:00+00:00,2024-06-19 02:00:00+00:00,5.695860626697541,4.903032318070344,40.557685993209454,231.01092675868406,4.9005820270568154,2.0017993507649967,SL,32.1552815878292,0.21493328596476946,0.0,32.055853765243775,7.491128863447346,4.279175321847551,107,1006.6015103295964,,5
DOGE,-1,SQUEEZE_V2,2024-06-14 16:00:00+00:00,2024-06-19 02:00:00+00:00,0.13940211537778377,0.1251511376093336,2649.7226956237346,369.37694893447207,0.12508859331267727,0.08288129616786793,SL,37.761139227891675,0.35049637932052624,0.0,37.59533132303839,7.488224871788009,5.020593260317185,106,1044.1968416526347,,5
AVAX,-1,SQUEEZE_V2,2024-06-14 16:00:00+00:00,2024-06-19 17:00:00+00:00,30.693860762786866,27.56345475813147,9.513511043632565,292.00638333849315,27.549679918172387,14.954477744483702,SL,29.781152096342797,0.2771158072903217,0.0,29.650039480721723,7.486839708229504,3.9602877363770084,121,1073.8468811333564,,5
SOL,-1,SQUEEZE_V2,2024-06-20 04:00:00+00:00,2024-06-20 06:00:00+00:00,133.05338583068848,136.84661591621935,2.1622001231091033,287.68804722319766,136.77822680281795,58.55656638809923,SL,-8.201722557915991,0.29178890850215566,0.0,-8.349667442806547,8.053851608500173,-1.0367297348754434,2,1065.3533696669383,,5
ETH,1,SQUEEZE_V2,2024-06-20 08:00:00+00:00,2024-06-20 13:00:00+00:00,3608.001485302734,3552.5975210933484,0.14899553434065693,537.5761092045648,3554.374708447572,4680.537022405979,SL,-8.254943251968067,0.5334486375785807,0.0,-8.519603834944364,7.990150272502037,-1.0662632797113256,5,1056.5649777773917,,5
ETH,-1,SQUEEZE_V2,2024-06-21 08:00:00+00:00,2024-06-21 09:00:00+00:00,3474.005011181641,3528.3550314498157,0.15068893192504282,523.4941046372079,3526.5917355820247,2422.2705231739615,SL,-8.189946504315694,0.5275890778893657,0.0,-8.455788529886457,7.924237333330438,-1.0670791615894997,1,1047.690857586597,,5
ETH,-1,SQUEEZE_V2,2024-06-21 09:00:00+00:00,2024-06-21 10:00:00+00:00,3458.798092236328,3516.307323852539,0.14294353464074636,494.412824912931,3513.768619246506,2359.387552032769,SL_GAP,-8.220572841694542,0.49852311133377825,0.0,-8.471889540571855,7.8576814318994765,-1.078166583106679,1,1038.5293534795358,,5
LINK,-1,SQUEEZE_V2,2024-06-21 09:00:00+00:00,2024-06-21 10:00:00+00:00,14.094180722045898,14.454223049640655,24.0267879057298,338.6378909136225,14.421141921130385,7.554956740356151,SL_GAP,-8.650660642204505,0.3429632212347248,0.0,-8.824304917982419,7.855827383806054,-1.1232814173301182,1,1029.7050485615534,,5
XRP,-1,SQUEEZE_V2,2024-06-21 09:00:00+00:00,2024-06-21 10:00:00+00:00,0.485802834635973,0.4930355292372466,1124.2800128191752,546.1784171521234,0.49278913466991164,0.3460768339572006,SL,-8.131573979037029,0.550244204141642,0.0,-8.408728974602608,7.854557491715128,-1.0705541315945568,1,1021.2963195869509,,5
SOL,-1,SQUEEZE_V2,2024-06-21 08:00:00+00:00,2024-06-21 20:00:00+00:00,131.39371416931152,134.78495340793708,2.383441393364707,313.1692171790679,134.71759461063178,64.91610534290663,SL,-8.08281997614277,0.3172106271671393,0.0,-8.243445994720377,7.922274230438048,-1.0405403492659164,12,1012.7345164589957,,5
XRP,-1,SQUEEZE_V2,2024-06-21 17:00:00+00:00,2024-06-21 22:00:00+00:00,0.48210355671048166,0.4922589183254046,772.9788945907774,372.65587434435025,0.4920129118694699,0.2839164535307174,SL,-7.84988019527273,0.37658081444198666,0.0,-8.040133072542542,7.659722396902131,-1.0496637679446794,5,1004.6943833864532,,5
SUI,1,SQUEEZE_V2,2024-06-22 00:00:00+00:00,2024-06-22 20:00:00+00:00,0.92008398,0.8884404750435531,241.5203301687315,222.21898663256056,0.8888849175023041,1.5440652299539184,SL,-7.642549764776963,0.21839771175017209,0.0,-7.749837983210855,7.535207875398399,-1.0284836346072415,20,996.5833990472161,,5
NEAR,-1,SQUEEZE_V2,2024-06-22 18:00:00+00:00,2024-06-23 00:00:00+00:00,5.141971525859833,5.2932081235662,50.699307806474856,260.69439712169685,5.290562842145127,2.170145200153946,SL,-7.667590818719109,0.2645281925310564,0.0,-7.801771812689317,7.533476881717408,-1.0356136927456459,6,988.7816272345267,,5
SUI,1,SQUEEZE_V2,2024-06-23 10:00:00+00:00,2024-06-23 15:00:00+00:00,0.9299859599999999,0.9105541634246367,390.7961737405695,363.43495480045027,0.9110096682587661,1.3095117948246768,SL,-7.5938717505570414,0.3596380189251718,0.0,-7.771792292081988,7.41586220425895,-1.0479957795896784,5,980.8281174650446,,5
XRP,-1,SQUEEZE_V2,2024-06-23 15:00:00+00:00,2024-06-24 08:00:00+00:00,0.48300337704420093,0.47824379512673476,1218.058770186683,588.3264994384741,0.4780047927303696,0.41362746116047955,SL,5.797450496991619,0.5854277741899783,0.0,5.5061859725208775,4.2251971390950285,1.3031784769456265,17,985.6057722952961,,5
BTC,-1,SQUEEZE_V2,2024-06-23 16:00:00+00:00,2024-06-24 08:00:00+00:00,64090.6793,62911.96140174522,0.004693854393138394,300.832316591529,62880.521141174635,59026.49137844771,SL,5.532730184994076,0.2980659514990319,0.0,5.385080391790808,1.1885280361628483,4.530882089392262,16,990.9908526870869,,5
SOL,-1,SQUEEZE_V2,2024-06-23 15:00:00+00:00,2024-06-24 12:00:00+00:00,132.24355027160644,127.85812103489424,4.294375546801009,567.9034685085367,127.79422392293279,97.98380376914835,SL,18.83268007636308,0.5584871284703552,0.0,18.55814468214699,7.356210880987834,2.5227858448308784,21,1009.5489973692339,,5
LINK,-1,SQUEEZE_V2,2024-06-21 18:00:00+00:00,2024-06-25 02:00:00+00:00,14.024195027160644,13.91110659403192,18.82877353130524,264.0583921252649,13.904154516773534,5.889491059703186,SL,2.12931649639089,0.2629937338770695,0.0,1.9983519585764529,7.658324937373339,0.26093851787671074,80,1011.5473493278104,,5
AVAX,-1,SQUEEZE_V2,2024-06-22 04:00:00+00:00,2024-06-25 14:00:00+00:00,26.369725,25.745314699136745,9.077809051794727,239.3793282983377,25.732448474899297,9.770180966389944,SL,5.668277481210312,0.23654518955773254,0.0,5.551421955801748,7.534374554198527,0.7368125802437339,82,1017.0987712836121,,5
LINK,1,SQUEEZE_V2,2024-06-25 22:00:00+00:00,2024-06-26 12:00:00+00:00,14.251849395561218,13.943507429835675,25.312153490298495,360.74499942106337,13.95048267117126,20.27918388336036,SL,-7.804799163945293,0.3568425998390907,0.0,-7.981269264073852,7.62824078462709,-1.046279147370152,14,1008.669537913867,,5
AVAX,1,SQUEEZE_V2,2024-06-26 20:00:00+00:00,2024-06-26 23:00:00+00:00,26.527303759002685,25.81628230070263,10.83648073014821,287.4626160072208,25.829196899152205,40.48944095601226,SL,-7.704970331590439,0.28361013084142556,0.0,-7.844849154428254,7.565021534354002,-1.0369896660311553,3,1000.6809574514351,,5
DOGE,-1,SQUEEZE_V2,2024-06-27 06:00:00+00:00,2024-06-27 09:00:00+00:00,0.12100579683184624,0.12329319832256457,3371.123966173725,407.9255417457855,0.12323158253129893,0.07649008284279263,SL,-7.711113985622039,0.4117810987385965,0.0,-7.918932313487743,7.503399514991691,-1.0553792714443397,3,992.3303735811984,,5
LINK,-1,SQUEEZE_V2,2024-06-27 01:00:00+00:00,2024-06-27 13:00:00+00:00,13.840231811904907,14.07536773336391,32.90245264248673,455.3775717522395,14.06833356658062,9.27819671839065,SL,-7.736548520352324,0.4592458460124157,0.0,-7.968105580488619,7.505107180885763,-1.0616911109253755,12,984.2185736285608,,5
SOL,1,SQUEEZE_V2,2024-06-27 13:00:00+00:00,2024-06-28 13:00:00+00:00,139.5979213256836,143.53695496381377,2.5313342299833157,353.3689966862207,143.6087593434855,197.92004421865968,SL,9.971010681254647,0.35835450202684804,0.0,9.789340677570909,7.381639302214205,1.3261743464807996,24,993.639442114277,,5
APT,1,SQUEEZE_V2,2024-06-27 14:00:00+00:00,2024-06-28 17:00:00+00:00,7.04210809879303,6.903158689719232,54.46882973704667,383.5753870230349,6.906611995717091,9.7520301603118,SL,-7.568411704903911,0.37979118117058297,0.0,-7.756415192562976,7.380314168476632,-1.0509600290042902,27,985.8830269217141,,5
ETH,-1,SQUEEZE_V2,2024-06-30 03:00:00+00:00,2024-06-30 07:00:00+00:00,3362.8273,3393.335242481367,0.17366120082524725,583.9926270859239,3391.639422769982,2786.5848446003574,SL,-5.29804592602178,0.5866416500489349,0.0,-5.592691262527753,5.003547838559545,-1.117745136646443,4,979.7160209287912,,5
DOGE,-1,SQUEEZE_V2,2024-06-29 23:00:00+00:00,2024-06-30 08:00:00+00:00,0.12162567289620638,0.12328001409099552,4642.414880501636,564.636833704373,0.12321840488855125,0.08977103304930895,SL,-7.68013818011599,0.568476902794431,0.0,-7.966296666058234,7.394122701912855,-1.0773822652411973,9,971.7497242627329,,5
NEAR,-1,SQUEEZE_V2,2024-06-26 09:00:00+00:00,2024-06-30 18:00:00+00:00,5.281943392372131,5.231611366787578,51.682045259297276,272.98163746162265,5.228996868353402,2.3308586600575985,SL,2.601262024252986,0.2716810064494962,0.0,2.4660718365343013,7.6259047349750375,0.3233808868899244,105,974.2157960992672,,5
SUI,-1,SQUEEZE_V2,2024-06-26 05:00:00+00:00,2024-07-01 01:00:00+00:00,0.86042788,0.8342299585228907,304.73393593416546,262.2015744598898,0.8338130519968924,0.35986741780540066,SL,7.983395725013725,0.2582098765973829,0.0,7.8562866356462875,7.626887990879261,1.0300776207860083,116,981.8544880369915,,5
XRP,1,SQUEEZE_V2,2024-07-01 02:00:00+00:00,2024-07-01 22:00:00+00:00,0.4794958889186382,0.4754486922373157,1228.6084332250796,589.1126928221948,0.4756865355050682,0.5556829571900392,SL,-4.972419973593414,0.5866264828353982,0.0,-5.264490110017715,4.680203729046879,-1.1248420826949397,20,976.2954415805626,,5
AVAX,1,SQUEEZE_V2,2024-06-27 10:00:00+00:00,2024-07-02 05:00:00+00:00,26.70534076309204,28.454697641244152,10.761470780223053,287.38874429791457,28.4689321072978,40.53705197404737,SL,18.82565292841619,0.29680157076212266,0.0,18.672545729803023,7.442477801858987,2.508915206322682,115,994.9679873103656,,5
SOL,1,SQUEEZE_V2,2024-07-02 13:00:00+00:00,2024-07-02 14:00:00+00:00,150.56010477905272,147.63640252110585,2.6179797799911304,394.163309984906,147.7102576499308,207.55704736149107,SL,-7.654193394019321,0.39033621328789636,0.0,-7.847447952314765,7.460842160106937,-1.0518179829986225,1,986.7344250736178,,5
LINK,1,SQUEEZE_V2,2024-06-30 20:00:00+00:00,2024-07-03 03:00:00+00:00,14.007801114463806,14.145759352061145,31.067645256232346,435.18939584401767,14.152835769946117,18.711484583540855,SL,4.286037585849129,0.4373324146369422,0.0,4.066299869134196,7.306618470744504,0.5565228135854563,55,990.2209138653686,,5
NEAR,1,SQUEEZE_V2,2024-07-02 12:00:00+00:00,2024-07-03 03:00:00+00:00,5.43108582830429,5.34712768871278,69.61135780824873,378.06525888139885,5.3498025900077835,7.575063518089703,SL,-5.84444009601955,0.37514303883338906,0.0,-6.03055050541224,7.462259904827741,-0.8081399713122762,15,984.1903633599563,,5
BTC,-1,SQUEEZE_V2,2024-07-02 15:00:00+00:00,2024-07-05 11:00:00+00:00,62037.68998,55567.94564334759,0.0095432414591039,592.0406550441706,55540.17555556981,47829.90726382395,SL,61.742332383343935,0.5611694888524987,0.0,61.47718322201352,6.7794150529475345,9.068213517224418,68,1045.26351078176,,5
ETH,-1,SQUEEZE_V2,2024-07-02 15:00:00+00:00,2024-07-05 11:00:00+00:00,3409.9777801269533,2934.343811083746,0.16644727218764255,567.5814997226041,2932.8773723975473,2691.067803259864,SL,79.16797670702348,0.5279975113690925,0.0,78.92376994551569,5.983030229900412,13.191270462096492,68,1124.1872807272757,,5
APT,-1,SQUEEZE_V2,2024-07-03 03:00:00+00:00,2024-07-05 11:00:00+00:00,6.821335483646393,5.525813228980766,64.38496946362896,439.1914768157417,5.523051703129202,4.52843147617632,SL,83.4121608060981,0.39748539641269265,0.0,83.23427114809328,7.381427725199672,11.276175049975409,56,1207.421551875369,,5
SOL,-1,SQUEEZE_V2,2024-07-05 00:00:00+00:00,2024-07-05 12:00:00+00:00,127.76444291534425,132.71793537498468,0.9478385714183598,121.10006705094247,132.65160957019958,30.02110981823752,SL,-4.695111216477202,0.12344762265918108,0.0,-4.758008805610912,4.632245060421525,-1.0271496312368982,12,1202.6635430697581,,5
LINK,-1,SQUEEZE_V2,2024-07-03 18:00:00+00:00,2024-07-05 13:00:00+00:00,14.041190872001648,12.126003430330725,17.646655387839104,247.78005655308513,12.119943458601425,5.67724813614784,SL,33.79665278628399,0.23088173015994312,0.0,33.68966108440059,7.379780757161614,4.565130346414003,43,1236.3532041541587,,5
AVAX,1,SQUEEZE_V2,2024-07-06 17:00:00+00:00,2024-07-07 13:00:00+00:00,26.551308726882933,25.658664827594297,10.538222978220414,279.80361172746194,25.671500577883236,44.14747170687684,SL,-9.406880450851775,0.27510017150203603,0.0,-9.54207881649008,9.271614452214173,-1.0291712263996606,20,1226.5332796728692,,5
SOL,1,SQUEEZE_V2,2024-07-06 10:00:00+00:00,2024-07-07 21:00:00+00:00,139.90798088378907,135.13803896131085,1.9719226603684374,275.8877178711378,135.20564178220195,233.95476291553163,SL,-9.405956565576172,0.2711847395883497,0.0,-9.539197446228954,9.27264903115619,-1.0287456598623714,35,1216.1810187106958,,5
ETH,-1,SQUEEZE_V2,2024-07-07 14:00:00+00:00,2024-07-08 08:00:00+00:00,2972.825237890625,2966.2068475953447,0.19249326911454548,572.2488485477927,2964.7244853526686,2017.0516007280153,SL,1.2739955842144828,0.5716118507556855,0.0,0.9885081577326936,9.198999597546518,0.10745822382646265,18,1217.0084756503845,,5
XRP,-1,SQUEEZE_V2,2024-07-07 14:00:00+00:00,2024-07-08 08:00:00+00:00,0.4268146193802357,0.4286367006416646,1161.0571297917568,495.55615693077755,0.42842248939696614,0.2683925498992279,SL,-2.1155404396419932,0.49661392715059854,0.0,-2.364376288327203,9.196853664364465,-0.2570853440333162,18,1214.6440993620574,,5
DOGE,-1,SQUEEZE_V2,2024-07-07 15:00:00+00:00,2024-07-08 08:00:00+00:00,0.10585882369726897,0.1081622395087691,2815.4888024360966,298.0443327587177,0.10810818541606108,0.04054160190032895,SL,-6.485241424632882,0.3012869534710342,0.0,-6.637506211724557,9.194995328775974,-0.7218607486348917,17,1208.006593150333,,5
SUI,-1,SQUEEZE_V2,2024-07-07 15:00:00+00:00,2024-07-08 08:00:00+00:00,0.66156766,0.6747169446151534,393.42566057697525,260.2776936518638,0.6743797547377846,0.19419206233080377,SL,-5.173265985831389,0.2628643266447795,0.0,-5.305991465650236,9.193877662528129,-0.5771222611843191,17,1202.7006016846826,,5
SOL,-1,SQUEEZE_V2,2024-07-07 22:00:00+00:00,2024-07-08 08:00:00+00:00,134.28313555908204,137.81484963655453,2.39868122491229,322.102436087922,137.74597664823042,58.23003149842269,SL,-8.47145624939168,0.32633816421261785,0.0,-8.636743195560337,9.121357640330217,-0.9468703603258412,10,1194.0638584891224,,5
LINK,1,SQUEEZE_V2,2024-07-08 09:00:00+00:00,2024-07-08 14:00:00+00:00,13.441687929725648,12.910211666893991,17.05747263845069,229.28122407588813,12.916670001894937,23.942046486339848,SL,-9.065641811237008,0.22474840317026962,0.0,-9.175749602369333,8.955478938668417,-1.024596190243921,5,1184.7734682747152,,5
LINK,-1,SQUEEZE_V2,2024-07-10 01:00:00+00:00,2024-07-10 04:00:00+00:00,12.724454836463929,13.084256510246002,25.150916991202998,320.0317073502158,13.077717651420292,5.659198537336671,SL,-9.049342030588814,0.3245563783655102,0.0,-9.213882555279216,8.884883735046186,-1.0370290518192493,3,1175.2772662638704,,5
APT,1,SQUEEZE_V2,2024-07-10 05:00:00+00:00,2024-07-10 09:00:00+00:00,6.2113421939849855,6.035120929052344,50.872669462030586,315.98755835016203,6.03813999905187,9.675386092647297,SL,-8.964846163099173,0.31150513526861245,0.0,-9.118357519192704,8.811258012930585,-1.0348530829322498,4,1165.5580504257105,,5
BTC,1,SQUEEZE_V2,2024-07-10 05:00:00+00:00,2024-07-10 12:00:00+00:00,59350.46772,58193.1460825979,0.0078128854750536,463.6984071872255,58222.2572112035,81914.67789593013,SL,-9.04202141082411,0.45917739648181344,0.0,-9.269349603712312,8.814579496979029,-1.0515929440410792,7,1156.2887008219982,,5
ETH,1,SQUEEZE_V2,2024-07-10 05:00:00+00:00,2024-07-11 03:00:00+00:00,3119.6838706054687,3053.0113913190557,0.13527994819407965,422.0306723974137,3054.5386606493803,4422.588069727231,SL,-9.019449543836787,0.4175209476254953,0.0,-9.225955155263575,8.812840627952076,-1.0468764323277566,22,1146.7468083488268,,5
XRP,1,SQUEEZE_V2,2024-07-11 02:00:00+00:00,2024-07-11 03:00:00+00:00,0.4429885820031166,0.43669032954366066,1426.3903438733555,631.8746358153955,0.43690878393562843,0.5645845433528791,SL,-8.98376649144454,0.6273827525696734,0.0,-9.295211926106514,8.672165256164986,-1.0718444184972846,1,1137.4515964227203,,5
LINK,-1,SQUEEZE_V2,2024-07-11 04:00:00+00:00,2024-07-11 11:00:00+00:00,12.621474795722962,12.923526530205919,28.86022736374656,364.2586322703614,12.917067996207816,6.709610786025875,SL,-8.717281732792138,0.3686172731367574,0.0,-8.903769689793714,8.530886973170402,-1.043709724181791,7,1128.2113344816305,,5
APT,1,SQUEEZE_V2,2024-07-11 12:00:00+00:00,2024-07-11 14:00:00+00:00,6.292958226299286,6.158839966929399,64.57386621399964,406.3606425953385,6.161920927393095,8.913704204423098,SL,-8.660534537405548,0.40203037532663577,0.0,-8.859384591434514,8.461585008612229,-1.0470124193537504,2,1118.7201977389295,,5
ETH,1,SQUEEZE_V2,2024-07-11 13:00:00+00:00,2024-07-11 14:00:00+00:00,3192.7285059082033,3131.010850399823,0.1406461995252179,449.045130471816,3132.5771389693077,4395.755844686114,SL,-8.6803536908603,0.44470495362638585,0.0,-8.900536079250779,8.460061156202496,-1.052065217368476,1,1109.8196616596788,,5
DOGE,1,SQUEEZE_V2,2024-07-11 13:00:00+00:00,2024-07-11 14:00:00+00:00,0.11126224753260612,0.10890171343831637,3667.8975889491508,408.09852946590956,0.1089561915340834,0.15738336750306064,SL,-8.658197313077656,0.4037694308093708,0.0,-8.857917479154072,8.458377236963226,-1.0472360396087383,1,1100.9617441805246,,5
SOL,1,SQUEEZE_V2,2024-07-09 07:00:00+00:00,2024-07-11 16:00:00+00:00,142.63852261047364,137.38819071084575,1.7148747708850431,244.60720378101703,137.45691917043095,246.27059141132773,SL,-9.003661713444819,0.24010537292429462,0.0,-9.121463484478605,8.885801012060364,-1.026521241258766,57,1091.840280696046,,5
AVAX,-1,SQUEEZE_V2,2024-07-11 16:00:00+00:00,2024-07-12 18:00:00+00:00,25.127972820281983,25.920594625379724,10.50141240091998,263.8792053848894,25.907640804977238,9.534613126376849,SL,-8.323648453293005,0.2680410296115359,0.0,-8.459749880212097,8.18761504307904,-1.0332373756828115,26,1083.0903162609675,,5
SOL,-1,SQUEEZE_V2,2024-07-11 16:00:00+00:00,2024-07-13 22:00:00+00:00,138.45229972839357,142.10492725399754,2.286346308214371,316.54990434780217,142.03391029884813,66.82008831930222,SL,-8.351171458446842,0.3207254900770256,0.0,-8.513621996349967,8.188802105220345,-1.03966635009076,54,1073.8067059291898,,5
BTC,1,SQUEEZE_V2,2024-07-13 10:00:00+00:00,2024-07-16 06:00:00+00:00,58677.433139999994,63135.66630890274,0.010767844833045881,631.8294952529441,63167.24993386967,73763.21150560294,SL,48.005562992283224,0.6558322767490856,0.0,47.66564546316061,8.122066031326622,5.868660175787209,68,1121.32289595701,,5
ETH,1,SQUEEZE_V2,2024-07-13 10:00:00+00:00,2024-07-16 06:00:00+00:00,3166.623188232422,3388.5034016667223,0.19319939182337553,611.7896741003024,3390.198500917181,3997.925141885258,SL,42.86712229314761,0.6332232352468761,0.0,42.53979389495088,8.030351593365603,5.297376260598076,68,1163.8626898519608,,5
SOL,1,SQUEEZE_V2,2024-07-13 23:00:00+00:00,2024-07-16 06:00:00+00:00,142.23844871520996,153.74503163344087,2.1014772966167667,298.91087068100205,153.82194260474324,191.46563098728396,SL,24.18082276430058,0.31100128206315236,0.0,24.01927691757793,5.172490296058927,4.643658188373775,55,1187.8819667695386,,5
AVAX,1,SQUEEZE_V2,2024-07-12 23:00:00+00:00,2024-07-16 08:00:00+00:00,25.993198469924927,26.437706253308914,11.401348004378706,296.3575015024982,26.450931719168498,40.2427018950244,SL,5.067987929015819,0.2988914954670061,0.0,4.917275184300062,8.123177371957256,0.605338891315537,81,1192.7992419538386,,5
NEAR,1,SQUEEZE_V2,2024-07-11 10:00:00+00:00,2024-07-17 11:00:00+00:00,4.789957834339142,6.142167581662878,64.45273236193881,308.7258703216328,6.145240201763759,7.436710172285419,SL,87.15361294146163,0.3523026767923636,0.0,86.95567319983009,8.529521003299388,10.194672498748043,145,1279.6025537420408,,5
SOL,1,SQUEEZE_V2,2024-07-16 16:00:00+00:00,2024-07-17 16:00:00+00:00,161.0322,156.22649517367472,1.8923098812288426,304.7228232560192,156.30464749742342,255.58325005153154,SL,-9.093882729124443,0.300175881891457,0.0,-9.241697199387891,8.94599431465379,-1.0330542222958639,24,1270.3608565426528,,5
AVAX,-1,SQUEEZE_V2,2024-07-18 16:00:00+00:00,2024-07-19 14:00:00+00:00,26.880622479629515,27.575228924615825,13.992106294475558,376.11652699664535,27.561448200515567,13.264108061908487,SL,-9.71900721107623,0.38097603060218344,0.0,-9.91192497818009,9.526185854650585,-1.0404925044939357,22,1259.8640407675828,,5
LINK,-1,SQUEEZE_V2,2024-07-18 16:00:00+00:00,2024-07-19 15:00:00+00:00,13.528293937301637,13.853092051238592,29.973120066863583,405.48517848256466,13.846168966755215,7.170793348230063,SL,-9.7352128665232,0.4103527849158263,0.0,-9.942823062197744,9.527706424069896,-1.043569419506791,23,1249.6048605646506,,5
NEAR,1,SQUEEZE_V2,2024-07-19 15:00:00+00:00,2024-07-21 13:00:00+00:00,6.303260445785522,6.082534513804228,43.053570023216515,271.37786497719793,6.085577302455456,10.656923312386851,SL,-9.503039368496356,0.26662634529294976,0.0,-9.633976781300706,9.372036454234879,-1.0279491365985316,46,1239.356066765386,,5
ETH,1,SQUEEZE_V2,2024-07-19 17:00:00+00:00,2024-07-21 18:00:00+00:00,3491.8981911621095,3430.9128644703383,0.15810992042647543,552.1037451419946,3432.629179059868,4677.278433206942,SL,-9.642385150418553,0.5472825525667854,0.0,-9.913615830414342,9.371018787241214,-1.0579016065907243,49,1229.2658124095271,,5
LINK,1,SQUEEZE_V2,2024-07-19 17:00:00+00:00,2024-07-21 18:00:00+00:00,14.062812419700622,13.973121521957944,28.881308637741732,406.1524258080413,13.980111577746817,20.550709845479787,SL,-2.5903904997024045,0.4048572305581901,0.0,-2.792171517356574,9.368948398196931,-0.2980240042622,49,1226.4736408921706,,5
AVAX,1,SQUEEZE_V2,2024-07-21 15:00:00+00:00,2024-07-21 18:00:00+00:00,30.5991190120697,29.779120093632844,11.545334058466327,353.27705088911284,29.794017102183936,46.701157209784974,SL,-9.467161440934579,0.34854347016864556,0.0,-9.639066385658667,9.295170500740396,-1.036997264858227,3,1216.834574506512,,5
SUI,1,SQUEEZE_V2,2024-07-22 01:00:00+00:00,2024-07-22 03:00:00+00:00,0.89427882,0.8669711908142295,339.5640200671776,303.6649111801319,0.8674048932608599,1.4317573547828033,SL,-9.27268834482404,0.2990285670077199,0.0,-9.419884456241695,9.125418598533239,-1.0322687506911503,2,1207.1507628926001,,5
DOGE,1,SQUEEZE_V2,2024-07-21 21:00:00+00:00,2024-07-23 04:00:00+00:00,0.14096818364560604,0.13516206299701142,1590.3546343735527,224.18940416001163,0.13522967783592937,0.2557382998391394,SL,-9.233790881224433,0.21957250871939943,0.0,-9.341268687863826,9.126259308798838,-1.0235594203265397,31,1197.6522463670954,,5
SOL,1,SQUEEZE_V2,2024-07-19 04:00:00+00:00,2024-07-23 05:00:00+00:00,161.88237610473632,175.50495455396964,2.3979132110672055,388.17988830049734,175.59275092943435,241.32457921462543,SL,32.66576083221597,0.4045127687166053,0.0,32.455338007649615,9.524775417674348,3.407464909610876,97,1230.1075843747449,,5
SUI,-1,SQUEEZE_V2,2024-07-23 06:00:00+00:00,2024-07-23 08:00:00+00:00,0.81863624,0.8408202498425787,423.8447892008185,346.9747045749507,0.8404000498176699,0.38336004364660287,SL,-9.402576975356666,0.3516759930626291,0.0,-9.58076561613182,9.224477384377003,-1.0386242186856292,2,1220.1760649485143,,5
XRP,1,SQUEEZE_V2,2024-07-22 12:00:00+00:00,2024-07-23 11:00:00+00:00,0.6112222380280494,0.5933296965424322,514.5357215672758,314.4956752817276,0.5936265097973308,0.9631368026424225,SL,-9.20635174397449,0.3098924994097404,0.0,-9.358996405743367,9.053630721694502,-1.0337285331637331,23,1210.817068542771,,5
BTC,1,SQUEEZE_V2,2024-07-19 14:00:00+00:00,2024-07-23 13:00:00+00:00,65149.32726,66005.95954617643,0.009711754642437252,632.7142814689688,66038.97903569427,84608.18027605105,SL,8.319402582135556,0.6368739827600366,0.0,7.998885740110004,9.448980305756871,0.8465342800256039,95,1218.815954282881,,5
LINK,-1,SQUEEZE_V2,2024-07-23 17:00:00+00:00,2024-07-23 19:00:00+00:00,13.519295912742615,13.910743944981379,23.77428222588729,321.41155652482746,13.9037920489569,5.829373188456927,SL,-9.306395995212585,0.3260647545224338,0.0,-9.471754971472604,9.141119657121607,-1.0361701111847288,2,1209.04432917104,,5
AVAX,-1,SQUEEZE_V2,2024-07-25 19:00:00+00:00,2024-07-25 21:00:00+00:00,26.54269073562622,27.484904654991123,9.763341047545417,259.1453419714429,27.471169070455897,7.973124039032687,SL,-9.199155834504007,0.263744919888695,0.0,-9.33332808340698,9.065050638199203,-1.0295946990166038,2,1199.2105176721677,,5
NEAR,-1,SQUEEZE_V2,2024-07-23 05:00:00+00:00,2024-07-26 02:00:00+00:00,5.9448108991622926,5.5538470203770425,59.6373747854736,354.53291562210995,5.5510714846347256,2.8508427572051813,SL,23.31605936669843,0.3428748859387607,0.0,23.150450938570724,9.225806882810586,2.5093144949418322,69,1222.3609686107384,,5
LINK,-1,SQUEEZE_V2,2024-07-24 22:00:00+00:00,2024-07-26 03:00:00+00:00,13.447309809303285,13.266598321964972,30.36249022673781,408.29381266088643,13.259968337796074,7.474260562639399,SL,5.486850768168765,0.40555038727680204,0.0,5.285447287222405,9.0678324687828,0.5828787977080796,29,1227.6464158979609,,5
SUI,-1,SQUEEZE_V2,2024-07-23 17:00:00+00:00,2024-07-26 09:00:00+00:00,0.8019395800000001,0.7811430926937938,347.0694440745949,278.32872421201415,0.780752716335626,0.27524876812776855,SL,7.2178252880693945,0.2747198115679795,0.0,7.082269838607422,9.139914363784639,0.7748726691214652,64,1234.7286857365682,,5
APT,-1,SQUEEZE_V2,2024-07-24 22:00:00+00:00,2024-07-26 14:00:00+00:00,6.865026485061645,6.9256387667986825,48.58359643980046,333.52767629877684,6.922177677959703,3.1327785530999623,SL,-2.9447626352077,0.33500005761638063,0.0,-3.1129988546746925,9.066301366985323,-0.34335929599810006,40,1231.6156868818935,,5
LINK,1,SQUEEZE_V2,2024-07-27 08:00:00+00:00,2024-07-27 18:00:00+00:00,13.643727993965149,13.444347759996367,47.91288168082902,653.7103250602668,13.451073296644688,17.496821940374346,SL,-9.552881559642248,0.6489338842804457,0.0,-9.87496028139256,9.230641717971134,-1.0698021419428514,10,1220.5504136188952,,5
SOL,1,SQUEEZE_V2,2024-07-27 03:00:00+00:00,2024-07-27 19:00:00+00:00,184.07680128479004,180.12264574017186,2.3896552260407247,439.8800901830585,180.21275211622998,261.3577846559914,SL,-9.44906846177473,0.43515555595217115,0.0,-9.66428397263537,9.23374528932786,-1.0466266579613277,16,1210.8861296462599,,5
AVAX,1,SQUEEZE_V2,2024-07-27 03:00:00+00:00,2024-07-27 19:00:00+00:00,28.846767803192137,28.145843947501135,13.441330443762382,387.738938277191,28.159923909455863,42.58364567791761,SL,-9.421349160258776,0.38302826369706156,0.0,-9.610507954817242,9.232095738989674,-1.0409887664216295,16,1201.2756216914427,,5
DOGE,1,SQUEEZE_V2,2024-07-26 20:00:00+00:00,2024-07-27 20:00:00+00:00,0.13362671656608582,0.1303050830482282,2836.561972749689,379.04046275476,0.13037026818231934,0.19875568424141563,SL,-9.422019324165746,0.3743294530926771,0.0,-9.606828545881042,9.2371176516142,-1.0400244868811683,24,1191.6687931455617,,5
APT,1,SQUEEZE_V2,2024-07-27 01:00:00+00:00,2024-07-27 20:00:00+00:00,7.015603050613403,7.029063112723184,74.15701019321425,520.2561469358831,7.032579402424396,9.506452189707744,SL,0.9981579630763686,0.5207552259174213,0.0,0.7375308106268889,9.23569624987887,0.0798565468885534,19,1192.4063239561885,,5
APT,-1,SQUEEZE_V2,2024-07-28 21:00:00+00:00,2024-07-29 00:00:00+00:00,6.842231076335907,6.9608297757836315,77.65454503618756,531.3303412653288,6.957351100233515,4.53983059838375,SL,-9.209728047496569,0.5359352052890771,0.0,-9.479998082152981,8.939593080323753,-1.0604507383024706,3,1181.8896443417411,,5
LINK,-1,SQUEEZE_V2,2024-07-28 22:00:00+00:00,2024-07-29 00:00:00+00:00,13.25234911441803,13.449841126258637,46.85002575166215,620.8728972805018,13.4431195664754,9.43694007327062,SL,-9.252505840480012,0.6254991502007418,0.0,-9.567568542040503,8.937600591544008,-1.0704851312210704,2,1172.3220757997005,,5
NEAR,-1,SQUEEZE_V2,2024-07-28 15:00:00+00:00,2024-07-29 02:00:00+00:00,5.457908310604096,5.586240406841435,71.23642613607674,388.8018822258281,5.583448682500186,2.947100872682295,SL,-9.141919894499114,0.39337284217307766,0.0,-9.340891795559278,8.943047429671413,-1.044486442570783,11,1162.7811188180376,,5
SUI,-1,SQUEEZE_V2,2024-07-28 20:00:00+00:00,2024-07-29 02:00:00+00:00,0.7576484400000001,0.7707592402269817,702.6450735077377,532.3579438168229,0.7703740532003815,0.5031361759923714,SL,-9.212239189232774,0.5369640634114393,0.0,-9.483024280735801,8.941589422613067,-1.0605524177562278,6,1153.2980945373017,,5
BTC,1,SQUEEZE_V2,2024-07-29 03:00:00+00:00,2024-07-29 14:00:00+00:00,69599.01702,68643.71994605633,0.009392106145443406,653.6813554703622,68678.0589755441,88018.17790911789,SL,-8.972251518910461,0.6491952297109069,0.0,-9.294606070886188,8.649735709029763,-1.074553764825811,11,1143.357483439114,,5
ETH,1,SQUEEZE_V2,2024-07-29 03:00:00+00:00,2024-07-29 15:00:00+00:00,3332.646376464844,3292.5731923533485,0.19153808326034713,638.3286991326174,3294.2203025046006,4235.577454896171,SL,-7.6755408748548,0.6344909286951901,0.0,-7.9908674539836815,8.647284403946749,-0.9240898160278539,12,1135.3666159851305,,5
SOL,1,SQUEEZE_V2,2024-07-29 01:00:00+00:00,2024-07-29 16:00:00+00:00,188.1376261047363,184.1561245686329,2.126796114589935,400.13037220772713,184.24824869297936,270.8198870716558,SL,-8.467841997218617,0.3958964512091178,0.0,-8.66367326232387,8.792415568497754,-0.9853575726521443,15,1126.7029427228065,,5
BTC,-1,SQUEEZE_V2,2024-07-30 15:00:00+00:00,2024-07-31 13:00:00+00:00,65795.43828,66838.99064936228,0.008361214358162608,550.1297632483377,66805.58785543457,45592.44677130867,SL,-8.725365054206518,0.554492445775441,0.0,-9.00479261835779,8.446077134015363,-1.066150885846434,22,1116.665770606116,,5
XRP,1,SQUEEZE_V2,2024-07-30 11:00:00+00:00,2024-08-01 01:00:00+00:00,0.6236246895074844,0.6208705180576766,593.8097391781132,370.31441422147117,0.6211811086119825,0.9082367971538484,SL,-1.6354538302621933,0.36949668730634005,0.0,-1.8197933104577977,8.450272070421049,-0.2153532212090212,38,1114.601643461089,,5
AVAX,-1,SQUEEZE_V2,2024-07-30 14:00:00+00:00,2024-08-01 21:00:00+00:00,26.660667166137696,25.591532900127195,15.35857881845119,409.46995802361954,25.578743528363013,15.65849894310188,SL,16.420382892029238,0.401259766577605,0.0,16.223858104463442,8.448883391367717,1.9202369535647126,55,1130.6423871529882,,5
NEAR,-1,SQUEEZE_V2,2024-07-30 14:00:00+00:00,2024-08-01 22:00:00+00:00,5.211957220745087,5.037849856282873,65.01690662173135,338.86533593764176,5.035332190187779,2.6134491347877464,SL,11.319922257395543,0.33320537480894397,0.0,11.156149550555421,8.447347879025129,1.3206688904403097,56,1141.7985367035437,,5
DOGE,-1,SQUEEZE_V2,2024-07-30 15:00:00+00:00,2024-08-01 22:00:00+00:00,0.12689461571872235,0.11974822751033475,3120.5384325527302,395.9795252342829,0.11968838331867541,0.07277565945580836,SL,22.300579058215163,0.38482923570517535,0.0,22.113739585127128,8.444014147403182,2.61886576681398,55,1163.912276288671,,5
BTC,-1,SQUEEZE_V2,2024-07-31 20:00:00+00:00,2024-08-01 22:00:00+00:00,65243.748640000005,65454.804729862844,0.00748987725759095,488.6676691387165,65422.09368302134,42880.24923536587,SL,-1.5807842075397507,0.48945806124248636,0.0,-1.8259084342128789,8.374993279545869,-0.21801909246569426,26,1162.086367854458,,5
LINK,-1,SQUEEZE_V2,2024-08-01 15:00:00+00:00,2024-08-01 22:00:00+00:00,12.618476089859008,12.912957752682727,29.023221387477943,366.228825128575,12.906504500432511,6.857907878388937,SL,-8.546806494685423,0.37050222837591773,0.0,-8.734194310497054,8.359512325958168,-1.0448210338030623,7,1153.352173543961,,5
SOL,-1,SQUEEZE_V2,2024-08-03 16:00:00+00:00,2024-08-05 14:00:00+00:00,146.14076416931152,124.35163295112149,1.5608353068790162,228.1016644897413,124.28948820701798,35.30086628314477,SL,34.009245311570794,0.2110970418339559,0.0,33.912199101981706,8.650141301579707,3.920421403496448,46,1186.5171081733272,,5
APT,-1,SQUEEZE_V2,2024-08-03 16:00:00+00:00,2024-08-05 14:00:00+00:00,5.7447509740829465,4.8535604887856625,52.21111368214122,299.9398461834362,4.851134921325,2.4315537214848537,SL,46.530047740299096,0.27667482231328666,0.0,46.403342841077524,8.64928592033787,5.364991199095988,46,1232.9204510144048,,5
ETH,-1,SQUEEZE_V2,2024-08-03 18:00:00+00:00,2024-08-05 14:00:00+00:00,2902.339337890625,2369.7929016699645,0.13863888179600606,402.37708039771684,2368.608597371279,1654.885312645926,SL,73.8316424220804,0.36546125918667666,0.0,73.66736970309259,8.647281557592574,8.519136240962387,44,1306.5878207174974,,5
LINK,-1,SQUEEZE_V2,2024-08-03 18:00:00+00:00,2024-08-05 14:00:00+00:00,11.51169713897705,8.979003507136811,28.627704871463227,329.5534682643026,8.974516249012305,5.47155338148051,SL,72.5052058221567,0.2933008653532242,0.0,72.37668169093563,8.64577264354108,8.371337609138429,44,1378.964502408433,,5
NEAR,-1,SQUEEZE_V2,2024-08-03 17:00:00+00:00,2024-08-05 15:00:00+00:00,4.424115190696717,3.5497896074394646,53.01780712875129,234.55688589573728,3.548015599639645,1.1617542541483523,SL,46.35482514086597,0.2113794733253043,0.0,46.26072411048853,8.648161145914683,5.349197746198532,46,1425.2252265189215,,5
SUI,1,SQUEEZE_V2,2024-08-07 11:00:00+00:00,2024-08-07 14:00:00+00:00,0.6368273400000001,0.6112359211238804,422.7374036905368,269.21073631075075,0.6115416919698653,1.1425403006026964,SL,-10.81844997244784,0.2638015113245269,0.0,-10.947646115616992,10.689189198891912,-1.0241792816944313,3,1414.142975035149,,5
APT,-1,SQUEEZE_V2,2024-08-07 15:00:00+00:00,2024-08-08 01:00:00+00:00,4.982603419589997,5.188683684604517,52.11174072020482,259.6521375132798,5.186090639284875,0.9128590256924234,SL,-10.739201337987794,0.2650217381822737,0.0,-10.874397007413428,10.604073232614851,-1.0254924469935895,10,1402.7379117948483,,5
AVAX,-1,SQUEEZE_V2,2024-08-07 19:00:00+00:00,2024-08-08 02:00:00+00:00,19.89102145767212,20.68658868061572,13.503192340447558,268.5922885909162,20.676250555338054,4.1864395043534905,SL,-10.74269723116315,0.2739636372064978,0.0,-10.88236472407419,10.603099537099178,-1.0263380708629481,7,1391.855547070774,,5
ETH,-1,SQUEEZE_V2,2024-08-07 15:00:00+00:00,2024-08-08 12:00:00+00:00,2389.751934472656,2482.515717655818,0.11588404483082496,276.93412030897997,2481.2750801157604,559.2890216105675,SL,-10.749842409074484,0.2823090415135172,0.0,-10.893684390433512,10.606072312763617,-1.0271176802484907,21,1380.9618626803406,,5
LINK,-1,SQUEEZE_V2,2024-08-07 15:00:00+00:00,2024-08-08 12:00:00+00:00,9.75804822883606,10.167122409745808,26.250528113304597,256.1539193620431,10.162041389051282,1.678185024531622,SL,-10.73841328639839,0.2615231260052423,0.0,-10.871859452722612,10.60503380981246,-1.0251602821542416,21,1370.090003227618,,5
SOL,1,SQUEEZE_V2,2024-08-09 00:00:00+00:00,2024-08-09 04:00:00+00:00,163.2026321685791,156.48689444034687,1.5477938223861873,252.60402586769197,156.56517702886129,295.9517349629354,SL,-10.39457736852369,0.24740673718343015,0.0,-10.515682092773273,10.273412061620682,-1.023582236329998,4,1359.1462907770506,,5
SOL,-1,SQUEEZE_V2,2024-08-09 16:00:00+00:00,2024-08-09 23:00:00+00:00,151.11976389770507,156.98104360055197,1.7627355446042434,266.3841793146858,156.90259230439978,35.46319576381099,SL,-10.33188606907563,0.27155012234922365,0.0,-10.470244101767511,10.19359718082788,-1.0271392832218198,7,1348.5428545856257,,5
SUI,1,SQUEEZE_V2,2024-08-08 13:00:00+00:00,2024-08-11 03:00:00+00:00,0.6626325,0.8788535612235209,364.0597802773899,241.23784235465754,0.8792932078274346,1.2271373193116921,SL,78.7173920403791,0.2805965383748471,0.0,78.55741442318158,10.275675024207134,7.644988211296906,62,1426.6512219191127,,5
NEAR,1,SQUEEZE_V2,2024-08-10 17:00:00+00:00,2024-08-11 12:00:00+00:00,4.125825,4.009317980068243,88.33145367240047,364.44011984793167,4.011323641889187,6.415852162216255,SL,-10.291234433611436,0.35929450263112594,0.0,-10.468308876318597,10.114071409392192,-1.035024220473414,19,1415.8558115028463,,5
ETH,1,SQUEEZE_V2,2024-08-11 08:00:00+00:00,2024-08-11 12:00:00+00:00,2678.0355,2632.9175041567173,0.2442846929757831,654.2030798957477,2634.234621467451,3554.0530706509817,SL,-11.021635762258958,0.6486922620146183,0.0,-11.343226484325703,10.699884164393344,-1.0601261013715688,4,1404.5125850185207,,5
DOGE,1,SQUEEZE_V2,2024-08-10 18:00:00+00:00,2024-08-11 13:00:00+00:00,0.1056811309531331,0.10536133395423232,5049.662647704541,533.6540595412084,0.10541404097471968,0.14573412246748602,SL,-1.6148669601972725,0.5328466260611098,0.0,-1.880886556487778,10.112704758942762,-0.18599243242264063,19,1402.631698462033,,5
APT,1,SQUEEZE_V2,2024-08-08 22:00:00+00:00,2024-08-11 14:00:00+00:00,5.602020353221893,5.9910601402523955,64.6586096670889,362.2188473660618,5.994057168836814,8.780180364765759,SL,25.154771734572652,0.3747962332333482,0.0,24.961084925022334,10.274770382298303,2.4293569584801693,64,1427.0644486299598,,5
LINK,-1,SQUEEZE_V2,2024-08-11 13:00:00+00:00,2024-08-12 10:00:00+00:00,10.48390286102295,10.432714378680597,54.97167977134651,576.3177508300571,10.427500628366415,6.657228303104467,SL,2.813916859305028,0.5749107924004045,0.0,2.527164942319652,10.517936419352644,0.24027193563081012,21,1429.1702978946248,,5
ETH,-1,SQUEEZE_V2,2024-08-11 21:00:00+00:00,2024-08-12 10:00:00+00:00,2556.8884223632813,2619.4421684829754,0.1747335274753687,446.7741334004665,2618.1331019320096,1331.9948309887122,SL,-10.930236716292805,0.4522392517586129,0.0,-11.159088901351184,10.701498900142541,-1.0427594307562418,13,1418.0112089932736,,5
SOL,-1,SQUEEZE_V2,2024-08-11 13:00:00+00:00,2024-08-12 11:00:00+00:00,151.56968610229492,149.06311909208117,3.169180960343675,480.3517633606604,148.98862477969132,85.18194826024703,SL,7.94376444459501,0.47637988113836294,0.0,7.707560445136978,10.519737738465247,0.7326761024616052,22,1425.7187694384106,,5
NEAR,-1,SQUEEZE_V2,2024-08-11 15:00:00+00:00,2024-08-12 11:00:00+00:00,3.9602077656745913,4.069315461297066,99.95870048523602,395.85722190837225,4.067281820386873,1.8187266714289563,SL,-10.906263467361233,0.40131035364205286,0.0,-11.1096452100491,10.702983364724698,-1.0379951861519934,20,1414.6091242283615,,5
XRP,1,SQUEEZE_V2,2024-08-13 17:00:00+00:00,2024-08-14 14:00:00+00:00,0.5798159331321716,0.5648388300672954,722.0074068953417,418.63139835736206,0.5651213907626768,0.8737067805220687,SL,-10.813579346675544,0.4132246086840243,0.0,-11.017488256180886,10.609568431712711,-1.0384482957147319,21,1403.2145669977413,,5
NEAR,1,SQUEEZE_V2,2024-08-13 17:00:00+00:00,2024-08-15 05:00:00+00:00,4.174834586334228,4.093953636474502,80.36403445045704,335.5065505211235,4.096001637293149,6.814821151595213,SL,-6.499919440912677,0.33225659080066716,0.0,-6.664422756452782,10.60799856396887,-0.6282450658589983,36,1396.3340226097102,,5
NEAR,-1,SQUEEZE_V2,2024-08-15 06:00:00+00:00,2024-08-15 12:00:00+00:00,4.097180449581146,4.197590426480986,106.52291286592369,436.4435960266985,4.195492680140915,2.1309358383857724,SL,-10.695963220170983,0.441791577636784,0.0,-10.919532999794418,10.472505169572827,-1.0426858543379287,6,1385.1962678119025,,5
SOL,-1,SQUEEZE_V2,2024-08-15 19:00:00+00:00,2024-08-15 22:00:00+00:00,138.56227833862306,143.13165964486953,2.3090879880787294,319.952492512536,143.0601295800795,48.60525350949422,SL,-10.551103487205218,0.32522804425613866,0.0,-10.716355285205088,10.385934273812044,-1.0318142790703186,3,1373.7277539348913,,5
ETH,-1,SQUEEZE_V2,2024-08-15 19:00:00+00:00,2024-08-16 06:00:00+00:00,2553.1992189453126,2618.1643458353324,0.1631799451455213,416.63090849308395,2616.8559178763944,1280.0652403236782,SL,-10.601005842285254,0.42193141141422663,0.0,-10.814621799452938,10.387496639718892,-1.0411191622532843,11,1362.9131321354384,,5
LINK,-1,SQUEEZE_V2,2024-08-15 19:00:00+00:00,2024-08-16 07:00:00+00:00,10.116976634788513,10.402863500518604,36.99742495724473,374.30208383978635,10.397664668184513,4.5032159668684955,SL,-10.577077861110968,0.37959062277034183,0.0,-10.769517441961417,10.384734451965121,-1.0370527519770603,12,1352.143614693477,,5
NEAR,-1,SQUEEZE_V2,2024-08-16 13:00:00+00:00,2024-08-16 18:00:00+00:00,3.889222104883194,4.004979408925845,89.13528753170388,346.6669305934221,4.002977919965862,1.6141058032298243,SL,-10.31806057973656,0.3518259608832903,0.0,-10.49655307532314,10.139657285796975,-1.0351980130557354,5,1341.1697090559662,,5
SUI,-1,SQUEEZE_V2,2024-08-16 13:00:00+00:00,2024-08-17 16:00:00+00:00,0.81403716,0.8504357458379431,281.8278623643726,229.41835268796478,0.8500107404677093,0.09456555064581373,SL,-10.258135639793627,0.2345474205078616,0.0,-10.377973883957507,10.138357284807249,-1.0236346572150632,27,1330.7917351720087,,5
BTC,1,SQUEEZE_V2,2024-08-18 03:00:00+00:00,2024-08-18 04:00:00+00:00,60155.228639999994,59309.5304,0.010938619402813767,658.0151511822023,59514.629793302,72967.20557395983,SL_GAP,-9.250771176989351,0.6533897655937076,0.0,-9.575153366991959,7.007266973910762,-1.36646047633719,1,1320.488336708874,,5
AVAX,-1,SQUEEZE_V2,2024-08-15 18:00:00+00:00,2024-08-18 06:00:00+00:00,20.349929291534423,20.89773392321593,19.333320186556143,393.4316987670126,20.887290278076893,9.602709560684998,SL,-10.590882343977055,0.39872713993900116,0.0,-10.79289363453255,10.388972008589269,-1.0388798454370012,60,1309.6954430743415,,5
DOGE,-1,SQUEEZE_V2,2024-08-14 14:00:00+00:00,2024-08-18 12:00:00+00:00,0.10268945917040109,0.10399752926290756,4209.227185034699,432.24326315656305,0.10394555648466523,0.052684511516827,SL,-5.505964193309083,0.43499624525321756,0.0,-5.724838806984019,10.52410925248306,-0.5439737149852659,94,1303.4659426531884,,5
XRP,1,SQUEEZE_V2,2024-08-17 17:00:00+00:00,2024-08-18 23:00:00+00:00,0.5703140660405159,0.563496319695737,1400.0619810181577,798.4750411032052,0.5637782088001371,0.7010312108480934,SL,-9.545267453550508,0.7937024073764299,0.0,-9.939732340375336,9.150605235616698,-1.0862376951512602,30,1293.3159534254276,,5
ETH,1,SQUEEZE_V2,2024-08-18 10:00:00+00:00,2024-08-19 00:00:00+00:00,2645.4088587890624,2608.484148320797,0.27576548508043996,729.5124571800588,2609.789042842218,3357.805177725952,SL,-10.182560693736008,0.724421176833191,0.0,-10.542225641979169,9.82271582305756,-1.073249581061141,14,1282.7737277834483,,5
AVAX,1,SQUEEZE_V2,2024-08-18 11:00:00+00:00,2024-08-19 00:00:00+00:00,21.014202228927612,20.678412652373126,13.31531733203579,279.81077115774497,20.68875703088857,27.958578073069148,SL,-4.471144768612906,0.2775751987734385,0.0,-4.608814581807472,4.623328401883421,-0.9968607421289745,13,1278.1649132016407,,5
SUI,1,SQUEEZE_V2,2024-08-19 06:00:00+00:00,2024-08-19 08:00:00+00:00,0.85807158,0.8283063146623186,326.4533953952156,280.12038078313736,0.8287206749998185,1.445089680003629,SL,-9.716971934325583,0.2752618948159746,0.0,-9.852173638749989,9.581702595231645,-1.02822786877699,2,1267.5681122017447,,5
BTC,-1,SQUEEZE_V2,2024-08-19 00:00:00+00:00,2024-08-19 17:00:00+00:00,58424.11284,59190.28291000488,0.013014350601578942,760.35188808597,59160.70255872552,43692.318465489676,SL,-9.971205911479725,0.7653374910417099,0.0,-10.35636745847845,9.586236849012305,-1.0803371147193692,17,1257.2117447432663,,5
NEAR,-1,SQUEEZE_V2,2024-08-19 00:00:00+00:00,2024-08-19 23:00:00+00:00,3.8992200953483582,3.9844760223373323,115.09544022877357,448.78245342299977,3.982484779947359,2.2339264033683373,SL,-9.812568448908152,0.4536887376474538,0.0,-10.041865959844106,9.583385529431983,-1.0478411756475896,23,1247.1698787834223,,5
APT,-1,SQUEEZE_V2,2024-08-16 12:00:00+00:00,2024-08-20 00:00:00+00:00,6.068985926437378,6.101695279936531,62.386014020004275,378.6198410939309,6.098645956958053,2.8179120216518245,SL,-2.040606185983445,0.37964014418692266,0.0,-2.230936409623402,10.141077110201078,-0.21999008442399734,84,1244.938942373799,,5
DOGE,-1,SQUEEZE_V2,2024-08-18 22:00:00+00:00,2024-08-20 00:00:00+00:00,0.10123974697738886,0.10287023664520135,4153.643083139626,420.51377477143706,0.10281882723158557,0.06809463804924187,SL,-6.77247213084001,0.4239000108368571,0.0,-6.986115254291149,6.88364762196537,-1.0148856591669233,26,1237.9528271195077,,5
SOL,1,SQUEEZE_V2,2024-08-22 12:00:00+00:00,2024-08-22 15:00:00+00:00,144.5189034942627,142.0717056858359,3.905567525347874,564.4283362860758,142.14277707437307,192.04143189205527,SL,-9.557696288694228,0.5596494881417287,0.0,-9.835131608692919,9.280122181642046,-1.0598062629120113,3,1227.0601229493448,,5
AVAX,1,SQUEEZE_V2,2024-08-22 14:00:00+00:00,2024-08-22 17:00:00+00:00,24.908980128479005,24.225649269675593,13.822765273460753,344.31098551726353,24.23776815375247,38.33321962300974,SL,-9.445522065351918,0.3395882244845876,0.0,-9.612954797077874,9.278005575380972,-1.0361014249210718,3,1217.4471681522668,,5
DOGE,1,SQUEEZE_V2,2024-08-20 01:00:00+00:00,2024-08-22 23:00:00+00:00,0.10296058859378099,0.10525000095367432,4295.396286938758,442.2565299467559,0.10210654521808653,0.1461912736489814,EOD,9.833933349957501,0.44717349662173467,0.0,9.607888118309145,9.284646203396306,1.0348146722914005,70,1226.8112283004368,,5
SUI,-1,SQUEEZE_V2,2024-08-21 09:00:00+00:00,2024-08-22 23:00:00+00:00,0.8583283,0.8522,372.5296597667895,319.7527495672069,0.8832470883381429,0.35995253323714266,EOD,2.2829735139488485,0.31861126281023244,0.0,2.1242386259222195,9.282987741409006,0.22883135097190108,38,1228.9354669263591,,5
LINK,1,SQUEEZE_V2,2024-08-21 17:00:00+00:00,2024-08-22 23:00:00+00:00,10.521103853416443,11.47599983215332,42.2385833096835,444.3965216223625,11.00357010332502,14.916037556825122,EOD,40.33345334995934,0.4645632482973422,0.0,40.09108836247318,9.281788668598129,4.319327857367423,30,1269.0265552888322,,5
APT,1,SQUEEZE_V2,2024-08-22 23:00:00+00:00,2024-08-22 23:00:00+00:00,6.484396557426453,6.5055999755859375,75.20452149392302,487.6559402780981,6.36298292989769,8.912669108001701,EOD,1.5945929167196031,0.4884532367364579,0.0,1.3499676501221942,9.130853761142001,0.14784681536213246,0,1270.3765229389544,,5
SOL,-1,SQUEEZE_V2,2024-09-01 02:00:00+00:00,2024-09-01 19:00:00+00:00,133.61327138977052,135.95505913759,1.7767944924391215,237.4033247221179,135.8871155798001,85.37230369258887,SL,-4.160875572787093,0.23948376250851144,0.0,-4.2816576729345455,7.5,-0.570887689724606,17,994.9415210669785,,6
ETH,-1,SQUEEZE_V2,2024-09-01 03:00:00+00:00,2024-09-02 08:00:00+00:00,2487.1523723632813,2473.1899408602285,0.14629652691159203,363.8617539766748,2471.9539638782894,1901.6067212229295,SL,2.0426552361376262,0.36284042635860597,0.0,1.8617456867673576,7.49553832212676,0.24838051741680803,29,996.6704665651467,,6
LINK,-1,SQUEEZE_V2,2024-09-01 02:00:00+00:00,2024-09-02 09:00:00+00:00,10.90681859664917,10.646049972899677,25.729771577201358,280.62995112575504,10.64072960809563,7.57588691585555,SL,6.709517123575633,0.2772751925639672,0.0,6.572556906574544,7.499109737532291,0.8764449563498927,31,1003.2430234717212,,6
BTC,-1,SQUEEZE_V2,2024-09-01 03:00:00+00:00,2024-09-02 10:00:00+00:00,58536.2904,58517.653977842696,0.008048859098618829,471.15035358543395,58488.40977295622,47890.87019594472,SL,0.15000193604650294,0.47107535261741074,0.0,-0.0854982397781908,7.497305135952704,-0.01140386288510402,31,1003.157525231943,,6
XRP,-1,SQUEEZE_V2,2024-09-01 23:00:00+00:00,2024-09-02 17:00:00+00:00,0.5450909502744675,0.5606855217869805,487.2588272918112,265.600377198116,0.5604053191274169,0.37006959195504596,SL,-7.598592627305361,0.26939967351176874,0.0,-7.735192112218071,7.462061408002338,-1.0366025806116828,18,995.422333119725,,6
NEAR,-1,SQUEEZE_V2,2024-09-01 02:00:00+00:00,2024-09-02 21:00:00+00:00,3.9722054495811463,4.02190742775896,50.50019172225311,200.59713676402652,4.019897479019451,2.2753389354998252,SL,-2.5099594269548513,0.20185211647750395,0.0,-2.611512975050342,7.49805737521557,-0.34829194341491165,43,992.8108201446746,,6
APT,1,SQUEEZE_V2,2024-09-02 21:00:00+00:00,2024-09-04 00:00:00+00:00,6.416083127117157,6.026936139998939,19.283770648783772,123.72627548685864,6.029951115556717,10.829020402093622,SL,-7.5042212482529385,0.11997416486273217,0.0,-7.562332275372241,7.4460811510850595,-1.015612390185976,27,985.1866247315589,,6
ETH,-1,SQUEEZE_V2,2024-09-06 08:00:00+00:00,2024-09-07 05:00:00+00:00,2343.7811500000003,2275.570729392316,0.09065450621987832,212.4743228407086,2274.4335126359983,1412.2823050411266,SL,6.183581999239826,0.20938253184108868,0.0,6.080436628819092,7.388899685486692,0.8229150330410239,21,991.0923604106604,,6
AVAX,-1,SQUEEZE_V2,2024-09-06 17:00:00+00:00,2024-09-08 02:00:00+00:00,21.036792166137698,22.182945181716573,6.508957045982978,136.92757659466147,22.171859252090528,8.064596898105338,SL,-7.460260746526757,0.14065770696792484,0.0,-7.532454665197351,7.388102906776039,-1.0195384065764594,33,983.559905745463,,6
AVAX,1,SQUEEZE_V2,2024-09-08 03:00:00+00:00,2024-09-09 14:00:00+00:00,22.20444076309204,23.291996846058105,10.474513394281463,232.5807121855369,23.3036486703933,30.25200488216549,SL,11.391620758060315,0.23827652256456705,0.0,11.269634591588517,7.375752838700216,1.5279300754842668,35,994.2522704961013,,6
LINK,1,SQUEEZE_V2,2024-09-08 05:00:00+00:00,2024-09-09 14:00:00+00:00,10.245048630523682,10.368759362010469,24.371961046055123,249.69192613806356,10.373946335178058,13.703299292113682,SL,3.01507312877495,0.2511994627024511,0.0,2.8887196291415305,7.37488066102952,0.3916971354405985,33,997.1409901252429,,6
SUI,-1,SQUEEZE_V2,2024-09-09 15:00:00+00:00,2024-09-09 19:00:00+00:00,0.8990201600000001,0.9525621304486952,140.92955294767353,126.69850923974593,0.9520860874049928,0.29255241822865474,SL,-7.545645959272152,0.130471332219382,0.0,-7.612768036871661,7.4785574259393215,-1.0179460560758458,4,989.3594130753,,6
DOGE,1,SQUEEZE_V2,2024-09-08 03:00:00+00:00,2024-09-11 03:00:00+00:00,0.09646929100155831,0.10071446008013192,2616.2505696307867,252.38783753470506,0.10076484250138261,0.12869293798583015,SL,11.106426019997217,0.2579410505447037,0.0,10.974678888219866,7.376699293090972,1.487749256432178,72,1000.1635971946775,,6
SOL,1,SQUEEZE_V2,2024-09-08 08:00:00+00:00,2024-09-11 05:00:00+00:00,129.6059178314209,131.4679621666481,1.824367706106191,236.4488510118968,131.5337290311637,175.79495513253534,SL,3.397053552526493,0.23814737778816006,0.0,3.2771306002442815,7.37325645247514,0.4444617681979821,69,1003.4407277949218,,6
NEAR,1,SQUEEZE_V2,2024-09-08 05:00:00+00:00,2024-09-11 13:00:00+00:00,3.7607519904613493,3.8626893905204587,48.77491403190714,183.43035503007596,3.864621701371144,5.488559225018193,SL,4.971987924519183,0.18591634899233556,0.0,4.877786753041886,7.373944316306503,0.6614895019284734,80,1008.1152823438879,,6
ETH,1,SQUEEZE_V2,2024-09-09 17:00:00+00:00,2024-09-11 13:00:00+00:00,2342.568517675781,2283.0929038034324,0.09003771514515378,210.91951690249712,2284.2350213140894,3291.7685018283187,SL,-5.3550483799216915,0.2082419927125363,0.0,-5.4578306141829795,7.478082306529672,-0.7298436137052596,44,1002.6574517297049,,6
XRP,1,SQUEEZE_V2,2024-09-09 20:00:00+00:00,2024-09-11 13:00:00+00:00,0.5387077475666999,0.526721558549417,632.9768584633853,340.9895376846561,0.5269850510749545,0.6726814217580763,SL,-7.5869802691080475,0.33719604755010213,0.0,-7.753681547815821,7.42019559806475,-1.0449430133402478,41,994.9037701818891,,6
SOL,-1,SQUEEZE_V2,2024-09-11 05:00:00+00:00,2024-09-12 02:00:00+00:00,132.26353528747558,136.0019783819662,1.5349025416583466,203.01163648146468,135.93401137627808,76.22792201222606,SL,-5.738145807578769,0.20588070938525405,0.0,-5.84252069872329,7.525805458461914,-0.7763316140671745,21,989.0612494831657,,6
XRP,1,SQUEEZE_V2,2024-09-12 13:00:00+00:00,2024-09-12 15:00:00+00:00,0.5770153853416443,0.5547993402363824,338.1250822621255,195.10337463515552,0.5550768786757203,0.8277411758093475,SL,-7.511802078755761,0.19134747359577764,0.0,-7.605597865033961,7.417959371123743,-1.0252951633357077,2,981.3580999308142,,6
APT,-1,SQUEEZE_V2,2024-09-11 05:00:00+00:00,2024-09-13 21:00:00+00:00,6.077983950996399,6.305939840576819,33.47372637218319,203.45277167017431,6.3027884463536425,3.508789718342186,SL,-7.630533072742603,0.2072680382065456,0.0,-7.736074725114062,7.525044164825108,-1.0280437636865163,64,973.2048384689994,,6
SUI,-1,SQUEEZE_V2,2024-09-13 12:00:00+00:00,2024-09-14 03:00:00+00:00,0.99470102,1.049835824242193,134.74312234844902,134.02912123798706,1.0493111686578642,0.37058503533869425,SL,-7.429035673663593,0.13774363907481885,0.0,-7.499764752119418,7.358341942073582,-1.0192193854483995,15,965.70507371688,,6
AVAX,1,SQUEEZE_V2,2024-09-13 15:00:00+00:00,2024-09-15 16:00:00+00:00,24.258850510025024,24.428961737801355,8.601494812684033,208.66237682365764,24.441182328965837,34.035010841092586,SL,1.4632108432974271,0.20939398224530636,0.0,1.3581480494639495,7.357839332868939,0.18458517344851916,49,967.0632217663439,,6
LINK,1,SQUEEZE_V2,2024-09-13 00:00:00+00:00,2024-09-15 20:00:00+00:00,10.788157451820373,11.053804953718315,22.76326383002547,245.57367431564242,11.059334621028828,14.482964211295032,SL,6.047004171490031,0.24859717640138745,0.0,5.921193832246465,7.359262843352265,0.8045906170609426,68,972.7118449375306,,6
DOGE,1,SQUEEZE_V2,2024-09-12 23:00:00+00:00,2024-09-15 21:00:00+00:00,0.10317063265889882,0.10396098350381942,2385.4491794961614,246.10830102427008,0.10401298999881883,0.13843292593620304,SL,1.8853417745299454,0.24705097191153505,0.0,1.7613449531305454,7.360185749481106,0.23930713341775653,70,974.4731898906612,,6
NEAR,-1,SQUEEZE_V2,2024-09-15 17:00:00+00:00,2024-09-17 06:00:00+00:00,4.143171253395081,4.014900426146602,53.92724954027273,223.42983006992105,4.012893979157024,2.60633512017097,SL,6.917292909765903,0.21997118361503812,0.0,6.809036641185826,7.251767745152393,0.9389485268247152,37,980.8384406945015,,6
BTC,-1,SQUEEZE_V2,2024-09-16 00:00:00+00:00,2024-09-17 09:00:00+00:00,59118.27398,59022.79395798392,0.006809005956997902,402.53667969725404,58993.29730932926,46854.29789707321,SL,0.6501240386817521,0.4022116176779132,0.0,0.4491807608524659,7.3067300429487325,0.06147493587585627,33,981.2876214553539,,6
SOL,-1,SQUEEZE_V2,2024-09-15 17:00:00+00:00,2024-09-17 14:00:00+00:00,133.8032358306885,133.61524423254127,2.404362570548046,321.7114920495206,133.5484699975425,99.32793068760253,SL,0.4519999621626873,0.32148549206843924,0.0,0.2913702161190084,7.252974163247579,0.04017251537933853,45,981.578991671473,,6
APT,-1,SQUEEZE_V2,2024-09-15 22:00:00+00:00,2024-09-17 14:00:00+00:00,5.964507009506225,5.936705724459451,38.86624465339525,231.81798866835982,5.933738855031936,3.8157164071064678,SL,1.0805315463066945,0.23127772289520648,0.0,0.9651628177456679,7.307599360406238,0.13207659179772185,40,982.5441544892186,,6
DOGE,-1,SQUEEZE_V2,2024-09-15 22:00:00+00:00,2024-09-17 15:00:00+00:00,0.10404918635040522,0.10241237147846977,2433.627933164128,253.21700632534586,0.10236119088302825,0.0697274758370807,SL,3.9833983937605875,0.2512253071284656,0.0,3.858781589794795,7.308548924179958,0.5279819058237695,41,986.4029360790134,,6
XRP,-1,SQUEEZE_V2,2024-09-18 02:00:00+00:00,2024-09-18 23:00:00+00:00,0.5763846985697746,0.5853015364266095,457.0964838182179,263.4634190428674,0.5850090319106542,0.39141538446297186,SL,-4.075855231136428,0.2655013466584356,0.0,-4.20962486827343,7.3980220205926,-0.5690203214529265,21,982.0615795012186,,6
LINK,1,SQUEEZE_V2,2024-09-20 04:00:00+00:00,2024-09-21 04:00:00+00:00,11.430286050224304,11.235836366398418,19.624949132215338,224.31878230232252,11.24145709494589,15.719556113921428,SL,-3.8160651538583554,0.22241074972539335,0.0,-3.9263165124325874,7.365461846259139,-0.5330713259246239,24,978.0231035976349,,6
XRP,1,SQUEEZE_V2,2024-09-21 17:00:00+00:00,2024-09-22 10:00:00+00:00,0.6049209458827972,0.5908187050292604,531.2292154020708,321.3516794615969,0.5911142621603405,0.7627116169965887,SL,-7.491522344035405,0.31760591828957924,0.0,-7.648452422594186,7.3345137611852405,-1.0428029275874198,17,970.1260398957071,,6
NEAR,1,SQUEEZE_V2,2024-09-21 14:00:00+00:00,2024-09-22 11:00:00+00:00,4.535906847381591,4.42055408245408,38.773035938165826,175.87087920569888,4.422765465186673,6.697990617933648,SL,-4.4725769001011875,0.1736345907556483,0.0,-4.558276051253986,7.33517327698226,-0.6214271809444277,21,965.288360720529,,6
BTC,-1,SQUEEZE_V2,2024-09-22 10:00:00+00:00,2024-09-22 22:00:00+00:00,62695.358420000004,63543.4401356231,0.008913040166462953,558.8062478482514,63511.68429347637,53365.91986598439,SL,-7.558986395791491,0.5625857410461472,0.0,-7.842169012913512,7.2759452992178035,-1.0778213263583194,12,957.281662277522,,6
AVAX,-1,SQUEEZE_V2,2024-09-22 11:00:00+00:00,2024-09-23 03:00:00+00:00,26.940609945678712,27.87280480498919,7.884063294660443,212.4014740084896,27.85887536730554,16.446147984229246,SL,-7.349483273760894,0.21607621564537005,0.0,-7.45935875240202,7.239662705403967,-1.030346171629524,16,949.8223035251199,,6
SUI,1,SQUEEZE_V2,2024-09-22 13:00:00+00:00,2024-09-24 04:00:00+00:00,1.55851164,1.5061060078113409,74.851790121256,116.65738617881449,1.5068594375301059,2.663761084176836,SL,-3.922655381757259,0.11469605848793588,0.0,-3.9790227471557875,7.238866199876436,-0.5496748575382852,39,945.8432807779641,,6
AVAX,1,SQUEEZE_V2,2024-09-24 23:00:00+00:00,2024-09-26 00:00:00+00:00,28.307660445785523,27.121567767594456,6.049363794149566,171.2433361978147,27.135135335262085,41.70794742319626,SL,-7.1751061039549295,0.16765578314583723,0.0,-7.257140219001859,7.093030951331703,-1.023136691323664,25,938.3946982904596,,6
NEAR,-1,SQUEEZE_V2,2024-09-26 00:00:00+00:00,2024-09-26 06:00:00+00:00,5.141971525859833,5.418983124028938,25.65756997683549,131.9304942436442,5.4162749865356705,2.0070748324216923,SL,-7.107444464418852,0.13548421647585362,0.0,-7.176963433772883,7.037960237178447,-1.019750494732855,6,930.9015553588634,,6
AVAX,-1,SQUEEZE_V2,2024-09-26 01:00:00+00:00,2024-09-26 08:00:00+00:00,27.07958208465576,28.107062666391666,6.943020889801207,188.01410410085145,28.093016158312512,15.49747838572147,SL,-7.133819142857481,0.1915810136722802,0.0,-7.231393104479336,7.036293943835151,-1.0277275455234671,7,923.6701622543841,,6
XRP,-1,SQUEEZE_V2,2024-09-26 01:00:00+00:00,2024-09-26 10:00:00+00:00,0.5771845521092415,0.5904813391568182,541.2729709419976,312.4143973019954,0.5901862460338013,0.428593764399986,SL,-7.197191429224942,0.31601299301660785,0.0,-7.356997223590552,7.037465497825033,-1.045404375462199,9,916.3131650307936,,6
DOGE,1,SQUEEZE_V2,2024-09-24 11:00:00+00:00,2024-09-28 07:00:00+00:00,0.10897178653031588,0.12216277227600425,1942.1651011351041,211.64120080752392,0.1222238842181133,0.15071503542411835,SL,25.61907216484658,0.2244507368899472,0.0,25.500442028360393,7.0938246058347305,3.5947381624555623,92,941.773180976344,,6
SUI,-1,SQUEEZE_V2,2024-09-27 00:00:00+00:00,2024-09-29 14:00:00+00:00,1.64027188,1.7805831051120922,49.291929347666475,80.85216561992407,1.7796932584828509,0.04688469733884815,SL,-6.916210994909773,0.08431027111737896,0.0,-6.96009518321719,6.872348737730952,-1.0127680431879844,62,934.2830118823709,,6
APT,-1,SQUEEZE_V2,2024-09-29 08:00:00+00:00,2024-09-29 16:00:00+00:00,7.840531723403931,8.139407364467989,23.947885090848196,187.76415276322732,8.13533969462068,4.4712977666411,SL,-7.157439508655642,0.19134287251755516,0.0,-7.254900304791583,7.060027418564773,-1.0276022846192325,8,927.0281115775794,,6
XRP,1,SQUEEZE_V2,2024-09-28 08:00:00+00:00,2024-09-29 22:00:00+00:00,0.6079215668678284,0.63856050449896,436.18493270734234,265.16622773558584,0.6388799444711956,0.7929885177393736,SL,13.364242948859582,0.27184834921001566,0.0,13.22497771351736,7.06329885732258,1.872351429644934,38,940.0385891274351,,6
NEAR,1,SQUEEZE_V2,2024-09-29 18:00:00+00:00,2024-09-30 03:00:00+00:00,5.5971193945884705,5.326784357732079,25.974904638072523,145.38464252234175,5.329449082273215,8.656208678191383,SL,-7.021926802674601,0.14187367912100446,0.0,-7.091108160534435,6.952710836831845,-1.019905519868514,9,932.842537645905,,6
SOL,1,SQUEEZE_V2,2024-09-29 20:00:00+00:00,2024-09-30 03:00:00+00:00,159.5219034942627,155.53379668909318,1.7779106103200815,283.6156848009057,155.61160249033833,204.21105782482692,SL,-7.09049740400059,0.2800704360989054,0.0,-7.228759997699043,6.9521656444223865,-1.0397853514175923,7,925.613777648206,,6
APT,-1,SQUEEZE_V2,2024-10-01 00:00:00+00:00,2024-10-01 04:00:00+00:00,7.666866130828858,8.08293990012539,16.848361922870502,129.1741353864024,8.078900449900441,2.957902484296465,SL,-7.010161451720913,0.13267921611226288,0.0,-7.078253600139975,6.942103332361545,-1.019612250244641,4,918.4709369803728,,6
ETH,-1,SQUEEZE_V2,2024-09-29 08:00:00+00:00,2024-10-01 06:00:00+00:00,2640.571877636719,2654.9696184832924,0.14044822643140958,370.86363697873423,2653.6427970847503,2065.9692368833817,SL,-2.0221371665203054,0.3718747055619944,0.0,-2.2085800535929327,7.061418157203444,-0.3127672097055932,46,916.2623569267798,,6
AVAX,-1,SQUEEZE_V2,2024-09-29 07:00:00+00:00,2024-10-01 10:00:00+00:00,28.77424468650818,28.831841145732213,8.21407500385005,236.35380403411196,28.817432429517456,18.948177696917238,SL,-0.47310163602239996,0.23659035485212315,0.0,-0.5915150888574672,7.062304483968571,-0.08375666755804798,51,915.6708418379224,,6
LINK,-1,SQUEEZE_V2,2024-09-30 00:00:00+00:00,2024-10-04 06:00:00+00:00,12.461506948280334,10.932655462609937,16.842797814283966,209.88664199118045,10.9271918666766,7.677578701953621,SL,25.75013646121417,0.19701157376057338,0.0,25.658068208449187,7.050289418455763,3.639292897860797,102,941.3289100463716,,6
BTC,1,SQUEEZE_V2,2024-10-06 15:00:00+00:00,2024-10-07 10:00:00+00:00,62728.64322,62861.39889761601,0.00900186893736653,564.6750248852655,62892.845320276145,70992.24037310091,SL,1.1950492105906296,0.5652725494905608,0.0,0.9121141735427016,6.508934120798343,0.14013264792897115,19,941.5477499014761,,6
DOGE,1,SQUEEZE_V2,2024-10-06 15:00:00+00:00,2024-10-07 11:00:00+00:00,0.11251249634027481,0.11058963896068835,2045.6223266800898,230.15807454417805,0.11064496144140905,0.15193505215025427,SL,-3.933439986703634,0.22819135455082623,0.0,-4.046552303982371,7.0563202797225,-0.5734649425722365,20,937.5011975974937,,6
NEAR,1,SQUEEZE_V2,2024-10-06 15:00:00+00:00,2024-10-07 11:00:00+00:00,4.907981464862823,5.022493072163734,37.485552238963486,183.97839558897988,5.0250055749512095,7.059044784089916,SL,4.292530837445977,0.18612466100770286,0.0,4.1983953742327635,7.055457186942959,0.5950564595590545,20,941.6995929717265,,6
LINK,1,SQUEEZE_V2,2024-10-05 09:00:00+00:00,2024-10-07 22:00:00+00:00,11.291257357406616,11.19180889921794,21.83948784630622,246.59527782659748,11.197407603019448,14.98541125124851,SL,-2.1719033939455032,0.24550932612962473,0.0,-2.2941150811618294,7.05936254335767,-0.32497482132015154,61,939.4054778905646,,6
SUI,-1,SQUEEZE_V2,2024-10-09 08:00:00+00:00,2024-10-11 10:00:00+00:00,1.91891614,1.943468951023947,48.646143605411474,93.34787011318187,1.9424977021728607,0.2638254540190157,SL,-1.1943995709874458,0.0939450698986756,0.0,-1.2416707058295304,7.044955679143363,-0.17624961211686607,50,937.8641651476378,,6
NEAR,-1,SQUEEZE_V2,2024-10-09 13:00:00+00:00,2024-10-11 10:00:00+00:00,4.79704025888443,4.763289630988376,29.41239299755803,141.0924333194164,4.760909176400176,2.0600704123455373,SL,0.9926867315931045,0.14059608995361983,0.0,0.9226368582991928,7.043822865525953,0.130985244222251,45,938.7868020059369,,6
AVAX,-1,SQUEEZE_V2,2024-10-08 00:00:00+00:00,2024-10-11 16:00:00+00:00,26.556687874603274,26.878449318969924,5.87829364500375,156.10800956562858,26.865016810564644,12.858755379870686,SL,-1.8914082536277097,0.15705371369244242,0.0,-1.9704079625373379,7.045541084179234,-0.2796673724551674,88,936.8163940433996,,6
LINK,-1,SQUEEZE_V2,2024-10-09 11:00:00+00:00,2024-10-11 16:00:00+00:00,10.72385463218689,10.895769095737297,19.464620545095645,208.73576119628405,10.890323933770413,6.587643582982013,SL,-3.3462497992223326,0.2104088860958952,0.0,-3.4522908047200858,7.044605624630438,-0.4900616143293606,53,933.3641032386795,,6
LINK,1,SQUEEZE_V2,2024-10-12 11:00:00+00:00,2024-10-13 14:00:00+00:00,11.128225604438782,10.863419582704486,26.98439498527273,300.28843519540146,10.86885400970934,14.092472401346704,SL,-7.145630284956964,0.296715620052923,0.0,-7.292201687412186,6.998985560139356,-1.0418940894724453,27,925.5163392298693,,6
NEAR,1,SQUEEZE_V2,2024-10-12 11:00:00+00:00,2024-10-13 14:00:00+00:00,4.841968280124664,4.669772781698241,41.19177495535105,199.44926773584336,4.6721088361162995,6.783219068791693,SL,-7.093038219505727,0.1959027486260905,0.0,-7.189216334263896,6.9968119916336216,-1.0274988584601588,27,918.3271228956055,,6
DOGE,1,SQUEEZE_V2,2024-10-12 11:00:00+00:00,2024-10-13 15:00:00+00:00,0.11176234854608774,0.10890796155841342,2499.3196423870377,279.3298330005435,0.10896244277980333,0.14376127158933827,SL,-7.134025465268389,0.2757628202679093,0.0,-7.270123369036027,6.9978594785073716,-1.0389067387484507,28,911.0569995265695,,6
ETH,-1,SQUEEZE_V2,2024-10-13 16:00:00+00:00,2024-10-13 22:00:00+00:00,2440.191795654297,2480.7561185316977,0.17370767604756407,423.8800459334403,2479.516360351522,1990.7681991145807,SL,-7.046334257476301,0.42740321306217843,0.0,-7.261797447571759,6.830978745137037,-1.0630683710941746,6,903.3234285477332,,6
LINK,-1,SQUEEZE_V2,2024-10-13 15:00:00+00:00,2024-10-14 03:00:00+00:00,10.726854291534424,11.008380232764218,24.754786082652192,265.5409833267143,11.002878793367534,7.572288556298892,SL,-6.969114451860839,0.2690255405526447,0.0,-7.105369500750126,6.832927496449271,-1.039871929629347,12,896.2180590469831,,6
DOGE,-1,SQUEEZE_V2,2024-10-13 15:00:00+00:00,2024-10-14 03:00:00+00:00,0.10988801439106465,0.11289866811034083,2312.5910016410085,254.12603326897374,0.11284224698684742,0.07612535615354725,SL,-6.962410700255134,0.2576072386191013,0.0,-7.092954922239748,6.831931717761796,-1.0382063544047635,12,889.1251041247433,,6
SOL,1,SQUEEZE_V2,2024-10-12 11:00:00+00:00,2024-10-15 06:00:00+00:00,146.81935128479003,153.92350611247167,2.261671257625703,332.057106864061,154.0005063656545,182.1925900570973,SL,16.067262783490445,0.3400907382558062,0.0,15.89320059866667,7.000230774290096,2.270382378969274,67,904.6751666149722,,6
BTC,1,SQUEEZE_V2,2024-10-14 04:00:00+00:00,2024-10-15 14:00:00+00:00,64327.963019999996,65841.66026020762,0.004749180063365183,305.50507949147675,65874.59755898711,80375.0958290034,SL,7.188820755164931,0.3090994898690592,0.0,7.032473805041611,6.6684382809355744,1.0545908215341482,34,911.6398759369033,,6
ETH,1,SQUEEZE_V2,2024-10-14 04:00:00+00:00,2024-10-15 14:00:00+00:00,2521.764261767578,2590.332319502562,0.10712376796432314,270.1408896383127,2591.6281335693466,3233.0688730956085,SL,7.345268706566738,0.2738135239915961,0.0,7.206525627394298,6.667292636887481,1.0808773545536992,34,918.8464015642976,,6
APT,1,SQUEEZE_V2,2024-10-15 03:00:00+00:00,2024-10-16 14:00:00+00:00,10.46269201927185,9.827322367836118,10.573784217484762,110.63024774578047,9.832238487079657,17.667875244325487,SL,-6.718261592619946,0.1072711169494705,0.0,-6.7702175856965265,6.6662796085513385,-1.0155916018001794,35,912.0761839786011,,6
NEAR,1,SQUEEZE_V2,2024-10-15 10:00:00+00:00,2024-10-17 07:00:00+00:00,5.090018025112152,4.832775959808648,26.62642166539442,135.52896622109432,4.835193556586941,8.00229766540027,SL,-6.849435700848017,0.13210424837067034,0.0,-6.91377546610814,6.785063749612291,-1.0189698610426767,45,905.1624085124929,,6
LINK,-1,SQUEEZE_V2,2024-10-17 11:00:00+00:00,2024-10-18 08:00:00+00:00,11.003798365211487,11.45203920344755,15.340009768429844,168.79837441217657,11.446316045424838,5.946453448487474,SL,-6.876018837150374,0.17223638383075177,0.0,-6.963856033775038,6.788225537175719,-1.0258728139831947,21,897.9030348233498,,6
NEAR,-1,SQUEEZE_V2,2024-10-17 08:00:00+00:00,2024-10-20 22:00:00+00:00,4.8460307220458985,5.012552718894323,27.10268513083018,131.3404447939396,5.0100476950468,1.9833863409983885,SL,-4.513193247939948,0.1335970414179096,0.0,-4.581120066960888,6.788718063843697,-0.6748137165041007,86,893.1652678837385,,6
BTC,1,SQUEEZE_V2,2024-10-18 02:00:00+00:00,2024-10-21 13:00:00+00:00,68113.62,67152.89582505931,0.004270753654409922,290.8964915300887,67186.4890695941,86277.27271471903,SL,-4.103016281007875,0.28884498338958475,0.0,-4.246413018632415,6.787592543271675,-0.6256140143299777,83,888.918854865106,,6
AVAX,1,SQUEEZE_V2,2024-10-18 17:00:00+00:00,2024-10-21 13:00:00+00:00,27.985595542144775,27.98939050714488,7.058779462439904,197.54414705704127,28.003392203246502,38.88877188872101,SL,0.02678782100341166,0.19755754096754297,0.0,-0.07199764643561068,6.734272761175124,-0.010691228138351671,68,888.8468572186704,,6
SUI,1,SQUEEZE_V2,2024-10-18 17:00:00+00:00,2024-10-21 16:00:00+00:00,2.12352462,1.99899226491417,54.508244054982875,115.74959824372476,1.9999922610446923,3.5353230080606606,SL,-6.788040003760206,0.11235557824184467,0.0,-6.842520782880189,6.73353197062366,-1.0161859797699058,71,882.0043364357902,,6
XRP,1,SQUEEZE_V2,2024-10-04 17:00:00+00:00,2024-10-22 13:00:00+00:00,0.5318063550710678,0.5289787844524362,303.0085340178086,161.14186403143842,0.5292434061555139,0.7980870900621483,SL,-0.8567780279833868,0.16071347501744673,0.0,-0.9369205709851143,7.059966825347788,-0.1327089197673333,428,880.9211088408465,,6
SUI,-1,SQUEEZE_V2,2024-10-22 09:00:00+00:00,2024-10-23 20:00:00+00:00,1.9664066400000002,1.9916461678537827,72.41362973206387,142.39464233163181,1.9906508424325664,0.922399151710521,SL,-1.8276858246159167,0.1433084852439398,0.0,-1.8997969886940405,6.615032523268426,-0.2871938999561212,35,878.8052151982281,,6
DOGE,-1,SQUEEZE_V2,2024-10-23 18:00:00+00:00,2024-10-24 00:00:00+00:00,0.13482302537560464,0.1425207718492045,866.1518010066908,116.77720624625074,0.14244954707566668,0.04766277737489574,SL,-6.667416971801421,0.12011091473215146,0.0,-6.729139283410447,6.6057255059253395,-1.0186828498057336,6,872.0760759148177,,6
XRP,-1,SQUEEZE_V2,2024-10-23 08:00:00+00:00,2024-10-24 05:00:00+00:00,0.5265946798324586,0.5317476813358116,598.9732021272418,315.4161016024174,0.5314819403656288,0.40053307416000716,SL,-3.0865098110298805,0.3169593565079324,0.0,-3.2457611167366043,6.606908316306349,-0.49126777024070706,21,868.7731336736863,,6
NEAR,-1,SQUEEZE_V2,2024-10-22 10:00:00+00:00,2024-10-24 21:00:00+00:00,4.663067234325409,4.772374767430609,32.214720062266906,150.2194055853222,4.769989772544337,2.316491851368367,SL,-3.5213115796809986,0.1519800613751627,0.0,-3.5981819382635,6.614498543359682,-0.5439840850635197,59,865.1749517354228,,6
ETH,-1,SQUEEZE_V2,2024-10-25 05:00:00+00:00,2024-10-25 14:00:00+00:00,2491.7915810546874,2558.9698948103096,0.0984653186467637,245.3550520298729,2557.691049285667,1738.6548012720673,SL,-6.614734070099607,0.2486624190649227,0.0,-6.740718963149593,6.488812138015671,-1.038821716483066,9,858.3115552462583,,6
DOGE,1,SQUEEZE_V2,2024-10-24 01:00:00+00:00,2024-10-25 17:00:00+00:00,0.1426485212624073,0.13442296578962104,801.7065145677585,114.36224878952935,0.13449021089506857,0.23588635403199276,SL,-6.594481408471216,0.11106500808529374,0.0,-6.648365292161745,6.540570569361132,-1.0164809356702869,40,851.5942235318496,,6
SUI,-1,SQUEEZE_V2,2024-10-25 16:00:00+00:00,2024-10-26 11:00:00+00:00,1.87492494,1.833019772608331,73.56712876941448,137.9328444939667,1.8321037207479571,0.874891866684826,SL,3.082842845606786,0.13639142307116334,0.0,3.015417844782606,6.437336664346937,0.4684263076504043,19,854.6096413766322,,6
NEAR,1,SQUEEZE_V2,2024-10-27 16:00:00+00:00,2024-10-28 05:00:00+00:00,4.286856974887848,4.153431266334161,48.75888047052079,209.02234683277493,4.155509020844583,5.787976449668012,SL,-6.505688175063756,0.20576950274524308,0.0,-6.606946504392611,6.404379191243002,-1.031629500237367,13,847.2057678212581,,6
AVAX,1,SQUEEZE_V2,2024-10-27 14:00:00+00:00,2024-10-28 17:00:00+00:00,25.692137674713134,25.362853325647304,9.64058120200899,247.6871395062664,25.375541096195402,33.28732386174359,SL,-3.1744925057198063,0.24609989325340648,0.0,-3.2967488292200797,6.406925803288874,-0.5145601697974646,27,843.7765960308627,,6
DOGE,1,SQUEEZE_V2,2024-10-27 13:00:00+00:00,2024-10-29 19:00:00+00:00,0.13891777619719506,0.17229302743038574,1389.5077953485752,193.02733293849127,0.17237921703890519,0.19163590791286753,SL,46.3751717602356,0.2162149188186091,0.0,46.25547050788624,6.409572310324742,7.216623554332394,54,889.9442020732284,,6
BTC,1,SQUEEZE_V2,2024-10-27 14:00:00+00:00,2024-10-29 20:00:00+00:00,67629.32316,72146.58474658823,0.0075811475358568085,512.7078766260978,72182.67608463054,76629.53574106186,SL,34.246026545983945,0.5298308898990898,0.0,33.972549594397904,5.97029470022167,5.690263429230142,54,923.9167516676264,,6
XRP,1,SQUEEZE_V2,2024-10-27 16:00:00+00:00,2024-10-30 11:00:00+00:00,0.5173034331321716,0.5204635159609424,833.9581344886426,431.4094060594761,0.5207238778998924,0.6050912860106785,SL,2.6353767807112747,0.43272709444983176,0.0,2.418354389291181,6.405996976515725,0.3775141321728416,67,926.1383571079118,,6
SOL,1,SQUEEZE_V2,2024-10-28 23:00:00+00:00,2024-10-30 13:00:00+00:00,178.6957356628418,174.13910383080432,0.9833974514794561,175.7289310410852,174.22621693927394,252.2404739804067,SL,-4.480980130955825,0.17348844097560728,0.0,-4.566604106410889,6.32832447023147,-0.7216134583320215,38,921.571753001501,,6
ETH,1,SQUEEZE_V2,2024-10-28 10:00:00+00:00,2024-10-31 08:00:00+00:00,2542.8685794433595,2629.8267327687704,0.10415242238299416,264.8459223506291,2631.1423039207307,3240.0932390368635,SL,9.056902314793362,0.2693743735080258,0.0,8.91995090246065,6.354043258659435,1.4038228163310562,70,930.2998095280667,,6
LINK,1,SQUEEZE_V2,2024-10-29 23:00:00+00:00,2024-10-31 14:00:00+00:00,11.7603519739151,11.89084508578378,16.584305486544,195.03726976468874,11.896793482525043,16.535521153770617,SL,2.1641376311199654,0.19611933858024874,0.0,2.065536927422061,6.9293756375071975,0.29808413275241724,39,932.2762833507505,,6
XRP,-1,SQUEEZE_V2,2024-10-31 07:00:00+00:00,2024-11-01 03:00:00+00:00,0.5179964032649994,0.5184532602456663,740.9100707469804,383.7887517897521,0.5181941631640843,0.4113817577610626,SL,-0.33848993786715476,0.3839579967586857,0.0,-0.5305535587309644,6.911788147511257,-0.07676068007408503,20,931.4654911281206,,6
BTC,-1,SQUEEZE_V2,2024-10-31 14:00:00+00:00,2024-11-01 13:00:00+00:00,71314.33428000001,71238.3852046014,0.004536677661793369,323.5301472937411,71202.78381269507,53700.255944932695,SL,0.34455647379470195,0.3233578690568437,0.0,0.18296367838472874,6.992072125130628,0.02616730421402948,23,931.5937829114797,,6
SUI,-1,SQUEEZE_V2,2024-11-01 08:00:00+00:00,2024-11-01 13:00:00+00:00,1.9331133,2.0576485094318464,56.56357030445406,109.3437900510252,2.05662019933218,0.5216058790607976,SL,-7.044156074078153,0.11286586808806427,0.0,-7.102350047140704,6.985991183460904,-1.016656027845451,5,924.491432864339,,6
SUI,1,SQUEEZE_V2,2024-11-01 14:00:00+00:00,2024-11-01 15:00:00+00:00,2.08861764,1.947921219888078,49.624877415012456,103.6473943518326,1.948895667721939,3.685440180320695,SL,-6.982042600785215,0.10015637305144001,0.0,-7.030375276660739,6.933685746482543,-1.0139448965115339,1,917.4092338905024,,6
XRP,-1,SQUEEZE_V2,2024-11-03 03:00:00+00:00,2024-11-04 10:00:00+00:00,0.5001999301791191,0.5115666120904259,619.1947095916526,309.7211505050245,0.5113109566121198,0.37321677094482597,SL,-7.038189305092268,0.31324024515757065,0.0,-7.1965689749973265,6.879888785447019,-1.046029841386416,31,909.9670751760193,,6
APT,-1,SQUEEZE_V2,2024-10-31 09:00:00+00:00,2024-11-05 09:00:00+00:00,9.556688705635072,8.249814447169241,18.638904641885365,178.12620947651496,8.245691601368557,5.278541185386355,SL,24.358704682479264,0.16594685713527535,0.0,24.281820930082247,6.9772485714605,3.4801427355481906,120,934.2488961061016,,6
AVAX,-1,SQUEEZE_V2,2024-10-30 09:00:00+00:00,2024-11-05 14:00:00+00:00,26.20175933227539,23.588900011377895,7.574324522635065,198.46062824663565,23.577111455650073,15.747427008398015,SL,19.790644428469502,0.1885653060324009,0.0,19.701309436560418,6.92864424774558,2.843458075217351,149,953.950205542662,,6
ETH,-1,SQUEEZE_V2,2024-10-31 14:00:00+00:00,2024-11-05 14:00:00+00:00,2602.6292723632814,2471.4120009086096,0.09104146449915844,236.94718050433224,2470.1769124523835,1725.0562832032053,SL,11.946212560816942,0.23097407422392377,0.0,11.833712076845185,6.990858887078278,1.6927408016657741,120,965.7839176195072,,6
LINK,-1,SQUEEZE_V2,2024-11-03 03:00:00+00:00,2024-11-05 14:00:00+00:00,10.905818392372131,10.6570055679271,16.638671389686483,181.4583284662788,10.651679728063069,6.17977534789224,SL,4.1399148234806145,0.17938837105453848,0.0,4.0512556166592155,6.880569254178767,0.5887965758354619,59,969.8351732361664,,6
SUI,-1,SQUEEZE_V2,2024-11-08 17:00:00+00:00,2024-11-09 15:00:00+00:00,2.22245542,2.393304905040271,42.86742115028213,95.27093247686716,2.3921088506149633,0.2835590701147068,SL,-7.323876828530108,0.0989328708911322,0.0,-7.375174233182807,7.27260505976179,-1.0141034983445638,22,962.1449529523247,,6
AVAX,1,SQUEEZE_V2,2024-11-08 11:00:00+00:00,2024-11-10 20:00:00+00:00,28.07261283531189,31.13819704297102,5.455074194323427,153.13818584514252,31.153773929935983,43.31017817381496,SL,16.72298930172674,0.16149968049600588,0.0,16.638058714153306,7.273179327958708,2.2875908820500577,57,978.7245671589891,,6
DOGE,1,SQUEEZE_V2,2024-11-08 23:00:00+00:00,2024-11-10 20:00:00+00:00,0.20432085990607737,0.2589124116815301,495.28528989599266,101.19711633038004,0.259041932647854,0.3721259715312726,SL,27.038392546977207,0.11471631260386864,0.0,26.974274792538527,7.2722477937650005,3.7092073259199765,45,1005.6988419515276,,6
NEAR,1,SQUEEZE_V2,2024-11-09 06:00:00+00:00,2024-11-10 20:00:00+00:00,4.424884586334229,4.605739820404952,28.164994488823268,124.62684998778258,4.608043842326115,7.375606496506177,SL,5.093786670876756,0.12717374332322096,0.0,5.028926352547426,7.271868304578761,0.691559052215088,38,1010.727768304075,,6
SOL,1,SQUEEZE_V2,2024-11-07 16:00:00+00:00,2024-11-10 21:00:00+00:00,192.75854522094727,201.23326877546577,0.8085712438761995,155.85901667706798,201.33393574333743,295.56795102669776,SL,6.8524177659839545,0.15928522556005997,0.0,6.7710620487624285,7.273763799271247,0.9308883592619293,77,1017.4988303528374,,6
SUI,1,SQUEEZE_V2,2024-11-09 16:00:00+00:00,2024-11-10 21:00:00+00:00,2.3794758,2.8557054113590685,49.12385113478644,116.88901497802686,2.8571339783482426,4.058284881348952,SL,23.394232534380095,0.12858613124521692,0.0,23.32409091062389,7.216087147142435,3.2322352037918796,29,1040.8229212634612,,6
SOL,1,SQUEEZE_V2,2024-11-12 09:00:00+00:00,2024-11-12 10:00:00+00:00,225.10500955810545,210.81533443256006,0.5503421979360348,123.88478572661987,210.92079482997505,387.2103207367385,SL,-7.864211216384532,0.11995268011842761,0.0,-7.9222215036396495,7.80617190947596,-1.014866389763056,1,1032.8387573669584,,6
LINK,-1,SQUEEZE_V2,2024-11-14 15:00:00+00:00,2024-11-16 02:00:00+00:00,13.018395708465576,14.048327801250979,7.572262894346683,98.57871476713598,14.041307147677141,1.3279792603334055,SL,-7.798916569895733,0.10247817305208384,0.0,-7.852105385564249,7.7457543353445,-1.0137302379620357,35,1024.8100750204446,,6
AVAX,1,SQUEEZE_V2,2024-11-15 21:00:00+00:00,2024-11-18 13:00:00+00:00,32.95158869476318,34.23519941947725,3.3852661687665386,111.54989841549174,34.25232558226838,59.099807911405414,SL,4.345363960240427,0.11372258039561196,0.0,4.287416329052561,7.745384665164125,0.553544661033528,64,1028.9424430029114,,6
DOGE,-1,SQUEEZE_V2,2024-11-17 02:00:00+00:00,2024-11-19 04:00:00+00:00,0.3579183986723423,0.38578004803340915,277.78798070230255,99.42542922339166,0.38558725440620606,0.04170290457104253,SL,-7.739631315046353,0.10329524488091484,0.0,-7.793213845315572,7.6860755626533335,-1.0139392700200378,50,1021.1492291575959,,6
DOGE,1,SQUEEZE_V2,2024-11-19 05:00:00+00:00,2024-11-20 03:00:00+00:00,0.38679734569787977,0.37635582175392795,269.2153590451861,104.13178629977968,0.37654409380082837,0.7119165257304196,SL,-2.8110186175498955,0.10272627699100473,0.0,-2.8616790013910105,7.6586192186819675,-0.3736546914893491,22,1018.2354842630549,,6
LINK,-1,SQUEEZE_V2,2024-11-20 03:00:00+00:00,2024-11-20 14:00:00+00:00,14.345129972839356,15.244022718110608,8.56836559715216,122.91431814595305,15.236404515852684,4.159135195544172,SL,-7.702041674111863,0.12676533898300896,0.0,-7.767349854021895,7.636766131972911,-1.0170993480476334,11,1010.3547115320644,,6
SUI,1,SQUEEZE_V2,2024-11-17 18:00:00+00:00,2024-11-20 17:00:00+00:00,3.9326863800000003,3.575202768449721,21.60623240418663,84.97053589905943,3.576991264081762,7.997773419065581,SL,-7.723873991843306,0.08110859890313778,0.0,-7.762497322796914,7.685231339563563,-1.01005382659538,71,1002.5922142092675,,6
ETH,-1,SQUEEZE_V2,2024-11-14 15:00:00+00:00,2024-11-21 12:00:00+00:00,3108.3381689453126,3239.5669987381425,0.04601343256199024,143.02530871662537,3237.9480247257798,1184.3557269383798,SL,-6.038288909861272,0.146044453171556,0.0,-6.112820708674516,7.746290680252187,-0.7891287534894711,165,996.4356764858386,,6
DOGE,-1,SQUEEZE_V2,2024-11-20 18:00:00+00:00,2024-11-22 13:00:00+00:00,0.3718956038832665,0.40408105481342316,235.10369199262107,87.4340295087813,0.4038791152557953,0.006369759625794558,SL,-7.566918342127175,0.09121748867984489,0.0,-7.614418816052629,7.519441606569505,-1.0126308859689988,43,988.716308755213,,6
NEAR,-1,SQUEEZE_V2,2024-11-20 03:00:00+00:00,2024-11-22 23:00:00+00:00,5.574885013580323,5.987488878561092,18.64279452189743,103.93143579138331,5.984496630245969,0.8936093945443631,SL,-7.692089073777196,0.1077774803282719,0.0,-7.7479008362097765,7.636305203279864,-1.0146138256603443,68,980.9083928052539,,6
XRP,1,SQUEEZE_V2,2024-11-21 19:00:00+00:00,2024-11-23 16:00:00+00:00,1.208341581273079,1.4488443031564537,67.98576836794847,82.15003085379212,1.4495690877003038,2.464615862207444,SL,16.350762341824254,0.09032541202470425,0.0,16.301511945226444,7.47326757364379,2.1813098199129795,45,997.15744929855,,6
AVAX,1,SQUEEZE_V2,2024-11-22 11:00:00+00:00,2024-11-23 16:00:00+00:00,37.04540579910278,41.52998957174345,3.4484113626575823,127.74779829188712,41.550764954220554,61.81195554413884,SL,15.46468963836389,0.13548014311106907,0.0,15.393083394398763,7.472959511028087,2.059837654905355,29,1012.5505326929488,,6
LINK,1,SQUEEZE_V2,2024-11-22 13:00:00+00:00,2024-11-24 10:00:00+00:00,15.530105827331543,17.044911272007877,7.728873765141805,120.03022749873863,17.053437991003378,26.49510729510534,SL,11.707740060652883,0.12588409752906507,0.0,11.641871076873187,7.415372315664097,1.569964471275584,45,1024.192403769822,,6
APT,1,SQUEEZE_V2,2024-11-23 00:00:00+00:00,2024-11-24 11:00:00+00:00,12.48389581604004,12.182858235091151,8.40369908615507,104.91090386091078,12.188952711446873,22.488759314658985,SL,-2.529829243918504,0.10364598923895153,0.0,-2.581019781227,7.356812946039405,-0.3508339548875592,35,1021.611383988595,,6
SOL,1,SQUEEZE_V2,2024-11-17 05:00:00+00:00,2024-11-24 12:00:00+00:00,235.2170321685791,244.2768736260108,0.5344031717877608,125.70072804939242,244.3990731625921,399.58095648720496,SL,4.841608010745751,0.12812153205476529,0.0,4.776336842715682,7.685702717293747,0.6214574019325981,175,1026.3877208313106,,6
BTC,-1,SQUEEZE_V2,2024-11-24 13:00:00+00:00,2024-11-24 23:00:00+00:00,96912.6136,98209.71378122811,0.004488915887643552,435.03257090210053,98160.63346449587,77316.76058225897,SL,-5.822573611380227,0.43794385770779065,0.0,-6.043001183636967,7.6968618950357435,-0.7851253232872127,10,1019.8881764008499,,6
AVAX,-1,SQUEEZE_V2,2024-11-24 12:00:00+00:00,2024-11-25 07:00:00+00:00,40.058987942504885,43.47068151960508,2.2705820497985765,90.9572189553492,43.44895704108454,1.3164839587374075,SL,-7.746530195576798,0.0948304840531376,0.0,-7.7958820701522615,7.697202984606826,-1.0128201225487723,19,1012.0922943306977,,6
ETH,-1,SQUEEZE_V2,2024-11-24 13:00:00+00:00,2024-11-25 09:00:00+00:00,3315.3368,3445.185229509632,0.06005953995055748,199.1176029891534,3443.4634977607516,1851.0316827342667,SL,-7.798636939650881,0.20301692145897884,0.0,-7.902095059615283,7.695230522894861,-1.0268821754078656,20,1004.1901992710824,,6
SUI,-1,SQUEEZE_V2,2024-11-26 11:00:00+00:00,2024-11-26 14:00:00+00:00,3.0832832199999998,3.3276063878795346,31.036925764338633,95.69563240957098,3.325943416171449,0.3100238351834399,SL,-7.583040023985166,0.09948715242156356,0.0,-7.634679360201944,7.531426494533118,-1.0137096027882333,3,996.5076720946756,,6
SOL,-1,SQUEEZE_V2,2024-11-24 12:00:00+00:00,2024-11-27 14:00:00+00:00,248.50029305114748,239.1733468423292,0.7564542419361756,187.97910080092325,239.05381993236304,132.199682280837,SL,7.055408023971112,0.1844513967889377,0.0,6.964946177582636,7.69790790623483,0.9047842949564855,74,1003.4726182722583,,6
NEAR,-1,SQUEEZE_V2,2024-11-28 16:00:00+00:00,2024-11-28 21:00:00+00:00,6.480703474140167,6.9233672631872505,17.13189479247705,111.02673010020985,6.919907309532484,1.461231069656539,SL,-7.5836694623938845,0.11481856483140679,0.0,-7.642974662175186,7.5243939003935845,-1.015759510114881,5,995.5540320252525,,6
AVAX,-1,SQUEEZE_V2,2024-11-28 10:00:00+00:00,2024-11-29 23:00:00+00:00,42.16756348800659,45.096019439404365,2.589474388592397,109.19182568153695,45.073482698055344,8.957058230306622,SL,-7.583161684265513,0.11298340652366973,0.0,-7.641549177948415,7.52480336973989,-1.0155147985232418,37,987.8496070477934,,6
XRP,1,SQUEEZE_V2,2024-11-29 00:00:00+00:00,2024-12-02 02:00:00+00:00,1.542908555674553,2.303460724011528,81.50295009961981,125.75159902141957,2.304613030526791,2.5899038195358015,SL,61.987245424126115,0.15674522173348263,0.0,61.89337600190334,7.466655240189393,8.289304114211841,74,1049.625751755245,,6
SUI,1,SQUEEZE_V2,2024-11-28 02:00:00+00:00,2024-12-02 03:00:00+00:00,3.53300646,3.299052088196666,32.39389714505806,114.4478478780657,3.300702439416374,6.187909552384298,SL,-7.578693856833877,0.11065850094964877,0.0,-7.632128433844493,7.525232549169431,-1.0142049941947455,97,1041.91742379478,,6
DOGE,1,SQUEEZE_V2,2024-11-27 16:00:00+00:00,2024-12-02 08:00:00+00:00,0.4014202757835388,0.4204988260878078,265.3174520936359,106.50380478961316,0.42070918067814683,0.7256052776758956,SL,5.06187235636892,0.10903474096779761,0.0,5.006089517795929,7.526044637041937,0.665168725303168,112,1046.830917046258,,6
ETH,1,SQUEEZE_V2,2024-11-30 04:00:00+00:00,2024-12-02 08:00:00+00:00,3658.5215970703125,3593.3548809867325,0.06408670351744851,234.46258890362733,3595.15245721534,4979.744546822847,SL,-4.176320012854136,0.23237442889720028,0.0,-4.291463147299522,7.40887205285845,-0.5792329948043594,52,1042.5394538989585,,6
AVAX,1,SQUEEZE_V2,2024-12-02 02:00:00+00:00,2024-12-02 10:00:00+00:00,46.14022671890259,45.41193817666427,3.302954148223343,152.39905324116484,45.434655504416476,73.37884934023529,SL,-2.4055036616895817,0.15119630141032003,0.0,-2.4805004364793195,7.872193138164336,-0.3150964912755851,8,1040.0589534624792,,6
LINK,1,SQUEEZE_V2,2024-11-27 23:00:00+00:00,2024-12-03 13:00:00+00:00,18.73574675102234,24.1216909572875,5.87395648938922,110.05296121172067,24.1337578362056,33.377900538786804,SL,31.6368019218795,0.12587136217266043,0.0,31.5659570403127,7.525645247773977,4.194451904260255,134,1071.6249105027919,,6
SOL,-1,SQUEEZE_V2,2024-12-02 04:00:00+00:00,2024-12-03 21:00:00+00:00,228.39431444091798,230.79617661466972,0.8108456337415664,185.19253263581672,230.68083619657145,118.25348857035226,SL,-1.947539456435624,0.18616630236403453,0.0,-2.04110949248175,7.81438067846085,-0.26119913739392775,41,1069.5360329578043,,6
DOGE,-1,SQUEEZE_V2,2024-12-03 14:00:00+00:00,2024-12-04 21:00:00+00:00,0.396090756303072,0.42962747648782434,241.19751216365762,95.53610501132256,0.42941277010277296,0.01526774144934695,SL,-8.088973474690986,0.09958059174866805,0.0,-8.140786013933994,8.037186828770938,-1.0128899809560479,31,1061.3952469438702,,6
SOL,1,SQUEEZE_V2,2024-12-07 15:00:00+00:00,2024-12-08 09:00:00+00:00,242.77854172668455,234.0130371159145,0.9203439788085304,223.43976906206967,234.130102166998,341.61785098024507,SL,-8.067279389740627,0.21940612936719936,0.0,-8.174965634576791,7.959539274847015,-1.0270651795651724,18,1052.808324694258,,6
DOGE,1,SQUEEZE_V2,2024-12-07 07:00:00+00:00,2024-12-09 06:00:00+00:00,0.4425384769320488,0.4440240260355293,337.5036845290264,149.35836651043002,0.4442461491100843,0.7120838726835295,SL,0.5013782959734715,0.14960905565841676,0.0,0.42644842357026974,7.960099368721431,0.05357325377695214,47,1053.0495265952748,,6
XRP,1,SQUEEZE_V2,2024-12-06 23:00:00+00:00,2024-12-09 11:00:00+00:00,2.448389636850357,2.3511569119072084,39.75220851062374,97.32889535932573,2.3523330784464314,4.736985386895749,SL,-3.865215555996169,0.09539628758132765,0.0,-3.911947395897834,7.960464352079026,-0.49142201043537803,60,1049.0752598017418,,6
NEAR,-1,SQUEEZE_V2,2024-12-08 05:00:00+00:00,2024-12-10 08:00:00+00:00,7.622475272464753,6.708199853252755,23.158709625669267,176.52669146385543,6.7048474295379865,3.6949426671856873,SL,21.17343895141769,0.16593997198814658,0.0,21.09576232516147,7.958701375713032,2.650653835252296,51,1070.1710221269034,,6
ETH,-1,SQUEEZE_V2,2024-12-08 09:00:00+00:00,2024-12-10 20:00:00+00:00,3940.2017922363284,3637.8156280925464,0.09402895197838039,370.4930451073181,3635.9976292779074,2980.489792404929,SL,28.43305410720233,0.35627651805371696,0.0,28.262024111702274,7.896062435206935,3.5792554002217183,59,1098.4330462386056,,6
APT,-1,SQUEEZE_V2,2024-12-08 05:00:00+00:00,2024-12-10 21:00:00+00:00,14.356828262901306,11.542172141688726,12.346703911782868,177.2595076743584,11.536403939718866,6.9905690271407295,SL,34.75172574209896,0.1598836448033089,0.0,34.680471851132836,7.958039400620042,4.357916580361583,64,1133.1135180897384,,6
SUI,-1,SQUEEZE_V2,2024-12-09 08:00:00+00:00,2024-12-11 12:00:00+00:00,4.1015795200000005,3.8012581104604997,30.38799922384791,124.6387952703105,3.7993584312448774,1.1312823533788658,SL,9.12616675999126,0.12007571189031487,0.0,9.0684104457361,7.89787144946456,1.1482094262690103,52,1142.1819285354745,,6
SOL,1,SQUEEZE_V2,2024-12-12 18:00:00+00:00,2024-12-13 06:00:00+00:00,234.09681305236816,224.02923448289224,0.8604648336894137,201.43207531032775,224.14130513545996,347.8740463884619,SL,-8.662797319439209,0.19710067665060815,0.0,-8.759181958434652,8.56636446401606,-1.0225086727547659,12,1133.3220305393845,,6
APT,1,SQUEEZE_V2,2024-12-13 11:00:00+00:00,2024-12-14 13:00:00+00:00,14.17623460521698,13.481190776442556,9.37369243936288,132.88366313755682,13.487934743814463,24.539481421809764,SL,-6.515127082808641,0.1296260995961525,0.0,-6.578311350836016,8.499915229045383,-0.7739267008636767,26,1126.5760394241138,,6
ETH,-1,SQUEEZE_V2,2024-12-14 13:00:00+00:00,2024-12-15 23:00:00+00:00,3868.8061621093752,3963.2023709156365,0.09142742659549966,353.7149913984716,3961.221760035619,2812.6279000951604,SL,-8.630402451527909,0.3580301926242356,0.0,-8.811575148452908,8.449320295680852,-1.0428738454804742,34,1117.3405035521268,,6
DOGE,-1,SQUEEZE_V2,2024-12-14 14:00:00+00:00,2024-12-15 23:00:00+00:00,0.39528092098236084,0.4105659328916839,560.1786401633713,221.4279287984239,0.41036075251542625,0.22293998917589908,SL,-8.562337186245536,0.22570909739154665,0.0,-8.67733231923787,8.447399522085309,-1.02721935863829,33,1108.663171232889,,6
NEAR,-1,SQUEEZE_V2,2024-12-14 13:00:00+00:00,2024-12-16 00:00:00+00:00,6.6446707084655765,7.002348167292024,23.85239354965353,158.49130074617608,6.998848742920564,2.5969217432657157,SL,-8.531463511768429,0.1627570325020603,0.0,-8.6149748938974,8.447993864463108,-1.019765761210683,35,1100.0481963389916,,6
LINK,-1,SQUEEZE_V2,2024-12-15 13:00:00+00:00,2024-12-16 10:00:00+00:00,28.489301839065554,30.61014392091722,4.011583954223589,114.28722612462796,30.59484649766839,4.425934312176018,SL,-8.507936064998297,0.1185411941571271,0.0,-8.56933364609311,8.446569167352315,-1.0145342418097165,21,1091.3660646432108,,6
XRP,-1,SQUEEZE_V2,2024-12-16 12:00:00+00:00,2024-12-16 16:00:00+00:00,2.348630292892456,2.448810102479817,82.71162630721032,194.25903111951476,2.4475863093251546,1.2177043908044745,SL,-8.286034974117285,0.1984020486065734,0.0,-8.3873075071641,8.18481305203153,-1.024740266374479,4,1082.8239699148135,,6
SOL,-1,SQUEEZE_V2,2024-12-13 16:00:00+00:00,2024-12-17 10:00:00+00:00,221.1057638977051,223.83515061823857,0.9157421415101454,202.47586573192106,223.72328897375172,115.03202445220356,SL,-2.499414440470685,0.2037255729521564,0.0,-2.601902080556881,8.499416915308618,-0.30612712689390464,90,1080.2220678342567,,6
LINK,1,SQUEEZE_V2,2024-12-16 10:00:00+00:00,2024-12-17 15:00:00+00:00,29.917983056259153,27.780466551824468,3.8543845395636334,115.31541134697203,27.794363733691313,54.1879181713202,SL,-8.238810567755154,0.11119600606309445,0.0,-8.292348868144762,8.185245484824081,-1.0130849323357811,29,1071.929718966112,,6
DOGE,1,SQUEEZE_V2,2024-12-16 00:00:00+00:00,2024-12-17 23:00:00+00:00,0.40677133948802946,0.39169920124925106,554.6017565037532,225.59609937544565,0.3918951488236629,0.5767849470807904,SL,-8.359034341493885,0.22141658220469873,0.0,-8.467652874010861,8.250361472542437,-1.0263371977326787,47,1063.4024438928343,,6
DOGE,-1,SQUEEZE_V2,2024-12-17 23:00:00+00:00,2024-12-20 12:00:00+00:00,0.39484100749492645,0.2892816450335446,448.23196682156953,176.98036137126095,0.28913707649529696,0.19148919938663903,SL,47.31508065249615,0.15332282104501288,0.0,47.250248012136765,7.975518329196257,5.924410936298164,61,1110.3947355221471,,6
LINK,-1,SQUEEZE_V2,2024-12-17 16:00:00+00:00,2024-12-20 14:00:00+00:00,27.614476839065553,22.434918918966343,4.318184234612071,119.24439853351303,22.42370706543363,6.337086805393369,SL,22.366285352832495,0.10806125585709679,0.0,22.317846296242156,8.03947289224584,2.7760335279901205,70,1132.7125818183893,,6
AVAX,-1,SQUEEZE_V2,2024-12-18 20:00:00+00:00,2024-12-20 15:00:00+00:00,45.22195279312134,37.84521645253256,2.46813629033787,111.61394280864879,37.826303300882124,8.294820207589261,SL,18.20679066646134,0.10251054747541813,0.0,18.16008709039025,7.974854652841114,2.2771684100751046,43,1150.8726689087796,,6
NEAR,-1,SQUEEZE_V2,2024-12-18 20:00:00+00:00,2024-12-20 15:00:00+00:00,6.032793119907379,5.091650743973126,18.740133368133044,113.05534764941973,5.089106190877688,1.1696253511682109,SL,17.637133643409506,0.10423678082771498,0.0,17.5894245364065,7.974436100555582,2.205726438159187,43,1168.4620934451862,,6
APT,-1,SQUEEZE_V2,2024-12-18 20:00:00+00:00,2024-12-20 23:00:00+00:00,12.431312983703613,10.869799613952637,9.19155635196969,114.26311381868422,11.086804544392447,2.5166082417733584,EOD,14.35273813242018,0.10708674475247412,0.0,14.302782944577048,7.974012143001897,1.7936745879085936,51,1182.7648763897632,,6
LINK,-1,SQUEEZE_V2,2024-12-29 23:00:00+00:00,2024-12-30 01:00:00+00:00,20.86882459144592,21.757619545747474,8.542904241650458,178.28037012052275,21.746746172661144,10.835435091843387,SL,-7.592890185060256,0.18207681521305288,0.0,-7.685826815213047,7.5,-1.0247769086950729,2,992.2250329997266,,7
BTC,-1,SQUEEZE_V2,2024-12-30 14:00:00+00:00,2024-12-30 18:00:00+00:00,92668.56258000001,94642.50343672415,0.00386251462630273,357.9336783636999,94595.20583380725,70649.78253648871,SL,-7.624375430553507,0.3617458660789767,0.0,-7.8071544574506335,7.44168774749795,-1.0491107289573607,4,983.948386687966,,7
SUI,-1,SQUEEZE_V2,2024-12-30 14:00:00+00:00,2024-12-30 18:00:00+00:00,4.00249934,4.233468623139142,32.506733482178404,130.10817930797495,4.23135294666581,1.3870295495335991,SL,-7.508056929573902,0.13386220777276192,0.0,-7.576865047692676,7.439283198320773,-1.0184939658437737,4,976.3715216402734,,7
SOL,-1,SQUEEZE_V2,2024-12-30 15:00:00+00:00,2024-12-30 19:00:00+00:00,187.73245027160644,196.1597376494551,0.8930923511374258,167.66241539785887,196.06170679605708,92.54094713502762,SL,-7.526345897993622,0.17142558834685567,0.0,-7.613940278641548,7.438795292648368,-1.0235448051872422,4,968.7575813616319,,7
APT,-1,SQUEEZE_V2,2025-01-01 09:00:00+00:00,2025-01-01 18:00:00+00:00,8.539891907310485,8.883954395981709,21.393390929077864,182.69724606516158,8.879514638662378,4.658489263288846,SL,-7.36066332417491,0.18637757772724906,0.0,-7.455692278869578,7.265681860212239,-1.0261517669384699,9,961.2105404597297,,7
LINK,-1,SQUEEZE_V2,2024-12-30 14:00:00+00:00,2025-01-01 20:00:00+00:00,20.376924318695067,21.60372233687457,6.118697352093507,124.68023287260931,21.592925873937602,6.479763687351808,SL,-7.506405785388476,0.12843343576530356,0.0,-7.572499104717475,7.440345496204086,-1.01776175697497,54,953.6380413550122,,7
NEAR,-1,SQUEEZE_V2,2024-12-30 14:00:00+00:00,2025-01-01 20:00:00+00:00,5.048990190696716,5.288480900418848,31.412063935050693,158.59920267760904,5.285837981428134,2.3421582966233685,SL,-7.522897485642268,0.16236065142043016,0.0,-7.605958535723894,7.439877945330814,-1.0223230262127232,54,946.0320828192883,,7
DOGE,1,SQUEEZE_V2,2025-01-03 12:00:00+00:00,2025-01-04 15:00:00+00:00,0.3488797493040562,0.38182301361555165,521.1738177544438,181.82699088200823,0.3820140206258646,0.5044262245010648,SL,17.169166830515813,0.19041157429726613,0.0,17.069668751659552,7.093340652708798,2.40643578074049,27,962.6698939283218,,7
NEAR,1,SQUEEZE_V2,2025-01-03 12:00:00+00:00,2025-01-05 08:00:00+00:00,5.683136560249329,5.716969465453017,30.833333485561912,175.23004480615677,5.719829380143088,8.312075716935238,SL,1.0431812489307246,0.17575163543062214,0.0,0.9550446359031809,7.092658801492989,0.13465255592192676,44,963.5567655901568,,7
XRP,1,SQUEEZE_V2,2025-01-03 04:00:00+00:00,2025-01-05 09:00:00+00:00,2.4691936720848084,2.3491723725861964,59.70106789628673,147.4134990662167,2.350347546359376,3.8274351089468914,SL,-7.165399750367204,0.1438307991910331,0.0,-7.2355238000251285,7.095240621144662,-1.0197714477029018,53,956.3212417901317,,7
AVAX,1,SQUEEZE_V2,2025-01-03 10:00:00+00:00,2025-01-05 14:00:00+00:00,40.62712328109741,41.247820186640176,3.9114387061046942,158.91050251937156,41.268454413847095,61.354422584099694,SL,2.42781790109938,0.16012441146992124,0.0,2.3471487408891445,7.093936567093244,0.3308668915615768,52,958.6683905310208,,7
DOGE,1,SQUEEZE_V2,2025-01-04 23:00:00+00:00,2025-01-05 14:00:00+00:00,0.39643928191065786,0.3752586267848571,343.92643301928575,136.3459481362596,0.375446349959837,0.6363585042057534,SL,-7.284587166428303,0.13270365455304545,0.0,-7.349117846913219,7.220024204462414,-1.0178799459385492,15,951.3192726841075,,7
SOL,1,SQUEEZE_V2,2025-01-03 10:00:00+00:00,2025-01-07 09:00:00+00:00,211.24223694763182,215.11012221226883,0.9483626516811396,200.33424797871172,215.2177310778077,296.73922101436233,SL,3.668157925969562,0.2021683269416965,0.0,3.566156723017221,7.094687820523164,0.5026516759061926,95,954.4808969684036,,7
AVAX,1,SQUEEZE_V2,2025-01-05 23:00:00+00:00,2025-01-07 11:00:00+00:00,43.078613694763185,43.29604802895782,4.2753672097994535,184.1768924342082,43.317706882399015,62.14920324454714,SL,0.9296116227003204,0.18464169824555837,0.0,0.8370583706718662,7.134205157860401,0.11733029148308176,36,955.3179553390755,,7
ETH,1,SQUEEZE_V2,2025-01-06 16:00:00+00:00,2025-01-07 14:00:00+00:00,3715.652894091797,3614.5966984038555,0.0718690798800374,267.0405546519755,3616.4049008542825,4849.915673949104,SL,-7.262815800269356,0.2634091467518408,0.0,-7.39270466969521,7.132861953920341,-1.036428956210495,22,947.9252506693803,,7
APT,1,SQUEEZE_V2,2025-01-05 22:00:00+00:00,2025-01-07 15:00:00+00:00,10.088417312049865,10.237271250463468,18.22254172830449,183.83660544137805,10.24239244668681,14.5631856050864,SL,2.7124971041643584,0.18519285399346025,0.0,2.6192225528915873,7.134894545130806,0.36710038758443464,41,950.5444732222719,,7
NEAR,1,SQUEEZE_V2,2025-01-05 23:00:00+00:00,2025-01-07 15:00:00+00:00,5.976194904613495,5.7283372287401635,29.117327612691057,174.0108249149261,5.731202830155241,8.776104326993542,SL,-7.216953149723979,0.17040234834006412,0.0,-7.30035008560658,7.133514494513773,-1.0233875730148325,40,943.2441231366653,,7
SUI,-1,SQUEEZE_V2,2025-01-07 15:00:00+00:00,2025-01-08 18:00:00+00:00,4.98980184,4.690236175282409,32.14844702698179,160.41438012837628,4.687892229167825,2.475238784428996,SL,9.630570903276078,0.15559909467673824,0.0,9.555178998663528,7.073438503952629,1.3508534771772038,27,952.4105497673726,,7
ETH,-1,SQUEEZE_V2,2025-01-07 15:00:00+00:00,2025-01-09 01:00:00+00:00,3564.9267645996097,3355.4314132192358,0.06675552356146412,237.9785526291233,3353.75453595126,2353.7985769161405,SL,13.984971865089756,0.23098606669657842,0.0,13.872975074707739,7.07433092352499,1.9610299863941236,34,966.2835248420803,,7
DOGE,-1,SQUEEZE_V2,2025-01-07 16:00:00+00:00,2025-01-10 07:00:00+00:00,0.3638672125339508,0.33665774441186985,308.8202943939674,112.369579695047,0.33648949966203884,0.10214042181813532,SL,8.402835955764317,0.10816816171716484,0.0,8.350852583894676,7.072322648969066,1.180779356144333,63,974.634377425975,,7
AVAX,-1,SQUEEZE_V2,2025-01-07 16:00:00+00:00,2025-01-10 07:00:00+00:00,40.87182506790161,37.653536843106686,3.170772883827468,129.59527463784218,37.634719483365004,15.382226259753619,SL,10.204461035520987,0.12449304412008169,0.0,10.144765628719826,7.07190126304521,1.4345174305150605,63,984.7791430546948,,7
XRP,-1,SQUEEZE_V2,2025-01-07 16:00:00+00:00,2025-01-11 11:00:00+00:00,2.312537363767624,2.4330136607489465,59.305830457429025,137.14694882207257,2.4317977618680127,0.949561385477466,SL,-7.144946842913191,0.14071942224352918,0.0,-7.217092790745684,7.072836950027148,-1.0203957537460244,91,977.5620502639491,,7
NEAR,1,SQUEEZE_V2,2025-01-11 22:00:00+00:00,2025-01-12 10:00:00+00:00,5.1570313373565675,4.969888593494835,39.69693627817075,204.71834438357337,4.972374780885277,7.267391982742748,SL,-7.428993578001237,0.20100384759457274,0.0,-7.527638253404024,7.330299555587269,-1.0269209595488278,12,969.6590433706875,,7
APT,1,SQUEEZE_V2,2025-01-11 22:00:00+00:00,2025-01-12 10:00:00+00:00,9.252050311660767,8.845093465938698,18.208565492334237,168.46656403824647,8.849518225051224,13.852417015769827,SL,-7.41010037788406,0.16476151384930443,0.0,-7.490628609714241,7.329531861795829,-1.0219791319494915,12,962.1684147609733,,7
LINK,1,SQUEEZE_V2,2025-01-11 22:00:00+00:00,2025-01-12 22:00:00+00:00,20.583116273117064,19.760559364134696,9.020857950132617,185.6773680708521,19.77044458642791,29.870792692421688,SL,-7.420169031830099,0.18196728355493708,0.0,-7.50929763134961,7.330995845717534,-1.0243216323381539,24,954.5736169970753,,7
LINK,-1,SQUEEZE_V2,2025-01-12 23:00:00+00:00,2025-01-13 00:00:00+00:00,19.668066484832764,20.388058285086355,10.08537108779311,198.359749078925,20.37786935041115,11.556033735365487,SL,-7.261384485725685,0.20199044132178784,0.0,-7.36419505250801,7.1586252985369505,-1.028716372962428,1,946.9163158716668,,7
DOGE,1,SQUEEZE_V2,2025-01-11 21:00:00+00:00,2025-01-13 05:00:00+00:00,0.34341866322755815,0.3301311809827822,558.7203718613592,191.8750032226322,0.33029632914735585,0.49338819557272706,SL,-7.423987020902421,0.18816300971218097,0.0,-7.516212529003285,7.331715376979618,-1.0251642545485273,32,939.3263619239126,,7
SUI,-1,SQUEEZE_V2,2025-01-12 10:00:00+00:00,2025-01-13 14:00:00+00:00,4.80183944,4.489034037403432,35.611408343301754,171.00026509681143,4.486790642082391,2.4859642122347982,SL,11.139440923857304,0.16543054463488277,0.0,11.059510511770826,7.2162631107073,1.5325813848667764,28,950.3093788839527,,7
NEAR,-1,SQUEEZE_V2,2025-01-12 23:00:00+00:00,2025-01-13 14:00:00+00:00,4.92701437330246,4.607078743017528,42.08728925471174,207.36467909130292,4.604776354840108,2.983331117117301,SL,13.465223414690442,0.20063206738395772,0.0,13.368273686852136,7.1578814494779035,1.8676299378815808,15,963.6776525708049,,7
LINK,-1,SQUEEZE_V2,2025-01-13 03:00:00+00:00,2025-01-13 15:00:00+00:00,19.508096730422974,18.91764680754416,7.560083361285256,147.482837502014,18.908192711188565,8.772202459497299,SL,4.46385063762829,0.14525091218319988,0.0,4.392341144196097,7.101872369037501,0.6184764968947731,12,968.0699937150009,,7
APT,-1,SQUEEZE_V2,2025-01-12 22:00:00+00:00,2025-01-13 21:00:00+00:00,8.82353515663147,8.388090752423993,20.45526134669985,180.48771763069092,8.383898803022483,4.823557138467107,SL,8.907129090021945,0.17603415308567993,0.0,8.821338795751611,7.159302127478065,1.2321506536083309,23,976.8913325107525,,7
DOGE,-1,SQUEEZE_V2,2025-01-13 06:00:00+00:00,2025-01-14 01:00:00+00:00,0.3296140597760677,0.3449649499554943,464.1401024134862,152.98710346138904,0.344792553678655,0.156145558032213,SL,-7.124963740017237,0.15654958533139768,0.0,-7.20501977361794,7.044947714429345,-1.0227215397015281,19,969.6863127371346,,7
XRP,1,SQUEEZE_V2,2025-01-14 17:00:00+00:00,2025-01-15 11:00:00+00:00,2.6168233660697937,2.7437532288955544,54.36002016817341,142.25057095610143,2.74512579179145,4.1458141465376315,SL,6.899909903151836,0.14570052590767735,0.0,6.825334662722209,7.272647345528509,0.9384938301619528,18,976.2667006861624,,7
ETH,1,SQUEEZE_V2,2025-01-15 14:00:00+00:00,2025-01-16 03:00:00+00:00,3299.769929443359,3349.117305692941,0.06249642966273236,206.22383929865623,3350.792702043963,4638.533251148852,SL,3.0840348288223836,0.2077658567130674,0.0,2.979380891758644,7.320943679876162,0.40696678215793103,13,978.9146799031188,,7
AVAX,1,SQUEEZE_V2,2025-01-15 08:00:00+00:00,2025-01-16 08:00:00+00:00,37.268453787231444,38.58961357996392,5.142179861537209,191.64109253533167,38.608918038983404,53.429535207556874,SL,6.793641280061597,0.19503791317536245,0.0,6.6944239131539005,7.271528899272808,0.9206349869314799,24,985.6091038162726,,7
SOL,1,SQUEEZE_V2,2025-01-15 14:00:00+00:00,2025-01-16 09:00:00+00:00,195.67912738952637,198.74773404959075,0.8934325663141736,174.82610495774264,198.84715762840494,289.31696057329395,SL,2.74159312331008,0.17619690151939768,0.0,2.6528092742695537,7.320170340478792,0.36239720537651327,19,988.2619130905422,,7
LINK,1,SQUEEZE_V2,2025-01-15 08:00:00+00:00,2025-01-16 14:00:00+00:00,20.72814573097229,22.305623756583973,7.5260839016754515,156.0017638974533,22.3167821476578,31.771056532383913,SL,11.872231973802862,0.1619378798843547,0.0,11.788294975867233,7.272113905887424,1.6210272732834339,30,999.979653683234,,7
BTC,1,SQUEEZE_V2,2025-01-15 14:00:00+00:00,2025-01-18 03:00:00+00:00,98974.791,103568.44638502478,0.002846718871556892,281.75340534809925,103620.25651328142,128370.03748958105,SL,13.076845473979002,0.28829182808508874,0.0,12.929430348567964,7.322000255146218,1.7658330917812521,61,1012.7223134874761,,7
DOGE,1,SQUEEZE_V2,2025-01-16 18:00:00+00:00,2025-01-18 03:00:00+00:00,0.38816763246059416,0.40950495634265405,309.20548564655985,120.02356130725336,0.40970981124827816,0.6653701586869619,SL,6.597617593350267,0.1233223701039285,0.0,6.534307003899966,7.499847402624254,0.8712586607580258,33,1019.256620491376,,7
AVAX,1,SQUEEZE_V2,2025-01-16 13:00:00+00:00,2025-01-18 17:00:00+00:00,40.4150828956604,38.27306971649503,3.4914877377619526,141.1087663508311,38.29221582440723,64.67642085283944,SL,-7.478812749180377,0.13736935997624092,0.0,-7.545627725981202,7.411964348179066,-1.0180334620517937,52,1011.7109927653948,,7
APT,1,SQUEEZE_V2,2025-01-17 02:00:00+00:00,2025-01-19 08:00:00+00:00,9.568413010025024,9.045651666492223,14.470168308359177,138.45654669895575,9.050176754869657,15.49111306894351,SL,-7.564444626023607,0.13467432438594396,0.0,-7.629890677060073,7.498965835591932,-1.017459052933238,54,1004.0811020883348,,7
SUI,1,SQUEEZE_V2,2025-01-16 18:00:00+00:00,2025-01-19 22:00:00+00:00,4.91988378,4.596918007916272,23.386930624885952,115.06098064536167,4.5992176167246335,8.584639931718472,SL,-7.553178105934886,0.11128439159239423,0.0,-7.606932007204599,7.499397314269352,-1.0143391113217375,76,996.3329150013654,,7
BTC,1,SQUEEZE_V2,2025-01-19 20:00:00+00:00,2025-01-19 22:00:00+00:00,106283.7525,103398.92090412357,0.0026580747563411163,282.51015952945704,103450.64622723719,138662.10990300364,SL,-7.668098041294392,0.27867611050880986,0.0,-7.805519072038474,7.530608265662511,-1.0365057903263248,2,988.527395929327,,7
SOL,1,SQUEEZE_V2,2025-01-22 14:00:00+00:00,2025-01-23 10:00:00+00:00,260.34206654663086,242.67522936441034,0.42255742504284816,110.00947327027815,242.79662767824945,460.86136789956134,SL,-7.46525322837035,0.10627684665609298,0.0,-7.516525338391304,7.413955469469952,-1.0138347025880754,20,980.8524051559832,,7
ETH,-1,SQUEEZE_V2,2025-01-23 05:00:00+00:00,2025-01-23 22:00:00+00:00,3196.5705189453124,3312.752226342774,0.06473231089642091,206.9213966347015,3311.0966780037725,1887.7001297057684,SL,-7.520710403729493,0.21068175183656623,0.0,-7.6279314572487085,7.413542933945188,-1.0289184975677252,17,973.1456353511933,,7
XRP,-1,SQUEEZE_V2,2025-01-23 13:00:00+00:00,2025-01-24 09:00:00+00:00,3.053689209794998,3.197756904222117,51.63482078554167,157.67669508250708,3.196158824809712,1.4254650381982654,SL,-7.438909582730451,0.1613961498738723,0.0,-7.52146738506307,7.356393038669874,-1.0224395767770238,20,965.5207215576171,,7
DOGE,-1,SQUEEZE_V2,2025-01-26 23:00:00+00:00,2025-01-27 12:00:00+00:00,0.3435612600505352,0.3176677398807647,732.0352614507244,251.49895682543388,0.31750898538807065,0.23050807347774108,SL,18.95496980735758,0.2420214719217551,0.0,18.83869781384854,7.241405411682128,2.601525082887528,13,983.8438235335085,,7
BTC,-1,SQUEEZE_V2,2025-01-27 00:00:00+00:00,2025-01-27 12:00:00+00:00,102591.07768,99755.64123299671,0.004727786749701106,485.0287376930609,99705.7883388273,85088.56649563601,SL,13.405338863761731,0.47832606826118007,0.0,13.169527164347082,7.240462290594033,1.818879325075058,12,997.0133506978556,,7
ETH,-1,SQUEEZE_V2,2025-01-27 00:00:00+00:00,2025-01-27 12:00:00+00:00,3231.613557763672,3107.80911443078,0.0911816886916744,294.66398139580144,3106.255986437561,2324.3332177628577,SL,11.28869821062579,0.28901963229048855,0.0,11.147010569033203,7.238643432827684,1.5399308824193272,12,1008.1603612668888,,7
SUI,-1,SQUEEZE_V2,2025-01-23 22:00:00+00:00,2025-01-27 14:00:00+00:00,4.1891620000000005,3.805076461295815,23.415136823689032,98.08980140659881,3.803174873858886,0.626830348548185,SL,8.993415440758813,0.0935930936862194,0.0,8.948867247775894,7.29859226513395,1.2261086689998373,88,1017.1092285146647,,7
APT,-1,SQUEEZE_V2,2025-01-24 03:00:00+00:00,2025-01-27 15:00:00+00:00,8.056288848686219,7.484035707198688,13.505351864022595,108.80301561970887,7.480295559418979,1.8803461541707955,SL,7.7284800310814115,0.10493877560416817,0.0,7.677942763287097,7.298224428378675,1.0520288651897183,84,1024.7871712779518,,7
AVAX,-1,SQUEEZE_V2,2025-01-28 21:00:00+00:00,2025-01-30 13:00:00+00:00,32.55648712539673,34.166305023494054,4.825576015378556,157.1038034172952,34.14923040828991,14.353706749474632,SL,-7.768298638185576,0.160987952736388,0.0,-7.850734689213317,7.685903784584639,-1.0214458714613723,40,1016.733333571502,,7
APT,1,SQUEEZE_V2,2025-01-30 15:00:00+00:00,2025-01-31 18:00:00+00:00,7.831565923690795,8.0440461725349,19.074955372695875,149.38677049272766,8.04807020763872,12.399967692121137,SL,4.053051264280611,0.15141329612486798,0.0,3.9763313534021067,7.6249302375184556,0.5214908503472695,27,1020.4024691180969,,7
AVAX,1,SQUEEZE_V2,2025-01-31 07:00:00+00:00,2025-02-01 09:00:00+00:00,35.04000754623413,33.66937676293534,5.631880232882257,197.3411258596811,33.686219872871774,50.5118666703753,SL,-7.719228415040358,0.19348151165216093,0.0,-7.814039363762678,7.6243700371291085,-1.024876721054975,26,1012.5884297543341,,7
SUI,1,SQUEEZE_V2,2025-01-31 07:00:00+00:00,2025-02-01 09:00:00+00:00,4.225444919999999,3.9451150213057,27.388022177632095,115.72657917932285,3.9470885655884937,7.4066603989886355,SL,-7.677681482492832,0.11188773843807645,0.0,-7.7317059313412475,7.623630007907133,-1.0141764386941678,26,1004.8567238229929,,7
NEAR,1,SQUEEZE_V2,2025-01-30 15:00:00+00:00,2025-02-01 19:00:00+00:00,4.628925382518768,4.394408167935067,32.82341483754587,151.93713808245923,4.396606471170652,7.283998655068674,SL,-7.697655820826591,0.14808831017204593,0.0,-7.769775561957407,7.625500001786265,-1.0189201442708473,52,996.8182961505896,,7
BTC,1,SQUEEZE_V2,2025-01-29 21:00:00+00:00,2025-02-01 20:00:00+00:00,104221.84019999999,100955.8795177281,0.0023901154554306493,249.10223105544333,101006.38270908264,140969.9258104841,SL,-7.806023103526878,0.2451992195036799,0.0,-7.926671207502837,7.6853146453218235,-1.0314049031587706,71,988.8916249430868,,7
SOL,-1,SQUEEZE_V2,2025-02-01 15:00:00+00:00,2025-02-02 08:00:00+00:00,225.34492138977052,214.3077387607616,0.9071275617162537,204.4165890854434,214.20063844154083,130.403099916622,SL,10.012132566469857,0.1994105228022085,0.0,9.91493033821037,7.5358800140607505,1.3156964176328034,17,998.494615122427,,7
BTC,-1,SQUEEZE_V2,2025-02-01 21:00:00+00:00,2025-02-02 19:00:00+00:00,101307.93436,98685.25808697524,0.004143906556472321,419.81061341707147,98635.94011691678,80855.3994677763,SL,10.868125403291682,0.4143765507154257,0.0,10.663654159284793,7.415921925681938,1.4379404565136662,22,1009.1026082046083,,7
SUI,-1,SQUEEZE_V2,2025-02-01 14:00:00+00:00,2025-02-03 03:00:00+00:00,3.9137171,2.9057772856653044,37.162598301286316,145.4438964521752,2.9043251231037526,1.596048791949967,SL,37.457662431993406,0.1267150652361785,0.0,37.40366931498331,7.536425428672446,4.963051737058325,37,1046.5062775195915,,7
AVAX,-1,SQUEEZE_V2,2025-02-01 15:00:00+00:00,2025-02-03 03:00:00+00:00,33.55928869171143,24.12239370903221,5.58545018865029,187.44373535408914,24.11033853976233,18.141447801846468,SL,52.70930686127863,0.16108908192344984,0.0,52.641939647032224,7.5351134518516805,6.986217259156992,36,1099.1482171666237,,7
APT,-1,SQUEEZE_V2,2025-02-02 17:00:00+00:00,2025-02-03 05:00:00+00:00,6.714256893730163,5.394843771716955,16.579966475671096,111.32215420708965,5.392147697868022,1.5522891147021118,SL,21.87582533053953,0.1003842415418199,0.0,21.831102166101257,7.4887096134182025,2.9152021233383767,12,1120.979319332725,,7
ETH,-1,SQUEEZE_V2,2025-02-01 20:00:00+00:00,2025-02-03 07:00:00+00:00,3195.960777636719,2553.8365529860357,0.06385238071479951,204.0697043232265,2552.560272849611,1868.4904729752368,SL,41.00116045859087,0.18356912409393106,0.0,40.91962618665855,7.41668718707315,5.517237703914364,35,1161.8989455193837,,7
APT,-1,SQUEEZE_V2,2025-02-06 16:00:00+00:00,2025-02-07 14:00:00+00:00,5.7602479427337645,6.19620908939784,20.127456926715734,115.93914235457676,6.193112533131274,0.8132240524765102,SL,-8.774789201202777,0.12032653695517816,0.0,-8.837146166980666,8.71246339832633,-1.0143108513578707,22,1152.766670705353,,7
AVAX,-1,SQUEEZE_V2,2025-02-06 15:00:00+00:00,2025-02-10 00:00:00+00:00,25.55388821525574,25.319033365964522,5.2358070858867425,133.79522898939373,25.306380175876583,6.535474680455955,SL,1.2296546840738183,0.13318040164735684,0.0,1.1633718969211584,8.712965130435041,0.13352192732384674,81,1153.8505508940857,,7
ETH,-1,SQUEEZE_V2,2025-02-07 21:00:00+00:00,2025-02-12 22:00:00+00:00,2586.902437890625,2728.945755961214,0.06145705924129097,158.98341637688418,2727.581964978725,979.1364140266269,SL,-8.729564613493729,0.16334819868363104,0.0,-8.813421103988917,8.645750030290147,-1.0193934676703975,121,1144.975691114559,,7
NEAR,-1,SQUEEZE_V2,2025-02-05 18:00:00+00:00,2025-02-14 09:00:00+00:00,3.261347683906555,3.535499943374955,31.98907351381142,104.3274908145854,3.533733076836537,0.14837176470676594,SL,-8.769876782112153,0.10871242920564148,0.0,-8.826425465910502,8.713356358525596,-1.012976527383076,207,1136.0505192983485,,7
XRP,1,SQUEEZE_V2,2025-02-13 22:00:00+00:00,2025-02-14 22:00:00+00:00,2.501900273895264,2.693706622961819,78.93707941135544,197.49270059976237,2.6950541500368375,3.745178771857873,SL,15.140633007868843,0.2050630171036968,0.0,15.034316341065027,8.587317683359192,1.7507581407171016,24,1151.0200922191261,,7
SUI,1,SQUEEZE_V2,2025-02-14 15:00:00+00:00,2025-02-15 06:00:00+00:00,3.68603706,3.4417699540823117,35.12901212523135,129.4868405747921,3.4434916999322778,6.457984032202537,SL,-8.580862125577639,0.12519640951200328,0.0,-8.641315114802246,8.520378894737613,-1.0141937608126004,15,1142.378777104324,,7
AVAX,-1,SQUEEZE_V2,2025-02-16 14:00:00+00:00,2025-02-17 15:00:00+00:00,25.07198426437378,25.95478264972718,9.849111220262792,246.93676153249595,25.94181174385525,15.131098784585504,SL,-8.694779482414049,0.25128415127370296,0.0,-8.822595252921504,8.567027587853872,-1.0298315445406023,25,1133.324281413495,,7
APT,1,SQUEEZE_V2,2025-02-10 01:00:00+00:00,2025-02-18 06:00:00+00:00,6.016202866458893,5.58970369660368,20.424402867266657,122.8773510757609,5.592499946576968,10.858521950823754,SL,-8.710990867677666,0.11852185564192208,0.0,-8.768074047781708,8.653879131705642,-1.0131958066825413,197,1124.3017534259243,,7
BTC,-1,SQUEEZE_V2,2025-02-17 16:00:00+00:00,2025-02-18 21:00:00+00:00,95647.06676,95342.9556621002,0.005320684646349797,508.907879578326,95295.30800809615,77389.62665205133,SL,1.618079249380067,0.508098839953636,0.0,1.3644343492155941,8.499932110601213,0.16052297023806295,29,1125.6661877751399,,7
DOGE,-1,SQUEEZE_V2,2025-02-16 14:00:00+00:00,2025-02-19 00:00:00+00:00,0.2660967677116394,0.2522671419482234,814.9821440785673,216.8641142820084,0.2521410714125172,0.14594912815155547,SL,11.270898056472973,0.21122866525377187,0.0,11.168101448360206,8.56784082828243,1.3034907711513875,58,1136.8342892235,,7
SOL,-1,SQUEEZE_V2,2025-02-05 17:00:00+00:00,2025-02-19 11:00:00+00:00,199.76004305114748,173.69501634986437,0.6700047235437651,133.84017241957469,173.6082122437425,51.11730265280997,SL,17.46369100915404,0.12510832691499768,0.0,17.40550276844883,8.714242091395377,1.9973627753164425,330,1154.2397919919488,,7
LINK,-1,SQUEEZE_V2,2025-02-05 18:00:00+00:00,2025-02-21 12:00:00+00:00,19.089181811904908,18.802344296620856,5.361951105640653,102.35525952211897,18.7929478227095,0.5165390895152129,SL,1.5380087322165408,0.10158625515601069,0.0,1.4876001068215896,8.713740190748803,0.17071889616366387,378,1155.2825447842158,,7
BTC,1,SQUEEZE_V2,2025-02-20 03:00:00+00:00,2025-02-21 15:00:00+00:00,97165.32917999999,97769.73672379546,0.004906333555654683,476.7255150020671,97818.64604681886,117330.04855574858,SL,2.9654250134145634,0.4782082275087744,0.0,2.7255795434068224,8.656798439939616,0.31484844683825564,36,1157.8761927791907,,7
ETH,1,SQUEEZE_V2,2025-02-20 03:00:00+00:00,2025-02-21 15:00:00+00:00,2742.4282587890625,2759.711627756774,0.09875930726291322,270.8403150562451,2761.0921738436955,3743.9987533731237,SL,1.7068935464205035,0.27169376182945537,0.0,1.5706199421191707,8.655010719258357,0.18146943927225503,36,1159.44681272131,,7
SUI,1,SQUEEZE_V2,2025-02-20 04:00:00+00:00,2025-02-21 15:00:00+00:00,3.29425872,3.374384414921724,43.14439487941916,142.12879905064992,3.3760724511472975,5.586626038036035,SL,3.4569746216907284,0.1438572863614953,0.0,3.384181734854558,8.653995068076895,0.39105427126232417,35,1162.8309944561645,,7
DOGE,1,SQUEEZE_V2,2025-02-21 14:00:00+00:00,2025-02-21 15:00:00+00:00,0.2608121612906456,0.25212160360723057,1011.697827119853,263.8630968641788,0.252247727470966,0.3586914049441264,SL,-8.792218324770733,0.25946698770179344,0.0,-8.919753764040436,8.664619085881618,-1.0294455735018453,1,1153.911240692124,,7
SOL,-1,SQUEEZE_V2,2025-02-23 16:00:00+00:00,2025-02-25 11:00:00+00:00,166.68665722045898,139.09923012882527,1.6596128234488845,276.6353138209023,139.02971527118967,107.0904210525135,SL,45.78444776723648,0.25374308993728406,0.0,45.66902233420964,8.654334305190929,5.277011578674174,43,1199.0621713014527,,7
APT,-1,SQUEEZE_V2,2025-02-24 03:00:00+00:00,2025-02-25 12:00:00+00:00,5.907418133544922,5.498091502507015,29.722683084308617,175.58431702985362,5.49534383059172,2.5801673031292816,SL,12.166285732307417,0.16950117416369992,0.0,12.084576716658644,8.6532969227641,1.3965286092134346,33,1211.1467480181113,,7
XRP,-1,SQUEEZE_V2,2025-02-24 04:00:00+00:00,2025-02-25 12:00:00+00:00,2.4892021389484404,2.2101717608674893,93.80065878297027,233.4888004773424,2.2090672272538625,1.434973968109181,SL,26.173233284454483,0.22040218383511517,0.0,26.06957550085804,8.65263848157524,3.012904740718116,32,1237.2163235189694,,7
NEAR,-1,SQUEEZE_V2,2025-02-24 04:00:00+00:00,2025-02-25 12:00:00+00:00,3.3073384877204894,2.9760023520131313,58.61592807039318,193.86271490066716,2.9745150944658985,1.6204712227227058,SL,19.421575097744537,0.18415192735179492,0.0,19.334354527843075,8.651762898573448,2.23473004918235,32,1256.5506780468124,,7
SUI,-1,SQUEEZE_V2,2025-02-24 05:00:00+00:00,2025-02-25 12:00:00+00:00,3.25674852,2.8339145799034817,48.088546773210986,156.61230353260564,2.8324983307381126,1.200770776825169,SL,20.333469705632506,0.1464455686797894,0.0,20.26533028871902,8.65103591339257,2.3425322113559246,31,1276.8160083355315,,7
APT,1,SQUEEZE_V2,2025-02-26 17:00:00+00:00,2025-02-28 01:00:00+00:00,5.825765139770508,5.941027584558266,25.811603823744214,150.37234175793617,5.943999584350441,10.0657718007425,SL,2.9751085606178047,0.1518598960382451,0.0,2.8984348354585276,9.576120062516486,0.3026731929566947,32,1279.639257000111,,7
XRP,1,SQUEEZE_V2,2025-03-02 03:00:00+00:00,2025-03-02 18:00:00+00:00,2.258451496982574,2.7848361375609922,92.97631887643725,209.98250655041886,2.7862292521870855,3.4380623935213017,SL,48.941306194077804,0.23445315964745778,0.0,48.811844287705554,9.596639400836663,5.086347652434455,15,1327.9504861705384,,7
NEAR,1,SQUEEZE_V2,2025-03-01 18:00:00+00:00,2025-03-03 02:00:00+00:00,3.1986395542144774,3.4016584588030283,54.608771682808154,174.67377711169766,3.4033601388724644,5.207169713486568,SL,11.086613007969987,0.18021708361568267,0.0,10.993732812910153,9.597294427500833,1.145503339087718,32,1338.9442189834485,,7
LINK,1,SQUEEZE_V2,2025-03-02 16:00:00+00:00,2025-03-03 02:00:00+00:00,15.27005359840393,16.71822510751549,11.559559460512002,176.5150925359555,16.72658840171635,24.75553791340992,SL,16.74022466859448,0.18488520487025273,0.0,16.643597009992202,9.594201745718255,1.734755788038331,10,1355.5878159934407,,7
SOL,1,SQUEEZE_V2,2025-03-02 16:00:00+00:00,2025-03-03 03:00:00+00:00,157.43147389526368,168.56704647582288,0.8167958886271445,128.589380618163,168.65137216190382,291.67986134592104,SL,9.095489901309914,0.13313712556881796,0.0,9.026647466050179,9.594683955895572,0.9407967482351144,11,1364.614463459491,,7
BTC,1,SQUEEZE_V2,2025-03-02 16:00:00+00:00,2025-03-03 06:00:00+00:00,87450.08652,91984.57862422182,0.003561682899757993,311.46947774064097,92030.5939211824,118240.83423756792,SL,16.150422986694494,0.3195446892339882,0.0,15.986613036330827,9.595851966437099,1.6659920445048915,14,1380.6010764958219,,7
BTC,1,SQUEEZE_V2,2025-03-06 05:00:00+00:00,2025-03-06 17:00:00+00:00,92312.35878,88439.97733361939,0.002704840958781746,249.6902490298997,88484.21944334106,136062.52262753068,SL,-10.474175944196759,0.24445316105780132,0.0,-10.59378398073961,10.354508073718664,-1.0231083799749277,12,1369.5124531610475,,7
ETH,1,SQUEEZE_V2,2025-03-06 05:00:00+00:00,2025-03-06 17:00:00+00:00,2299.639767626953,2185.9494337882174,0.09195261853488758,211.45789832025872,2187.04295526585,3586.4604803252682,SL,-10.454123898577272,0.20623083637097006,0.0,-10.554625785788113,10.353571735284802,-1.0194188107875972,12,1358.9578273752593,,7
DOGE,1,SQUEEZE_V2,2025-03-06 05:00:00+00:00,2025-03-06 17:00:00+00:00,0.21429284833073617,0.20207972903046295,854.751822482923,183.16720265575333,0.20218081944018304,0.35271603565134346,SL,-10.439185980109894,0.1779476096656984,0.0,-10.525549988447716,10.352778768166102,-1.0166883910253033,12,1348.4322773868116,,7
SOL,1,SQUEEZE_V2,2025-03-06 09:00:00+00:00,2025-03-07 00:00:00+00:00,150.80015827331542,141.46066002582256,1.11688322567144,168.42616720406423,141.5314257386919,256.7285300975842,SL,-10.431128928812582,0.16321060273965793,0.0,-10.510126447950208,10.352091891156144,-1.0152659538241806,15,1337.9221509388615,,7
XRP,1,SQUEEZE_V2,2025-03-06 09:00:00+00:00,2025-03-07 00:00:00+00:00,2.56541290140152,2.414119381678049,68.97025845776595,176.93719086055006,2.4153270452006494,4.280679829411468,SL,-10.434753158312894,0.1717198142813936,0.0,-10.518004377164013,10.35146029302913,-1.0160889458511508,15,1327.4041465616974,,7
DOGE,-1,SQUEEZE_V2,2025-03-09 03:00:00+00:00,2025-03-10 05:00:00+00:00,0.18995200093686582,0.17471793293555613,1100.7517954686161,209.0900060841113,0.17463061762674276,0.0866103880119162,SL,16.768927704732636,0.200705542231745,0.0,16.672767165542947,9.953428272704079,1.6750778434065516,26,1343.691991856378,,7
SUI,-1,SQUEEZE_V2,2025-03-08 15:00:00+00:00,2025-03-10 09:00:00+00:00,2.5277943400000003,2.433187443598912,53.006455432455866,133.9894180256242,2.4319714578699774,0.3815082350669696,SL,5.014776237687252,0.13148202990678057,0.0,4.9502889167932835,9.954614142062809,0.49728586624729565,42,1348.6422807731715,,7
LINK,-1,SQUEEZE_V2,2025-03-09 03:00:00+00:00,2025-03-10 09:00:00+00:00,15.060987329673768,14.436329139504076,12.100296413497468,182.24241096898228,14.429114582212971,5.659459261658368,SL,7.55854925817214,0.17846313633989622,0.0,7.471207327316735,9.954111681745212,0.7505649490569951,30,1356.1134881004882,,7
NEAR,-1,SQUEEZE_V2,2025-03-08 09:00:00+00:00,2025-03-11 05:00:00+00:00,2.8704258514881134,2.3912352917957156,46.61792317343043,133.81329181970148,2.3900402716598856,0.42988912490481024,SL,22.338868697173325,0.12264385747111481,0.0,22.28313148561206,9.955115941907131,2.2383598157615445,68,1378.1734815275254,,7
XRP,-1,SQUEEZE_V2,2025-03-07 01:00:00+00:00,2025-03-11 09:00:00+00:00,2.407418514966965,2.1401310411880816,45.986443212037315,110.70861482613553,2.139061510432865,-0.06673452513888245,SL,12.29160023422153,0.10456281470902477,0.0,12.242391726925574,9.955531099212731,1.2297075469829715,104,1390.4158732544508,,7
LINK,-1,SQUEEZE_V2,2025-03-10 15:00:00+00:00,2025-03-11 09:00:00+00:00,13.385321934700013,13.071850702005252,9.37982274698842,125.55194715886223,13.06531804298376,0.9944104224555979,SL,2.94030459895682,0.12408179485938381,0.0,2.878998777676867,10.169648445116195,0.2830971781585487,18,1393.2948720321276,,7
BTC,-1,SQUEEZE_V2,2025-03-10 15:00:00+00:00,2025-03-12 12:00:00+00:00,79830.43071999999,84164.08664422783,0.0023699466913122396,189.19386515089494,84122.02563141214,30783.631732432536,SL,-10.270533518909469,0.19432913191034967,0.0,-10.37026571824437,10.170851160753662,-1.0196064768168265,45,1382.9246063138833,,7
SOL,-1,SQUEEZE_V2,2025-03-10 15:00:00+00:00,2025-03-12 12:00:00+00:00,121.26574291534425,130.7075327241956,1.0846451906206076,131.53030484016315,130.64221161838643,14.106100594862312,SL,-10.240991907021288,0.1366508007936738,0.0,-10.31187755539488,10.170141683759345,-1.0139364697211517,45,1372.6127287584884,,7
BTC,1,SQUEEZE_V2,2025-03-12 13:00:00+00:00,2025-03-12 15:00:00+00:00,84083.21328,80761.37440522281,0.0031372207873689374,263.78760457079187,80801.77529286925,121585.36170435141,SL,-10.421341970241217,0.25857693358567124,0.0,-10.548025101541493,10.294595465688662,-1.024617736238155,2,1361.863930377297,,7
AVAX,1,SQUEEZE_V2,2025-03-13 10:00:00+00:00,2025-03-13 17:00:00+00:00,19.22284366264343,17.930456985927094,7.958426426775665,152.98358700255858,17.93942669927673,33.89046610112001,SL,-10.285364281592072,0.14784090486176255,0.0,-10.356713392952555,10.213979477829728,-1.0139743687005287,7,1351.3547256262582,,7
ETH,-1,SQUEEZE_V2,2025-03-13 18:00:00+00:00,2025-03-14 15:00:00+00:00,1826.7946021728517,1927.1470660539876,0.10197428808581008,186.2860790355772,1926.1839740669543,690.9160662402498,SL,-10.233371061935804,0.1914027645665451,0.0,-10.33163078698456,10.135160442196936,-1.0193850256153454,21,1340.791931006149,,7
APT,-1,SQUEEZE_V2,2025-03-13 18:00:00+00:00,2025-03-14 15:00:00+00:00,4.936612615776062,5.263982520463656,31.208000055713452,154.0618067881751,5.261351844541386,1.2253071441723642,SL,-10.216560003729318,0.15917008679003974,0.0,-10.29869918712527,10.134461869400551,-1.0162058252170851,21,1330.4932318190238,,7
SUI,-1,SQUEEZE_V2,2025-03-13 18:00:00+00:00,2025-03-14 15:00:00+00:00,2.12477496,2.302448498112578,57.408329221448724,121.97978042517053,2.301297849187984,0.10737051213732851,SL,-10.199940969906496,0.12707975091012377,0.0,-10.266030830604034,10.133884137625095,-1.0130400832676096,21,1320.2272009884198,,7
XRP,1,SQUEEZE_V2,2025-03-12 13:00:00+00:00,2025-03-16 11:00:00+00:00,2.250950063753128,2.319272563440458,61.20036021548397,137.75895472875806,2.320432779830373,4.173180815510264,SL,4.181361591686884,0.1398496355246015,0.0,4.110391433526662,10.29360626217152,0.3993150047551499,94,1324.0078675825696,,7
BTC,-1,SQUEEZE_V2,2025-03-16 12:00:00+00:00,2025-03-16 16:00:00+00:00,82394.21786,83833.03780799315,0.00710851580175402,585.7005996309733,83791.14223687472,66429.36783857469,SL,-10.227874336188204,0.5908145367990674,0.0,-10.525838573171786,9.930059006869271,-1.0599975857032042,4,1313.1891787095824,,7
APT,1,SQUEEZE_V2,2025-03-15 07:00:00+00:00,2025-03-16 19:00:00+00:00,5.338167448997497,5.123772100203983,46.73589528302044,249.4840348995754,5.126335267837901,7.759106662250026,SL,-10.019958570380343,0.24447405561438523,0.0,-10.13969060854494,9.900166636248695,-1.0241939334050447,36,1303.0494881010375,,7
BTC,-1,SQUEEZE_V2,2025-03-16 23:00:00+00:00,2025-03-17 17:00:00+00:00,82076.68138000001,84264.2601188757,0.004555123958814161,373.8694578139942,84222.14904435353,57557.050930245474,SL,-9.96469232524511,0.3788518039766168,0.0,-10.15660940031473,9.772871160757779,-1.0392656603412336,18,1292.7059439718157,,7
SOL,1,SQUEEZE_V2,2025-03-14 15:00:00+00:00,2025-03-18 03:00:00+00:00,130.73614871520996,124.37598378721594,1.5722116830016877,205.5449004006992,124.43820288866027,202.71267244720647,SL,-9.999525605609787,0.2005451375978943,0.0,-10.09729829300733,9.901704007413148,-1.019753598516755,84,1282.6086456788084,,7
DOGE,1,SQUEEZE_V2,2025-03-14 16:00:00+00:00,2025-03-18 13:00:00+00:00,0.17345468109548093,0.16497103423209125,1178.5253771350108,204.42074345388468,0.16505356101259755,0.26946748204271953,SL,-9.99819311915657,0.19942164689430641,0.0,-10.095404394323934,9.900933214036646,-1.0196417020581034,93,1272.288422796574,,7
XRP,-1,SQUEEZE_V2,2025-03-18 07:00:00+00:00,2025-03-19 11:00:00+00:00,2.251949441432953,2.346654382593954,102.83888461767859,231.5879687723692,2.3454816417730675,1.1830100089745024,SL,-9.739350516780203,0.2364576440307593,0.0,-9.860014176424777,9.618747158814628,-1.0250829981936942,28,1262.4284086201492,,7
SOL,-1,SQUEEZE_V2,2025-03-18 04:00:00+00:00,2025-03-19 13:00:00+00:00,124.09517874603272,129.63461192671056,1.7571110276206832,218.0490070492139,129.56982701320396,61.527769978361384,SL,-9.733399128536961,0.2229157066134824,0.0,-9.847290331625837,9.619564842591062,-1.0236731591045065,33,1252.5811182885234,,7
AVAX,-1,SQUEEZE_V2,2025-03-21 13:00:00+00:00,2025-03-21 21:00:00+00:00,18.398320027160644,19.176990650339594,12.21018388616074,224.64687072806532,19.167406946866162,9.608755230526134,SL,-9.50771149576636,0.2294007264759485,0.0,-9.624788786878275,9.390692714045322,-1.024928520180713,8,1242.3552496504674,,7
ETH,-1,SQUEEZE_V2,2025-03-21 13:00:00+00:00,2025-03-22 09:00:00+00:00,1945.500836645508,2005.4275286697484,0.1594046095883822,310.12180131934815,2004.4253160117426,1272.0782153171128,SL,-9.55259094604728,0.3148980967923718,0.0,-9.712428142179977,9.39283362857332,-1.034025356590416,20,1232.6428215082874,,7
DOGE,-1,SQUEEZE_V2,2025-03-21 13:00:00+00:00,2025-03-23 11:00:00+00:00,0.16601679197847843,0.1720814797479097,1570.8576004379472,260.78873947971846,0.17199548200690623,0.09768890593930371,SL,-9.526760876894146,0.2655521199181655,0.0,-9.661918627072453,9.391670671818371,-1.028775280213457,46,1222.5892388401085,,7
BTC,-1,SQUEEZE_V2,2025-03-21 13:00:00+00:00,2025-03-23 16:00:00+00:00,83449.8067,85420.56493116944,0.004872417407625661,406.60229082807655,85377.87599317286,61414.72906373885,SL,-9.602356711771547,0.4114034691839623,0.0,-9.810459035541472,9.394358387163924,-1.0442926095885474,51,1212.5940558824898,,7
AVAX,1,SQUEEZE_V2,2025-03-22 20:00:00+00:00,2025-03-24 16:00:00+00:00,19.660930987930296,21.364330965416134,15.151819277756818,297.89887316156864,21.37501847465346,26.63402755472533,SL,25.80960861660044,0.3108036774698689,0.0,25.647754375711354,9.244821161312155,2.7742834532097174,44,1238.053595593222,,7
SOL,1,SQUEEZE_V2,2025-03-23 11:00:00+00:00,2025-03-24 18:00:00+00:00,132.37647610473633,141.54305559728965,2.790887437295677,369.44784415418,141.6138625285539,169.92487806776765,SL,25.58289154873926,0.38223928992854966,0.0,25.3853761808878,9.169419291300812,2.7684824277772258,31,1263.4389717741099,,7
ETH,1,SQUEEZE_V2,2025-03-23 04:00:00+00:00,2025-03-25 01:00:00+00:00,2008.6015911621093,2063.183499748968,0.24167520885545113,485.42920905149424,2064.2156075527446,2445.726823792182,SL,13.191094157458252,0.49202475613022334,0.0,12.941784005853776,9.2437040405378,1.4000647304476899,45,1276.3807557799637,,7
DOGE,1,SQUEEZE_V2,2025-03-25 15:00:00+00:00,2025-03-26 14:00:00+00:00,0.19168833319544792,0.1955695809912132,909.4189334587372,174.32499953108731,0.19566741469856247,0.31198939660639985,SL,3.529680230913921,0.1760898396465443,0.0,3.44075289103292,9.572855668349728,0.3594280547244555,23,1279.5123676161795,,7
XRP,1,SQUEEZE_V2,2025-03-24 00:00:00+00:00,2025-03-26 17:00:00+00:00,2.4391877007007596,2.379067297332087,154.32569205320468,376.4293299583098,2.3802574260451093,3.112676553908194,SL,-9.278122856388222,0.37179026853011565,0.0,-9.461698459939184,9.094455419118672,-1.0403809820265302,65,1269.8759995614187,,7
LINK,1,SQUEEZE_V2,2025-03-26 07:00:00+00:00,2025-03-26 18:00:00+00:00,15.760151369476318,15.1207328452227,15.1481618908494,238.73732436911914,15.128296993719559,22.98134423526785,SL,-9.686015321401838,0.23389431670841823,0.0,-9.800540975925696,9.571432375404983,-1.0239367099442123,11,1260.075458585493,,7
SUI,1,SQUEEZE_V2,2025-03-26 06:00:00+00:00,2025-03-27 13:00:00+00:00,2.5084015799999997,2.677673895374003,81.81297100504996,205.21978573356148,2.6790134020750402,3.8455562189994663,SL,13.848671029650998,0.212144121248387,0.0,13.73913680126939,9.572201949601485,1.4353162285550594,31,1273.8145953867622,,7
NEAR,1,SQUEEZE_V2,2025-03-13 10:00:00+00:00,2025-03-28 04:00:00+00:00,2.6185236305236814,2.912729819240127,58.04764463401969,151.99912917042172,2.9141869126964752,4.6293655575101305,SL,17.077976291741564,0.16053811731629253,0.0,16.99343773901048,10.213405789378468,1.6638365389029166,354,1290.8080331257727,,7
AVAX,-1,SQUEEZE_V2,2025-03-28 05:00:00+00:00,2025-03-28 22:00:00+00:00,21.4397114440918,20.588313926983655,10.70589150125868,229.53122453874084,20.578024914526395,11.10603920320599,SL,9.114969442600813,0.22497373981744045,0.0,9.004761315052743,9.680227709293042,0.9302220552527034,17,1299.349700357441,,7
NEAR,-1,SQUEEZE_V2,2025-03-28 05:00:00+00:00,2025-03-30 02:00:00+00:00,2.9164166553020476,2.6328583011689135,80.12755326722382,233.68533089713355,2.6315425299039616,1.535851141226111,SL,22.72083712516902,0.22232491233454904,0.0,22.615354878283036,9.679366967201023,2.33644978591226,45,1321.8714933888914,,7
APT,-1,SQUEEZE_V2,2025-03-28 05:00:00+00:00,2025-03-30 08:00:00+00:00,5.726354461860657,5.355223905774303,42.07933212500561,240.96117126614234,5.352547631958324,3.0977166937086515,SL,15.616925931295704,0.2331527083004945,0.0,15.504253808628281,9.67849064721016,1.6019288930239766,51,1337.3757471975198,,7
ETH,-1,SQUEEZE_V2,2025-03-26 14:00:00+00:00,2025-03-31 12:00:00+00:00,2027.8943888183594,1835.2254108072893,0.17226695412220697,349.33918964325323,1834.3082566789499,1391.2517476823602,SL,33.19049799580551,0.3327439406453505,0.0,33.03242364998179,9.596342757121347,3.4421888094262543,118,1370.29857708887,,7
AVAX,-1,SQUEEZE_V2,2025-03-30 11:00:00+00:00,2025-03-31 12:00:00+00:00,19.23115361022949,19.029834059669927,11.397523087071962,219.18751726361793,19.020323897721067,9.173511609690793,SL,2.2945442253815815,0.21804024515092713,0.0,2.1860977388624634,10.030318103981399,0.21794899386039626,25,1372.4846748277323,,7
DOGE,-1,SQUEEZE_V2,2025-03-29 08:00:00+00:00,2025-04-01 03:00:00+00:00,0.17472504691779614,0.16903397091307462,1070.960900949048,187.12369366544763,0.16894949616499214,0.07073167856932096,SL,6.094919885386066,0.1840762337227546,0.0,6.004405498496035,9.745122752680807,0.6161446757398997,67,1378.4890803262283,,7
SOL,-1,SQUEEZE_V2,2025-03-28 05:00:00+00:00,2025-04-01 08:00:00+00:00,134.253142779541,128.44214960859946,1.6536703385172953,222.01044006725436,128.37796062828534,67.34700920709061,SL,9.609467044112593,0.21720570654519808,0.0,9.503266557601021,9.681060248443295,0.9816348947037219,99,1387.8458261324295,,7
SOL,1,SQUEEZE_V2,2025-04-01 09:00:00+00:00,2025-04-02 05:00:00+00:00,129.40588088378905,123.99184518386453,1.9445301236404058,251.63363355474996,124.05387211992448,190.57169532795558,SL,-10.52775550896781,0.24636975580026607,0.0,-10.6483084479907,10.407142263322116,-1.0231731419218248,20,1376.619426692337,,7
LINK,1,SQUEEZE_V2,2025-04-01 09:00:00+00:00,2025-04-02 07:00:00+00:00,14.015802134513855,13.387960441253698,16.75326902090726,234.81050370331684,13.394657770138767,21.11459487022914,SL,-10.518400789729347,0.22955130330845216,0.0,-10.63054684118614,10.406198637196287,-1.0215590929802103,22,1365.9888798511508,,7
BTC,1,SQUEEZE_V2,2025-04-01 09:00:00+00:00,2025-04-02 20:00:00+00:00,84140.72477999999,85359.15459665959,0.00539233979915787,453.7153789611828,85401.8555244218,106201.31778770921,SL,6.570187592854178,0.4570004727576099,0.0,6.34004480957716,10.408843695993221,0.6091017402843407,35,1372.328924660728,,7
ETH,1,SQUEEZE_V2,2025-04-01 07:00:00+00:00,2025-04-02 22:00:00+00:00,1858.1615970703124,1791.7083144389796,0.15770506895702668,293.04150279927245,1792.6046167473532,2607.3842293327016,SL,-10.480019519795114,0.28780149303937486,0.0,-10.621300261434852,10.33866810244671,-1.027337385839986,39,1361.707624399293,,7
DOGE,1,SQUEEZE_V2,2025-04-01 09:00:00+00:00,2025-04-02 22:00:00+00:00,0.17435486142933368,0.1658736002577406,1238.9816160769135,216.02246798458216,0.1659565785470141,0.2703352372272718,SL,-10.508126672750784,0.2107684046482068,0.0,-10.6108838434067,10.405318097807399,-1.0197558348209093,37,1351.0967405558863,,7
NEAR,-1,SQUEEZE_V2,2025-04-06 08:00:00+00:00,2025-04-07 01:00:00+00:00,2.390521832418442,2.2113892458044027,121.81914817142004,291.2113333103967,2.2102841037525267,1.440066301916004,SL,21.821779111065375,0.280300443754864,0.0,21.68708433396571,10.131072271304461,2.1406504418483747,17,1372.1741924961332,,7
ETH,-1,SQUEEZE_V2,2025-04-06 14:00:00+00:00,2025-04-07 07:00:00+00:00,1748.3802344726562,1474.9499033911825,0.20238428874585448,353.84469021105883,1474.2127969926862,1176.3437224868396,SL,55.33800307746756,0.32617568867232505,0.0,55.188749733900764,10.129980228804548,5.448060952475685,17,1427.362942230034,,7
APT,-1,SQUEEZE_V2,2025-04-04 11:00:00+00:00,2025-04-07 08:00:00+00:00,4.817536341953278,4.2011129217995755,34.4086520076789,165.7649315246167,4.19901341509203,1.452023611754861,SL,21.210298953451982,0.15515978204789072,0.0,21.1380216371664,10.132741181570948,2.0861108813882905,69,1448.5009638672004,,7
AVAX,-1,SQUEEZE_V2,2025-04-06 03:00:00+00:00,2025-04-07 08:00:00+00:00,17.411517915344238,15.365122932037668,16.039831079808835,279.27780620518683,15.357444209932702,10.192261579457707,SL,32.8238298548056,0.26286589127778404,0.0,32.70060286663041,10.132119563077731,3.2274197578356727,29,1481.2015667338308,,7
SUI,-1,SQUEEZE_V2,2025-04-04 04:00:00+00:00,2025-04-07 13:00:00+00:00,2.17996392,1.8912343285412256,59.25145136615613,129.1660261858551,1.890289183949251,0.2254414673433205,SL,17.107647346289703,0.12061220251271024,0.0,17.05161815686992,10.133225554169147,1.6827433738366078,81,1498.2531848907006,,7
SOL,1,SQUEEZE_V2,2025-04-09 18:00:00+00:00,2025-04-10 16:00:00+00:00,119.3538678314209,108.94073531514574,1.0847856880144562,129.4733676326944,108.99523293161154,237.73826668638506,SL,-11.29601712105325,0.12382535907216777,0.0,-11.35510579630907,11.236898886680255,-1.0105195313067143,22,1486.7101770571471,,7
SOL,1,SQUEEZE_V2,2025-04-12 08:00:00+00:00,2025-04-13 13:00:00+00:00,124.27485,127.71364156782504,1.8263886431212266,226.97417466559398,127.77753033299152,194.04103898459238,SL,6.280569865536681,0.2301144595983623,0.0,6.163942493271116,11.149265333089506,0.552856381933738,29,1492.4818673017987,,7
NEAR,1,SQUEEZE_V2,2025-04-12 08:00:00+00:00,2025-04-13 13:00:00+00:00,2.130426114463806,2.1447901266979454,128.89363476026548,274.59836548142937,2.145863058227059,3.1189190529060804,SL,1.8514297465991647,0.275524080354729,0.0,1.7132048489851504,11.14841417993451,0.15367251533125353,29,1494.195072150784,,7
DOGE,1,SQUEEZE_V2,2025-04-12 07:00:00+00:00,2025-04-15 14:00:00+00:00,0.16314262487590311,0.15663483017996221,1734.261400463426,282.9319570925631,0.1567131867733489,0.23662191747652275,SL,-11.286217143310921,0.2772888485209076,0.0,-11.422040013285548,11.150326327928603,-1.0243682272039316,79,1482.7730321374984,,7
SOL,-1,SQUEEZE_V2,2025-04-15 23:00:00+00:00,2025-04-16 19:00:00+00:00,126.46469986419677,132.9358806448629,1.7360887414806903,219.55394162896658,132.86944592190196,53.26760206185179,SL,-11.23454409740067,0.22517121367766693,0.0,-11.349938340263854,11.119207522824802,-1.0207506530447807,20,1471.1012877322287,,7
NEAR,-1,SQUEEZE_V2,2025-04-15 15:00:00+00:00,2025-04-17 07:00:00+00:00,2.073585081768036,2.023135691988576,94.25377285356316,195.44321728950166,2.022124629673739,0.7252567369808094,SL,4.755045324874073,0.19306569462706463,0.0,4.65970123889176,11.119940434889639,0.419040125815027,40,1475.7609889711205,,7
APT,1,SQUEEZE_V2,2025-04-09 18:00:00+00:00,2025-04-19 23:00:00+00:00,4.759451799201965,4.917799949645996,29.646521786524392,141.10119145695379,4.3804389273898305,9.091027477054938,EOD,4.694471891994799,0.1434484274029512,0.0,4.621574060320325,11.236413361551632,0.4113033146443567,245,1480.0347427177282,,7
SUI,1,SQUEEZE_V2,2025-04-09 18:00:00+00:00,2025-04-19 23:00:00+00:00,2.24674926,2.1548,46.836341407790115,105.2295153990598,2.006852549574731,4.988425950574506,EOD,-4.306566933553671,0.10307623193228298,0.0,-4.357028407786424,11.235884232083668,-0.38777797259116326,245,1475.6777143099418,,7
DOGE,-1,SQUEEZE_V2,2025-04-15 15:00:00+00:00,2025-04-19 23:00:00+00:00,0.15675864517986776,0.1573600023984909,1458.388281110827,228.61497109312936,0.1643840477458845,0.06961118728253349,EOD,-0.877012320401395,0.22905347725333008,0.0,-0.9917583121081603,11.120797741031238,-0.08918050082405275,104,1474.6859559978336,,7
SOL,1,SQUEEZE_V2,2025-04-19 03:00:00+00:00,2025-04-19 23:00:00+00:00,137.49749522094726,139.85000610351562,2.42619549859571,333.59580397324737,132.9355349734364,189.6341837639286,EOD,5.707651313684794,0.3364496296300898,0.0,5.537999586041328,11.068207417283404,0.500351988109072,20,1480.2239555838748,,7
NEAR,1,SQUEEZE_V2,2025-04-19 05:00:00+00:00,2025-04-19 23:00:00+00:00,2.1024203980922698,2.181999921798706,172.20381983575476,362.04482345209703,2.1269142525846285,2.836895987613302,EOD,13.703897962958328,0.3688967724335762,0.0,13.516023602250801,11.066956433018502,1.2212954558965692,18,1493.7399791861255,,7
