symbol,side,tag,entry_ts,exit_ts,entry,exit,qty,notional,sl,tp,reason,gross,fees,funding,pnl,r_unit,r_multiple,bars_held,equity_after,regime,fold
APT,1,SQUEEZE_V2,2023-01-12 19:00:00+00:00,2023-01-14 09:00:00+00:00,5.560211971092224,7.402081947916998,14.190781004569635,78.90375042075623,7.405784840337167,11.600350684154213,SL,26.137573480012115,0.09197253716076229,0.0,26.08505281806173,7.5,3.4780070424082306,38,1025.8136986526972,,1
LINK,1,SQUEEZE_V2,2023-01-13 21:00:00+00:00,2023-01-14 09:00:00+00:00,6.487297261047363,6.765502466433393,31.093420884621363,201.71226414139704,6.768886909888336,9.24385802813151,SL,8.650351543360355,0.2060374399130772,0.0,8.545170235517975,7.499704110935922,1.139400982907789,12,1034.3588688882153,,1
NEAR,1,SQUEEZE_V2,2023-01-13 21:00:00+00:00,2023-01-14 09:00:00+00:00,1.9783956448316573,2.1141415099336496,52.1724036819804,103.21765622482914,2.1151991094883935,3.6210698033017983,SL,7.082188072260796,0.10675875026095955,0.0,7.027038150112251,7.498947689945392,0.9370698984250979,12,1041.3859070383276,,1
DOGE,1,SQUEEZE_V2,2023-01-13 22:00:00+00:00,2023-01-14 09:00:00+00:00,0.08256650667339563,0.08655630833962923,1924.2022745416464,158.8746599419059,0.08659960814370107,0.1271033190624346,SL,7.677185441136738,0.16271325266247427,0.0,7.593909518445217,7.498560623734549,1.0127156263041828,11,1048.9798165567727,,1
AVAX,1,SQUEEZE_V2,2023-01-17 15:00:00+00:00,2023-01-18 15:00:00+00:00,17.56351146583557,16.548903068505588,7.816911425687644,137.29241345248602,16.557181659335253,29.06442354012492,SL,-7.9311039736873745,0.13332686146564235,0.0,-7.995784628426774,7.866390962442373,-1.0164489238587535,24,1040.6106380009974,,1
LINK,1,SQUEEZE_V2,2023-01-17 20:00:00+00:00,2023-01-18 15:00:00+00:00,6.868373503017425,6.542865715631314,24.410393035452383,167.65969672294224,6.5461387850238255,10.551055994372845,SL,-7.945773026195439,0.16368681020984455,0.0,-8.025629988043812,7.865876115891926,-1.0203097366139704,19,1032.5850080129535,,1
DOGE,1,SQUEEZE_V2,2023-01-18 02:00:00+00:00,2023-01-18 15:00:00+00:00,0.08544708970338107,0.08354405694805048,2182.1607139920657,186.4592822756741,0.08358584987298696,0.12663953765041974,SL,-4.1527233161224855,0.18438292061761286,0.0,-4.243876595602261,7.865247392029214,-0.5395731862042996,13,1028.3411314173513,,1
BTC,1,SQUEEZE_V2,2023-01-16 02:00:00+00:00,2023-01-18 16:00:00+00:00,21191.237399999998,20528.13257386629,0.01205104059878351,255.37646224585947,20538.401774753664,28652.21597424383,SL,-7.9911031809866095,0.25138091065536616,0.0,-8.114795860519045,7.867348624175794,-1.0314524305663617,62,1020.2263355568323,,1
XRP,1,SQUEEZE_V2,2023-01-20 17:00:00+00:00,2023-01-21 10:00:00+00:00,0.3972394256472587,0.3972952824164645,616.755416295765,244.99956733416565,0.39749402943118006,0.5389812892809098,SL,0.03444996494444449,0.24501679231663787,0.0,-0.08806704370511056,7.649255434792137,-0.011513152418017496,17,1019.5950315340932,,1
ETH,1,SQUEEZE_V2,2023-01-20 17:00:00+00:00,2023-01-22 02:00:00+00:00,1585.6670455810547,1605.5574596661677,0.17256635835547315,273.6327876202047,1606.3606399861608,2092.416868967959,SL,3.432416324850357,0.27534899578262984,0.0,3.2938837228778297,7.651697516676241,0.4304775137411121,33,1022.888915256971,,1
LINK,1,SQUEEZE_V2,2023-01-20 17:00:00+00:00,2023-01-22 02:00:00+00:00,6.590318025112152,6.78917313453686,35.58179360275559,234.49533574606042,6.792569419246482,9.047476674507573,SL,7.075621460403321,0.2380331464762621,0.0,6.954835981800088,7.650134792301183,0.909112868024127,33,1029.8437512387711,,1
SOL,1,SQUEEZE_V2,2023-01-20 17:00:00+00:00,2023-01-22 20:00:00+00:00,22.05340958633423,24.09494565898966,6.488507449829689,143.09371239507513,24.106999158568943,35.52896543269188,SL,13.246522016520798,0.14971697340333553,0.0,13.168351899315,7.650671393722666,1.7212021300665927,51,1043.012103138086,,1
AVAX,1,SQUEEZE_V2,2023-01-20 17:00:00+00:00,2023-01-22 20:00:00+00:00,16.443288534164427,17.271455555908283,11.570225419144403,190.25255497231498,17.280095603710137,23.997986819110782,SL,9.58207912627787,0.19504359453545392,0.0,9.482161809228574,7.648336686414634,1.2397678342365959,51,1052.4942649473146,,1
XRP,-1,SQUEEZE_V2,2023-01-27 02:00:00+00:00,2023-01-28 00:00:00+00:00,0.4001099577665329,0.41558743200022247,516.9494735253661,206.83663201966564,0.4153797421291579,0.22559813647938995,SL,-8.001072156608236,0.21083716809796976,0.0,-8.108491008696372,7.893706987104859,-1.0272095255046056,22,1044.2823556226085,,1
XRP,1,SQUEEZE_V2,2023-01-29 20:00:00+00:00,2023-01-30 09:00:00+00:00,0.4160832085847855,0.40744946482090993,929.0859634092812,386.57706870642033,0.40765329146664325,0.512425118506411,SL,-8.021490142689185,0.38256632363507576,0.0,-8.21076793197105,7.832117667169563,-1.048345834535748,13,1035.8782991562841,,1
NEAR,-1,SQUEEZE_V2,2023-02-01 07:00:00+00:00,2023-02-01 20:00:00+00:00,2.2325534400463103,2.3632035136177003,60.007287489712205,133.9694761130049,2.3620225023665173,0.752907013529656,SL,-7.839956525350452,0.13788945437568012,0.0,-7.91086124166963,7.76908724367213,-1.0182484754709085,13,1027.900453176558,,1
BTC,1,SQUEEZE_V2,2023-02-01 20:00:00+00:00,2023-02-02 21:00:00+00:00,23384.37594,23414.75227472347,0.012865334202007299,300.8478115734786,23426.465507477205,30232.682540202644,SL,0.39080169804944387,0.3010432124225033,0.0,0.24018239141367984,7.709253398824184,0.031155078058572115,25,1027.653727214919,,1
LINK,1,SQUEEZE_V2,2023-02-02 18:00:00+00:00,2023-02-02 21:00:00+00:00,7.38947761144638,7.090811448544472,26.115932491881736,192.98309845080516,7.094358627858401,10.762265995308994,SL,-7.799945347955578,0.18908312577682737,0.0,-7.892536924507003,7.707307452456403,-1.0240329678286761,3,1019.761190290412,,1
ETH,1,SQUEEZE_V2,2023-02-01 20:00:00+00:00,2023-02-02 22:00:00+00:00,1617.8435235351562,1627.041693439145,0.13479129264500816,218.0712198346584,1627.85562124977,2271.3936002733126,SL,1.2398332113270685,0.21869113644032195,0.0,1.1301776848040757,7.708125219530783,0.1466216041665282,26,1020.891367975216,,1
XRP,1,SQUEEZE_V2,2023-02-02 19:00:00+00:00,2023-02-03 02:00:00+00:00,0.41831364315748215,0.40580216512493084,626.1200908235207,261.9145762464806,0.4060051677087852,0.5589819339997331,SL,-7.833687762077514,0.2579977323654418,0.0,-7.960728206319716,7.706583765837212,-1.032977574526486,7,1012.9306397688963,,1
DOGE,1,SQUEEZE_V2,2023-02-04 18:00:00+00:00,2023-02-05 00:00:00+00:00,0.09883976488709449,0.09431060499602617,1694.414940107968,167.47557430145184,0.09435778388797016,0.15006240487708683,SL,-7.67427618556394,0.16363843620866989,0.0,-7.754176834621884,7.594335566196311,-1.0210474329231716,6,1004.740160871069,,1
XRP,1,SQUEEZE_V2,2023-02-04 18:00:00+00:00,2023-02-05 03:00:00+00:00,0.4152830350399017,0.40713389073600975,955.9936750110048,397.00795483751955,0.4073375595157676,0.5060884696014344,SL,-7.790530411272676,0.39311268963188317,0.0,-7.9851391234858,7.595824346026952,-1.051253788887638,9,996.7550217475831,,1
ETH,1,SQUEEZE_V2,2023-02-04 14:00:00+00:00,2023-02-05 12:00:00+00:00,1684.5367911621092,1642.1815781949635,0.18291117112344557,308.12059727199244,1643.0030797348309,2159.2077789024343,SL,-7.747241607003566,0.30424697646849064,0.0,-7.897428284836061,7.596979798266722,-1.0395484119410041,22,988.857593462747,,1
APT,-1,SQUEEZE_V2,2023-02-05 13:00:00+00:00,2023-02-07 11:00:00+00:00,15.373324713897706,16.102410170322024,6.614741914945476,101.69057535708633,16.094362988827612,2.563878460668761,SL,-4.822712128187092,0.10410193142117988,0.0,-4.875968771929728,7.413978340866556,-0.657672378816232,46,983.4157116836263,,1
BTC,-1,SQUEEZE_V2,2023-02-05 13:00:00+00:00,2023-02-07 17:00:00+00:00,23161.56676,23191.62339456008,0.02267996075067372,525.3034250409091,23180.033377871147,19424.381178923144,SL,-0.6816832921199177,0.5256442666869692,0.0,-0.9446758462864323,7.416431950970602,-0.12737605529607818,52,982.4710358373399,,1
SOL,-1,SQUEEZE_V2,2023-02-07 00:00:00+00:00,2023-02-07 17:00:00+00:00,22.64546961860657,23.67797712831327,7.263429677018853,164.48377607781575,23.666144056285127,10.980618902280174,SL,-7.499545687748481,0.16823354892168998,0.0,-7.585537348631263,7.413597001208967,-1.0231925673049473,17,974.8854984887085,,1
LINK,-1,SQUEEZE_V2,2023-02-07 00:00:00+00:00,2023-02-07 17:00:00+00:00,6.828633923721314,7.0716720302115865,30.951378791473417,211.35563520140377,7.068137961230971,4.091444923610942,SL,-7.522364494742891,0.2151168174487752,0.0,-7.631803494590964,7.412980187048675,-1.0295189386752441,17,967.2536949941176,,1
NEAR,-1,SQUEEZE_V2,2023-02-05 13:00:00+00:00,2023-02-07 21:00:00+00:00,2.402519516324997,2.4857944704690764,53.690553532730995,128.9926027046782,2.4845521943718905,0.8242770934522454,SL,-4.4710783834084245,0.13122814189638243,0.0,-4.537810223952468,7.414462063126699,-0.6120215040980141,56,962.5843280005049,,1
ETH,1,SQUEEZE_V2,2023-02-07 18:00:00+00:00,2023-02-09 03:00:00+00:00,1672.1543102783203,1625.2376872301243,0.15735003504357664,263.1135393205614,1626.0507125864174,2199.0525696143536,SL,-7.382332280759918,0.25942237318018146,0.0,-7.510197884279819,7.254402712455882,-1.0352606798881918,33,955.0741301162251,,1
APT,-1,SQUEEZE_V2,2023-02-12 22:00:00+00:00,2023-02-13 16:00:00+00:00,13.175564128112793,13.686216209935294,8.284950871736228,109.15890150882467,13.679376521674458,3.295770193046428,SL,-4.2307274104492505,0.11127426521404929,0.0,-4.287422224908887,7.162190645303959,-0.5986188356658763,18,950.6167510315312,,1
LINK,-1,SQUEEZE_V2,2023-02-12 22:00:00+00:00,2023-02-14 14:00:00+00:00,6.82063562669754,6.756594585066167,33.831864167888874,230.7548180610948,6.753217976078128,4.400919809062966,SL,2.1666278216427437,0.22967150415027343,0.0,2.0523337265230177,7.163055975871688,0.28651649986209476,40,952.6690847580542,,1
NEAR,1,SQUEEZE_V2,2023-02-15 11:00:00+00:00,2023-02-16 21:00:00+00:00,2.289457834339142,2.4125428631844845,75.14463150574203,172.04046530934897,2.4137497380535113,3.3761269480985114,SL,9.249179136456902,0.17666505487757744,0.0,9.158534314234,7.145018135685406,1.2818070073877343,34,961.4679921999025,,1
ETH,1,SQUEEZE_V2,2023-02-15 12:00:00+00:00,2023-02-16 21:00:00+00:00,1572.0643499999999,1671.967725319048,0.1783757266614867,280.41812078986777,1672.8041273827394,2029.8058739589826,SL,17.820337168470445,0.289328289374103,0.0,17.671217939491275,7.144372983940497,2.4734456024641465,33,979.1392101393938,,1
APT,1,SQUEEZE_V2,2023-02-15 14:00:00+00:00,2023-02-16 21:00:00+00:00,14.930986050224304,15.246228202779688,7.885959132521209,117.74514580031313,15.25385513034486,25.28249432085679,SL,2.485986731899781,0.11898813916626302,0.0,2.425871165633674,7.1427624784392645,0.3396264642645294,31,981.5650813050274,,1
SOL,1,SQUEEZE_V2,2023-02-15 13:00:00+00:00,2023-02-16 22:00:00+00:00,22.46949315261841,22.481213264895732,6.633439030408943,149.05001287208543,22.492459494643054,34.77652705548746,SL,0.07774465022117497,0.14908888519719604,0.0,0.0031807714600216586,7.1433214159875345,0.0004452790620484673,33,981.5682620764875,,1
DOGE,1,SQUEEZE_V2,2023-02-18 17:00:00+00:00,2023-02-19 17:00:00+00:00,0.08926784833073616,0.08641674134403231,2621.824945626028,234.0446715958848,0.08645997132969716,0.12135787119975336,SL,-7.475103420388809,0.23030711988569041,0.0,-7.588388204476557,7.361761965573657,-1.0307842388768733,24,973.4369904269239,,1
SOL,1,SQUEEZE_V2,2023-02-19 13:00:00+00:00,2023-02-19 17:00:00+00:00,24.443886975860597,23.98776405972252,7.318075765541548,178.8822168936821,23.999763941693363,35.93931209483627,SL,-3.337942058698208,0.177213245864333,0.0,-3.4257141961157,7.360884298055171,-0.46539438162624186,4,970.0112762308082,,1
BTC,1,SQUEEZE_V2,2023-02-19 16:00:00+00:00,2023-02-19 17:00:00+00:00,24932.4855,24479.266124089932,0.016688641545406564,416.0893133455467,24491.511880029946,29972.184013943464,SL,-7.56361570599597,0.41230750549254874,0.0,-7.767878554815745,7.359250674660549,-1.0555257455167533,1,962.2433976759925,,1
AVAX,1,SQUEEZE_V2,2023-02-19 13:00:00+00:00,2023-02-19 20:00:00+00:00,19.933986305236814,19.35286198954888,12.88004739279527,256.750688338782,19.362543261179468,26.464763951606486,SL,-7.484908727166304,0.2530082339751989,0.0,-7.609541616972112,7.360213489741819,-1.033875121635777,7,954.5433264974981,,1
DOGE,-1,SQUEEZE_V2,2023-02-19 18:00:00+00:00,2023-02-22 09:00:00+00:00,0.08675264407396317,0.08782972086348316,2087.073252661253,181.05912304441028,0.08778582794950841,0.047234143508678134,SL,-2.2479381584694194,0.182183092123645,0.0,-2.339591689070859,7.216825482569943,-0.3241857094537528,63,952.2037348084273,,1
ETH,-1,SQUEEZE_V2,2023-02-24 16:00:00+00:00,2023-02-26 18:00:00+00:00,1603.1893077636719,1633.6406016315307,0.1516126854166244,243.0638361812694,1632.8241895367623,1064.9300188257846,SL,-4.616802437716859,0.24537223740012787,0.0,-4.740642757026352,7.140606921552634,-0.6638991347804872,50,946.8859416394122,,1
SOL,-1,SQUEEZE_V2,2023-02-24 16:00:00+00:00,2023-02-26 18:00:00+00:00,23.031392098236086,23.08445922228154,6.604404503396908,152.10862969309036,23.072922760901093,10.676528130894763,SL,-0.35047675302812675,0.15228386806960442,0.0,-0.426706306251186,7.139695432166953,-0.05976533737401699,50,946.459235333161,,1
DOGE,-1,SQUEEZE_V2,2023-02-24 16:00:00+00:00,2023-02-26 20:00:00+00:00,0.08177364220023155,0.08256174420739158,2876.5308524924917,235.22440470964804,0.08252048396540888,0.053413760739723065,SL,-2.2669997385071,0.2363579045789016,0.0,-2.385745440731178,7.13808147449095,-0.33422782427701503,52,944.0734898924298,,1
BTC,-1,SQUEEZE_V2,2023-02-24 16:00:00+00:00,2023-02-27 13:00:00+00:00,23341.63074,23815.96391702915,0.010522995253481153,245.62386948552978,23804.061886086107,15585.525085901263,SL,-4.991405770446359,0.24811957237075297,0.0,-5.116713408074347,7.141528011063205,-0.7164731973532634,69,938.9567764843555,,1
APT,-1,SQUEEZE_V2,2023-02-27 19:00:00+00:00,2023-03-01 04:00:00+00:00,12.27594474105835,12.7763973749003,9.96955509391907,122.38570742588729,12.770012368715943,4.20383772660413,SL,-4.989290104984233,0.12488035247837942,0.0,-5.052977603749669,7.041590115403538,-0.7175904193423923,33,933.7645115963426,,1
XRP,-1,SQUEEZE_V2,2023-02-24 16:00:00+00:00,2023-03-01 08:00:00+00:00,0.38135371406674384,0.3848009813342477,729.7164643819486,278.2800839077089,0.38460867699574985,0.26954316261838457,SL,-2.5155276822225554,0.2795378477488202,0.0,-2.6559254880175214,7.139125024805604,-0.37202394954413076,112,931.1085861083251,,1
LINK,1,SQUEEZE_V2,2023-03-02 00:00:00+00:00,2023-03-02 10:00:00+00:00,7.538507579326629,7.265048510448028,25.88092819268208,195.1035733405421,7.268682851873964,10.62221875021423,SL,-7.077374525284785,0.19156488607789973,0.0,-7.1713876246924135,6.983314395812438,-1.026931800320025,10,923.8396466969624,,1
XRP,-1,SQUEEZE_V2,2023-03-03 02:00:00+00:00,2023-03-03 22:00:00+00:00,0.36043788964748386,0.37451777239899087,498.68396587129484,179.74459625968737,0.3743306070954432,0.20166397595651997,SL,-7.021411769524355,0.18325530214444954,0.0,-7.114794773538961,6.928075433677695,-1.0269511124191306,20,916.4078809330091,,1
AVAX,-1,SQUEEZE_V2,2023-03-03 02:00:00+00:00,2023-03-04 00:00:00+00:00,15.896819618606568,16.768207760017372,8.026457140210033,127.5951413343956,16.759827846094325,6.033868447317893,SL,-6.994159569521101,0.13109222111915617,0.0,-7.06145421997306,6.926898549579113,-1.019425096156796,22,909.3464267130361,,1
LINK,-1,SQUEEZE_V2,2023-03-04 20:00:00+00:00,2023-03-05 01:00:00+00:00,6.8386321525573734,6.985097003470977,36.44421493600722,249.22858003609065,6.981606200370792,4.699911931270989,SL,-5.33779650726562,0.2518974782897235,0.0,-5.465079695537298,6.82009820034777,-0.8013197955505426,5,903.6390479789925,,1
AVAX,-1,SQUEEZE_V2,2023-03-04 20:00:00+00:00,2023-03-05 01:00:00+00:00,16.25674822883606,16.44378035302624,14.478264266834302,235.36949697647893,16.435562571740373,10.873969135197672,SL,-2.7079005204128275,0.23672344723668537,0.0,-2.8269392191612734,6.819163593172635,-0.41455805840933524,5,900.8121087598312,,1
XRP,1,SQUEEZE_V2,2023-03-07 13:00:00+00:00,2023-03-08 22:00:00+00:00,0.37424483932256697,0.38468467349284263,710.6668566198381,265.963403567565,0.38487711204886704,0.48289274620875006,SL,7.419244133422182,0.2696730256342761,0.0,7.282552809571688,6.756090815698733,1.0779240552317098,33,907.9616798676191,,1
SOL,-1,SQUEEZE_V2,2023-02-27 19:00:00+00:00,2023-03-10 13:00:00+00:00,22.55048930511475,17.502993167127453,6.92618501476206,156.18886110063787,17.494246044105402,10.93052691002854,SL,34.959892112996975,0.1387089150441394,0.0,34.89927762850316,7.0421758236326655,4.955752100279224,258,942.8609574961222,,1
BTC,-1,SQUEEZE_V2,2023-03-03 02:00:00+00:00,2023-03-11 01:00:00+00:00,22147.5696,20660.404227208033,0.008692198889065193,192.51107987261403,20650.07918761423,13037.532376762412,SL,12.926737201238547,0.18604771127199476,0.0,12.836945029902859,6.928797350227218,1.8526945414967133,191,955.697902526025,,1
DOGE,-1,SQUEEZE_V2,2023-03-03 02:00:00+00:00,2023-03-11 01:00:00+00:00,0.07361527167111635,0.06823380131331797,1821.5128507675004,134.09116336167915,0.06819970146258668,0.030151234849680783,SL,9.80241741275414,0.12918995465530209,0.0,9.740273039779678,6.927401391441721,1.406050045232408,191,965.4381755658047,,1
XRP,-1,SQUEEZE_V2,2023-03-12 14:00:00+00:00,2023-03-12 22:00:00+00:00,0.3553189342617989,0.3659274737884511,694.5153878257087,246.77446743065073,0.36574460148770727,0.23616845167998862,SL,-7.367793943617208,0.25045836440245933,0.0,-7.494865074304342,7.240786316743535,-1.0350899400211933,8,957.7247005563847,,1
ETH,1,SQUEEZE_V2,2023-03-12 18:00:00+00:00,2023-03-14 19:00:00+00:00,1516.6133206054687,1695.3145070361766,0.12557281425213634,190.44540280070623,1696.1625883303416,2175.52399378021,SL,22.44001089029966,0.20166540824585605,0.0,22.333568183454158,7.23986091249067,3.0848062488221095,49,979.7792065571455,,1
BTC,1,SQUEEZE_V2,2023-03-14 13:00:00+00:00,2023-03-14 19:00:00+00:00,25867.572480000003,24450.60455978774,0.005113368409523017,132.270427950279,24462.835977776624,41921.703933981466,SL,-7.245479000520923,0.1286476884500185,0.0,-7.307991474995802,7.182935254172885,-1.017410183497097,6,972.4712150821497,,1
LINK,1,SQUEEZE_V2,2023-03-14 13:00:00+00:00,2023-03-15 11:00:00+00:00,6.957391051197052,6.7103693245950815,21.070311578587155,146.59439722279592,6.713726187688926,10.853157830930467,SL,-5.204824746184095,0.14399198484970388,0.0,-5.275519532422401,7.1824392400680726,-0.7345024936643114,22,967.1956955497272,,1
DOGE,1,SQUEEZE_V2,2023-03-14 13:00:00+00:00,2023-03-15 11:00:00+00:00,0.07503500433862209,0.07231363700132629,1972.9659794085132,148.04151082487158,0.07234981190727992,0.11663670357018988,SL,-5.369165173958155,0.1453569282378925,0.0,-5.440501346783612,7.181889511078486,-0.7575306384749193,22,961.7551942029436,,1
AVAX,1,SQUEEZE_V2,2023-03-14 13:00:00+00:00,2023-03-15 11:00:00+00:00,17.083415923690797,16.549648326820083,7.681018244540026,131.2180293889346,16.557927290465315,27.76850870961543,SL,-4.099878649908239,0.1291680900639805,0.0,-4.163437725277752,7.181334355412893,-0.579758234225591,22,957.5917564776659,,1
SOL,-1,SQUEEZE_V2,2023-03-15 16:00:00+00:00,2023-03-17 22:00:00+00:00,19.239151430511477,20.969852384526803,4.175008360015198,80.32361806198378,20.959372698177717,-0.42052019995984935,SL,-7.2256909517002645,0.0839364635378339,0.0,-7.269465606207106,7.181938173582493,-1.0121871604167476,54,949.959819213795,,1
DOGE,1,SQUEEZE_V2,2023-03-17 00:00:00+00:00,2023-03-18 16:00:00+00:00,0.07261451960653066,0.07280224131959907,1824.3260820675318,132.47256205499806,0.07283866064992403,0.11760420197657043,SL,0.34246561732110087,0.13264379486365863,0.0,0.2760581034849413,7.181636960014761,0.038439440063867264,40,950.2358773172799,,1
ETH,1,SQUEEZE_V2,2023-03-17 02:00:00+00:00,2023-03-20 03:00:00+00:00,1695.5690264648438,1744.8868091302338,0.11358311955304906,192.58801944340337,1745.759688974721,2418.061027245102,SL,5.6016676045742875,0.1953888532456905,0.0,5.502572761050299,7.180503338815241,0.7663213150121876,73,955.7384500783302,,1
LINK,1,SQUEEZE_V2,2023-03-17 02:00:00+00:00,2023-03-21 07:00:00+00:00,6.779355477905273,6.9385761057588065,22.086567339846887,149.7326912835147,6.942047129323468,10.494493292935816,SL,3.516637118979759,0.1514910098430046,0.0,3.440012454778512,7.1797811337423285,0.4791249748006551,101,959.1784625331087,,1
BTC,1,SQUEEZE_V2,2023-03-17 02:00:00+00:00,2023-03-22 19:00:00+00:00,25665.83214,27235.110206956953,0.006616829080674146,169.82642448365314,27248.734574244074,38069.08036894156,SL,10.383644749104887,0.1750182468582056,0.0,10.293539714488508,7.181140187907054,1.4334130019941254,137,969.2988785551182,,1
ETH,1,SQUEEZE_V2,2023-03-21 13:00:00+00:00,2023-03-22 19:00:00+00:00,1806.0011426513672,1734.830455468102,0.10232643048963092,184.80165038770915,1735.698304620412,2609.4621487194263,SL,-7.28264237495766,0.1811603292002303,0.0,-7.371401878964035,7.193838468998315,-1.024682707393407,30,961.9274766761542,,1
AVAX,1,SQUEEZE_V2,2023-03-22 15:00:00+00:00,2023-03-22 19:00:00+00:00,17.743547771072386,16.94451511419328,9.098841824262337,161.4457345702302,16.95299160999828,26.778475326205026,SL,-7.270271757363068,0.15781059869154868,0.0,-7.347359488769502,7.193145462809361,-1.0214390250770644,4,954.5801171873848,,1
DOGE,-1,SQUEEZE_V2,2023-03-22 20:00:00+00:00,2023-03-23 09:00:00+00:00,0.07201559438854456,0.07762304084834053,1285.4891105261274,92.57526237454051,0.07758424872397854,0.008373830555013423,SL,-7.208311361926,0.09617941805550352,0.0,-7.258203148794234,7.1584445084844885,-1.01393579850923,13,947.0588157284126,,1
ETH,-1,SQUEEZE_V2,2023-03-22 20:00:00+00:00,2023-03-23 14:00:00+00:00,1716.7665633544923,1796.8414112652436,0.09042224476798842,155.2338864011382,1795.943439545471,811.8879783147361,SL,-7.240547497545396,0.15885416014991088,0.0,-7.321784714494738,7.159350878905386,-1.0226883467980252,18,939.7370310139179,,1
AVAX,-1,SQUEEZE_V2,2023-03-22 20:00:00+00:00,2023-03-23 14:00:00+00:00,16.386721389770507,17.55634989920453,6.166230122879415,101.04429504883532,17.547576111148956,3.119810288302517,SL,-7.212198547450624,0.10465039432256064,0.0,-7.2663267942487675,7.158097351250582,-1.015119861841398,18,932.4707042196691,,1
NEAR,-1,SQUEEZE_V2,2023-03-22 20:00:00+00:00,2023-03-23 15:00:00+00:00,1.8866225647211075,2.0362335716246163,48.1698277789342,90.87828402646689,2.035215963642795,0.18841229133039294,SL,-7.206736436374955,0.09448165224465437,0.0,-7.255778946606376,7.15771843514415,-1.0136999677132803,19,925.2149252730627,,1
ETH,-1,SQUEEZE_V2,2023-03-25 20:00:00+00:00,2023-03-26 08:00:00+00:00,1716.9964978271485,1767.2813336746449,0.14043378106884008,241.1243102718229,1766.3981346073413,1152.4063631963738,SL,-7.061689628489875,0.24465515508606783,0.0,-7.185782628440031,6.937658644031954,-1.0357648015186685,12,917.714807754018,,1
BTC,-1,SQUEEZE_V2,2023-03-27 15:00:00+00:00,2023-03-29 06:00:00+00:00,26949.70898,27719.022144951425,0.009110814301646399,245.5337940001924,27705.16956017134,18315.873778041823,SL,-7.009069385684301,0.24903832869303455,0.0,-7.135340817377239,6.882861058155135,-1.0366823849978715,39,910.4567000396406,,1
APT,-1,SQUEEZE_V2,2023-03-25 18:00:00+00:00,2023-03-29 07:00:00+00:00,11.817035953712464,11.577308386609284,12.509158361549515,147.8211741091135,11.571522625296636,5.478171238619106,SL,2.9987901005226747,0.14632177905885219,0.0,2.9263789085183793,6.938212973434863,0.4217770367849681,85,913.383078948159,,1
NEAR,-1,SQUEEZE_V2,2023-03-24 18:00:00+00:00,2023-03-29 09:00:00+00:00,1.9456107799768447,1.9609777941476216,62.39059349663444,121.38781127620518,1.9599977952499967,0.6745195463880067,SL,-0.9587571343859628,0.12186718984339817,0.0,-1.0199304185912583,6.93911193954797,-0.14698284556823263,111,912.3631485295678,,1
XRP,1,SQUEEZE_V2,2023-03-25 05:00:00+00:00,2023-03-29 15:00:00+00:00,0.44821963756084443,0.5397397195758554,264.01450457662224,118.33648555213952,0.5400097244380744,0.7485778858486529,SL,24.162629112004964,0.13041780010814202,0.0,24.09137955467289,6.938656735255684,3.4720523689064064,106,936.4545280842407,,1
DOGE,-1,SQUEEZE_V2,2023-03-30 18:00:00+00:00,2023-03-31 16:00:00+00:00,0.07363527247905731,0.07628240868918143,2691.6873939647385,198.2031346830372,0.07624428654590848,0.0438179688579011,SL,-7.125263166898689,0.20176576626648657,0.0,-7.227927365823657,7.02265027441997,-1.0292307153826825,22,928.934317991139,,1
NEAR,1,SQUEEZE_V2,2023-03-31 15:00:00+00:00,2023-04-02 15:00:00+00:00,1.997399379014969,1.9202320031234095,92.14281262471904,184.04599671730645,1.921192599423121,2.8683340029218036,SL,-7.1104190575172215,0.18049078718854783,0.0,-7.198886846347116,7.02190701266491,-1.025203955757745,48,921.7354311447918,,1
AVAX,1,SQUEEZE_V2,2023-03-30 03:00:00+00:00,2023-04-03 01:00:00+00:00,17.433486305236816,17.043355470230534,11.605040989130913,202.31632315572568,17.051881410936,24.350095307637275,SL,-4.527484331371772,0.2000525809900398,0.0,-4.626378750783949,7.023408960631805,-0.6587084386963811,94,916.9889797423112,,1
NEAR,-1,SQUEEZE_V2,2023-04-02 15:00:00+00:00,2023-04-03 08:00:00+00:00,1.944611052441597,1.9469461157775934,123.49271752402086,240.14530339325904,1.945973129212987,1.3048494885035666,SL,-0.2883633169529041,0.2402894850517355,0.0,-0.4085801503080101,6.913015733585938,-0.05910302624120751,17,916.5803995920032,,1
XRP,-1,SQUEEZE_V2,2023-04-03 21:00:00+00:00,2023-04-05 06:00:00+00:00,0.4905418864071369,0.5163625440865816,268.9222354433636,131.9176206712118,0.5161044918406612,0.19839782430971709,SL,-6.943748983774105,0.13538949516309887,0.0,-7.013179668601598,6.874352996940025,-1.0201948709534365,33,909.501261113066,,1
APT,1,SQUEEZE_V2,2023-04-05 06:00:00+00:00,2023-04-05 14:00:00+00:00,11.932386305236816,11.433712449675905,13.836086081312455,165.09752407473047,11.439432165758785,17.566147899271463,SL,-6.8996943920407405,0.1616476768787101,0.0,-6.9787933068820855,6.820555907957356,-1.02320007358053,8,902.3461123253948,,1
XRP,1,SQUEEZE_V2,2023-04-05 06:00:00+00:00,2023-04-06 00:00:00+00:00,0.5126424907922744,0.49811678176426627,365.9732481670875,187.61343750371492,0.4983659647466396,0.7256560138926202,SL,-5.31602091491013,0.18495542704625986,0.0,-5.407169623204532,6.821259458347995,-0.7926937329127877,18,896.9389427021903,,1
BTC,1,SQUEEZE_V2,2023-04-08 06:00:00+00:00,2023-04-09 08:00:00+00:00,28150.52898,27786.116516540926,0.01911238806253904,538.0238340315113,27800.016524803326,32156.38561081913,SL,-6.964792416455641,0.5345414378232836,0.0,-7.230321937263168,6.69913006447214,-1.0792926645219396,26,889.20705619824,,1
NEAR,-1,SQUEEZE_V2,2023-04-06 11:00:00+00:00,2023-04-09 22:00:00+00:00,1.955608770442009,2.0335039008076308,87.49115542116134,171.09847087772803,2.0324876569791415,1.0769929243033542,SL,-6.815134957370231,0.17450603835641315,0.0,-6.90409176028778,6.726222610626077,-1.0264441366214532,83,882.123949558283,,1
XRP,-1,SQUEEZE_V2,2023-04-09 15:00:00+00:00,2023-04-10 17:00:00+00:00,0.5006998535394669,0.5102814485116758,715.0586460280332,358.0297593383657,0.5100264352940288,0.39411034777304566,SL,-6.851402327616703,0.36145546050217403,0.0,-7.033842908449694,6.6690529214868,-1.0546989192104907,26,875.0901066498333,,1
LINK,-1,SQUEEZE_V2,2023-04-06 11:00:00+00:00,2023-04-11 02:00:00+00:00,7.188562057209015,7.4135611024912755,30.398648439158073,218.52257076016778,7.409856174404074,4.659486432122632,SL,-6.839666876681633,0.2219424041985086,0.0,-6.952347995500058,6.727042070266426,-1.033492569673302,111,867.7863534066977,,1
SOL,-1,SQUEEZE_V2,2023-03-22 20:00:00+00:00,2023-04-11 04:00:00+00:00,21.1017797000885,21.931230568456993,4.0975165949868115,86.46489250486844,21.920270433240375,1.1349295057469497,SL,-3.398688697866122,0.08816423685380151,0.0,-3.4436204884674892,7.158768751831381,-0.48103530199750205,464,864.3427329182302,,1
XRP,1,SQUEEZE_V2,2023-04-10 17:00:00+00:00,2023-04-11 17:00:00+00:00,0.5092318270683288,0.5126869127721017,711.562715670165,362.3503817744199,0.5129433844643337,0.614623988051324,SL,2.458510166249767,0.36357963685754474,0.0,2.276105720279432,6.561899074448137,0.346866919843758,24,866.6188386385097,,1
ETH,1,SQUEEZE_V2,2023-04-10 17:00:00+00:00,2023-04-12 01:00:00+00:00,1883.256580883789,1879.4129789660426,0.18078264903074526,340.46011349675535,1880.3531555438144,2298.162125355438,SL,-0.6948565365098387,0.34011268522850047,0.0,-0.8647391649899614,6.56317579987375,-0.13175620939585309,32,865.7540994735198,,1
DOGE,-1,SQUEEZE_V2,2023-04-06 21:00:00+00:00,2023-04-14 01:00:00+00:00,0.08512296930402517,0.09097681241405421,886.7672065722983,75.48425770486989,0.09093134674068387,-0.0015556789237456264,SL,-5.190996102392946,0.07807975575606638,0.0,-5.231333729296577,6.725580991360285,-0.7778262927792817,172,860.5227657442232,,1
NEAR,1,SQUEEZE_V2,2023-04-14 01:00:00+00:00,2023-04-14 15:00:00+00:00,2.2554511144638063,2.1591858455463373,67.80387168801118,152.92831796368574,2.160265978535605,3.343281239357538,SL,-6.52715794169196,0.14966473899283977,0.0,-6.600358521702956,6.453920743081674,-1.0226897392222019,14,853.8459430635385,,1
BTC,1,SQUEEZE_V2,2023-04-16 19:00:00+00:00,2023-04-16 20:00:00+00:00,30511.6011,30163.372118411804,0.016790582839591565,512.3075658381231,30178.461349086345,34318.91253901319,SL,-5.846967562503209,0.5093840820568715,0.0,-6.100197861641019,5.593610584876624,-1.0905653457775641,1,847.2396860807527,,1
ETH,1,SQUEEZE_V2,2023-04-16 19:00:00+00:00,2023-04-17 00:00:00+00:00,2133.9767588378904,2085.776761126713,0.13575883544493608,289.7061996463912,2086.820171212319,2672.9091888444186,SL,-6.543575557718012,0.2864344118675322,0.0,-6.6851568697623485,6.401923419604646,-1.0442419303689818,5,840.4604957662933,,1
SOL,1,SQUEEZE_V2,2023-04-16 19:00:00+00:00,2023-04-17 11:00:00+00:00,24.66393219680786,24.829510367689306,8.518693415481387,210.1044768048265,24.841931333355983,33.25121425208974,SL,1.410509674035225,0.2108097316418441,0.0,1.304752180795794,6.40083702135597,0.20384086900550263,16,841.6390689915347,,1
XRP,-1,SQUEEZE_V2,2023-04-17 01:00:00+00:00,2023-04-18 12:00:00+00:00,0.5106178705692291,0.5236338868219514,494.2206797963515,252.35791110888982,0.5233722007215906,0.3648540973993838,SL,-6.432784400660778,0.25557430330922026,0.0,-6.562179748415553,6.3034537182472,-1.0410451225205946,35,835.0768892431191,,1
AVAX,1,SQUEEZE_V2,2023-04-16 21:00:00+00:00,2023-04-19 08:00:00+00:00,19.74394777107239,20.59200135882473,9.525293096126424,188.06688939407653,20.60230251007977,27.367917321231367,SL,8.077958984562637,0.19210586888635783,0.0,7.979886560373317,6.354297645605646,1.2558251132431382,59,843.0567758034924,,1
DOGE,-1,SQUEEZE_V2,2023-04-19 09:00:00+00:00,2023-04-20 06:00:00+00:00,0.08683263240754605,0.09224666185060193,1177.9078351047363,102.28083805561792,0.09220056156981703,0.02548487055302058,SL,-6.377227700463258,0.10546945190584955,0.0,-6.431556733341298,6.322925818526192,-1.0171804822534558,21,836.5740786511234,,1
LINK,-1,SQUEEZE_V2,2023-04-20 17:00:00+00:00,2023-04-20 23:00:00+00:00,7.570485626697541,7.513000011444092,14.585600646594171,110.42008005179153,8.00065684431884,2.654243139596989,EOD,0.8384622270105675,0.11000084893828625,0.0,0.783671418098177,6.274305589883425,0.12490169738652104,6,837.3025400291956,,1
DOGE,1,SQUEEZE_V2,2023-04-29 14:00:00+00:00,2023-04-30 19:00:00+00:00,0.08125624634027481,0.07975846894174059,5143.941654841361,417.9773902657905,0.07979836812580349,0.09791771164851851,SL,-7.704479550000131,0.41412515049079046,0.0,-7.909616005358026,7.499240475104798,-1.054722279091536,29,991.2364937057088,,2
BTC,1,SQUEEZE_V2,2023-04-30 16:00:00+00:00,2023-04-30 19:00:00+00:00,29659.73076,29169.059264424683,0.015743892027253247,466.95959864284185,29183.651089969666,35100.64127463239,SL,-7.725079047188643,0.4630970591192476,0.0,-7.95469630698647,7.4953469213279105,-1.0612846063671166,3,983.2817973987223,,2
NEAR,1,SQUEEZE_V2,2023-04-30 09:00:00+00:00,2023-04-30 20:00:00+00:00,1.960392038154602,1.9066473860864632,142.02599220189688,278.42662432360623,1.907601186679803,2.563716055009447,SL,-7.633137535523147,0.2746100555558447,0.0,-7.768534278917189,7.4976730598913,-1.0361260376202395,11,975.5132631198052,,2
LINK,1,SQUEEZE_V2,2023-04-30 10:00:00+00:00,2023-04-30 20:00:00+00:00,7.231446019077301,7.069339484776544,47.27643567804251,341.8769925801446,7.0728759227379125,9.043675691527447,SL,-7.663819141860133,0.33804508300921454,0.0,-7.830925728579275,7.496628960050087,-1.044592945750773,10,967.6823373912259,,2
SOL,1,SQUEEZE_V2,2023-04-29 13:00:00+00:00,2023-04-30 23:00:00+00:00,23.572714393615723,22.688473288443838,8.592136173708045,202.53997205387395,22.69982320004386,33.548613748722715,SL,-7.597519986026931,0.19874121206086048,0.0,-7.694991212060855,7.5,-1.0259988282747807,34,959.9873461791651,,2
AVAX,-1,SQUEEZE_V2,2023-05-01 20:00:00+00:00,2023-05-03 18:00:00+00:00,16.61667683906555,17.154537095678904,13.603019461172707,226.03697842182646,17.145964113622096,10.567679415562177,SL,-7.316523538102787,0.22969524019087784,0.0,-7.433200289082752,7.1999050963437385,-1.032402537202537,46,952.3420454745535,,2
APT,-1,SQUEEZE_V2,2023-05-03 03:00:00+00:00,2023-05-03 18:00:00+00:00,9.709058242416383,9.710405947799355,20.410203305825554,198.1638526358197,9.705553171213749,5.677989019801564,SL,-0.027506940862823476,0.19817760610625113,0.0,-0.12660262065116473,7.199057457674656,-0.01758599947222233,15,952.2154428539023,,2
BTC,1,SQUEEZE_V2,2023-05-03 22:00:00+00:00,2023-05-06 08:00:00+00:00,28939.186680000003,29120.774876030133,0.007561190983771657,218.81471740250083,29135.342547303782,39732.33573392432,SL,1.3730230305823818,0.21950122891779203,0.0,1.2629291603658401,7.140792864890651,0.1768611951447747,58,953.2592371204181,,2
AVAX,1,SQUEEZE_V2,2023-05-03 19:00:00+00:00,2023-05-06 14:00:00+00:00,17.143427389526366,16.577244697757507,12.801119945929502,219.4550702976601,16.585537466490752,23.519312224219085,SL,-7.247772548642391,0.2158311840233389,0.0,-7.3538761975169,7.141615821404268,-1.0297216178272237,67,945.9053609229012,,2
XRP,-1,SQUEEZE_V2,2023-05-08 00:00:00+00:00,2023-05-08 06:00:00+00:00,0.44885022087693216,0.4408154500193801,751.2731473894937,337.20911814468224,0.44059515244315856,0.34094728740835345,SL,6.036307590706513,0.334190964349329,0.0,5.870721185429525,7.093150438456095,0.827660605307471,6,951.0905932986129,,2
AVAX,-1,SQUEEZE_V2,2023-05-08 00:00:00+00:00,2023-05-08 11:00:00+00:00,16.396719618606568,15.93809136290079,18.409917115200138,301.8622491397229,15.930126299750915,11.994194386527717,SL,8.443308174232177,0.2976405950526068,0.0,8.296598703749432,7.091885904263053,1.1698719939589277,11,959.3871920023623,,2
NEAR,-1,SQUEEZE_V2,2023-05-08 00:00:00+00:00,2023-05-08 13:00:00+00:00,1.7346530143022538,1.6862429144572066,133.2837829167115,231.20111579408083,1.6854002143500317,1.126648155097031,SL,6.4522812387235975,0.22797497517471904,0.0,6.339906821445918,7.09075392082878,0.8941089892885323,13,965.7270988238082,,2
BTC,-1,SQUEEZE_V2,2023-05-06 15:00:00+00:00,2023-05-08 15:00:00+00:00,28594.28,28103.23054990598,0.010629337668590174,303.9382575102146,28089.18595692752,20966.56086144959,SL,5.219530417024842,0.3013284923017022,0.0,5.070171053478247,7.09429020692176,0.7146833447173306,48,970.7972698772865,,2
LINK,-1,SQUEEZE_V2,2023-05-08 02:00:00+00:00,2023-05-10 12:00:00+00:00,6.677664100837708,6.617798343239266,29.466423568968764,196.76687884658085,6.614491097690421,3.9278468772538995,SL,1.7640297706729033,0.1958848639612444,0.0,1.6665283461349494,7.08988691664455,0.23505711243751004,58,972.4637982234213,,2
SUI,1,SQUEEZE_V2,2023-05-14 14:00:00+00:00,2023-05-14 19:00:00+00:00,1.1565312600000002,1.1539620066433522,110.37134837390467,127.64791460277094,1.154539276281493,1.9117457343701394,SL,-0.2835719572874123,0.12750612862412725,0.0,-0.34725412861015403,7.29347848667566,-0.047611592910645734,5,971.9599717872001,,2
APT,1,SQUEEZE_V2,2023-05-14 16:00:00+00:00,2023-05-15 11:00:00+00:00,8.58211654701233,8.720428695411917,21.614330171740484,185.49670061948186,8.724791090957394,12.438288288655464,SL,2.989524442271437,0.18699146284061757,0.0,2.8952813297405604,7.2929998069958994,0.3969945710081092,19,974.6051386138441,,2
SOL,-1,SQUEEZE_V2,2023-05-16 20:00:00+00:00,2023-05-17 01:00:00+00:00,20.497900408554077,21.069840069530606,13.019964846523694,266.88194274691773,21.059310414323445,14.081786056904162,SL,-7.446634280247087,0.2706052598870413,0.0,-7.5837985687606695,7.309538539603831,-1.0375208404293745,5,966.7291778769829,,2
LINK,1,SQUEEZE_V2,2023-05-15 02:00:00+00:00,2023-05-17 06:00:00+00:00,6.633326369476318,6.618087092442612,43.12060345517081,286.03303596691615,6.62139779133828,8.56536924571364,SL,-0.6571268219139463,0.2857044725559592,0.0,-0.7998147764864474,7.289699788404,-0.10971847945765105,52,965.9293631004965,,2
APT,-1,SQUEEZE_V2,2023-05-17 08:00:00+00:00,2023-05-17 18:00:00+00:00,8.391321049118043,8.721227849564462,22.253130366078878,186.73316124964558,8.716869414857035,4.670768297815278,SL,-7.341459038990145,0.19040389076914066,0.0,-7.4384963491344624,7.244470223253724,-1.0267826521334773,10,958.3975001707373,,2
AVAX,-1,SQUEEZE_V2,2023-05-16 20:00:00+00:00,2023-05-17 19:00:00+00:00,14.76704645767212,15.114584545053606,21.49667466435399,317.4423934539786,15.107031029538838,10.881508493481046,SL,-7.470913197911655,0.3211778500529344,0.0,-7.6333698512376005,7.3085377323185305,-1.0444455691160566,23,950.7641303194997,,2
NEAR,1,SQUEEZE_V2,2023-05-15 02:00:00+00:00,2023-05-18 17:00:00+00:00,1.6813361942768097,1.623311885754284,127.39627622068339,214.19597022592103,1.6241239477281482,2.3351904405472266,SL,-7.392080836049825,0.2104999298078961,0.0,-7.49548278074476,7.288627164519124,-1.0283806005653033,87,943.268647538755,,2
ETH,-1,SQUEEZE_V2,2023-05-18 18:00:00+00:00,2023-05-18 21:00:00+00:00,1777.904357763672,1818.4120580491494,0.17865410827533362,317.62991763509854,1817.5033063959515,1325.3449448233343,SL,-7.236867072786467,0.3212483511714918,0.0,-7.399300465140409,7.074514856540662,-1.0459092411544617,3,935.710532114797,,2
NEAR,-1,SQUEEZE_V2,2023-05-21 09:00:00+00:00,2023-05-21 20:00:00+00:00,1.6476704019069672,1.627131091771865,280.081268992408,461.4816170473343,1.6263179328054624,1.3613115169158825,SL,5.752676046868031,0.45860527902390025,0.0,5.5248115763677985,7.017828990860978,0.7872536625732156,11,940.5817532840164,,2
APT,-1,SQUEEZE_V2,2023-05-21 12:00:00+00:00,2023-05-22 03:00:00+00:00,8.299539673042297,8.110995665716157,40.064022711260066,332.5129459537705,8.106942194618847,6.298692454249346,SL,7.5538313915864554,0.32873603025797726,0.0,7.391351834305364,7.014173986354691,1.0537736658207268,15,947.9731051183218,,2
AVAX,-1,SQUEEZE_V2,2023-05-21 12:00:00+00:00,2023-05-22 06:00:00+00:00,14.457108038139344,14.340110966580745,35.497158210483626,513.1862512958868,14.33294449433358,12.198223492043905,SL,4.153063559278849,0.5111097195162474,0.0,3.8985469654105454,7.0160984347970485,0.5556573930142297,18,951.8716520837323,,2
NEAR,-1,SQUEEZE_V2,2023-05-24 04:00:00+00:00,2023-05-25 19:00:00+00:00,1.5926814543485641,1.5815604292312482,152.38872814494061,242.706701168212,1.5807700442091437,1.0572809707089033,SL,1.6947188732957152,0.24185934173156415,0.0,1.574212882148257,7.139037390627992,0.2205077233822668,39,953.3245116152965,,2
LINK,1,SQUEEZE_V2,2023-05-27 20:00:00+00:00,2023-05-28 05:00:00+00:00,6.4232843313217165,6.504787326740639,68.12759139947288,437.6028903669223,6.508041347414346,7.622454178689094,SL,5.5526027697334825,0.440379191751789,0.0,5.331025023165155,7.14844842075115,0.7457597382516998,9,957.7030776430967,,2
DOGE,1,SQUEEZE_V2,2023-05-27 22:00:00+00:00,2023-05-28 06:00:00+00:00,0.07189437384903431,0.07252628622608603,6952.08355560043,499.8156941760611,0.07256256750984096,0.08364305297770054,SL,4.393107645081652,0.502012247998602,0.0,4.14100324417108,7.146807409912274,0.5794200132534298,8,961.8440808872678,,2
AVAX,1,SQUEEZE_V2,2023-05-27 23:00:00+00:00,2023-05-28 08:00:00+00:00,14.55291019077301,14.593224352414525,27.314322738118108,397.502885729622,14.600524614721886,17.54241789633528,SL,1.1011540219929965,0.3980534627406185,0.0,0.901852002117189,7.144933101059114,0.12622259569981206,9,962.7459328893849,,2
NEAR,1,SQUEEZE_V2,2023-05-27 23:00:00+00:00,2023-05-29 02:00:00+00:00,1.639327858185768,1.6495067914415311,106.07121040653081,173.8854901709101,1.650331957420241,2.11268920569159,SL,1.0796917710860852,0.17442533605645313,0.0,0.9922091801150871,4.393375970340778,0.22584208290239385,27,963.5531143491121,,2
ETH,1,SQUEEZE_V2,2023-05-26 15:00:00+00:00,2023-05-29 04:00:00+00:00,1829.8358646972656,1897.4070099780988,0.21647353072951853,396.11103028651866,1898.3561880721347,2207.311712629573,SL,14.627364394379208,0.40342471248370826,0.0,14.42199519703876,7.149933837114723,2.017080930480134,61,977.9751095461509,,2
DOGE,1,SQUEEZE_V2,2023-05-28 23:00:00+00:00,2023-05-30 04:00:00+00:00,0.07351469994038343,0.07204422653213056,5033.76115356246,370.0554407757026,0.07208026666546329,0.0899082230823279,SL,-7.402011919809849,0.36635443481579766,0.0,-7.583338634237795,7.220594496670387,-1.050237433736887,29,970.3917709119131,,2
APT,1,SQUEEZE_V2,2023-05-31 02:00:00+00:00,2023-05-31 04:00:00+00:00,8.73474640159607,8.39664113654297,21.793602007281667,190.36158671092042,8.40084155732163,12.55080176473252,SL,-7.36853158313374,0.18667732091935357,0.0,-7.460028110697634,7.276989284420491,-1.0251530982282764,2,962.5663753619456,,2
NEAR,-1,SQUEEZE_V2,2023-05-30 08:00:00+00:00,2023-06-01 09:00:00+00:00,1.6136771628141404,1.5673019809771302,156.82565521382728,253.06597836191742,1.566518721616322,1.0833019675482456,SL,7.2728182772495025,0.24942956922329268,0.0,7.149921697207168,7.277938281839348,0.9824103228586564,49,969.4186923802771,,2
AVAX,-1,SQUEEZE_V2,2023-05-31 03:00:00+00:00,2023-06-01 09:00:00+00:00,14.24715,14.113235492539468,20.16594992450411,287.3073134668987,14.106182401338799,10.1234943438295,SL,2.700513251613705,0.28595705684109185,0.0,2.5582098515060623,7.276275428470325,0.3515823276145374,30,971.9769022317831,,2
LINK,-1,SQUEEZE_V2,2023-05-31 05:00:00+00:00,2023-06-02 03:00:00+00:00,6.4747046321868895,6.440932600892655,44.494752898207636,288.090382698036,6.437713744020645,4.620425555607013,SL,1.5026781873075072,0.2873390436043823,0.0,1.359384335052143,7.219247815214592,0.1882999960449114,46,973.269932132745,,2
AVAX,1,SQUEEZE_V2,2023-06-02 09:00:00+00:00,2023-06-02 21:00:00+00:00,14.432886305236815,14.095886733470445,22.12153172762917,319.2775523225607,14.10293820257173,18.20372176426637,SL,-7.454946719027194,0.3155500789630471,0.0,-7.61085802182896,7.298957421576729,-1.0427322125938439,12,965.2893837960016,,2
BTC,-1,SQUEEZE_V2,2023-06-01 03:00:00+00:00,2023-06-03 15:00:00+00:00,26718.75518,27360.395111855167,0.011494509118564296,307.118975053197,27346.72175097968,19541.994368803655,SL,-7.375336047544186,0.31080664307696915,0.0,-7.532583203094557,7.218167476279474,-1.043558940388724,60,957.6032821413787,,2
APT,1,SQUEEZE_V2,2023-06-02 05:00:00+00:00,2023-06-03 19:00:00+00:00,8.878675099182129,8.88275033868684,17.031652809247465,151.2185116953808,8.887193935654667,13.776798491801676,SL,0.06940806435877497,0.1512532157275602,0.0,-0.006235895521094825,7.299524490995587,-0.0008542879099573111,38,957.5970462458577,,2
SUI,-1,SQUEEZE_V2,2023-06-02 01:00:00+00:00,2023-06-04 09:00:00+00:00,0.9217156200000001,0.9728325256217326,143.9802747191911,132.70886818056957,0.9723463524455099,0.34307867776560197,SL,-7.359826114212016,0.13638878123767556,0.0,-7.429860461359406,7.289826766738372,-1.0192094680850268,56,950.0162094327458,,2
XRP,1,SQUEEZE_V2,2023-06-02 19:00:00+00:00,2023-06-04 21:00:00+00:00,0.5245948968172073,0.5366355821819039,512.5565792623084,268.8845658110914,0.5369040341990033,0.6873144409560361,SL,6.171532502502631,0.2719703320623428,0.0,6.034004453345833,7.2977601307555195,0.8268296498149148,50,956.0502138860916,,2
SOL,1,SQUEEZE_V2,2023-06-04 07:00:00+00:00,2023-06-04 23:00:00+00:00,21.68133544578552,21.939344012042717,13.926849859410355,301.95270350496685,21.95031917162853,27.57496879788291,SL,3.593246564705698,0.3037493267873197,0.0,3.440473589670862,7.181977846843933,0.4790426346389738,16,959.4906874757625,,2
AVAX,1,SQUEEZE_V2,2023-06-03 08:00:00+00:00,2023-06-05 02:00:00+00:00,14.592918152618408,14.68603156138874,21.04013055138536,307.0369030567726,14.693378250513996,18.525360008793555,SL,1.9591182766122965,0.3080164621950787,0.0,1.804620265945604,7.239670378470012,0.2492682914559684,42,961.295307741708,,2
APT,-1,SQUEEZE_V2,2023-06-06 13:00:00+00:00,2023-06-06 17:00:00+00:00,7.796740129470825,8.187279681732049,18.656366671776528,145.4588426999621,8.183188087688205,3.380192035557924,SL,-7.286049086816824,0.14910186724337054,0.0,-7.362421532710214,7.2097148080628095,-1.0211806886558992,4,953.8601567876478,,2
DOGE,1,SQUEEZE_V2,2023-06-09 13:00:00+00:00,2023-06-09 19:00:00+00:00,0.07007401182353497,0.06834442835410603,4219.432240172975,295.6725446864857,0.0683786176629375,0.0894499450875061,SL,-7.297860252978669,0.29202361455999637,0.0,-7.442047595195422,7.1536007810259585,-1.040321905429016,6,946.0178335604102,,2
XRP,1,SQUEEZE_V2,2023-06-09 14:00:00+00:00,2023-06-10 03:00:00+00:00,0.5361072133541107,0.5204373643450589,464.1611952510813,248.84016493317048,0.5206977132016597,0.7122157865249795,SL,-7.273335845445443,0.24520349701044775,0.0,-7.3941192599893055,7.152492008983383,-1.033782246901142,13,938.6237143004208,,2
SUI,-1,SQUEEZE_V2,2023-06-08 10:00:00+00:00,2023-06-10 08:00:00+00:00,0.7323535000000001,0.5885348353618215,127.58679386422529,93.43863504024392,0.5882407150043194,0.09153919991361148,SL,18.34936231901944,0.08426395388073421,0.0,18.31181768265883,7.153951175907358,2.5596788728903066,46,956.7796170049706,,2
APT,-1,SQUEEZE_V2,2023-06-09 18:00:00+00:00,2023-06-10 17:00:00+00:00,7.479303991794587,5.912731225094808,21.739980030632843,162.59991942464683,5.9097763369263445,3.7197742625450374,SL,34.057260664586444,0.14557128909235362,0.0,33.99298933520642,7.151558858364884,4.753227933717726,23,990.772606340177,,2
ETH,-1,SQUEEZE_V2,2023-06-10 05:00:00+00:00,2023-06-10 17:00:00+00:00,1788.1423,1756.675296895128,0.17438766266976755,311.82995621794225,1755.7973981960301,1326.793945454399,SL,5.4874571226809445,0.30908622765660176,0.0,5.334285873133314,7.039677857253156,0.7577457351457163,12,996.1068922133104,,2
DOGE,-1,SQUEEZE_V2,2023-06-14 21:00:00+00:00,2023-06-15 09:00:00+00:00,0.05887822198569775,0.06114323802021707,3342.4305558854844,196.79636824120468,0.06111268167937738,0.03334153977221618,SL,-7.570658803347945,0.20058169764287864,0.0,-7.672842316870222,7.468526356049334,-1.0273569310839208,12,987.9479286148684,,2
BTC,-1,SQUEEZE_V2,2023-06-14 21:00:00+00:00,2023-06-15 20:00:00+00:00,24932.11258,25617.356030775896,0.011109970628780264,276.99503847724293,25604.55375389895,17247.070592583445,SL,-7.613034611684232,0.2808015557830851,0.0,-7.755338648228696,7.470801691599828,-1.0380865358732252,23,980.1925899666397,,2
SOL,-1,SQUEEZE_V2,2023-06-14 21:00:00+00:00,2023-06-16 15:00:00+00:00,14.173164441490174,15.118121476625994,7.967714823232687,112.9277324125757,15.11056619352923,3.460001561043823,SL,-7.529148176169685,0.11669230650066054,0.0,-7.589376616464058,7.468949835045881,-1.0161236564815457,42,972.6032133501757,,2
ETH,-1,SQUEEZE_V2,2023-06-14 21:00:00+00:00,2023-06-16 17:00:00+00:00,1637.9423655273438,1695.2155549884212,0.13238156633118203,216.83337590871128,1694.3683708030198,993.0737338053317,SL,-7.581914529639978,0.22062433317353125,0.0,-7.694122174859154,7.4697629602055375,-1.0300356538552655,44,964.9090911753166,,2
AVAX,-1,SQUEEZE_V2,2023-06-14 21:00:00+00:00,2023-06-16 18:00:00+00:00,11.237751771163941,11.741106663474623,15.011013905556041,168.69004810412895,11.735239043952648,5.552182939293012,SL,-7.555867287905312,0.1724679817480816,0.0,-7.643990245601329,7.467788369668429,-1.023594920907048,45,957.2651009297152,,2
DOGE,1,SQUEEZE_V2,2023-06-18 15:00:00+00:00,2023-06-18 20:00:00+00:00,0.06319263558983802,0.061574488569054876,4522.955679467882,285.81749004160207,0.061605291214662204,0.08133371416327592,SL,-7.318807257865164,0.2821580864126695,0.0,-7.4580565992570325,7.179488256972864,-1.0388005847093094,5,949.6641355854374,,2
LINK,-1,SQUEEZE_V2,2023-06-18 21:00:00+00:00,2023-06-19 18:00:00+00:00,5.177964100837707,5.12942249261877,43.36276847228855,224.53085846244727,5.126859063087227,3.3007826865052805,SL,2.10489851847033,0.2234784092032121,0.0,1.9936855384983416,7.12248101689078,0.2799144755556902,21,951.3143596773563,,2
NEAR,-1,SQUEEZE_V2,2023-06-19 17:00:00+00:00,2023-06-20 00:00:00+00:00,1.2037591961860656,1.2460288022888388,170.97734386794477,205.81555002050573,1.2454060992392193,0.727794589864309,SL,-7.227144977796429,0.20942912250940393,0.0,-7.33366632529558,7.120676864354012,-1.029911406597846,7,943.9806933520607,,2
AVAX,-1,SQUEEZE_V2,2023-06-18 21:00:00+00:00,2023-06-20 18:00:00+00:00,11.38772234325409,11.709656399178444,22.530974758777653,256.57648467582624,11.70380449692998,7.775354872672487,SL,-7.253488088022528,0.2602032287198375,0.0,-7.3854030744044525,7.121639026171547,-1.0370369864666815,45,936.5952902776562,,2
SOL,1,SQUEEZE_V2,2023-06-20 18:00:00+00:00,2023-06-21 12:00:00+00:00,16.32126439361572,16.607487469315206,10.338271493964912,168.73366242598192,16.615795366998704,24.08535125530177,SL,2.9590518644189516,0.1702131883581914,0.0,2.873205507273751,7.023383314398194,0.40909137073347174,18,939.1488674771462,,2
NEAR,1,SQUEEZE_V2,2023-06-20 19:00:00+00:00,2023-06-21 12:00:00+00:00,1.2762552228927613,1.293237007153966,142.7297357249082,182.15957068101764,1.2938839491285303,1.8385767743797705,SL,2.423805579739164,0.18337147347088723,0.0,2.3315138916087856,7.022750563164097,0.3319944045625227,17,941.4803813687549,,2
ETH,1,SQUEEZE_V2,2023-06-20 18:00:00+00:00,2023-06-22 06:00:00+00:00,1769.1638206054688,1904.540724009734,0.16299416656726115,288.3633824605399,1905.4934707451066,2261.6943080470865,SL,22.065645542834833,0.2993962052319573,0.0,21.910431028833145,7.024464677082421,3.1191602543488823,36,963.3334479023607,,2
APT,1,SQUEEZE_V2,2023-06-21 17:00:00+00:00,2023-06-22 11:00:00+00:00,7.404580633735657,7.523723752935084,15.494326570232158,114.72899045471686,7.527487496683426,12.612830120233154,SL,1.8460423974720257,0.11565201165345287,0.0,1.7877548810459312,7.061102860265661,0.25318352053841486,18,965.1212027834066,,2
SOL,-1,SQUEEZE_V2,2023-06-23 14:00:00+00:00,2023-06-23 15:00:00+00:00,16.267745708465576,16.94601815036748,10.805725618843871,175.7847965628039,16.93754937567964,8.612846654590555,SL,-7.329225902015187,0.1794494095138115,0.0,-7.420782913247597,7.237714646410599,-1.0252936563239319,1,957.5199442098843,,2
LINK,1,SQUEEZE_V2,2023-06-23 08:00:00+00:00,2023-06-24 00:00:00+00:00,5.835166910648346,5.991657221213784,31.732858172152564,185.1665239864416,5.994654548488028,8.442075940887786,SL,4.965884830489154,0.18764946640168617,0.0,4.8708186260806885,7.238409020875549,0.6729128751958148,16,962.1328475498728,,2
NEAR,1,SQUEEZE_V2,2023-06-23 17:00:00+00:00,2023-06-24 13:00:00+00:00,1.3882776114463806,1.4092233156506069,120.42743242233844,167.18670823590443,1.409928279790502,2.069712130077258,SL,2.5224373775927478,0.16844792692470079,0.0,2.437582804785999,7.180548326233496,0.339470287510009,20,964.5157680582893,,2
APT,1,SQUEEZE_V2,2023-06-23 17:00:00+00:00,2023-06-24 15:00:00+00:00,7.843868398189544,7.377195147044441,15.507965407318057,121.64243977867875,7.380885589839361,13.135100493620213,SL,-7.23715263527891,0.1180238634610393,0.0,-7.2943552788506105,7.179921376077611,-1.0159380439950605,22,957.2214127794387,,2
BTC,1,SQUEEZE_V2,2023-06-23 16:00:00+00:00,2023-06-24 16:00:00+00:00,31242.64728,30239.130166908377,0.007265755111445192,227.00142416973924,30254.25729555615,42538.532816501116,SL,-7.291309593868191,0.22335576937280516,0.0,-7.401164651156127,7.181399581574132,-1.0306019832326088,24,949.8202481282825,,2
LINK,1,SQUEEZE_V2,2023-06-25 04:00:00+00:00,2023-06-25 13:00:00+00:00,6.225244777107239,6.206635664810297,28.816922429458423,179.3923958462905,6.209740535077835,9.050430718616935,SL,-0.5362573455420604,0.17912426717351948,0.0,-0.6256854147924347,7.123651860962118,-0.08783211574687057,9,949.104866515567,,2
SUI,-1,SQUEEZE_V2,2023-06-24 08:00:00+00:00,2023-06-26 07:00:00+00:00,0.76664664,0.7567940353983158,142.6010198635777,109.32459273898512,0.7564158274845736,0.1883300903085291,SL,1.4049914645127521,0.10862209700672873,0.0,1.351031663875516,7.215996356624046,0.18722732067835837,47,950.4558981794424,,2
SOL,-1,SQUEEZE_V2,2023-06-26 17:00:00+00:00,2023-06-29 08:00:00+00:00,16.33873065414429,16.390074540363067,8.470620804726506,138.39919180181732,16.381883598563785,6.721059140632239,SL,-0.4349145908002882,0.1386166490972175,0.0,-0.504331643996597,7.128419236345818,-0.07074943648448044,63,949.4824996315112,,2
DOGE,-1,SQUEEZE_V2,2023-06-26 17:00:00+00:00,2023-06-29 09:00:00+00:00,0.0648370325267315,0.06323124424659375,3017.895898464115,195.6714145310074,0.06319964442438157,0.03784414749616946,SL,4.84610186442944,0.19324836359879266,0.0,4.750689208096151,7.127900239376561,0.6664921012575323,64,954.2331888396074,,2
AVAX,-1,SQUEEZE_V2,2023-06-28 03:00:00+00:00,2023-06-29 09:00:00+00:00,12.897419618606568,12.513260379971143,15.253026876788269,196.7246880838223,12.507006876532877,7.557277510312326,SL,5.859591191872651,0.19379489248788595,0.0,5.7641586434266765,7.127166471572069,0.80875880567937,30,959.997347483034,,2
SUI,-1,SQUEEZE_V2,2023-06-28 07:00:00+00:00,2023-06-29 09:00:00+00:00,0.6940611600000001,0.6774581403994057,184.10136585525782,127.77760754308466,0.6771195806091012,0.2516695478179768,SL,3.056638585791047,0.12624928825018913,0.0,2.9942781013124002,7.126428753991755,0.42016530364317517,26,962.9916255843464,,2
ETH,-1,SQUEEZE_V2,2023-06-28 20:00:00+00:00,2023-06-29 13:00:00+00:00,1831.9835055908204,1879.6197258941145,0.15260012170213022,279.56090590945433,1878.680385701264,1298.3048757571792,SL,-7.269293015712162,0.2831955524173104,0.0,-7.412708115174745,7.125949587963469,-1.0402414476374688,17,955.5789174691716,,2
ETH,1,SQUEEZE_V2,2023-06-30 05:00:00+00:00,2023-06-30 13:00:00+00:00,1888.2776044189452,1837.568737130812,0.14394248050814598,271.80336226804263,1838.4879811213725,2457.301870676918,SL,-7.299160141212275,0.26815378219743646,0.0,-7.43141224227569,7.1668418810187875,-1.0369158920552735,8,948.011603545762,,2
LINK,1,SQUEEZE_V2,2023-07-01 21:00:00+00:00,2023-07-04 04:00:00+00:00,6.470293662643432,6.509342198953285,26.833549534373418,173.62094549848496,6.512598498202386,9.498324385241236,SL,1.047810833315212,0.17414485091514256,0.0,0.960476455149312,7.109621083812869,0.13509530871288167,55,948.5659396208439,,2
XRP,1,SQUEEZE_V2,2023-07-02 03:00:00+00:00,2023-07-04 09:00:00+00:00,0.48292655400037765,0.48474277537754473,506.8501626461499,244.7714024412361,0.4849852680115505,0.6432212080744827,SL,0.92055210041855,0.2452316784914454,0.0,0.7977061231477226,7.10897000526725,0.11221120957841686,54,949.3636457439916,,2
SUI,1,SQUEEZE_V2,2023-07-03 01:00:00+00:00,2023-07-05 09:00:00+00:00,0.7122424199999999,0.6762982576517753,199.61818974855052,142.1765425425268,0.6766365759397451,1.1191663521171975,SL,-7.175108619980607,0.13858898823253651,0.0,-7.2426093369418805,7.107574135777243,-1.0189987749104035,56,942.1210364070497,,2
NEAR,1,SQUEEZE_V2,2023-07-01 17:00:00+00:00,2023-07-05 10:00:00+00:00,1.448789737200737,1.3652021316669638,85.76220889865627,124.25140809203893,1.3658850742040658,2.3962716000198374,SL,-7.168657687125934,0.12066707924847596,0.0,-7.227199062328391,7.110087026593215,-1.016471252081325,89,934.8938373447213,,2
SOL,1,SQUEEZE_V2,2023-07-02 21:00:00+00:00,2023-07-05 10:00:00+00:00,19.52290289955139,18.424957515659464,6.528765840631014,127.46046156054729,18.434174602960944,31.965512003442193,SL,-7.168228317232108,0.12387634740193124,0.0,-7.228374433853766,7.108052112508095,-1.0169276082168754,61,927.6654629108675,,2
NEAR,-1,SQUEEZE_V2,2023-07-05 11:00:00+00:00,2023-07-06 18:00:00+00:00,1.3561287329673768,1.3409570405731195,120.51181390349403,163.42953349654567,1.3402868971245572,0.6963902220863413,SL,1.8283681704177925,0.16251534941133677,0.0,1.7475675877547285,6.9567999067230595,0.2512027959961702,31,929.1769764575237,,2
LINK,-1,SQUEEZE_V2,2023-07-05 11:00:00+00:00,2023-07-07 14:00:00+00:00,6.2977399864196775,6.216973264842051,29.26193036176764,184.28402891913208,6.213866331676213,3.5804147261864387,SL,2.363390182352787,0.1831023338279557,0.0,2.2724298629843975,6.957490971831506,0.32661628627111217,51,931.449406320508,,2
APT,-1,SQUEEZE_V2,2023-07-08 20:00:00+00:00,2023-07-09 01:00:00+00:00,6.933612942790985,7.1896564867215895,27.670710531305076,191.8579966760797,7.186063454994093,4.048464231898318,SL,-7.084906787513254,0.1954004500698363,0.0,-7.18437823924505,6.985485046651901,-1.0284723524944739,5,924.1176989826704,,2
SOL,1,SQUEEZE_V2,2023-07-08 09:00:00+00:00,2023-07-10 00:00:00+00:00,22.372473630523682,20.84170807156742,4.594941185625203,102.80020050920707,20.85213413863674,39.74778210923159,SL,-7.03377771238471,0.09928331165301472,0.0,-7.081660923783121,6.9858705474038105,-1.0137120170964105,39,916.9525808968024,,2
AVAX,1,SQUEEZE_V2,2023-07-09 03:00:00+00:00,2023-07-10 00:00:00+00:00,14.012802228927612,13.424224838750177,11.911559261510487,166.9143241696975,13.43094030890463,20.66265274347598,SL,-7.010874463083688,0.16340888693815564,0.0,-7.090826187936995,6.930882742370028,-1.0230769227401868,21,909.8617547088654,,2
LINK,-1,SQUEEZE_V2,2023-07-10 01:00:00+00:00,2023-07-10 18:00:00+00:00,6.053788828372955,6.20306132316798,46.68431135102481,282.61696251711874,6.199961342496732,4.383245809815499,SL,-6.968683623155189,0.28610130432869635,0.0,-7.113476446225326,6.823963160316491,-1.0424259743359177,17,902.4777974735894,,2
DOGE,-1,SQUEEZE_V2,2023-07-10 01:00:00+00:00,2023-07-10 20:00:00+00:00,0.06437712568044662,0.06611036972964011,4012.987732113701,258.3446155843742,0.06607733106410807,0.04494620701003013,SL,-6.955487106172557,0.2618223591374605,0.0,-7.0881371575178305,6.822903346707052,-1.0388740390025881,19,895.3896603160715,,2
SUI,-1,SQUEEZE_V2,2023-07-06 15:00:00+00:00,2023-07-12 06:00:00+00:00,0.64217154,0.6784210484076478,193.7091758713253,124.3945197814198,0.6780820074039459,0.2317661982406185,SL,-7.0218623993861415,0.1279054509811129,0.0,-7.0875705904765445,6.956187045972446,-1.018887293230588,135,888.302089725595,,2
DOGE,-1,SQUEEZE_V2,2023-07-12 20:00:00+00:00,2023-07-13 13:00:00+00:00,0.06415716893672943,0.06557863284057301,4796.247958688566,307.71369054802597,0.0655458599106177,0.0482864149494349,SL,-6.817693347159255,0.31112253722160566,0.0,-6.974959039106848,6.660506248760869,-1.047211544978954,17,880.8378639792799,,2
AVAX,-1,SQUEEZE_V2,2023-07-12 16:00:00+00:00,2023-07-13 15:00:00+00:00,13.037391961860656,13.426940983583739,17.402269109797764,226.88020341021337,13.420230868149664,8.662090175700559,SL,-6.779036907483539,0.23026972186395514,0.0,-6.895866527642387,6.662265672941962,-1.0350632751931776,23,873.9419974516375,,2
APT,-1,SQUEEZE_V2,2023-07-12 20:00:00+00:00,2023-07-13 15:00:00+00:00,6.888522227478028,7.119580286389883,29.27187219331939,201.63994224357663,7.1160222752522575,4.2885216814868325,SL,-6.763501969704306,0.20502169322842878,0.0,-6.867703691810946,6.659352322421314,-1.0312870320268437,19,867.0742937598266,,2
AVAX,1,SQUEEZE_V2,2023-07-13 16:00:00+00:00,2023-07-13 21:00:00+00:00,13.672734076309204,13.814120912125487,13.815854207648167,188.900500618231,13.821031427839406,19.0521085712789,SL,1.953379910518449,0.18987719057349023,0.0,1.8579529702540742,6.503057203198699,0.28570454052598393,5,868.6619477081504,,2
NEAR,1,SQUEEZE_V2,2023-07-13 16:00:00+00:00,2023-07-13 21:00:00+00:00,1.3857770542144776,1.4182721016707172,117.88750899751139,163.36580494725405,1.4189815924669507,2.016145433757302,SL,3.830760199371999,0.16528118504694006,0.0,3.747161916798686,6.502348826321381,0.5762782060584397,5,872.409109624949,,2
APT,1,SQUEEZE_V2,2023-07-13 16:00:00+00:00,2023-07-13 21:00:00+00:00,7.2301459010124205,7.424154662078803,26.04812418355704,188.33173829480742,7.4278685963769915,10.082771913536064,SL,5.053564300955179,0.190858520445285,0.0,4.956871649657297,6.501736204552828,0.7623919971078276,5,877.3659812746063,,2
LINK,1,SQUEEZE_V2,2023-07-12 19:00:00+00:00,2023-07-14 01:00:00+00:00,6.316263057231903,7.199170260898889,38.36122340365835,242.29957821474713,7.202771646722249,8.300831038314268,SL,33.86940048456852,0.2592342784570314,0.0,33.731315995218864,6.661414872179174,5.063686415343203,30,911.0972972698252,,2
APT,1,SQUEEZE_V2,2023-07-17 05:00:00+00:00,2023-07-18 02:00:00+00:00,7.737247270488739,7.870688751208266,19.93473626306553,154.23998373931667,7.874626064240386,11.654733462487659,SL,2.6601207246967102,0.15557004410166503,0.0,2.5816706724647034,6.833229729523688,0.3778111924600345,21,913.6018479504203,,2
AVAX,1,SQUEEZE_V2,2023-07-20 09:00:00+00:00,2023-07-20 14:00:00+00:00,14.362871656608581,13.868198608796297,14.046329361711049,201.74562586870852,13.875136176884737,19.936991424881086,SL,-6.948340555932785,0.1982714555907421,0.0,-7.045739198589173,6.850893189593248,-1.0284409643536558,5,906.3058132675762,,2
SOL,1,SQUEEZE_V2,2023-07-20 09:00:00+00:00,2023-07-20 15:00:00+00:00,27.216442642593382,25.863641156144155,5.113518380463981,139.17177970374496,25.876579445867087,42.52916489089391,SL,-6.917575266077118,0.13571299207070642,0.0,-6.983702368295952,6.851415083767137,-1.0193080236580965,6,899.3221108992802,,2
DOGE,1,SQUEEZE_V2,2023-07-19 16:00:00+00:00,2023-07-21 16:00:00+00:00,0.07127424978464841,0.0730557035774414,2240.2699911941095,159.67356293742105,0.07309224970229254,0.1062292909770636,SL,3.9909374726930564,0.1616690316737676,0.0,3.9091052224879994,6.852013859628151,0.5705045702724455,48,903.172297658988,,2
ETH,-1,SQUEEZE_V2,2023-07-23 00:00:00+00:00,2023-07-23 17:00:00+00:00,1866.0467599365236,1892.3264406274018,0.2673165705276464,498.8252203104578,1891.3807502522757,1576.5154420422148,SL,-7.024994116847168,0.5023377173688813,0.0,-7.27791922406082,6.7721954089874545,-1.074676494774828,17,895.3519023929033,,2
NEAR,-1,SQUEEZE_V2,2023-07-22 02:00:00+00:00,2023-07-23 18:00:00+00:00,1.4695060354232787,1.471460141290449,130.65881794163752,192.0039215465077,1.4707247789009987,0.8770104841061833,SL,-0.2553211627372997,0.19213158212787637,0.0,-0.3514507840919222,6.773792232442409,-0.05188390373248878,40,895.0004516088114,,2
APT,1,SQUEEZE_V2,2023-07-22 21:00:00+00:00,2023-07-23 22:00:00+00:00,7.736346821880341,7.508487514320115,30.223007295975687,233.81566644188786,7.512243636138184,10.297526087504997,SL,-6.886593514848672,0.23037236968446353,0.0,-7.000058051312191,6.77307221773661,-1.0335129799710645,25,888.0003935574993,,2
DOGE,1,SQUEEZE_V2,2023-07-24 08:00:00+00:00,2023-07-24 09:00:00+00:00,0.0766453222990036,0.07298723678490265,1838.9804030332386,140.9492456920341,0.07302374865923227,0.1180347353249617,SL,-6.727147573051413,0.1375856719055084,0.0,-6.794258622110904,6.6600029516812445,-1.0201585001393683,1,881.1356603125423,,2
SUI,-1,SQUEEZE_V2,2023-07-20 15:00:00+00:00,2023-07-25 00:00:00+00:00,0.6921615400000001,0.6499642006197319,170.24483267372247,117.83692556048608,0.6496393809292673,0.23937392141465486,SL,7.1838789820700315,0.11424498606945106,0.0,7.128552458780823,6.744915831744602,1.0568778968642805,105,888.2642127713232,,2
SOL,-1,SQUEEZE_V2,2023-07-23 00:00:00+00:00,2023-07-26 03:00:00+00:00,24.516095708465578,23.67148697289702,6.53885829355477,160.30727574888266,23.65965714432486,12.68296869110901,SL,5.522776835381262,0.157545887331192,0.0,5.445384585924511,6.770324814411289,0.8043018223192904,75,893.7095973572477,,2
DOGE,1,SQUEEZE_V2,2023-07-29 19:00:00+00:00,2023-07-30 14:00:00+00:00,0.08130625718683004,0.07848088422351361,2405.259660280892,195.56266053990566,0.07852014429566144,0.11314754737161412,SL,-6.795755613913301,0.192164782732949,0.0,-6.890139066376298,6.7013249461164115,-1.0281756401574451,19,886.2540487554298,,2
AVAX,-1,SQUEEZE_V2,2023-07-27 19:00:00+00:00,2023-07-30 17:00:00+00:00,13.057388419532776,13.414080608807812,19.149950960721515,250.04834790914566,13.40737692034764,9.057519838791489,SL,-6.830637932689325,0.2534636668754903,0.0,-6.959077425610243,6.702262627421071,-1.038317626817317,70,879.2949713298196,,2
ETH,1,SQUEEZE_V2,2023-07-29 21:00:00+00:00,2023-07-30 19:00:00+00:00,1883.9466602783202,1867.7787161650442,0.2845342377219742,536.047326891151,1868.7130727013948,2058.044804014611,SL,-4.600333653802469,0.5337471600642497,0.0,-4.866057150421144,4.334477228971406,-1.1226399155812117,22,874.2904335993093,,2
XRP,1,SQUEEZE_V2,2023-07-26 21:00:00+00:00,2023-07-30 20:00:00+00:00,0.7255150638699531,0.6925662051753949,205.5928856218508,149.16073554314505,0.6929126615061479,1.098113948027727,SL,-6.7740509369608315,0.14577371007466464,0.0,-6.845244279263923,6.702821980179357,-1.02124811005062,95,867.4451893200453,,2
LINK,-1,SQUEEZE_V2,2023-07-30 17:00:00+00:00,2023-07-31 00:00:00+00:00,7.643470980930329,7.59079239497466,36.234998584977525,276.96116017832725,7.5869988955268965,5.563489103107233,SL,1.9088084875622868,0.2760067559345461,0.0,1.7712823117169043,6.594712284973648,0.2685912948397843,7,868.4881260686599,,2
BTC,-1,SQUEEZE_V2,2023-07-30 20:00:00+00:00,2023-07-31 00:00:00+00:00,29196.75948,29454.00930335476,0.017826194511365245,520.4671135920272,29439.2896585255,26424.986011137134,SL,-4.585785389136292,0.5227600062865954,0.0,-4.8483118386268735,4.323390137271695,-1.121414372677094,4,863.639814230033,,2
NEAR,-1,SQUEEZE_V2,2023-07-30 20:00:00+00:00,2023-07-31 00:00:00+00:00,1.381023712539673,1.418492890246959,158.28755666020115,218.59886914770482,1.417783998247835,0.9609061615892481,SL,-5.930904589353174,0.22156432144238142,0.0,-6.043169476221704,5.818695806875898,-1.0385780038682462,4,857.5966447538113,,2
ETH,-1,SQUEEZE_V2,2023-07-30 20:00:00+00:00,2023-08-01 08:00:00+00:00,1862.1775388183594,1837.8599894487456,0.2794099717195127,520.3109734579496,1836.941518689401,1636.748043936593,SL,6.79456578165163,0.5169136905671237,0.0,6.537807577813481,5.511384269095086,1.1862369340628327,36,864.1344523316249,,2
SOL,-1,SQUEEZE_V2,2023-07-30 20:00:00+00:00,2023-08-01 18:00:00+00:00,24.240151839065554,23.60023209273795,8.139972526452254,197.3141700070247,23.588437873801052,15.111393752692981,SL,5.208929154240986,0.1947097054299042,0.0,5.112876533814593,6.501936002073902,0.7863621746174917,46,869.2473288654395,,2
SOL,-1,SQUEEZE_V2,2023-08-03 08:00:00+00:00,2023-08-04 13:00:00+00:00,22.710457152557375,23.540479420539857,7.967359536918737,180.94237738221236,23.528715063008352,13.358938175974782,SL,-6.613085832665148,0.18424892029854495,0.0,-6.706863564272587,6.519354966490796,-1.028761832841681,29,862.4499941124758,,2
XRP,-1,SQUEEZE_V2,2023-08-04 21:00:00+00:00,2023-08-05 11:00:00+00:00,0.6351829322218895,0.6314115053775177,239.18351761527032,151.92528805801336,0.6310959573988183,0.32626374800590036,SL,0.9020631390655098,0.15147425648848062,0.0,0.8265515266060359,6.465232999716745,0.12784558988705416,14,862.6915866505115,,2
SUI,-1,SQUEEZE_V2,2023-08-04 21:00:00+00:00,2023-08-06 05:00:00+00:00,0.58328332,0.6045179134486883,308.83400185354566,180.13772193002228,0.6042158055459154,0.34405491376096786,SL,-6.557964472491483,0.18341670416626804,0.0,-6.65131231569274,6.464663279886528,-1.028872197626585,32,855.942378124525,,2
SOL,-1,SQUEEZE_V2,2023-08-05 17:00:00+00:00,2023-08-06 08:00:00+00:00,22.421515394973756,23.1740415235425,8.732345568014663,195.7924205874716,23.162460293395803,13.95357369872181,SL,-6.571318203622494,0.19907807968928287,0.0,-6.672500073018041,6.470186899878835,-1.0312685207197019,15,849.269878051507,,2
AVAX,1,SQUEEZE_V2,2023-08-07 02:00:00+00:00,2023-08-07 15:00:00+00:00,12.722544267082213,12.458992031644753,24.75335541171623,314.9256599843788,12.465224643966735,15.663339959830527,SL,-6.5238021533357715,0.3116637589077109,0.0,-6.678003082251293,6.369524085386303,-1.0484304624222613,13,842.3240115249959,,2
XRP,-1,SQUEEZE_V2,2023-08-07 07:00:00+00:00,2023-08-07 18:00:00+00:00,0.6170465422391892,0.6169079166744009,357.8356143673132,220.80122853538654,0.616599616865968,0.4136540870456845,SL,0.04960516414302818,0.22077642595331504,0.0,-0.06077064754259358,6.368343114161362,-0.009542615159578502,11,842.2632408774533,,2
NEAR,-1,SQUEEZE_V2,2023-08-04 19:00:00+00:00,2023-08-07 22:00:00+00:00,1.3429313283443451,1.3379239644605476,191.95750396825656,257.7857457897557,1.3372553367921516,0.9578237723414007,SL,0.9612010725945674,0.25730514525345843,0.0,0.8327888002359869,6.468374955843569,0.12874776213825398,75,843.0960296776893,,2
LINK,-1,SQUEEZE_V2,2023-08-04 21:00:00+00:00,2023-08-07 22:00:00+00:00,7.050589645767212,7.29959822053107,26.352763111186277,185.8025187290861,7.295950245408367,4.246468507011156,SL,-6.562063983406084,0.18908355072078914,0.0,-6.65824627476233,6.4659297591619795,-1.0297430567240304,73,836.437783402927,,2
ETH,-1,SQUEEZE_V2,2023-08-04 21:00:00+00:00,2023-08-08 16:00:00+00:00,1822.4154732910156,1853.2358718304822,0.2163429297062814,394.2667026338378,1852.3097169719963,1480.7669740798078,SL,-6.667775314743406,0.3976005902912095,0.0,-6.868242553717697,6.467408259296857,-1.0619775771607805,91,829.5695408492094,,2
SOL,1,SQUEEZE_V2,2023-08-08 16:00:00+00:00,2023-08-08 22:00:00+00:00,23.73174468269348,24.129174109432828,8.158939272927915,193.62586370672608,24.141244731798725,32.44684333285181,SL,3.242602558040884,0.1952471649857465,0.0,3.1441683249085006,6.22177155636907,0.5053493681698896,6,832.6168962422645,,2
LINK,1,SQUEEZE_V2,2023-08-08 22:00:00+00:00,2023-08-08 23:00:00+00:00,7.499499744987488,7.458000183105469,23.863070311788558,178.96108971787677,7.237813941768273,10.490194638921373,EOD,-0.9903069630990418,0.17846593623632726,0.0,-1.0792923544764306,6.244626721816983,-0.17283536751775477,1,831.4481233429291,,2
ETH,1,SQUEEZE_V2,2023-08-13 20:00:00+00:00,2023-08-13 21:00:00+00:00,1859.0817029296875,1850.9839251786163,0.32273998450658337,600.0,1851.9098801186756,1973.8308679058782,SL,-2.6134766659184536,0.5986932616670407,0.0,-2.912169927585494,2.3146339829099443,-1.2581556950634292,1,996.2195612438004,,3
LINK,1,SQUEEZE_V2,2023-08-13 20:00:00+00:00,2023-08-13 22:00:00+00:00,7.541507961845398,7.432469356940217,71.18983677544645,536.8787208445037,7.43618745066555,9.226636140722974,SL,-7.762440485422232,0.5329975006017926,0.0,-8.026998625601772,7.49775,-1.070587659711483,2,988.1925626181986,,3
AVAX,1,SQUEEZE_V2,2023-08-13 20:00:00+00:00,2023-08-13 22:00:00+00:00,12.40247961845398,12.298412609944462,48.34992314694057,599.6589363837467,12.304564892390657,13.969115235467141,SL,-5.031631863567168,0.597143120451963,0.0,-5.328945515827257,4.734169480115388,-1.1256347154891828,2,982.8636171023713,,3
BTC,-1,SQUEEZE_V2,2023-08-13 23:00:00+00:00,2023-08-14 03:00:00+00:00,29316.73548,29433.20357404551,0.020109375930090573,589.5412548103443,29418.49432688207,27688.59392988683,SL,-2.3421006870223233,0.5907123051538554,0.0,-2.6380423647710067,2.0463069061641157,-1.2891723899403353,4,979.2435075919376,,3
LINK,-1,SQUEEZE_V2,2023-08-13 23:00:00+00:00,2023-08-14 05:00:00+00:00,7.334532765674592,7.468881890370341,56.40215503538029,413.6834541616549,7.465149315712485,5.244667965068302,SL,-7.5775801599572805,0.41747224424163354,0.0,-7.788210677118086,7.367054905423765,-1.057167453901322,6,971.4552969148195,,3
AVAX,-1,SQUEEZE_V2,2023-08-13 23:00:00+00:00,2023-08-14 05:00:00+00:00,12.237551771163941,12.368348130636676,30.33216275879193,371.19141209208715,12.36216704711312,10.243707355977083,SL,-3.967336463784436,0.3731750803239794,0.0,-4.154915838062372,3.779850832322253,-1.0992274622408018,6,967.3003810767572,,3
DOGE,-1,SQUEEZE_V2,2023-08-13 22:00:00+00:00,2023-08-14 20:00:00+00:00,0.07519495559483767,0.07573211705671495,7842.52302027968,589.7181702614228,0.07569426992175408,0.06111256807353292,SL,-4.21270113037966,0.5918245208266126,0.0,-4.509666566075561,6.9025905197707385,-0.6533295801277437,22,962.7907145106816,,3
AVAX,-1,SQUEEZE_V2,2023-08-15 16:00:00+00:00,2023-08-17 09:00:00+00:00,12.22755354232788,11.503811736873327,47.24366380459384,577.6744287064089,11.498062705520567,10.111442638872491,SL,34.19221453822467,0.5605783214372966,0.0,33.92047343114058,6.24830200600512,5.428750626736717,41,996.1336001642801,,3
ETH,-1,SQUEEZE_V2,2023-08-15 20:00:00+00:00,2023-08-17 21:00:00+00:00,1827.6544155273439,1607.0064103107036,0.31597938946853216,577.501126377797,1743.1528566415595,1607.0064103107036,TP,69.7202219758035,0.5426410153898953,0.0,69.4663315236025,4.3575138734877275,15.941735021488773,49,1065.5999316878826,,3
APT,-1,SQUEEZE_V2,2023-08-17 22:00:00+00:00,2023-08-19 04:00:00+00:00,5.516096553134918,5.943225103996353,18.84087306334859,103.92807496278968,5.940254976508099,-1.2704382208359615,SL,-8.047474808512318,0.10795181236704585,0.0,-8.103462583397969,7.991515013524159,-1.0140083037677285,30,1057.2793905778683,,3
SUI,1,SQUEEZE_V2,2023-08-18 23:00:00+00:00,2023-08-21 02:00:00+00:00,0.4840968,0.5336961124820371,415.28032330318615,201.03587561403785,0.5339630940290516,0.7919804086306524,SL,20.597618523156115,0.2113346848756159,0.0,20.486801776087518,7.99112528324305,2.563694229528251,51,1077.2271938204667,,3
NEAR,1,SQUEEZE_V2,2023-08-19 14:00:00+00:00,2023-08-21 10:00:00+00:00,1.1657331448316575,1.1369398889816837,280.9162721259887,327.4734093398145,1.1375086433033355,1.617325169284811,SL,-8.088494095744434,0.3234291622919423,0.0,-8.248186553366468,7.92872175195049,-1.0402920939100162,44,1068.8926577191512,,3
BTC,-1,SQUEEZE_V2,2023-08-21 11:00:00+00:00,2023-08-21 14:00:00+00:00,25942.11054,26181.587467110112,0.02472179715843161,641.3355946314907,26168.503215502362,22319.82773196222,SL,-5.9203000161406605,0.6442957446395611,0.0,-6.243927963464476,5.596833801923982,-1.115617898340674,3,1062.3280619583709,,3
ETH,1,SQUEEZE_V2,2023-08-19 16:00:00+00:00,2023-08-21 15:00:00+00:00,1683.726692651367,1657.107148302587,0.3073794721506407,517.5430220331212,1657.936116360767,2096.3759133009676,SL,-8.182301490818631,0.513451871287712,0.0,-8.436981851089783,7.927493726665467,-1.064268499224486,47,1053.8910801072811,,3
SUI,-1,SQUEEZE_V2,2023-08-21 03:00:00+00:00,2023-08-22 09:00:00+00:00,0.5327934200000001,0.5528415092047345,324.1389428166029,172.6990958984423,0.5525652265914388,0.13399140585387798,SL,-6.498366440315571,0.1759482791186001,0.0,-6.58796517148495,8.0792039536535,-0.8154225601033136,30,1046.856794656284,,3
LINK,-1,SQUEEZE_V2,2023-08-21 16:00:00+00:00,2023-08-22 12:00:00+00:00,6.102779291534424,6.254347386785483,53.23310233348225,324.8698745449083,6.251221775897535,3.727699541724658,SL,-8.068439924990596,0.32890409450740365,0.0,-8.234909082225546,7.902053960737811,-1.0421226080132533,20,1038.5304833006535,,3
APT,1,SQUEEZE_V2,2023-08-19 05:00:00+00:00,2023-08-22 17:00:00+00:00,5.936486933326721,5.73156884728742,39.24554003437076,232.98063560539276,5.73443606532008,9.16930082143299,SL,-8.042120949422026,0.22895957513068174,0.0,-8.154590206750012,7.929595429334012,-1.0283740550726805,84,1030.1708601774594,,3
SUI,1,SQUEEZE_V2,2023-08-22 09:00:00+00:00,2023-08-22 17:00:00+00:00,0.5466093,0.5228709519930609,334.4336563785427,182.80454680951576,0.523132518252187,0.9222378079650068,SL,-7.938902520346929,0.1788350955493423,0.0,-8.026335342491514,7.851425959922129,-1.0222774032974666,8,1022.1445248349679,,3
NEAR,-1,SQUEEZE_V2,2023-08-22 14:00:00+00:00,2023-08-22 20:00:00+00:00,1.1179763045072555,1.1397812653468726,366.7929554810261,410.06583288797185,1.1392116595171142,0.7782106243495159,SL,-7.997906030511207,0.4140647859032275,0.0,-8.206937899970448,7.7889786247549,-1.05366034435981,6,1013.7704230783214,,3
DOGE,-1,SQUEEZE_V2,2023-08-22 18:00:00+00:00,2023-08-22 22:00:00+00:00,0.06116776326224208,0.06260161599425208,5465.750184762872,334.32771335213124,0.06257033082883767,0.03872668219671275,SL,-7.837080834906409,0.33824625376958445,0.0,-8.008163231999928,7.666083936262259,-1.0446224302501514,4,1005.7622598463215,,3
ETH,-1,SQUEEZE_V2,2023-08-21 16:00:00+00:00,2023-08-23 06:00:00+00:00,1657.2684555908204,1646.451591338893,0.3425942746716763,567.7706844793863,1645.628776950418,1288.1235545732175,SL,3.7057957626110616,0.5659177865980808,0.0,3.423763318252674,7.904183100804608,0.4331584016448394,38,1009.1860231645742,,3
XRP,1,SQUEEZE_V2,2023-08-23 17:00:00+00:00,2023-08-24 14:00:00+00:00,0.5295858764648438,0.5170345102114278,615.7217746626369,326.0775556932016,0.5172931567898227,0.726269391265181,SL,-7.728149503994043,0.3222134809412046,0.0,-7.887324207088647,7.568895173734306,-1.0420707416399897,21,1001.1356601796389,,3
XRP,-1,SQUEEZE_V2,2023-08-24 14:00:00+00:00,2023-08-25 14:00:00+00:00,0.5221355350852013,0.5263209565058196,795.5835003143756,415.40241664160385,0.5260579275420486,0.3711315497410039,SL,-3.3298522241062614,0.417067342753657,0.0,-3.5392183585391166,7.508517451347291,-0.4713604758159091,24,996.7596424544646,,3
DOGE,-1,SQUEEZE_V2,2023-08-24 15:00:00+00:00,2023-08-27 07:00:00+00:00,0.06264746921807528,0.06378794170930172,6768.779663733452,424.0469156276754,0.06375606367746299,0.04490995786787186,SL,-7.719607005660942,0.4279067191305058,0.0,-7.93549026697761,7.503831632031131,-1.0575250959928106,64,988.5377674282305,,3
AVAX,-1,SQUEEZE_V2,2023-08-24 14:00:00+00:00,2023-08-27 10:00:00+00:00,10.205958583068847,10.237870021094405,41.866362464412106,427.2863613355382,10.23275364427227,7.337035944311863,SL,-1.3360158311386376,0.4279543692511075,0.0,-1.550327019721976,7.506959692284884,-0.20651862848221914,68,986.7669586521653,,3
BTC,-1,SQUEEZE_V2,2023-08-25 15:00:00+00:00,2023-08-27 14:00:00+00:00,25830.63284,26180.8540664004,0.02217404126569343,572.7695185131358,26167.770181309745,20436.435379044084,SL,-7.765819926324255,0.5766524284762979,0.0,-8.056087595543985,7.475697318408484,-1.0776369417346958,47,978.7108710566213,,3
BTC,1,SQUEEZE_V2,2023-08-27 15:00:00+00:00,2023-08-27 17:00:00+00:00,26150.629080000002,26036.5453049452,0.022455540967581678,587.2265226339728,26049.570089990193,27767.572920156952,SL,-2.561812884479471,0.5859456161917331,0.0,-2.8541452393542177,2.269334290307701,-1.2577015433751815,2,975.3668183869756,,3
LINK,1,SQUEEZE_V2,2023-08-27 17:00:00+00:00,2023-08-27 18:00:00+00:00,6.042208089351654,5.969048378209488,96.1776945155942,581.1256438173154,5.972034395407191,7.1649871924630535,SL,-7.036332349080356,0.5776074776427753,0.0,-7.323377004814474,6.749144099221305,-1.08508233001862,1,967.7528785602525,,3
DOGE,1,SQUEEZE_V2,2023-08-27 08:00:00+00:00,2023-08-28 00:00:00+00:00,0.06333266745060682,0.06267548036325965,6962.654984181048,440.96351268644844,0.06270683378014973,0.07334600617792043,SL,-4.575766949257232,0.43867562921181985,0.0,-4.793960822125827,4.357463924876439,-1.1001722343029532,16,962.7685673698804,,3
ETH,1,SQUEEZE_V2,2023-08-27 15:00:00+00:00,2023-08-28 01:00:00+00:00,1657.9114720458983,1647.922627869275,0.23679692466593916,392.5883379488489,1648.74700136996,1804.5430028609153,SL,-2.3653275819916937,0.39140567415785305,0.0,-2.5604390871751224,2.170118472253405,-1.1798614314896905,10,960.2081282827053,,3
NEAR,-1,SQUEEZE_V2,2023-08-27 18:00:00+00:00,2023-08-28 15:00:00+00:00,1.1774645027160644,1.2005130892562792,323.32247436259206,380.7007364922769,1.1999131326899344,0.8182864231341441,SL,-7.452126030742584,0.38442679950764824,0.0,-7.646202462004094,7.2581465892018935,-1.0534648712357946,21,952.0603340513579,,3
LINK,-1,SQUEEZE_V2,2023-08-28 01:00:00+00:00,2023-08-28 15:00:00+00:00,5.9548086512565614,6.047953850956205,79.90837208245368,475.83906538442346,6.044931385263573,4.5128449071443715,SL,-7.44308127529355,0.4795606060220703,0.0,-7.684722348623408,7.201560962120289,-1.0670912027329233,14,944.3756117027345,,3
DOGE,-1,SQUEEZE_V2,2023-08-28 01:00:00+00:00,2023-08-28 15:00:00+00:00,0.062677459256351,0.06343999147547696,8413.62237012746,527.3444733019871,0.06340828733181106,0.05098421004899003,SL,-6.415658136781142,0.5305523023703778,0.0,-6.682538202500526,6.14891144440794,-1.0867839393878225,14,937.693073500234,,3
APT,-1,SQUEEZE_V2,2023-08-24 14:00:00+00:00,2023-08-29 14:00:00+00:00,5.933113085842133,5.795001441007983,68.57496794328272,406.8630396654955,5.792105388313827,4.181953420784769,SL,9.471001617095881,0.4021275388569475,0.0,9.272305598071682,7.505357368429876,1.2354249295408903,120,946.6789029042118,,3
SUI,-1,SQUEEZE_V2,2023-08-29 04:00:00+00:00,2023-08-29 14:00:00+00:00,0.52269544,0.5450438740259698,318.56689029985864,166.51346089471636,0.5447714882818289,0.1694786674907386,SL,-7.119471130724735,0.17007319646007873,0.0,-7.206287596737456,7.032698051251755,-1.0246832075286958,10,939.4726153074744,,3
NEAR,-1,SQUEEZE_V2,2023-08-29 09:00:00+00:00,2023-08-29 14:00:00+00:00,1.1715656573534012,1.192431621715901,346.91946178353396,406.43892729311415,1.191835703863969,0.8472449131843149,SL,-7.23880912623282,0.41005833185623053,0.0,-7.445647994442493,7.0320736257734,-1.0588125765852754,5,932.0269673130318,,3
NEAR,-1,SQUEEZE_V2,2023-08-31 10:00:00+00:00,2023-08-31 11:00:00+00:00,1.1859627826929093,1.2043441720822448,393.1061806847231,466.2092999386358,1.203742300931779,0.901490490870995,SL,-7.225837778520343,0.469822218827896,0.0,-7.46255534737892,6.9892385092963965,-1.067720802123574,1,924.202807908838,,3
AVAX,1,SQUEEZE_V2,2023-08-31 12:00:00+00:00,2023-08-31 14:00:00+00:00,10.463092642593384,10.279406727812942,38.80155117432093,405.984224613248,10.2845490023141,13.319790887061954,SL,-7.127298422355279,0.4024205754020703,0.0,-7.326726885450726,6.927770195146226,-1.0575880375743438,2,916.172973688406,,3
ETH,1,SQUEEZE_V2,2023-08-31 12:00:00+00:00,2023-08-31 15:00:00+00:00,1713.852711767578,1695.4768524690874,0.32355270726467394,554.5216847453028,1696.3250149765756,1994.2958604236185,SL,-5.945559024341397,0.551548905233132,0.0,-6.219847087201877,5.6711337488431734,-1.0967554924040777,3,909.9531266012042,,3
LINK,1,SQUEEZE_V2,2023-08-31 12:00:00+00:00,2023-08-31 15:00:00+00:00,6.033206464862824,5.936438398355256,73.87593366805454,445.7087606038838,5.9394081024064596,7.533980264164654,SL,-7.148831262498941,0.4421343449726343,0.0,-7.368111227169633,6.929441602998491,-1.0633051909956672,3,902.5850153740346,,3
ETH,-1,SQUEEZE_V2,2023-08-31 16:00:00+00:00,2023-09-03 20:00:00+00:00,1688.8121944091797,1647.6156295598933,0.3000562326557084,506.7386247174383,1646.7922334431717,1327.9919075532105,SL,12.361286047033477,0.5005579816939216,0.0,12.114097377698275,6.7666484962346685,1.790265503585596,76,914.0805275632955,,3
LINK,1,SQUEEZE_V2,2023-09-04 03:00:00+00:00,2023-09-04 15:00:00+00:00,6.087217165660858,5.991781825448583,74.16438715780701,451.4547305877206,5.994779215056111,7.566224375336819,SL,-7.077903520040221,0.44791577882770045,0.0,-7.300091933574061,6.855603956724716,-1.064835713914504,12,906.5547082644275,,3
DOGE,-1,SQUEEZE_V2,2023-09-04 22:00:00+00:00,2023-09-04 23:00:00+00:00,0.06228754033967853,0.06326870806817707,7160.408779696866,446.0042507139569,0.06323708952341536,0.047094753399889215,SL,-7.025562017496158,0.44951703172270496,0.0,-7.2520769238618845,6.799160311983206,-1.0666136097836132,1,899.0796292152087,,3
SUI,-1,SQUEEZE_V2,2023-08-31 15:00:00+00:00,2023-09-06 17:00:00+00:00,0.50909816,0.4965543339841309,505.4677786285906,257.3327160391028,0.4963061808936841,0.2948209965005859,SL,6.34049987174486,0.2541624661032304,0.0,6.215003763661181,6.769387615305259,0.9181042831126048,146,905.0632376975493,,3
SUI,1,SQUEEZE_V2,2023-09-06 18:00:00+00:00,2023-09-06 19:00:00+00:00,0.49469892,0.47938857000508833,450.4135998578475,222.8191214029893,0.4796283841971869,0.7358274928450098,SL,-6.895989856291735,0.21937112647484344,0.0,-7.003951422065084,6.78797428273162,-1.031817613081255,1,897.9478767147828,,3
BTC,-1,SQUEEZE_V2,2023-08-31 16:00:00+00:00,2023-09-07 21:00:00+00:00,26914.016120000004,26189.373012102085,0.01757816574118168,473.0990361181955,26176.28486966725,20753.261722957766,SL,12.73789665383461,0.4667300877912782,0.0,12.50771608410243,6.7684226176201125,1.8479514047396093,173,910.4555927988852,,3
SUI,1,SQUEEZE_V2,2023-09-08 01:00:00+00:00,2023-09-08 10:00:00+00:00,0.4910982,0.4792377145260387,587.6056930298059,288.57209815669023,0.479477453252665,0.6770301479573595,SL,-6.96928878659697,0.28508745376339173,0.0,-7.110090191282017,6.828416945991638,-1.0412501532226623,9,903.2012165585248,,3
NEAR,1,SQUEEZE_V2,2023-09-09 07:00:00+00:00,2023-09-10 00:00:00+00:00,1.165132925248146,1.1551644344613965,423.9987099038547,494.0148571717183,1.1557423056142035,1.4207566888478038,SL,-4.226627233270224,0.4919015435550832,0.0,-4.471521348239448,6.774009124188936,-0.6600996937356253,17,898.2512322406494,,3
AVAX,-1,SQUEEZE_V2,2023-09-10 00:00:00+00:00,2023-09-10 06:00:00+00:00,9.832032833862305,9.520573978381519,49.288780009369745,484.60890339313937,9.515816070346347,8.695885849511967,SL,15.351427009762578,0.47693318988825806,0.0,15.11679827157089,3.499956173122069,4.319139304560559,6,913.1257260605238,,3
XRP,-1,SQUEEZE_V2,2023-09-05 14:00:00+00:00,2023-09-12 03:00:00+00:00,0.501089768731594,0.4825932204021853,923.5681738476953,462.7905626412023,0.4823520443799953,0.3842715862076722,SL,17.082823363077708,0.45424915095966345,0.0,16.859969493438644,6.743097219114065,2.500330181455366,157,929.9856955539624,,3
LINK,-1,SQUEEZE_V2,2023-09-09 14:00:00+00:00,2023-09-12 03:00:00+00:00,6.193761171627044,5.903013609943488,74.73828410120811,462.9110821000936,5.900063578154412,5.028752062750156,SL,21.729973866839153,0.45204609516667404,0.0,21.509383312722527,5.441923859983507,3.952532939846703,61,951.4950788666849,,3
APT,-1,SQUEEZE_V2,2023-08-30 15:00:00+00:00,2023-09-12 10:00:00+00:00,5.779544066715241,5.207462004380174,44.4669701838754,256.9988136910206,5.204859574592878,3.264346030620564,SL,25.438756008583365,0.24427943568672889,0.0,25.322975979742147,6.9902022548477385,3.622638524111451,307,976.8180548464271,,3
DOGE,-1,SQUEEZE_V2,2023-09-13 04:00:00+00:00,2023-09-14 00:00:00+00:00,0.060717853095382454,0.06184682916838605,6671.840597700021,405.0998372869586,0.06181592120778216,0.04314876329698711,SL,-7.532348397697315,0.40886601148580726,0.0,-7.738664490539643,7.326135411348203,-1.0563092348187328,20,968.8768404372439,,3
XRP,1,SQUEEZE_V2,2023-09-14 15:00:00+00:00,2023-09-15 14:00:00+00:00,0.4887277227759361,0.48949371908088035,965.3438692882522,471.79031093295845,0.48973858837506784,0.6090956838628441,SL,0.7394498368753646,0.47216003585139615,0.0,0.5031849564904477,7.26227958087333,0.0692874669567509,23,968.5712339174681,,3
BTC,-1,SQUEEZE_V2,2023-09-15 15:00:00+00:00,2023-09-15 22:00:00+00:00,26233.852179999998,26587.82272003914,0.02132269132282861,559.3763322428543,26574.535452312986,20782.9198229922,SL,-7.547604562629593,0.5631501345241692,0.0,-7.831066531032335,7.264284254381011,-1.078023141276376,7,960.4604792203144,,3
ETH,1,SQUEEZE_V2,2023-09-15 23:00:00+00:00,2023-09-17 00:00:00+00:00,1649.8799588378906,1627.8174816616054,0.3390153858526304,559.3346908559495,1628.6317975603854,1989.8505392779728,SL,-7.479519212783198,0.5555949312495578,0.0,-7.7554467986047815,7.203453594152357,-1.076628966541899,25,952.4253650762817,,3
LINK,1,SQUEEZE_V2,2023-09-14 01:00:00+00:00,2023-09-17 16:00:00+00:00,6.120223758029938,6.151014366033556,59.209274971575255,362.3740113767622,6.154091411739426,8.083855653679482,SL,1.8230895758282428,0.36328555616467634,0.0,1.6409910253519475,7.266576303279329,0.22582726126627,87,953.7806284921107,,3
DOGE,1,SQUEEZE_V2,2023-09-14 01:00:00+00:00,2023-09-17 20:00:00+00:00,0.061902376614511014,0.06092531070311699,7675.163079953819,475.1108355530916,0.0609557885974157,0.07704778488803604,SL,-7.499140209812826,0.4713612654481852,0.0,-7.732946057484466,7.265217400736667,-1.0643791687087538,91,945.8359352820964,,3
NEAR,1,SQUEEZE_V2,2023-09-14 01:00:00+00:00,2023-09-17 20:00:00+00:00,1.1068213661670685,1.0892189838590756,278.55244224055036,308.3077946698594,1.0897638657919715,1.5240317514965702,SL,-4.903186581143288,0.30585620137928776,0.0,-5.054888885187646,7.263435735103342,-0.6959363405334413,91,940.7810463969088,,3
LINK,-1,SQUEEZE_V2,2023-09-17 17:00:00+00:00,2023-09-18 02:00:00+00:00,6.146770163536072,6.241441021201549,68.89704573174305,423.4943050596585,6.238321860271413,4.681943015770612,SL,-6.522542410041714,0.4267555762646793,0.0,-6.737550833776564,6.307641436793484,-1.0681569174930188,9,933.6650482607852,,3
XRP,-1,SQUEEZE_V2,2023-09-17 21:00:00+00:00,2023-09-18 03:00:00+00:00,0.4910817666888237,0.4979323580594517,1068.7860434211489,524.8613384156156,0.4976835163013011,0.3854537728891854,SL,-7.321816446108555,0.5285222466386699,0.0,-7.587908023539416,7.055857847976815,-1.0754054555839956,6,926.0771402372458,,3
ETH,-1,SQUEEZE_V2,2023-09-17 01:00:00+00:00,2023-09-18 07:00:00+00:00,1624.794971118164,1639.557341690304,0.35170912589205056,571.455219045769,1638.737972703952,1401.7069457455586,SL,-5.192060450021835,0.5740512492707799,0.0,-5.48038408976973,4.903880900048936,-1.1175606017909288,30,920.3189330054049,,3
AVAX,-1,SQUEEZE_V2,2023-09-17 21:00:00+00:00,2023-09-18 07:00:00+00:00,9.043191076278687,9.200501116065853,25.658339442496725,232.03326627851584,9.195903164483612,6.599797664999883,SL,-4.036314398571778,0.23405142347780172,0.0,-4.154349188910322,3.9183385961344745,-1.0602323119826034,10,916.1645838164945,,3
SOL,-1,SQUEEZE_V2,2023-08-17 22:00:00+00:00,2023-09-18 12:00:00+00:00,21.246749250793457,19.884755015802472,6.080605608456473,129.19310265584306,19.874817606998974,0.21726632812029933,SL,8.281749783971561,0.1250522277638573,0.0,8.221294107535625,7.99199948765912,1.0286905198418208,758,924.3858779240302,,3
BTC,1,SQUEEZE_V2,2023-09-18 03:00:00+00:00,2023-09-18 17:00:00+00:00,26664.13176,26957.291109638205,0.020838716562895782,555.6462841423474,26970.776497887146,30258.118445447577,SL,6.109064594873413,0.5587008164397842,0.0,5.828186920504803,4.680879366803949,1.2451051317061013,14,930.214064844535,,3
SUI,1,SQUEEZE_V2,2023-09-18 23:00:00+00:00,2023-09-20 09:00:00+00:00,0.45279053999999996,0.43971816726783947,542.8249585624019,245.78600611294755,0.4399381363360074,0.6584289986238802,SL,-7.096010186647295,0.2422380010196239,0.0,-7.215355184610445,6.976605486334012,-1.0342214704191175,34,922.5765665432515,,3
SUI,1,SQUEEZE_V2,2023-09-21 01:00:00+00:00,2023-09-21 06:00:00+00:00,0.45449088000000004,0.4427038421372179,598.0808152680806,271.8222760423074,0.4429253047896127,0.6395400833661982,SL,-7.049601214568467,0.2682974754350232,0.0,-7.181987551982337,6.917148650872781,-1.0382872935766878,5,914.968588093034,,3
SOL,1,SQUEEZE_V2,2023-09-19 09:00:00+00:00,2023-09-21 09:00:00+00:00,20.174034076309205,19.613262817030634,12.660968686067427,255.42281371180806,19.623074354207738,28.98938962993269,SL,-7.099907353772585,0.2518728600349218,0.0,-7.224068806951603,6.9756837888110885,-1.035607264557909,48,907.588778688402,,3
APT,1,SQUEEZE_V2,2023-09-21 01:00:00+00:00,2023-09-21 09:00:00+00:00,5.204440815067291,5.080704111980294,57.08369284435597,297.0887009139309,5.083245734847718,7.143562098580467,SL,-7.063347952591393,0.2935570269376352,0.0,-7.208360629072063,6.918262733501209,-1.0419321882885533,8,900.3804180593299,,3
NEAR,1,SQUEEZE_V2,2023-09-21 01:00:00+00:00,2023-09-21 10:00:00+00:00,1.142228359937668,1.113750813444182,247.82331575935638,283.0708195141244,1.114307967427896,1.5889546400940198,SL,-7.057399996706904,0.279542119515771,0.0,-7.195406706465612,6.919324249074386,-1.0399002052011306,9,893.1850113528643,,3
LINK,-1,SQUEEZE_V2,2023-09-21 10:00:00+00:00,2023-09-22 18:00:00+00:00,6.727654291534424,6.902367460514739,39.114460301870395,263.1485667109312,6.898918001513983,3.987434931861495,SL,-6.833811312294495,0.2665654723670785,0.0,-6.968802501306108,6.698887585146482,-1.0402924982288269,32,885.7209877487444,,3
SUI,-1,SQUEEZE_V2,2023-09-21 11:00:00+00:00,2023-09-23 00:00:00+00:00,0.43561286,0.44726366674377077,585.9773052150939,255.25924981983997,0.44704014667043557,0.2527762732730309,SL,-6.827108339296645,0.25867280398948833,0.0,-6.958151518376213,6.696130649062202,-1.0391301907095716,37,878.6079703976477,,3
SUI,1,SQUEEZE_V2,2023-09-23 00:00:00+00:00,2023-09-24 15:00:00+00:00,0.44488895999999994,0.43995743299011153,721.2839747142197,320.8912773752754,0.440177521750987,0.5775332111023377,SL,-3.5570314031028465,0.31911276167372404,0.0,-3.7156985260889326,5.979635791130336,-0.6213921141485693,39,874.7318262328712,,3
BTC,1,SQUEEZE_V2,2023-09-24 18:00:00+00:00,2023-09-24 19:00:00+00:00,26678.73468,26568.15678180599,0.011737400322829793,313.1389890457224,26581.447505558765,28235.329471059766,SL,-1.2978970579602476,0.31249004051674223,0.0,-1.4538176039541286,1.1418985126937717,-1.273158330440882,1,873.1214391343942,,3
LINK,1,SQUEEZE_V2,2023-09-22 18:00:00+00:00,2023-09-25 00:00:00+00:00,6.825364681720734,6.94103379241704,45.379504229342594,309.7316654409516,6.94450604543976,9.167534794304812,SL,5.249006898047352,0.3123561688899753,0.0,5.091516561877852,6.642907408115583,0.766459059124863,54,878.0579965888477,,3
NEAR,-1,SQUEEZE_V2,2023-09-24 20:00:00+00:00,2023-09-25 01:00:00+00:00,1.1001798910140992,1.115149442950424,281.69776359309657,309.91821484876846,1.1145921468769857,0.8695837972079131,SL,-4.216889302453426,0.3120266594999952,0.0,-4.373956854529037,4.059900244906628,-1.0773557453822689,5,873.5427005007699,,3
LINK,-1,SQUEEZE_V2,2023-09-25 00:00:00+00:00,2023-09-25 01:00:00+00:00,6.971605449581147,7.137586862085986,40.54711201626887,282.67846709739723,7.1340198521599065,4.3729750083209895,SL,-6.73006692545226,0.2860435005601234,0.0,-6.874771192463684,6.585434974416358,-1.0439357793633015,1,866.6679293083063,,3
AVAX,-1,SQUEEZE_V2,2023-09-20 04:00:00+00:00,2023-09-27 00:00:00+00:00,9.085182493209839,9.077998269572225,37.762302934216706,343.07741352123213,9.073461538802825,6.129970374749843,SL,0.2712928293507341,0.34294176710655677,0.0,0.0998897690047934,6.974725953259669,0.014321676532410493,164,866.6198410650301,,3
ETH,-1,SQUEEZE_V2,2023-09-21 11:00:00+00:00,2023-09-27 09:00:00+00:00,1591.43165,1614.8201708380961,0.2966099041055717,472.03438909707177,1614.0131642559681,1230.1274219045092,SL,-6.937266922958866,0.4755030225585512,0.0,-7.176752750968881,6.697900778021316,-1.0714928436263023,142,859.4430883140612,,3
LINK,-1,SQUEEZE_V2,2023-09-26 14:00:00+00:00,2023-09-27 09:00:00+00:00,7.3445309945106505,7.509590043219584,40.2961094157096,295.95602456187163,7.505837124657256,4.763632912164961,SL,-6.651237486828112,0.2992816433052857,0.0,-6.802541117852462,6.500009469812297,-1.0465432626591082,19,852.6405471962088,,3
XRP,-1,SQUEEZE_V2,2023-09-21 08:00:00+00:00,2023-09-29 12:00:00+00:00,0.5095780371308327,0.5147450444481785,611.2531794238078,311.4811953607647,0.5144878005479046,0.32995323636552304,SL,-3.1583496508336766,0.3130603701861815,0.0,-3.3156694233394757,6.862264410697754,-0.48317424466632275,196,848.8166985823271,,3
XRP,1,SQUEEZE_V2,2023-09-29 13:00:00+00:00,2023-09-29 14:00:00+00:00,0.5374274818181991,0.5242707752992268,493.7108738591305,265.33379168437506,0.5245330418201368,0.7437385217871951,SL,-6.49560907258992,0.26208598714808007,0.0,-6.625028163895813,6.366125239367453,-1.0406688393321781,1,842.0590035225893,,3
LINK,1,SQUEEZE_V2,2023-09-27 10:00:00+00:00,2023-10-01 17:00:00+00:00,7.5495094588279725,7.896460827500465,33.21125915324846,250.72871511703636,7.900411033016973,10.630297970682307,SL,11.522691818556392,0.25649006102631455,0.0,11.391566115088596,6.394804103971566,1.7813784331585283,103,853.1168698798372,,3
SOL,1,SQUEEZE_V2,2023-09-30 13:00:00+00:00,2023-10-01 17:00:00+00:00,20.525104108428955,22.463896233035463,14.97138503103606,307.28923640939,22.47513379993543,26.506143372674767,SL,29.02640339262447,0.32180243810570225,0.0,28.85824557272346,5.596527606923026,5.156455502341342,28,881.9751154525607,,3
LINK,-1,SQUEEZE_V2,2023-10-01 17:00:00+00:00,2023-10-01 23:00:00+00:00,7.938412057209015,8.144397475487922,32.76034482013322,260.0651163184705,8.140327311832007,4.7077679832411645,SL,-6.748153330736385,0.26343919298383867,0.0,-6.881559965560989,6.6148133658942045,-1.0403256426012142,6,874.9635229288405,,3
APT,1,SQUEEZE_V2,2023-09-28 01:00:00+00:00,2023-10-02 14:00:00+00:00,5.360171684932709,5.49446563790166,47.423259971933206,254.1968153087591,5.497214245024172,7.51737939273651,SL,6.368657044305149,0.2573811438309117,0.0,6.238374308128616,6.393863871289877,0.9756814398474372,109,880.890021904756,,3
NEAR,1,SQUEEZE_V2,2023-09-29 21:00:00+00:00,2023-10-02 14:00:00+00:00,1.1195238678216934,1.1329926159888541,321.6637801325359,360.1102792721234,1.1335593956866974,1.4336626881174566,SL,4.332408449102077,0.3622764834966744,0.0,4.150187105241464,6.315442526419419,0.6571490577073527,65,885.0402090099975,,3
DOGE,1,SQUEEZE_V2,2023-09-28 11:00:00+00:00,2023-10-02 15:00:00+00:00,0.061122223057597874,0.06269523715681889,8367.379736444702,511.43285065859754,0.06272660045704741,0.0716413303391857,SL,13.16200629896376,0.5180138538080794,0.0,12.899708870484979,5.501085319590344,2.3449388840683527,100,897.9399178804825,,3
ETH,1,SQUEEZE_V2,2023-10-01 23:00:00+00:00,2023-10-02 15:00:00+00:00,1735.1869338134766,1699.8004822202581,0.10795060095501668,187.31447227445756,1700.65080762407,2287.7649528439833,SL,-3.8199887151535394,0.1854044779168808,0.0,-3.9117359569331915,3.7281955768047284,-1.0492303518813162,16,894.0281819235494,,3
BTC,1,SQUEEZE_V2,2023-10-01 23:00:00+00:00,2023-10-02 18:00:00+00:00,28006.80024,27796.199753563058,0.01558322223215855,436.4361921515914,27810.10480596604,34744.53529807964,SL,-3.2818341823475667,0.4347952750604176,0.0,-3.4984113613321886,6.562226421966304,-0.5331134795382335,19,890.5297705622172,,3
XRP,-1,SQUEEZE_V2,2023-10-02 19:00:00+00:00,2023-10-03 22:00:00+00:00,0.5115976345419884,0.523710004022221,563.59574414977,288.334249544954,0.5234482798822799,0.32198730909732276,SL,-6.826479890628679,0.29174748949026835,0.0,-6.974060255346471,6.678973279216629,-1.04418148775173,27,883.2426700498818,,3
APT,-1,SQUEEZE_V2,2023-10-04 01:00:00+00:00,2023-10-04 08:00:00+00:00,5.155368923664093,5.3339156862669155,37.65604746753101,194.13081690212934,5.331250061236298,2.3412707225088174,SL,-6.723365367745876,0.1974924995860023,0.0,-6.823792458880813,6.622988465062292,-1.0303192425712058,7,876.1442708076404,,3
NEAR,-1,SQUEEZE_V2,2023-10-03 16:00:00+00:00,2023-10-05 08:00:00+00:00,1.0977804495811463,1.1116249698733476,307.6628524053506,337.7462644329636,1.1110694351557697,0.7504968188888008,SL,-4.2594446032824065,0.3398759867346048,0.0,-4.430447457800529,6.677892025780835,-0.6634499989961254,40,871.1882156403396,,3
BTC,1,SQUEEZE_V2,2023-10-04 10:00:00+00:00,2023-10-05 15:00:00+00:00,27634.72584,27373.98297446016,0.01902268057690216,525.6865624845842,27387.67681286659,32998.48750340809,SL,-4.960028243870523,0.5232065483626489,0.0,-5.22039151099088,6.377070300852829,-0.8186190938325925,29,865.9678241293487,,3
DOGE,1,SQUEEZE_V2,2023-10-04 23:00:00+00:00,2023-10-05 15:00:00+00:00,0.06145228644758463,0.060742655528856264,8551.81941788424,525.5288565158388,0.0607730420498812,0.07232019681083945,SL,-6.068635470312282,0.5224945387806826,0.0,-6.328365580835046,5.808775429769263,-1.0894491717484802,16,859.6394585485137,,3
ETH,-1,SQUEEZE_V2,2023-10-05 16:00:00+00:00,2023-10-06 15:00:00+00:00,1618.0162978271485,1642.7755203781842,0.2693303483125318,435.78089306913904,1641.954543106631,1235.004373355428,SL,-6.668410033617934,0.439115098085948,0.0,-6.889634685169312,6.447295939113853,-1.0686084135477512,23,852.164641904839,,3
DOGE,-1,SQUEEZE_V2,2023-10-05 16:00:00+00:00,2023-10-06 19:00:00+00:00,0.06079783770442009,0.061472725579238635,8480.354920404661,515.587242126643,0.06144200457695016,0.05049116774393902,SL,-5.723288709938877,0.5184488864816124,0.0,-5.9839439753571675,5.4627637070220665,-1.0954059696312974,27,845.9908474054588,,3
LINK,-1,SQUEEZE_V2,2023-10-05 16:00:00+00:00,2023-10-06 21:00:00+00:00,7.529493937301636,7.754983673823665,29.085059851103118,218.99578181493615,7.751108119763783,3.9836670179072784,SL,-6.558382482552679,0.2222749730562125,0.0,-6.671159564701423,6.445661760764843,-1.0349844301960116,29,839.3196878407574,,3
SOL,-1,SQUEEZE_V2,2023-10-04 01:00:00+00:00,2023-10-07 04:00:00+00:00,23.104377452468874,24.220960599790445,5.996953978639563,138.55588828757342,24.208856171704593,5.432717944697391,SL,-6.696097747811977,0.14190393716147942,0.0,-6.768723740829669,6.62350804964337,-1.0219242869636307,75,832.0808160713718,,3
SUI,-1,SQUEEZE_V2,2023-10-04 00:00:00+00:00,2023-10-07 06:00:00+00:00,0.4444111,0.4582362058510007,487.22199227610497,216.5268615316153,0.4580072022498758,0.22687346400198777,SL,-6.735895616152606,0.21989480933969163,0.0,-6.84752699472649,6.6243200253741135,-1.0336950763999013,78,825.1694702439187,,3
AVAX,1,SQUEEZE_V2,2023-10-07 04:00:00+00:00,2023-10-07 06:00:00+00:00,10.933185955810547,10.911518885133033,11.674334084238096,127.63766545323233,10.916977373819941,16.213384229103774,SL,-0.25294862171610205,0.12751119114237427,0.0,-0.31664098013186015,3.8526749170901384,-0.08218730802520287,2,824.8528292637868,,3
NEAR,1,SQUEEZE_V2,2023-10-07 06:00:00+00:00,2023-10-07 08:00:00+00:00,1.1073214299201966,1.0907963710481217,297.75324893101674,329.7085533696777,1.0913420420691562,1.362991635536841,SL,-4.9203899679366225,0.3272483583857094,0.0,-5.082784049637493,4.757914648576085,-1.068279787481819,2,819.6051909374645,,3
XRP,1,SQUEEZE_V2,2023-10-06 22:00:00+00:00,2023-10-07 18:00:00+00:00,0.5273254547595978,0.5194667096780329,828.3978917633831,436.83529499601804,0.5197265729645151,0.6489075634809215,SL,-6.510167857474237,0.43358021106728095,0.0,-6.725330421043509,6.29489765880568,-1.0683780397344051,20,812.7202538780625,,3
LINK,-1,SQUEEZE_V2,2023-10-07 17:00:00+00:00,2023-10-08 06:00:00+00:00,7.529493937301636,7.6715780982711905,42.395050633566264,319.21327671703307,7.667744226158112,5.317489315598026,SL,-6.02366519853205,0.3222251093162991,0.0,-6.186283669489832,5.861127996175455,-1.0554766375220863,13,806.3225524868776,,3
APT,1,SQUEEZE_V2,2023-10-06 16:00:00+00:00,2023-10-08 10:00:00+00:00,5.298459477710724,5.206669680673254,71.66253693988384,379.70104804592233,5.20927431783217,6.725422035767587,SL,-6.57788972090208,0.3764121031854713,0.0,-6.76445130006459,6.391234814286292,-1.0583950514451526,42,799.4047772611021,,3
DOGE,1,SQUEEZE_V2,2023-10-06 22:00:00+00:00,2023-10-08 10:00:00+00:00,0.06151230169907212,0.06093995694738171,8184.7166860860625,503.4607621159556,0.06097044216846594,0.07018205418877094,SL,-4.684479639354256,0.5011185222962785,0.0,-4.933867780592557,4.434966741667128,-1.112492622377116,36,794.4709094805096,,3
NEAR,-1,SQUEEZE_V2,2023-10-08 10:00:00+00:00,2023-10-08 16:00:00+00:00,1.0815836239814758,1.0955160619756932,440.72648209443474,476.6825456883057,1.0949685776868499,0.8674243646954891,SL,-6.140394384190275,0.4797527428804009,0.0,-6.381805854226523,5.899103559566383,-1.0818263808705915,6,787.682094418686,,3
XRP,-1,SQUEEZE_V2,2023-10-07 19:00:00+00:00,2023-10-09 21:00:00+00:00,0.5205858858942986,0.5066126985356005,370.4632829573694,192.85795634967235,0.5063595187762124,0.4430791740591937,SL,5.17655286228168,0.1902696799185315,0.0,5.082712160537985,1.7945869323539703,2.8322462784630673,50,792.6624098369927,,3
ETH,-1,SQUEEZE_V2,2023-10-08 06:00:00+00:00,2023-10-10 02:00:00+00:00,1629.0841521728516,1594.8258711097367,0.18823327881049054,306.647851421704,1594.028856681396,1409.0945754215538,SL,6.448548570921467,0.30342357713624324,0.0,6.298448919496076,2.588084958501795,2.4336329836490984,44,798.9608587564887,,3
NEAR,1,SQUEEZE_V2,2023-10-10 09:00:00+00:00,2023-10-10 20:00:00+00:00,1.0522104457855224,1.0316436665011557,298.85273913849755,314.45597387314297,1.0321597463743428,1.3730216363643963,SL,-6.14643832438989,0.311382754710948,0.0,-6.3005930921642666,5.992206440673666,-1.0514646240151784,11,792.3784516349632,,3
LINK,-1,SQUEEZE_V2,2023-10-10 16:00:00+00:00,2023-10-11 14:00:00+00:00,7.21955599451065,7.396837646151618,34.513491555251825,249.17208484921102,7.393141075613811,4.4421946968600805,SL,-6.118608786811633,0.25223138924261684,0.0,-6.246254133629644,5.991027230771641,-1.0426015260867258,22,785.9926794725797,,3
SUI,-1,SQUEEZE_V2,2023-10-08 10:00:00+00:00,2023-10-13 14:00:00+00:00,0.43791240000000003,0.41762765003019275,770.3272835063137,337.3358695057303,0.4174189405599128,0.3141884839118864,SL,15.625896340846422,0.3295229213353071,0.0,15.465041354263981,5.95674426155749,2.596223822142129,124,801.249392944758,,3
ETH,-1,SQUEEZE_V2,2023-10-12 10:00:00+00:00,2023-10-13 20:00:00+00:00,1541.4816810546874,1564.0725768842967,0.2702956313345837,416.6557641713721,1563.2909314185874,1192.533675232286,SL,-6.1062204506780535,0.4197088743967111,0.0,-6.317601442989079,5.894945096044347,-1.0716980972780128,34,794.7775580133941,,3
SOL,-1,SQUEEZE_V2,2023-10-07 18:00:00+00:00,2023-10-14 08:00:00+00:00,23.261347547531127,22.251868960711025,9.886679461307043,229.97748704050096,22.24074858641782,13.396920279806748,SL,9.980391210943557,0.22498729143502919,0.0,9.870392663028777,6.0954019040854694,1.6193177772926022,158,804.4095174090188,,3
SUI,1,SQUEEZE_V2,2023-10-13 15:00:00+00:00,2023-10-15 13:00:00+00:00,0.41398278,0.40571485443158983,745.1203085058243,308.46697674969874,0.40591781333825894,0.5430222465878574,SL,-6.160599250236972,0.3053866771245803,0.0,-6.311752438986703,6.009370447085685,-1.0503184143103812,46,797.9279369793871,,3
SOL,-1,SQUEEZE_V2,2023-10-15 13:00:00+00:00,2023-10-15 20:00:00+00:00,21.78864066772461,22.097920154651437,13.562287817622487,295.50381589043536,22.08687671629329,17.01686389062575,SL,-4.194537417788226,0.2976010845993295,0.0,-4.344386594442337,4.044763128278864,-1.0740768882283027,7,793.4357984769996,,3
NEAR,-1,SQUEEZE_V2,2023-10-11 03:00:00+00:00,2023-10-16 02:00:00+00:00,1.0261946900606156,1.0385591791466668,271.9133710302831,279.0360575077585,1.0380401590671333,0.6765045889967534,SL,-3.362069908455341,0.28071709246198623,0.0,-3.5032689721634482,5.942838387262224,-0.5894942355612923,119,789.7892697353933,,3
AVAX,-1,SQUEEZE_V2,2023-10-09 01:00:00+00:00,2023-10-16 05:00:00+00:00,9.930013760185242,9.436322756323374,20.623685868774523,204.79348446266894,9.431606952846952,5.34684410119844,SL,10.181728179887102,0.1997026203727254,0.0,10.084422301745711,5.907615708140145,1.7070207000516835,172,799.7378205371267,,3
APT,-1,SQUEEZE_V2,2023-10-15 04:00:00+00:00,2023-10-16 05:00:00+00:00,4.892221280670166,4.9721624865675835,69.42776334175686,339.65598128987494,4.969677647743712,3.6529194074934415,SL,-5.550139124300536,0.34243105085202524,0.0,-5.722742184507624,5.377622322494367,-1.0641770361168048,25,794.0150783526191,,3
DOGE,1,SQUEEZE_V2,2023-10-16 06:00:00+00:00,2023-10-16 13:00:00+00:00,0.06012202103063464,0.05941723271169671,1653.7802113686525,99.42860864795352,0.0594469561897916,0.0709230584841232,SL,-1.1655649750633263,0.09884582616042187,0.0,-1.2146964968997715,1.1164088751769436,-1.0880390902546793,7,792.5241578239531,,3
LINK,1,SQUEEZE_V2,2023-10-15 20:00:00+00:00,2023-10-17 12:00:00+00:00,7.454490668678283,7.405912279869904,38.43583037665289,286.51953888566027,7.409617088414111,9.235673291792004,SL,-1.867150712209959,0.2855859635295553,0.0,-2.009476906296684,4.278827073240041,-0.46963265210319777,40,790.5146809176565,,3
SOL,1,SQUEEZE_V2,2023-10-16 02:00:00+00:00,2023-10-17 13:00:00+00:00,22.134425160598756,23.737258146371406,12.27693956598759,271.74300002454606,23.749132712727768,28.177697531838056,SL,19.677883700702274,0.2815819418748972,0.0,19.53217325883965,4.637055605156721,4.212193021174588,35,810.0468541764961,,3
XRP,1,SQUEEZE_V2,2023-10-16 06:00:00+00:00,2023-10-17 13:00:00+00:00,0.4936687139332294,0.4869356612447649,917.6588309086771,453.0194548841575,0.4871792508702,0.5975001229417009,SL,-6.178645258542882,0.4499301322548861,0.0,-6.402065663355689,5.9551130876446425,-1.0750535832205035,31,803.6447885131405,,3
BTC,1,SQUEEZE_V2,2023-10-13 21:00:00+00:00,2023-10-18 14:00:00+00:00,26990.29698,28188.546743127506,0.017668072906400323,476.8665348080365,28202.648067161084,31660.091938568126,SL,21.170764175013716,0.48745191689554335,0.0,20.92174552552219,5.156642361620139,4.057241914087076,113,824.0326469015125,,3
DOGE,-1,SQUEEZE_V2,2023-10-17 13:00:00+00:00,2023-10-20 03:00:00+00:00,0.05943811052441597,0.05949337861353675,7727.955438296493,459.3350694692285,0.05946364679014168,0.04696126422899897,SL,-0.42710932988516703,0.4595486241341711,0.0,-0.6569904192847238,6.026282011341084,-0.10902085532145843,62,823.0856426729569,,3
LINK,-1,SQUEEZE_V2,2023-10-17 13:00:00+00:00,2023-10-20 08:00:00+00:00,7.382523024559021,7.5446226575226945,38.06837685756923,281.0406686585946,7.5408522314069915,4.849255714991505,SL,-6.170869916134756,0.284126103616662,0.0,-6.314475685422121,6.027335913848553,-1.0476395833379435,67,816.6680270263155,,3
NEAR,-1,SQUEEZE_V2,2023-10-17 13:00:00+00:00,2023-10-20 08:00:00+00:00,1.0189961273908614,1.005954279251133,321.2951721522173,327.39853617248957,1.0054515534743957,0.7189824314750626,SL,4.190282843237152,0.325303394750871,0.0,4.028678716572526,6.024559504830575,0.6687092580531865,67,820.696705742888,,3
LINK,1,SQUEEZE_V2,2023-10-21 07:00:00+00:00,2023-10-21 20:00:00+00:00,7.787556974887848,8.799947761580258,39.7609751451092,309.6408593196375,8.804349936548531,10.264448055393963,SL,40.25364490681446,0.3297676817730448,0.0,40.07869765470123,6.155225293071659,6.51132911411284,13,860.4535662870891,,3
SOL,1,SQUEEZE_V2,2023-10-19 10:00:00+00:00,2023-10-22 07:00:00+00:00,23.952789554214476,29.0648410225083,10.996671610884517,263.40096089232156,29.07938071286473,32.94495746894118,SL,56.21555125476721,0.29150873651970516,0.0,56.05574299869367,6.180244851761343,9.070149216291652,69,916.5093092857827,,3
BTC,1,SQUEEZE_V2,2023-10-19 11:00:00+00:00,2023-10-22 07:00:00+00:00,28487.6964,29617.913011176417,0.011114505476458895,316.6266576494984,29632.729375864346,33608.3241700947,SL,12.561798714505093,0.3229075570067509,0.0,12.39720448632309,3.557077837101542,3.4852215931335535,68,928.9065137721058,,3
AVAX,1,SQUEEZE_V2,2023-10-21 07:00:00+00:00,2023-10-22 07:00:00+00:00,9.408880987930297,9.73211113717983,35.501922291210455,334.0333616807489,9.736979626993326,12.182393515784751,SL,11.475291640833257,0.3397710075011655,0.0,11.302537314172467,6.15406413984921,1.836597256272569,24,940.2090510862782,,3
SUI,1,SQUEEZE_V2,2023-10-20 05:00:00+00:00,2023-10-23 09:00:00+00:00,0.37787556,0.39304839940667385,545.8937922271934,206.27992243837437,0.39324502191763266,0.5588086985099321,SL,8.282758842563391,0.21042130185965607,0.0,8.175477501922922,6.173142320047177,1.324362387592004,76,947.857428960912,,3
SOL,1,SQUEEZE_V2,2023-10-23 04:00:00+00:00,2023-10-23 13:00:00+00:00,30.660130128479004,29.300316613831935,5.239702256591892,160.6499530215925,29.314974100882374,52.182626570025086,SL,-7.125017941240399,0.1570874440509723,0.0,-7.201780408780575,7.048217073266248,-1.0217875434195678,9,940.4827780591111,,3
BTC,1,SQUEEZE_V2,2023-10-23 02:00:00+00:00,2023-10-24 07:00:00+00:00,30352.5693,33709.02758656934,0.01490976885774972,452.5497925018302,33725.890531835255,37917.98679479775,SL,50.044017233427546,0.477571801118544,0.0,49.792720328559916,7.049914134988131,7.062883231647153,29,990.0672612962173,,3
ETH,1,SQUEEZE_V2,2023-10-22 23:00:00+00:00,2023-10-24 15:00:00+00:00,1667.2334044189454,1797.0747593034903,0.26450976083242667,440.99950905468773,1797.9737461765785,2093.777535627136,SL,34.344305726669205,0.45817166191802233,0.0,34.10663381927853,7.0515678831470865,4.836744733152434,40,1024.173895115496,,3
XRP,1,SQUEEZE_V2,2023-10-23 09:00:00+00:00,2023-10-24 15:00:00+00:00,0.5310061815261841,0.5574282727264326,651.1053883535175,345.74098604072447,0.5577071262895773,0.7056981645904562,SL,17.20356595204987,0.35434276901674944,0.0,17.022093676053483,7.10893071720684,2.394466109347822,30,1041.1959887915493,,3
AVAX,1,SQUEEZE_V2,2023-10-23 23:00:00+00:00,2023-10-24 15:00:00+00:00,10.637127228927612,10.24511249093493,18.231610479109843,193.9319602545413,10.2502376097398,16.827361135932605,SL,-7.147060005152875,0.1903584302519649,0.0,-7.24045245527757,7.053620835443333,-1.026487335255595,16,1033.9555363362717,,3
NEAR,1,SQUEEZE_V2,2023-10-23 23:00:00+00:00,2023-10-24 15:00:00+00:00,1.1067213295698166,1.1032138085036347,201.0824375627473,222.54222265258332,1.1037656913493092,1.6679155284130887,SL,-0.7053008857905441,0.22218957220968805,0.0,-0.8162193466739405,7.052893590592379,-0.11572829452051686,16,1033.1393169895978,,3
LINK,-1,SQUEEZE_V2,2023-10-24 16:00:00+00:00,2023-10-25 00:00:00+00:00,9.896020163536072,10.698460053640323,9.721000732499162,96.19921925856063,10.693113496891877,-2.857473170156826,SL,-7.800518759489974,0.10009947863830562,0.0,-7.852518628498999,7.748544877421984,-1.013418487305917,8,1025.2386987514694,,3
SUI,1,SQUEEZE_V2,2023-10-25 15:00:00+00:00,2023-10-26 14:00:00+00:00,0.44538905999999995,0.42180855668687095,328.9510441112269,146.51119632271786,0.42201956647010597,0.8193009564783036,SL,-7.756831185522029,0.14263278072995683,0.0,-7.826208368090627,7.687419297009186,-1.0180540524354431,23,1016.9839524921283,,3
DOGE,1,SQUEEZE_V2,2023-10-25 16:00:00+00:00,2023-10-26 14:00:00+00:00,0.06780355963110923,0.06955255017859614,3121.462749757637,211.64628568947813,0.0695873438505214,0.10720493262199862,SL,5.4594088436586015,0.21437599011130745,0.0,5.350855996392033,7.686869880022977,0.6961033658574222,22,1022.3348084885204,,3
SOL,-1,SQUEEZE_V2,2023-10-26 17:00:00+00:00,2023-10-26 20:00:00+00:00,30.81583610343933,32.57584372270441,4.397194848686694,135.50323577201686,32.559563940734044,2.916190706723903,SL,-7.739096437081749,0.13937278399055775,0.0,-7.810717603186299,7.667511063663904,-1.018677056783269,3,1014.4563392674481,,3
BTC,1,SQUEEZE_V2,2023-10-25 14:00:00+00:00,2023-10-27 17:00:00+00:00,34491.897,33485.301277441555,0.0077673032787490045,267.9090246583729,33502.05230359335,50329.41214250635,SL,-7.818534256202914,0.2639997575302715,0.0,-7.948579501403999,7.688423955851655,-1.0338373048945018,51,1006.4046511733569,,3
BTC,-1,SQUEEZE_V2,2023-10-27 18:00:00+00:00,2023-10-28 11:00:00+00:00,33595.579540000006,34228.72176604864,0.01225144034081689,411.5942384494786,34211.61595806961,23738.996850886368,SL,-7.756904209686866,0.41547269055432207,0.0,-7.966579781016448,7.547333423750299,-1.055548938111949,17,998.1387462664654,,3
XRP,-1,SQUEEZE_V2,2023-10-29 02:00:00+00:00,2023-10-29 09:00:00+00:00,0.5424714925050735,0.5499284768019581,1042.310841316344,565.423917743096,0.5496536499769696,0.42755697295473627,SL,-7.772495576168525,0.5693101655311803,0.0,-8.059093782828157,7.486040596998491,-1.0765495696162042,7,989.7969405247657,,3
XRP,1,SQUEEZE_V2,2023-10-29 09:00:00+00:00,2023-10-30 17:00:00+00:00,0.5489897570371628,0.5700575847155938,1081.7654732211297,593.8781643148594,0.5703427560936405,0.6502987846992693,SL,22.790448578299085,0.6052733886040089,0.0,22.482114271852506,6.8495380156544154,3.28228184447919,32,1011.9821157144607,,3
NEAR,1,SQUEEZE_V2,2023-10-27 12:00:00+00:00,2023-10-31 15:00:00+00:00,1.2034406226396561,1.2474538005244336,171.35634404806834,206.2171853744625,1.2480778394441556,1.913859378293928,SL,7.541937252272755,0.2099881540005989,0.0,7.435057690959387,7.60842254450586,0.9772140870814724,99,1019.4171734054202,,3
BTC,1,SQUEEZE_V2,2023-10-31 21:00:00+00:00,2023-11-01 14:00:00+00:00,34645.12764,34133.96492220416,0.015472831711986693,536.0582296140187,34151.04044242537,42550.522801193976,SL,-7.909134709896719,0.5321036622590704,0.0,-8.17320925734878,7.644928059119319,-1.0691021804448895,17,1010.8825028437535,,3
APT,1,SQUEEZE_V2,2023-10-25 02:00:00+00:00,2023-11-01 16:00:00+00:00,6.521603971481323,6.675587219236902,18.520639908566448,120.78427878208242,6.67892668257819,13.16403268656321,SL,2.85186828363265,0.12221021292389875,0.0,2.790050210099792,7.6888768968970895,0.362868367840008,182,1013.4657035433454,,3
AVAX,-1,SQUEEZE_V2,2023-10-31 16:00:00+00:00,2023-11-01 18:00:00+00:00,11.219755722045898,11.684655802655142,16.654941841061405,186.86437902159034,11.678816394457913,3.87478496345365,SL,-7.742883804451715,0.1907358209238162,0.0,-7.840187435864736,7.645628800540651,-1.0254470417541492,26,1005.6255161074806,,3
BTC,-1,SQUEEZE_V2,2023-11-01 15:00:00+00:00,2023-11-01 20:00:00+00:00,34162.36616,34805.83398265566,0.012109788270472002,413.6990210159376,34788.43976277428,24145.18851561145,SL,-7.792259091221722,0.4175951505615485,0.0,-8.003004731275302,7.581618771328152,-1.0555799457420267,5,997.6225113762054,,3
SUI,-1,SQUEEZE_V2,2023-11-02 16:00:00+00:00,2023-11-04 16:00:00+00:00,0.44731052000000004,0.47288766840015295,295.2614804736154,132.07356636662277,0.47265134272878856,0.04185735633938403,SL,-7.5519467029225105,0.135849539718084,0.0,-7.621759459457283,7.482168835321539,-1.0186564386888424,48,989.7400567123613,,3
XRP,-1,SQUEEZE_V2,2023-11-02 17:00:00+00:00,2023-11-05 00:00:00+00:00,0.6004698726177216,0.62383334696065,324.56040820002596,194.8887469686253,0.6235215861675663,0.23164245582020726,SL,-7.582858769711676,0.19868017635348112,0.0,-7.684094572580844,7.481673559447665,-1.0270555794134546,55,981.9569846227815,,3
DOGE,-1,SQUEEZE_V2,2023-10-27 17:00:00+00:00,2023-11-05 12:00:00+00:00,0.06903618911802768,0.07115987632319053,2709.5356173399564,187.05601330071312,0.07112431416610748,0.024464507768673247,SL,-5.754206122477873,0.18993311636195206,0.0,-5.850611232189468,7.5480348838001765,-0.7751171427077304,211,975.8817439426917,,3
SUI,1,SQUEEZE_V2,2023-11-04 17:00:00+00:00,2023-11-05 13:00:00+00:00,0.46799357999999996,0.48316984824484127,422.98664438447076,197.95503399767534,0.48341155402185215,0.7487797664724254,SL,6.419358779164026,0.2011647133872574,0.0,6.317171582775606,7.423050425342709,0.8510209712719219,20,982.1989155254673,,3
APT,-1,SQUEEZE_V2,2023-11-05 14:00:00+00:00,2023-11-06 10:00:00+00:00,6.810237888240814,7.0758174506177856,28.109119989558003,191.42979395799514,7.072281309962804,2.61754314068898,SL,-7.4652077856285946,0.19516239785080944,0.0,-7.564655286500407,7.365809983657767,-1.0269957144270365,20,974.4476276375564,,3
XRP,1,SQUEEZE_V2,2023-11-05 01:00:00+00:00,2023-11-06 16:00:00+00:00,0.6228245159626007,0.7053392935039849,721.3250029283168,449.2588958005505,0.7056921395737717,0.7861833870350962,SL,59.51997215166841,0.47901888187638475,0.0,59.265582717692304,7.364677384670861,8.047274798628667,39,1033.6130251739482,,3
APT,1,SQUEEZE_V2,2023-11-06 11:00:00+00:00,2023-11-07 12:00:00+00:00,7.069913741970062,7.096084493276607,28.341274011793534,200.3703626009181,7.099634310431823,11.195829721182847,SL,0.7417124338733082,0.20074121881785476,0.0,0.6411563963559125,7.308357207281673,0.087729208927705,25,1034.161947706075,,3
SOL,-1,SQUEEZE_V2,2023-11-05 14:00:00+00:00,2023-11-07 17:00:00+00:00,40.671864305114745,42.34071723376084,4.470791097726547,181.8354088632491,42.319557455033326,14.308773906417507,SL,-7.461092816805843,0.18556595527165204,0.0,-7.5557410676458705,7.366491866441004,-1.025690546414232,51,1026.606206638429,,3
NEAR,-1,SQUEEZE_V2,2023-11-06 16:00:00+00:00,2023-11-09 14:00:00+00:00,1.5691860694885253,1.5436701591166637,117.55631282064246,184.4677284585875,1.542898709761783,0.5140869425695511,SL,2.999556341578041,0.18296795028779847,0.0,2.9088222555195364,7.752097688804612,0.3752303405206549,70,1029.2661479770802,,3
LINK,1,SQUEEZE_V2,2023-10-25 01:00:00+00:00,2023-11-09 16:00:00+00:00,10.985196401596069,14.384415957051202,10.033957793642907,110.2249970484929,14.391611762932667,23.246424361725836,SL,34.10762555076241,0.1272788098238741,0.0,34.03545923946278,7.689290240636019,4.426346018205126,375,1063.201455595186,,3
AVAX,1,SQUEEZE_V2,2023-11-03 15:00:00+00:00,2023-11-09 16:00:00+00:00,12.004400255012511,13.023084763134028,16.196402261507313,194.4280954383236,13.029599562915484,19.394626904965158,SL,16.4990240711018,0.20267760747387448,0.0,16.393560511347086,7.480942726646532,2.1913762891078563,145,1079.595016106533,,3
DOGE,1,SQUEEZE_V2,2023-11-08 10:00:00+00:00,2023-11-09 16:00:00+00:00,0.07469493654370307,0.07345795686555784,3585.545912425972,267.8221244031919,0.07349470421766667,0.10905309226266288,SL,-4.435247428727637,0.26560450068882807,0.0,-4.5669408672148695,7.699546549788217,-0.5931441335776438,30,1075.028075239318,,3
APT,1,SQUEEZE_V2,2023-11-08 18:00:00+00:00,2023-11-09 16:00:00+00:00,7.3918780128479,7.197826025419999,31.107075757156522,229.93970933331923,7.201426738789393,11.351641908070654,SL,-6.036389873746508,0.22692151439644598,0.0,-6.1483415334762945,7.698542216821705,-0.7986371134059455,22,1068.8797337058418,,3
NEAR,1,SQUEEZE_V2,2023-11-09 15:00:00+00:00,2023-11-09 16:00:00+00:00,1.555310947537422,1.4946230602666715,128.7866217563503,200.30324271401278,1.4953707456394911,2.514354177904318,SL,-7.815787983130183,0.19639534872244768,0.0,-7.912031710495624,7.719496109828101,-1.0249414725946162,1,1060.9677019953463,,3
APT,-1,SQUEEZE_V2,2023-11-09 17:00:00+00:00,2023-11-10 00:00:00+00:00,7.002399155330658,7.513718095150819,15.674644827596065,109.76011970086675,7.509963113594022,-1.118624176883169,SL,-8.014742775303983,0.11376749108851875,0.0,-8.073630206542068,7.955884773067023,-1.0147997912028148,7,1052.656126142544,,3
SUI,-1,SQUEEZE_V2,2023-11-09 16:00:00+00:00,2023-11-10 20:00:00+00:00,0.56228752,0.6006759940066743,208.9161413909959,117.47093903071244,0.6003758061036225,-0.0471250576579586,SL,-8.019971863362922,0.1214809249623939,0.0,-8.08271731880996,7.957257764965097,-1.0157666821347988,28,1044.4994179849257,,3
DOGE,-1,SQUEEZE_V2,2023-11-09 17:00:00+00:00,2023-11-11 00:00:00+00:00,0.07136572083681822,0.07598122307500715,1738.1314529426886,124.04300404840116,0.07594325144928252,-0.0018747689626106567,SL,-8.022349611323564,0.12805417885406295,0.0,-8.088382288153428,7.956349934332205,-1.0165945885878516,31,1036.3465538713829,,3
SOL,1,SQUEEZE_V2,2023-11-11 14:00:00+00:00,2023-11-11 23:00:00+00:00,59.701936626434325,55.29138536298568,1.7732014051259843,105.86355791473581,55.31904488542839,129.82820448252926,SL,-7.820795697727324,0.10195316006587216,0.0,-7.869817078835829,7.771749793666795,-1.0126184305687438,9,1028.310556964446,,3
SUI,1,SQUEEZE_V2,2023-11-10 21:00:00+00:00,2023-11-12 00:00:00+00:00,0.59651928,0.5600042741103295,216.19360027795776,128.96365077841514,0.5602844163184887,1.1762770989041806,SL,-7.894310587458696,0.1250164954846858,0.0,-7.954845257554174,7.8337456348869425,-1.0154587126403396,27,1020.0549196710341,,3
DOGE,1,SQUEEZE_V2,2023-11-11 01:00:00+00:00,2023-11-12 00:00:00+00:00,0.07610521856993437,0.07650070463499428,2976.091555123891,226.49609828683958,0.0765389741220553,0.1178921005126133,SL,1.1770027383939945,0.2270845996560366,0.0,1.0631661878813776,7.772599154035372,0.1367838694382437,23,1021.1180858589155,,3
BTC,-1,SQUEEZE_V2,2023-11-11 23:00:00+00:00,2023-11-13 01:00:00+00:00,36892.91994000001,37384.57142889672,0.01630622007404101,601.5840717156159,37365.888484654395,29325.423225529834,SL,-8.016977377679748,0.6055925604044559,0.0,-8.321777902226396,7.712329177233345,-1.0790226546335875,26,1012.7272104006071,,3
XRP,-1,SQUEEZE_V2,2023-11-09 17:00:00+00:00,2023-11-13 20:00:00+00:00,0.6540591658711433,0.6961687914747596,190.52898612685325,124.61722974040428,0.6958208810342426,-0.014128276738444412,SL,-8.023104272438395,0.1286287818766235,0.0,-8.089424439444818,7.956817248943731,-1.01666585851506,99,1004.2634356751113,,3
XRP,1,SQUEEZE_V2,2023-11-13 21:00:00+00:00,2023-11-13 22:00:00+00:00,0.7125424991726875,0.654272724211216,262.55358633613235,187.08058857469973,0.6838551143509065,1.1715406563211848,SL_GAP,-15.298938391133728,0.17943111937913286,0.0,-15.38482921622551,7.531975767563335,-2.0426020596721393,1,988.7850661645984,,3
NEAR,1,SQUEEZE_V2,2023-11-10 19:00:00+00:00,2023-11-13 23:00:00+00:00,1.5153029856920242,1.6096784398978,97.65814428801346,147.9816776167693,1.6104836817386692,2.808781743229808,SL,9.216531724074455,0.15258994347880653,0.0,9.137932619404033,7.89492094606908,1.15744447370988,76,997.8597999580115,,3
SUI,1,SQUEEZE_V2,2023-11-12 10:00:00+00:00,2023-11-14 00:00:00+00:00,0.6163232399999999,0.581877249922547,224.22505463872682,138.19511216411712,0.5821683340895917,1.1628017345665322,SL,-7.723654007201934,0.13433328516051615,0.0,-7.7888897362803915,7.658385643941866,-1.0170406791203783,38,990.0148477877342,,3
SOL,1,SQUEEZE_V2,2023-11-14 15:00:00+00:00,2023-11-14 18:00:00+00:00,57.3414678314209,53.067915929227325,1.748317210429624,100.25107508096981,53.09446316080773,125.29354256123169,SL,-7.4715243402692835,0.09651531291083518,0.0,-7.517914115639634,7.425111358408007,-1.0124985003930669,3,982.4468081345541,,3
BTC,-1,SQUEEZE_V2,2023-11-13 04:00:00+00:00,2023-11-15 11:00:00+00:00,36920.71438,36003.3011481956,0.016457870234751516,607.6363262403643,35985.30849394863,30172.19443378997,SL,15.098667920680818,0.6000869922800238,0.0,14.802399091520975,6.941641596959748,2.1324061296976247,55,997.1333452218814,,3
NEAR,-1,SQUEEZE_V2,2023-11-13 23:00:00+00:00,2023-11-15 11:00:00+00:00,1.6176764305114746,1.6761914109935019,69.31229625355905,112.12486799401127,1.6753537341264388,-0.10991279199697535,SL,-4.055807662441502,0.11415277182523201,0.0,-4.113898000269729,7.483948499685086,-0.5496961931850327,36,993.0194472216117,,3
ETH,-1,SQUEEZE_V2,2023-11-14 19:00:00+00:00,2023-11-15 18:00:00+00:00,1964.9468978271484,2028.4419174274958,0.11792889092505084,231.7240083873748,2027.428203325833,965.246009848196,SL,-7.487897240733334,0.23546795700774148,0.0,-7.607503193547388,7.368351061009156,-1.0324566691459296,23,985.4119440280643,,3
LINK,-1,SQUEEZE_V2,2023-11-13 04:00:00+00:00,2023-11-15 20:00:00+00:00,15.50189911441803,15.231591228279951,9.099804147898938,141.06424586169206,15.223979238660622,2.1509736336152816,SL,2.459748823489087,0.13983437144994754,0.0,2.3904465749699852,7.593175441781152,0.31481513805365885,64,987.5319364400711,,3
APT,-1,SQUEEZE_V2,2023-11-13 22:00:00+00:00,2023-11-16 00:00:00+00:00,7.345030619907379,7.779859557142751,17.208594289512973,126.39765198203607,7.775971571357073,0.4499753967122855,SL,-7.482794766223609,0.13013904936514786,0.0,-7.549734989597739,7.415887996234488,-1.0180486805398372,50,979.9822014504734,,3
APT,1,SQUEEZE_V2,2023-11-16 07:00:00+00:00,2023-11-16 08:00:00+00:00,8.161332333755492,7.82362631486119,22.019284558464047,179.70669903315567,7.827540084903641,13.502008315385112,SL,-7.436044927139671,0.17598867656958583,0.0,-7.522180254192679,7.3498665108785515,-1.0234444725028795,1,972.3701678467642,,3
DOGE,1,SQUEEZE_V2,2023-11-15 19:00:00+00:00,2023-11-16 12:00:00+00:00,0.07511501722186803,0.07901485561437412,3618.7759632791167,271.8244188037929,0.07905438280577701,0.10778719407080581,SL,14.112641435474092,0.27888073952153,0.0,13.969672905354459,7.389580515558773,1.8904554698255593,17,986.3398407521187,,3
XRP,1,SQUEEZE_V2,2023-11-15 19:00:00+00:00,2023-11-16 13:00:00+00:00,0.6436286704301833,0.6256379549764417,418.0732143933336,269.0839071224543,0.6259509304416625,0.9264725102465169,SL,-7.521436238981591,0.26532318900296353,0.0,-7.652217474423328,7.390589580210483,-1.0354001384291986,18,978.6876232776954,,3
LINK,-1,SQUEEZE_V2,2023-11-16 13:00:00+00:00,2023-11-19 04:00:00+00:00,14.571085558509827,14.166210729493844,10.954267712946633,159.61557207616715,14.159131163911889,3.849920267422382,SL,4.4351072672745655,0.15739801844252987,0.0,4.357517034870119,7.340157174582715,0.5936544587845072,63,982.5857408104637,,3
XRP,-1,SQUEEZE_V2,2023-11-16 14:00:00+00:00,2023-11-19 12:00:00+00:00,0.6291741382837296,0.6243261688447761,386.1326685117842,242.94468897409882,0.6240141617638942,0.3250482576334243,SL,1.871959376326689,0.24200870928593549,0.0,1.751423011527803,7.339558616187429,0.23862783896364448,70,984.2453413075721,,3
ETH,-1,SQUEEZE_V2,2023-11-16 16:00:00+00:00,2023-11-20 07:00:00+00:00,1994.7009555908203,2020.4100487852252,0.12801936196534286,255.3603436463965,2019.4003486109198,1077.6310165493114,SL,-3.2912617074552517,0.25700597450012413,0.0,-3.4205875101321777,7.337669279605626,-0.466168122300004,87,980.6447541555617,,3
DOGE,1,SQUEEZE_V2,2023-11-20 07:00:00+00:00,2023-11-20 14:00:00+00:00,0.08109621312171221,0.07881917217349106,3286.9133767856715,266.55622771641754,0.07885860147422817,0.11689799948145672,SL,-7.4844363521968225,0.2628140095403192,0.0,-7.613972247878933,7.3548356561667125,-1.0352334985887748,7,972.8975037938246,,3
LINK,1,SQUEEZE_V2,2023-11-19 04:00:00+00:00,2023-11-21 02:00:00+00:00,14.109821751022338,14.312669962123916,13.01540388526725,183.6450288386845,14.319829877062446,23.169109494733757,SL,2.6401513948909945,0.18496510453613002,0.0,2.5470088047742068,7.3693930560784775,0.3456198882855575,46,975.3760532149629,,3
XRP,1,SQUEEZE_V2,2023-11-19 13:00:00+00:00,2023-11-21 14:00:00+00:00,0.6157231098890305,0.6027960650785938,584.6772323054894,359.999283756447,0.6030976138855366,0.8177310459449312,SL,-7.558148781655114,0.3562202093656195,0.0,-7.73436934914251,7.38184005980679,-1.0477562892828305,49,967.6416838658204,,3
ETH,-1,SQUEEZE_V2,2023-11-21 15:00:00+00:00,2023-11-22 07:00:00+00:00,1989.3120189453125,2002.9820673962392,0.19053334200581043,379.03026726197646,2001.9810768578104,1379.880615278664,SL,-2.6046000167364243,0.3803325672703447,0.0,-2.7954174503757807,7.2573126289936525,-0.3851863070095427,16,964.4982019584542,,3
XRP,-1,SQUEEZE_V2,2023-11-21 15:00:00+00:00,2023-11-22 18:00:00+00:00,0.6049789560675621,0.6036194434472952,524.1482262130645,317.09864671904415,0.6033177845550177,0.3834876785206818,SL,0.7125861284271715,0.31674235365483056,0.0,0.554393098131863,7.25589126549142,0.0764059269697884,27,965.052595056586,,3
AVAX,-1,SQUEEZE_V2,2023-11-20 17:00:00+00:00,2023-11-22 19:00:00+00:00,21.34073031349182,21.08667556165364,6.415842628651709,136.9187672718606,21.076137492907186,3.143946630879345,SL,1.6299753068549445,0.13610377961843312,0.0,1.5623309108724417,7.296731278453684,0.2141138067514978,50,966.6149259674585,,3
SUI,-1,SQUEEZE_V2,2023-11-16 14:00:00+00:00,2023-11-22 21:00:00+00:00,0.58968204,0.56267137399244,218.72224151558288,128.97657757028162,0.5623901789029886,0.05288044975121298,SL,5.907833414002276,0.12602266086328048,0.0,5.846299041924136,7.338152941771513,0.7966989906471987,151,972.3991948959051,,3
BTC,-1,SQUEEZE_V2,2023-11-23 16:00:00+00:00,2023-11-24 07:00:00+00:00,36937.710979999996,37561.05758854466,0.012060248103739313,445.4779588030158,37542.286445322,27264.503534847874,SL,-7.5177147536731095,0.44923681617985234,0.0,-7.744212590451454,7.291330109217042,-1.0621124643173019,15,964.2103963257528,,3
NEAR,-1,SQUEEZE_V2,2023-11-23 15:00:00+00:00,2023-11-24 13:00:00+00:00,1.780643818116188,1.8532483142436535,101.73240510482188,181.14917825199282,1.8523221531670702,0.6337904573020734,SL,-7.3862300124707865,0.1848422932582282,0.0,-7.480497716603018,7.292009418635487,-1.0258486086819676,22,956.4930600849948,,3
ETH,1,SQUEEZE_V2,2023-11-24 08:00:00+00:00,2023-11-24 22:00:00+00:00,2080.256055908203,2057.7742757869373,0.2277013192508261,473.6770483098181,2058.80367762575,2588.4008832626478,SL,-5.119130992719204,0.4711174828134585,0.0,-5.3534099513777536,7.231577972443145,-0.7402824074880487,14,951.040712950829,,3
APT,-1,SQUEEZE_V2,2023-11-16 14:00:00+00:00,2023-11-25 01:00:00+00:00,7.552989202976227,7.540377167757864,17.463525816370364,131.90182193694196,7.536608863326201,0.829354902988988,SL,0.22025060263285767,0.13179169663562554,0.0,0.1544098169657031,7.338647573603777,0.021040636631890656,203,951.1951227677946,,3
SUI,1,SQUEEZE_V2,2023-11-25 01:00:00+00:00,2023-11-26 01:00:00+00:00,0.67223442,0.6350297550486027,193.4005236404201,130.01048883711408,0.6353474287629841,1.2624262797922547,SL,-7.195401683466621,0.12641278799538078,0.0,-7.256809227043444,7.13396342075846,-1.0172198536829509,24,943.778314507004,,3
SOL,1,SQUEEZE_V2,2023-11-25 02:00:00+00:00,2023-11-26 14:00:00+00:00,58.83176369476318,56.59449226331062,3.2293367855336363,189.98757865732102,56.62280366514319,94.17512416868307,SL,-7.224902932813255,0.1863751271909144,0.0,-7.316284270675509,7.13347588142532,-1.0256268321767512,36,936.3885270123706,,3
NEAR,1,SQUEEZE_V2,2023-11-24 16:00:00+00:00,2023-11-26 15:00:00+00:00,1.8823763694763183,1.8132260038925878,105.11944836572768,197.87436557603175,1.8141330704278016,2.974269154252584,SL,-7.269048284450145,0.19423984143380668,0.0,-7.3643509430959355,7.173697950637461,-1.0265766685146722,47,929.0241760692746,,3
SOL,-1,SQUEEZE_V2,2023-11-26 15:00:00+00:00,2023-11-26 20:00:00+00:00,56.95860722045899,58.47090262432774,4.696786196960986,267.5224001911741,58.441681783436024,33.22941421282643,SL,-7.102928178618309,0.2710738642804832,0.0,-7.240240842803205,6.965684136454496,-1.0394156124467133,5,921.3838828177007,,3
AVAX,1,SQUEEZE_V2,2023-11-22 19:00:00+00:00,2023-11-26 23:00:00+00:00,20.86917277107239,21.070999145507812,5.944664329338416,124.06022695499456,19.6496569930364,40.381425219648264,EOD,1.1997900488259614,0.12466012197940754,0.0,1.1371600403240512,7.249611944755938,0.15685805654006413,100,922.5210428580248,,3
DOGE,1,SQUEEZE_V2,2023-11-22 21:00:00+00:00,2023-11-26 23:00:00+00:00,0.0763152626350522,0.07867000252008438,3440.2662492596796,262.5448223467584,0.07524419700575283,0.11023353957440804,EOD,8.10093215226183,0.2665952884228894,0.0,7.96560927501232,7.292993961719288,1.092227597722358,98,930.4866521330371,,3
SUI,-1,SQUEEZE_V2,2023-11-26 02:00:00+00:00,2023-11-26 23:00:00+00:00,0.63357326,0.635,232.02754471650582,147.00644791583238,0.66407971287589,0.14547001398576043,EOD,-0.3310429791488233,0.14717196940540678,0.0,-0.4047117245963139,7.078337358802529,-0.05717609999091377,21,930.0819404084408,,3
ETH,-1,SQUEEZE_V2,2023-11-26 15:00:00+00:00,2023-11-26 23:00:00+00:00,2064.8269422363283,2062.43994140625,0.2579307768878615,532.5824173500037,2091.8407069548707,1632.6067067396502,EOD,0.6156809785340532,0.5322745768607366,0.0,0.3496976103483185,6.96768132051956,0.05018851957515223,8,930.4316380187892,,3
BTC,1,SQUEEZE_V2,2023-12-05 17:00:00+00:00,2023-12-07 09:00:00+00:00,42722.542799999996,42871.981001688815,0.011888220844338493,507.8950238381033,42893.42771554658,55340.07421736373,SL,1.7765543442574825,0.5087833010102321,0.0,1.5217185551663022,7.5,0.20289580735550697,40,1001.1558301135943,,4
AVAX,1,SQUEEZE_V2,2023-12-07 10:00:00+00:00,2023-12-07 11:00:00+00:00,27.761551718902588,26.345185627935777,5.351153634656429,148.55632838430802,26.358364810340944,55.82528989013543,SL,-7.579192555681169,0.14476673210646743,0.0,-7.649681123595482,7.508668725851956,-1.0187799466046528,1,993.4318708258068,,4
SOL,1,SQUEEZE_V2,2023-12-06 01:00:00+00:00,2023-12-09 23:00:00+00:00,63.20263662643433,72.36114288884308,3.54228670283548,223.881859305961,72.39734155962289,105.53741087075869,SL,32.442054951165986,0.24010288678154398,0.0,32.313892994037424,7.498095393660607,4.309613481492614,94,1025.0581100425313,,4
LINK,-1,SQUEEZE_V2,2023-12-10 10:00:00+00:00,2023-12-10 20:00:00+00:00,15.787842166137695,16.252563725901506,16.837378350058767,265.8258718822717,16.244441505148934,6.65585538591292,SL,-7.824692729172737,0.26973821824685806,0.0,-7.961518011478459,7.687935825318983,-1.035585909192748,10,1016.9636790951116,,4
BTC,1,SQUEEZE_V2,2023-12-08 15:00:00+00:00,2023-12-11 01:00:00+00:00,44009.3001,43440.70559194268,0.013539784735274127,595.8764497040781,43462.43681034785,54946.56589304306,SL,-7.698647240755229,0.5920271260837006,0.0,-7.9927361419868905,7.404411221514003,-1.0794560030328233,58,1008.8467448087845,,4
SOL,1,SQUEEZE_V2,2023-12-11 00:00:00+00:00,2023-12-11 01:00:00+00:00,74.87497261047363,72.53958246175374,3.317480862032265,248.3962886804363,72.57587039695221,120.85701688090207,SL,-7.747612123756938,0.24452248261855786,0.0,-7.867936462035278,7.627227593213337,-1.0315591564405555,1,1000.9788083467492,,4
ETH,1,SQUEEZE_V2,2023-12-07 16:00:00+00:00,2023-12-11 02:00:00+00:00,2322.4644,2289.4920623371854,0.17848897896246702,414.53429943267855,2290.637381027699,3157.3326450315644,SL,-5.885198883441443,0.41159169999095785,0.0,-6.089523433716061,7.45073903119355,-0.8173046201486092,82,994.8892849130332,,4
SUI,1,SQUEEZE_V2,2023-12-07 17:00:00+00:00,2023-12-11 02:00:00+00:00,0.66543306,0.6609900448739203,292.1030182264375,194.37500525365408,0.6613207052265335,1.1754712357641466,SL,-1.2978181283535952,0.19372609618947728,0.0,-1.3943567219162454,7.449184527570678,-0.18718246497391736,81,993.494928191117,,4
AVAX,1,SQUEEZE_V2,2023-12-08 15:00:00+00:00,2023-12-11 02:00:00+00:00,28.078614554214475,34.772842821578934,6.0730133214365605,170.521800235227,34.790237940549204,52.600942072683324,SL,40.65413744444154,0.1908488689574478,0.0,40.5485494756017,7.446221084614586,5.445520488155165,59,1034.0434776667187,,4
AVAX,1,SQUEEZE_V2,2023-12-11 22:00:00+00:00,2023-12-12 17:00:00+00:00,39.07481474304199,36.11144489061065,2.63264792371923,102.87022990298306,36.129509645433366,97.98091669521449,SL,-7.801509489215532,0.09896947515837529,0.0,-7.849043849422416,7.753951349939009,-1.0122637472421276,19,1025.9597010274938,,4
SUI,1,SQUEEZE_V2,2023-12-14 12:00:00+00:00,2023-12-14 13:00:00+00:00,0.66883374,0.6474369875174731,365.14708294046966,244.2226891331645,0.6477608679514488,1.0902911809710218,SL,-7.812961753393919,0.24031620825646755,0.0,-7.931166617083805,7.694697757706203,-1.0307314032108381,1,1017.9064230658435,,4
LINK,-1,SQUEEZE_V2,2023-12-11 03:00:00+00:00,2023-12-14 17:00:00+00:00,14.805038010978699,15.547597094745583,10.55449154298171,156.25964848039743,15.539827181155006,0.10925460745254867,SL,-7.837333569781834,0.16017831526528836,0.0,-7.919382060806924,7.75532608250039,-1.021153975546782,86,1009.9870410050365,,4
XRP,-1,SQUEEZE_V2,2023-12-11 03:00:00+00:00,2023-12-15 01:00:00+00:00,0.6214756522536278,0.6447106574783804,338.44560194486667,210.3357012210577,0.644388463246757,0.1632194323910432,SL,-7.863785329483528,0.21426759388579947,0.0,-7.972885072758798,7.754740108818588,-1.0281305318913445,94,1001.9159285964372,,4
XRP,1,SQUEEZE_V2,2023-12-15 02:00:00+00:00,2023-12-15 07:00:00+00:00,0.640828122639656,0.6282091694439679,610.6914160847393,391.34823368173653,0.6285234311595476,0.8869219522418267,SL,-7.706286396581859,0.38749509048344566,0.0,-7.898107370224436,7.514369464473279,-1.0510672129664915,5,993.8221471093718,,4
LINK,1,SQUEEZE_V2,2023-12-14 18:00:00+00:00,2023-12-15 13:00:00+00:00,15.443087580299377,14.840208911841069,12.72120427081405,196.45467168105986,14.84763272820517,27.352184622183497,SL,-7.669342691974514,0.1926200003350726,0.0,-7.7637353564690565,7.574902807537773,-1.0249287091503505,19,985.8758635910849,,4
SOL,1,SQUEEZE_V2,2023-12-15 08:00:00+00:00,2023-12-15 16:00:00+00:00,76.63532674713134,73.85725870264933,2.7192036623623084,208.3870611571317,73.8942058055521,131.45774557871624,SL,-7.554132800847183,0.2046099947567081,0.0,-7.6545492650253255,7.4536661033202884,-1.026950920382059,8,978.2213143260595,,4
AVAX,1,SQUEEZE_V2,2023-12-15 10:00:00+00:00,2023-12-16 00:00:00+00:00,40.72514245376587,38.76891454538608,3.84797334119871,156.70926247861087,38.78830869973595,79.46181753436423,SL,-7.527512840754334,0.1529455060582337,0.0,-7.6021037155732625,7.452884651840949,-1.020021652112307,14,970.4740386548673,,4
NEAR,-1,SQUEEZE_V2,2023-12-16 00:00:00+00:00,2023-12-16 03:00:00+00:00,2.1905617847442627,2.2745294115315295,87.8724318579362,192.48999116053935,2.2733927151739426,0.5339431761506683,SL,-7.378439563136728,0.19617921094210772,0.0,-7.4783737784985655,7.278555289911504,-1.0274530426201505,3,962.7766409576915,,4
SUI,-1,SQUEEZE_V2,2023-12-16 00:00:00+00:00,2023-12-16 12:00:00+00:00,0.61727652,0.6358891220477015,397.8084994936069,245.55784619383545,0.6355713363795118,0.2513801924097648,SL,-7.404251292267786,0.24925997183996934,0.0,-7.530732341010838,7.277833452444653,-1.0347491997747262,12,955.2459086166806,,4
DOGE,1,SQUEEZE_V2,2023-12-16 21:00:00+00:00,2023-12-17 06:00:00+00:00,0.09555910998880864,0.09360937562431106,3764.948623746906,359.7751396388443,0.09365620372617414,0.1336172352414985,SL,-7.3406497122872105,0.35610481478270073,0.0,-7.516866957250489,7.1643443146251045,-1.0492051508336575,9,947.5491540896106,,4
NEAR,1,SQUEEZE_V2,2023-12-17 11:00:00+00:00,2023-12-17 12:00:00+00:00,2.4674934076309203,2.365625593602549,70.58310903241232,174.16335622757188,2.3668089981016,4.4811815982173275,SL,-7.190147024458033,0.17056828271534286,0.0,-7.27363362905959,7.106618655672079,-1.0235013276326863,1,940.1884387824372,,4
BTC,-1,SQUEEZE_V2,2023-12-17 15:00:00+00:00,2023-12-17 16:00:00+00:00,41625.37326,42082.192578654474,0.01355214425936567,564.1130632694623,42061.16199765565,32909.59850688712,SL,-6.190881306870567,0.5672085039228976,0.0,-6.476033279158734,5.90587183931618,-1.09654145151727,1,933.4303489716438,,4
XRP,-1,SQUEEZE_V2,2023-12-18 00:00:00+00:00,2023-12-18 19:00:00+00:00,0.6099779513001442,0.6048122757405061,624.8719773338021,381.15812855894274,0.604510020730141,0.4596665914951146,SL,3.2278859012159504,0.3795441856083348,0.0,3.038920779887087,4.696267830855044,0.6470927317903404,19,935.681608440425,,4
BTC,-1,SQUEEZE_V2,2023-12-18 00:00:00+00:00,2023-12-18 20:00:00+00:00,41371.724,41935.43820952396,0.012898457351320626,533.631417564608,41914.48096903945,30516.58461921115,SL,-7.271043689878236,0.5372669394095471,0.0,-7.541494920505479,7.000727617287328,-1.0772444426894714,20,928.1401135199195,,4
LINK,-1,SQUEEZE_V2,2023-12-15 23:00:00+00:00,2023-12-18 21:00:00+00:00,14.448110013580322,14.523704297350585,20.095632644357007,290.3439112381661,14.51644607431343,7.146364418120664,SL,-1.5191149566604842,0.2911034687164963,0.0,-1.6650464697578975,7.336659857445447,-0.22694884349424513,70,926.4750670501616,,4
ETH,-1,SQUEEZE_V2,2023-12-18 00:00:00+00:00,2023-12-18 21:00:00+00:00,2196.4307431640627,2204.2263688987264,0.21045353322515611,462.2466103832324,2203.124806495479,1531.321786120916,SL,-1.6406169795609173,0.4630669188730129,0.0,-1.872560593242314,6.99872649947146,-0.2675573325209563,21,924.6025064569193,,4
SOL,-1,SQUEEZE_V2,2023-12-18 00:00:00+00:00,2023-12-18 21:00:00+00:00,70.84582861022949,73.38245918023331,2.798844612229644,198.28646570468558,73.34578628708977,20.846675073024095,SL,-7.09963480407221,0.2018362831067217,0.0,-7.2023278543265885,6.996993074682523,-1.0293461459018782,21,917.4001786025927,,4
NEAR,1,SQUEEZE_V2,2023-12-20 01:00:00+00:00,2023-12-20 21:00:00+00:00,2.566513184738159,2.758647431728364,56.71313173658907,145.55500034974798,2.7600274454510894,4.992935824022748,SL,10.896534860665836,0.1510032677800809,0.0,10.818309093060629,6.880501339519445,1.5723140741102177,20,928.1457101954785,,4
DOGE,1,SQUEEZE_V2,2023-12-21 21:00:00+00:00,2023-12-22 02:00:00+00:00,0.09610921439677476,0.0936337675985304,2865.8811375581863,275.4375846852525,0.09368060790248163,0.14468134428263746,SL,-7.094336286117333,0.2718904165421938,0.0,-7.2285079103169005,6.960097542546006,-1.038564167546524,5,920.6467789701412,,4
AVAX,1,SQUEEZE_V2,2023-12-22 03:00:00+00:00,2023-12-22 07:00:00+00:00,48.231644522094726,45.96940914703845,3.0835700480055332,148.72565441438144,45.9924053497133,93.01642796972321,SL,-6.975761244062102,0.1452377737923504,0.0,-7.046636190647262,6.904850842276059,-1.020534165271623,4,913.5257799522867,,4
APT,1,SQUEEZE_V2,2023-12-21 11:00:00+00:00,2023-12-23 02:00:00+00:00,8.376875311660767,9.496808781062587,31.683537772852922,265.409045355483,9.501559560843008,12.771013918511978,SL,35.48345438087479,0.28315077254592036,0.0,35.33300813100661,6.961092826466088,5.075784652184272,39,948.6063692175865,,4
LINK,1,SQUEEZE_V2,2023-12-23 14:00:00+00:00,2023-12-24 05:00:00+00:00,15.726144172668457,15.331696005454654,18.394373153219032,289.2725641733846,15.339365688298804,23.461713860061543,SL,-7.25562677733402,0.2856447507847176,0.0,-7.396635246032045,7.114547769131899,-1.0396493896806833,15,940.8944699307859,,4
ETH,1,SQUEEZE_V2,2023-12-22 10:00:00+00:00,2023-12-24 22:00:00+00:00,2316.453188232422,2262.772849312249,0.13038351514605703,302.02730935303407,2263.9048017131054,3367.420918618751,SL,-6.999031282643818,0.2985277937117121,0.0,-7.146545421679013,6.8514433496421505,-1.0430715189453148,60,933.747924509107,,4
NEAR,1,SQUEEZE_V2,2023-12-23 15:00:00+00:00,2023-12-24 22:00:00+00:00,3.567713312244415,3.6228454140142925,44.540526115804,158.90782795772395,3.624657742885735,6.761866420594087,SL,2.455612818700387,0.16013563436707415,0.0,2.374931098312175,7.1134629970162475,0.333864265451067,31,936.1228556074192,,4
SOL,1,SQUEEZE_V2,2023-12-23 19:00:00+00:00,2023-12-25 00:00:00+00:00,102.95058630523681,107.60060071730965,1.771215647720465,182.34768940583166,107.65442793127528,183.26680417306773,SL,8.236178288789084,0.18646577855022622,0.0,8.140886354941774,7.112867092661406,1.1445295193749665,29,943.8217367712876,,4
DOGE,-1,SQUEEZE_V2,2023-12-24 23:00:00+00:00,2023-12-25 10:00:00+00:00,0.09127173910140991,0.09330579216367361,3531.615283722009,322.33666878242695,0.09325916258238243,0.05152326948195969,SL,-7.183492882592045,0.32592841522372296,0.0,-7.348252963424555,7.018815140630527,-1.0469363868677746,11,936.4734838078631,,4
BTC,-1,SQUEEZE_V2,2023-12-24 23:00:00+00:00,2023-12-25 12:00:00+00:00,42961.30602,43416.310509609604,0.01307394409990638,561.6737133644515,43394.6132030081,34295.16235983804,SL,-5.9487032623623515,0.5646480649956327,0.0,-6.232514470675758,5.665033888735742,-1.1001724955376497,13,930.2409693371874,,4
SUI,1,SQUEEZE_V2,2023-12-23 01:00:00+00:00,2023-12-26 05:00:00+00:00,0.720144,0.8320542158764698,281.62481678779756,202.81042206083168,0.8324704511020208,1.2066288790931488,SL,31.516694042893672,0.2185687690822785,0.0,31.399530484841808,6.850310747232076,4.583665127531484,76,961.566987609682,,4
SOL,1,SQUEEZE_V2,2023-12-25 15:00:00+00:00,2023-12-26 05:00:00+00:00,119.4438821685791,113.71897718914668,1.230907954639924,147.02442469437779,113.77586512170753,232.8042231060105,SL,-7.046831078741063,0.14350100915500724,0.0,-7.116819875548881,6.976807270028905,-1.020068291999615,14,954.4501677341331,,4
ETH,-1,SQUEEZE_V2,2023-12-26 06:00:00+00:00,2023-12-27 10:00:00+00:00,2234.883012109375,2267.0673321070612,0.2305334746799316,515.2153462847259,2265.934364924599,1613.8559558048978,SL,-7.419563119277382,0.5189251278443646,0.0,-7.680880573979383,7.1583762580059975,-1.0729920162256086,28,946.5116794870113,,4
SOL,-1,SQUEEZE_V2,2023-12-28 13:00:00+00:00,2023-12-29 05:00:00+00:00,101.15976430511475,106.46399005993457,1.3518967945482747,136.7575611013436,106.41078466760078,-3.8606429446058,SL,-7.170765795501325,0.14034294399909428,0.0,-7.242729958949747,7.098837596152585,-1.0202698485277575,16,939.1156195770313,,4
BTC,-1,SQUEEZE_V2,2023-12-29 17:00:00+00:00,2023-12-30 17:00:00+00:00,41961.80596,42651.24980011034,0.010541929012029992,442.358379646897,42629.934832693994,28599.228506120002,SL,-7.2680680202245584,0.44599241365700926,0.0,-7.492881244058119,7.043367146827735,-1.0638209094967939,24,930.9966609944233,,4
BTC,1,SQUEEZE_V2,2023-12-31 10:00:00+00:00,2023-12-31 22:00:00+00:00,42760.350360000004,42244.53373832732,0.013063456961736969,558.597996596654,42265.666571613125,52654.02612773754,SL,-6.738348237369645,0.5552288224779691,0.0,-7.0142780615492875,6.462280379260996,-1.0854184049425935,12,923.7030839345757,,4
DOGE,-1,SQUEEZE_V2,2023-12-31 23:00:00+00:00,2024-01-01 12:00:00+00:00,0.08916216412633658,0.090543511130703,5185.0790781167825,462.31287177108254,0.09049826199970315,0.06244020665900532,SL,-7.16239345195959,0.46589406849706233,0.0,-7.397131084571112,6.927773129509318,-1.0677501913367415,13,916.0747964141191,,4
AVAX,-1,SQUEEZE_V2,2023-12-28 13:00:00+00:00,2024-01-01 23:00:00+00:00,40.81883426437378,42.01406384248381,4.162351620787776,169.90234095898379,41.993067308829396,6.711553563494391,SL,-4.974965771659774,0.1723898238448137,0.0,-5.062404425025096,7.098324755298453,-0.713182983244931,106,911.012391989094,,4
ETH,-1,SQUEEZE_V2,2023-12-29 17:00:00+00:00,2024-01-01 23:00:00+00:00,2298.5902388183595,2352.8782290379454,0.13258189994642997,304.7514610608563,2351.702377849021,1236.3474582051294,SL,-7.197604887585911,0.3083502635046492,0.0,-7.3535794205601315,7.041708302904059,-1.0442891276151633,78,903.6588125685339,,4
XRP,-1,SQUEEZE_V2,2023-12-29 17:00:00+00:00,2024-01-02 00:00:00+00:00,0.6192761444091797,0.6325980879633023,541.2913625476392,335.20882800049344,0.6322819469898074,0.3591600927966234,SL,-7.211052978193782,0.33881435448959035,0.0,-7.382262918683126,7.039928599893613,-1.04862752710229,79,896.2765496498507,,4
LINK,-1,SQUEEZE_V2,2023-12-29 17:00:00+00:00,2024-01-02 04:00:00+00:00,15.240951634788514,15.880702902616317,11.143399208990822,169.8360083913697,15.87276651935664,2.604653943425996,SL,-7.129003771863215,0.1734005102773013,0.0,-7.217486277944832,7.04056548492508,-1.025128776005076,83,889.0590633719058,,4
LINK,-1,SQUEEZE_V2,2024-01-03 12:00:00+00:00,2024-01-04 15:00:00+00:00,14.925014850044251,14.566101490273347,17.545723650578907,261.8701860396628,14.558822079233732,7.326600572610736,SL,6.297394625041086,0.2587214887271423,0.0,6.169608229333775,6.665983854723068,0.925536029458338,27,894.5473089669476,,4
DOGE,-1,SQUEEZE_V2,2024-01-03 12:00:00+00:00,2024-01-04 15:00:00+00:00,0.08952208928018808,0.08461717978347477,4218.480500226319,377.64718796799303,0.08457489233730613,0.05792302491960676,SL,20.69126506725998,0.36730155543436305,0.0,20.512787105809615,6.66500184152542,3.0776866373850615,27,915.0600960727572,,4
AVAX,-1,SQUEEZE_V2,2024-01-03 12:00:00+00:00,2024-01-04 15:00:00+00:00,39.348127793121336,38.897786502879384,5.102548833805111,200.77574358320575,38.878347329214776,13.229472659736512,SL,2.2978884253383574,0.19962679937053657,0.0,2.1986494977594235,6.66358566457054,0.32994991111907973,27,917.2587455705167,,4
ETH,-1,SQUEEZE_V2,2024-01-03 12:00:00+00:00,2024-01-04 19:00:00+00:00,2307.8183732910156,2291.837971936287,0.15447360651351516,356.497027300417,2290.6926256234756,1444.506753165679,SL,2.468550230798399,0.3552627521850178,0.0,2.2915359922635896,6.667942975289294,0.34366460552464,31,919.5502815627802,,4
SOL,-1,SQUEEZE_V2,2024-01-03 12:00:00+00:00,2024-01-04 19:00:00+00:00,103.43930708465577,105.96344761390954,1.604178608396618,165.9351236925735,105.91049236772568,20.323797670149744,SL,-4.049172241615817,0.16795970981338143,0.0,-4.134164389582911,6.666606111436916,-0.6201302912572759,31,915.4161171731973,,4
DOGE,-1,SQUEEZE_V2,2024-01-06 07:00:00+00:00,2024-01-06 12:00:00+00:00,0.07886422113478184,0.0809879287892959,3294.8066602670474,259.84236105165246,0.08094745506176501,0.03719954259511826,SL,-6.997206124553023,0.26334096411392893,0.0,-7.130625908141126,6.86385301751844,-1.0388663466338526,5,907.919855247125,,4
NEAR,-1,SQUEEZE_V2,2024-01-06 02:00:00+00:00,2024-01-06 17:00:00+00:00,3.408318119907379,3.552371061517457,42.48577695873936,144.80504344681478,3.550595763635639,0.17635609860946877,SL,-6.120201147496068,0.1478651440205628,0.0,-6.195663769793223,6.865620878798979,-0.9024185691530707,15,901.7241914773318,,4
AVAX,-1,SQUEEZE_V2,2024-01-06 06:00:00+00:00,2024-01-07 06:00:00+00:00,34.14417077636719,35.55254671651773,4.936317315425843,168.5464614242384,35.534779326854306,6.331999766624811,SL,-6.95219053999427,0.17202255669423555,0.0,-7.039939865976386,6.864485066748782,-1.0255597903588571,24,894.6842516113554,,4
BTC,1,SQUEEZE_V2,2024-01-07 14:00:00+00:00,2024-01-07 15:00:00+00:00,44413.78098,43941.764544283316,0.012086576263537319,536.8105509668133,43963.74641749206,53414.4722301588,SL,-5.705062647932795,0.5339580196428468,0.0,-5.970615392092236,5.439377060979901,-1.097665288719042,1,888.4452309437798,,4
SUI,-1,SQUEEZE_V2,2024-01-07 17:00:00+00:00,2024-01-07 19:00:00+00:00,0.8062387200000001,0.8434546401670159,180.99495334792385,145.92513951368986,0.8430331236052133,0.07035064789573575,SL,-6.735893734429084,0.14929308638090438,0.0,-6.812224251053143,6.6596013639902525,-1.0229177211549256,2,881.0616617112236,,4
XRP,-1,SQUEEZE_V2,2024-01-07 17:00:00+00:00,2024-01-08 00:00:00+00:00,0.5618875766396523,0.5685266582212017,840.0207485593791,471.9972227350562,0.5682425369527254,0.40328741432224086,SL,-5.576966279879969,0.47478570587499624,0.0,-5.815753374387437,6.661371353575508,-0.8730564722631499,7,874.9934882125673,,4
ETH,-1,SQUEEZE_V2,2024-01-07 23:00:00+00:00,2024-01-08 12:00:00+00:00,2216.3466810546875,2246.4795973377986,0.22778036164330087,504.8402485375663,2245.3569188783595,1636.1419245812458,SL,-6.863686568334372,0.5082720918217336,0.0,-7.119538535887322,6.607962462834177,-1.0774181263786613,13,867.8056391735548,,4
DOGE,-1,SQUEEZE_V2,2024-01-07 16:00:00+00:00,2024-01-08 15:00:00+00:00,0.07940411631464958,0.07937267121511163,4392.76165355897,348.80335728172884,0.07933300471275526,0.04906630262207301,SL,0.1381308274426616,0.34873429186800753,0.0,-0.036201785784481494,6.663339232078348,-0.00543297955028321,23,867.7694373877704,,4
SUI,-1,SQUEEZE_V2,2024-01-08 00:00:00+00:00,2024-01-08 15:00:00+00:00,0.80003996,0.8312809218011752,170.76772796501066,136.62100625041802,0.8308654890566469,0.03145783505202715,SL,-5.334948066228375,0.13928848028353222,0.0,-5.405926043386698,6.562451161594255,-0.8237662894962261,15,862.3635113443837,,4
SOL,-1,SQUEEZE_V2,2024-01-06 06:00:00+00:00,2024-01-08 17:00:00+00:00,94.39112166137696,96.53156286361941,1.674714392172032,158.07816993956922,96.48332120301791,12.406063289933115,SL,-3.584627686993449,0.15987048378306595,0.0,-3.6654590858067304,6.865077859886054,-0.5339282613566118,59,858.698052258577,,4
APT,-1,SQUEEZE_V2,2024-01-07 16:00:00+00:00,2024-01-08 18:00:00+00:00,8.832533181190492,8.738068886347747,19.922285019011404,175.96424347555248,8.733702035330083,2.1445139975164027,SL,1.8819446059770815,0.17502327117256394,0.0,1.7949034565422937,6.662031219488543,0.2694228527917484,26,860.4929557151194,,4
SUI,-1,SQUEEZE_V2,2024-01-09 21:00:00+00:00,2024-01-10 00:00:00+00:00,0.77704456,0.817678509645141,160.43869923071205,124.66801845070098,0.8172698747077871,-0.02746173415574249,SL,-6.519258025672675,0.12792764746353733,0.0,-6.584851663910862,6.453697167863395,-1.020322381518079,3,853.8457700419832,,4
LINK,1,SQUEEZE_V2,2024-01-10 10:00:00+00:00,2024-01-10 12:00:00+00:00,14.358871146583557,13.856654253552904,12.929610188595714,185.65460667359977,13.863586046576192,24.264573146730843,SL,-6.493468657014011,0.18240787234509276,0.0,-6.583049226022304,6.403843275314874,-1.0279841250016566,2,847.1698935126241,,4
SOL,-1,SQUEEZE_V2,2024-01-10 13:00:00+00:00,2024-01-10 18:00:00+00:00,93.57127833862305,98.2945958478632,1.3593302184315132,127.19426622295639,98.24547311130756,0.0873828849328504,SL,-6.420548221556819,0.13040454033373478,0.0,-6.487355628779076,6.35377420134468,-1.0210239494198778,5,840.5566573993732,,4
SUI,-1,SQUEEZE_V2,2024-01-10 13:00:00+00:00,2024-01-10 21:00:00+00:00,0.77024592,0.8099356721918868,161.7232879607201,124.5667027207298,0.8095309067385176,-0.015453814770350904,SL,-6.418757222818123,0.12777608133213886,0.0,-6.484249952789897,6.3532972228463445,-1.0206117745401,8,834.0724074465833,,4
ETH,1,SQUEEZE_V2,2024-01-12 15:00:00+00:00,2024-01-12 16:00:00+00:00,2705.541,2635.132696820626,0.09052799276954684,244.92719608571255,2636.4509222817665,4087.342554364672,SL,-6.3739223611384626,0.24174023490514335,0.0,-6.493198998000749,6.254586056123691,-1.038150077356988,1,827.3291448871154,,4
NEAR,1,SQUEEZE_V2,2024-01-10 22:00:00+00:00,2024-01-12 17:00:00+00:00,3.4746947771072385,3.367491862157701,33.68640633196169,117.0499801411795,3.3691764503828923,7.188681359234349,SL,-3.6112809529608505,0.11524433966469907,0.0,-3.66800030255496,6.255543055849374,-0.5863600122015179,43,823.3468143309497,,4
APT,1,SQUEEZE_V2,2024-01-12 03:00:00+00:00,2024-01-12 17:00:00+00:00,9.681035856628418,9.23808000998487,14.270161659712839,138.14994670756408,9.242701360665201,18.44772577589275,SL,-6.321051539718394,0.13498942093770488,0.0,-6.386965987302317,6.255104118423844,-1.0210806832919193,14,816.9598483436473,,4
SOL,-1,SQUEEZE_V2,2024-01-12 16:00:00+00:00,2024-01-14 06:00:00+00:00,95.3409286102295,98.90558578899636,1.6182193677516774,154.28253721650339,98.8561577101413,18.664001026160904,SL,-5.7683972860755945,0.1571667358595412,0.0,-5.848422753326884,6.204004463811642,-0.9426851298127058,38,810.9280233689366,,4
LINK,1,SQUEEZE_V2,2024-01-14 06:00:00+00:00,2024-01-15 22:00:00+00:00,14.930986050224304,15.00416245462077,16.80446262344287,250.90719701214118,15.011668288765152,22.169492048961146,SL,1.2296901525983646,0.2515220420884404,0.0,1.1036217090159948,6.081960175267024,0.18145822682364754,40,811.9061914794465,,4
SOL,1,SQUEEZE_V2,2024-01-16 08:00:00+00:00,2024-01-16 14:00:00+00:00,97.74954935760498,95.2013658071089,2.4351740156186126,238.0371626340687,95.24899030226003,147.7607304645041,SL,-6.205270369194825,0.2349345274494713,0.0,-6.321186315327262,6.089296436095848,-1.0380815553430487,6,805.4659865828022,,4
DOGE,-1,SQUEEZE_V2,2024-01-12 16:00:00+00:00,2024-01-20 19:00:00+00:00,0.08266346585452557,0.08112073827664443,2628.471275664745,217.2785455455139,0.08108019817755566,0.03546168768231995,SL,4.055015124636421,0.2152510379831957,0.0,3.9484033594259826,6.20342590429708,0.636487550643741,195,809.3143543792901,,4
SUI,-1,SQUEEZE_V2,2024-01-22 01:00:00+00:00,2024-01-22 11:00:00+00:00,1.03659264,1.072417950732849,172.002438825967,178.29646214904764,1.071882009727985,0.33080524544029866,SL,-6.16204081774812,0.18137748255792172,0.0,-6.254270069231518,6.0698576578446755,-1.030381669848305,10,802.970936078984,,4
APT,-1,SQUEEZE_V2,2024-01-16 14:00:00+00:00,2024-01-23 18:00:00+00:00,9.313737275123597,8.254272912576697,21.481293702666587,200.07112587640358,8.25014783865737,3.689313548147503,SL,22.75866513937838,0.18869179330671437,0.0,22.670008909009866,6.040994899371016,3.752694595284338,172,825.5512728043294,,4
AVAX,-1,SQUEEZE_V2,2024-01-12 17:00:00+00:00,2024-01-24 10:00:00+00:00,36.83163290176392,31.269707842715263,3.8406211344011196,141.45634773701815,31.254080802314107,4.928700574770481,SL,21.361246929737458,0.13077572427214942,0.0,21.301199379333816,6.1263538072209895,3.4769783217917634,281,846.8524721836633,,4
ETH,-1,SQUEEZE_V2,2024-01-25 16:00:00+00:00,2024-01-25 19:00:00+00:00,2188.082315527344,2225.9822260682963,0.1726153632165497,377.69662364246153,2224.86979117271,1452.3328026200224,SL,-6.542106823901261,0.38096767705441215,0.0,-6.734226189134443,6.350083470344855,-1.060494121153454,3,839.7547215450251,,4
DOGE,-1,SQUEEZE_V2,2024-01-25 06:00:00+00:00,2024-01-26 10:00:00+00:00,0.07750449395477772,0.07895301996833039,4507.509920251342,349.35227536522075,0.07891356318673702,0.049323109315591904,SL,-6.529245375830765,0.3526168980531361,0.0,-6.707186136201291,6.351393541377474,-1.0560180364365603,28,833.0475354088238,,4
BTC,-1,SQUEEZE_V2,2024-01-12 16:00:00+00:00,2024-01-26 11:00:00+00:00,44465.70508,41205.2978444371,0.005781971161753351,257.09942445958944,41184.70549169125,23002.5451538555,SL,18.85158061159667,0.24767363415379112,0.0,18.732456689672674,6.204968586653365,3.0189446454193862,331,851.7799920984965,,4
LINK,-1,SQUEEZE_V2,2024-01-23 09:00:00+00:00,2024-01-28 09:00:00+00:00,14.302139305114746,14.683917870539478,12.539688189500017,179.34436732893138,14.676579580749104,4.6969849670107315,SL,-4.787384167860767,0.18173805941286175,0.0,-4.879450043609164,6.02228202059238,-0.8102327368470197,120,846.5669599925649,,4
AVAX,1,SQUEEZE_V2,2024-01-26 11:00:00+00:00,2024-01-29 14:00:00+00:00,31.88237465057373,34.33419960998924,6.9342097582496445,221.07907341817946,34.35137529763806,50.30570343936394,SL,17.001468559099074,0.229579807697729,0.0,16.882428288110436,6.3875613133335305,2.6430162404656214,75,863.1954181926775,,4
ETH,-1,SQUEEZE_V2,2024-01-28 19:00:00+00:00,2024-01-29 16:00:00+00:00,2260.7577189453127,2287.8973625821072,0.22467696194906847,507.9401759955389,2286.753985589313,1740.8323860653074,SL,-6.09765268069536,0.5109890023358865,0.0,-6.3546715950334764,5.840762211591852,-1.0879866984520778,21,856.840746597644,,4
XRP,-1,SQUEEZE_V2,2024-01-12 17:00:00+00:00,2024-01-29 17:00:00+00:00,0.5806838368535042,0.5375933565979648,388.0736482212057,225.3480950308268,0.5373246942508394,0.2649087827800162,SL,16.72227987637101,0.2169869550926413,0.0,16.617966968793784,6.127198862577354,2.7121638029883655,408,873.4587135664378,,4
NEAR,1,SQUEEZE_V2,2024-01-30 12:00:00+00:00,2024-01-30 13:00:00+00:00,3.154630843877792,3.0511067301644106,64.19738615503624,202.51905446101046,3.0526330466877543,5.194586787678553,SL,-6.645977504415838,0.19919606570880255,0.0,-6.7439140428941355,6.547991973171932,-1.0299209392016553,1,866.2204228527996,,4
SOL,1,SQUEEZE_V2,2024-01-26 11:00:00+00:00,2024-01-31 00:00:00+00:00,90.5181,99.80327472325261,2.323299333333532,210.300641384618,99.85320132391456,145.51187414766923,SL,21.57224024441815,0.22108676150682705,0.0,21.45630380360363,6.388349940738724,3.3586613135852272,109,887.4867660017902,,4
APT,1,SQUEEZE_V2,2024-01-26 11:00:00+00:00,2024-01-31 00:00:00+00:00,8.639026997566223,8.924619968912184,27.292935872097765,235.7844098418962,8.929084511167767,13.319162763640065,SL,7.794670652467176,0.2396817451681298,0.0,7.6728811122199945,6.386732266808212,1.2013782309454062,109,895.1596471140102,,4
ETH,1,SQUEEZE_V2,2024-01-29 17:00:00+00:00,2024-01-31 10:00:00+00:00,2300.0099588378907,2303.6763381513338,0.19558629595357926,449.8504285054474,2304.8287525275973,2969.887193314801,SL,0.7170935494771493,0.45020897528018594,0.0,0.49180978844968704,6.550940351748284,0.07507468577674276,41,895.6514569024599,,4
LINK,1,SQUEEZE_V2,2024-01-30 12:00:00+00:00,2024-01-31 15:00:00+00:00,15.235046751022338,15.338931624386587,22.079607894803537,336.3838585215738,15.346604926850011,21.16744685870973,SL,2.293737270083943,0.3375307271566158,0.0,2.124398472188114,6.549253412641388,0.3243726175089811,27,897.775855374648,,4
APT,-1,SQUEEZE_V2,2024-02-01 02:00:00+00:00,2024-02-01 07:00:00+00:00,8.61767614440918,8.93495941146606,21.520325997268053,185.45519996656557,8.93049416438387,2.361315744915384,SL,-6.828039340542344,0.18886921963683673,0.0,-6.924180960195898,6.7319457676752466,-1.0285556656507404,5,890.575860463187,,4
AVAX,-1,SQUEEZE_V2,2024-01-31 22:00:00+00:00,2024-02-02 07:00:00+00:00,33.765244959259036,34.93372981322056,5.849837201251909,197.52118607205702,34.91627167738187,10.744710596802278,SL,-6.835446167803522,0.2009389091559588,0.0,-6.937624483923453,6.73331891530986,-1.0303424761522961,33,883.6382359792636,,4
NEAR,-1,SQUEEZE_V2,2024-01-31 22:00:00+00:00,2024-02-02 12:00:00+00:00,2.8174364781856536,2.931373658332725,59.85991797769266,168.6515164915525,2.9299087039807348,0.5679919622840308,SL,-6.820270258213289,0.17206165162065917,0.0,-6.908006151588172,6.73257821086209,-1.0260565767276275,38,876.7302298276754,,4
ETH,1,SQUEEZE_V2,2024-02-03 02:00:00+00:00,2024-02-03 15:00:00+00:00,2326.305255908203,2297.6423584251024,0.2260935469505798,525.9626065980618,2298.7917543022536,2876.5752880271925,SL,-6.4804961578350495,0.5227223585191443,0.0,-6.740237213055163,6.22062516711957,-1.0835305185533624,13,869.3848188557591,,4
SUI,-1,SQUEEZE_V2,2024-02-03 03:00:00+00:00,2024-02-03 17:00:00+00:00,1.4156168199999999,1.4680761367738409,127.06579403600402,179.87647528402297,1.4673424655410705,0.38110390917858883,SL,-6.6657847404543675,0.18320936765425017,0.0,-6.759055870466606,6.572560222701029,-1.0283748861092878,14,862.6257629852926,,4
APT,1,SQUEEZE_V2,2024-02-03 01:00:00+00:00,2024-02-03 18:00:00+00:00,9.580816117286682,9.325929648240518,26.27865852582791,251.77099514492514,9.330594945713374,14.585239548752854,SL,-6.698074482918163,0.24842195790346605,0.0,-6.820610943249167,6.575476723707565,-1.0372800680227157,17,855.8051520420433,,4
ETH,-1,SQUEEZE_V2,2024-02-04 07:00:00+00:00,2024-02-04 09:00:00+00:00,2286.532592236328,2306.2897586960953,0.22456845485986152,513.483091225226,2305.137190101045,1914.4406349419905,SL,-4.436836344278995,0.5157015093973655,0.0,-4.6957963080637475,4.178005795768497,-1.1239324542870839,2,850.6863608917522,,4
SOL,-1,SQUEEZE_V2,2024-02-04 08:00:00+00:00,2024-02-04 12:00:00+00:00,96.49070013580322,98.40192526679627,3.4459962748895503,332.5065932294625,98.35274889235009,59.249725004865695,SL,-6.586074681877328,0.3357996305704012,0.0,-6.755621015832998,6.4166130787232305,-1.052832847009878,4,843.8202892868285,,4
ETH,-1,SQUEEZE_V2,2024-02-04 20:00:00+00:00,2024-02-04 21:00:00+00:00,2279.0941388183596,2305.4722283935544,0.22211255427632093,506.2154206091378,2301.4291312307087,1832.3942905713823,SL_GAP,-5.858904852476096,0.5091448730353758,0.0,-6.1149420152069025,4.960882214449092,-1.232631969651787,1,837.3243179563849,,4
SUI,1,SQUEEZE_V2,2024-02-04 10:00:00+00:00,2024-02-04 22:00:00+00:00,1.51490292,1.4704133715986243,145.81870248260245,220.90117818150568,1.47114894607166,2.3899823985667963,SL,-6.487408221925537,0.21765747407054292,0.0,-6.594615106905327,6.380147706688141,-1.033614801737641,12,830.7297028494796,,4
LINK,1,SQUEEZE_V2,2024-02-04 12:00:00+00:00,2024-02-06 10:00:00+00:00,18.16263219680786,18.645795053370655,14.08624075475182,255.84320986424245,18.655122614677992,27.148212210434043,SL,6.805948321297164,0.259246184024891,0.0,6.674623742204394,6.328652169651213,1.0546674968506364,46,837.404326591684,,4
SOL,-1,SQUEEZE_V2,2024-02-06 11:00:00+00:00,2024-02-06 16:00:00+00:00,93.94120708465576,96.061803624649,3.0302826586057616,284.66841075712506,96.01379672628586,52.489414252053606,SL,-6.426006921040906,0.2878814142176455,0.0,-6.571554129879988,6.28053244943763,-1.0463371032289495,5,830.5360956388815,,4
AVAX,-1,SQUEEZE_V2,2024-02-06 11:00:00+00:00,2024-02-07 14:00:00+00:00,33.974202793121336,34.68265958936505,9.085871329122343,308.68523508780936,34.6653269259021,20.15172013750601,SL,-6.436947292912651,0.31190370873426565,0.0,-6.594508384103013,6.279464942897291,-1.050170427587476,27,823.9415872547785,,4
NEAR,-1,SQUEEZE_V2,2024-02-03 08:00:00+00:00,2024-02-07 20:00:00+00:00,2.8284341961860657,2.8649130293777016,89.35595568604815,252.7374406953053,2.863481288733335,1.3574890005442675,SL,-3.2596010021505615,0.25436724119638054,0.0,-3.3875995229992895,6.571885685918713,-0.5154684187915424,108,820.0467693375635,,4
DOGE,-1,SQUEEZE_V2,2024-01-30 23:00:00+00:00,2024-02-09 07:00:00+00:00,0.08020395495593548,0.08094630254666041,4736.93983588329,379.92130922615974,0.08090584962184949,0.052774207496689526,SL,-3.5164558745769128,0.3816795371634482,0.0,-3.708174757127281,6.496653171395997,-0.5707823181101832,224,816.2157268599276,,4
AVAX,1,SQUEEZE_V2,2024-02-07 17:00:00+00:00,2024-02-10 10:00:00+00:00,35.04700891571045,38.16934814555981,8.81107862319105,308.8019510640025,38.18844236674318,49.069733125389135,SL,27.511176442476494,0.3225575392852407,0.0,27.343019878723254,6.177766276140204,4.4260366379232545,65,843.4413765694816,,4
DOGE,1,SQUEEZE_V2,2024-02-11 04:00:00+00:00,2024-02-11 14:00:00+00:00,0.08228645040392875,0.08142936981972662,6085.7180490518585,500.7721364155998,0.0814701048721627,0.09861336103924949,SL,-5.215950780770798,0.49816416102521444,0.0,-5.463728873588212,4.968048736931451,-1.0997736058770875,10,837.7272616276855,,4
XRP,1,SQUEEZE_V2,2024-02-07 21:00:00+00:00,2024-02-12 02:00:00+00:00,0.5131026114463806,0.5202314395804247,478.92065940717026,245.73544101744164,0.5204916854231363,0.6349544093195546,SL,3.414143070756807,0.24744251255282007,0.0,3.2895682787127076,2.9178671693684786,1.12738794734946,101,840.915977346263,,4
SOL,1,SQUEEZE_V2,2024-02-09 22:00:00+00:00,2024-02-12 02:00:00+00:00,109.01179586334229,106.11587418270007,2.153348052651752,234.74033833839843,106.16895866203107,165.86853988956648,SL,-6.235927311642908,0.231622374682577,0.0,-6.350179517156286,6.121617951449457,-1.0373367902929505,52,834.5657978291067,,4
NEAR,1,SQUEEZE_V2,2024-02-12 01:00:00+00:00,2024-02-12 06:00:00+00:00,3.2196439011096953,3.1177948708034697,62.64826995335362,201.70512027038876,3.1193545480775082,5.225430961753435,SL,-6.380665545111716,0.1985147874978329,0.0,-6.478327772474355,6.282954462207641,-1.0310957705394646,5,828.0874700566324,,4
ETH,1,SQUEEZE_V2,2024-02-07 17:00:00+00:00,2024-02-13 13:00:00+00:00,2398.4796,2611.0086231543155,0.19964072469168762,478.83420550222905,2612.314780544588,3017.5478701592197,SL,42.42944820054398,0.500048929602501,0.0,42.16881637369259,6.179561904410838,6.8239168125483785,140,870.162188092317,,4
SUI,1,SQUEEZE_V2,2024-02-13 10:00:00+00:00,2024-02-13 13:00:00+00:00,1.8442687800000002,1.782514583142889,102.04406107006717,188.1966760159383,1.783406286286032,3.0615186542793613,SL,-6.30164903542,0.1850458514982283,0.0,-6.392596548910259,6.2106560254247425,-1.0292948961817723,3,863.7695915434068,,4
BTC,1,SQUEEZE_V2,2024-02-07 18:00:00+00:00,2024-02-13 14:00:00+00:00,43515.2013,49110.13488405038,0.005211986273525391,226.80063186529424,49134.70223516796,53124.959209618166,SL,29.160717041356783,0.24138099038597266,0.0,29.032736366903457,2.504296315841606,11.593171376425786,140,892.8023279103103,,4
LINK,1,SQUEEZE_V2,2024-02-14 10:00:00+00:00,2024-02-14 15:00:00+00:00,20.394077389526366,19.93532159877733,14.920385389755733,304.28749432023693,19.94529424590028,29.369740262048133,SL,-6.844813197757782,0.300865087721358,0.0,-6.993534538319022,6.696017459327327,-1.0444319449282893,5,885.2871530665968,,4
DOGE,1,SQUEEZE_V2,2024-02-14 10:00:00+00:00,2024-02-15 15:00:00+00:00,0.08310661785453557,0.08455764517311773,5793.518825974377,481.47975510331014,0.08459994514569057,0.10621822440083044,SL,8.406554087208832,0.48568303214691455,0.0,8.161610932613572,6.694876381223626,1.219083141774437,29,893.4487639992104,,4
BTC,1,SQUEEZE_V2,2024-02-15 15:00:00+00:00,2024-02-15 16:00:00+00:00,52626.92328,51755.20574129297,0.007922265196975161,416.9244427250259,51781.096289437686,69543.46309124629,SL,-6.90597751849156,0.4134714539657801,0.0,-7.110986751094827,6.700865729994078,-1.0612041842989013,1,885.9538878574112,,4
ETH,1,SQUEEZE_V2,2024-02-15 15:00:00+00:00,2024-02-15 21:00:00+00:00,2853.2704911621095,2797.3900216835095,0.12296567737634163,350.8543386836758,2798.7894163917053,3942.891986570191,SL,-6.871379781544025,0.3474186487929038,0.0,-7.043371260995091,6.699302263333859,-1.0513589302492539,6,878.9105165964162,,4
AVAX,1,SQUEEZE_V2,2024-02-14 10:00:00+00:00,2024-02-16 07:00:00+00:00,41.79735926513672,40.74530212749346,6.160995955070043,257.51336136511674,40.765684969978444,63.52459583841858,SL,-6.481719769522692,0.2542725014803554,0.0,-6.607235590320489,6.693070832141989,-0.9871755067331284,45,872.0577787162522,,4
NEAR,1,SQUEEZE_V2,2024-02-16 04:00:00+00:00,2024-02-16 09:00:00+00:00,3.425684952306747,3.307333267549688,56.47705038987844,193.4725816712765,3.308987761430403,5.759628769833631,SL,-6.684154063751438,0.1901305046394008,0.0,-6.7775482775552005,6.590713129480562,-1.028348244629085,5,865.280230438697,,4
DOGE,1,SQUEEZE_V2,2024-02-16 13:00:00+00:00,2024-02-16 14:00:00+00:00,0.08747748834192752,0.08565062413809742,3637.6335115903767,318.21104310235205,0.08569347087353418,0.12315783770979437,SL,-6.645462448977256,0.3148883118778634,0.0,-6.801245239303943,6.489601728290228,-1.048021977936668,1,858.3198796778419,,4
XRP,1,SQUEEZE_V2,2024-02-15 21:00:00+00:00,2024-02-17 10:00:00+00:00,0.5602120389819145,0.5509984908337885,531.1060407705344,297.5319980156729,0.5512741278977373,0.8084422743190847,SL,-4.893371078399904,0.29508531247647296,0.0,-5.0396903918685405,6.591828874473122,-0.7645359865734315,37,853.1585234804421,,4
LINK,-1,SQUEEZE_V2,2024-02-16 15:00:00+00:00,2024-02-17 17:00:00+00:00,19.536092915344238,20.06295163969494,12.45549005713259,243.33161106228857,20.05292517710639,9.199447680101244,SL,-6.562283602663738,0.24661275286362044,0.0,-6.687230549996214,6.437399097583814,-1.0388093776112421,26,845.9145022033459,,4
SOL,-1,SQUEEZE_V2,2024-02-17 14:00:00+00:00,2024-02-17 21:00:00+00:00,106.90861430511475,109.3726376607605,2.6557580976857174,283.92341815316763,109.3179786714248,58.721326978913865,SL,-6.5438499796429355,0.2871953431429891,0.0,-6.68908361370934,6.398688926103316,-1.0453834669820197,7,839.2254185896365,,4
AVAX,-1,SQUEEZE_V2,2024-02-17 14:00:00+00:00,2024-02-17 21:00:00+00:00,38.93521219329834,39.813873649981716,7.449800788286439,290.0595744897338,39.793976661650895,21.759922826247298,SL,-6.545852812636717,0.2933325008960521,0.0,-6.6941555262879024,6.3976242132852414,-1.0463502236325302,7,832.5312630633487,,4
APT,-1,SQUEEZE_V2,2024-02-17 14:00:00+00:00,2024-02-17 21:00:00+00:00,9.397020252037048,9.631151462356652,27.89373420931732,262.1179852698935,9.626338293210047,4.810659428577068,SL,-6.5307937507607825,0.2653833821452739,0.0,-6.66511814027111,6.396536489880905,-1.0419886059924917,7,825.8661449230775,,4
SUI,-1,SQUEEZE_V2,2024-02-17 14:00:00+00:00,2024-02-18 00:00:00+00:00,1.7325534200000001,1.773372700390953,160.15695278651515,277.48047628705535,1.772486457162372,0.9338926767525639,SL,-6.537491562353358,0.28074922206823205,0.0,-6.679500546278062,6.395553547436142,-1.044397564141379,10,819.0637253062827,,4
SUI,1,SQUEEZE_V2,2024-02-18 18:00:00+00:00,2024-02-19 05:00:00+00:00,1.805361,1.7632254614860776,91.02702553162837,164.33664184080612,1.7641075152436994,2.6304306951260124,SL,-3.8354727400957227,0.16241890547075827,0.0,-3.915723324646078,3.75518201018042,-1.042751939594519,11,814.4524706898179,,4
APT,1,SQUEEZE_V2,2024-02-19 08:00:00+00:00,2024-02-19 16:00:00+00:00,10.003199962234497,9.754131865412464,15.629084606917127,156.34085854967316,9.759011371098014,14.886971784964164,SL,-3.892706358115372,0.1543945053706155,0.0,-3.968930434211151,3.816444150915989,-1.0399550674044484,8,810.4053698263319,,4
NEAR,1,SQUEEZE_V2,2024-02-17 23:00:00+00:00,2024-02-20 01:00:00+00:00,3.3266651751995084,3.4177026731790527,73.89927392339855,245.8381410334991,3.4194123793687368,5.00299993684915,SL,6.727605000491186,0.2492019435337447,0.0,6.601322127474191,6.193996086923082,1.0657614300743692,50,816.9325686253948,,4
DOGE,1,SQUEEZE_V2,2024-02-18 18:00:00+00:00,2024-02-20 07:00:00+00:00,0.08494698868989944,0.08722506990746849,5210.693140647508,442.6326912851205,0.08726870425959829,0.10851405519861608,SL,11.870382174224957,0.448567882372233,0.0,11.643130637495284,6.140037590107702,1.8962637388822652,37,828.57569926289,,4
SOL,1,SQUEEZE_V2,2024-02-18 10:00:00+00:00,2024-02-20 08:00:00+00:00,110.91217738952636,108.74786212590148,2.810580894722155,311.72764676303734,108.80226325753024,154.62540372884084,SL,-6.082983130099648,0.3086861551979875,0.0,-6.235805461916117,6.142977939797119,-1.0151111599339495,46,822.3398938009739,,4
XRP,1,SQUEEZE_V2,2024-02-18 16:00:00+00:00,2024-02-20 15:00:00+00:00,0.5597119156122208,0.5568470256110096,843.944162295751,472.3656037483057,0.5571255884052122,0.7052620416872549,SL,-2.417807192141618,0.47115670015223493,0.0,-2.6527810904197002,6.141808961121758,-0.43192178513074236,47,819.5274865167113,,4
ETH,1,SQUEEZE_V2,2024-02-20 14:00:00+00:00,2024-02-20 15:00:00+00:00,2999.369773535156,2938.0102404785157,0.10643982295968966,319.2523876857265,2941.425772577516,4158.249792687956,SL_GAP,-6.531097835438033,0.3159868387680075,0.0,-6.687458480363178,6.167549203507304,-1.084297548296853,1,812.8400280363481,,4
XRP,1,SQUEEZE_V2,2024-02-22 21:00:00+00:00,2024-02-22 22:00:00+00:00,0.5514102492213249,0.5420751719526365,672.5909879031457,370.87356426369064,0.5423463451251991,0.7326883311438414,SL,-6.2786888422992755,0.36773421984254107,0.0,-6.460986280009971,6.096300210272611,-1.0598208843329013,1,806.1936049742063,,4
SOL,-1,SQUEEZE_V2,2024-02-23 16:00:00+00:00,2024-02-24 17:00:00+00:00,100.28993555908204,103.05968370671904,2.2243963046264135,223.08456204884322,103.0081796169106,45.925054402510895,SL,-6.161017544349603,0.22616507082101805,0.0,-6.2756403341462,6.0464520373065485,-1.037904591887203,25,799.693275518865,,4
AVAX,-1,SQUEEZE_V2,2024-02-19 17:00:00+00:00,2024-02-25 22:00:00+00:00,39.29313848800659,37.38528263365457,3.7728382747524836,148.2466568227012,37.36659933398758,20.336710271832242,SL,7.198031590009907,0.14464764102769623,0.0,7.127507277393561,3.575976896329015,1.9931636819886716,149,806.3430511439514,,4
BTC,1,SQUEEZE_V2,2024-02-24 18:00:00+00:00,2024-02-26 09:00:00+00:00,51555.60906,51126.8410125673,0.009306765530650855,479.81596531131896,51152.41722117789,59619.445836442246,SL,-3.990443684491113,0.47782074346907344,0.0,-4.228356445304527,3.752411907789342,-1.1268369649204046,39,801.899230139981,,4
BTC,-1,SQUEEZE_V2,2024-02-26 09:00:00+00:00,2024-02-26 14:00:00+00:00,51258.14632,51646.413299772445,0.009187384974154455,470.9283233033784,51620.60299827331,44009.012754533855,SL,-3.567158215921691,0.4727119024113393,0.0,-3.804405956681341,3.3300290397501353,-1.1424542883165967,5,797.8593600216481,,4
XRP,-1,SQUEEZE_V2,2024-02-26 02:00:00+00:00,2024-02-26 15:00:00+00:00,0.5409918051719665,0.5420318832234126,796.5538723729865,430.9291173317822,0.5417610027220515,0.4426720293551304,SL,-0.8284781994494727,0.431343356431507,0.0,-1.0443569972150886,3.915849907887202,-0.2666999557647938,13,796.8150030244329,,4
APT,1,SQUEEZE_V2,2024-02-24 08:00:00+00:00,2024-02-27 16:00:00+00:00,9.419883821296692,9.726900170909422,24.02297996818526,226.29368034164284,9.73176605393639,14.453077436914198,SL,7.375447616651993,0.22998140414996884,0.0,7.258613052672845,6.0456154701988645,1.2006408757641478,80,804.0736160771058,,4
LINK,1,SQUEEZE_V2,2024-02-28 09:00:00+00:00,2024-02-28 11:00:00+00:00,19.40487926902771,19.016936905178635,15.93228159289228,309.1640007902272,19.026450130243756,26.973462044706782,SL,-6.180806982655725,0.3060735972988994,0.0,-6.332298579559511,6.029239602061665,-1.050264875423796,2,797.4117330282675,,4
SUI,1,SQUEEZE_V2,2024-02-28 11:00:00+00:00,2024-02-28 12:00:00+00:00,1.6993398,1.645177,112.58936883740496,191.32759552228197,1.646221214653378,2.76171150693244,SL_GAP,-6.098155466466605,0.1882785177890487,0.0,-6.190770186494513,5.980587997712005,-1.035144067583809,1,791.1252990440117,,4
ETH,1,SQUEEZE_V2,2024-02-24 18:00:00+00:00,2024-02-28 17:00:00+00:00,2995.2888793945312,3341.553003236865,0.15879848604095445,475.64733930315856,3343.2246155446373,3750.447244692199,SL,54.98621863646019,0.5031404486213886,0.0,54.720901857490375,5.99590025652157,9.126386283356199,95,845.8462009015021,,4
BTC,1,SQUEEZE_V2,2024-02-28 08:00:00+00:00,2024-02-28 17:00:00+00:00,58273.45236,60226.667883565366,0.006006250249346272,350.00493776751813,60256.796281706214,78354.3743003892,SL,11.73150122544147,0.3558706883802389,0.0,11.55063300594499,6.030552120578293,1.915352487632153,9,857.3968339074471,,4
ETH,1,SQUEEZE_V2,2024-03-02 01:00:00+00:00,2024-03-02 05:00:00+00:00,3460.6819882324216,3388.7070813532946,0.09149170162092478,316.62368387226945,3390.402282494542,4866.276102990021,SL,-6.585106704378938,0.31333113052008,0.0,-6.740125992962883,6.430009867376493,-1.048229494508213,4,850.1697590722453,,4
SUI,1,SQUEEZE_V2,2024-03-01 05:00:00+00:00,2024-03-02 09:00:00+00:00,1.71954384,1.6298204304592125,72.32723291844164,124.36984782915154,1.630635748333379,3.497705673332419,SL,-6.489445940093266,0.12112512485910491,0.0,-6.5483861410377955,6.430476254305853,-1.018336104834069,28,843.5368014391619,,4
AVAX,1,SQUEEZE_V2,2024-03-03 00:00:00+00:00,2024-03-03 06:00:00+00:00,44.399877040100094,43.06625148469729,4.821192367100772,214.06034828594338,43.08779538238848,70.64151019433245,SL,-6.429665348278528,0.21084551561180415,0.0,-6.5334806897473605,6.32579807317217,-1.032831053753672,6,836.7992322257325,,4
LINK,1,SQUEEZE_V2,2024-03-02 01:00:00+00:00,2024-03-03 07:00:00+00:00,20.22004280319214,20.53859297927933,14.165501322926117,286.42704307824096,20.54886741298582,29.296774197311226,SL,4.512422940781429,0.2886832545486317,0.0,4.3669532077719175,6.428822528561972,0.679277299749747,30,841.1661854335043,,4
XRP,1,SQUEEZE_V2,2024-03-02 01:00:00+00:00,2024-03-03 07:00:00+00:00,0.6167232970118522,0.6106073012279207,399.65590872341215,246.47710969817064,0.610912757606724,0.9383874229186632,SL,-2.4442938527757074,0.24525496277178277,0.0,-2.5663102606984047,6.427748427150429,-0.3992549319227339,30,838.5998751728059,,4
APT,1,SQUEEZE_V2,2024-03-02 08:00:00+00:00,2024-03-03 07:00:00+00:00,12.135926799201965,11.672593084309801,13.937376756607968,169.14298409109318,11.678432300460031,21.28581677404063,SL,-6.457656548490865,0.16591415581684776,0.0,-6.5389992122621665,6.376273193041839,-1.025520553196796,23,832.0608759605437,,4
ETH,1,SQUEEZE_V2,2024-03-03 17:00:00+00:00,2024-03-04 00:00:00+00:00,3483.876567626953,3428.3291696751444,0.11588907852460473,403.74324511575037,3430.0441917710295,4560.524084745424,SL,-6.437336763074633,0.40052457673421304,0.0,-6.635989717250971,6.238584432733166,-1.0637011951673945,7,824.926560196222,,4
SOL,1,SQUEEZE_V2,2024-03-04 10:00:00+00:00,2024-03-04 13:00:00+00:00,134.3768761047363,130.37735622019193,1.5725672698285507,211.31667718411458,130.44257750894639,213.06284802053494,SL,-6.289514065462962,0.2081719201513831,0.0,-6.392027647022288,6.1869492014716645,-1.0331469418727153,3,818.4288742106077,,4
LINK,-1,SQUEEZE_V2,2024-03-04 18:00:00+00:00,2024-03-04 23:00:00+00:00,19.91901573562622,20.564249624324006,9.667138877589235,192.55989142118398,20.553972638005003,7.219877688050584,SL,-6.237565610568441,0.1956786742264682,0.0,-6.336964339084317,6.138216556579558,-1.032378750516992,5,811.9956299258128,,4
DOGE,1,SQUEEZE_V2,2024-03-03 19:00:00+00:00,2024-03-05 04:00:00+00:00,0.14885976258516312,0.18097822117783893,629.2655706469524,93.67232344952252,0.18106875555561674,0.3470930900227853,SL,20.211040174620656,0.10377784353683284,0.0,20.154098492808586,6.237070395563983,3.2313405516703595,33,832.1497284186213,,4
SUI,-1,SQUEEZE_V2,2024-03-02 10:00:00+00:00,2024-03-05 05:00:00+00:00,1.6297739800000002,1.5603920218604919,119.1065150507373,194.11669907817006,1.5596122157526155,0.5674431733100842,SL,8.263843241392973,0.18998477745747355,0.0,8.170916813474584,6.326526010793714,1.29153295181813,67,840.3206452320959,,4
BTC,1,SQUEEZE_V2,2024-03-03 17:00:00+00:00,2024-03-05 05:00:00+00:00,62892.375960000005,66865.0182850634,0.007937949838210027,499.23652557632624,66898.46751882281,77989.55357046388,SL,31.534635501503292,0.5150038433270779,0.0,31.269249920964377,5.992031928520475,5.218471846274897,36,871.5898951530603,,4
AVAX,1,SQUEEZE_V2,2024-03-05 16:00:00+00:00,2024-03-05 17:00:00+00:00,44.147827738952635,42.170449357858615,3.341503004294425,147.520099022783,42.191545130423826,83.27347990952885,SL,-6.6074158010525155,0.14421639112225676,0.0,-6.6778721426633805,6.536924213647952,-1.0215618117036074,1,864.8382629608855,,4
NEAR,-1,SQUEEZE_V2,2024-03-05 20:00:00+00:00,2024-03-05 23:00:00+00:00,3.8332333106040957,4.20942979071353,17.338710278994252,66.46332180435441,4.207326127649706,-3.6486230303081206,SL,-6.522761776594911,0.06972470269265185,0.0,-6.559254818385385,6.486286972206641,-1.0112495556381342,3,858.2457764815979,,4
XRP,1,SQUEEZE_V2,2024-03-07 04:00:00+00:00,2024-03-08 15:00:00+00:00,0.6278255111932755,0.6055773162220606,293.31367394229704,184.14980728280037,0.6058802563502357,1.0667306080540704,SL,-6.525699805591576,0.18088695738000457,0.0,-6.614511859330181,6.436843323611983,-1.0276018114448218,35,851.3257931365654,,4
ETH,1,SQUEEZE_V2,2024-03-08 14:00:00+00:00,2024-03-08 15:00:00+00:00,3973.554561767578,3893.275314562606,0.08216063009611377,326.4697465161114,3895.2229260256186,5540.187276606771,SL,-6.595793534002167,0.3231718497491103,0.0,-6.755730510493222,6.435776549018652,-1.0497148959473053,1,844.5700626260722,,4
BTC,1,SQUEEZE_V2,2024-03-08 15:00:00+00:00,2024-03-08 16:00:00+00:00,68485.89443999999,67332.66426434294,0.005657891503197613,387.48576024096457,67366.34743806196,90876.8344787605,SL,-6.524851212081127,0.38422333463492403,0.0,-6.715331666595569,6.334275469695541,-1.060157818952314,1,837.5697887486888,,4
SOL,1,SQUEEZE_V2,2024-03-08 15:00:00+00:00,2024-03-08 16:00:00+00:00,151.80035827331542,145.32729389953613,1.2015693731514616,182.3986613346349,146.5298990392514,257.2095429545957,SL_GAP,-7.777835901971045,0.1785097433836494,0.0,-7.865146314687377,6.332822398094637,-1.2419654018804902,1,829.7046424340014,,4
SUI,-1,SQUEEZE_V2,2024-03-08 16:00:00+00:00,2024-03-09 11:00:00+00:00,1.50809832,1.5683755791219405,104.59610989805492,157.74121761579198,1.5675917832303254,0.31822905539349056,SL,-6.304766819472021,0.16089360102552802,0.0,-6.386789811689653,6.22278481825501,-1.0263555623767548,19,823.1380159904895,,4
APT,1,SQUEEZE_V2,2024-03-09 03:00:00+00:00,2024-03-09 16:00:00+00:00,13.596918974304199,13.171364015674069,14.85130906570406,201.93204602872748,13.177952992170153,21.976238616985103,SL,-6.320048215058964,0.19877202192119803,0.0,-6.417854213965798,6.222193288688951,-1.0314456520713573,13,816.6168942763142,,4
AVAX,1,SQUEEZE_V2,2024-03-10 08:00:00+00:00,2024-03-10 09:00:00+00:00,43.822761975860594,42.98698631428477,7.519346984954428,329.5185531355629,43.00849055956455,60.108190301781455,SL,-6.28448720096846,0.3263763095350787,0.0,-6.446104233935757,6.122789319060234,-1.0528051673881778,1,809.7610456975277,,4
SUI,1,SQUEEZE_V2,2024-03-09 13:00:00+00:00,2024-03-10 12:00:00+00:00,1.5923184000000001,1.5594289642661707,129.70709904438246,206.53500041899264,1.560209068800571,2.5442377884393697,SL,-4.265993298241662,0.2044020037698718,0.0,-4.367127801802038,6.173535119928672,-0.7073949879550528,23,805.1509895820165,,4
ETH,1,SQUEEZE_V2,2024-03-10 09:00:00+00:00,2024-03-10 12:00:00+00:00,3962.0022029296874,3913.583681922436,0.12262906544051182,485.8566274185166,3915.5414526487602,4891.217208548227,SL,-5.937517981131035,0.48288786842795106,0.0,-6.177477535849728,5.697438386615098,-1.0842552594096284,3,798.9735120461668,,4
BTC,1,SQUEEZE_V2,2024-03-10 05:00:00+00:00,2024-03-10 14:00:00+00:00,69478.39289999999,68632.35034729417,0.007052122481747683,489.9701365657885,68666.68368913874,85712.5771172252,SL,-5.966395706451948,0.48698693871256254,0.0,-6.208397576881616,5.724272774556334,-1.0845740273729014,9,792.5820755163535,,4
XRP,-1,SQUEEZE_V2,2024-03-10 13:00:00+00:00,2024-03-11 07:00:00+00:00,0.6148770095348358,0.6210563481065183,595.3676917281889,366.0779058634868,0.6207459751189589,0.4135795114138928,SL,-3.6789785418295815,0.3679173951344016,0.0,-3.86385698403224,5.99230134034625,-0.6448035178098999,18,788.7182185323212,,4
SUI,1,SQUEEZE_V2,2024-03-12 03:00:00+00:00,2024-03-12 06:00:00+00:00,1.6058211,1.5608815352058723,133.94041878357754,215.08435062550515,1.5616623663890667,2.488995772218666,SL,-6.019224128477188,0.21207473856126657,0.0,-6.123756691725703,5.914639272800842,-1.0353559041016267,3,782.3872708397403,,4
SOL,1,SQUEEZE_V2,2024-03-12 03:00:00+00:00,2024-03-12 16:00:00+00:00,151.34025955810546,146.7748800595196,1.3168845597781353,199.29765108488445,146.84830421162542,241.17936648770635,SL,-6.012077771215359,0.19629161219927677,0.0,-6.108720557872194,5.915386638992409,-1.0326832260811807,13,776.2785502818681,,4
DOGE,1,SQUEEZE_V2,2024-03-08 02:00:00+00:00,2024-03-12 17:00:00+00:00,0.16419283029735088,0.15843006775741855,611.0097342505577,100.32341760583128,0.15850932241862786,0.374865505413698,SL,-3.5211040080731193,0.09856286560179472,0.0,-3.569505164871998,6.436152761834673,-0.5546023062160016,111,772.7090451169961,,4
AVAX,1,SQUEEZE_V2,2024-03-14 02:00:00+00:00,2024-03-14 13:00:00+00:00,57.61252193984985,54.58285391140897,1.9302522502860795,111.20670011905129,54.61015899090442,117.65978091875854,SL,-5.8480235295178,0.10828268835429239,0.0,-5.900702867812567,5.79531783837747,-1.0181845124588715,11,766.4864954582948,,4
APT,1,SQUEEZE_V2,2024-03-14 10:00:00+00:00,2024-03-14 13:00:00+00:00,13.871573923301696,13.416506086978439,12.921814852960239,179.24590995605578,13.42321769582635,22.838698472808606,SL,-5.880302326506347,0.17630575879280264,0.0,-5.966985130321121,5.793576159608141,-1.0299312490136852,3,760.5195103279736,,4
LINK,1,SQUEEZE_V2,2024-03-14 10:00:00+00:00,2024-03-14 15:00:00+00:00,21.13022465057373,20.607824211589122,11.315310272653758,239.09504805211859,20.618133278228235,31.372052097483653,SL,-5.911123053681367,0.23613948652527791,0.0,-6.0277150161805855,5.794472766038337,-1.0402525405778575,5,754.3593684310626,,4
DOGE,1,SQUEEZE_V2,2024-03-14 05:00:00+00:00,2024-03-14 16:00:00+00:00,0.17858571496009826,0.16943460869283838,639.1660367443076,114.1459236501946,0.16951936837702689,0.3599126466215258,SL,-5.849076324670487,0.11122138548785936,0.0,-5.903224748333249,5.794900813252024,-1.0186929748363434,11,748.4561436827294,,4
NEAR,1,SQUEEZE_V2,2024-03-14 17:00:00+00:00,2024-03-14 19:00:00+00:00,8.235647006034851,7.729928583372617,11.18542198012955,92.11918704189034,7.733795481113173,18.272677504468405,SL,-5.656673960602598,0.08929085006158904,0.0,-5.699905217143242,5.61342107762047,-1.015406672388709,2,742.7101788720652,,4
NEAR,1,SQUEEZE_V2,2024-03-14 22:00:00+00:00,2024-03-15 03:00:00+00:00,8.754750859451294,8.119361888142429,8.823199470071364,77.24491314371747,8.123423599942399,21.3812960496292,SL,-5.606163634941568,0.07444183132624668,0.0,-5.641983009695956,5.570326341540489,-1.0128639982223466,5,737.0295734057974,,4
ETH,-1,SQUEEZE_V2,2024-03-14 14:00:00+00:00,2024-03-15 23:00:00+00:00,3877.6942767089845,3742.669921875,0.06830186769797056,264.8537614609547,3818.7976446651637,2207.4921227408618,EOD,9.22241561987464,0.26024255365101734,0.0,9.0945999469541,5.703896327459803,1.5944539354915532,33,746.1241733527514,,4
APT,1,SQUEEZE_V2,2024-03-24 08:00:00+00:00,2024-03-24 16:00:00+00:00,16.57411494140625,15.994710057872833,13.125575245443002,217.5447927900489,16.002711413579622,28.002185497938836,SL,-7.605022396395008,0.21374228159185138,0.0,-7.709992281591835,7.5,-1.0279989708789112,8,992.1812353220132,,5
AVAX,-1,SQUEEZE_V2,2024-03-24 18:00:00+00:00,2024-03-24 20:00:00+00:00,52.806437942504886,54.27074045594081,5.177747825044539,273.41841920515407,54.243618646617506,24.062823860252436,SL,-7.581789154150111,0.2772093137822291,0.0,-7.722289258329763,7.441359264915098,-1.0377525104505043,2,984.3222368540809,,5
DOGE,1,SQUEEZE_V2,2024-03-24 22:00:00+00:00,2024-03-25 08:00:00+00:00,0.17805560445785523,0.17074315481525518,1021.2183280107538,181.83364667739505,0.17082856909980507,0.32259631161885866,SL,-7.467607597678862,0.17809984287855563,0.0,-7.55479061721872,7.3803809648225895,-1.0236315243382998,10,976.0438780566145,,5
SUI,1,SQUEEZE_V2,2024-03-25 09:00:00+00:00,2024-03-25 11:00:00+00:00,1.72004394,1.6789942516590504,182.05348741512782,313.1399977842569,1.679834168743422,2.524239365131562,SL,-7.473238919774003,0.30940337832436987,0.0,-7.626072299206244,7.320329085424609,-1.0417663209145058,2,968.2612357585161,,5
AVAX,1,SQUEEZE_V2,2024-03-25 00:00:00+00:00,2024-03-26 12:00:00+00:00,55.71114076309204,55.5335470127995,5.098982907431244,284.07015450450234,55.561327676637816,84.65046223985308,SL,-0.9055474972082603,0.2836173807558982,0.0,-1.0471298007119074,7.37805527813314,-0.14192490585091702,36,967.0035942034714,,5
LINK,1,SQUEEZE_V2,2024-03-24 23:00:00+00:00,2024-03-26 16:00:00+00:00,18.54370891571045,19.770688835803767,23.63871610050844,438.3494705089465,19.78057912536645,24.78744826032637,SL,29.004229992110453,0.4528515855050017,0.0,28.770553141859924,7.379699088647549,3.898607896644279,41,995.7741473453314,,5
NEAR,1,SQUEEZE_V2,2024-03-24 21:00:00+00:00,2024-03-26 17:00:00+00:00,6.808361560249328,7.54181189798229,38.77181384349912,263.9725269932222,7.545584690327454,10.616497442776996,SL,28.437199958033958,0.27819112697223913,0.0,28.29099509455833,7.382416776405607,3.832213210310352,44,1024.0651424398898,,5
SOL,1,SQUEEZE_V2,2024-03-24 22:00:00+00:00,2024-03-27 08:00:00+00:00,181.9563821685791,184.79265205181272,1.5328429730645463,278.9105618113536,184.88509459911228,278.26666324938674,SL,4.347556360229265,0.2810843399914682,0.0,4.205927301143474,7.381426879429381,0.5697986811824398,58,1028.1854916588195,,5
DOGE,1,SQUEEZE_V2,2024-03-27 06:00:00+00:00,2024-03-27 08:00:00+00:00,0.18937786338329315,0.18078925159227222,903.7812623390357,171.15616442762214,0.1808796914379912,0.3593413022893318,SL,-7.762226406228831,0.16727505122450773,0.0,-7.843923375239528,7.680488568299173,-1.0212792201286418,2,1020.3415682835799,,5
BTC,1,SQUEEZE_V2,2024-03-25 14:00:00+00:00,2024-03-27 16:00:00+00:00,68020.00128,68492.7632809766,0.006189701569286405,421.0235086656793,68527.02679437377,91484.65199667764,SL,2.9262556993438174,0.42248663651535123,0.0,2.7142808171613058,7.261959268188871,0.37376701203093443,50,1022.7046432030203,,5
XRP,-1,SQUEEZE_V2,2024-03-27 08:00:00+00:00,2024-03-28 16:00:00+00:00,0.6204758651256561,0.6319308426093441,686.9956904677017,426.26424538054465,0.6316150350917982,0.3976924658028138,SL,-7.869520165698184,0.43019900546339374,0.0,-8.086587048471305,7.65256176212685,-1.0567163388987568,32,1014.618056154549,,5
SOL,1,SQUEEZE_V2,2024-03-28 23:00:00+00:00,2024-03-29 07:00:00+00:00,190.16803088378907,185.07238360970388,1.5209947779986774,289.2445819165344,185.16496609275023,290.22932670456606,SL,-7.750452894406777,0.285369355469331,0.0,-7.891199958917841,7.609635421159117,-1.0370010548699633,8,1006.2476201605889,,5
NEAR,-1,SQUEEZE_V2,2024-03-29 03:00:00+00:00,2024-03-30 06:00:00+00:00,7.082583310604096,7.291192830664986,37.113649688419166,262.8605158788045,7.2875490561369185,2.983268399947651,SL,-7.742260649209136,0.26673164620340906,0.0,-7.877562037473143,7.607026877830846,-1.0355638495810653,27,998.0093325911582,,5
ETH,-1,SQUEEZE_V2,2024-03-29 16:00:00+00:00,2024-03-30 11:00:00+00:00,3487.5923810546874,3550.1932035169743,0.12407163219021501,432.71127913161337,3548.4189940199644,2271.0601217491458,SL,-7.7669862193458155,0.4365947722412863,0.0,-7.987225352021295,7.546857151204416,-1.0583512039507201,19,990.022107239137,,5
LINK,-1,SQUEEZE_V2,2024-03-29 03:00:00+00:00,2024-03-31 05:00:00+00:00,18.960207901763916,19.32486409978942,21.432622173480308,406.3669722891418,19.31520649654115,11.86023600621922,SL,-7.815538515498435,0.41027474154689103,0.0,-8.022629770900755,7.608550753976931,-1.0544228500687056,50,981.8351021783411,,5
APT,-1,SQUEEZE_V2,2024-03-31 00:00:00+00:00,2024-03-31 18:00:00+00:00,16.614775592803955,16.99853219619776,19.786639786622093,328.7505797903724,16.990037177608958,9.10954389670389,SL,-7.593253677090837,0.33254720662891785,0.0,-7.761425593824569,7.425165804293528,-1.0452865024692921,18,973.5389549901864,,5
BTC,1,SQUEEZE_V2,2024-03-31 06:00:00+00:00,2024-04-01 05:00:00+00:00,70399.87716,70046.6361470041,0.008367927403738734,589.1010613070047,70081.67698549684,81496.97062225027,SL,-2.955895152772843,0.5876231137306183,0.0,-3.248967735849959,4.642983624230668,-0.6997586032598393,23,970.1336135610987,,5
ETH,1,SQUEEZE_V2,2024-03-31 06:00:00+00:00,2024-04-01 05:00:00+00:00,3606.1610293945314,3557.0043675727256,0.13320040992006277,480.3421273531071,3558.7837594524517,4553.706428236126,SL,-6.547687504966426,0.4770682836006239,0.0,-6.784584724890496,6.3106717771784835,-1.0750970680214809,23,963.3490288362083,,5
APT,1,SQUEEZE_V2,2024-04-01 00:00:00+00:00,2024-04-01 05:00:00+00:00,17.08391574897766,16.718430402571965,18.30653996839603,312.7473864753699,16.7267937994717,24.22635473909685,SL,-6.690772101838921,0.3094020004244505,0.0,-6.843800409025687,6.537667242222356,-1.0468260551449031,5,956.5052284271826,,5
SOL,1,SQUEEZE_V2,2024-03-29 23:00:00+00:00,2024-04-01 14:00:00+00:00,192.31845477905273,191.81646702687644,1.501362857324999,288.73978478340723,191.91242323849568,292.8302590653412,SL,-0.7536657659495495,0.2883629519004325,0.0,-0.8976588254582784,7.545234483907673,-0.1189703020327317,63,955.1150727629241,,5
XRP,-1,SQUEEZE_V2,2024-04-01 06:00:00+00:00,2024-04-02 01:00:00+00:00,0.606378729557991,0.6169572550524343,698.3771473652242,423.4810473716585,0.6166489305871408,0.40097470897499465,SL,-7.387800458139589,0.4271749476007284,0.0,-7.603234882054488,7.1724736976050085,-1.0600575481501335,19,947.5118378808696,,5
NEAR,-1,SQUEEZE_V2,2024-04-01 06:00:00+00:00,2024-04-03 06:00:00+00:00,6.8006396457672125,6.703092343204088,30.98362529231225,210.70847053249443,6.699742471968104,2.1718167910984754,SL,3.0223690708916564,0.20919728599704862,0.0,2.918526020160855,7.170885643677364,0.40699659221788687,48,950.3632526379035,,5
AVAX,-1,SQUEEZE_V2,2024-03-27 08:00:00+00:00,2024-04-06 15:00:00+00:00,54.976002111816406,47.72397900431336,5.023056232787238,276.14755006148374,47.70012893984344,24.51262317822546,SL,36.427319870460266,0.2579338901262536,0.0,36.307459755364754,7.650963271206672,4.745475630761788,247,986.4433852089921,,5
DOGE,-1,SQUEEZE_V2,2024-04-02 03:00:00+00:00,2024-04-07 00:00:00+00:00,0.1909917896807194,0.19195783347220605,702.7659486211849,134.2225262538286,0.1918619025209456,-0.011247342652002362,SL,-0.6789026815337244,0.13456197759459546,0.0,-0.7463533960014055,7.106338784106522,-0.10502643044131821,117,985.4010987974281,,5
SOL,-1,SQUEEZE_V2,2024-04-05 03:00:00+00:00,2024-04-07 01:00:00+00:00,178.04438583068847,182.00710544814433,1.3313280079609142,237.0354775165949,181.91614737445713,70.96747687718066,SL,-5.2756796144151465,0.23967331732380248,0.0,-5.396835192980651,7.127724394784276,-0.7571610368282189,46,980.0042636044474,,5
APT,-1,SQUEEZE_V2,2024-04-05 03:00:00+00:00,2024-04-07 03:00:00+00:00,13.643770333862305,13.717505143609014,15.950055278746234,217.61889103562171,13.710649818699665,4.707330444227258,SL,-1.1760742914278413,0.21820692818133564,0.0,-1.285471774091366,7.126835511743589,-0.18037062479878588,48,978.5960686213909,,5
LINK,-1,SQUEEZE_V2,2024-04-01 06:00:00+00:00,2024-04-07 12:00:00+00:00,18.360327520370483,17.833698151929326,19.106639536085822,350.80415969619526,17.824785759049803,10.851116704250707,SL,10.062117511921707,0.3457731009402344,0.0,9.89174649082957,7.17378921320387,1.3788733118368053,150,988.4878151122205,,5
NEAR,-1,SQUEEZE_V2,2024-04-07 22:00:00+00:00,2024-04-08 01:00:00+00:00,6.837632425022125,7.004914116870494,45.265685798969336,309.51012095989626,7.001413410165411,3.562012722156407,SL,-7.572120503128273,0.3132961812114604,0.0,-7.730661623859786,7.413658613341653,-1.0427593212813513,3,980.1877410632738,,5
AVAX,1,SQUEEZE_V2,2024-04-08 00:00:00+00:00,2024-04-08 03:00:00+00:00,49.330863345336915,48.26480954077543,6.091396634029822,300.4938549355704,48.28895401778432,70.16904989638877,SL,-6.493756556800511,0.29724697665717015,0.0,-6.640756605989896,6.346682970818154,-1.046335012560716,3,973.546984457284,,5
SOL,-1,SQUEEZE_V2,2024-04-08 03:00:00+00:00,2024-04-08 07:00:00+00:00,176.69464972839356,180.5388216760523,1.9450464061300623,343.67929343662206,180.44859737736363,101.61569674899225,SL,-7.477092831339627,0.3474178398522919,0.0,-7.652671024473608,7.301602383429629,-1.0480810406549526,4,965.6040049496667,,5
LINK,1,SQUEEZE_V2,2024-04-08 09:00:00+00:00,2024-04-09 01:00:00+00:00,18.291657706832886,17.964095727887234,17.939162156541325,328.137013714824,17.973082269021745,24.663166463055724,SL,-5.87618745662364,0.3251989199865122,0.0,-6.03731786975274,5.714976437985208,-1.0564029327619016,16,959.4026185730564,,5
BTC,1,SQUEEZE_V2,2024-04-06 23:00:00+00:00,2024-04-09 06:00:00+00:00,69063.81,70674.04374636321,0.008569843324968537,591.8660311253952,70709.398445586,84364.26826145774,SL,13.799450922909868,0.5987657565868503,0.0,13.496618181885715,6.55612650504564,2.058626869310503,55,972.8992367549422,,5
DOGE,1,SQUEEZE_V2,2024-04-07 01:00:00+00:00,2024-04-09 08:00:00+00:00,0.19221842879354953,0.19464142930917389,1276.9140787943054,245.4464179302041,0.19473879870852814,0.3073402227982559,SL,3.093963471326603,0.2469933996658674,0.0,2.9696932806258376,7.350031977033355,0.4040381443108327,55,975.868930035568,,5
ETH,1,SQUEEZE_V2,2024-04-08 00:00:00+00:00,2024-04-09 08:00:00+00:00,3454.6908,3612.047997418678,0.15307328640761042,528.8208742781368,3613.854924881118,4423.180877445617,SL,24.08718334876819,0.5408644659525208,0.0,23.810729319954735,7.412497950388054,3.2122409313729676,32,999.6796593555227,,5
NEAR,1,SQUEEZE_V2,2024-04-08 06:00:00+00:00,2024-04-09 17:00:00+00:00,7.165432834339142,7.1711575922955175,33.066763491981796,236.9376728507732,7.174744964777906,11.069920646068088,SL,0.18929921739231714,0.23703232245946934,0.0,0.0707357313582344,6.4554387513883285,0.010957540468186106,35,999.750395086881,,5
DOGE,-1,SQUEEZE_V2,2024-04-10 13:00:00+00:00,2024-04-10 14:00:00+00:00,0.1835932785242796,0.19015152377344202,1159.6803411906303,212.909515879343,0.1900564955256792,0.05432893849628764,SL,-7.605468088160518,0.21671224992342325,0.0,-7.7157255801442695,7.495265697372166,-1.0294132178462194,1,991.5465793115383,,5
BTC,-1,SQUEEZE_V2,2024-04-10 13:00:00+00:00,2024-04-10 16:00:00+00:00,67963.80451999999,69146.09667623104,0.006532970511401805,444.0055307718367,69111.54090577815,45009.07680443676,SL,-7.723879792519114,0.44786747066809623,0.0,-7.949744497801292,7.498127963151607,-1.0602305717999325,3,983.596834813737,,5
ETH,-1,SQUEEZE_V2,2024-04-10 13:00:00+00:00,2024-04-10 16:00:00+00:00,3439.1919068359375,3521.705319199699,0.0928315000716094,319.2653437457188,3519.945346526436,1824.123113025967,SL,-7.659843845755242,0.3230952656685964,0.0,-7.823306439550979,7.496462942411212,-1.0435996949028656,3,975.7735283741861,,5
SUI,-1,SQUEEZE_V2,2024-04-12 08:00:00+00:00,2024-04-12 23:00:00+00:00,1.4747050000000002,1.2456808094177025,198.48745943408449,292.7104488647416,1.2450582802775638,0.7372980641994313,SL,45.45842973762783,0.26998123399592766,0.0,45.33480372806427,7.318301462806395,6.194716623586514,15,1020.2610853143526,,5
SOL,-1,SQUEEZE_V2,2024-04-12 13:00:00+00:00,2024-04-13 05:00:00+00:00,169.6060713897705,154.883160007533,1.9516563558703577,331.0127672220472,154.80575712896854,94.62152017393917,SL,28.734063576059846,0.3166457354340173,0.0,28.58292422423685,7.317203798623153,3.906263240831857,16,1048.8440095385895,,5
ETH,-1,SQUEEZE_V2,2024-04-12 14:00:00+00:00,2024-04-13 11:00:00+00:00,3463.3072,3293.530521553833,0.12478165722786899,432.1572119052107,3291.884579264201,2291.088804457104,SL,21.18501529515579,0.4215647042576328,0.0,20.979529196850763,7.313567701441807,2.8685766035521665,21,1069.8235387354403,,5
AVAX,-1,SQUEEZE_V2,2024-04-12 13:00:00+00:00,2024-04-13 22:00:00+00:00,45.23594993209839,32.32018657960751,8.284159350693933,374.7418176175155,32.30403456232634,27.57341547075138,SL,106.99624174788738,0.3212436967435718,0.0,106.86236895995256,7.31596250074607,14.606740937922373,33,1176.6859076953929,,5
NEAR,-1,SQUEEZE_V2,2024-04-12 13:00:00+00:00,2024-04-13 22:00:00+00:00,6.673665190696717,4.895685854854333,39.53919212996825,263.8713301860387,4.893239235236715,2.97376297980352,SL,70.29986656298534,0.22872139690454601,0.0,70.20308083117382,7.314557218930005,9.597721192130251,33,1246.8889885265667,,5
SOL,-1,SQUEEZE_V2,2024-04-16 16:00:00+00:00,2024-04-16 21:00:00+00:00,127.57447847442627,135.48400479606656,1.1925381598071791,152.13743379825289,135.41629664774268,-29.261884991901454,SL,-9.432411964555353,0.15685363978053057,0.0,-9.513196887436758,9.351667413949249,-1.0172727992065422,5,1237.038010202695,,5
LINK,-1,SQUEEZE_V2,2024-04-16 16:00:00+00:00,2024-04-16 21:00:00+00:00,12.933412670326232,13.525346056547146,15.98002545396349,206.67626367842712,13.518586763165564,1.2299308135396192,SL,-9.459110578861006,0.2114058189678576,0.0,-9.56717826598965,9.351096898572507,-1.0231075957998177,5,1227.4708319367053,,5
DOGE,-1,SQUEEZE_V2,2024-04-16 16:00:00+00:00,2024-04-16 21:00:00+00:00,0.1478704202145338,0.1570527425618818,1027.075033434404,151.8740167858017,0.1569742554341647,-0.034206284178084106,SL,-9.4309340319079,0.15658948380175564,0.0,-9.511586507316753,9.350321862583714,-1.017246961880356,5,1217.9592454293886,,5
AVAX,-1,SQUEEZE_V2,2024-04-16 16:00:00+00:00,2024-04-16 21:00:00+00:00,32.942411511993406,34.82791740588707,5.004951096177425,164.87515860767923,34.81051214981217,-4.419601244381816,SL,-9.436864790492095,0.1695935910029253,0.0,-9.524020802191181,9.349752335020767,-1.0186388324445417,5,1208.4352246271974,,5
AVAX,-1,SQUEEZE_V2,2024-04-17 16:00:00+00:00,2024-04-17 18:00:00+00:00,32.63447064056397,34.164825577188154,5.986936200568362,195.3804936643778,34.147751701337484,2.3688494250936927,SL,-9.162137369793836,0.19996156234927473,0.0,-9.264408685310922,9.05991716437945,-1.0225710144167173,2,1198.6268563184503,,5
SUI,1,SQUEEZE_V2,2024-04-17 18:00:00+00:00,2024-04-18 00:00:00+00:00,1.31396274,1.2387828917283905,120.56979213561512,158.4242144357433,1.2394025930249029,2.805165679501945,SL,-9.064418678895041,0.1538920050962958,0.0,-9.139098576773465,8.989701422388377,-1.0166187003734097,6,1189.408545634459,,5
BTC,-1,SQUEEZE_V2,2024-04-17 15:00:00+00:00,2024-04-18 11:00:00+00:00,61279.44166,62834.5259896369,0.005948261920709045,364.5061693484895,62803.124427423194,30805.78631153602,SL,-9.250048901470558,0.36913119379922477,0.0,-9.436927010595538,9.06326418470398,-1.0412282835716282,20,1179.9716186238634,,5
ETH,-1,SQUEEZE_V2,2024-04-17 15:00:00+00:00,2024-04-18 11:00:00+00:00,2982.1534500000002,3063.9575678684737,0.1128886181637134,336.6511821226506,3062.4263546911284,1376.6953561774353,SL,-9.234753826273502,0.34126855903578734,0.0,-9.407696794247965,9.061897286568922,-1.0381597249167203,20,1170.5639218296153,,5
DOGE,-1,SQUEEZE_V2,2024-04-17 16:00:00+00:00,2024-04-18 14:00:00+00:00,0.145930811136961,0.15291608303201445,1311.4530115017644,191.38140173646272,0.15283966320041426,0.0077537698678958045,SL,-9.160855862926502,0.19596182966792597,0.0,-9.261126991726195,9.060634844635961,-1.0221278255363009,22,1161.3027948378892,,5
SUI,-1,SQUEEZE_V2,2024-04-19 02:00:00+00:00,2024-04-19 06:00:00+00:00,1.1761647199999998,1.2344676051926549,150.985976198022,177.5843784188732,1.2338506798527287,0.022445522945423235,SL,-8.802918035974221,0.1819858374368603,0.0,-8.896111684201644,8.70977096128417,-1.0213944458178956,4,1152.317890964478,,5
DOGE,1,SQUEEZE_V2,2024-04-20 18:00:00+00:00,2024-04-21 16:00:00+00:00,0.16363271775841712,0.15792778704235733,1535.3398607149672,251.23183409161967,0.1580067904375761,0.2761512641752376,SL,-8.759007530983778,0.2468523303261278,0.0,-8.880243944264096,8.637710469172585,-1.0280784446245446,22,1142.6888693617016,,5
LINK,1,SQUEEZE_V2,2024-04-20 14:00:00+00:00,2024-04-24 14:00:00+00:00,14.372873885536194,14.997542418374145,23.122960883164843,332.3434006339149,15.005044940844567,21.848027457694737,SL,14.444186049755922,0.33956549365879285,0.0,14.270792256414087,8.642384182233585,1.6512564074333786,96,1156.690028980163,,5
BTC,1,SQUEEZE_V2,2024-04-22 06:00:00+00:00,2024-04-24 14:00:00+00:00,66390.57546000001,65302.80865926642,0.008122617889189561,539.2652759049855,65335.47639746515,87492.5567106971,SL,-8.835514074905145,0.534847518867533,0.0,-9.100728955820186,8.570166520212762,-1.061908066121713,56,1147.589300024343,,5
ETH,1,SQUEEZE_V2,2024-04-20 18:00:00+00:00,2024-04-24 18:00:00+00:00,3154.830791162109,3137.0069901761494,0.13594482477139733,428.88291908794173,3138.576278315307,4425.975678359384,SL,-2.4230535017965473,0.42767139233704343,0.0,-2.63628343458962,8.640278447454586,-0.30511556434460346,96,1144.4962537470724,,5
SOL,1,SQUEEZE_V2,2024-04-20 18:00:00+00:00,2024-04-24 19:00:00+00:00,150.58011305236815,147.81917478209104,1.6995025721428496,255.91128944606075,147.8931213427624,252.24127294829938,SL,-4.692221691863576,0.25356517860012895,0.0,-4.817831225740675,8.638670136508008,-0.55770519647231,97,1139.6784225213316,,5
NEAR,1,SQUEEZE_V2,2024-04-20 16:00:00+00:00,2024-04-24 23:00:00+00:00,5.986197133541107,6.733803323123797,38.285721076888905,229.1858737660267,6.737171909078336,10.500223591147734,SL,28.622642049718603,0.243497194790886,0.0,28.49373779181073,8.641137894481208,3.297452041589185,103,1168.1721603131423,,5
APT,-1,SQUEEZE_V2,2024-04-27 02:00:00+00:00,2024-04-27 05:00:00+00:00,8.644571055793762,8.934029679883992,30.733647111942446,265.6791962628772,8.929564897435274,2.9446942229635145,SL,-8.896119206297529,0.270127255866026,0.0,-9.033406864032116,8.758900158087041,-1.0313403168195296,3,1158.6871079494422,,5
SOL,-1,SQUEEZE_V2,2024-04-26 23:00:00+00:00,2024-04-28 01:00:00+00:00,139.1521566772461,143.27901656376648,2.1604778621286616,300.6351539686492,143.2074128573378,58.0470330754121,SL,-8.915989424934079,0.30509314868111626,0.0,-9.07076499663087,8.761291202348566,-1.0353228522069151,26,1149.3710789138677,,5
AVAX,-1,SQUEEZE_V2,2024-04-26 23:00:00+00:00,2024-04-28 03:00:00+00:00,34.35512711181641,35.26585923069564,9.808627632433753,336.9766491047364,35.248235113139074,16.49296708536315,SL,-8.93303222698377,0.3414431652182283,0.0,-9.105987067649629,8.760163820521184,-1.0394768013719486,28,1140.265091846218,,5
ETH,1,SQUEEZE_V2,2024-04-27 18:00:00+00:00,2024-04-29 02:00:00+00:00,3259.2816087890624,3213.07516186334,0.15050190096017482,490.52807788729075,3214.682503114897,4414.104671378867,SL,-6.954158098936663,0.48705099883782244,0.0,-7.19594505883084,8.690153309620817,-0.8280573198707843,32,1132.631250656693,,5
APT,-1,SQUEEZE_V2,2024-04-29 03:00:00+00:00,2024-04-29 04:00:00+00:00,8.903019454956056,9.114984447810796,40.95628688331025,364.63461892487265,9.1104292331942,4.754823890193166,SL,-8.681299056577567,0.3689752684531614,0.0,-8.867957015568292,8.494734379925198,-1.0439357629033224,1,1123.5809763316624,,5
XRP,-1,SQUEEZE_V2,2024-04-28 23:00:00+00:00,2024-04-29 16:00:00+00:00,0.5130973450303078,0.5148603597708571,1333.3903629287317,684.1590551077308,0.5146030582417362,0.39840335242499825,SL,-2.3507868647497294,0.6853344485401056,0.0,-2.6940417857359695,7.6465932212870005,-0.3523192234466128,17,1120.7580056251045,,5
BTC,-1,SQUEEZE_V2,2024-04-24 15:00:00+00:00,2024-04-29 23:00:00+00:00,65224.55248,64065.160364132396,0.009667105677782945,630.5326416102596,64033.14379223628,47417.940993455275,SL,11.207966106080478,0.6249286585572194,0.0,10.89830376832839,8.606919750182572,1.2662257909511951,128,1131.6563093934328,,5
SOL,-1,SQUEEZE_V2,2024-04-29 00:00:00+00:00,2024-05-01 17:00:00+00:00,137.9724,127.500437308779,1.388924207162878,191.63320628035945,127.43671894930435,77.11264345410015,SL,14.544762478343358,0.18436082504118778,0.0,14.45621825644235,4.226479455431968,3.4203924114342703,65,1145.8039622728,,5
DOGE,-1,SQUEEZE_V2,2024-04-24 15:00:00+00:00,2024-05-01 18:00:00+00:00,0.15569884817898275,0.13164753270151042,1817.5667133155346,282.99304375168805,0.13158174183059512,0.061016708703833175,SL,43.714870423304426,0.2611356085400358,0.0,43.59523133664023,8.604555252776533,5.066529304065175,171,1189.39919360944,,5
NEAR,-1,SQUEEZE_V2,2024-04-29 04:00:00+00:00,2024-05-01 18:00:00+00:00,6.869625613117218,6.406328678209132,37.535938079656844,257.8578416443926,6.403127114651806,2.3796047138902248,SL,17.390285061204747,0.24916269911379021,0.0,17.27005128291315,8.426857322487468,2.0494059199064876,62,1206.6692448923532,,5
LINK,-1,SQUEEZE_V2,2024-04-30 09:00:00+00:00,2024-05-01 18:00:00+00:00,13.537291961860657,13.429326813550869,24.215471077321922,327.81190196769927,13.422615505797971,6.527374794980252,SL,2.614426926254435,0.32650468850457204,0.0,2.4518281887337126,8.487422320450746,0.28887783547967744,33,1209.121073081087,,5
ETH,-1,SQUEEZE_V2,2024-05-01 08:00:00+00:00,2024-05-01 18:00:00+00:00,2868.866053417969,2954.491073357118,0.10084780773842933,289.3188521824019,2953.014566074081,1185.895800295727,SL,-8.635095548422461,0.2936363999566131,0.0,-8.784072522287873,8.486193025818366,-1.035101664028056,10,1200.337000558799,,5
SUI,-1,SQUEEZE_V2,2024-05-03 08:00:00+00:00,2024-05-03 13:00:00+00:00,1.09098176,1.1238525026400408,278.6375442581156,303.98847843679687,1.123290857211435,0.444799815771297,SL,-9.159023007161483,0.3085679899403776,0.0,-9.315596757883462,9.002527504190992,-1.0347757064387446,5,1190.8694095616972,,5
AVAX,1,SQUEEZE_V2,2024-05-03 13:00:00+00:00,2024-05-06 12:00:00+00:00,34.64392843780517,37.455579426090246,9.914620164174234,343.48139145567234,37.474316584382436,52.65888724937104,SL,27.876451583071603,0.35741961724720817,0.0,27.69077266155223,8.930573694495946,3.1006712008455284,71,1217.641304193378,,5
ETH,1,SQUEEZE_V2,2024-05-03 16:00:00+00:00,2024-05-06 15:00:00+00:00,3076.2152176757813,3061.909146939133,0.144004377262642,442.9884567472636,3063.440867372819,4315.940059778501,SL,-2.0601368075063746,0.4419583883435104,0.0,-2.280600967476253,8.926290193201494,-0.2554925862944968,71,1215.3607032259017,,5
LINK,1,SQUEEZE_V2,2024-05-03 14:00:00+00:00,2024-05-07 00:00:00+00:00,13.934786560249329,14.36907861198425,26.57985306631888,370.38457928194225,14.376266745356928,20.65241521914261,SL,11.543418922984367,0.37615628874343443,0.0,11.352454923881904,8.9276791353738,1.2716020313611527,82,1226.7131581497836,,5
BTC,1,SQUEEZE_V2,2024-05-03 14:00:00+00:00,2024-05-07 23:00:00+00:00,61680.63366,62245.90046226159,0.006945470817920846,428.40104111639624,62277.03898175246,87393.17604442255,SL,3.926044079447312,0.4303640631561199,0.0,3.7098805368493903,8.929285639277989,0.4154733857466079,105,1230.423038686633,,5
SOL,1,SQUEEZE_V2,2024-05-03 13:00:00+00:00,2024-05-08 04:00:00+00:00,141.9583786743164,147.0183238508927,1.778694526524353,252.50059114227804,147.09186978578558,242.38619737531965,SL,9.000096790089552,0.25700063953732283,0.0,8.869346446123368,8.93152057171273,0.993038797247327,111,1239.0620674521047,,5
NEAR,-1,SQUEEZE_V2,2024-05-08 16:00:00+00:00,2024-05-09 04:00:00+00:00,6.983603133487701,7.243028107184597,36.32828019618939,253.70229141232744,7.239408402983106,1.8674977435796087,SL,-9.424463134349887,0.2584145229795024,0.0,-9.556026511623227,9.292965505890784,-1.0283075413941534,12,1228.738734850591,,5
ETH,-1,SQUEEZE_V2,2024-05-08 21:00:00+00:00,2024-05-09 05:00:00+00:00,2951.009777636719,3012.236391544782,0.15555499374188275,459.04430749251463,3010.731026031766,1756.5848097357748,SL,-9.524105543305406,0.46380636026416733,0.0,-9.758389749823316,9.289938420348967,-1.0504256657340416,8,1218.9803451007679,,5
APT,-1,SQUEEZE_V2,2024-05-09 11:00:00+00:00,2024-05-09 12:00:00+00:00,8.397520599365235,8.606984802592876,44.55385339688894,374.1419016814736,8.602683460862446,4.29426336942103,SL,-9.332437402500489,0.3788081203827238,0.0,-9.524174572042476,9.140796053632968,-1.0419414803874916,1,1209.0615616281793,,5
LINK,1,SQUEEZE_V2,2024-05-09 09:00:00+00:00,2024-05-09 13:00:00+00:00,14.204840064239502,13.88502200910742,29.220737265153574,415.0758994106697,13.891967993103972,20.462281486950086,SL,-9.345319361666961,0.4104032397298362,0.0,-9.548184651691463,9.14235258825576,-1.0443903316480085,4,1199.513376976488,,5
SOL,-1,SQUEEZE_V2,2024-05-08 21:00:00+00:00,2024-05-09 15:00:00+00:00,141.0417933227539,145.99662917897348,1.9025925210888812,268.3450611368353,145.92366734530083,43.40431287181521,SL,-9.427033643266386,0.2730585779584685,0.0,-9.565919690656436,9.28821700419587,-1.029898384839105,18,1189.9474572858314,,5
BTC,-1,SQUEEZE_V2,2024-05-08 21:00:00+00:00,2024-05-09 16:00:00+00:00,61555.6864,62620.32346807626,0.008992191495386383,553.5205197387512,62589.02895359947,40888.83532801062,SL,-9.573420389228465,0.5583072299333656,0.0,-9.854967359292456,9.292014122297987,-1.0605846299397623,19,1180.092489926539,,5
LINK,1,SQUEEZE_V2,2024-05-09 19:00:00+00:00,2024-05-10 14:00:00+00:00,14.22784538154602,13.901930350573448,27.748549480550356,394.8020715714496,13.908884792969932,20.607057153067792,SL,-9.043669363397523,0.39028023688975083,0.0,-9.236548564501549,8.850693674449042,-1.0435960054934932,19,1170.5395209498074,,5
NEAR,1,SQUEEZE_V2,2024-05-09 23:00:00+00:00,2024-05-10 14:00:00+00:00,7.492498375511169,7.210353911267204,31.77027754402637,238.03875288815655,7.213960891713061,13.063248051473337,SL,-8.963807936541386,0.23355684891988587,0.0,-9.078345409017194,8.849213166680649,-1.025892950934811,15,1161.4611755407902,,5
ETH,-1,SQUEEZE_V2,2024-05-10 15:00:00+00:00,2024-05-13 08:00:00+00:00,2934.273135400391,2985.3512917155026,0.1756729521049385,515.4724239780006,2983.8593620344855,1942.5486027185,SL,-8.97305050795319,0.5199589492319772,0.0,-9.235273245196167,8.710958816555927,-1.060190208641985,65,1151.4767769316754,,5
NEAR,-1,SQUEEZE_V2,2024-05-11 12:00:00+00:00,2024-05-13 09:00:00+00:00,7.036592506790162,7.1026514903920095,37.376751255096714,263.0049678097733,7.099101939422299,2.37790690539316,SL,-2.4690701982507823,0.2642395029088987,0.0,-2.6018072172547946,8.706326644955823,-0.2988409835004527,45,1148.8749697144206,,5
LINK,-1,SQUEEZE_V2,2024-05-10 15:00:00+00:00,2024-05-15 13:00:00+00:00,13.807238419532776,13.565943836816015,30.185431947635173,416.7774556975804,13.559164254688671,8.036888132630004,SL,7.283581205929841,0.4131356650946155,0.0,7.078834268684016,8.70902579496601,0.812815857403445,118,1155.9538039831045,,5
SUI,-1,SQUEEZE_V2,2024-05-11 11:00:00+00:00,2024-05-15 14:00:00+00:00,1.00009994,0.9541435524573748,302.96560196989645,302.9958803521573,0.953666719097826,0.4252846591304358,SL,13.923204616213264,0.2960342780440507,0.0,13.778668278345291,8.707462879507144,1.582397590321417,99,1169.4450273271932,,5
XRP,-1,SQUEEZE_V2,2024-05-07 23:00:00+00:00,2024-05-15 16:00:00+00:00,0.528094330728054,0.5156618473084787,872.259622004651,460.6353613036515,0.5154041452358609,0.3165019892428143,SL,10.844353288137805,0.4552131846595826,0.0,10.619457784130049,9.228172790149747,1.1507649483400846,185,1180.0644851113232,,5
NEAR,1,SQUEEZE_V2,2024-05-15 13:00:00+00:00,2024-05-18 14:00:00+00:00,7.4134825793266295,7.891792521142724,32.60105577288464,241.68735903993615,7.895740391338393,12.731349632989698,SL,15.593409089871713,0.24948406358487202,0.0,15.46476870580681,8.66840402046276,1.7840387537660283,73,1194.818483409439,,5
ETH,1,SQUEEZE_V2,2024-05-18 11:00:00+00:00,2024-05-18 14:00:00+00:00,3137.7773323242186,3096.3447308139284,0.22183932847229315,696.0824162983881,3097.893677652755,3935.4504257534977,SL,-9.19138049590289,0.6914867260504367,0.0,-9.534826013804134,8.84776316933836,-1.077653846663388,3,1185.283657395635,,5
SOL,1,SQUEEZE_V2,2024-05-15 13:00:00+00:00,2024-05-19 15:00:00+00:00,149.00979172668457,166.43324646358076,2.23611150389778,333.20250947345164,166.5165047159387,226.55202085757674,SL,38.96078757481584,0.35268290326085955,0.0,38.7747059262917,8.669653529873283,4.4724631489233735,98,1223.4860288249997,,5
AVAX,1,SQUEEZE_V2,2024-05-17 07:00:00+00:00,2024-05-19 15:00:00+00:00,35.905178409576415,35.9054692989279,11.113628595259348,399.036817490557,35.92343101443511,51.83023741537894,SL,0.0032328362146957345,0.39903843390866434,0.0,-0.19628718894869013,8.84925955740395,-0.022181199192474993,56,1223.289741636051,,5
DOGE,-1,SQUEEZE_V2,2024-05-19 13:00:00+00:00,2024-05-20 04:00:00+00:00,0.1496400708436966,0.1527841273559408,2896.943291810058,433.4987994166287,0.1527077734692062,0.08828601833350484,SL,-9.108153422217555,0.43805287612773747,0.0,-9.329456898636979,8.886960542238121,-1.0497916418437723,15,1213.960284737414,,5
XRP,-1,SQUEEZE_V2,2024-05-19 13:00:00+00:00,2024-05-20 05:00:00+00:00,0.5138971985697747,0.517666705406212,1383.8763791992562,711.1701944373809,0.5174080014055092,0.42582601138695986,SL,-5.216531472175675,0.7137784601734688,0.0,-5.5747248351304535,6.093981781516654,-0.9147918446423433,16,1208.3855599022836,,5
SOL,1,SQUEEZE_V2,2024-05-20 05:00:00+00:00,2024-05-21 14:00:00+00:00,175.59510955810546,177.3542252326201,2.079269451484544,365.10954713425036,177.4429467059731,262.7689166161224,SL,3.6576754836459324,0.36693838487607333,0.0,3.473291872336984,9.062891699267126,0.38324322827534757,33,1211.4830010039582,,5
LINK,1,SQUEEZE_V2,2024-05-16 19:00:00+00:00,2024-05-22 12:00:00+00:00,14.414882102394104,16.38041488093366,22.644762494366496,326.42158159300885,16.388609185526423,22.231686222584564,SL,44.5090229449205,0.34867609306546915,0.0,44.32355764265154,8.850483638334923,5.008037916783303,137,1255.8065586466098,,5
DOGE,1,SQUEEZE_V2,2024-05-20 20:00:00+00:00,2024-05-22 12:00:00+00:00,0.15767152321636677,0.16319294481341842,2451.882155412401,386.5919941909018,0.16327458210447066,0.23158635243001832,SL,13.537875086319598,0.3933609317340616,0.0,13.337810151680987,9.061522538465374,1.4719171193431506,40,1269.1443687982908,,5
LINK,-1,SQUEEZE_V2,2024-05-23 14:00:00+00:00,2024-05-23 21:00:00+00:00,15.97280463218689,16.56999858918125,16.162966651998047,258.16790860891666,16.561717730316094,4.194542669602804,SL,-9.652426011674597,0.26299412161475394,0.0,-9.786336178984893,9.51858276598718,-1.028129546128913,7,1258.9796325171192,,5
APT,-1,SQUEEZE_V2,2024-05-23 14:00:00+00:00,2024-05-24 00:00:00+00:00,8.726953944206238,9.037791155606222,31.070765204151115,271.15313694787255,9.03327451834705,2.6005424613900274,SL,-9.65795001212196,0.2759821119539335,0.0,-9.798355555601956,9.517614636329897,-1.0294969832252334,10,1249.1812769615171,,5
XRP,1,SQUEEZE_V2,2024-05-25 11:00:00+00:00,2024-05-25 13:00:00+00:00,0.5407081218123436,0.5335426884548954,1357.6879238464003,734.1128873102873,0.5338095932515211,0.6786786930287946,SL,-9.728422338533637,0.7292486761410205,0.0,-10.090614571019513,9.366048919338215,-1.0773608656031335,2,1238.348851563754,,5
NEAR,1,SQUEEZE_V2,2024-05-25 22:00:00+00:00,2024-05-26 09:00:00+00:00,8.214642897605895,8.016787382904692,47.91256332616051,393.5845980333371,8.02079778179559,12.091545213811992,SL,-9.479764877551474,0.38884471559456135,0.0,-9.671817294129367,9.287616386728153,-1.0413670086493054,11,1227.9276520623116,,5
BTC,1,SQUEEZE_V2,2024-05-25 11:00:00+00:00,2024-05-26 15:00:00+00:00,69390.57534,68668.90502731793,0.010801304968354372,749.5087661769103,68703.25665564575,83136.94902708507,SL,-7.7949811338866395,0.745611275609967,0.0,-8.165838026408151,7.4239387201583495,-1.099933382294133,28,1219.5749702546345,,5
SOL,-1,SQUEEZE_V2,2024-05-26 03:00:00+00:00,2024-05-27 12:00:00+00:00,165.75683528747558,168.2306635470384,3.328845584526958,551.7789092518753,168.14659025191244,109.96487853436501,SL,-8.234992278723709,0.5558964053912372,0.0,-8.514999229489009,9.286140444485529,-0.9169578341393217,33,1210.8412534313302,,5
AVAX,-1,SQUEEZE_V2,2024-05-26 09:00:00+00:00,2024-05-27 15:00:00+00:00,37.38252138977051,37.983012215803456,9.996317761487195,373.6875625377379,37.96403020070311,25.752345171118574,SL,-6.002697109883253,0.37668891109267955,0.0,-6.1925422397070635,5.812946855186818,-1.0653017125352757,30,1204.648711191623,,5
ETH,1,SQUEEZE_V2,2024-05-26 08:00:00+00:00,2024-05-27 19:00:00+00:00,3785.997038232422,3856.936261095632,0.1461704543750205,553.400907340915,3858.865693942603,4726.923942770397,SL,10.369218438926254,0.558585516560378,0.0,10.087333376036334,6.876785658499855,1.4668674984174,35,1214.5256146830548,,5
APT,1,SQUEEZE_V2,2024-05-27 04:00:00+00:00,2024-05-28 04:00:00+00:00,9.263152346992493,9.249562300510936,47.22314512863942,437.4351876307234,9.25418939520854,13.137020659657031,SL,-0.6417647373035236,0.4371143052620716,0.0,-0.8601614487502335,9.146812276909758,-0.09403947765732854,24,1213.6654532343046,,5
NEAR,-1,SQUEEZE_V2,2024-05-28 05:00:00+00:00,2024-05-28 09:00:00+00:00,7.660467779254914,7.884764413228695,41.30807298178147,316.4391621000474,7.880824001228082,3.253343339791545,SL,-9.265261725756902,0.3210717929629259,0.0,-9.428113937669805,9.102490899257283,-1.0357729595136524,4,1204.0791197155847,,5
LINK,1,SQUEEZE_V2,2024-05-27 16:00:00+00:00,2024-05-28 14:00:00+00:00,18.032605128479002,17.923019250470396,23.338822439188572,420.8597692095727,17.93198524309194,25.77495404730584,SL,-2.5576053486854216,0.41958096653522997,0.0,-2.766756430615865,9.034865333937173,-0.3062310646981365,22,1201.3123632849688,,5
DOGE,1,SQUEEZE_V2,2024-05-29 04:00:00+00:00,2024-05-29 08:00:00+00:00,0.1698939773797989,0.16572717372787787,2206.1866807803344,374.8178300401077,0.1658100787672615,0.2515719496305466,SL,-9.192746718294998,0.3702214566809602,0.0,-9.375559259955905,9.009842724637265,-1.0405907790508477,4,1191.7493951099927,,5
LINK,1,SQUEEZE_V2,2024-05-29 11:00:00+00:00,2024-05-30 07:00:00+00:00,18.700739903640745,18.234175260312455,19.539309954432017,365.39955335445165,18.243296908766837,27.849599801118927,SL,-9.116351179770485,0.36084137776456643,0.0,-9.294492780857825,8.938120463324946,-1.039871057790634,20,1182.2722025524577,,5
APT,-1,SQUEEZE_V2,2024-05-30 07:00:00+00:00,2024-05-30 12:00:00+00:00,9.036892363739014,9.264874932495594,39.68131450844564,358.59576806449854,9.26024481009055,4.569843436708291,SL,-9.046648013273199,0.36311909207113513,0.0,-9.230469221312084,8.862918669906012,-1.041470599595378,5,1172.3127222154576,,5
DOGE,-1,SQUEEZE_V2,2024-05-30 07:00:00+00:00,2024-05-30 15:00:00+00:00,0.16028793486058712,0.1644536763687846,2171.050155602724,347.9931459203169,0.1643714906234729,0.07861681960287198,SL,-9.044033749572876,0.3525151627951034,0.0,-9.222552339407821,8.865604374425553,-1.0402621129826128,8,1162.75289579958,,5
SOL,-1,SQUEEZE_V2,2024-05-30 07:00:00+00:00,2024-05-30 16:00:00+00:00,166.08677111816408,170.0145072809253,2.3074600635213605,383.23859143437653,169.92954250967048,89.23134328803573,SL,-9.063094335620152,0.3877701386021867,0.0,-9.25924517850515,8.867041519143433,-1.044231625454214,9,1153.493650621075,,5
BTC,1,SQUEEZE_V2,2024-05-30 14:00:00+00:00,2024-05-31 14:00:00+00:00,68631.52356,67703.08283034446,0.00982854697010412,674.5481529392677,67736.95130599746,86522.968640051,SL,-9.125223320377254,0.6699855412790789,0.0,-9.4579347851867,8.792345416615932,-1.0757010032059164,24,1144.0357158358881,,5
LINK,-1,SQUEEZE_V2,2024-05-31 16:00:00+00:00,2024-05-31 18:00:00+00:00,17.565486444091796,17.98162059894953,21.06786002872085,370.0672097405195,17.972634281808627,9.42252968975517,SL,-8.767056127712772,0.3744507378043759,0.0,-8.956473260646888,8.577733656014551,-1.044153807966137,2,1134.3670909613686,,5
DOGE,-1,SQUEEZE_V2,2024-05-31 16:00:00+00:00,2024-05-31 21:00:00+00:00,0.1566386701285839,0.16026851144527532,2416.0441977607534,378.44595010912576,0.160188417236657,0.0856437279671217,SL,-8.769857051984554,0.38283087863511805,0.0,-8.963464955565108,8.576345903978023,-1.045137994190221,5,1125.4036260058035,,5
ETH,1,SQUEEZE_V2,2024-06-01 22:00:00+00:00,2024-06-02 09:00:00+00:00,3816.103155908203,3777.7835755174215,0.17015125362132077,649.3147359260593,3779.673412223533,4544.698029601607,SL,-6.52012464173446,0.646054673605192,0.0,-6.841521947376623,6.198566557049999,-1.1037264639185576,11,1118.0725972581886,,5
BTC,-1,SQUEEZE_V2,2024-05-31 16:00:00+00:00,2024-06-02 11:00:00+00:00,67206.15608,68093.47863752859,0.010055478654236578,675.7900678957318,68059.44891307206,50140.29941855876,SL,-8.92245303665135,0.6802512944140575,0.0,-9.26480929711754,8.58026786876916,-1.079780892487052,43,1108.4902967724233,,5
SOL,-1,SQUEEZE_V2,2024-06-02 10:00:00+00:00,2024-06-02 12:00:00+00:00,164.63706416931151,166.3235494544579,3.856861639869677,634.98237729538,166.240429239838,132.56976275878182,SL,-6.504540402485729,0.638234647496623,0.0,-6.825283861334662,6.183957235220516,-1.1037081276147078,2,1101.6650129110888,,5
BTC,1,SQUEEZE_V2,2024-06-02 12:00:00+00:00,2024-06-02 13:00:00+00:00,68279.75322,67781.75608019362,0.00968074687699718,660.9990077466532,67815.66391214968,77561.53937700637,SL,-4.820984255934132,0.6585885156186861,0.0,-5.1490732676794915,4.492731117619711,-1.1460897910150287,1,1096.1854401395358,,5
LINK,1,SQUEEZE_V2,2024-05-31 21:00:00+00:00,2024-06-02 20:00:00+00:00,18.560710606384276,18.07650034267914,17.763267341559196,329.6988645505172,18.085543114236255,28.06406044934471,SL,-8.601156363721223,0.3253982863686566,0.0,-8.76170521781462,8.440527195043526,-1.0380518912325403,47,1086.7905481837136,,5
SOL,-1,SQUEEZE_V2,2024-06-02 18:00:00+00:00,2024-06-03 01:00:00+00:00,162.31753610229492,164.53610394829556,3.8483515305072244,624.6549384874284,164.4538770097907,119.59071795237989,SL,-8.537828965690673,0.6289238529702736,0.0,-8.854425349417234,8.221390801046518,-1.0769984743080374,7,1077.9361228342964,,5
XRP,-1,SQUEEZE_V2,2024-06-02 18:00:00+00:00,2024-06-03 01:00:00+00:00,0.5123974880814552,0.5171859375849771,1252.3842377343528,641.7185375278905,0.5169274738480532,0.4217977727494969,SL,-5.996978681397669,0.6447170268685893,0.0,-6.3208364395023136,5.673282771248192,-1.1141409117726124,7,1071.615286394794,,5
NEAR,-1,SQUEEZE_V2,2024-05-30 07:00:00+00:00,2024-06-04 16:00:00+00:00,7.399519822883606,7.4295362606951345,49.7592728678004,368.19472595756343,7.425823349020624,3.8366464570774506,SL,-1.4935961195831924,0.368941524017355,0.0,-1.6784402806217658,8.864299400128353,-0.18934832916377603,129,1069.7353165447798,,5
SUI,-1,SQUEEZE_V2,2024-05-23 14:00:00+00:00,2024-06-05 08:00:00+00:00,1.07088578,1.0881450167669633,212.421495425203,227.47915881718495,1.087601216158884,0.1748749696988089,SL,-3.666232883935986,0.22931227525915293,0.0,-3.7818055797865466,9.516597812066344,-0.39739050178116136,306,1065.6804467768375,,5
SOL,1,SQUEEZE_V2,2024-06-04 16:00:00+00:00,2024-06-06 19:00:00+00:00,167.97359044189452,169.16316284020974,3.2512752443705835,546.1283763117749,169.2477867335765,217.3266243812839,SL,3.8676272900288207,0.5480621899567893,0.0,3.592629288227919,8.023014874085849,0.44779043098025756,51,1068.787189024005,,5
AVAX,1,SQUEEZE_V2,2024-06-05 17:00:00+00:00,2024-06-06 20:00:00+00:00,36.58031646194458,35.91676503152436,12.380422308698494,452.87976598470937,35.934732397723224,49.49199774637166,SL,-8.215046932143204,0.4487722425186378,0.0,-8.437379291669487,7.992603350826281,-1.0556484441076668,27,1060.3498097323356,,5
APT,-1,SQUEEZE_V2,2024-06-06 20:00:00+00:00,2024-06-07 04:00:00+00:00,9.011996907424926,9.15693564046608,11.827339948161656,106.58795103589614,9.152359460735713,6.204745841209169,SL,-1.7142396673335865,0.10744507086956293,0.0,-1.7683907626852013,1.660115633998642,-1.0652214378740366,8,1057.9825914209518,,5
XRP,-1,SQUEEZE_V2,2024-06-06 20:00:00+00:00,2024-06-07 05:00:00+00:00,0.5198959809303284,0.5252536694061594,1223.7253396360845,636.2098858394014,0.5249911738192498,0.4179921231519017,SL,-6.556339149750574,0.6394880554142768,0.0,-6.87772226224515,6.235116648506644,-1.1030623242457567,9,1051.1048691587066,,5
SUI,1,SQUEEZE_V2,2024-06-07 05:00:00+00:00,2024-06-07 12:00:00+00:00,1.15983192,1.1325707645014234,295.31404881091413,342.51466023533624,1.1331373331680072,1.6937236566398544,SL,-8.050602205548588,0.33848935913256195,0.0,-8.217834234563481,7.8832865186903,-1.0424375944068518,7,1042.7157775940254,,5
BTC,1,SQUEEZE_V2,2024-06-09 13:00:00+00:00,2024-06-09 14:00:00+00:00,69714.04002,69354.33359331764,0.0017867516318069456,124.56167476558971,69389.02810737133,76214.27827257347,SL,-0.6427060448461488,0.12424032174316664,0.0,-0.7046655292065206,0.580715565245979,-1.2134435020835699,1,1041.6570933827911,,5
NEAR,-1,SQUEEZE_V2,2024-06-06 17:00:00+00:00,2024-06-10 15:00:00+00:00,7.42651437330246,6.613631879440401,69.87050587307347,518.894316136294,6.61032671608236,5.1391672439657725,SL,56.796511061507594,0.49049606060554024,0.0,56.5654621589702,7.990905051703838,7.078730355694714,94,1098.2225555417613,,5
ETH,-1,SQUEEZE_V2,2024-06-07 18:00:00+00:00,2024-06-12 10:00:00+00:00,3722.9752267089843,3560.8931047599576,0.15672295778501222,583.4756892901585,3559.113547985965,2724.9889147504073,SL,25.401989555922516,0.5707746945121972,0.0,25.122952706055397,7.820368331955191,3.2125024857715805,112,1123.008918210474,,5
LINK,-1,SQUEEZE_V2,2024-06-03 15:00:00+00:00,2024-06-12 12:00:00+00:00,17.86742608985901,15.665462347099707,22.558321313756906,403.05913878484273,15.657633530334541,10.741794234389648,SL,49.6726056304071,0.3782228359696391,0.0,49.49591236382988,8.037114647960955,6.158418105481072,213,1172.5048305743037,,5
DOGE,-1,SQUEEZE_V2,2024-06-06 20:00:00+00:00,2024-06-12 12:00:00+00:00,0.15970805296301843,0.1425620306304237,2848.0546352111705,454.8572605218758,0.14249078523780478,0.10387880244492846,SL,48.832808379780694,0.4304408563319855,0.0,48.62979615370965,7.950237785920619,6.116772537273039,136,1221.1346267280132,,5
AVAX,-1,SQUEEZE_V2,2024-06-11 02:00:00+00:00,2024-06-12 12:00:00+00:00,31.798639305114747,32.50945946918033,11.856999935435269,377.03646418767494,32.493212862748955,17.907168152430597,SL,-8.428194639431677,0.3812505615073908,0.0,-8.62092696884523,8.235558628023842,-1.0467932241426905,34,1212.513699759168,,5
SUI,-1,SQUEEZE_V2,2024-06-11 01:00:00+00:00,2024-06-12 13:00:00+00:00,1.0272945,1.0401073232762814,288.27528084501427,296.1436104980385,1.0395875295115258,0.45584979323088126,SL,-3.693620228387561,0.29799042061223235,0.0,-3.843538843750774,8.236669166563209,-0.4666375164555152,36,1208.6701609154172,,5
SUI,-1,SQUEEZE_V2,2024-06-14 00:00:00+00:00,2024-06-14 06:00:00+00:00,0.96590678,0.9934446057612742,335.2282943902817,323.79928239940904,0.9929481316954266,0.4250797460914668,SL,-9.231458361168738,0.3284150115799934,0.0,-9.397973731549026,9.065026206865628,-1.036728798911936,6,1199.1102875426686,,5
XRP,-1,SQUEEZE_V2,2024-06-14 16:00:00+00:00,2024-06-15 13:00:00+00:00,0.47410517029762267,0.48088074659698504,1375.7439878497428,652.2473376454328,0.4806404263837932,0.3434000485742123,SL,-9.321458358064994,0.6569080668244653,0.0,-9.652242756066743,8.990839269607513,-1.0735641542047167,21,1188.4032614152395,,5
SOL,-1,SQUEEZE_V2,2024-06-14 15:00:00+00:00,2024-06-16 15:00:00+00:00,145.07098610229494,148.52391309537325,2.661769744739912,386.14556164667295,148.44968825124764,77.49694312324092,SL,-9.190896600971598,0.39074100994715877,0.0,-9.38856483009542,8.993327156570015,-1.043947881206197,48,1179.014696585144,,5
ETH,1,SQUEEZE_V2,2024-06-16 23:00:00+00:00,2024-06-17 02:00:00+00:00,3629.6156705566405,3585.8579161260786,0.19489909735886657,707.4088179510865,3587.651741997077,4468.894241747908,SL,-8.528346840967442,0.7031446445306027,0.0,-8.877787076522502,8.178731797890899,-1.085472331885473,3,1169.783205099646,,5
NEAR,-1,SQUEEZE_V2,2024-06-14 15:00:00+00:00,2024-06-19 02:00:00+00:00,5.695860626697541,4.903032318070344,48.682890937935966,277.29096168719997,4.9005820270568154,2.0017993507649967,SL,38.59717408140606,0.25799237464649694,0.0,38.47782718760316,8.991879110713839,4.279175321847551,107,1208.2610322872492,,5
DOGE,-1,SQUEEZE_V2,2024-06-14 16:00:00+00:00,2024-06-19 02:00:00+00:00,0.13940211537778377,0.1251511376093336,3180.5601786162483,443.3768169854468,0.12508859331267727,0.08288129616786793,SL,45.326092396678035,0.4207137707871078,0.0,45.12706703438365,8.988393342091342,5.020593260317185,106,1253.3880993216328,,5
AVAX,-1,SQUEEZE_V2,2024-06-14 16:00:00+00:00,2024-06-19 17:00:00+00:00,30.693860762786866,27.56345475813147,11.4194192600524,350.506064759935,27.549679918172387,14.954477744483702,SL,35.7474186213455,0.3326323554492623,0.0,35.59003929827621,8.986730679027646,3.960287736377008,121,1288.978138619909,,5
SOL,-1,SQUEEZE_V2,2024-06-20 04:00:00+00:00,2024-06-20 06:00:00+00:00,133.05338583068848,136.84661591621935,2.5953687988248677,345.32260616297566,136.77822680281795,58.55656638809923,SL,-9.844831010750593,0.3502450216683509,0.0,-10.022414729337456,9.667336039649317,-1.0367297348754434,2,1278.7830625874901,,5
ETH,1,SQUEEZE_V2,2024-06-20 08:00:00+00:00,2024-06-20 13:00:00+00:00,3608.001485302734,3552.5975210933484,0.1788448519908199,645.2724916216258,3554.374708447572,4680.537022405979,SL,-9.908713778732283,0.6403181347322597,0.0,-10.22639566765373,9.590872969406176,-1.0662632797113256,5,1268.2340306740255,,5
ETH,-1,SQUEEZE_V2,2024-06-21 08:00:00+00:00,2024-06-21 09:00:00+00:00,3474.005011181641,3528.3550314498157,0.18087749975896486,628.36934057265,3526.5917355820247,2422.2705231739615,SL,-9.830695777956528,0.6332846884616283,0.0,-10.149795796131832,9.51175523005519,-1.0670791615894997,1,1257.582095909036,,5
ETH,-1,SQUEEZE_V2,2024-06-21 09:00:00+00:00,2024-06-21 10:00:00+00:00,3458.798092236328,3516.307323852539,0.17158041285599113,593.4620046514236,3513.768619246506,2359.387552032769,SL_GAP,-9.867457703740277,0.5983957335032938,0.0,-10.169122434917858,9.43186571931777,-1.078166583106679,1,1246.5852035975222,,5
LINK,-1,SQUEEZE_V2,2024-06-21 09:00:00+00:00,2024-06-21 10:00:00+00:00,14.094180722045898,14.454223049640655,28.840242399416073,406.4795884449808,14.421141921130385,7.554956740356151,SL_GAP,-10.383708001882752,0.41167144244592213,0.0,-10.592139650106184,9.429640236800328,-1.1232814173301182,1,1235.993063947416,,5
XRP,-1,SQUEEZE_V2,2024-06-21 09:00:00+00:00,2024-06-21 10:00:00+00:00,0.485802834635973,0.4930355292372466,1349.514892366914,655.5981600953069,0.49278913466991164,0.3460768339572006,SL,-9.760629076360463,0.6604784746334871,0.0,-10.093308470946296,9.428115938343659,-1.0705541315945568,1,1225.8997554764696,,5
SOL,-1,SQUEEZE_V2,2024-06-21 08:00:00+00:00,2024-06-21 20:00:00+00:00,131.39371416931152,134.78495340793708,2.860932880380884,375.90859714235097,134.71759461063178,64.91610534290663,SL,-9.702107843021695,0.3807596510638618,0.0,-9.89491319551438,9.509398845028043,-1.0405403492659162,12,1215.622706436243,,5
XRP,-1,SQUEEZE_V2,2024-06-21 17:00:00+00:00,2024-06-21 22:00:00+00:00,0.48210355671048166,0.4922589183254046,927.8351636971993,447.31263245947173,0.4920129118694699,0.2839164535307174,SL,-9.42250160638626,0.45202388326266485,0.0,-9.65086917341919,9.194248166073521,-1.0496637679446794,5,1205.971837262824,,5
SUI,1,SQUEEZE_V2,2024-06-22 00:00:00+00:00,2024-06-22 20:00:00+00:00,0.92008398,0.8884404750435531,289.9057873979116,266.73767069410434,0.8888849175023041,1.5440652299539184,SL,-9.173635220428476,0.2621508530838901,0.0,-9.302417238165313,9.04478877947118,-1.0284836346072415,20,1196.2359226928334,,5
NEAR,-1,SQUEEZE_V2,2024-06-22 18:00:00+00:00,2024-06-23 00:00:00+00:00,5.141971525859833,5.2932081235662,60.856254791871194,312.9211293102727,5.290562842145127,2.170145200153946,SL,-9.203692923874392,0.3175229757722099,0.0,-9.364755334991466,9.042711003717404,-1.0356136927456459,6,1186.8711673578418,,5
SUI,1,SQUEEZE_V2,2024-06-23 10:00:00+00:00,2024-06-23 15:00:00+00:00,0.9299859599999999,0.9105541634246367,469.0871049290181,436.2444216010336,0.9110096682587661,1.3095117948246768,SL,-9.115205199106732,0.4316868190014802,0.0,-9.328769807307696,8.901533755183813,-1.0479957795896782,5,1177.3242753397335,,5
XRP,-1,SQUEEZE_V2,2024-06-23 15:00:00+00:00,2024-06-24 08:00:00+00:00,0.48300337704420093,0.47824379512673476,1462.0810042003625,706.1900625409517,0.4780047927303696,0.41362746116047955,SL,6.958894309462827,0.7027106153862201,0.0,6.609278725347083,5.0716604381295705,1.3031784769456265,17,1183.0590711828493,,5
BTC,-1,SQUEEZE_V2,2024-06-23 16:00:00+00:00,2024-06-24 08:00:00+00:00,64090.6793,62911.96140174522,0.005634207078233385,361.1001589608459,62880.521141174635,59026.49137844771,SL,6.641140725587487,0.35777958859805215,0.0,6.463911216469858,1.4266341716557176,4.530882089392263,16,1189.522982399319,,5
SOL,-1,SQUEEZE_V2,2024-06-23 15:00:00+00:00,2024-06-24 12:00:00+00:00,132.24355027160644,127.85812103489424,5.15469784016908,681.6755429613409,127.79422392293279,97.98380376914835,SL,22.605562614694705,0.6703727616539936,0.0,22.276027624521383,8.829932065048,2.5227858448308784,21,1211.7990100238405,,5
LINK,-1,SQUEEZE_V2,2024-06-21 18:00:00+00:00,2024-06-25 02:00:00+00:00,14.024195027160644,13.91110659403192,22.60087344413832,316.95905696477166,13.904154516773534,5.889491059703186,SL,2.555897365138177,0.3156811082822026,0.0,2.39869578533836,9.192570743701799,0.26093851787671074,80,1214.1977058091788,,5
AVAX,-1,SQUEEZE_V2,2024-06-22 04:00:00+00:00,2024-06-25 14:00:00+00:00,26.369725,25.745314699136745,10.896430040360862,287.3358636460548,25.732448474899297,9.770180966389944,SL,6.80384315983712,0.2839339420661362,0.0,6.663577149594011,9.043788513206078,0.7368125802437338,82,1220.8612829587728,,5
LINK,1,SQUEEZE_V2,2024-06-25 22:00:00+00:00,2024-06-26 12:00:00+00:00,14.251849395561218,13.943507429835675,30.383114262949178,433.01556864367967,13.95048267117126,20.27918388336036,SL,-9.36838917670152,0.4283313740553289,0.0,-9.58021276643501,9.156459622190795,-1.046279147370152,14,1210.7433623037723,,5
AVAX,1,SQUEEZE_V2,2024-06-26 20:00:00+00:00,2024-06-26 23:00:00+00:00,26.527303759002685,25.81628230070263,13.007428718324249,345.0520127345623,25.829196899152205,40.48944095601226,SL,-9.24856093603694,0.3404277322665439,0.0,-9.416462661936203,9.080575217278293,-1.0369896660311553,3,1201.1543736354688,,5
DOGE,-1,SQUEEZE_V2,2024-06-27 06:00:00+00:00,2024-06-27 09:00:00+00:00,0.12100579683184624,0.12329319832256457,4046.484812052033,489.6481190503198,0.12323158253129893,0.07649008284279263,SL,-9.255935391256868,0.49427608674594825,0.0,-9.505387418477657,9.006608027717897,-1.0553792714443397,3,1191.1308588843833,,5
LINK,-1,SQUEEZE_V2,2024-06-27 01:00:00+00:00,2024-06-27 13:00:00+00:00,13.840231811904907,14.07536773336391,39.494031140064784,546.6065461650877,14.06833356658062,9.27819671839065,SL,-9.286465404249691,0.5512497788672126,0.0,-9.56441191003436,9.008657802266015,-1.061691110925376,12,1181.3939653034545,,5
SOL,1,SQUEEZE_V2,2024-06-27 13:00:00+00:00,2024-06-28 13:00:00+00:00,139.5979213256836,143.53695496381377,3.0384541235013893,424.16187968424583,143.6087593434855,197.92004421865968,SL,11.968573000387336,0.4301461661844395,0.0,11.750507774045019,8.860454739775909,1.3261743464807996,24,1192.7021822739086,,5
APT,1,SQUEEZE_V2,2024-06-27 14:00:00+00:00,2024-06-28 17:00:00+00:00,7.04210809879303,6.903158689719232,65.38095141940832,460.4197274974089,6.906611995717091,9.7520301603118,SL,-9.084644564409432,0.45587740521520426,0.0,-9.310312105875932,8.858864132727092,-1.0509600290042902,27,1183.3918701680327,,5
ETH,-1,SQUEEZE_V2,2024-06-30 03:00:00+00:00,2024-06-30 07:00:00+00:00,3362.8273,3393.335242481367,0.2084519639838919,700.9879552236484,3391.639422769982,2786.5848446003574,SL,-6.359440527348577,0.7041676754873227,0.0,-6.713114225224075,6.005943577947786,-1.117745136646443,4,1175.9893847250187,,5
DOGE,-1,SQUEEZE_V2,2024-06-29 23:00:00+00:00,2024-06-30 08:00:00+00:00,0.12162567289620638,0.12328001409099552,5572.462328199693,677.7544803560485,0.12321840488855125,0.08977103304930895,SL,-9.218753985951391,0.6823638573490242,0.0,-9.56224060312239,8.875439026260246,-1.0773822652411973,9,1166.4271441218964,,5
NEAR,-1,SQUEEZE_V2,2024-06-26 09:00:00+00:00,2024-06-30 18:00:00+00:00,5.281943392372131,5.231611366787578,62.03587091307663,327.6699584593756,5.228996868353402,2.3308586600575985,SL,3.1223910419570116,0.3261087629383971,0.0,2.960117258248302,9.153655575370776,0.32338088688992433,105,1169.3872613801448,,5
SUI,-1,SQUEEZE_V2,2024-06-26 05:00:00+00:00,2024-07-01 01:00:00+00:00,0.86042788,0.8342299585228907,365.7834169990567,314.73025002765434,0.8338130519968924,0.35986741780540066,SL,9.582765236170019,0.30993886740956933,0.0,9.430191493774277,9.154835813808381,1.0300776207860083,116,1178.5562659080408,,5
XRP,1,SQUEEZE_V2,2024-07-01 02:00:00+00:00,2024-07-01 22:00:00+00:00,0.4794958889186382,0.4754486922373157,1474.7441550323954,707.1337595448244,0.4756865355050682,0.5556829571900392,SL,-5.968579650046908,0.704149469719801,0.0,-6.319162239994297,5.6178216811151005,-1.1248420826949397,20,1171.8835367882741,,5
AVAX,1,SQUEEZE_V2,2024-06-27 10:00:00+00:00,2024-07-02 05:00:00+00:00,26.70534076309204,28.454697641244152,12.917391500419905,344.96334178898235,28.4689321072978,40.53705197404737,SL,22.597127669043207,0.3562619056235039,0.0,22.413347434314193,8.933481441632875,2.508915206322682,115,1194.2968842225882,,5
SOL,1,SQUEEZE_V2,2024-07-02 13:00:00+00:00,2024-07-02 14:00:00+00:00,150.56010477905272,147.63640252110585,3.1424579826464636,473.1288031310222,147.7102576499308,207.55704736149107,SL,-9.187611499366636,0.4685349973813389,0.0,-9.419582095182463,8.95552486023126,-1.0518179829986225,1,1184.4138348674198,,5
LINK,1,SQUEEZE_V2,2024-06-30 20:00:00+00:00,2024-07-03 03:00:00+00:00,14.007801114463806,14.145759352061145,37.29164395525111,522.3739317565539,14.152835769946117,18.711484583540855,SL,5.144689477173885,0.5249462764951409,0.0,4.880930166557021,8.770404460351086,0.5565228135854562,55,1188.5987963475584,,5
NEAR,1,SQUEEZE_V2,2024-07-02 12:00:00+00:00,2024-07-03 03:00:00+00:00,5.43108582830429,5.34712768871278,83.55708806434387,453.8057168406316,5.3498025900077835,7.575063518089703,SL,-7.015297663566342,0.4502980680088484,0.0,-7.238692873154874,8.957226631669412,-0.8081399713122761,15,1181.3601034744036,,5
BTC,-1,SQUEEZE_V2,2024-07-02 15:00:00+00:00,2024-07-03 23:00:00+00:00,62037.68998,60213.9,0.01145510577762573,710.6483009204519,61203.27555556981,47829.90726382395,EOD,20.89170713707393,0.700202447351915,0.0,20.54682884018224,8.137582693965937,2.524930266505043,32,1201.494633641505,,5
ETH,-1,SQUEEZE_V2,2024-07-02 15:00:00+00:00,2024-07-03 23:00:00+00:00,3409.9777801269533,3295.580078125,0.19979281855933886,681.2890719162815,3340.2672649756723,2691.067803259864,EOD,22.855839319681582,0.6698611522564408,0.0,22.526622703383282,7.181652528435245,3.1366907009481055,32,1224.0212563448883,,5
APT,-1,SQUEEZE_V2,2024-07-03 03:00:00+00:00,2024-07-03 23:00:00+00:00,6.821335483646393,6.598899841308594,77.28366078293969,527.1777776047577,6.819151842747122,4.52843147617632,EOD,17.19064072846975,0.5185824572405229,0.0,16.935647160031603,8.860200776058026,1.9114292766135723,20,1240.9569035049199,,5
LINK,-1,SQUEEZE_V2,2024-07-03 18:00:00+00:00,2024-07-03 23:00:00+00:00,14.041190872001648,13.593000411987305,21.181933303821808,297.4195685569705,14.459388008794338,5.67724813614784,EOD,9.493540431433036,0.2926727983412539,0.0,9.349577417370268,8.858223859392009,1.0554686318360873,5,1250.3064809222901,,5
DOGE,1,SQUEEZE_V2,2024-07-13 10:00:00+00:00,2024-07-16 05:00:00+00:00,0.11000199804604054,0.12221639480116324,1583.657547457888,174.20549444105995,0.12227753356794721,0.1450461687347221,SL,19.343421608895206,0.18387720524550755,0.0,19.246647150870228,2.7748982702766423,6.9359829717114065,67,1018.2475591361376,,6
BTC,1,SQUEEZE_V2,2024-07-13 10:00:00+00:00,2024-07-16 06:00:00+00:00,58677.433139999994,63135.66634971469,0.009941779490040516,583.3581013194756,63167.249974702034,73763.21114264861,SL,44.32277148615904,0.6055194870625551,0.0,44.00893104975622,7.498973916901805,5.868660371062936,68,1062.2564901858939,,6
ETH,1,SQUEEZE_V2,2024-07-13 10:00:00+00:00,2024-07-16 06:00:00+00:00,3166.623188232422,3388.5034035435256,0.18036253714073452,571.1401923982813,3390.1985027949227,3997.925125194221,SL,40.018878574843114,0.5911496316857029,0.0,39.71329903935655,7.496786324021857,5.297376412090569,68,1101.9697892252505,,6
AVAX,1,SQUEEZE_V2,2024-07-12 23:00:00+00:00,2024-07-16 08:00:00+00:00,25.993198469924927,26.437706306220164,10.526682964207415,273.622159518621,26.450931772106216,40.24270142446688,SL,4.679193067785773,0.2759617560525139,0.0,4.54004239149257,7.5,0.6053389855323427,81,1106.509831616743,,6
SOL,1,SQUEEZE_V2,2024-07-13 10:00:00+00:00,2024-07-16 08:00:00+00:00,140.66812738952638,153.29094811551033,2.8140708853782,395.85008178753793,153.36763193147607,193.9336267573086,SL,35.52151229633997,0.4136108379357079,0.0,35.30582649929803,7.4946445483003625,4.710807333391774,70,1141.815658116041,,6
NEAR,1,SQUEEZE_V2,2024-07-17 01:00:00+00:00,2024-07-17 08:00:00+00:00,6.3742747449874875,6.16592248515524,41.713923904547876,265.89601165908937,6.169006988649564,10.479629871745946,SL,-8.691190311982972,0.2615504165030979,0.0,-8.819792722656524,8.562523567937397,-1.0300459499676566,7,1132.7170683298336,,6
SOL,1,SQUEEZE_V2,2024-07-16 16:00:00+00:00,2024-07-17 16:00:00+00:00,161.0322,156.2264951736765,1.8114272514596674,291.6981154425034,156.3046474974252,255.5832500514955,SL,-8.705184684873595,0.2873455231000666,0.0,-8.84668115025241,8.563617435870308,-1.0330542222958767,24,1123.8703871795813,,6
AVAX,-1,SQUEEZE_V2,2024-07-18 16:00:00+00:00,2024-07-19 14:00:00+00:00,26.880622479629515,27.575228924614905,12.378619695075033,332.7450028422186,27.56144820051465,13.26410806192682,SL,-8.598269020222192,0.3370441373523297,0.0,-8.768940656153413,8.427682677462391,-1.0404925044939846,22,1114.5840018595957,,6
LINK,-1,SQUEEZE_V2,2024-07-18 16:00:00+00:00,2024-07-19 15:00:00+00:00,13.528293937301637,13.8530920512382,26.51679786973713,358.7270358578178,13.846168966754822,7.170793348237941,SL,-8.612605935727686,0.3630333388256817,0.0,-8.796275756624459,8.429027903846858,-1.0435694195068443,23,1105.507849388876,,6
NEAR,1,SQUEEZE_V2,2024-07-19 15:00:00+00:00,2024-07-21 13:00:00+00:00,6.303260445785522,6.0825345138042275,38.088888021268076,240.08418128841305,6.085577302455455,10.656923312386855,SL,-8.407205306625565,0.23588057863510026,0.0,-8.52304379461646,8.29130887041657,-1.0279491365985316,46,1096.440885623438,,6
ETH,1,SQUEEZE_V2,2024-07-19 17:00:00+00:00,2024-07-21 18:00:00+00:00,3491.8981911621095,3430.9128644703496,0.13987762341030807,488.4384201705095,3432.6291790598793,4677.278433206712,SL,-8.530482560544591,0.48417317889023725,0.0,-8.770436529349574,8.290408554736738,-1.0579016065907356,49,1087.5141794743502,,6
LINK,1,SQUEEZE_V2,2024-07-19 17:00:00+00:00,2024-07-21 18:00:00+00:00,14.062812419700622,13.973121521958083,25.55088765037696,359.31734018409634,13.980111577746955,20.55070984547855,SL,-2.291682051481063,0.35817149915835583,0.0,-2.470194880547371,8.2885769106611,-0.2980240042618302,49,1085.0439845938029,,6
AVAX,1,SQUEEZE_V2,2024-07-21 15:00:00+00:00,2024-07-21 18:00:00+00:00,30.5991190120697,29.779120093632848,10.213994702040427,312.5392394763844,29.79401710218394,46.70115720978488,SL,-8.375464608592885,0.3083515071720879,0.0,-8.527546496026781,8.223306642175784,-1.0369972648582273,3,1076.516438097776,,6
SUI,1,SQUEEZE_V2,2024-07-22 01:00:00+00:00,2024-07-22 03:00:00+00:00,0.89427882,0.8669711908142295,300.4075139277886,268.64807707447636,0.8674048932608599,1.4317573547828033,SL,-8.203416994959259,0.26454636857699676,0.0,-8.333639324999018,8.07312952118261,-1.0322687506911503,2,1067.9493061274784,,6
DOGE,1,SQUEEZE_V2,2024-07-21 21:00:00+00:00,2024-07-23 04:00:00+00:00,0.14096818364560604,0.13516206299701142,1406.9643829790325,198.33721352261503,0.13522967783592937,0.2557382998391391,SL,-8.16900495585175,0.19425271104468916,0.0,-8.264089060135133,8.07387328573332,-1.02355942032654,31,1059.5461021164517,,6
SOL,1,SQUEEZE_V2,2024-07-19 04:00:00+00:00,2024-07-23 05:00:00+00:00,161.88237610473632,175.5049545539697,2.1214001006608214,343.41728896380056,175.5927509294344,241.324579214625,SL,28.898939293463613,0.3578667586105324,0.0,28.712781179334982,8.426434883701733,3.4074649096109146,97,1088.2588832957867,,6
SUI,-1,SQUEEZE_V2,2024-07-23 06:00:00+00:00,2024-07-23 08:00:00+00:00,0.81863624,0.8408202498425787,374.9695253044656,306.9636423098326,0.8404000498176699,0.38336004364660287,SL,-8.31832764002134,0.3111228061298433,0.0,-8.475968624996268,8.16076543614835,-1.0386242186856292,2,1079.4726077069622,,6
XRP,1,SQUEEZE_V2,2024-07-22 12:00:00+00:00,2024-07-23 11:00:00+00:00,0.6112222380280494,0.5933296965424322,455.20251795960814,278.22990178327507,0.5936265097973308,0.9631368026424224,SL,-8.144729936949721,0.2741575368148002,0.0,-8.279772522872884,8.009619795956088,-1.033728533163733,23,1071.1928351840893,,6
BTC,1,SQUEEZE_V2,2024-07-19 14:00:00+00:00,2024-07-23 13:00:00+00:00,65149.32726,66005.95954617712,0.008591852774728567,559.7534281905304,66038.97903569497,84608.18027604479,SL,7.360058484913015,0.5634334574329869,0.0,7.076501741575293,8.359380013946968,0.8465342800265937,95,1078.2693369256647,,6
LINK,-1,SQUEEZE_V2,2024-07-23 17:00:00+00:00,2024-07-23 19:00:00+00:00,13.519295912742615,13.910743944981379,21.032773193943054,284.3482846745168,13.9037920489569,5.829373188456929,SL,-8.233237679293216,0.28846490351416343,0.0,-8.379528440470121,8.087020026942485,-1.0361701111847286,2,1069.6245175884987,,6
AVAX,-1,SQUEEZE_V2,2024-07-25 19:00:00+00:00,2024-07-25 21:00:00+00:00,26.54269073562622,27.484904654991123,8.637490541966221,229.2622401873059,27.471169070455897,7.973124039032687,SL,-8.138363817023274,0.23333142209581753,0.0,-8.257064119025438,8.019722835511882,-1.0295946990166036,2,1060.9246828291318,,6
NEAR,-1,SQUEEZE_V2,2024-07-23 05:00:00+00:00,2024-07-26 02:00:00+00:00,5.9448108991622926,5.5538470203770425,52.760346908779105,313.6502853468936,5.5510714846347256,2.8508427572051813,SL,20.627389873511657,0.3033365904101378,0.0,20.480878425774964,8.1619416247184,2.5093144949418313,69,1081.4055612549068,,6
LINK,-1,SQUEEZE_V2,2024-07-24 22:00:00+00:00,2024-07-26 03:00:00+00:00,13.447309809303285,13.266598321964972,26.861268175193253,361.21179502260236,13.259968337796074,7.474260562639401,SL,4.85413972373245,0.3587847251607361,0.0,4.675960896083015,8.02218388191374,0.5828787977080795,29,1086.08152215099,,6
SUI,-1,SQUEEZE_V2,2024-07-23 17:00:00+00:00,2024-07-26 09:00:00+00:00,0.8019395800000001,0.7811430926937938,307.04745701303364,246.23350871710028,0.780752716335626,0.27524876812776855,SL,6.385508542174483,0.24304075444601303,0.0,6.26558454208702,8.085953720874954,0.7748726691214654,64,1092.347106693077,,6
APT,-1,SQUEEZE_V2,2024-07-24 22:00:00+00:00,2024-07-26 14:00:00+00:00,6.865026485061645,6.9256387667986825,42.98122463405918,295.06724547320033,6.922177677959703,3.1327785530999623,SL,-2.605190096922476,0.2963698405216616,0.0,-2.7540263147075374,8.020829337682406,-0.3433592959981,40,1089.5930803783695,,6
LINK,1,SQUEEZE_V2,2024-07-27 08:00:00+00:00,2024-07-27 18:00:00+00:00,13.643727993965149,13.444347759996367,42.3878527177489,578.3283327292223,13.451073296644688,17.496821940374346,SL,-8.451299992299038,0.5741026827330729,0.0,-8.7362385086675,8.166218935402158,-1.0698021419428512,10,1079.8037887119224,,6
SOL,1,SQUEEZE_V2,2024-07-27 03:00:00+00:00,2024-07-27 19:00:00+00:00,184.07680128479004,180.12264574017186,2.1140943774238163,389.15573061033575,180.21275211622998,261.3577846559914,SL,-8.359458004336492,0.38497600160816753,0.0,-8.549856140639491,8.16896462134199,-1.046626657961328,16,1071.2539325712828,,6
AVAX,1,SQUEEZE_V2,2024-07-27 03:00:00+00:00,2024-07-27 19:00:00+00:00,28.846767803192137,28.145843947501135,11.89135604441766,343.02718667840156,28.159923909455863,42.58364567791761,SL,-8.334935128047729,0.33885971911437773,0.0,-8.502281253822906,8.167505287352203,-1.0409887664216295,16,1062.7516513174598,,6
DOGE,1,SQUEEZE_V2,2024-07-26 20:00:00+00:00,2024-07-27 20:00:00+00:00,0.13362671656608582,0.1303050830482282,2509.4664922604734,335.3317676933799,0.13037026818231934,0.19875568424141563,SL,-8.335528012633018,0.3311640036870634,0.0,-8.499026132473391,8.17194810283777,-1.0400244868811686,24,1054.2526251849865,,6
APT,1,SQUEEZE_V2,2024-07-27 01:00:00+00:00,2024-07-27 20:00:00+00:00,7.015603050613403,7.029063112723184,65.605664192732,460.26329784804904,7.032579402424396,9.506452189707744,SL,0.8830563147876452,0.4607048260054429,0.0,0.6524831377062269,8.17069060870892,0.07985654688855341,19,1054.9051083226927,,6
APT,-1,SQUEEZE_V2,2024-07-28 21:00:00+00:00,2024-07-29 00:00:00+00:00,6.842231076335907,6.9608297757836315,68.69988408930871,470.0604818565428,6.957351100233515,4.53983059838375,SL,-8.147716905201412,0.4741343403091435,0.0,-8.386821004582284,7.908732298124088,-1.0604507383024706,3,1045.6011497433174,,6
LINK,-1,SQUEEZE_V2,2024-07-28 22:00:00+00:00,2024-07-29 00:00:00+00:00,13.25234911441803,13.449841126258637,41.447559022082125,549.2775221010791,13.4431195664754,9.43694007327062,SL,-8.185561817153307,0.5533703030096557,0.0,-8.464293359112423,7.906969571317126,-1.0704851312210701,2,1037.136856384205,,6
NEAR,-1,SQUEEZE_V2,2024-07-28 15:00:00+00:00,2024-07-29 02:00:00+00:00,5.457908310604096,5.586240406841435,63.0218645438521,343.96755824365596,5.583448682500186,2.947100872682295,SL,-8.08772798569819,0.34801142223650505,0.0,-8.263755628812868,7.911788312420195,-1.044486442570783,11,1028.696105898372,,6
SUI,-1,SQUEEZE_V2,2024-07-28 20:00:00+00:00,2024-07-29 02:00:00+00:00,0.7576484400000001,0.7707592402269817,621.6202166069027,470.969587384682,0.7703740532003815,0.5031361759923714,SL,-8.149938476986152,0.475044556623175,0.0,-8.389498239916987,7.910498434076782,-1.060552417756228,6,1020.306607658455,,6
BTC,1,SQUEEZE_V2,2024-07-29 03:00:00+00:00,2024-07-29 14:00:00+00:00,69599.01702,68643.71994605633,0.008309064244027976,578.3027037403765,68678.0589755441,88018.17790911789,SL,-7.93762475952991,0.5743338913606115,0.0,-8.222807299020333,7.652299557438413,-1.074553764825811,11,1011.5122887952881,,6
ETH,1,SQUEEZE_V2,2024-07-29 03:00:00+00:00,2024-07-29 15:00:00+00:00,3332.646376464844,3292.5731923533485,0.16945104903444083,564.7204245527959,3294.2203025046006,4235.577454896171,SL,-6.79044308584316,0.5613252030098743,0.0,-7.069408076576636,7.650130922299386,-0.9240898160278539,12,1004.4428807187114,,6
SOL,1,SQUEEZE_V2,2024-07-29 01:00:00+00:00,2024-07-29 16:00:00+00:00,188.1376261047363,184.1561245686329,1.8815466175976194,353.9897140402122,184.24824869297936,270.8198870716558,SL,-7.491380748215121,0.35024402366610463,0.0,-7.66462991486112,7.778526422881537,-0.9853575726521445,15,996.7782508038503,,6
BTC,-1,SQUEEZE_V2,2024-07-30 15:00:00+00:00,2024-07-31 13:00:00+00:00,65795.43828,66838.99064936228,0.00739704877523851,486.692066145355,66805.58785543457,45592.44677130867,SL,-7.719207775688512,0.4905516700331992,0.0,-7.966413412649033,7.4721256797759645,-1.0661508858464341,22,987.8985057653629,,6
XRP,1,SQUEEZE_V2,2024-07-30 11:00:00+00:00,2024-08-01 01:00:00+00:00,0.6236246895074844,0.6208705180576766,525.3351266642336,327.6119552533577,0.6211811086119825,0.9082367971538484,SL,-1.446863007439812,0.3268885237496377,0.0,-1.609945553562771,7.475836881028877,-0.21535322120902123,38,986.0724015039461,,6
AVAX,-1,SQUEEZE_V2,2024-07-30 14:00:00+00:00,2024-08-01 21:00:00+00:00,26.660667166137696,25.591532900127195,13.587518722985369,362.2523142871772,25.578743528363013,15.65849894310188,SL,14.526881856802898,0.3549888733587758,0.0,14.353019140587712,7.474608336196677,1.9202369535647126,55,1000.2634218985186,,6
NEAR,-1,SQUEEZE_V2,2024-07-30 14:00:00+00:00,2024-08-01 22:00:00+00:00,5.211957220745087,5.037849856282873,57.51954308246685,299.78939790262126,5.035332190187779,2.6134491347877464,SL,10.0145760511591,0.2947821098770417,0.0,9.869688640233369,7.473249890018099,1.3206688904403097,56,1010.1331105387519,,6
DOGE,-1,SQUEEZE_V2,2024-07-30 15:00:00+00:00,2024-08-01 22:00:00+00:00,0.12689461571872235,0.11974822751033475,2760.696473241879,350.3175180880603,0.11968838331867541,0.07277565945580836,SL,19.729008723313004,0.3404530137264038,0.0,19.563714468630632,7.47030058452792,2.6188657668139794,55,1029.6968250073826,,6
BTC,-1,SQUEEZE_V2,2024-07-31 20:00:00+00:00,2024-08-01 22:00:00+00:00,65243.748640000005,65454.804729862844,0.006626189094274677,432.3174157079663,65422.09368302134,42880.24923536587,SL,-1.3984975609294008,0.433016664488431,0.0,-1.6153555175638488,7.409238793240221,-0.21801909246569426,26,1028.0814694898188,,6
LINK,-1,SQUEEZE_V2,2024-08-01 15:00:00+00:00,2024-08-01 22:00:00+00:00,12.618476089859008,12.912957752682727,25.67643586462212,323.99749203053256,12.906504500432511,6.857907878388937,SL,-7.561239528800492,0.3277781117949328,0.0,-7.727018894580159,7.395543011279596,-1.0448210338030621,7,1020.3544505952386,,6
SOL,-1,SQUEEZE_V2,2024-08-03 16:00:00+00:00,2024-08-05 14:00:00+00:00,146.14076416931152,124.35163295112149,1.380849049017278,201.79833522585213,124.28948820701798,35.30086628314477,SL,30.087501121550396,0.18675458466507694,0.0,30.001645704498245,7.652658379464289,3.9204214034964484,46,1049.6950019281348,,6
APT,-1,SQUEEZE_V2,2024-08-03 16:00:00+00:00,2024-08-05 14:00:00+00:00,5.7447509740829465,4.8535604887856625,46.190438131667655,265.3525644502158,4.851134921325,2.4315537214848537,SL,41.164478974655076,0.2447703249628883,0.0,41.052384931917295,7.651901635707192,5.36499119909599,46,1090.747386860052,,6
ETH,-1,SQUEEZE_V2,2024-08-03 18:00:00+00:00,2024-08-05 14:00:00+00:00,2902.339337890625,2369.7929016699645,0.12265186931709553,355.9773451848265,2368.608597371279,1654.885312645926,SL,65.31781590062138,0.3233184372345158,0.0,65.17248613597928,7.650128404169867,8.51913624096239,44,1155.9198729960312,,6
LINK,-1,SQUEEZE_V2,2024-08-03 18:00:00+00:00,2024-08-05 14:00:00+00:00,11.51169713897705,8.979003507136811,25.32652796428022,291.5513195066269,8.974516249012305,5.47155338148051,SL,64.14433609175624,0.25947915146074874,0.0,64.0306326000488,7.648793489125424,8.371337609138429,44,1219.9505055960801,,6
NEAR,-1,SQUEEZE_V2,2024-08-03 17:00:00+00:00,2024-08-05 15:00:00+00:00,4.424115190696717,3.5497896074394646,46.90410848092913,207.50917883656527,3.548015599639645,1.1617542541483523,SL,41.009462004749786,0.18700444783419037,0.0,40.926212146333874,7.650906563590504,5.349197746198532,46,1260.876717742414,,6
SUI,1,SQUEEZE_V2,2024-08-07 11:00:00+00:00,2024-08-07 14:00:00+00:00,0.6368273400000001,0.6112359211238804,373.9898369145218,238.16695302930876,0.6115416919698653,1.1425403006026964,SL,-9.570930571891225,0.23338148774336315,0.0,-9.685228583119933,9.456575383068104,-1.0241792816944313,3,1251.0724056827796,,6
APT,-1,SQUEEZE_V2,2024-08-07 15:00:00+00:00,2024-08-08 01:00:00+00:00,4.982603419589997,5.188683684604517,46.10252426953042,229.71059507709307,5.186090639284875,0.9128590256924234,SL,-9.500820419303196,0.23446100528674468,0.0,-9.620426127051394,9.381274484522393,-1.0254924469935895,10,1240.9825066012154,,6
AVAX,-1,SQUEEZE_V2,2024-08-07 19:00:00+00:00,2024-08-08 02:00:00+00:00,19.89102145767212,20.68658868061572,11.946084394571995,237.61982102759362,20.676250555338054,4.1864395043534905,SL,-9.503913186839517,0.2423717776210134,0.0,-9.627475053946734,9.380413069790855,-1.0263380708629484,7,1231.3550315472687,,6
ETH,-1,SQUEEZE_V2,2024-08-07 15:00:00+00:00,2024-08-08 12:00:00+00:00,2389.751934472656,2482.515717655818,0.10252098501083155,244.99972225367688,2481.2750801157604,559.2890216105675,SL,-9.51023442526899,0.24975483946631138,0.0,-9.637489403608463,9.383043042620846,-1.0271176802484907,21,1221.7175421436602,,6
LINK,-1,SQUEEZE_V2,2024-08-07 15:00:00+00:00,2024-08-08 12:00:00+00:00,9.75804822883606,10.167122409745808,23.22347311193137,226.61577066730376,10.162041389051282,1.678185024531622,SL,-9.500123241142882,0.23136583228787522,0.0,-9.618181188097106,9.382124293662395,-1.0251602821542416,21,1212.099360955563,,6
SOL,1,SQUEEZE_V2,2024-08-09 00:00:00+00:00,2024-08-09 04:00:00+00:00,163.2026321685791,156.48689444034687,1.3693114310633987,223.4752298080705,156.56517702886129,295.9517349629354,SL,-9.19593643929213,0.21887726158842447,0.0,-9.30307608597652,9.088743195986112,-1.0235822363299982,4,1202.4176124306011,,6
SOL,-1,SQUEEZE_V2,2024-08-09 16:00:00+00:00,2024-08-09 23:00:00+00:00,151.11976389770507,156.98104360055197,1.5594673504040575,235.66633779924086,156.90259230439978,35.46319576381099,SL,-9.140474328175737,0.24023657496332873,0.0,-9.262877734239446,9.018132093229509,-1.0271392832218196,7,1193.036901527462,,6
SUI,1,SQUEEZE_V2,2024-08-08 13:00:00+00:00,2024-08-11 03:00:00+00:00,0.6626325,0.8788535612235209,322.0785685497307,213.4197270745294,0.8792932078274346,1.2271373193116921,SL,69.6401698891753,0.24823981201911705,0.0,69.49863994069345,9.090745207166723,7.644988211296907,62,1262.138275821975,,6
NEAR,1,SQUEEZE_V2,2024-08-10 17:00:00+00:00,2024-08-11 12:00:00+00:00,4.125825,4.009317980068243,78.14559503125227,322.4150496198164,4.011323641889187,6.415852162216255,SL,-9.104510397885123,0.31786279442087384,0.0,-9.261165667496089,8.947776761455966,-1.035024220473414,19,1252.5877280214772,,6
ETH,1,SQUEEZE_V2,2024-08-11 08:00:00+00:00,2024-08-11 12:00:00+00:00,2678.0355,2632.9175041567173,0.21611523297712942,578.7642660035233,2634.234621467451,3554.0530706509817,SL,-9.750686183132185,0.5738889229119573,0.0,-10.035192973042381,9.466037068664813,-1.0601261013715688,4,1242.552535048435,,6
DOGE,1,SQUEEZE_V2,2024-08-10 18:00:00+00:00,2024-08-11 13:00:00+00:00,0.1056811309531331,0.10536133395423232,4467.365540880455,472.1162427413017,0.10541404097471968,0.14573412246748602,SL,-1.4286500929663237,0.47140191769481854,0.0,-1.6639938892904915,8.946567705019891,-0.18599243242264066,19,1240.8885411591446,,6
APT,1,SQUEEZE_V2,2024-08-08 22:00:00+00:00,2024-08-11 14:00:00+00:00,5.602020353221893,5.9910601402523955,57.20256280472498,320.44992108852296,5.994057168836814,8.780180364765759,SL,22.254072851149147,0.33157695751409755,0.0,22.08272085417931,9.089944883190194,2.4293569584801697,64,1262.5038516826614,,6
LINK,-1,SQUEEZE_V2,2024-08-11 13:00:00+00:00,2024-08-12 10:00:00+00:00,10.48390286102295,10.432714378680597,48.6326721343381,509.8602105283783,10.427500628366415,6.657228303104467,SL,2.489432678809985,0.5086154941889733,0.0,2.2357472898852007,9.305070457003097,0.24027193563081006,21,1264.3668669166652,,6
ETH,-1,SQUEEZE_V2,2024-08-11 21:00:00+00:00,2024-08-12 10:00:00+00:00,2556.8884223632813,2619.4421684829754,0.15458429482111885,395.2547937073109,2618.1331019320096,1331.9948309887122,SL,-9.669826732332211,0.400089707073477,0.0,-9.872289042552033,9.467465602677253,-1.042759430756242,13,1254.4945778741132,,6
SOL,-1,SQUEEZE_V2,2024-08-11 13:00:00+00:00,2024-08-12 11:00:00+00:00,151.56968610229492,149.06311909208117,2.8037298336136587,424.9604507964618,148.98862477969132,85.18194826024703,SL,7.027736706488104,0.42144658244321775,0.0,6.818770349443117,9.306664058693583,0.7326761024616051,22,1261.3133482235564,,6
NEAR,-1,SQUEEZE_V2,2024-08-11 15:00:00+00:00,2024-08-12 11:00:00+00:00,3.9602077656745913,4.069315461297066,88.43205679530415,350.20931805534,4.067281820386873,1.8187266714289563,SL,-9.64861793609143,0.3550336270233857,0.0,-9.828546904087146,9.46877888761996,-1.0379951861519934,20,1251.4848013194694,,6
XRP,1,SQUEEZE_V2,2024-08-13 17:00:00+00:00,2024-08-14 14:00:00+00:00,0.5798159331321716,0.5648388300672954,638.7498007002365,370.3573117309963,0.5651213907626768,0.8737067805220687,SL,-9.566621597756578,0.365574000932118,0.0,-9.747016942823198,9.38613600989602,-1.038448295714732,21,1241.4041967569444,,6
NEAR,1,SQUEEZE_V2,2024-08-13 17:00:00+00:00,2024-08-15 05:00:00+00:00,4.174834586334228,4.093953636474502,71.09693127585498,296.81792767266705,4.096001637293149,6.814821151595213,SL,-5.750387333702784,0.2939427340058157,0.0,-5.895921103872267,9.384747169977029,-0.6282450658589983,36,1235.3170758845113,,6
NEAR,-1,SQUEEZE_V2,2024-08-15 06:00:00+00:00,2024-08-15 12:00:00+00:00,4.097180449581146,4.197590426480986,94.23932318879984,386.1155125509099,4.195492680140915,2.1309358383857724,SL,-9.462568264443874,0.3908467966831318,0.0,-9.660357304851551,9.264878069133834,-1.0426858543379287,6,1225.4636608233843,,6
SOL,-1,SQUEEZE_V2,2024-08-15 19:00:00+00:00,2024-08-15 22:00:00+00:00,138.56227833862306,143.13165964486953,2.042817674858558,283.05747125881027,143.0601295800795,48.60525350949422,SL,-9.334412895568573,0.28772467770659454,0.0,-9.480608837645763,9.188290014931704,-1.0318142790703186,3,1215.3176278557048,,6
ETH,-1,SQUEEZE_V2,2024-08-15 19:00:00+00:00,2024-08-16 06:00:00+00:00,2553.1992189453126,2618.1643458353324,0.14436300298936694,368.5875064770515,2616.8559178763944,1280.0652403236782,SL,-9.378560807428522,0.3732767868807657,0.0,-9.567543841070762,9.189672218080991,-1.0411191622532843,11,1205.750084014634,,6
LINK,-1,SQUEEZE_V2,2024-08-15 19:00:00+00:00,2024-08-16 07:00:00+00:00,10.116976634788513,10.402863500518604,32.73110163714375,331.1397904938714,10.397664668184513,4.5032159668684955,SL,-9.3573920589361,0.33581848652333945,0.0,-9.527640650212502,9.187228549414483,-1.03705275197706,12,1196.2224433644215,,6
NEAR,-1,SQUEEZE_V2,2024-08-16 13:00:00+00:00,2024-08-16 18:00:00+00:00,3.889222104883194,4.004979408925845,78.85673554383234,306.691358996001,4.002977919965862,1.6141058032298243,SL,-9.12824311215832,0.31125548055208013,0.0,-9.2861529132124,8.970412226547069,-1.0351980130557352,5,1186.5139833515184,,6
SUI,-1,SQUEEZE_V2,2024-08-16 13:00:00+00:00,2024-08-17 16:00:00+00:00,0.81403716,0.8504357458379431,249.32914703894582,202.96319076080587,0.8500107404677093,0.09456555064581373,SL,-9.075228360398203,0.20750080494100498,0.0,-9.181247569958805,8.969262133950833,-1.023634657215063,27,1177.3327357815597,,6
BTC,1,SQUEEZE_V2,2024-08-18 03:00:00+00:00,2024-08-18 04:00:00+00:00,60155.228639999994,59309.5304,0.009677242777227956,582.1367518689362,59514.629793302,72967.20557395983,SL_GAP,-8.184027184754305,0.578044738276559,0.0,-8.471003547096396,6.199230562308689,-1.3664604763371897,1,1168.2174640377943,,6
AVAX,-1,SQUEEZE_V2,2024-08-15 18:00:00+00:00,2024-08-18 06:00:00+00:00,20.349929291534423,20.89773392321593,17.10391652232269,348.06349183757413,20.887290278076893,9.602709560684998,SL,-9.369604690822245,0.35274829418298526,0.0,-9.548321239086443,9.190977456175382,-1.0388798454370012,60,1158.669142798708,,6
DOGE,-1,SQUEEZE_V2,2024-08-14 14:00:00+00:00,2024-08-18 12:00:00+00:00,0.10268945917040109,0.10399752926290756,3723.8441044589763,382.39953712177885,0.10394555648466523,0.052684511516827,SL,-4.871049102199323,0.3848350616728785,0.0,-5.064684395311312,9.310531475677083,-0.5439737149852659,94,1153.157991369412,,6
XRP,1,SQUEEZE_V2,2024-08-17 17:00:00+00:00,2024-08-18 23:00:00+00:00,0.5703140660405159,0.563496319695737,1238.6151482694663,706.3996414689358,0.5637782088001371,0.7010312108480934,SL,-8.444563899701981,0.7021773595190848,0.0,-8.793541438486598,8.095411784859929,-1.08623769515126,30,1144.1784386190873,,6
ETH,1,SQUEEZE_V2,2024-08-18 10:00:00+00:00,2024-08-19 00:00:00+00:00,2645.4088587890624,2608.484148320797,0.24396584709922253,645.3894131582612,2609.789042842218,3357.805177725952,SL,-9.008368268283899,0.6408852290241192,0.0,-9.326558790728887,8.69001857099031,-1.0732495810611413,14,1134.8518798283583,,6
AVAX,1,SQUEEZE_V2,2024-08-18 11:00:00+00:00,2024-08-19 00:00:00+00:00,21.014202228927612,20.678412652373126,11.779874016349428,247.54465481085663,20.68875703088857,27.958578073069148,SL,-3.9555589078151674,0.24556687535694904,0.0,-4.077353455766688,4.0901936283083735,-0.9968607421289745,13,1130.7745263725915,,6
SUI,1,SQUEEZE_V2,2024-08-19 06:00:00+00:00,2024-08-19 08:00:00+00:00,0.85807158,0.8283063146623186,288.808728629616,247.8185620930058,0.8287206749998185,1.445089680003629,SL,-8.596468439498917,0.24352032787325634,0.0,-8.71607948632567,8.476797557231043,-1.02822786877699,2,1121.3996855301002,,6
BTC,-1,SQUEEZE_V2,2024-08-19 00:00:00+00:00,2024-08-19 17:00:00+00:00,58424.11284,59190.28291000488,0.011513612981821592,672.6726240460335,59160.70255872552,43692.318465489676,SL,-8.821385664291286,0.6770833168781792,0.0,-9.162132669146448,8.480808947794436,-1.080337114719369,17,1112.2375528609537,,6
NEAR,-1,SQUEEZE_V2,2024-08-19 00:00:00+00:00,2024-08-19 23:00:00+00:00,3.8992200953483582,3.9844760223373323,101.8233176080031,397.031526192164,3.982484779947359,2.2339264033683373,SL,-8.681041331763033,0.4013720468580455,0.0,-8.883897615524997,8.478286425454264,-1.0478411756475896,23,1103.3536552454286,,6
APT,-1,SQUEEZE_V2,2024-08-16 12:00:00+00:00,2024-08-20 00:00:00+00:00,6.068985926437378,6.101695279936531,55.19202939082339,334.9596496244253,6.098645956958053,2.8179120216518245,SL,-1.8052955996800932,0.3358622974242654,0.0,-1.9736780722921459,8.97166832523316,-0.21999008442399734,84,1101.3799771731365,,6
DOGE,-1,SQUEEZE_V2,2024-08-18 22:00:00+00:00,2024-08-20 00:00:00+00:00,0.10123974697738886,0.10287023664520135,3674.6696310830725,372.0226236763451,0.10281882723158557,0.06809463804924187,SL,-5.991510866105315,0.37501837910939784,0.0,-6.1805179333765405,6.089866259860116,-1.0148856591669233,26,1095.19945923976,,6
SOL,1,SQUEEZE_V2,2024-08-22 12:00:00+00:00,2024-08-22 15:00:00+00:00,144.5189034942627,142.0717056858359,3.4552006733067846,499.3418126589347,142.14277707437307,192.04143189205527,SL,-8.455559515391192,0.4951140329012391,0.0,-8.701002641962964,8.209993605864689,-1.0598062629120113,3,1085.5628370232423,,6
AVAX,1,SQUEEZE_V2,2024-08-22 14:00:00+00:00,2024-08-22 17:00:00+00:00,24.908980128479005,24.225649269675593,12.228806074878749,304.6070875141781,24.23776815375247,38.33321962300974,SL,-8.35632055728728,0.30042892723553444,0.0,-8.504445940765725,8.208121074067218,-1.036101424921072,3,1077.0583910824766,,6
SUI,-1,SQUEEZE_V2,2024-08-21 09:00:00+00:00,2024-08-23 05:00:00+00:00,0.8583283,0.8836887118823119,329.5717518386291,282.8807614836724,0.8832470883381429,0.35995253323714266,SL,-8.358075371402705,0.28705979916937374,0.0,-8.503694789830243,8.212528726297748,-1.0354538867669514,44,1068.338985115941,,6
ETH,1,SQUEEZE_V2,2024-08-23 06:00:00+00:00,2024-08-23 14:00:00+00:00,2675.214867626953,2639.1883470674684,0.2308673116439833,617.6196645590493,2640.5086013681525,3369.340192802962,SL,-8.317345949454914,0.6134609915843219,0.0,-8.621997108759711,8.012542388369557,-1.0760625892319515,8,1059.4081781749016,,6
APT,1,SQUEEZE_V2,2024-08-22 23:00:00+00:00,2024-08-24 21:00:00+00:00,6.484396557426453,7.095569926327504,66.53238271136345,431.4223534109444,7.099119486070538,8.912669108001701,SL,40.66282048271805,0.45175376365230346,0.0,40.42677789577122,8.077937933118575,5.004591299225795,46,1099.3836680581462,,6
XRP,1,SQUEEZE_V2,2024-08-23 18:00:00+00:00,2024-08-24 21:00:00+00:00,0.6065212929725646,0.6059115921055003,814.6220061231654,494.08559243772675,0.6062146994552279,0.784168589488432,SL,-0.4966757434629987,0.49383725456599525,0.0,-0.7434702018101306,7.235769853505668,-0.10274928817006605,27,1098.640197856336,,6
DOGE,1,SQUEEZE_V2,2024-08-20 01:00:00+00:00,2024-08-25 07:00:00+00:00,0.10296058859378099,0.10955174224335171,3800.0766972857054,391.25813345404754,0.10960654551610975,0.1461912736489814,SL,25.046889391963322,0.4037815781500292,0.0,24.838736880540317,8.2139959442982,3.023952902945161,126,1123.4789347368765,,6
LINK,1,SQUEEZE_V2,2024-08-21 17:00:00+00:00,2024-08-25 07:00:00+00:00,10.521103853416443,11.950591886903576,37.36788073537247,393.15135399893336,11.95657017198957,14.916037556825122,SL,53.41693834798928,0.419859823172928,0.0,53.19365420181582,8.211467923442184,6.477971380726949,86,1176.6725889386923,,6
LINK,1,SQUEEZE_V2,2024-08-26 09:00:00+00:00,2024-08-26 11:00:00+00:00,12.575514554214477,12.266345064811425,29.12236348134669,366.2287058127995,12.272481305464156,18.63617952922089,SL,-9.003746247738047,0.36172683268893047,0.0,-9.182358727520578,8.825044417040193,-1.0404886699256097,2,1167.3071158582654,,6
SOL,1,SQUEEZE_V2,2024-08-23 18:00:00+00:00,2024-08-27 10:00:00+00:00,148.25964172668458,154.87396918685312,2.7552368794239,408.49043261553584,154.95144490930775,205.9357086786712,SL,18.224038950842576,0.41760245209095714,0.0,18.010681715059388,7.945561336311762,2.2667601384875518,88,1185.1043619448747,,6
LINK,-1,SQUEEZE_V2,2024-08-29 19:00:00+00:00,2024-08-30 08:00:00+00:00,10.895820163536072,11.184140083779011,31.427871849848923,342.4324397986116,11.178550808374824,5.241207266761032,SL,-9.061281505153755,0.3469630805511885,0.0,-9.237028365805637,8.88562247401745,-1.0395476954839953,13,1175.341418616622,,6
ETH,-1,SQUEEZE_V2,2024-08-30 15:00:00+00:00,2024-08-30 18:00:00+00:00,2462.4073223632813,2515.5711145974415,0.16978986420234982,418.09180487493336,2514.3139576186322,1424.2746172562595,SL,-9.026673063919992,0.42260514140689337,0.0,-9.240232302889419,8.813220551206935,-1.0484512726308666,3,1165.6467952889311,,6
DOGE,-1,SQUEEZE_V2,2024-08-26 13:00:00+00:00,2024-08-30 23:00:00+00:00,0.10735852673649789,0.10309566559669801,3976.128118341501,426.87125690070707,0.10304414352493556,0.06332169940916949,SL,16.949682042543575,0.4183964158794353,0.0,16.74472125511449,8.75480336893699,1.9126324772212033,106,1182.3915165440455,,6
NEAR,-1,SQUEEZE_V2,2024-09-01 02:00:00+00:00,2024-09-01 19:00:00+00:00,3.9722054495811463,4.059077283955704,104.49567071068223,415.07827265460895,4.057048759575916,2.2753392496857576,SL,-9.077730598836672,0.4196171379540273,0.0,-9.289808600463395,8.865758583217783,-1.0478300884538303,17,1172.603796692247,,6
ETH,-1,SQUEEZE_V2,2024-09-01 23:00:00+00:00,2024-09-02 05:00:00+00:00,2405.598862109375,2458.873919431291,0.16897530654175152,406.48680514142035,2457.64509688285,1364.6741666398807,SL,-9.00216914200013,0.4109878897124204,0.0,-9.20991362914184,8.794528475191852,-1.0472322257096252,6,1163.1906396605345,,6
LINK,-1,SQUEEZE_V2,2024-09-01 02:00:00+00:00,2024-09-02 09:00:00+00:00,10.90681859664917,10.646049994796188,53.245978638914224,580.7442300156941,10.640729629981198,7.575886721317171,SL,13.88487940396342,0.5738017903137125,0.0,13.601449728657556,8.867936374080342,1.5337784524946039,31,1176.7920893891921,,6
SOL,-1,SQUEEZE_V2,2024-08-29 19:00:00+00:00,2024-09-03 02:00:00+00:00,139.70204972839355,135.91184742106304,2.4079564799221966,336.3964559018982,135.84392545833387,65.88938712566883,SL,9.126642206152546,0.3318331347988219,0.0,8.963007299304673,8.886883960727085,1.0085658076457387,103,1185.755096688497,,6
BTC,-1,SQUEEZE_V2,2024-08-30 15:00:00+00:00,2024-09-03 02:00:00+00:00,58454.10684000001,59533.96438835452,0.008394452866603841,490.69024472780524,59504.21228221342,37451.997995731836,SL,-9.064813292308344,0.49522265137395943,0.0,-9.3146908213184,8.815060639624663,-1.0566791542474303,83,1176.4404058671785,,6
APT,-1,SQUEEZE_V2,2024-09-03 15:00:00+00:00,2024-09-03 19:00:00+00:00,6.0943810081481935,6.28149772458411,47.95063117575408,292.22941596623434,6.2783585453114545,2.4148302648829647,SL,-8.97236465663679,0.29671559829455274,0.0,-9.122965546948226,8.82183902913912,-1.0341342113378476,4,1166.7956164242082,,6
AVAX,-1,SQUEEZE_V2,2024-09-03 16:00:00+00:00,2024-09-04 16:00:00+00:00,21.58668140335083,22.125170512973188,16.723942203410253,361.0144121530702,22.114113456245068,11.038040345466046,SL,-9.005660746490157,0.36551724252631534,0.0,-9.190670782939938,8.820743168829248,-1.041938372655259,24,1157.6049456412684,,6
ETH,-1,SQUEEZE_V2,2024-09-06 08:00:00+00:00,2024-09-06 12:00:00+00:00,2343.7811500000003,2391.551270293814,0.18638470030140744,436.8449472148381,2390.3560922476904,1412.2823050461948,SL,-8.90361955432466,0.44129675699200044,0.0,-9.12649383770924,8.68085665239109,-1.0513356231029805,4,1148.1026373408288,,6
LINK,-1,SQUEEZE_V2,2024-09-03 15:00:00+00:00,2024-09-07 07:00:00+00:00,10.342931266975404,9.88688931542861,37.745969092083506,390.40396392479767,9.881948341257981,5.667834425519908,SL,17.213745407778735,0.3817970912209083,0.0,17.027150298520226,8.823303044003838,1.9297932093686365,88,1164.7596921203867,,6
DOGE,-1,SQUEEZE_V2,2024-09-06 14:00:00+00:00,2024-09-07 11:00:00+00:00,0.09537092144936324,0.09457384073544936,3808.895819906907,363.2579040491496,0.094526577446726,0.050156926700267224,SL,3.0359973993549834,0.3617399053494721,0.0,2.855886446030086,8.610769780056216,0.3316644758805108,21,1167.6155785664168,,6
NEAR,-1,SQUEEZE_V2,2024-09-05 20:00:00+00:00,2024-09-07 15:00:00+00:00,3.7242549046516418,3.6829570962457696,84.52267267007066,314.7839782457759,3.6811165379767816,1.6698861020466107,SL,3.490601141880825,0.3130386776748355,0.0,3.3349544533288777,8.682037092309512,0.3841211938938797,43,1170.9505330197458,,6
ETH,-1,SQUEEZE_V2,2024-09-08 16:00:00+00:00,2024-09-08 17:00:00+00:00,2244.980845654297,2283.2864871060833,0.23623347966569389,530.3396369517466,2282.145414398884,1501.6894707625593,SL,-9.049074970981946,0.5348641744372375,0.0,-9.318769326943311,8.779515394808696,-1.0614218334252794,1,1161.0181134957404,,6
BTC,-1,SQUEEZE_V2,2024-09-06 15:00:00+00:00,2024-09-09 13:00:00+00:00,54716.95442,55717.13214883105,0.006888781326935587,376.93313387528167,55689.287505078515,29721.50993041321,SL,-6.890005661988167,0.38037813670627574,0.0,-7.081917231756802,8.609407562916031,-0.8225789265990023,70,1153.6832498844656,,6
AVAX,1,SQUEEZE_V2,2024-09-08 03:00:00+00:00,2024-09-09 14:00:00+00:00,22.20444076309204,23.29199684605883,21.823579014129592,484.5803674578991,23.303648670394026,30.252004882159024,SL,23.734366108922984,0.4964475505123606,0.0,23.480208742139574,8.781332571186665,2.6738776321014086,35,1177.1634586266052,,6
XRP,-1,SQUEEZE_V2,2024-08-27 22:00:00+00:00,2024-09-09 17:00:00+00:00,0.572885413825512,0.5376842240884863,651.0918591951503,373.0010291934356,0.5374155163303211,0.29985841804725566,SL,22.919208071761297,0.361541425157555,0.0,22.74416716120046,8.888282714586559,2.5588933083637193,307,1199.9076257878057,,6
SUI,1,SQUEEZE_V2,2024-09-07 20:00:00+00:00,2024-09-11 01:00:00+00:00,0.9097819199999999,0.8943068609450805,233.4409873901858,212.380389714539,0.8947542380641125,1.6621886927634448,SL,-3.612513065701824,0.2105741331816881,0.0,-3.7168970040262423,8.782128997648092,-0.4232341616732856,77,1196.0108036685522,,6
DOGE,1,SQUEEZE_V2,2024-09-09 02:00:00+00:00,2024-09-11 04:00:00+00:00,0.09716942794919013,0.10057651831668404,5206.295536708325,505.89275903636974,0.10062683173255031,0.1306198373230824,SL,17.73831937344548,0.5147619187230925,0.0,17.476503834240575,8.707635851218052,2.0070320041915743,50,1213.1307986123027,,6
APT,-1,SQUEEZE_V2,2024-09-11 05:00:00+00:00,2024-09-11 13:00:00+00:00,6.077983950996399,6.209546884460424,70.8275059468176,430.48844443385934,6.206443662629109,3.508789718342188,SL,-9.318274452303992,0.43514758166001133,0.0,-9.538177811747074,9.09848098959227,-1.0483263989514044,8,1203.2295319012276,,6
SOL,1,SQUEEZE_V2,2024-09-09 17:00:00+00:00,2024-09-11 14:00:00+00:00,132.67652389526367,129.29380649418917,2.7122374018369797,359.8502304544519,129.3584857370577,199.03728705938312,SL,-9.174732655039046,0.35526286412693237,0.0,-9.350070403938751,8.999307193408542,-1.0389766904264721,45,1193.8794614972887,,6
SUI,-1,SQUEEZE_V2,2024-09-11 05:00:00+00:00,2024-09-11 16:00:00+00:00,0.87972402,0.9072420752470206,336.11604037197657,295.6893542225175,0.9067886809065674,0.3384308018686527,SL,-9.249259768365842,0.30031398410670046,0.0,-9.401729075361285,9.096866657925643,-1.0335129038271689,11,1184.4777324219274,,6
XRP,-1,SQUEEZE_V2,2024-09-11 02:00:00+00:00,2024-09-12 02:00:00+00:00,0.5328933923721314,0.5398672271372188,1338.012051164641,713.0177809799194,0.5395974284230073,0.39881267135461385,SL,-9.331074958517867,0.7176833184591784,0.0,-9.692249386487086,8.97008102751414,-1.0805085658376798,24,1174.7854830354404,,6
XRP,1,SQUEEZE_V2,2024-09-12 13:00:00+00:00,2024-09-12 14:00:00+00:00,0.5770153853416443,0.5641968562703501,702.6612198257916,405.44633452240896,0.5644790958182592,0.8277411758093475,SL,-9.007083273607964,0.40094279288560497,0.0,-9.205302899232365,8.808764488591098,-1.0450163483374828,1,1165.093905745653,,6
SOL,-1,SQUEEZE_V2,2024-09-13 12:00:00+00:00,2024-09-13 15:00:00+00:00,132.57348610229494,134.7599068574289,4.122689846412857,546.5593650574874,134.6925605771403,90.19199660538763,SL,-9.013934647177075,0.551066332381076,0.0,-9.291721297029408,8.736286821237693,-1.0635778663357833,3,1155.2732418521343,,6
LINK,1,SQUEEZE_V2,2024-09-12 12:00:00+00:00,2024-09-15 16:00:00+00:00,10.640127134513854,11.097496214604421,53.298465273797206,567.102446587674,11.103047738473657,13.946372850034473,SL,24.377070032515658,0.5792909816039318,0.0,24.081330274205563,8.810891122765803,2.733132204072255,76,1178.7390089569487,,6
AVAX,1,SQUEEZE_V2,2024-09-13 15:00:00+00:00,2024-09-15 16:00:00+00:00,24.258850510025024,24.428961737801355,17.725874004656053,430.00932763848976,24.441182328965837,34.035010841092586,SL,3.0153701903405987,0.43151701273366005,0.0,2.7988578414261838,8.664549313891007,0.32302405353490854,49,1181.537866798375,,6
ETH,1,SQUEEZE_V2,2024-09-13 16:00:00+00:00,2024-09-15 18:00:00+00:00,2408.461576464844,2369.224334984449,0.09933973135385647,239.25592598210324,2370.409539754326,3169.5023106752033,SL,-3.8978170277288244,0.23730701746823885,0.0,-4.0154960822060115,3.7800791042899196,-1.062278320485125,50,1177.1784428179722,,6
DOGE,1,SQUEEZE_V2,2024-09-12 23:00:00+00:00,2024-09-15 21:00:00+00:00,0.10317063265889882,0.10396098350381942,4956.117983804846,511.325827921292,0.10401298999881883,0.13843292593620304,SL,3.9170720360263447,0.5132843639393052,0.0,3.6594505860476856,8.738204293092398,0.41878748348107436,70,1180.83789340402,,6
BTC,1,SQUEEZE_V2,2024-09-13 16:00:00+00:00,2024-09-15 23:00:00+00:00,59670.33168,58720.94208262961,0.00941608785040877,561.8610851619095,58750.31724125023,78070.62045499546,SL,-8.939535853103813,0.5573913172353576,0.0,-9.215996627758216,8.662936778912364,-1.0638420737632681,55,1171.3760684059532,,6
SOL,-1,SQUEEZE_V2,2024-09-15 17:00:00+00:00,2024-09-17 14:00:00+00:00,133.8032358306885,133.61524423254127,5.1408009090617135,687.8557963938023,133.5484699975425,99.32793068760253,SL,0.9664273786511974,0.6873725827044768,0.0,0.6229826941436218,8.861534000987813,0.07030190191384209,45,1171.999051100097,,6
APT,-1,SQUEEZE_V2,2024-09-15 22:00:00+00:00,2024-09-17 14:00:00+00:00,5.964507009506225,5.936705724459451,82.43040704514878,491.65674061724127,5.933738855031936,3.8157164071064678,SL,2.291671242783783,0.4905109049958494,0.0,2.046988708096554,8.85628420053015,0.23113403564601265,40,1174.0460398081934,,6
AVAX,-1,SQUEEZE_V2,2024-09-18 10:00:00+00:00,2024-09-18 18:00:00+00:00,23.195360762786866,23.62702015905007,20.972508653203306,486.46490431172,23.615212552773684,14.798324963050508,SL,-9.052980423366547,0.49099139452340324,0.0,-9.30073936573409,8.80534529856145,-1.056260606526535,8,1164.5020679903037,,6
LINK,1,SQUEEZE_V2,2024-09-20 04:00:00+00:00,2024-09-21 04:00:00+00:00,11.430286050224304,11.235836366398418,40.71275144765095,465.358394938334,11.24145709494589,15.719556113921428,SL,-7.916581646677583,0.4614001041149952,0.0,-8.145302553323411,8.731399299757534,-0.932874820368094,24,1155.8085915502118,,6
SUI,1,SQUEEZE_V2,2024-09-18 19:00:00+00:00,2024-09-22 05:00:00+00:00,1.25195034,1.4198957464494837,146.65566855987083,183.60561411645762,1.4206060494742208,2.4430076780069268,SL,24.630145864408266,0.19592068704866175,0.0,24.526027984417833,8.733765509927277,2.8081848495405795,82,1179.7560283955993,,6
DOGE,1,SQUEEZE_V2,2024-09-21 14:00:00+00:00,2024-09-22 10:00:00+00:00,0.10760151467174292,0.1061100343427476,5149.94824091427,554.1422312034534,0.10616311590069795,0.14126269384391754,SL,-7.681046496667688,0.5503017079551196,0.0,-7.9542770890210805,8.66766652324206,-0.9176953298436148,20,1171.8017513065781,,6
NEAR,1,SQUEEZE_V2,2024-09-21 14:00:00+00:00,2024-09-22 11:00:00+00:00,4.535906847381591,4.425588757524562,80.15959980738747,363.5964776496969,4.427802658853988,6.697990617933648,SL,-8.843053934454913,0.35917495068246946,0.0,-9.020430646312533,8.665588489875047,-1.0409484199315588,21,1162.7813206602657,,6
SUI,1,SQUEEZE_V2,2024-09-22 13:00:00+00:00,2024-09-22 14:00:00+00:00,1.55851164,1.49275325,157.80799440160942,245.94559615996312,1.5032491677911584,2.663761084176836,SL_GAP,-10.377199640978858,0.24075699633947367,0.0,-10.494983839238351,8.720859904951991,-1.2034345183413568,1,1152.1633640229475,,6
BTC,1,SQUEEZE_V2,2024-09-22 23:00:00+00:00,2024-09-23 00:00:00+00:00,63892.67598,63074.50375789027,0.010819675460614013,691.2980184137684,63106.05678628341,79625.05985433186,SL,-8.85235791411668,0.6868718394567102,0.0,-9.193580744366507,8.510964387103403,-1.0802043489099151,1,1142.624134269374,,6
DOGE,1,SQUEEZE_V2,2024-09-24 11:00:00+00:00,2024-09-24 14:00:00+00:00,0.10897178653031588,0.10683118177358294,4105.487714469364,447.3823308239899,0.10688462408562575,0.15071503542411835,SL,-8.788226530301728,0.44298821755883905,0.0,-9.007523582448572,8.568819774777136,-1.0511976934049645,3,1133.2780885557577,,6
SOL,1,SQUEEZE_V2,2024-09-24 23:00:00+00:00,2024-09-25 06:00:00+00:00,153.3706643371582,149.6706807736206,2.344641630044962,359.59924443255335,149.74555355039578,225.87288007240608,SL,-8.675135493552334,0.3552616766857772,0.0,-8.850597548021835,8.499585664168182,-1.0412975288117183,7,1124.0465562644908,,6
ETH,1,SQUEEZE_V2,2024-09-20 04:00:00+00:00,2024-09-25 17:00:00+00:00,2521.5442470703124,2567.9773051642915,0.17742451475981916,447.38376448186375,2569.2619361323573,3505.9715682549154,SL,8.23836280113873,0.4515029458824331,0.0,8.010551737497229,8.733076988874341,0.9172656725347107,133,1132.0571080019881,,6
DOGE,1,SQUEEZE_V2,2024-09-24 23:00:00+00:00,2024-09-26 00:00:00+00:00,0.11027205363661051,0.10788850897366571,3647.9799622065098,402.27024205771664,0.10794248021377259,0.156863522093369,SL,-8.695123169446891,0.3979226804729932,0.0,-8.891910728891025,8.49823716700156,-1.0463241439551827,25,1123.1651972730972,,6
XRP,-1,SQUEEZE_V2,2024-09-26 01:00:00+00:00,2024-09-26 05:00:00+00:00,0.5771845521092415,0.5849063985404516,1133.8171241181929,654.4217289579474,0.5846140914947042,0.428593764399986,SL,-8.755161713516966,0.6587993098147058,0.0,-9.086750158852698,8.42373897954823,-1.0787074695588474,4,1113.7512362497655,,6
NEAR,1,SQUEEZE_V2,2024-09-23 04:00:00+00:00,2024-09-27 02:00:00+00:00,4.731946146583557,5.4459946892501945,48.53435022239113,229.6619315117805,5.448719048774581,8.263334109027815,SL,34.6558820455706,0.24698987253456578,0.0,34.52372313879192,8.569681007020305,4.028589058392021,94,1148.2749593885574,,6
SOL,1,SQUEEZE_V2,2024-09-27 15:00:00+00:00,2024-09-28 06:00:00+00:00,159.97199044189452,156.15654174291828,2.303798213776898,368.54318583437157,156.2346590724545,234.71861783069488,SL,-8.790023897458852,0.36414817388564213,0.0,-8.969900478427308,8.610057333208305,-1.0417933506471688,15,1138.8534723564296,,6
XRP,1,SQUEEZE_V2,2024-09-28 08:00:00+00:00,2024-09-28 09:00:00+00:00,0.6079215668678284,0.5983688852145891,923.0606548007429,561.1484795805113,0.5986682193242512,0.7929885177393736,SL,-8.817704581942115,0.5567396272895402,0.0,-9.0938699694414,8.541401042673222,-1.0646813004105553,1,1129.479028147198,,6
SUI,1,SQUEEZE_V2,2024-09-29 01:00:00+00:00,2024-09-29 06:00:00+00:00,1.70154024,1.6522068956824565,174.63712075703748,297.1520883658385,1.6530334123886508,2.671676792226985,SL,-8.615433208931343,0.29284437176137285,0.0,-8.759701536509796,8.471092711103985,-1.034069846151902,5,1120.5707505665055,,6
APT,1,SQUEEZE_V2,2024-09-21 10:00:00+00:00,2024-09-29 07:00:00+00:00,7.743948649406433,7.868767551325532,30.920087418966798,239.44356920763678,7.87270390327717,13.351024929086794,SL,3.8594113588779786,0.24137327488707577,0.0,3.737759868594721,8.668564436626587,0.43118556664375307,189,1124.3085104351003,,6
ETH,1,SQUEEZE_V2,2024-09-27 15:00:00+00:00,2024-09-29 07:00:00+00:00,2682.6863323242187,2638.152663247225,0.19928901680559416,534.629921566699,2639.472399446948,3546.9649898696307,SL,-8.875071125099756,0.5301923860041491,0.0,-9.137948550320557,8.61206219541418,-1.061063929053648,40,1115.1705618847798,,6
APT,-1,SQUEEZE_V2,2024-09-29 08:00:00+00:00,2024-09-29 14:00:00+00:00,7.840531723403931,8.012997917952694,49.647957496972296,389.2663857572213,8.008993421242073,4.4712977666411,SL,-8.562594296621535,0.3935476829055321,0.0,-8.761508786648456,8.363779214135848,-1.0475538105836646,6,1106.2144199052527,,6
APT,1,SQUEEZE_V2,2024-09-29 18:00:00+00:00,2024-09-30 00:00:00+00:00,8.18273611164093,7.977585759184487,41.24391590823678,337.4880800878109,7.981576547458216,12.2059273952952,SL,-8.461203885258648,0.3332574781451816,0.0,-8.625717323359924,8.296608149289396,-1.0396679182804018,6,1097.123848924971,,6
SOL,1,SQUEEZE_V2,2024-09-29 20:00:00+00:00,2024-09-30 00:00:00+00:00,159.5219034942627,157.2088020548456,3.712463434697659,592.2192337558189,157.28744577773446,204.21105782482692,SL,-8.587304514582492,0.5879255814985276,0.0,-8.87912047920311,8.295342568989065,-1.0703741774807967,4,1088.244728445768,,6
APT,-1,SQUEEZE_V2,2024-10-01 00:00:00+00:00,2024-10-01 03:00:00+00:00,7.666866130828858,7.9062654703120545,34.64988341610617,265.65601760011293,7.902314313155477,2.957902484296465,SL,-8.295159202985593,0.26980359720160574,0.0,-8.432134791387142,8.158252068151473,-1.0335712504281234,3,1079.2019796200093,,6
AVAX,-1,SQUEEZE_V2,2024-09-30 23:00:00+00:00,2024-10-01 04:00:00+00:00,27.783441757583617,28.480440607544015,11.950653979176352,332.03029879548103,28.46620750379212,14.128126833413571,SL,-8.32959207976057,0.3361950948353613,0.0,-8.49977202519819,8.159497181771956,-1.0417029181879487,5,1070.7022075948112,,6
ETH,-1,SQUEEZE_V2,2024-09-30 02:00:00+00:00,2024-10-01 06:00:00+00:00,2614.966892236328,2650.5200391057697,0.23845110781277526,623.5417523474825,2649.195441385077,1930.3959092613454,SL,-8.477687257248666,0.6277805959761069,0.0,-8.793696977051033,8.16183546334326,-1.0774165953902908,28,1061.9085106177602,,6
SUI,1,SQUEEZE_V2,2024-10-03 02:00:00+00:00,2024-10-03 07:00:00+00:00,1.9704940199999998,1.8551887813046248,69.62360962282433,137.1929064125898,1.856116839724487,4.258037625510257,SL,-8.027966926393368,0.1331789229493931,0.0,-8.092549396136466,7.9633521492617145,-1.0162239775980182,5,1053.6191407188858,,6
AVAX,-1,SQUEEZE_V2,2024-10-03 08:00:00+00:00,2024-10-04 09:00:00+00:00,24.877023569488525,25.663907374698056,10.208719317289209,253.96255107049646,25.651081833781166,9.395858283635683,SL,-8.033075902704574,0.25797908902184874,0.0,-8.164073716191174,7.902143555391643,-1.033146722653604,25,1045.3280857271595,,6
DOGE,-1,SQUEEZE_V2,2024-10-01 15:00:00+00:00,2024-10-04 13:00:00+00:00,0.11167765837907791,0.1101286849850213,2296.324106231542,256.4480990633675,0.11007364816094084,0.042311894129855254,SL,3.5569449446834644,0.25466962659102577,0.0,3.4304993676241224,7.964313829633201,0.43073382604036775,70,1048.688526021654,,6
AVAX,-1,SQUEEZE_V2,2024-10-05 21:00:00+00:00,2024-10-05 23:00:00+00:00,25.167965735626222,25.664138002447096,16.272305984771858,409.5408394643636,25.65131234627396,15.501033522671445,SL,-8.073866946867133,0.4135777729377972,0.0,-8.282674300072749,7.865163945162405,-1.053083490416896,2,1040.2010813018492,,6
DOGE,1,SQUEEZE_V2,2024-10-06 15:00:00+00:00,2024-10-06 19:00:00+00:00,0.11251249634027481,0.11048609786550095,3955.656698342491,445.0608097956431,0.11054136854977584,0.15193505215025427,SL,-8.015736700250217,0.441052941445518,0.0,-8.234259236797914,7.797104847776304,-1.0560662447865228,4,1030.9974896888823,,6
BTC,1,SQUEEZE_V2,2024-10-06 15:00:00+00:00,2024-10-06 21:00:00+00:00,62728.64322,62284.30563066379,0.009949532091619015,624.1206487811095,62315.463362344955,70992.24037310091,SL,-4.420951104613252,0.6219101732288028,0.0,-4.7308009534515,4.110946253349424,-1.150781514012022,6,1026.1594578869804,,6
SOL,1,SQUEEZE_V2,2024-10-06 15:00:00+00:00,2024-10-06 21:00:00+00:00,146.39926911621095,144.25143258783152,3.757413211303672,550.0825479024527,144.32359438502402,187.9127637399495,SL,-8.070309347453481,0.546047393228726,0.0,-8.34131546673098,7.799167657330939,-1.0695135472424986,6,1017.8181424202494,,6
ETH,1,SQUEEZE_V2,2024-10-07 01:00:00+00:00,2024-10-07 09:00:00+00:00,2489.737838232422,2456.1359028739535,0.23580071031527336,587.0819507540182,2457.3645851665365,3137.202899550127,SL,-7.9233602254947435,0.5831202706412708,0.0,-8.212939520759004,7.63363606815187,-1.0758882723036842,8,1009.0998770786979,,6
NEAR,1,SQUEEZE_V2,2024-10-06 15:00:00+00:00,2024-10-07 11:00:00+00:00,4.907981464862823,5.022493072163734,65.07782234821457,319.40074585867274,5.0250055749512095,7.059044784089916,SL,7.452166036737205,0.32312682887704136,0.0,7.288739580789501,6.999325827421048,1.041348804228348,20,1016.3886166594874,,6
LINK,1,SQUEEZE_V2,2024-10-07 01:00:00+00:00,2024-10-07 11:00:00+00:00,11.46129143371582,11.249166506654078,36.95654135317512,423.5696908309104,11.25479390360588,15.591242035914634,SL,-7.839403638996533,0.4196499890114122,0.0,-8.04726878259249,7.631434510836542,-1.054489659993212,10,1008.3413478768949,,6
SUI,1,SQUEEZE_V2,2024-10-06 19:00:00+00:00,2024-10-08 07:00:00+00:00,1.84006794,1.997426326833834,116.55096653709742,214.46169690092577,1.9984255396036357,3.1669520324121256,SL,18.340272078201814,0.2236318329400267,0.0,18.22387109371225,7.732481172666617,2.3567947579531685,36,1026.4186008233598,,6
APT,1,SQUEEZE_V2,2024-10-04 09:00:00+00:00,2024-10-10 00:00:00+00:00,8.900379344558715,8.398179674760378,15.742940928130546,140.1181462593411,8.402380865192974,18.86034893187354,SL,-7.906099735761883,0.13616509639146018,0.0,-7.972205759023672,7.839960642953696,-1.016868084177034,135,1017.9088349697294,,6
DOGE,-1,SQUEEZE_V2,2024-10-10 15:00:00+00:00,2024-10-11 02:00:00+00:00,0.1050089942097664,0.10750639450748803,3124.1140904562376,328.06007843536867,0.10745266817340134,0.05613551493706745,SL,-7.802163459621766,0.3319611601651795,0.0,-7.970094580569261,7.634316262272969,-1.0439827624060627,11,1009.7747103499424,,6
NEAR,-1,SQUEEZE_V2,2024-10-09 13:00:00+00:00,2024-10-11 10:00:00+00:00,4.79704025888443,4.763289630988376,56.24207082412936,269.79547798637793,4.760909176400176,2.0600704123455373,SL,1.8982052044887416,0.2688463753841336,0.0,1.764256568097797,7.696642597627368,0.2292241773889386,45,1011.5389669180403,,6
SOL,-1,SQUEEZE_V2,2024-10-09 14:00:00+00:00,2024-10-11 10:00:00+00:00,141.0817786102295,142.726001907724,2.8788203726474486,406.1490984724657,142.65467457043877,87.61799922542664,SL,-4.73342352600875,0.4085158102354701,0.0,-4.9388647870079865,7.695630864584919,-0.6417751674832152,44,1006.6001021310323,,6
AVAX,-1,SQUEEZE_V2,2024-10-08 00:00:00+00:00,2024-10-11 16:00:00+00:00,26.556687874603274,26.878449318969924,11.041900099865158,293.2362944946697,26.865016810564644,12.858755379870686,SL,-3.552857724684876,0.2950127233570121,0.0,-3.7012523007945535,7.562560109076711,-0.48941790179654227,88,1002.7958398168205,,6
LINK,-1,SQUEEZE_V2,2024-10-09 11:00:00+00:00,2024-10-11 16:00:00+00:00,10.72385463218689,10.895769095737297,37.22314656866967,399.1756127549998,10.890323933770413,6.587643582982013,SL,-6.399197274010989,0.40237521139200527,0.0,-6.601984679025494,7.6981395061752,-0.857607825076383,53,996.193855137795,,6
NEAR,1,SQUEEZE_V2,2024-10-12 11:00:00+00:00,2024-10-13 03:00:00+00:00,4.841968280124664,4.742533287820968,18.391172955903,89.04947608676889,4.744905740691313,6.783219068791693,SL,-1.828726141326167,0.0881351130161058,0.0,-1.8723365162988885,1.7850939502579228,-1.0488728148052713,16,993.429182591068,,6
LINK,1,SQUEEZE_V2,2024-10-12 10:00:00+00:00,2024-10-13 11:00:00+00:00,11.045208821296692,10.896605949478488,52.192509294837265,576.4771640689461,10.90205697796747,13.908245687881124,SL,-7.75595676861111,0.5725991856846406,0.0,-8.040317372261278,7.4714539135334626,-1.0761382543894704,25,985.3888652188067,,6
DOGE,1,SQUEEZE_V2,2024-10-12 11:00:00+00:00,2024-10-13 14:00:00+00:00,0.11176234854608774,0.11010732119272826,4667.064154901911,521.6020507670999,0.11016240239392522,0.14376127158933827,SL,-7.724118836246226,0.5177399913489767,0.0,-7.9810578022116525,7.467051336530952,-1.0688366053097873,27,977.0852787979056,,6
SUI,1,SQUEEZE_V2,2024-10-11 10:00:00+00:00,2024-10-13 15:00:00+00:00,1.9308861000000002,2.1236358528571504,106.6971411905391,206.0200268345494,2.1246982019581293,3.3460131937055166,SL,20.565847595040875,0.21630295063206986,0.0,20.45255465782608,7.5495007659827404,2.7091267743137597,53,997.5378334557317,,6
SOL,1,SQUEEZE_V2,2024-10-12 11:00:00+00:00,2024-10-13 15:00:00+00:00,146.81935128479003,144.9781640015016,4.069922423062494,597.5433699334562,145.05068934617466,182.1925900570973,SL,-7.493489409313115,0.5937966252287996,0.0,-7.788514349575187,7.198316882787862,-1.081991037126827,28,989.7493191061566,,6
ETH,-1,SQUEEZE_V2,2024-10-13 16:00:00+00:00,2024-10-13 17:00:00+00:00,2440.191795654297,2463.8943069690235,0.24336185070422428,593.849591463694,2462.662975481283,1990.7681991145807,SL,-5.768287019889659,0.5967337349736388,0.0,-6.06809595913145,5.4686279102027235,-1.1096194619148085,1,983.1585523400078,,6
DOGE,-1,SQUEEZE_V2,2024-10-13 16:00:00+00:00,2024-10-13 22:00:00+00:00,0.10953808591663838,0.11139416440668724,4121.781194119079,451.49202257100006,0.1113384951591077,0.0735299010672522,SL,-7.650349415092327,0.45531719727854625,0.0,-7.879920601085373,7.420892957328185,-1.0618561197953804,6,975.2786317389224,,6
SUI,1,SQUEEZE_V2,2024-10-13 23:00:00+00:00,2024-10-14 02:00:00+00:00,2.30956182,2.2152727199149225,78.49880160104584,181.29783509353032,2.2163809103701073,4.173180012597852,SL,-7.4015813607196455,0.17759704441317054,0.0,-7.48852948758605,7.314589738041918,-1.0237798367062887,3,967.6994533337895,,6
LINK,-1,SQUEEZE_V2,2024-10-13 12:00:00+00:00,2024-10-14 03:00:00+00:00,10.88682213897705,10.980642681208602,50.98324530722213,555.0455237275637,10.975155103656775,7.987667153998434,SL,-4.7832757194477695,0.5574371615872875,0.0,-5.063190119171275,7.3904164891410495,-0.6851021355306247,15,962.6362632146182,,6
NEAR,-1,SQUEEZE_V2,2024-10-13 12:00:00+00:00,2024-10-14 03:00:00+00:00,4.688062329673767,4.783286218077045,19.2001955864525,90.0117136512165,4.7808957701919494,2.8313935193101227,SL,-1.8283172818454616,0.09092587229213922,0.0,-1.8742372973119925,1.7824202149124093,-1.0515125903708937,15,960.7620259173062,,6
APT,1,SQUEEZE_V2,2024-10-15 03:00:00+00:00,2024-10-15 05:00:00+00:00,10.46269201927185,10.09738164159016,19.99015948999096,209.15088215989985,10.102432858019169,17.667875244325487,SL,-7.302612713205842,0.20549957580329692,0.0,-7.403536847929189,7.201638091171475,-1.028035115650316,2,952.7102998671875,,6
NEAR,1,SQUEEZE_V2,2024-10-15 10:00:00+00:00,2024-10-15 11:00:00+00:00,5.090018025112152,4.941931841076197,49.07033754696035,249.76890261236582,4.944404043097746,8.00229766540027,SL,-7.266639036685586,0.24613558309402306,0.0,-7.387890168473426,7.1453272490039055,-1.0339470693246884,1,945.1975252474078,,6
BTC,1,SQUEEZE_V2,2024-10-14 04:00:00+00:00,2024-10-15 14:00:00+00:00,64327.963019999996,65841.66026020762,0.008961222903500913,576.4572155503837,65874.59755898711,80375.0958290034,SL,13.564578377914653,0.583239504739341,0.0,13.269567480950505,7.1900967031781,1.845533937684762,34,958.4670927283584,,6
ETH,1,SQUEEZE_V2,2024-10-14 04:00:00+00:00,2024-10-15 14:00:00+00:00,2521.764261767578,2590.332319502562,0.20254482721185166,510.77030666873674,2591.6281335693466,3233.0688730956085,SL,13.888105406184602,0.5177143593718291,0.0,13.625776200147142,7.203553479821482,1.8915353704689666,34,972.0928689285055,,6
XRP,1,SQUEEZE_V2,2024-10-17 05:00:00+00:00,2024-10-17 13:00:00+00:00,0.5593118288397789,0.5505196484268917,856.038789670128,478.79262100819017,0.5507950459498666,0.7296474866380258,SL,-7.526447479209372,0.4750293972685855,0.0,-7.7620805659738625,7.2906965169637905,-1.0646555576567025,8,963.8094296428458,,6
LINK,-1,SQUEEZE_V2,2024-10-17 11:00:00+00:00,2024-10-18 02:00:00+00:00,11.003798365211487,11.262293943853212,28.82135087807429,317.14433367534053,11.256665611047689,5.946453448487474,SL,-7.4501917724639934,0.32086942956157255,0.0,-7.612489035187895,7.2879756178174295,-1.0445272369705938,15,956.1969406076579,,6
SUI,1,SQUEEZE_V2,2024-10-18 17:00:00+00:00,2024-10-19 04:00:00+00:00,2.12352462,2.0519082332466687,101.54537616996713,215.6341063440865,2.052934700596967,3.5353230080606606,SL,-7.272312932800874,0.21199794987768605,0.0,-7.376493829506517,7.16807991958863,-1.0290752770973357,11,948.0424118862053,,6
LINK,1,SQUEEZE_V2,2024-10-19 01:00:00+00:00,2024-10-19 11:00:00+00:00,11.521303853416443,11.325603614509314,37.715611421132664,434.53301920025297,11.33126924913388,15.321995939067685,SL,-7.380954165644112,0.4308425421174309,0.0,-7.594530198161416,7.167271291689839,-1.0596124925488681,10,940.4478816880438,,6
NEAR,-1,SQUEEZE_V2,2024-10-17 08:00:00+00:00,2024-10-20 22:00:00+00:00,4.8460307220458985,4.991657522568823,50.92425096803544,246.78048468827532,4.989162941098274,1.9833863409983885,SL,-7.415935737501438,0.25048845255702606,0.0,-7.543033947714326,7.28890104463501,-1.0348657364838791,86,932.541007967498,,6
XRP,-1,SQUEEZE_V2,2024-10-19 17:00:00+00:00,2024-10-20 22:00:00+00:00,0.5408918085813522,0.5463044668355524,359.78520236326864,194.60486880707617,0.5460314511099975,0.43809895800844545,SL,-1.9473943453106464,0.1955785659797315,0.0,-2.0456704768868397,1.8491673272435087,-1.1062657482361271,29,930.4953374906112,,6
SOL,1,SQUEEZE_V2,2024-10-19 15:00:00+00:00,2024-10-21 09:00:00+00:00,157.05140827331542,165.8714820550812,3.394268683845651,533.0746768559723,165.95445928472355,198.61181358966172,SL,29.937700226655686,0.5480435269693001,0.0,29.65619403811437,7.053359112660329,4.204549004868248,42,960.1515315287255,,6
BTC,1,SQUEEZE_V2,2024-10-18 02:00:00+00:00,2024-10-21 13:00:00+00:00,68113.62,67171.83464558191,0.007896514172775357,537.860165689035,67205.43736426404,86277.27271471903,SL,-7.436821398874659,0.5341417549895977,0.0,-7.702033071019739,7.171477054557434,-1.0739814144877087,83,952.4494984577058,,6
AVAX,1,SQUEEZE_V2,2024-10-18 17:00:00+00:00,2024-10-21 13:00:00+00:00,27.985595542144775,27.98939050714488,13.15114027516839,368.0424926588731,28.003392203246502,38.88877188872101,SL,0.04990811705572081,0.36806744671740094,0.0,-0.13413808333224359,7.1694600789361,-0.018709649242115423,68,952.3153603743735,,6
XRP,-1,SQUEEZE_V2,2024-10-31 07:00:00+00:00,2024-11-01 03:00:00+00:00,0.5179964032649994,0.5144532128114654,803.9634402206296,416.4501703908415,0.5141961147540883,0.41138174714237374,SL,2.848595586380102,0.41502587259765145,0.0,2.641794798977871,7.499999999999999,0.3522393065303828,20,1002.0118298223061,,7
AVAX,-1,SQUEEZE_V2,2024-10-31 07:00:00+00:00,2024-11-01 12:00:00+00:00,25.83983031349182,25.217815848753478,9.74984696310216,251.93439110907335,25.205213242132412,17.050314111426854,SL,6.06454584003474,0.248902118189056,0.0,5.941610917400221,7.498438311861034,0.7923797823343799,29,1007.8946281634943,,7
NEAR,-1,SQUEEZE_V2,2024-10-31 09:00:00+00:00,2024-11-01 13:00:00+00:00,4.220155994510651,4.079558935437109,45.409977557457694,191.63718899969922,4.077520175349434,2.3332217727698223,SL,6.384509297174103,0.18844493435111218,0.0,6.29188295732284,7.4974935578943755,0.8391981811972208,28,1014.1865111208172,,7
APT,-1,SQUEEZE_V2,2024-10-31 10:00:00+00:00,2024-11-01 13:00:00+00:00,9.488701512336732,9.171704767808617,19.559803251628335,185.5971346947347,9.167121207205014,5.108420865488619,SL,6.200393954376625,0.18249693771754638,0.0,6.110695584006446,7.4967749184356265,0.8151099173298352,27,1020.2972067048236,,7
SOL,-1,SQUEEZE_V2,2024-10-31 14:00:00+00:00,2024-11-01 13:00:00+00:00,171.905614440918,170.71917507864018,1.2466787012525578,214.31106814922657,170.6338581495654,103.1874488139,SL,1.4791086832794125,0.21357151380758688,0.0,1.372692703546439,7.496078929180522,0.18312143141967996,23,1021.66989940837,,7
SUI,-1,SQUEEZE_V2,2024-11-01 08:00:00+00:00,2024-11-01 13:00:00+00:00,1.9331133,2.0576485103082467,60.84752115875578,117.62515242402222,2.0566202002081426,0.5216058690497967,SL,-7.57765884424114,0.12141398184614278,0.0,-7.640260249875271,7.515088723667295,-1.0166560277344128,5,1014.0296391584948,,7
AVAX,-1,SQUEEZE_V2,2024-11-02 13:00:00+00:00,2024-11-03 20:00:00+00:00,24.178163964462282,23.406469583863593,10.172628490524882,245.95547959347104,23.394772197764713,15.634530795372878,SL,7.850160242056172,0.24203039947244298,0.0,7.7311075823804645,7.604730541491325,1.0166182141759827,31,1021.2071164163464,,7
SUI,-1,SQUEEZE_V2,2024-11-02 13:00:00+00:00,2024-11-03 21:00:00+00:00,1.90821828,1.891467126812487,68.01735525734674,129.79196065932314,1.8905218658795473,0.630593401606035,SL,1.1393691373253132,0.1292222760906605,0.0,1.0750428415643143,7.603808208442849,0.14138216168717224,32,1022.2821592579107,,7
NEAR,-1,SQUEEZE_V2,2024-11-02 14:00:00+00:00,2024-11-03 21:00:00+00:00,3.853229291534424,3.701506006594781,47.68998407177975,183.76044353819185,3.699656178505528,2.0311464282657257,SL,7.235681042089677,0.18014260301714702,0.0,7.147418660841626,7.603321488590376,0.940038991060304,31,1029.4295779187523,,7
APT,-1,SQUEEZE_V2,2024-11-01 16:00:00+00:00,2024-11-04 03:00:00+00:00,8.734453092575073,8.33886314869265,15.013409301422866,131.13391930290834,8.334695800792254,2.9451733581347472,SL,5.939153743033733,0.12816434243139146,0.0,5.8765563602537965,7.60522229368871,0.7727001438380744,59,1035.306134279006,,7
BTC,-1,SQUEEZE_V2,2024-11-03 03:00:00+00:00,2024-11-04 03:00:00+00:00,68196.95788,69476.16479293036,0.006109053232209879,416.618845963695,69441.44407089491,53974.25855548671,SL,-7.814743126102414,0.4205262175267461,0.0,-8.026959920647313,7.602632386927108,-1.0558132383790968,24,1027.2791743583587,,7
APT,-1,SQUEEZE_V2,2024-11-04 22:00:00+00:00,2024-11-05 04:00:00+00:00,7.761347295665741,8.229938626073098,16.586146669891413,128.73084460187707,8.22582571321649,2.4530225236571725,SL,-7.772124534375964,0.13261690686906505,0.0,-7.84037601894409,7.7039071584957926,-1.0177142400136274,6,1019.2828796915275,,7
LINK,-1,SQUEEZE_V2,2024-11-04 15:00:00+00:00,2024-11-05 16:00:00+00:00,10.491901634788514,10.938837421045637,17.452170020886516,183.10645117274632,10.933370735677798,5.446540481768125,SL,-7.7999993301779105,0.1870064508378353,0.0,-7.895452555429372,7.70459380768769,-1.0247720713778892,25,1011.387427136098,,7
XRP,1,SQUEEZE_V2,2024-11-06 01:00:00+00:00,2024-11-07 10:00:00+00:00,0.5204040310978889,0.5465415737492382,500.7125531660014,260.5728310889031,0.5468149812398581,0.6935379985793061,SL,13.087395714442348,0.2671165289461243,0.0,12.950565601040674,7.585405703520735,1.7073003221211651,33,1024.07123434461,,7
SOL,1,SQUEEZE_V2,2024-11-07 16:00:00+00:00,2024-11-08 17:00:00+00:00,192.75854522094727,196.81083503691468,0.8537889474649388,164.57511543906537,196.90928968175555,295.56795102670657,SL,3.459800256797708,0.16630501556746424,0.0,3.3757827989497766,7.680534257584575,0.43952447651882687,25,1027.1521336550493,,7
APT,1,SQUEEZE_V2,2024-11-06 23:00:00+00:00,2024-11-10 14:00:00+00:00,9.711942038154602,10.835621316155079,13.971802831002716,135.69333926322275,10.841041837073615,15.915386387426974,SL,15.699825317506152,0.1435432519219758,0.0,15.624128735215788,7.583913865599008,2.060166954966033,87,1042.7762623902652,,7
NEAR,1,SQUEEZE_V2,2024-11-06 23:00:00+00:00,2024-11-10 19:00:00+00:00,4.281856337356567,4.734819360028371,32.053998053955446,137.25061470494418,4.737187954005373,6.986017713557715,SL,14.519275847235768,0.14451025262856207,0.0,14.443390901959678,7.584428555404151,1.9043479408436506,92,1057.2196532922248,,7
AVAX,1,SQUEEZE_V2,2024-11-08 11:00:00+00:00,2024-11-10 19:00:00+00:00,28.07261283531189,31.709320038814766,5.759396983358829,161.68132167869564,31.72518263012983,43.3101781738152,SL,20.94524049721379,0.17215394192730255,0.0,20.853927216125832,7.678928936377042,2.7157338463357132,56,1078.0735805083507,,7
BTC,1,SQUEEZE_V2,2024-11-07 19:00:00+00:00,2024-11-10 21:00:00+00:00,76605.318,78654.16727935313,0.003439846563960305,263.5105399033865,78693.51403637131,102121.13084838235,SL,7.047727153655422,0.26703440348021423,0.0,6.9124480201269005,7.679917100901679,0.9000680514266656,74,1084.9860285284776,,7
SOL,1,SQUEEZE_V2,2024-11-12 09:00:00+00:00,2024-11-12 10:00:00+00:00,225.10500955810545,210.81533443256006,0.5736937412421816,129.14133510574658,210.92079482997505,387.2103207367385,SL,-8.197897183909474,0.12504238651379185,0.0,-8.258368902870393,8.137395213963583,-1.014866389763056,1,1076.6630889580542,,7
LINK,-1,SQUEEZE_V2,2024-11-14 15:00:00+00:00,2024-11-16 02:00:00+00:00,13.018395708465576,14.048327801250979,7.893561216674161,102.76150346766121,14.041307147677141,1.3279792603334055,SL,-8.129832023418912,0.10682641947937067,0.0,-8.185277691164451,8.074414064652762,-1.0137302379620354,35,1068.3518835108034,,7
LINK,1,SQUEEZE_V2,2024-11-16 19:00:00+00:00,2024-11-17 02:00:00+00:00,14.66993321685791,13.898719883631307,10.483734051694897,153.79567840166334,13.905672719991301,23.404338895333435,SL,-8.085195482668864,0.14975308066032889,0.0,-8.15805072412836,8.012303795365725,-1.0181903897412046,7,1060.0722241521007,,7
DOGE,-1,SQUEEZE_V2,2024-11-17 03:00:00+00:00,2024-11-18 07:00:00+00:00,0.34914015207886695,0.37967740090022123,261.9833717144852,91.46891424252969,0.3794876570716854,0.0023115235895130315,SL,-8.000251409102583,0.09546903994708099,0.0,-8.0499859919284,7.950541681140755,-1.0125078661021971,28,1051.8627936637668,,7
BTC,1,SQUEEZE_V2,2024-11-18 07:00:00+00:00,2024-11-18 13:00:00+00:00,92188.73406,89845.94573970215,0.0034332073090464587,316.50303558653223,89890.8911852948,118449.79548520241,SL,-8.043277984795274,0.3124813965941346,0.0,-8.197507863596144,7.888970952478251,-1.0391099058389826,6,1043.5070342823772,,7
AVAX,1,SQUEEZE_V2,2024-11-17 06:00:00+00:00,2024-11-20 02:00:00+00:00,36.459290064239504,33.46657081747148,2.6712939970622784,97.39348268575536,33.48331247370833,70.4704625274529,SL,-7.994432958784171,0.09339626620636327,0.0,-8.039132483647656,7.949711072977785,-1.0112483849851885,68,1035.4146959359657,,7
APT,-1,SQUEEZE_V2,2024-11-20 03:00:00+00:00,2024-11-20 08:00:00+00:00,11.392421110343934,12.199961164552922,9.68953379903214,110.38724940148482,12.193864232436704,2.233071143569422,SL,-7.824686649330244,0.11429959272614995,0.0,-7.883792617355651,7.7656102195197425,-1.015218687842308,5,1027.4757096939095,,7
APT,1,SQUEEZE_V2,2024-11-20 09:00:00+00:00,2024-11-20 19:00:00+00:00,12.499999919700622,11.486812633317973,7.649150441290655,95.61437990191116,11.49255891277436,24.01361142742934,SL,-7.750021978743924,0.09173936891253921,0.0,-7.793954157705508,7.706067822704321,-1.0114048224104968,10,1019.6339483462532,,7
NEAR,1,SQUEEZE_V2,2024-11-16 03:00:00+00:00,2024-11-21 02:00:00+00:00,5.857171146583557,5.329672011464817,15.267027120961162,89.42159074700234,5.3323381805550945,11.855262186908838,SL,-8.053343602141359,0.08539491894593167,0.0,-8.09402772571379,8.012639126331026,-1.010157527139255,119,1011.5399206205394,,7
ETH,-1,SQUEEZE_V2,2024-11-14 15:00:00+00:00,2024-11-21 12:00:00+00:00,3108.3381689453126,3278.3249759372293,0.047965826303857484,149.09400870528128,3276.686632620919,1184.3557269383798,SL,-8.15355765812162,0.1531707875343421,0.0,-8.232181441303322,8.074973167185407,-1.0194685816117344,165,1003.1785969857139,,7
XRP,1,SQUEEZE_V2,2024-11-21 19:00:00+00:00,2024-11-22 13:00:00+00:00,1.208341581273079,1.382887650844467,68.44583081055865,82.70594343318005,1.3835794405647492,2.464615862207444,SL,11.946950746531227,0.08867941880644567,0.0,11.899624299441372,7.523839477392853,1.5815893381559503,18,1014.9725621770353,,7
AVAX,1,SQUEEZE_V2,2024-11-22 11:00:00+00:00,2024-11-22 13:00:00+00:00,37.04540579910278,37.44377720971454,3.4717469017375073,128.61227280664377,37.46250846394651,61.81195554413884,SL,1.3830447105321741,0.12930379516190987,0.0,1.3180470517735863,7.523529330104979,0.17518999314583586,2,1016.2906092288089,,7
DOGE,1,SQUEEZE_V2,2024-11-19 05:00:00+00:00,2024-11-23 16:00:00+00:00,0.38679734569787977,0.45059065089317757,275.10976151082355,106.41172552796327,0.4508160589226389,0.7119165257304196,SL,17.55016097826556,0.11518680601709605,0.0,17.488180035012444,7.826302757117827,2.234539165905303,107,1033.667403485433,,7
LINK,1,SQUEEZE_V2,2024-11-22 13:00:00+00:00,2024-11-23 20:00:00+00:00,15.530105827331543,17.09607262322549,7.944424257871947,123.37774946197118,17.104624935693334,26.49510729510534,SL,12.44070460032187,0.12959810176213213,0.0,12.372795373290725,7.622179569216066,1.6232621208848343,31,1046.0401988587237,,7
SOL,1,SQUEEZE_V2,2024-11-17 05:00:00+00:00,2024-11-24 10:00:00+00:00,235.2170321685791,250.4374389643783,0.552794135203856,130.02659588284726,250.56272032454055,399.58095648720496,SL,8.413751612134707,0.13423347168891464,0.0,8.344531438387216,7.950198672712346,1.049600366218312,173,1054.3382887258877,,7
NEAR,1,SQUEEZE_V2,2024-11-23 00:00:00+00:00,2024-11-24 11:00:00+00:00,6.137227356433868,6.2974654642572085,16.195229790631664,99.3938073147974,6.30061577214328,11.515683676994179,SL,2.595092977415007,0.10069135380350491,0.0,2.5440985272689005,7.621716902655583,0.33379598845799135,35,1056.8823872531566,,7
APT,1,SQUEEZE_V2,2024-11-24 02:00:00+00:00,2024-11-24 11:00:00+00:00,13.30105960521698,12.171507280754263,6.983138577196963,92.8831424467869,12.177596078793659,26.140642764340633,SL,-7.8878204119180975,0.08893923224082786,0.0,-7.930318072935532,7.845301491440427,-1.010836623880913,9,1048.952069180221,,7
BTC,1,SQUEEZE_V2,2024-11-21 04:00:00+00:00,2024-11-24 12:00:00+00:00,95819.26002,96826.74663722297,0.002695537274976084,258.28438704453566,96875.18422933762,127984.80362883175,SL,2.715717730764069,0.2596422459099177,0.0,2.585217678376419,7.586549404654044,0.34076330891491874,80,1051.5372868585976,,7
XRP,-1,SQUEEZE_V2,2024-11-24 13:00:00+00:00,2024-11-25 07:00:00+00:00,1.3375324659347534,1.497546803987293,49.50043163129818,66.20843438464492,1.4967984047849006,-0.4826496923526431,SL,-7.920778800797172,0.0701688237850435,0.0,-7.957843407389893,7.883732717246226,-1.0094004569664754,18,1043.1734146749145,,7
BTC,-1,SQUEEZE_V2,2024-11-24 13:00:00+00:00,2024-11-25 09:00:00+00:00,96912.6136,98676.56436442187,0.004598876270579708,445.68911900490025,98627.25073905234,77316.76058225897,SL,-8.112191312970667,0.4497452146613856,0.0,-8.339091968129603,7.885404051442494,-1.057535151493488,20,1034.8343227067849,,7
SUI,-1,SQUEEZE_V2,2024-11-24 12:00:00+00:00,2024-11-26 13:00:00+00:00,3.3201358400000003,3.2847560556761968,32.400737176206334,107.57484874114306,3.2831144984269836,0.5386091943068858,SL,1.1463310932264223,0.10700168319452985,0.0,1.093116834402464,7.885807457125273,0.13861825061614597,49,1035.9274395411874,,7
SOL,-1,SQUEEZE_V2,2024-11-24 12:00:00+00:00,2024-11-27 07:00:00+00:00,248.50029305114748,234.80989330199063,0.774989631163929,192.58515045583707,234.6925470284764,132.199682280837,SL,10.609917852085816,0.18728019152979414,0.0,10.518930235783941,7.886529651439481,1.3337844020993421,67,1046.4463697769713,,7
SUI,1,SQUEEZE_V2,2024-11-28 07:00:00+00:00,2024-11-29 07:00:00+00:00,3.6177234,3.365863543153495,31.365609429926135,113.47209918990444,3.367547316811901,6.476878636435417,SL,-7.899737900924581,0.10952223023944216,0.0,-7.952524081569071,7.846925313986631,-1.0134573432723026,24,1038.1917074407509,,7
APT,1,SQUEEZE_V2,2024-11-27 21:00:00+00:00,2024-12-01 02:00:00+00:00,12.558211442184447,12.954923303288076,11.124852739392908,139.70825296446102,12.96140400529072,20.620826312233962,SL,4.413361034748367,0.1419149334818352,0.0,4.3413002277487625,7.848347773327284,0.5531482998883829,77,1042.4540552602784,,7
DOGE,1,SQUEEZE_V2,2024-11-28 02:00:00+00:00,2024-12-02 04:00:00+00:00,0.41174231777787207,0.4347797028120396,303.22320531202115,124.84982535920716,0.43499720141274595,0.7075128774884194,SL,6.985469732067462,0.12834256022524088,0.0,6.919552084521825,7.84739350083173,0.8817643825033669,98,1049.257171947791,,7
NEAR,1,SQUEEZE_V2,2024-11-28 22:00:00+00:00,2024-12-02 08:00:00+00:00,6.978395636558533,6.483987352584387,15.975293617384121,111.48191927229473,6.487230968068421,12.59170613358838,SL,-7.8983175033540025,0.10753276052061773,0.0,-7.950109304238473,7.846499793614669,-1.0132045515005454,82,1041.238452980979,,7
AVAX,1,SQUEEZE_V2,2024-11-29 16:00:00+00:00,2024-12-02 08:00:00+00:00,44.34886815261841,46.601215270321006,3.5605151387150356,157.90481644227495,46.624527534088045,69.34184168899655,SL,8.019516010221277,0.1619145744473856,0.0,7.936553843995029,7.786437805805631,1.0192791674361632,64,1049.175006824974,,7
LINK,1,SQUEEZE_V2,2024-11-27 23:00:00+00:00,2024-12-02 10:00:00+00:00,18.73574675102234,19.662003004219496,6.125425052025656,114.76441251712053,19.671838923681335,33.377900538786804,SL,5.673713257929279,0.11760126914608518,0.0,5.6134941950417545,7.847823867378668,0.715293091423161,107,1054.6346541827425,,7
SOL,-1,SQUEEZE_V2,2024-12-01 03:00:00+00:00,2024-12-02 15:00:00+00:00,234.57307111816408,229.17500580424627,0.9927430838871637,232.87079401872919,229.06047556646305,144.56669767990675,SL,5.3588920067630985,0.23019134801534763,0.0,5.245136055757116,7.818405414452088,0.670870308933026,36,1059.8797902384995,,7
NEAR,-1,SQUEEZE_V2,2024-12-02 09:00:00+00:00,2024-12-02 21:00:00+00:00,6.510697683906555,7.042648183932203,14.889405019039565,96.94041477220753,7.0391286196223914,0.4714869900112806,SL,-7.920426444962485,0.10090062799468877,0.0,-7.972856865571069,7.86802222646315,-1.0133241411997185,12,1051.9069333729285,,7
SUI,-1,SQUEEZE_V2,2024-12-02 04:00:00+00:00,2024-12-03 06:00:00+00:00,3.30123962,3.4923085999002548,41.56599972807128,137.21932514721814,3.490563318241134,1.137540211529894,SL,-7.941973166576846,0.14119031173050656,0.0,-8.014553815733743,7.869428789608432,-1.0184416213686245,26,1043.8923795571948,,7
BTC,-1,SQUEEZE_V2,2024-12-03 14:00:00+00:00,2024-12-03 15:00:00+00:00,93715.95306,96051.21633092818,0.0034229546061080433,320.78545319253215,96003.2147235664,67575.81976209824,SL,-7.993500169698533,0.32478220327738144,0.0,-8.157889646379648,7.829192846678961,-1.0419834849054863,1,1035.5275724684718,,7
ETH,-1,SQUEEZE_V2,2024-12-02 09:00:00+00:00,2024-12-04 10:00:00+00:00,3603.4390801269533,3739.8482742316164,0.05848669981312707,210.75325977427585,3737.979284589322,2065.836743414166,SL,-7.978123587350015,0.21474232156795087,0.0,-8.087489279030828,7.868812551187304,-1.027790308438664,49,1027.4400831894409,,7
DOGE,-1,SQUEEZE_V2,2024-12-03 14:00:00+00:00,2024-12-04 21:00:00+00:00,0.396090756303072,0.42962747648782434,234.91947240294763,93.04943149440219,0.42941277010277296,0.01526774144934695,SL,-7.878428611927305,0.09698864580036584,0.0,-7.92889254198047,7.827989901229489,-1.0128899809560477,31,1019.5111906474605,,7
BTC,1,SQUEEZE_V2,2024-12-09 00:00:00+00:00,2024-12-09 02:00:00+00:00,101165.22899999999,99022.20395285152,0.003651938857815978,369.44923084495184,99071.73982276289,125090.81959699541,SL,-7.826196442954438,0.3655361326234746,0.0,-8.007007960155436,7.645294474769384,-1.0473119101664117,2,1011.1808640603399,,7
XRP,1,SQUEEZE_V2,2024-12-07 16:00:00+00:00,2024-12-09 08:00:00+00:00,2.5401078154563903,2.3713255272659586,45.623597557615234,115.88885672533554,2.3725117831575373,4.455491041728997,SL,-7.700455191253692,0.11203862912970869,0.0,-7.754549392020733,7.646333929855953,-1.014152594322652,40,1003.2432088391196,,7
NEAR,-1,SQUEEZE_V2,2024-12-08 09:00:00+00:00,2024-12-10 06:00:00+00:00,7.539491689395905,6.572616228978204,21.393904656295952,161.2991663598717,6.569331563196607,3.455070999362375,SL,20.68524141468853,0.15095654565252742,0.0,20.614934452215937,7.645899346643232,2.6962079302373345,45,1023.7578029033501,,7
SOL,-1,SQUEEZE_V2,2024-12-09 02:00:00+00:00,2024-12-10 14:00:00+00:00,232.25354305114746,218.46095710348777,0.9310580878187825,216.24153968233864,218.35178121288135,139.16306177522966,SL,12.84169869850424,0.20982069033308653,0.0,12.739998778012323,7.583856480452549,1.679883949656718,36,1036.4978016813625,,7
APT,-1,SQUEEZE_V2,2024-12-09 02:00:00+00:00,2024-12-10 19:00:00+00:00,14.0395918800354,11.321838309321894,10.681942893943663,149.97011871681332,11.316180219212288,5.9265192998155705,SL,29.03088844217316,0.13545467449572673,0.0,28.970418827035843,7.5830455746787395,3.8204199805647603,41,1065.4682205083984,,7
XRP,-1,SQUEEZE_V2,2024-12-09 21:00:00+00:00,2024-12-10 19:00:00+00:00,2.272245531320572,2.1126980480842383,36.059945284167995,81.93704953161506,2.111642226970753,-0.11231676762052167,SL,5.753273515728896,0.0790604127737506,0.0,5.715181627720953,7.52387877731925,0.7596057561359683,22,1071.1834021361194,,7
SUI,-1,SQUEEZE_V2,2024-12-09 08:00:00+00:00,2024-12-10 21:00:00+00:00,4.1015795200000005,3.689816273640333,28.95073126342228,118.74372643907657,3.687972287496585,1.1312823533788658,SL,11.920847089513074,0.11278330289432004,0.0,11.867435649838292,7.524324066293397,1.5772095334118672,37,1083.0508377859578,,7
SOL,1,SQUEEZE_V2,2024-12-12 18:00:00+00:00,2024-12-13 06:00:00+00:00,234.09681305236816,224.02923448289224,0.8159183189035458,191.00387816636587,224.14130513545996,347.8740463884619,SL,-8.214321781836164,0.1868967172754478,0.0,-8.30571656002843,8.122881283394683,-1.022508672754766,12,1074.6126635567414,,7
SUI,1,SQUEEZE_V2,2024-12-13 15:00:00+00:00,2024-12-14 13:00:00+00:00,4.89657912,4.563165041943292,24.33814368664481,119.1736461955848,4.565447765826205,8.680937453414806,SL,-8.11467973889437,0.11511630632613762,0.0,-8.170209222122715,8.059122477035102,-1.0137839752906301,22,1066.223879368144,,7
APT,1,SQUEEZE_V2,2024-12-13 11:00:00+00:00,2024-12-14 18:00:00+00:00,14.17623460521698,13.26281578351073,8.888107994187077,125.99990412210052,13.269450508765111,24.539481421809764,SL,-8.118565131248259,0.12194062155647639,0.0,-8.177505800743685,8.05959497667556,-1.0146298696658278,31,1057.8665621110044,,7
DOGE,-1,SQUEEZE_V2,2024-12-14 14:00:00+00:00,2024-12-15 23:00:00+00:00,0.39528092098236084,0.4105659328916839,530.2523762771339,209.5986476479108,0.41036075251542625,0.22293998917589908,SL,-8.104913886342851,0.21365110459108225,0.0,-8.213765667109978,7.99611650426679,-1.02721935863829,33,1049.5823837938703,,7
NEAR,-1,SQUEEZE_V2,2024-12-14 13:00:00+00:00,2024-12-16 00:00:00+00:00,6.6446707084655765,7.002348167292024,22.57813392512172,150.0242651440692,6.998848742920564,2.5969217432657157,SL,-8.075689567380747,0.1540621099277596,0.0,-8.154739544736472,7.99667909526108,-1.0197657612106832,35,1041.427644249134,,7
XRP,-1,SQUEEZE_V2,2024-12-16 12:00:00+00:00,2024-12-16 16:00:00+00:00,2.348630292892456,2.448810102479817,78.92070493359778,185.35555834347485,2.4475863093251546,1.2177043908044745,SL,-7.906261192748123,0.18930868893984892,0.0,-8.002892102516235,7.809678574289257,-1.0247402663744791,4,1033.1949066902132,,7
ETH,1,SQUEEZE_V2,2024-12-16 00:00:00+00:00,2024-12-16 23:00:00+00:00,3961.0020029296875,3988.9301588170174,0.06925907996578126,274.33535446552696,3990.925621627831,5249.861553100278,SL,1.9342783818973879,0.27530249365647563,0.0,1.7961435654736757,7.810707331868504,0.22995914315534802,23,1034.9253743214636,,7
SOL,-1,SQUEEZE_V2,2024-12-13 16:00:00+00:00,2024-12-17 09:00:00+00:00,221.1057638977051,219.8553965064177,0.8682558936817718,191.97638263119276,219.74552374454544,115.03202445220356,SL,1.0856388567527853,0.19143356320281638,0.0,0.9901934848655652,8.05867557586187,0.12287298024894926,89,1035.9155678063291,,7
XRP,1,SQUEEZE_V2,2024-12-16 17:00:00+00:00,2024-12-17 15:00:00+00:00,2.5175033599376677,2.585406012434263,52.17544911227012,131.35186844639685,2.5866993621153203,4.214845020380856,SL,3.5428513899242597,0.13312329414135898,0.0,3.475404030006099,7.748961800176598,0.4484993112144255,22,1039.3909718363352,,7
BTC,1,SQUEEZE_V2,2024-12-17 15:00:00+00:00,2024-12-17 22:00:00+00:00,108275.95086,105712.37560555038,0.003104893131926411,336.18525617801555,105765.25823466771,136969.58086379757,SL,-7.9596272007171285,0.33220544257765694,0.0,-8.123740015205778,7.795432288772513,-1.0421153971032644,7,1031.0991391930404,,7
LINK,1,SQUEEZE_V2,2024-12-13 03:00:00+00:00,2024-12-18 15:00:00+00:00,30.09801745376587,26.7771369369772,2.455691984465894,73.91146020952742,26.790532203078737,67.89784889019026,SL,-8.155059666446892,0.06983393037630398,0.0,-8.187937866718432,8.122165018851561,-1.0080979452786556,132,1022.8497730466937,,7
AVAX,-1,SQUEEZE_V2,2024-12-14 18:00:00+00:00,2024-12-20 12:00:00+00:00,50.27694134902954,36.117966117860476,2.800991792050824,140.8253000480524,36.09991615978059,17.90473768541858,SL,39.65917340635547,0.12099571334487469,0.0,39.60859034303462,7.933999215832532,4.992260430779284,138,1062.2537583127832,,7
SUI,-1,SQUEEZE_V2,2024-12-18 02:00:00+00:00,2024-12-20 12:00:00+00:00,4.54189144,3.750023280428752,27.049646800128624,122.85655925652758,3.748149205825839,1.274568695655474,SL,21.419754028670145,0.11214668224219251,0.0,21.369035626056217,7.733243543947803,2.7632694489209597,58,1083.6227939388395,,7
ETH,-1,SQUEEZE_V2,2024-12-18 20:00:00+00:00,2024-12-20 12:00:00+00:00,3767.2464,3242.535531997604,0.04823727356222404,181.7216951731037,3240.915074460374,1949.7133759450157,SL,25.310621680903616,0.1690663843326519,0.0,25.232416144157515,7.671373297850203,3.2891654680953346,40,1108.855210082997,,7
DOGE,-1,SQUEEZE_V2,2024-12-18 20:00:00+00:00,2024-12-20 12:00:00+00:00,0.37412514646053313,0.28404884398566277,372.56392587092694,139.38553333237175,0.2839068905403926,0.1388332470301603,SL,33.559180877974796,0.12260594289338435,0.0,33.506267701747596,7.6703614555231105,4.368277544159424,40,1142.3614777847447,,7
LINK,-1,SQUEEZE_V2,2024-12-18 20:00:00+00:00,2024-12-20 14:00:00+00:00,26.3887202999115,22.010317877770618,3.3386585019379678,88.10292538456257,21.999318218661287,0.13115320636777383,SL,14.617990471586452,0.08079393014876934,0.0,14.581248004129964,7.670691841493303,1.900903895689719,42,1156.9427257888747,,7
ETH,-1,SQUEEZE_V2,2024-12-22 20:00:00+00:00,2024-12-23 20:00:00+00:00,3246.860507763672,3406.839450123176,0.05481520535667501,177.97732549754377,3405.136881682335,1437.9876629789537,SL,-8.76927857817988,0.18236196478663372,0.0,-8.862651880217742,8.675951939461394,-1.0215192456181286,24,1147.667868349085,,7
SUI,-1,SQUEEZE_V2,2024-12-23 15:00:00+00:00,2024-12-23 20:00:00+00:00,4.13827218,4.51316931381433,23.2779656151203,96.33055751204894,4.510913856885887,-0.12048984155298825,SL,-8.72684259013711,0.1006939788071175,0.0,-8.779371290188204,8.67434014131044,-1.0121082580538394,5,1138.8884970588967,,7
AVAX,-1,SQUEEZE_V2,2024-12-22 20:00:00+00:00,2024-12-23 21:00:00+00:00,36.14076921005249,38.754380655660796,3.344051187307355,120.85658218707712,38.73501314908626,6.492267049666612,SL,-8.740050457846548,0.1252266074160004,0.0,-8.80484877416901,8.675284524490777,-1.0149348703564092,25,1130.0836482847278,,7
XRP,-1,SQUEEZE_V2,2024-12-23 02:00:00+00:00,2024-12-24 13:00:00+00:00,2.150469707107544,2.294043350416573,60.90712746925595,130.97893256957266,2.29289690196559,0.522730337301303,SL,-8.744658194248522,0.13535126166669692,0.0,-8.814519989630433,8.674831312307576,-1.016102754312314,35,1121.070129386136,,7
BTC,-1,SQUEEZE_V2,2024-12-22 20:00:00+00:00,2024-12-24 15:00:00+00:00,94809.23436,97616.1656689368,0.003145977534687818,298.2677213775124,97567.38197794782,63287.54729773915,SL,-8.830542839327023,0.3026829927971759,0.0,-8.984091971435443,8.677070443416559,-1.0353830858030924,43,1112.0040211320263,,7
APT,1,SQUEEZE_V2,2024-12-24 16:00:00+00:00,2024-12-26 06:00:00+00:00,9.843368426513672,9.206855111721511,13.198180184513314,129.91455011567675,9.211460842142582,17.065169390754704,SL,-8.400817418468787,0.12571414140644235,0.0,-8.46157428481739,8.340030158490197,-1.0145735835503495,38,1103.4774895721512,,7
XRP,1,SQUEEZE_V2,2024-12-24 14:00:00+00:00,2024-12-26 08:00:00+00:00,2.323664627408981,2.203455313419761,70.5921859003863,164.03256534820667,2.204557592215869,3.6848878867588355,SL,-8.485838240084924,0.15978964622816422,0.0,-8.563611603638984,8.40802597039602,-1.0185044187292913,42,1094.8363924219052,,7
NEAR,1,SQUEEZE_V2,2024-12-23 21:00:00+00:00,2024-12-26 13:00:00+00:00,5.496098885536194,5.063812297113108,19.719543785028062,108.3805626201749,5.066345469848032,10.407566493400898,SL,-8.524494308089444,0.10411831546613018,0.0,-8.574422342245487,8.474541297428075,-1.0117860119281883,64,1086.175806724508,,7
SUI,-1,SQUEEZE_V2,2024-12-26 08:00:00+00:00,2024-12-28 14:00:00+00:00,4.36382706,4.164010072027302,39.489812023704204,172.32671030335376,4.161929107473565,1.9874389603524647,SL,7.890735294184629,0.16838134265626148,0.0,7.808517306680044,8.211272943164289,0.9509508891895342,54,1093.8301602333972,,7
LINK,-1,SQUEEZE_V2,2024-12-26 07:00:00+00:00,2024-12-28 17:00:00+00:00,23.575283923721315,22.169235445124734,6.573456070165349,154.97109321425745,22.158156366941263,9.186538671470629,SL,9.242597906577451,0.15034979426096873,0.0,9.169733658923612,8.276081171791134,1.1079801500954916,58,1102.9998938923209,,7
DOGE,1,SQUEEZE_V2,2024-12-28 23:00:00+00:00,2024-12-29 16:00:00+00:00,0.3253850694179535,0.3153942364215528,841.2114076913238,273.71763228681573,0.31555201242776665,0.437762863591517,SL,-8.40440268891115,0.2695154309423602,0.0,-8.537059303710102,8.271679712624072,-1.0320829142696388,17,1094.216710230023,,7
NEAR,1,SQUEEZE_V2,2024-12-28 22:00:00+00:00,2024-12-29 20:00:00+00:00,5.320063567256927,5.1161131033229195,41.07678078018733,218.53108488887418,5.11867243954269,7.62167645541963,SL,-8.377628497034728,0.21434227064035682,0.0,-8.482705225230648,8.272499204192407,-1.02541021955393,22,1085.6220878747995,,7
LINK,-1,SQUEEZE_V2,2024-12-29 23:00:00+00:00,2024-12-30 01:00:00+00:00,20.86882459144592,21.75761968782234,9.274364039206132,193.54507633140665,21.74674631466501,10.83543346894204,SL,-8.243009280056215,0.19766658097143475,0.0,-8.343903322861946,8.142165659060996,-1.0247769048491966,2,1077.181412013772,,7
BTC,-1,SQUEEZE_V2,2024-12-27 08:00:00+00:00,2024-12-30 17:00:00+00:00,95096.57688000001,94085.72949317905,0.00324225756275579,308.32759558136746,94038.71013811001,66381.7750385333,SL,3.2774275847121683,0.3066888817890113,0.0,3.1249025007138407,8.14631855043381,0.3835968948878672,81,1080.2386245005255,,7
APT,-1,SQUEEZE_V2,2025-01-01 09:00:00+00:00,2025-01-01 18:00:00+00:00,8.539891907310485,8.883954394237078,23.855263436290034,203.72137116633297,8.87951463691862,4.658489283217529,SL,-8.20770126417896,0.20782522179842247,0.0,-8.313665800394215,8.10178968375394,-1.026151767067607,9,1071.8230980145481,,7
AVAX,-1,SQUEEZE_V2,2024-12-29 18:00:00+00:00,2025-01-01 20:00:00+00:00,36.20775715255738,37.55404050035139,6.1819421468880655,223.83425998568225,37.53527286391943,21.03614902270532,SL,-8.322645769381378,0.22799558287037297,0.0,-8.438724222258909,8.206625326725172,-1.0282818925311357,74,1063.3843737922891,,7
LINK,-1,SQUEEZE_V2,2024-12-30 14:00:00+00:00,2025-01-01 20:00:00+00:00,20.376924318695067,21.603722383620845,6.643791074818701,135.38002792080243,21.592925920660516,6.479763153375643,SL,-8.150590034358732,0.1394553229379818,0.0,-8.222355343336313,8.07886059010329,-1.017761756330937,54,1055.1620184489527,,7
DOGE,1,SQUEEZE_V2,2025-01-03 12:00:00+00:00,2025-01-04 15:00:00+00:00,0.3488797493040562,0.38182301361473414,581.3556059149428,202.8231980481129,0.38201402062504664,0.5044262245119708,SL,19.15175138415029,0.21239907374018807,0.0,19.04076390943416,7.912433842462716,2.4064357805117256,27,1073.930531305439,,7
NEAR,1,SQUEEZE_V2,2025-01-04 15:00:00+00:00,2025-01-05 08:00:00+00:00,5.917183089351654,5.699240363651859,37.44672497315409,221.57912776274964,5.702091409356537,8.37537371786727,SL,-8.16124130917976,0.21749850710815977,0.0,-8.267950252406544,8.054478984790792,-1.0265034235012405,17,1065.5517914891511,,7
XRP,1,SQUEEZE_V2,2025-01-03 04:00:00+00:00,2025-01-05 09:00:00+00:00,2.4691936720848084,2.349172372577304,66.58791011881708,164.4184463027351,2.3503475463504793,3.82743510904857,SL,-7.9919675039493345,0.16042246255076045,0.0,-8.070180743348727,7.913715138367144,-1.0197714477013469,53,1057.4816107458023,,7
AVAX,1,SQUEEZE_V2,2025-01-03 10:00:00+00:00,2025-01-05 14:00:00+00:00,40.62712328109741,41.247820186565406,4.3631063986181555,177.26046154520475,41.26845441377229,61.35442258509707,SL,2.708166639849895,0.1786145448651297,0.0,2.6181823257573678,7.913098569193512,0.33086689150445,52,1060.0997930715596,,7
AVAX,1,SQUEEZE_V2,2025-01-05 23:00:00+00:00,2025-01-07 11:00:00+00:00,43.078613694763185,43.29604802895701,4.764242693857138,205.23697055676956,43.317706882398205,62.14920324455799,SL,1.0359099380766241,0.20575492552580787,0.0,0.932773497829201,7.949980231388841,0.11733029148252963,36,1060.730564975955,,7
ETH,1,SQUEEZE_V2,2024-12-23 21:00:00+00:00,2025-01-07 14:00:00+00:00,3405.030967675781,3554.3651561137303,0.045757858341297204,155.80692466663854,3556.143227727594,5521.920092766191,SL,6.8332126400562645,0.15922353098666667,0.0,6.751892571402917,8.475627362135459,0.7966245190965732,353,1067.482457547358,,7
SOL,1,SQUEEZE_V2,2024-12-23 21:00:00+00:00,2025-01-07 14:00:00+00:00,191.25824522094726,211.14131461125962,0.6996316968247591,133.8103306356572,211.24693808029974,329.69913592111743,SL,13.910825575628664,0.14076574342347153,0.0,13.83696499752302,8.475043086167958,1.6326719353328372,353,1081.319422544881,,7
APT,1,SQUEEZE_V2,2025-01-05 22:00:00+00:00,2025-01-07 15:00:00+00:00,10.088417312049865,10.237271250463932,20.306235004507016,204.85777276202154,10.242392446687274,14.563185605080214,SL,3.022663054782464,0.2063691042894128,0.0,2.918722836874062,7.950748448036697,0.3671003875861261,41,1084.2381453817552,,7
NEAR,1,SQUEEZE_V2,2025-01-05 23:00:00+00:00,2025-01-07 15:00:00+00:00,5.976194904613495,5.7283372287400365,32.44680714803967,193.90844354909137,5.731202830155114,8.776104326994991,SL,-8.042190209227426,0.18988734844447766,0.0,-8.135123335897358,7.949210592749252,-1.0233875730148203,40,1076.1030220458579,,7
SUI,-1,SQUEEZE_V2,2025-01-07 15:00:00+00:00,2025-01-08 18:00:00+00:00,4.98980184,4.690236175282414,36.67665681793268,183.00924967516903,4.68789222916783,2.4752387844289245,SL,10.987067079282792,0.17751571613552763,0.0,10.901055987984849,8.06975454567036,1.3508534771771414,27,1086.560568673197,,7
ETH,-1,SQUEEZE_V2,2025-01-07 15:00:00+00:00,2025-01-09 01:00:00+00:00,3564.9267645996097,3355.4314132192385,0.0761582488357944,271.4985796197605,3353.754535951263,2353.798576916104,SL,15.954799100368493,0.26352118006957626,0.0,15.827027210108797,8.070772665343934,1.961029986394039,34,1102.3875958833057,,7
DOGE,-1,SQUEEZE_V2,2025-01-07 16:00:00+00:00,2025-01-10 07:00:00+00:00,0.3638672125339508,0.33665774441187035,352.3186033339134,128.19718811896578,0.33648949966203934,0.10214042181812877,SL,9.58640180623003,0.12340398721585077,0.0,9.527096413073663,8.068481519005761,1.180779356144282,63,1111.9146922963794,,7
AVAX,-1,SQUEEZE_V2,2025-01-07 16:00:00+00:00,2025-01-10 07:00:00+00:00,40.87182506790161,37.65353684310673,3.6173862087379915,147.849176326579,37.634719483365046,15.382226259753097,SL,11.641791440116881,0.14202828060652056,0.0,11.57368774767365,8.068000779550315,1.4345174305150143,63,1123.488380044053,,7
XRP,-1,SQUEEZE_V2,2025-01-07 16:00:00+00:00,2025-01-11 11:00:00+00:00,2.312537363767624,2.4330136607489496,67.65924304723214,156.46452755095913,2.4317977618680158,0.9495613854774319,SL,-8.15133505889004,0.16054019508040418,0.0,-8.233642990194966,8.069068260984078,-1.0203957537460238,91,1115.254737053858,,7
NEAR,1,SQUEEZE_V2,2025-01-11 22:00:00+00:00,2025-01-12 10:00:00+00:00,5.1570313373565675,4.969888593494835,45.28837450144597,233.55356652189698,4.972374780885277,7.267391982742748,SL,-8.475390669238335,0.2293158711872778,0.0,-8.587929757164664,8.362795283619223,-1.0269209595488278,12,1106.2385668043078,,7
APT,1,SQUEEZE_V2,2025-01-11 22:00:00+00:00,2025-01-12 10:00:00+00:00,9.252050311660767,8.845093465938698,20.773299162746834,192.1956089929142,8.849518225051224,13.852417015769827,SL,-8.453836302512356,0.18796869084165801,0.0,-8.545707188857557,8.361919457744765,-1.0219791319494915,12,1097.6928596154503,,7
LINK,1,SQUEEZE_V2,2025-01-11 22:00:00+00:00,2025-01-12 22:00:00+00:00,20.583116273117064,19.760559364134696,10.2914741406532,211.83060885884234,19.77044458642791,29.870792692421688,SL,-8.46532315800766,0.2075979472798385,0.0,-8.567005800858077,8.363589648402442,-1.0243216323381539,24,1089.0283107196883,,7
LINK,-1,SQUEEZE_V2,2025-01-12 23:00:00+00:00,2025-01-13 00:00:00+00:00,19.668066484832764,20.388058285086355,11.505927299009109,226.29934308656343,20.37786935041115,11.556033735365487,SL,-8.284173309600513,0.23044142974136367,0.0,-8.401465067798595,8.166940167973241,-1.028716372962428,1,1080.292454667529,,7
DOGE,1,SQUEEZE_V2,2025-01-11 21:00:00+00:00,2025-01-13 05:00:00+00:00,0.34341866322755815,0.3301311809827822,637.417892029082,218.90120039795536,0.33029632914735585,0.49338819557272706,SL,-8.469678922838934,0.2146663609365359,0.0,-8.574894683576492,8.364410527903935,-1.0251642545485273,32,1071.6334318546365,,7
SUI,-1,SQUEEZE_V2,2025-01-12 10:00:00+00:00,2025-01-13 14:00:00+00:00,4.80183944,4.489034037403432,40.627387118089345,195.08618980778937,4.486790642082391,2.4859642122347982,SL,12.70846618392058,0.1887319567158291,0.0,12.617277322108645,8.232696447115877,1.5325813848667769,28,1084.1634412678707,,7
NEAR,-1,SQUEEZE_V2,2025-01-12 23:00:00+00:00,2025-01-13 14:00:00+00:00,4.92701437330246,4.607078743017528,48.01541620646954,236.5726457893753,4.604776354840108,2.983331117117301,SL,15.361842447410165,0.2288917245656702,0.0,15.251237045739183,8.166091545436666,1.8676299378815808,15,1099.4146783136098,,7
LINK,-1,SQUEEZE_V2,2025-01-13 03:00:00+00:00,2025-01-13 15:00:00+00:00,19.508096730422974,18.91764680754416,8.624944860450434,168.25625863223155,18.908192711188565,8.772202459497299,SL,5.0925980276869875,0.16570995961838808,0.0,5.011016197384715,8.102193410006468,0.618476496894773,12,1104.4256945109944,,7
APT,-1,SQUEEZE_V2,2025-01-12 22:00:00+00:00,2025-01-13 21:00:00+00:00,8.82353515663147,8.388090752423993,23.336449188490956,205.90997984559388,8.383898803022483,4.823557138467107,SL,10.161726213200499,0.20082911673899365,0.0,10.063852086384301,8.167712330397663,1.2321506536083306,23,1114.4895465973786,,7
DOGE,-1,SQUEEZE_V2,2025-01-13 06:00:00+00:00,2025-01-14 01:00:00+00:00,0.3296140597760677,0.3449649499554943,529.5156944089003,174.5358177492613,0.344792553678655,0.156145558032213,SL,-8.12853727315384,0.1786000863858382,0.0,-8.219869450665048,8.037250738909773,-1.0227215397015281,19,1106.2696771467135,,7
XRP,1,SQUEEZE_V2,2025-01-14 17:00:00+00:00,2025-01-15 11:00:00+00:00,2.6168233660697937,2.7437532288955544,62.01679983641897,162.28701090081452,2.74512579179145,4.1458141465376315,SL,7.871783896129317,0.16622290284887917,0.0,7.786704498730845,8.297022578600352,0.9384938301619526,18,1113.7769334173756,,7
ETH,1,SQUEEZE_V2,2025-01-15 14:00:00+00:00,2025-01-16 03:00:00+00:00,3299.769929443359,3349.117305692941,0.07129924817713224,235.27111512682018,3350.792702043963,4638.533251148852,SL,3.5184308261092596,0.23703033053987482,0.0,3.3990360531327948,8.352121603413163,0.4069667821579311,13,1116.797888828373,,7
AVAX,1,SQUEEZE_V2,2025-01-15 08:00:00+00:00,2025-01-16 08:00:00+00:00,37.268453787231444,38.58961357996392,5.866472054447976,218.63434265527908,38.608918038983404,53.429535207556874,SL,7.750547003525334,0.22250961615704176,0.0,7.6373545586959315,8.295746595674792,0.9206349869314799,24,1124.435243387069,,7
SOL,1,SQUEEZE_V2,2025-01-15 14:00:00+00:00,2025-01-16 09:00:00+00:00,195.67912738952637,198.74773404959075,1.019275350911004,199.45091123591854,198.84715762840494,289.31696057329395,SL,3.12775513024496,0.201014788801041,0.0,3.0264657970618787,8.351239336731437,0.3623972053765132,19,1127.461709184131,,7
LINK,1,SQUEEZE_V2,2025-01-15 08:00:00+00:00,2025-01-16 14:00:00+00:00,20.72814573097229,22.305623756583973,8.58615647011054,177.9751025813819,22.3167821476578,31.771056532383913,SL,13.54447315606295,0.18474733915941338,0.0,13.448713368194227,8.296414002309474,1.6210272732834339,30,1140.8299303625608,,7
BTC,1,SQUEEZE_V2,2025-01-15 14:00:00+00:00,2025-01-18 03:00:00+00:00,98974.791,103568.44638502478,0.003247688170492311,321.4392579076489,103620.25651328142,128370.03748958105,SL,14.918760253263304,0.32889863803428054,0.0,14.750581244182849,8.353327000630317,1.7658330917812524,61,1155.367433844319,,7
DOGE,1,SQUEEZE_V2,2025-01-16 18:00:00+00:00,2025-01-18 03:00:00+00:00,0.38816763246059416,0.40950495634265405,352.7580499849135,136.9292570940598,0.40970981124827816,0.6653701586869619,SL,7.5269127645319704,0.14069271347632578,0.0,7.454684679602675,8.556224477719207,0.8712586607580258,33,1162.8221185239217,,7
AVAX,1,SQUEEZE_V2,2025-01-16 13:00:00+00:00,2025-01-18 17:00:00+00:00,40.4150828956604,38.27306971649503,3.98327475770269,160.98437952874582,38.29221582440723,64.67642085283944,SL,-8.532227027235898,0.1567182660151279,0.0,-8.608453103486653,8.455962818880982,-1.018033462051794,52,1154.213665420435,,7
APT,1,SQUEEZE_V2,2025-01-17 02:00:00+00:00,2025-01-19 08:00:00+00:00,9.568413010025024,9.045651666492223,16.508336987413564,157.95858640424527,9.050176754869657,15.49111306894351,SL,-8.629920423032553,0.15364362619272898,0.0,-8.70458475602316,8.555218739200038,-1.0174590529332377,54,1145.5090806644118,,7
SUI,1,SQUEEZE_V2,2025-01-16 18:00:00+00:00,2025-01-19 22:00:00+00:00,4.91988378,4.596918007916272,26.68105329734472,131.2676813509218,4.5992176167246335,8.584639931718472,SL,-8.617066978184047,0.1269591478618298,0.0,-8.678392285370416,8.555710993005103,-1.0143391113217375,76,1136.6695370773946,,7
BTC,1,SQUEEZE_V2,2025-01-19 20:00:00+00:00,2025-01-19 22:00:00+00:00,106283.7525,103398.92090412357,0.0030324729388301144,322.30260329356753,103450.64622723719,138662.10990300364,SL,-8.748173747577363,0.3179285164197788,0.0,-8.904950962350359,8.591318104983088,-1.0365057903263248,2,1127.7645861150443,,7
SOL,1,SQUEEZE_V2,2025-01-22 14:00:00+00:00,2025-01-23 10:00:00+00:00,260.34206654663086,242.67522936441034,0.4820759662561302,125.50465328758482,242.79662767824945,460.86136789956134,SL,-8.516757605308685,0.12124627448493047,0.0,-8.575251553149823,8.458234395862831,-1.0138347025880754,20,1119.0085487724477,,7
ETH,-1,SQUEEZE_V2,2025-01-23 05:00:00+00:00,2025-01-23 22:00:00+00:00,3196.5705189453124,3312.752226342774,0.07385006030889175,236.06692560573674,3311.0966780037725,1887.7001297057684,SL,-8.580026098092558,0.24035693865478303,0.0,-8.702349573944472,8.457763753413005,-1.028918497567725,17,1110.2162562219596,,7
XRP,-1,SQUEEZE_V2,2025-01-23 13:00:00+00:00,2025-01-24 09:00:00+00:00,3.053689209794998,3.197756904222117,58.90774755674456,179.88595308735853,3.196158824809712,1.4254650381982654,SL,-8.48670337439492,0.184129304774556,0.0,-8.580889702625797,8.392564115793357,-1.0224395767770238,20,1101.517349359099,,7
DOGE,-1,SQUEEZE_V2,2025-01-26 23:00:00+00:00,2025-01-27 12:00:00+00:00,0.3435612600505352,0.3176677398807647,835.1447284629596,286.9233752352965,0.31750898538807065,0.23050807347774108,SL,21.62483687113318,0.2761109567997299,0.0,21.4921876019511,8.261380120193241,2.601525082887528,13,1122.4213178290456,,7
BTC,-1,SQUEEZE_V2,2025-01-27 00:00:00+00:00,2025-01-27 12:00:00+00:00,102591.07768,99755.64123299671,0.0053937103705702935,553.3465596105985,99705.7883388273,85088.56649563601,SL,15.293522969294624,0.5456997981259513,0.0,15.024496450973972,8.26030415753611,1.8188793250750577,12,1137.4458142800197,,7
ETH,-1,SQUEEZE_V2,2025-01-27 00:00:00+00:00,2025-01-27 12:00:00+00:00,3231.613557763672,3107.80911443078,0.1040249160843578,336.1683291634389,3106.255986437561,2324.3332177628577,SL,12.878746828574707,0.32972895574915156,0.0,12.717102037407274,8.25822910793757,1.539930882419327,12,1150.162916317427,,7
SUI,-1,SQUEEZE_V2,2025-01-23 22:00:00+00:00,2025-01-27 14:00:00+00:00,4.1891620000000005,3.805076461295815,26.71323242788781,111.90605818407536,3.803174873858886,0.626830348548185,SL,10.260166267595407,0.10677597505027767,0.0,10.209343321637167,8.326621921664696,1.2261086689998373,88,1160.3722596390642,,7
APT,-1,SQUEEZE_V2,2025-01-24 03:00:00+00:00,2025-01-27 15:00:00+00:00,8.056288848686219,7.484035707198688,15.407623114935284,124.12826228561315,7.480295559418979,1.8803461541707955,SL,8.817060730377612,0.11971973192042434,0.0,8.759405129599994,8.326202273946507,1.052028865189718,84,1169.1316647686642,,7
AVAX,-1,SQUEEZE_V2,2025-01-28 21:00:00+00:00,2025-01-30 13:00:00+00:00,32.55648712539673,34.166305023494054,5.505273561623331,179.23236783077695,34.14923040828991,14.353706749474632,SL,-8.86248791342325,0.18366361178748858,0.0,-8.95653534129535,8.76848748576498,-1.0214458714613726,40,1159.9434187118989,,7
APT,1,SQUEEZE_V2,2025-01-30 15:00:00+00:00,2025-01-31 18:00:00+00:00,7.831565923690795,8.0440461725349,21.76172278040666,170.4283665678385,8.04807020763872,12.399967692121137,SL,4.623936271657229,0.17274033470366712,0.0,4.5364101202374805,8.698925622983815,0.5214908503472695,27,1164.129363530571,,7
AVAX,1,SQUEEZE_V2,2025-01-31 07:00:00+00:00,2025-02-01 09:00:00+00:00,35.04000754623413,33.66937676293534,6.425148261991156,225.1372435858432,33.686219872871774,50.5118666703753,SL,-8.806505995143771,0.22073399058827134,0.0,-8.91467136393912,8.698286516609185,-1.024876721054975,26,1155.214692166632,,7
SUI,1,SQUEEZE_V2,2025-01-31 07:00:00+00:00,2025-02-01 09:00:00+00:00,4.225444919999999,3.9451150213057,31.24571116881333,132.02703153004953,3.9470885655884937,7.4066603989886355,SL,-8.759107046584782,0.12764747800675713,0.0,-8.820741008826515,8.69744225194574,-1.014176438694168,26,1146.3939511578055,,7
NEAR,1,SQUEEZE_V2,2025-01-30 15:00:00+00:00,2025-02-01 19:00:00+00:00,4.628925382518768,4.394408167935067,37.44669596571686,173.33796144716996,4.396606471170652,7.283998655068674,SL,-8.781894833242644,0.16894701403054863,0.0,-8.864172866549607,8.69957564033924,-1.0189201442708473,52,1137.2232856868086,,7
BTC,1,SQUEEZE_V2,2025-01-29 21:00:00+00:00,2025-02-01 20:00:00+00:00,104221.84019999999,100955.8795177281,0.002726770728318415,284.18906310883943,101006.38270908264,140969.9258104841,SL,-8.905525988257835,0.2797363001147105,0.0,-9.043167756818127,8.767815364385616,-1.0314049031587706,71,1128.1801179299905,,7
SOL,-1,SQUEEZE_V2,2025-02-01 15:00:00+00:00,2025-02-02 08:00:00+00:00,225.34492138977052,214.3077387607616,1.0348993294522921,233.209308041753,214.20063844154083,130.403099916622,SL,11.422372901803822,0.2274981215908511,0.0,11.311479434233847,8.597332395709811,1.3156964176328036,17,1139.1357194536986,,7
BTC,-1,SQUEEZE_V2,2025-02-01 21:00:00+00:00,2025-02-02 19:00:00+00:00,101307.93436,98685.25808697524,0.004727588817268895,478.9422575809473,98635.94011691678,80855.3994677763,SL,12.398935019668308,0.4727427900711131,0.0,12.165663358387668,8.460477833611913,1.4379404565136662,22,1151.2378816973567,,7
SUI,-1,SQUEEZE_V2,2025-02-01 14:00:00+00:00,2025-02-03 03:00:00+00:00,3.9137171,2.9057772856653044,42.397067056304586,165.93012632810593,2.9043251231037526,1.596048791949967,SL,42.73369189706728,0.14456328037957228,0.0,42.67209367985176,8.59795463368354,4.963051737058324,37,1193.9099753772084,,7
AVAX,-1,SQUEEZE_V2,2025-02-01 15:00:00+00:00,2025-02-03 03:00:00+00:00,33.55928869171143,24.12239370903221,6.372178400121685,213.84577452477149,24.11033853976233,18.141447801846468,SL,60.13357837284523,0.18377898533834888,0.0,60.056722274769264,8.596457860804655,6.986217259156991,36,1253.9666976519777,,7
APT,-1,SQUEEZE_V2,2025-02-02 17:00:00+00:00,2025-02-03 05:00:00+00:00,6.714256893730163,5.394843771716955,18.91530685667849,127.00222945947499,5.392147697868022,1.5522891147021118,SL,24.957104073608015,0.11452367742267097,0.0,24.906081510915083,8.543517895902738,2.9152021233383767,12,1278.8727791628928,,7
ETH,-1,SQUEEZE_V2,2025-02-01 20:00:00+00:00,2025-02-03 07:00:00+00:00,3195.960777636719,2553.8365529860357,0.07284618919598908,232.8135634706848,2552.560272849611,1868.4904729752368,SL,46.77630275623146,0.2094254120925691,0.0,46.68328412587423,8.461350884474928,5.517237703914365,35,1325.556063288767,,7
APT,-1,SQUEEZE_V2,2025-02-06 16:00:00+00:00,2025-02-07 14:00:00+00:00,5.7602479427337645,6.19620908939784,22.962472485819497,132.26953489652243,6.193112533131274,0.8132240524765102,SL,-10.010745835160149,0.1372749078141025,0.0,-10.08188597552599,9.939641247088348,-1.0143108513578707,22,1315.1374788688058,,7
SOL,-1,SQUEEZE_V2,2025-02-05 17:00:00+00:00,2025-02-08 23:00:00+00:00,199.76004305114748,199.25999450683594,0.7643769943594767,152.69198130055577,212.766282836002,51.11730265280997,EOD,0.38222560333468614,0.15250086849888844,0.0,0.3060707254860756,9.941670474665752,0.030786649614471955,78,1315.3528612292007,,7
LINK,-1,SQUEEZE_V2,2025-02-05 18:00:00+00:00,2025-02-08 23:00:00+00:00,19.089181811904908,18.43899917602539,6.117198768919361,116.77231947946257,20.714288050114007,0.5165390895152129,EOD,3.977296419774927,0.1147836712695751,0.0,3.9208989082450834,9.941097879735876,0.3944130674175856,77,1319.2737601374458,,7
NEAR,-1,SQUEEZE_V2,2025-02-05 18:00:00+00:00,2025-02-08 23:00:00+00:00,3.261347683906555,3.2839999198913574,36.49483504459849,119.02234574725307,3.533733076836537,0.14837176470676594,EOD,-0.8266896156566765,0.11943569055508141,0.0,-0.8866141333381314,9.940659983537827,-0.08919067092189087,77,1318.3871460041078,,7
AVAX,-1,SQUEEZE_V2,2025-02-06 15:00:00+00:00,2025-02-08 23:00:00+00:00,25.55388821525574,24.583999633789062,5.973286967572756,152.64070744699814,27.21799939955072,6.535474680455955,EOD,5.793422823672527,0.14974399603516186,0.0,5.719999181360865,9.940213649741276,0.5754402654624777,56,1324.1071451854687,,7
ETH,-1,SQUEEZE_V2,2025-02-07 21:00:00+00:00,2025-02-08 23:00:00+00:00,2586.902437890625,2632.110107421875,0.07011347916558647,181.3767301824492,2727.581964978725,979.1364140266269,EOD,-3.1696669958040045,0.1829615636803512,0.0,-3.261940194393131,9.863531091516043,-0.33070714373261684,26,1320.8452049910754,,7
BTC,-1,SQUEEZE_V2,2025-02-18 17:00:00+00:00,2025-02-19 14:00:00+00:00,94629.67028,96664.89330195931,0.0037746964622174706,357.1982816267217,96616.58500945459,71922.0733719477,SL,-7.682349140813334,0.3610394561971284,0.0,-7.8647894561971015,7.5,-1.0486385941596135,21,991.9566114029896,,8
BTC,1,SQUEEZE_V2,2025-02-20 03:00:00+00:00,2025-02-21 15:00:00+00:00,97165.32917999999,97769.73672537736,0.0042165155344143805,409.69911989395683,97818.64604840156,117330.04853464584,SL,2.5484938042009424,0.41097336679605734,0.0,2.3423699973518635,7.439674585522422,0.3148484480638584,36,993.7026383952148,,8
ETH,1,SQUEEZE_V2,2025-02-20 03:00:00+00:00,2025-02-21 15:00:00+00:00,2742.4282587890625,2759.7116278474823,0.08487399981792151,232.7608555371257,2761.0921739344494,3743.998752163069,SL,1.466908662317392,0.2334943098682844,0.0,1.3497947802176704,7.43813821382282,0.1814694405260245,36,995.0524331754324,,8
SUI,1,SQUEEZE_V2,2025-02-20 04:00:00+00:00,2025-02-21 15:00:00+00:00,3.29425872,3.374384415125857,37.07840267973002,122.14585135137199,3.3760724513515323,5.586626035312905,SL,2.970932788869794,0.12363131774580688,0.0,2.908374396799673,7.437265360614554,0.3910542727440545,35,997.960807572232,,8
DOGE,1,SQUEEZE_V2,2025-02-21 14:00:00+00:00,2025-02-21 15:00:00+00:00,0.2608121612906456,0.25212160360786307,868.2478440588168,226.44959674492344,0.25224772747159885,0.3586914049368943,SL,-7.545557971744727,0.22267681775905107,0.0,-7.655009991131316,7.436051198971765,-1.0294455735040968,1,990.3057975811007,,8
LINK,1,SQUEEZE_V2,2025-02-21 10:00:00+00:00,2025-02-21 17:00:00+00:00,18.48969726104736,17.79883180171296,10.905023693956863,201.6305867258108,17.807735669547732,26.283544021043113,SL,-7.533904203378028,0.19786363462412176,0.0,-7.6309525446392446,7.436807313671987,-1.0261059918293616,7,982.6748450364614,,8
SOL,-1,SQUEEZE_V2,2025-02-23 16:00:00+00:00,2025-02-25 11:00:00+00:00,166.68665722045898,139.09923012881998,1.413332080140657,235.58359998108395,139.0297152711844,107.09042105258395,SL,38.99019571715486,0.21608850212250652,0.0,38.891899015022894,7.3700613377734605,5.277011578681429,43,1021.1255353280501,,8
APT,-1,SQUEEZE_V2,2025-02-24 03:00:00+00:00,2025-02-25 12:00:00+00:00,5.907418133544922,5.498091502506839,25.311940783627772,149.52821798041796,5.495343830591544,2.5801673031316286,SL,10.360851445997794,0.14434779225741906,0.0,10.291267762730584,7.369177899273532,1.3965286092150275,33,1031.4168030907806,,8
XRP,-1,SQUEEZE_V2,2025-02-24 04:00:00+00:00,2025-02-25 12:00:00+00:00,2.4892021389484404,2.2101717608674063,79.88096881583625,198.83987843765328,2.2090672272537795,1.4349739681102893,SL,22.289216930162087,0.18769526997257224,0.0,22.200941599408342,7.3686171684561055,3.0129047407221927,32,1053.617744690189,,8
NEAR,-1,SQUEEZE_V2,2025-02-24 04:00:00+00:00,2025-02-25 12:00:00+00:00,3.3073384877204894,2.976002352013044,49.91752918424865,165.09416548297634,2.974515094465811,1.6204712227238718,SL,16.539481223972587,0.15682442487099005,0.0,16.465203881843085,7.367871518911964,2.234730049184483,32,1070.0829485720321,,8
SUI,-1,SQUEEZE_V2,2025-02-24 05:00:00+00:00,2025-02-25 12:00:00+00:00,3.25674852,2.8339145799033267,40.95237448254412,133.37158498651132,2.832498330737958,1.200770776827225,SL,17.31605385876859,0.12471355805712703,0.0,17.25802609320472,7.367252415791403,2.342532211359129,31,1087.340974665237,,8
APT,1,SQUEEZE_V2,2025-02-26 17:00:00+00:00,2025-02-28 01:00:00+00:00,5.825765139770508,5.941027584558268,21.981252017642092,128.05761173288943,5.9439995843504425,10.065771800742475,SL,2.5336128470493082,0.1293244181564141,0.0,2.468317234759339,8.155057309989276,0.302673192956701,32,1089.7452630941298,,8
XRP,1,SQUEEZE_V2,2025-03-02 03:00:00+00:00,2025-03-02 18:00:00+00:00,2.258451496982574,2.7848361375609922,79.17895807061663,178.8218363841046,2.7862292521870855,3.4380623935213017,SL,41.67858738537517,0.1996611300767922,0.0,41.56833717349043,8.172531650209708,5.086347652434455,15,1130.8872746842942,,8
NEAR,1,SQUEEZE_V2,2025-03-01 18:00:00+00:00,2025-03-03 02:00:00+00:00,3.1986395542144774,3.4016584588030283,46.50502080112713,148.7527990040523,3.4033601388724644,5.207169713486568,SL,9.441398380912602,0.15347349819450862,0.0,9.36230128222012,8.173089473205973,1.1455033390877178,32,1140.2495759665144,,8
LINK,1,SQUEEZE_V2,2025-03-02 16:00:00+00:00,2025-03-03 02:00:00+00:00,15.27005359840393,16.71822510751549,9.844161232658085,150.32086965401905,16.72658840171635,24.75553791340992,SL,14.256033828235976,0.15744888656813705,0.0,14.173745376494848,8.170455734592231,1.7347557880383313,10,1154.4233213430093,,8
SOL,1,SQUEEZE_V2,2025-03-02 16:00:00+00:00,2025-03-03 03:00:00+00:00,157.43147389526368,168.56704647582288,0.6955862331332914,109.50716590342856,168.65137216190382,291.67986134592104,SL,7.7457509850935375,0.11338004139597532,0.0,7.687124526649277,8.170866386464368,0.9407967482351144,11,1162.1104458696586,,8
BTC,1,SQUEEZE_V2,2025-03-02 16:00:00+00:00,2025-03-03 06:00:00+00:00,87450.08652,91984.57862422182,0.003033141604106243,265.2484957065025,92030.5939211824,118240.83423756792,SL,13.753756654806462,0.2721253740339058,0.0,13.614255528625808,8.171861068323269,1.6659920445048915,14,1175.7247013982844,,8
BTC,1,SQUEEZE_V2,2025-03-06 05:00:00+00:00,2025-03-06 17:00:00+00:00,92312.35878,88439.97733361939,0.0023034520128473487,212.6370886424776,88484.21944334106,136062.52262753068,SL,-8.919844837178132,0.20817716622388854,0.0,-9.021703459080783,8.817935260487133,-1.0231083799749277,12,1166.2815910160398,,8
ETH,1,SQUEEZE_V2,2025-03-06 05:00:00+00:00,2025-03-06 17:00:00+00:00,2299.639767626953,2185.9494337882174,0.07830717128232532,180.0782851712106,2187.04295526585,3586.4604803252682,SL,-8.902768445054614,0.17562690094868333,0.0,-8.988356203417691,8.817137871404723,-1.0194188107875974,12,1157.2932348126221,,8
DOGE,1,SQUEEZE_V2,2025-03-06 05:00:00+00:00,2025-03-06 17:00:00+00:00,0.21429284833073617,0.20207972903046295,727.9096390458415,155.9858298785314,0.20218081944018304,0.35271603565134346,SL,-8.890047261485677,0.15154080624778857,0.0,-8.9635951527942,8.816462577835331,-1.0166883910253033,12,1148.329639659828,,8
SOL,1,SQUEEZE_V2,2025-03-06 09:00:00+00:00,2025-03-07 00:00:00+00:00,150.80015827331542,141.46066002582256,0.9511416580467084,143.43231257378727,141.5314257386919,256.7285300975842,SL,-8.88318584844468,0.13899071964956494,0.0,-8.950460411807352,8.815877630973288,-1.0152659538241806,15,1139.3791792480206,,8
XRP,1,SQUEEZE_V2,2025-03-06 09:00:00+00:00,2025-03-07 00:00:00+00:00,2.56541290140152,2.414119381678049,58.73531312639446,150.6803300623104,2.4153270452006494,4.280679829411468,SL,-8.886272254952395,0.1462371939348342,0.0,-8.957169283856075,8.815339759801137,-1.0160889458511508,15,1130.4220099641645,,8
DOGE,-1,SQUEEZE_V2,2025-03-09 03:00:00+00:00,2025-03-10 05:00:00+00:00,0.18995200093686582,0.17471793293555613,937.4040757130183,178.06177986806108,0.17463061762674276,0.0866103880119162,SL,14.28047743411698,0.1709215411510026,0.0,14.198586782900009,8.476374300327919,1.6750778434065516,26,1144.2927959366887,,8
SUI,-1,SQUEEZE_V2,2025-03-08 15:00:00+00:00,2025-03-10 09:00:00+00:00,2.5277943400000003,2.433187443598912,45.14048268286588,114.1058566306164,2.4319714578699774,0.3815082350669696,SL,4.270600968673008,0.1119705561462799,0.0,4.215683340842037,8.477384190817958,0.49728586624729554,42,1148.5084792775308,,8
LINK,-1,SQUEEZE_V2,2025-03-09 03:00:00+00:00,2025-03-10 09:00:00+00:00,15.060987329673768,14.436329139504076,10.304654711482181,155.19827404629623,14.429114582212971,5.659459261658368,SL,6.436886962398046,0.1519798305650972,0.0,6.362506268856097,8.476956293855594,0.750564949056995,30,1154.870985546387,,8
NEAR,-1,SQUEEZE_V2,2025-03-08 09:00:00+00:00,2025-03-11 05:00:00+00:00,2.8704258514881134,2.3912352917957156,39.699986285687594,113.95586693816124,2.3900402716598856,0.42988912490481024,SL,19.023858648019154,0.10444393761415166,0.0,18.97639264387408,8.477811525318975,2.238359815761545,68,1173.6573530397995,,8
XRP,-1,SQUEEZE_V2,2025-03-07 01:00:00+00:00,2025-03-11 09:00:00+00:00,2.407418514966965,2.1401310411880816,39.162215743792636,94.27984326873717,2.139061510432865,-0.06673452513888245,SL,10.467569713741945,0.08904605841186619,0.0,10.425663576964448,8.478165074731233,1.2297075469829717,104,1184.083016616764,,8
LINK,-1,SQUEEZE_V2,2025-03-10 15:00:00+00:00,2025-03-11 09:00:00+00:00,13.385321934700013,13.071850702005252,7.987889830104136,106.92047695486005,13.06531804298376,0.9944104224555979,SL,2.503973671672689,0.10566849011902371,0.0,2.451765420031095,8.66050815475802,0.28309717815854873,18,1186.5347820367951,,8
BTC,-1,SQUEEZE_V2,2025-03-10 15:00:00+00:00,2025-03-12 12:00:00+00:00,79830.43071999999,84164.08664422783,0.002018254884347374,161.11815672019463,84122.02563141214,30783.631732432536,SL,-8.746422236153784,0.16549136783827154,0.0,-8.831354525631959,8.661532391597902,-1.0196064768168265,45,1177.7034275111632,,8
SOL,-1,SQUEEZE_V2,2025-03-10 15:00:00+00:00,2025-03-12 12:00:00+00:00,121.26574291534425,130.7075327241956,0.9236876347382442,112.01166724825032,130.64221161838643,14.106100594862312,SL,-8.721264496233566,0.1163722994963671,0.0,-8.781630962105808,8.660928198510202,-1.0139364697211517,45,1168.9217965490575,,8
BTC,1,SQUEEZE_V2,2025-03-12 13:00:00+00:00,2025-03-12 15:00:00+00:00,84083.21328,80761.37440522281,0.002671668185868606,224.64244588578066,80801.77529286925,121585.36170435141,SL,-8.874851240323766,0.22020502026561878,0.0,-8.982735037646494,8.766913474117931,-1.024617736238155,2,1159.768082284838,,8
AVAX,1,SQUEEZE_V2,2025-03-13 10:00:00+00:00,2025-03-13 17:00:00+00:00,19.22284366264343,17.930456985927094,6.7774237565932784,130.28135730847814,17.93942669927673,33.89046610112001,SL,-8.759052165481938,0.12590183122573717,0.0,-8.819813318053436,8.698260617136285,-1.0139743687005287,7,1150.8184067933412,,8
ETH,-1,SQUEEZE_V2,2025-03-13 18:00:00+00:00,2025-03-14 15:00:00+00:00,1826.7946021728517,1927.1470660539876,0.08684166009366034,158.64187590282825,1926.1839740669543,690.9160662402498,SL,-8.714774557926932,0.16299926318179173,0.0,-8.798452883157308,8.631138050950058,-1.0193850256153454,21,1141.823093982069,,8
APT,-1,SQUEEZE_V2,2025-03-13 18:00:00+00:00,2025-03-14 15:00:00+00:00,4.936612615776062,5.263982520463656,26.576841907056416,131.19957304586066,5.261351844541386,1.2253071441723642,SL,-8.700458202010294,0.1355498021468658,0.0,-8.77040821763423,8.630543143915423,-1.0162058252170854,21,1133.0526857644347,,8
SUI,-1,SQUEEZE_V2,2025-03-13 18:00:00+00:00,2025-03-14 15:00:00+00:00,2.12477496,2.302448498112578,48.88913378437925,103.87840728113906,2.301297849187984,0.10737051213732851,SL,-8.686305374729832,0.10822155996850397,0.0,-8.742587731057766,8.630051145516502,-1.0130400832676094,21,1124.310098033377,,8
XRP,1,SQUEEZE_V2,2025-03-12 13:00:00+00:00,2025-03-16 11:00:00+00:00,2.250950063753128,2.319272563440458,52.11844063054744,117.31600726004439,2.320432779830373,4.173180815510264,SL,3.560862143684702,0.11909643833188674,0.0,3.5004237089828374,8.766071064945859,0.3993150047551499,94,1127.5297269168884,,8
BTC,-1,SQUEEZE_V2,2025-03-16 12:00:00+00:00,2025-03-16 16:00:00+00:00,82394.21786,83833.03780799315,0.00605363689822353,498.7846774375642,83791.14223687472,66429.36783857469,SL,-8.710093527071393,0.5031397242010999,0.0,-8.96384091255371,8.456472951876663,-1.059997585703204,4,1118.316493665616,,8
APT,1,SQUEEZE_V2,2025-03-15 07:00:00+00:00,2025-03-16 19:00:00+00:00,5.338167448997497,5.123772100203983,39.8004517464803,212.4614759684567,5.126335267837901,7.759106662250026,SL,-8.533031734326093,0.20819496010129368,0.0,-8.634995956443158,8.431016504594174,-1.0241939334050447,36,1109.6814977091728,,8
BTC,-1,SQUEEZE_V2,2025-03-16 23:00:00+00:00,2025-03-17 17:00:00+00:00,82076.68138000001,84264.2601188757,0.003879159481681861,318.3885368002081,84222.14904435353,57557.050930245474,SL,-8.48596680683527,0.32263152020362573,0.0,-8.649404058638792,8.322611232818796,-1.0392656603412334,18,1100.872899382134,,8
SOL,1,SQUEEZE_V2,2025-03-14 15:00:00+00:00,2025-03-18 03:00:00+00:00,130.73614871520996,124.37598378721594,1.3389009635019276,175.0427554793259,124.43820288866027,202.71267244720647,SL,-8.515630950122361,0.17078494000426472,0.0,-8.598894512386963,8.432325735250327,-1.019753598516755,84,1092.274004869747,,8
DOGE,1,SQUEEZE_V2,2025-03-14 16:00:00+00:00,2025-03-18 13:00:00+00:00,0.17345468109548093,0.16497103423209125,1003.6363296480124,174.08541949493497,0.16505356101259755,0.26946748204271953,SL,-8.514496200002288,0.16982817139493384,0.0,-8.597281661649754,8.43166932491728,-1.0196417020581032,93,1083.4852669981408,,8
XRP,-1,SQUEEZE_V2,2025-03-18 07:00:00+00:00,2025-03-19 11:00:00+00:00,2.251949441432953,2.346654382593954,87.5779535216223,197.22112351485848,2.3454816417730675,1.1830100089745024,SL,-8.294064935266103,0.20136815598249153,0.0,-8.396822529491166,8.19135869416161,-1.0250829981936942,28,1075.0884444686496,,8
SOL,-1,SQUEEZE_V2,2025-03-18 04:00:00+00:00,2025-03-19 13:00:00+00:00,124.09517874603272,129.63461192671056,1.4963618915295063,185.6912963981057,129.56982701320396,61.527769978361384,SL,-8.288996712240412,0.1898357947542259,0.0,-8.385986858795585,8.1920550365231,-1.0236731591045063,33,1066.702457609854,,8
AVAX,-1,SQUEEZE_V2,2025-03-21 13:00:00+00:00,2025-03-21 21:00:00+00:00,18.398320027160644,19.176990650339594,10.398235267215458,191.31006016393826,19.167406946866162,9.608755230526134,SL,-8.096800335483998,0.19535846033168025,0.0,-8.19650376573371,7.997146732036026,-1.024928520180713,8,1057.994072142321,,8
ETH,-1,SQUEEZE_V2,2025-03-21 13:00:00+00:00,2025-03-22 09:00:00+00:00,1945.500836645508,2005.4275286697484,0.13574952258149856,264.1008097565337,2004.4253160117426,1272.0782153171128,SL,-8.13501983217915,0.26816831967262333,0.0,-8.271137746973507,7.998969942329718,-1.034025356590416,20,1049.7229343953477,,8
DOGE,-1,SQUEEZE_V2,2025-03-21 13:00:00+00:00,2025-03-23 11:00:00+00:00,0.16601679197847843,0.1720814797479097,1337.747822058663,222.0886018943756,0.17199548200690623,0.09768890593930371,SL,-8.11302285502247,0.22614511332188686,0.0,-8.228123667397169,7.99797956429313,-1.028775280213457,46,1041.1612682618336,,8
BTC,-1,SQUEEZE_V2,2025-03-21 13:00:00+00:00,2025-03-23 16:00:00+00:00,83449.8067,85420.56493116944,0.004149367691504781,346.2639317832992,85377.87599317286,61414.72906373885,SL,-8.177400532181593,0.35035263204939004,0.0,-8.354621198339334,8.000268432073906,-1.0442926095885472,51,1032.6493355259163,,8
AVAX,1,SQUEEZE_V2,2025-03-22 20:00:00+00:00,2025-03-24 16:00:00+00:00,19.660930987930296,21.364330965416134,12.903342246550332,253.69172142307156,21.37501847465346,26.63402755472533,SL,21.97955289226589,0.2646814978692045,0.0,21.84171725510822,7.872922007965108,2.7742834532097174,44,1054.3307685145926,,8
SOL,1,SQUEEZE_V2,2025-03-23 11:00:00+00:00,2025-03-24 18:00:00+00:00,132.37647610473633,141.54305559728965,2.376729494648206,314.6230751557203,141.6138625285539,169.92487806776765,SL,21.78647984498887,0.32551631507821477,0.0,21.61827506748852,7.808709511963752,2.7684824277772253,31,1075.949043582081,,8
ETH,1,SQUEEZE_V2,2025-03-23 04:00:00+00:00,2025-03-25 01:00:00+00:00,2008.6015911621093,2063.183499748968,0.20581145242052348,413.39321081124825,2064.2156075527446,2445.726823792182,SL,11.23358188214566,0.41901000175232106,0.0,11.021268485798963,7.871970664009772,1.4000647304476899,45,1086.97031206788,,8
DOGE,1,SQUEEZE_V2,2025-03-25 15:00:00+00:00,2025-03-26 14:00:00+00:00,0.19168833319544792,0.1955695809912132,774.4643417927655,148.4557787975649,0.19566741469856247,0.31198939660639985,SL,3.005888019481967,0.14995872280730588,0.0,2.930157186073443,8.1522773405091,0.3594280547244555,23,1089.637203651346,,8
XRP,1,SQUEEZE_V2,2025-03-24 00:00:00+00:00,2025-03-26 17:00:00+00:00,2.4391877007007596,2.379067297332087,131.4242986597344,320.5685328640475,2.3802574260451093,3.112676553908194,SL,-7.901281847868135,0.31661789194011347,0.0,-8.057615473376224,7.744870016444372,-1.0403809820265302,65,1081.4308389406185,,8
LINK,1,SQUEEZE_V2,2025-03-26 07:00:00+00:00,2025-03-26 18:00:00+00:00,15.760151369476318,15.1207328452227,12.90022760307886,203.3095397252195,15.128296993719559,22.98134423526785,SL,-8.248644496496489,0.19918521747697127,0.0,-8.346174944110851,8.151065259263513,-1.0239367099442125,11,1073.0846639965077,,8
SUI,1,SQUEEZE_V2,2025-03-26 06:00:00+00:00,2025-03-27 13:00:00+00:00,2.5084015799999997,2.677673895374003,69.67221201185988,174.7658866926443,2.6790134020750402,3.8455562189994663,SL,11.793576644475962,0.18066267501488228,0.0,11.700296912807403,8.151720631338609,1.4353162285550598,31,1084.784960909315,,8
NEAR,1,SQUEEZE_V2,2025-03-13 10:00:00+00:00,2025-03-28 04:00:00+00:00,2.6185236305236814,2.912729819240127,49.43357702387907,129.44298957833985,2.9141869126964752,4.6293655575101305,SL,14.543664290816311,0.136714821723748,0.0,14.471670963881733,8.69777206204638,1.6638365389029168,354,1099.2566318731967,,8
AVAX,-1,SQUEEZE_V2,2025-03-28 05:00:00+00:00,2025-03-28 22:00:00+00:00,21.4397114440918,20.588313926983655,9.117174615326249,195.4695929379934,20.578024914526395,11.10603920320599,SL,7.762339830530161,0.19158842302272833,0.0,7.668486203976429,8.243715745799225,0.9302220552527036,17,1106.5307455374325,,8
NEAR,-1,SQUEEZE_V2,2025-03-28 05:00:00+00:00,2025-03-30 02:00:00+00:00,2.9164166553020476,2.6328583011689135,68.2369043764591,199.0072444297585,2.6315425299039616,1.535851141226111,SL,19.3491442961288,0.1893326722816941,0.0,19.259315246061984,8.242982734825707,2.3364497859122606,45,1125.71038318777,,8
APT,-1,SQUEEZE_V2,2025-03-28 05:00:00+00:00,2025-03-30 08:00:00+00:00,5.726354461860657,5.355223905774303,35.83490628826929,205.20337551418936,5.352547631958324,3.0977166937086515,SL,13.299428698067757,0.1985536611651555,0.0,13.203476724659696,8.242236457659097,1.6019288930239763,51,1138.9138599124296,,8
ETH,-1,SQUEEZE_V2,2025-03-26 14:00:00+00:00,2025-03-31 12:00:00+00:00,2027.8943888183594,1835.2254108072893,0.14670314013530814,297.4984747024248,1834.3082566789499,1391.2517476823602,SL,28.265144080884614,0.2833659026619825,0.0,28.130527415573845,8.172279027385095,3.442188809426254,118,1166.951056900166,,8
AVAX,-1,SQUEEZE_V2,2025-03-30 11:00:00+00:00,2025-03-31 12:00:00+00:00,19.23115361022949,19.029834059669927,9.706170490783544,186.6608556753349,19.020323897721067,9.173511609690793,SL,1.9540418808590454,0.18568383473490538,0.0,1.8616884739618074,8.541853949343222,0.21794899386039623,25,1168.8127453741276,,8
DOGE,-1,SQUEEZE_V2,2025-03-29 08:00:00+00:00,2025-04-01 03:00:00+00:00,0.17472504691779614,0.16903397091307462,912.034045832767,159.35519144875764,0.16894949616499214,0.07073167856932096,SL,5.190455073727946,0.15675996391189367,0.0,5.1133727055404306,8.298980591530743,0.6161446757398997,67,1173.9261180796682,,8
SOL,-1,SQUEEZE_V2,2025-03-28 05:00:00+00:00,2025-04-01 08:00:00+00:00,134.253142779541,128.44214960859946,1.4082714392047861,189.06486659990986,128.37796062828534,67.34700920709061,SL,8.18345571605103,0.18497313874188434,0.0,8.0930150106091,8.244424739048975,0.9816348947037219,99,1181.8943555063533,,8
SOL,1,SQUEEZE_V2,2025-04-01 09:00:00+00:00,2025-04-02 05:00:00+00:00,129.40588088378905,123.99184518386453,1.6559686486554797,214.29208169520012,124.05387211992448,190.57169532795558,SL,-8.96547338177654,0.20980934500431186,0.0,-9.068136685933252,8.862758720289104,-1.0231731419218246,20,1172.3339145113468,,8
LINK,1,SQUEEZE_V2,2025-04-01 09:00:00+00:00,2025-04-02 07:00:00+00:00,14.015802134513855,13.387960441253698,14.2671424442504,199.96544552353797,13.394657770138767,21.11459487022914,SL,-8.957506870182025,0.19548669208844696,0.0,-9.053010839508703,8.861955124982748,-1.0215590929802105,22,1163.2809036718381,,8
BTC,1,SQUEEZE_V2,2025-04-01 09:00:00+00:00,2025-04-02 20:00:00+00:00,84140.72477999999,85359.15459665959,0.004592135417056632,386.38560227905253,85401.8555244218,106201.31778770921,SL,5.5951947142803595,0.38918319963619274,0.0,5.3992043157836935,8.86420766629765,0.6091017402843407,35,1168.6801079876218,,8
ETH,1,SQUEEZE_V2,2025-04-01 07:00:00+00:00,2025-04-02 22:00:00+00:00,1858.1615970703124,1791.7083144389796,0.13430218784061426,249.55516784795287,1792.6046167473532,2607.3842293327016,SL,-8.924821246578679,0.24509275722466356,0.0,-9.045136419879366,8.804445885597511,-1.027337385839986,39,1159.6349715677425,,8
DOGE,1,SQUEEZE_V2,2025-04-01 09:00:00+00:00,2025-04-02 22:00:00+00:00,0.17435486142933368,0.1658736002577406,1055.121074001569,183.9654886487133,0.1659565785470141,0.2703352372272718,SL,-8.948757396259108,0.17949110995058373,0.0,-9.036265761885335,8.861205254562034,-1.0197558348209095,37,1150.5987058058572,,8
NEAR,-1,SQUEEZE_V2,2025-04-06 08:00:00+00:00,2025-04-07 01:00:00+00:00,2.390521832418442,2.2113892458044027,103.74161229249903,247.99658911550833,2.2102841037525267,1.440066301916004,SL,18.583503349466156,0.23870483744077525,0.0,18.468796806583136,8.627656550331494,2.1406504418483747,17,1168.5483375355257,,8
ETH,-1,SQUEEZE_V2,2025-04-06 14:00:00+00:00,2025-04-07 07:00:00+00:00,1748.3802344726562,1474.9499033911825,0.17235116754897317,301.3353747309098,1474.2127969926862,1176.3437224868396,SL,47.12603680519428,0.27777235632831265,0.0,46.998932136231424,8.62672656312231,5.448060952475686,17,1215.547269671757,,8
APT,-1,SQUEEZE_V2,2025-04-04 11:00:00+00:00,2025-04-07 08:00:00+00:00,4.817536341953278,4.2011129217995755,29.302528294362247,141.16599496920432,4.19901341509203,1.452023611754861,SL,18.062764710361407,0.13213461261402362,0.0,18.001213095231986,8.629077800146614,2.0861108813882905,69,1233.548482766989,,8
AVAX,-1,SQUEEZE_V2,2025-04-06 03:00:00+00:00,2025-04-07 08:00:00+00:00,17.411517915344238,15.365122932037668,13.659576200427693,237.83395572975655,15.357444209932702,10.192261579457707,SL,27.952888210649046,0.22385751162443202,0.0,27.847947676889493,8.62854842766548,3.2274197578356723,29,1261.3964304438787,,8
SUI,-1,SQUEEZE_V2,2025-04-04 04:00:00+00:00,2025-04-07 13:00:00+00:00,2.17996392,1.8912343285412256,50.45874304379464,109.9982392840233,1.890289183949251,0.2254414673433205,SL,14.568932264558102,0.10271377315174425,0.0,14.52121761104837,8.62949029354393,1.6827433738366075,81,1275.917648054927,,8
SOL,1,SQUEEZE_V2,2025-04-09 18:00:00+00:00,2025-04-10 16:00:00+00:00,119.3538678314209,108.94073531514574,0.9238072828098292,110.25997233418842,108.99523293161154,237.73826668638506,SL,-9.61972765539883,0.105450108506489,0.0,-9.670047777738224,9.569382360411952,-1.0105195313067141,22,1266.0875822456283,,8
SOL,1,SQUEEZE_V2,2025-04-12 08:00:00+00:00,2025-04-13 13:00:00+00:00,124.27485,127.71364156782504,1.555358950987623,193.2920003301442,127.77753033299152,194.04103898459238,SL,5.34855524559743,0.1959662779529429,0.0,5.249234967809559,9.49475331992948,0.552856381933738,29,1271.0027738277468,,8
NEAR,1,SQUEEZE_V2,2025-04-12 08:00:00+00:00,2025-04-13 13:00:00+00:00,2.130426114463806,2.1447901266979454,109.76626979409097,233.84892765661107,2.145863058227059,3.1189190529060804,SL,1.5766840422181823,0.23463726967772017,0.0,1.4589712363687677,9.49402847492824,0.15367251533125353,29,1272.4617450641156,,8
DOGE,1,SQUEEZE_V2,2025-04-12 07:00:00+00:00,2025-04-15 14:00:00+00:00,0.16314262487590311,0.15663483017996221,1476.9030691919825,240.94584339525758,0.1567131867733489,0.23662191747652275,SL,-9.611381960106419,0.23614015241520436,0.0,-9.727049190823994,9.49565686684221,-1.0243682272039314,79,1262.7346958732917,,8
SOL,-1,SQUEEZE_V2,2025-04-15 23:00:00+00:00,2025-04-16 19:00:00+00:00,126.46469986419677,132.9358806448629,1.4784592391881182,186.97290394537407,132.86944592190196,53.26760206185179,SL,-9.5673770136324,0.1917565924521903,0.0,-9.665647154111904,9.469155983667903,-1.0207506530447805,20,1252.794997549636,,8
NEAR,-1,SQUEEZE_V2,2025-04-15 15:00:00+00:00,2025-04-17 07:00:00+00:00,2.073585081768036,2.023135691988576,80.26684234173327,166.44012684044503,2.022124629673739,0.7252567369808094,SL,4.049413215664548,0.16441542023261274,0.0,3.9682178588521575,9.469780134143555,0.41904012581502686,40,1256.7632154084881,,8
NEAR,1,SQUEEZE_V2,2025-04-19 05:00:00+00:00,2025-04-21 16:00:00+00:00,2.1024203980922698,2.2677797554240424,146.6493747563362,308.3186368551988,2.2689142125303072,2.836895987613302,SL,24.249846362814036,0.32044356003660585,0.0,24.08356212120503,9.424658772991977,2.5553776217575885,59,1280.550572535041,,8
APT,1,SQUEEZE_V2,2025-04-09 18:00:00+00:00,2025-04-22 00:00:00+00:00,4.759451799201965,4.879090975892685,25.247081556266373,120.16226773757074,4.881531741763566,9.091027477054938,SL,3.020540051235151,0.12167253776318832,0.0,2.958948647340748,9.5689688855157,0.30922335339804813,294,1283.5095211823818,,8
DOGE,-1,SQUEEZE_V2,2025-04-15 15:00:00+00:00,2025-04-22 07:00:00+00:00,0.15675864517986776,0.16446623976975744,1241.9685566839228,194.68930830176754,0.1643840477458845,0.06961118728253349,SL,-9.572590128310093,0.19947560336592257,0.0,-9.674721077525131,9.470510219049688,-1.0215628148591909,160,1273.8348001048566,,8
SOL,1,SQUEEZE_V2,2025-04-19 03:00:00+00:00,2025-04-24 03:00:00+00:00,137.49749522094726,148.6653723846329,2.066156565197302,284.09135244894486,148.73974225576077,189.6341837639286,SL,23.074582721066093,0.2956286438094779,0.0,22.920999753481087,9.42572411556366,2.4317494839079963,120,1296.6536900295453,,8
APT,1,SQUEEZE_V2,2025-04-24 01:00:00+00:00,2025-04-24 08:00:00+00:00,5.466192831516266,5.207869312690611,37.36049273776023,204.2196575850605,5.210474549965594,8.388687477809665,SL,-9.65109394907856,0.19939411061052123,0.0,-9.74837823089655,9.553761000786425,-1.0203707451017567,7,1286.9053117986487,,8
SUI,1,SQUEEZE_V2,2025-04-09 18:00:00+00:00,2025-04-25 21:00:00+00:00,2.24674926,3.496025361082809,39.885992017353644,89.6138230493552,3.497774248206912,4.988425950574506,SL,49.8286165952596,0.114528131346985,0.0,49.75889537543729,9.568518277011684,5.200271759419929,387,1336.36097103683,,8
SOL,1,SQUEEZE_V2,2025-04-25 08:00:00+00:00,2025-04-26 11:00:00+00:00,154.80095827331542,148.5508157231569,1.5628328273845387,241.92801930012152,148.62512828730053,225.38187239919972,SL,-9.767927953220664,0.2370440553235112,0.0,-9.884007998894115,9.651789838489865,-1.0240595956076664,27,1326.3854669077837,,8
NEAR,1,SQUEEZE_V2,2025-04-26 01:00:00+00:00,2025-04-27 13:00:00+00:00,2.6715342038154604,2.523948440819924,68.49706810536215,182.99226030455202,2.5252110463430952,4.343798860642488,SL,-10.109192059287093,0.17793766427490848,0.0,-10.195633593409726,10.022707282776224,-1.0172534531593744,36,1315.9215740390262,,8
AVAX,1,SQUEEZE_V2,2025-04-25 15:00:00+00:00,2025-04-28 00:00:00+00:00,22.75355034942627,21.55231437665804,8.106322295858252,184.4476125074875,21.56309592462035,36.35874377577964,SL,-9.737605948638086,0.17957880953316846,0.0,-9.824960951917511,9.650207246007348,-1.0181088034127417,57,1305.988118105417,,8
DOGE,1,SQUEEZE_V2,2025-04-25 15:00:00+00:00,2025-04-28 01:00:00+00:00,0.18584716170430182,0.17580018057286267,969.057805632682,180.09664270423292,0.17588812463518025,0.2996647282085483,SL,-9.73610548846538,0.17522858996000024,0.0,-9.821285757073264,9.650882608417488,-1.0176567424524623,58,1296.1668323483439,,8
SOL,-1,SQUEEZE_V2,2025-04-27 02:00:00+00:00,2025-04-28 06:00:00+00:00,146.24075027160646,151.1494276478906,2.0582664923494223,301.00243610008727,151.07389070253933,91.0048596323738,SL,-10.103366165359335,0.3060541191827669,0.0,-10.258919066492059,9.947891001808378,-1.0312657290502218,28,1285.37902851747,,8
BTC,-1,SQUEEZE_V2,2025-04-28 01:00:00+00:00,2025-04-28 07:00:00+00:00,93367.22282,94697.03694504539,0.007579986419836279,707.7222810334279,94649.7120890009,78710.20260284682,SL,-10.079973008750533,0.7127622675378031,0.0,-10.438874135771623,9.72125124261258,-1.073820013005464,6,1274.9401543816984,,8
ETH,-1,SQUEEZE_V2,2025-04-28 01:00:00+00:00,2025-04-28 10:00:00+00:00,1772.4954055908204,1822.6172414351365,0.19748838085882114,350.0472477298306,1821.7063882410162,1210.0841753028697,SL,-9.898480206565619,0.35499648783311344,0.0,-10.078453070533817,9.718597284058703,-1.0370275437861163,9,1264.8617013111646,,8
NEAR,-1,SQUEEZE_V2,2025-04-27 16:00:00+00:00,2025-04-28 21:00:00+00:00,2.5114976839065553,2.6270416606752525,86.39863169043579,216.989963383225,2.625728796277114,1.2059992568144566,SL,-9.982841492886939,0.22198138412966847,0.0,-10.096327895324995,9.869411805292696,-1.0229918554934156,29,1254.7653734158396,,8
LINK,-1,SQUEEZE_V2,2025-04-27 02:00:00+00:00,2025-04-30 20:00:00+00:00,14.633072479629517,14.390916189667681,16.09478220813544,235.51611459549753,14.38372432750393,7.57008266694691,SL,3.8974527472658367,0.23356738822186462,0.0,3.781643416341721,9.946762242673001,0.38018837930175325,90,1258.093927300782,,8
SOL,-1,SQUEEZE_V2,2025-04-30 13:00:00+00:00,2025-05-01 07:00:00+00:00,144.67105694885254,149.87301232044774,1.8355055459706098,265.54452737104873,149.79811326381585,86.07612763498622,SL,-9.548217934454602,0.270318636338276,0.0,-9.685764307107354,9.410740300618796,-1.0292244815713885,18,1248.4081629936748,,8
NEAR,-1,SQUEEZE_V2,2025-04-30 14:00:00+00:00,2025-05-01 08:00:00+00:00,2.378524148511887,2.50508736833917,75.07712089106789,178.57274504015126,2.503835450613863,0.9463949816321575,SL,-9.50200215533573,0.18332374611781915,0.0,-9.596039528933472,9.408011776927204,-1.0199859180095203,18,1238.8121234647413,,8
DOGE,-1,SQUEEZE_V2,2025-04-30 13:00:00+00:00,2025-05-01 10:00:00+00:00,0.17185562746822836,0.17887735504838786,1357.3704111916043,233.2717437221403,0.17878796106785394,0.09262895775822183,SL,-9.531085252756542,0.23803728634851856,0.0,-9.65248666724399,9.409744508641154,-1.0257968915500224,21,1229.1596367974973,,8
AVAX,-1,SQUEEZE_V2,2025-04-30 13:00:00+00:00,2025-05-02 03:00:00+00:00,21.185762533950808,22.068044328102793,10.799235868810197,228.79004666473676,22.0570158201927,11.228582119757764,SL,-9.527969197804339,0.23355403126363894,0.0,-9.64712820573561,9.408869739602196,-1.0253227510559082,38,1219.4353397338352,,8
SUI,1,SQUEEZE_V2,2025-05-01 11:00:00+00:00,2025-05-02 06:00:00+00:00,3.6700338599999998,3.4490948185258485,42.05348553735267,154.33771585310458,3.4508202286401684,6.175332504112356,SL,-9.29125678526978,0.1496920874604697,0.0,-9.363780014803698,9.21869727598123,-1.0157378786263513,19,1210.0715597190315,,8
BTC,1,SQUEEZE_V2,2025-05-02 15:00:00+00:00,2025-05-03 10:00:00+00:00,97705.53719999999,95884.17967471431,0.0051176161278716084,500.01943295707935,95932.1457475881,117972.86808470728,SL,-9.32100864602233,0.4953589286340682,0.0,-9.566357858177858,9.075536697892735,-1.0540817779293523,19,1200.0247794786978,,8
SUI,-1,SQUEEZE_V2,2025-05-03 01:00:00+00:00,2025-05-04 20:00:00+00:00,3.38172352,3.3199339714502907,53.16994069018901,179.8060389890172,3.318274834033274,1.4313923995563476,SL,3.2853466316615982,0.1781633656731864,0.0,3.1970862854829205,9.073661625019145,0.3523479734650315,43,1202.6522022331396,,8
SOL,-1,SQUEEZE_V2,2025-05-03 11:00:00+00:00,2025-05-05 04:00:00+00:00,146.68066471252442,146.0874843417861,2.674128456429594,392.24293951576976,146.0144771032345,108.22103510689796,SL,1.5862405091867704,0.3914498192611764,0.0,1.3909121596834788,8.99902412081291,0.15456255489598947,41,1203.6823187321531,,8
XRP,-1,SQUEEZE_V2,2025-05-03 11:00:00+00:00,2025-05-05 18:00:00+00:00,2.1831632288932803,2.1532789272230524,200.3014293632748,437.2907152806663,2.1522028258101473,1.6697910584233484,SL,5.985868340069954,0.43429778111063133,0.0,5.770215916599656,8.997553209789727,0.6413094518097888,55,1209.3331235629726,,8
BTC,-1,SQUEEZE_V2,2025-05-04 23:00:00+00:00,2025-05-05 18:00:00+00:00,94938.20856,94745.79987141558,0.007600641852051013,721.5913213398837,94698.45064609255,82078.8666120993,SL,1.4624295311529574,0.7208601065743073,0.0,1.102365085248592,8.552184602416785,0.12889865414470492,19,1210.435488648221,,8
AVAX,-1,SQUEEZE_V2,2025-05-03 07:00:00+00:00,2025-05-06 19:00:00+00:00,20.915816076278688,19.938783011889868,13.435731665463814,281.0192923650747,19.928818602588574,13.19823979469404,SL,13.127154081414016,0.2744557153243677,0.0,12.993208012272186,9.072987352372936,1.432076063555182,84,1223.205991922326,,8
DOGE,-1,SQUEEZE_V2,2025-05-06 11:00:00+00:00,2025-05-06 23:00:00+00:00,0.1654768967986107,0.17192716499859684,1426.4252625879888,236.04042596820378,0.17184124437640863,0.09274149590949149,SL,-9.200825510928194,0.24064083872366787,0.0,-9.32344613666776,9.078266164861658,-1.0270073566200446,12,1213.882545785658,,8
APT,-1,SQUEEZE_V2,2025-05-03 10:00:00+00:00,2025-05-07 00:00:00+00:00,5.313937057209015,4.777714928363007,58.298283165737054,309.7934072860746,4.775327264730643,3.5495752059339107,SL,31.260829507198917,0.2941629925324752,0.0,31.12156321830948,9.000185846090233,3.4578800649798787,86,1245.0041090039676,,8
NEAR,-1,SQUEEZE_V2,2025-05-06 11:00:00+00:00,2025-05-07 01:00:00+00:00,2.2745450953483584,2.374346596837241,92.04875770308392,209.36905036645896,2.3731600168288267,1.1475174212858648,SL,-9.18660422895413,0.21396235248093604,0.0,-9.295882056251836,9.077381013264278,-1.0240709344102967,14,1235.7082269477157,,8
LINK,-1,SQUEEZE_V2,2025-05-05 11:00:00+00:00,2025-05-08 02:00:00+00:00,13.741251634788513,14.267809301367258,17.379943101821752,238.8221715604395,14.260678961886315,7.804939325099349,SL,-9.15154228496661,0.2433979427029228,0.0,-9.275529141889313,9.027617390491148,-1.0274614818810657,63,1226.4326978058264,,8
DOGE,1,SQUEEZE_V2,2025-05-08 03:00:00+00:00,2025-05-09 14:00:00+00:00,0.176905377343297,0.20381964310289474,1447.0693669317322,255.994352398984,0.20392160390484715,0.24955068728580945,SL,38.946809514173495,0.27546775715607075,0.0,38.799338933216916,9.198245233543698,4.218123995186108,35,1265.1040395628438,,8
BTC,1,SQUEEZE_V2,2025-05-11 00:00:00+00:00,2025-05-12 14:00:00+00:00,104808.25746,103002.84023745022,0.005409849013682206,566.9968482457317,103054.36742116079,124852.71504673387,SL,-9.767034580695768,0.5621133309553838,0.0,-10.045649487528285,9.488280296721328,-1.0587429095027427,38,1254.6956200394607,,8
SUI,1,SQUEEZE_V2,2025-05-11 00:00:00+00:00,2025-05-12 18:00:00+00:00,4.1198238,3.871384750816734,38.48301072103441,158.5432234641727,3.873321411522495,6.936993954028624,SL,-9.560682593243211,0.15376288216755113,0.0,-9.635173863678675,9.486154058540407,-1.0157091909132665,42,1244.8712948097943,,8
BTC,-1,SQUEEZE_V2,2025-05-12 15:00:00+00:00,2025-05-18 14:00:00+00:00,102740.04788000001,105348.33722252825,0.003682135056208719,378.3027319755103,105295.68937783934,73532.716476122,SL,-9.604073624858817,0.38310476878793975,0.0,-9.798027027659002,9.410217150295955,-1.041211575797786,143,1234.7378705524593,,8
NEAR,-1,SQUEEZE_V2,2025-05-15 06:00:00+00:00,2025-05-18 14:00:00+00:00,2.9564086171627046,2.818658374582924,54.71971242874883,161.7738293530182,2.81724974970807,1.0064120052510654,SL,7.5376536609559945,0.15800500252254018,0.0,7.460535573109963,9.336534711073456,0.7990690126457204,80,1242.1984061255694,,8
SUI,-1,SQUEEZE_V2,2025-05-15 06:00:00+00:00,2025-05-18 14:00:00+00:00,3.79854014,3.9969979163547302,47.52069091180618,180.50925190902896,3.9950004161466572,1.5532798411810589,SL,-9.430850649197488,0.1852246772336277,0.0,-9.5258207004766,9.335928059213384,-1.0203399854903357,80,1232.6725854250928,,8
LINK,-1,SQUEEZE_V2,2025-05-15 08:00:00+00:00,2025-05-18 14:00:00+00:00,16.190761444091798,15.92246076234005,10.70448736238699,173.31380126570318,15.914503510584758,6.22404552822211,SL,2.8720212571314043,0.17187779063713748,0.0,2.7868003671271184,9.335251149518724,0.2985244127332119,78,1235.45938579222,,8
APT,-1,SQUEEZE_V2,2025-05-15 08:00:00+00:00,2025-05-19 15:00:00+00:00,5.481903201675415,5.114170932391171,28.31089333672317,155.19757682487392,5.111615124828757,1.7137014864293603,SL,10.410829052177393,0.1499921622987852,0.0,10.338435678291045,9.334601222763979,1.1075390829850393,103,1245.797821470511,,8
SUI,1,SQUEEZE_V2,2025-05-21 16:00:00+00:00,2025-05-22 11:00:00+00:00,3.96499284,4.004235626717544,48.72251010673916,193.18440372004838,4.006238746090589,6.156476225458821,SL,1.9120070724621574,0.19414040725627946,0.0,1.814458867065902,9.342774997217234,0.19420984317896373,19,1247.1331966756788,,8
AVAX,1,SQUEEZE_V2,2025-05-21 15:00:00+00:00,2025-05-23 11:00:00+00:00,23.117623469924926,24.944814565900803,8.1745866599115,188.97701642610528,24.957293212507054,36.18038429860691,SL,14.936531958273477,0.19644528240524203,0.0,14.834575184081288,9.343483661028833,1.587692098821289,44,1261.8528299555621,,8
DOGE,1,SQUEEZE_V2,2025-05-21 17:00:00+00:00,2025-05-23 11:00:00+00:00,0.234786951944232,0.23952817743266555,691.2979549392585,162.30773972546953,0.23964800143338222,0.3892136188269351,SL,3.2775994840600062,0.16394653946749954,0.0,3.1948068144552413,9.341048412858651,0.34201801267375415,42,1265.0476367700173,,8
NEAR,1,SQUEEZE_V2,2025-05-21 17:00:00+00:00,2025-05-23 11:00:00+00:00,2.918583582830429,2.990962311114232,50.181900865914756,146.4600720224829,2.992458540384424,5.045802383157248,SL,3.6321021675387652,0.14827612310625227,0.0,3.5570560804437545,9.34043975883468,0.38082319165747025,42,1268.604692850461,,8
XRP,1,SQUEEZE_V2,2025-05-21 17:00:00+00:00,2025-05-23 12:00:00+00:00,2.4150828154563904,2.3294915520845816,110.6538004379571,267.238091902651,2.330656880524844,3.3799506432454924,SL,-9.470998576376756,0.2625025926144626,0.0,-9.599882123039894,9.342050555703285,-1.0275990336167902,43,1259.0048107274213,,8
SOL,1,SQUEEZE_V2,2025-05-23 02:00:00+00:00,2025-05-23 12:00:00+00:00,183.1266143371582,175.58773155954339,1.2553271365193468,229.88380839634758,175.6755693442155,268.28141425650335,SL,-9.463764129778227,0.22515192633145847,0.0,-9.57397415191151,9.353498975067591,-1.02357141187823,10,1249.4308365755098,,8
ETH,-1,SQUEEZE_V2,2025-05-25 01:00:00+00:00,2025-05-26 00:00:00+00:00,2485.1229931640623,2569.913478633266,0.11218161558404843,278.78511229821066,2568.6291640512404,1530.7667544534534,SL,-9.51193364609106,0.2835410791212562,0.0,-9.656082169063211,9.367857161361268,-1.0307674426218578,23,1239.2521467896236,,8
AVAX,-1,SQUEEZE_V2,2025-05-24 19:00:00+00:00,2025-05-26 07:00:00+00:00,22.825433923721313,23.92279258952773,8.632997699907328,197.0519185628728,23.910837170942262,10.420825384053321,SL,-9.47349483788018,0.2017886659818129,0.0,-9.576757544580557,9.370283736730396,-1.022034957921371,36,1229.675389245043,,8
LINK,-1,SQUEEZE_V2,2025-05-24 22:00:00+00:00,2025-05-27 08:00:00+00:00,15.382922479629517,15.963090939748481,16.373559295887166,251.87319336424952,15.955113383056954,8.843597869030244,SL,-9.499422683361402,0.2566229047059302,0.0,-9.630108991385208,9.368801685836385,-1.027891219636324,58,1220.045280253658,,8
NEAR,-1,SQUEEZE_V2,2025-05-24 19:00:00+00:00,2025-05-27 13:00:00+00:00,2.778444243860245,2.911270470855467,71.32108323275274,198.16165317391926,2.90981556307393,1.2770577385609854,SL,-9.473310391018758,0.20289830836942865,0.0,-9.577127872801228,9.369544792035786,-1.0221550870797789,66,1210.3409273939633,,8
DOGE,-1,SQUEEZE_V2,2025-05-28 15:00:00+00:00,2025-05-29 02:00:00+00:00,0.21906617515385152,0.2266686166171524,1211.9449275607124,265.4961397778369,0.22655533894767857,0.13347573179582817,SL,-9.213740368524748,0.27010300996209924,0.0,-9.351095308597928,9.076454071600038,-1.0302586488987187,11,1200.4676691509296,,8
ETH,1,SQUEEZE_V2,2025-05-27 09:00:00+00:00,2025-05-29 12:00:00+00:00,2634.5167882324217,2686.839639133825,0.09658316656909485,254.44997378692878,2688.183730999325,3717.265609283091,SL,5.05350662398016,0.25697672709891883,0.0,4.923754883774705,9.150339601902434,0.5380953164569995,51,1205.3914240347044,,8
SUI,-1,SQUEEZE_V2,2025-05-23 12:00:00+00:00,2025-05-29 23:00:00+00:00,3.6697659000000002,3.524,32.520700093448035,119.34335624706242,3.9579125649669162,0.37666115752096063,EOD,4.740409117751544,0.11697315168818664,0.0,4.683107644186888,9.370731274316324,0.4997590376988547,155,1210.0745316788914,,8
SOL,-1,SQUEEZE_V2,2025-05-28 15:00:00+00:00,2025-05-29 23:00:00+00:00,170.05597833862305,166.63999938964844,1.7294444107348914,294.1023612497854,175.3048067479718,110.06936794606591,EOD,5.907745700492191,0.29114848839953933,0.0,5.763648392717544,9.077556955454725,0.6349338727369983,32,1215.838180071609,,8
BTC,-1,SQUEEZE_V2,2025-05-28 16:00:00+00:00,2025-05-29 23:00:00+00:00,107045.5866,105548.4,0.0045282330943260595,484.7273678436662,109049.78079054366,84140.51013664386,EOD,6.779609910501517,0.4813375628884154,0.0,6.540636031534934,9.07545846107587,0.720694834270616,31,1222.378816103144,,8
APT,-1,SQUEEZE_V2,2025-06-08 10:00:00+00:00,2025-06-08 17:00:00+00:00,4.668066348743439,4.786167347815539,64.7833104438229,302.41279144300904,4.783775460085496,3.3456765048342145,SL,-7.650973686613482,0.3062382782863158,0.0,-7.806005569178294,7.49601928125136,-1.0413534539195028,7,991.3813808904999,,9
LINK,-1,SQUEEZE_V2,2025-06-08 10:00:00+00:00,2025-06-08 20:00:00+00:00,13.595279972839355,13.943929336003414,21.941929765739122,298.30667830960084,13.936960855575627,9.690355598710536,SL,-7.650039839415451,0.3021316982293085,0.0,-7.803018198489959,7.497137931295022,-1.0407996051290604,10,983.2809482777428,,9
SUI,-1,SQUEEZE_V2,2025-06-08 10:00:00+00:00,2025-06-08 20:00:00+00:00,3.18496288,3.277959286811093,82.03840967941144,261.28928956315815,3.2763211262479692,2.140868637166069,SL,-7.629277320681665,0.26510392822349904,0.0,-7.763736604123586,7.494885233283449,-1.035871312564763,10,975.5172116736193,,9
XRP,1,SQUEEZE_V2,2025-06-08 07:00:00+00:00,2025-06-09 01:00:00+00:00,2.2045407135486603,2.2517828153317567,187.43990829028363,413.2189091697573,2.25290926996674,2.6617501014595764,SL,8.855055225663834,0.4176464367825892,0.0,8.644018243466125,7.498687502204407,1.1527374945182103,18,984.1612299170854,,9
ETH,1,SQUEEZE_V2,2025-06-07 23:00:00+00:00,2025-06-09 05:00:00+00:00,2534.716802929687,2479.161150965668,0.13808225508805813,349.99941215812424,2480.401351641489,3155.464817651956,SL,-7.671249706079054,0.34616378730508474,0.0,-7.842413787305077,7.5,-1.045655171640677,30,976.3188161297803,,9
BTC,1,SQUEEZE_V2,2025-06-08 17:00:00+00:00,2025-06-10 05:00:00+00:00,106165.32882000001,109171.98973422084,0.005602853917994392,594.8288285343,109226.6030357387,119410.62167681732,SL,16.845881883322793,0.6032517694759614,0.0,16.54004452811398,6.4935010855576865,2.547168978673307,36,992.7397720906254,,9
SOL,1,SQUEEZE_V2,2025-06-09 11:00:00+00:00,2025-06-10 14:00:00+00:00,155.30105827331542,157.23892219738192,1.5336478526681252,238.17713453795758,157.31758098787586,209.86669392976233,SL,2.9720008459076226,0.2396631349609114,0.0,2.85142627821569,7.322391120973352,0.38941190536086184,27,995.5911983688411,,9
APT,1,SQUEEZE_V2,2025-06-11 15:00:00+00:00,2025-06-11 21:00:00+00:00,5.220043662643432,4.978754851538525,31.256696601560744,163.16132101014566,4.981245474275663,7.949165815417942,SL,-7.541891162057371,0.159390375429117,0.0,-7.6197008769814145,7.464042522813722,-1.020854430249014,6,987.5043881710099,,9
XRP,1,SQUEEZE_V2,2025-06-11 09:00:00+00:00,2025-06-11 22:00:00+00:00,2.322664499902725,2.2587208721829786,118.8649678408294,276.0834410859735,2.259850797581769,3.0405353835707905,SL,-7.600657252533633,0.27228311245970666,0.0,-7.734898644450353,7.466348706343847,-1.0359680412298893,13,979.7694895265595,,9
NEAR,1,SQUEEZE_V2,2025-06-11 15:00:00+00:00,2025-06-11 22:00:00+00:00,2.695538933229446,2.5615037270491277,56.228975250923384,151.56739196445895,2.562785119608932,4.21272537460675,SL,-7.536662291065542,0.1477990608189262,0.0,-7.608677655902238,7.4646109005335886,-1.0192999685165574,7,972.1608118706572,,9
ETH,1,SQUEEZE_V2,2025-06-11 15:00:00+00:00,2025-06-12 11:00:00+00:00,2839.7878146972657,2725.2566039282947,0.06596670380799612,187.3314416496911,2726.619913885237,4133.135252549022,SL,-7.555246457567888,0.18355381842090715,0.0,-7.645134555163949,7.465313393439775,-1.024087556978143,20,964.3636712827184,,9
SOL,1,SQUEEZE_V2,2025-06-10 19:00:00+00:00,2025-06-12 19:00:00+00:00,163.93277389526367,156.01186595458012,0.9520673766492828,156.0750459893037,156.08991091003512,253.5654937264472,SL,-7.541238043767058,0.1523044269674202,0.0,-7.615504947739827,7.466933987766308,-1.0198971840673743,48,956.7481663349786,,9
XRP,-1,SQUEEZE_V2,2025-06-12 20:00:00+00:00,2025-06-13 12:00:00+00:00,2.2018596117019653,2.1573297218436016,110.89869800846182,244.18336413516525,2.156251596045579,1.4625054962146902,SL,4.938306807752743,0.2417142107312889,0.0,4.8186842790890365,7.174423267789469,0.6716476153174796,16,961.2863616356173,,9
ETH,-1,SQUEEZE_V2,2025-06-12 20:00:00+00:00,2025-06-13 16:00:00+00:00,2692.4614,2577.5595852123206,0.06073304922127768,163.52139073259022,2576.271449487577,1342.175406832309,SL,6.978337573114273,0.16003222194603312,0.0,6.900066046534535,7.1756112475123395,0.9615997590346981,20,968.1864276821518,,9
SOL,-1,SQUEEZE_V2,2025-06-12 20:00:00+00:00,2025-06-13 23:00:00+00:00,154.70905749206543,148.87200633101625,0.9907189954983329,153.27320203303287,148.79760752725264,71.94090830057198,SL,5.782877462947016,0.1503817633015594,0.0,5.709132300661973,7.1749980422970925,0.7956980987320494,27,973.8955599828138,,9
XRP,1,SQUEEZE_V2,2025-06-14 09:00:00+00:00,2025-06-14 20:00:00+00:00,2.1722342581272125,2.107477564261539,114.66151188989315,249.07166421588659,2.108531830176627,2.9002620061338997,SL,-7.425100423629081,0.24535911400407207,0.0,-7.545923705525209,7.304216699871103,-1.0330914341107065,11,966.00470168997,,9
SUI,-1,SQUEEZE_V2,2025-06-11 22:00:00+00:00,2025-06-15 00:00:00+00:00,3.3818235,2.9658392844370876,48.99108155888682,165.67919090626006,2.9643571058841456,1.6810620882113927,SL,20.379516631852194,0.155489432590334,0.0,20.306866794714992,7.290687340750016,2.7853158208024267,74,986.311568484685,,9
LINK,-1,SQUEEZE_V2,2025-06-14 16:00:00+00:00,2025-06-16 02:00:00+00:00,12.986402520370484,13.461090229989601,15.606621162820511,202.67386440331964,13.45436304846537,7.638282199286089,SL,-7.408271254672504,0.20637800003065587,0.0,-7.513312322501499,7.303282681130293,-1.0287582516713842,34,978.6727741865844,,9
ETH,-1,SQUEEZE_V2,2025-06-14 17:00:00+00:00,2025-06-16 02:00:00+00:00,2496.170587890625,2574.006852236881,0.09539558200588126,238.12364601778896,2572.720491990886,1621.3145410304992,SL,-7.4252357384747185,0.24183626388702634,0.0,-7.5480101793528505,7.302522654138779,-1.0336168111816728,33,971.1247640072315,,9
AVAX,-1,SQUEEZE_V2,2025-06-11 22:00:00+00:00,2025-06-16 06:00:00+00:00,21.492700340652465,19.65882161629435,6.436272429750036,138.33287464342067,19.648997117735483,8.546065390312165,SL,11.803343073091304,0.132431203106875,0.0,11.740078307306138,7.29120608902993,1.6101695883990732,104,982.5655931507206,,9
DOGE,-1,SQUEEZE_V2,2025-06-15 10:00:00+00:00,2025-06-16 07:00:00+00:00,0.17361526651978493,0.1788220634300579,1445.5177602119097,250.96395119827326,0.17873269708151715,0.1151303458142739,SL,-7.526517407616092,0.2547272099020813,0.0,-7.655762641919037,7.3973367636351375,-1.0349349889752628,21,974.8082569303207,,9
XRP,1,SQUEEZE_V2,2025-06-16 08:00:00+00:00,2025-06-16 21:00:00+00:00,2.2023403853416443,2.292135881706906,150.21567037279073,330.8260373731654,2.2932825229683904,2.7585739210560716,SL,13.488690682965302,0.337570382714648,0.0,13.316533318937237,7.311061926977405,1.821422585657493,13,987.9593772305714,,9
LINK,1,SQUEEZE_V2,2025-06-16 02:00:00+00:00,2025-06-16 22:00:00+00:00,13.410681592369079,13.748720032447501,16.498181892036392,221.2518642070893,13.755597831363183,18.456041501179,SL,5.577019670914062,0.22404037404254634,0.0,5.4636052289750605,7.283435730054237,0.7501412014154445,20,993.4229824595465,,9
APT,1,SQUEEZE_V2,2025-06-16 02:00:00+00:00,2025-06-16 23:00:00+00:00,4.568913439750672,4.739218560606739,47.865903512146346,218.69516986245432,4.741589355284381,6.307724935128843,SL,8.15180848252094,0.2227710741037148,0.0,8.038384993348451,7.28260603556346,1.103778641065336,21,1001.4613674528949,,9
AVAX,1,SQUEEZE_V2,2025-06-16 06:00:00+00:00,2025-06-17 00:00:00+00:00,19.606921240997313,18.886224728368287,10.360992144803967,203.14715696176322,18.89567256465061,27.735477542102497,SL,-7.467130906136949,0.19941359150869475,0.0,-7.564970919164762,7.369241948630404,-1.0265602584226095,18,993.8963965337301,,9
SUI,1,SQUEEZE_V2,2025-06-16 02:00:00+00:00,2025-06-17 11:00:00+00:00,3.04500888,2.9037081639452373,52.06923848597467,158.55129356463064,2.9051607443173957,4.643273287801193,SL,-7.357420682494435,0.15487258322338343,0.0,-7.433017618935502,7.2817859286764755,-1.0207684889037263,33,986.4633789147946,,9
NEAR,-1,SQUEEZE_V2,2025-06-18 11:00:00+00:00,2025-06-18 21:00:00+00:00,2.0895819141864775,2.195397557629904,70.6322269973266,147.5918240923275,2.1943004074261907,0.8927991343040391,SL,-7.473994547564261,0.15132882136610964,0.0,-7.551527456884207,7.396500385325431,-1.0209595164581278,10,978.4925258606489,,9
LINK,-1,SQUEEZE_V2,2025-06-18 11:00:00+00:00,2025-06-19 05:00:00+00:00,12.70945749320984,13.259314403823623,13.618507115327315,173.08383730322825,13.252688059793726,6.5011081608225725,SL,-7.488230249605707,0.17682795242803112,0.0,-7.5785162833821245,7.397989336285951,-1.0244021637353162,18,970.9140095772668,,9
SOL,-1,SQUEEZE_V2,2025-06-19 15:00:00+00:00,2025-06-20 08:00:00+00:00,143.07138610229492,148.15709434530427,1.4529807115285938,207.87996437829463,148.08305281889483,85.79519505543882,SL,-7.389435981554559,0.2115746823690719,0.0,-7.497070681734484,7.281855071829501,-1.0295550526317894,17,963.1990254701504,,9
BTC,1,SQUEEZE_V2,2025-06-20 08:00:00+00:00,2025-06-20 14:00:00+00:00,105782.05218,104156.25438849028,0.004590469602789138,485.58929505294446,104208.35856777416,123767.12203400958,SL,-7.463175342207056,0.4818577073818409,0.0,-7.702238402062425,7.223992691026128,-1.0662024079329966,6,955.2539924205615,,9
APT,-1,SQUEEZE_V2,2025-06-18 11:00:00+00:00,2025-06-21 05:00:00+00:00,4.3331333106040955,4.530329136657038,37.94120385985832,164.40429428957276,4.528065104104986,2.105341384879631,SL,-7.481847036587843,0.16814521780786668,0.0,-7.567790107250923,7.395946915985084,-1.0232347788887493,66,947.5827654429378,,9
LINK,-1,SQUEEZE_V2,2025-06-20 05:00:00+00:00,2025-06-22 00:00:00+00:00,12.89142125339508,12.196047059928684,17.68206017824004,227.94688638557446,12.189952083886741,8.185392044084884,SL,12.295648335267945,0.2217990622179405,0.0,12.187822716242792,7.281075521963084,1.6739041752112986,43,959.5175740275276,,9
DOGE,-1,SQUEEZE_V2,2025-06-20 15:00:00+00:00,2025-06-22 00:00:00+00:00,0.16612677035033704,0.15752009295250463,1245.2763652069575,206.87374074543868,0.15744137226637145,0.1003751702045811,SL,10.717691946481622,0.20151489477219786,0.0,10.619613922082143,7.164404943154212,1.4822743837545753,33,970.1371879496098,,9
BTC,-1,SQUEEZE_V2,2025-06-21 20:00:00+00:00,2025-06-22 17:00:00+00:00,102197.15648,100126.7948687282,0.00495149063569805,506.0282633056883,100076.75649048296,85793.73660689376,SL,10.251376130721049,0.5009025752403278,0.0,10.003487687133566,7.106870740822033,1.4075797987535212,21,980.0810237995856,,9
XRP,-1,SQUEEZE_V2,2025-06-18 11:00:00+00:00,2025-06-22 22:00:00+00:00,2.127574420976639,1.9943282228370367,105.26999665003623,223.96975216891357,1.9933315570585075,1.3244867951656139,SL,14.026826831785995,0.21695633875302056,0.0,13.92185536911743,7.397340271896064,1.8820082431531873,107,994.0028791687031,,9
SUI,-1,SQUEEZE_V2,2025-06-18 09:00:00+00:00,2025-06-23 01:00:00+00:00,2.77384512,2.4905721062503954,46.72268315718547,129.6014866688651,2.489327442529131,0.9641458862782537,SL,13.235275268403813,0.12298384903466321,0.0,13.177092162703582,7.39847534186096,1.7810550895732402,112,1007.1799713314067,,9
AVAX,-1,SQUEEZE_V2,2025-06-22 14:00:00+00:00,2025-06-23 13:00:00+00:00,16.209756744003297,17.206947924149397,7.359991651910992,119.30367431537216,17.19834874977451,4.9115623923322875,SL,-7.339318761234564,0.12297333369598945,0.0,-7.402640257772867,7.276028909622074,-1.0174011606775446,23,999.7773310736338,,9
SUI,1,SQUEEZE_V2,2025-06-23 19:00:00+00:00,2025-06-26 01:00:00+00:00,2.5808160599999996,2.7027507932123367,37.7387002970124,97.39664381005636,2.704102844634654,4.851444798204616,SL,4.601658352496552,0.09969747298630463,0.0,4.550659201415276,7.497925525727644,0.6069224328516724,54,1003.866377619254,,9
NEAR,1,SQUEEZE_V2,2025-06-23 19:00:00+00:00,2025-06-26 09:00:00+00:00,1.997399379014969,2.106920177182473,53.99785726146208,107.85528656218328,2.107974164264605,3.584410496722256,SL,5.913888426610275,0.11081223077548842,0.0,5.857003839115879,7.498329983052254,0.7811077736447842,62,1009.6208853907727,,9
SOL,1,SQUEEZE_V2,2025-06-25 08:00:00+00:00,2025-06-26 13:00:00+00:00,146.9493821685791,141.64492910766455,1.4323538978040833,210.48352032906612,141.71578700116513,206.761898367596,SL,-7.597854017519741,0.20668459332030625,0.0,-7.699296850675514,7.496360437574008,-1.027071325450725,29,1001.8215105066055,,9
XRP,-1,SQUEEZE_V2,2025-06-26 13:00:00+00:00,2025-06-26 20:00:00+00:00,2.155768692111969,2.1452060196849074,145.59590088348216,313.87108482444825,2.1441339527085534,1.5659827526369234,SL,1.5378818077551755,0.3131021439205707,0.0,1.381715206246829,7.5136613287995395,0.18389372980530466,7,1003.04629017044,,9
ETH,1,SQUEEZE_V2,2025-06-26 03:00:00+00:00,2025-06-26 21:00:00+00:00,2492.318432373047,2399.579603320793,0.08224957635088902,204.99213519419496,2400.7799933174515,3538.472021579854,SL,-7.627729400825411,0.20117827049378226,0.0,-7.726411603722095,7.528997832144404,-1.02622045801831,18,995.3198785667179,,9
AVAX,-1,SQUEEZE_V2,2025-06-25 10:00:00+00:00,2025-06-29 22:00:00+00:00,17.77144461860657,18.4910111368756,10.552302739245427,187.5296637292705,18.481770251749726,9.653437382684782,SL,-7.593083741799578,0.1913262056001703,0.0,-7.690645115535113,7.495571124372774,-1.0260252338248157,108,987.4379584587166,,9
DOGE,-1,SQUEEZE_V2,2025-06-26 10:00:00+00:00,2025-06-29 22:00:00+00:00,0.16235751566886902,0.16858395525842995,1232.810604171307,200.15606698349086,0.1684997054057271,0.09216106153334827,SL,-7.676020752242753,0.20399407735961222,0.0,-7.779936796110619,7.572156640430794,-1.0274400234367054,84,979.658021662606,,9
NEAR,1,SQUEEZE_V2,2025-06-29 22:00:00+00:00,2025-06-30 03:00:00+00:00,2.188437563753128,2.1984529385684946,107.7520137670765,235.80855449791443,2.1995527149259573,2.9677333247826807,SL,1.0791768049877923,0.23634814290040834,0.0,0.9607329393363412,7.347435162469544,0.13075759337676543,5,980.3967149780194,,9
SUI,1,SQUEEZE_V2,2025-06-27 16:00:00+00:00,2025-06-30 06:00:00+00:00,2.73934776,2.788496812985756,53.991898558045996,147.90258637313053,2.7898917588651884,4.3194576417974835,SL,2.6536506830309716,0.149229411714646,0.0,2.578372564502891,7.464899089250384,0.3453995202983793,62,982.9750875425223,,9
SOL,1,SQUEEZE_V2,2025-06-28 08:00:00+00:00,2025-07-01 00:00:00+00:00,146.50929172668458,153.68831865122795,1.6015871470928862,234.64739855914016,153.76520125185385,199.77320179311255,SL,11.497837250982425,0.2403963171846314,0.0,11.374764633077364,7.464344454551484,1.5238799203781985,64,994.3498521755996,,9
APT,1,SQUEEZE_V2,2025-06-29 22:00:00+00:00,2025-07-01 04:00:00+00:00,4.915982961845398,4.7402050441829315,42.366032381404956,208.27069334797716,4.742576332349106,6.897773013231587,SL,-7.4470129516239725,0.20454718687216517,0.0,-7.547424791822149,7.346550880390177,-1.0273426148817884,30,986.8024273837775,,9
APT,-1,SQUEEZE_V2,2025-07-01 05:00:00+00:00,2025-07-02 14:00:00+00:00,4.73005374660492,4.625459789705152,33.35851532004238,157.78757037074408,4.623148215597354,2.194745375147361,SL,3.4890991136247567,0.15604302081393173,0.0,3.411949877996197,7.4002357756511445,0.4610596177519737,33,989.8593138385905,,9
AVAX,-1,SQUEEZE_V2,2025-07-01 05:00:00+00:00,2025-07-02 16:00:00+00:00,17.556487466049195,18.18832893889742,11.88437764975523,208.64792724972287,18.1792393192378,10.439323429607976,SL,-7.509042678105883,0.21240244858877583,0.0,-7.617121163069798,7.40101820537833,-1.0291990847332906,35,982.2421926755208,,9
NEAR,-1,SQUEEZE_V2,2025-07-01 06:00:00+00:00,2025-07-02 16:00:00+00:00,2.101579598093033,2.1952475646444656,79.9348906314795,167.98953532691525,2.1941504893997656,1.0436265545875183,SL,-7.4873386619618465,0.17173320465789615,0.0,-7.575077098956285,7.399644072262254,-1.023708306099701,34,974.6671155765645,,9
SUI,-1,SQUEEZE_V2,2025-07-01 10:00:00+00:00,2025-07-02 16:00:00+00:00,2.73225344,2.848735565559701,64.30655767378447,175.70181341875602,2.8473119096048984,1.4172995016583032,SL,-7.490564525269906,0.17944709568139094,0.0,-7.582160714241919,7.399014111504776,-1.0247528386859497,30,967.0849548623225,,9
ETH,1,SQUEEZE_V2,2025-07-03 14:00:00+00:00,2025-07-04 07:00:00+00:00,2624.014688232422,2529.5396635888546,0.07780595250165927,204.16396219626807,2530.8050661219154,3689.267512352498,SL,-7.350719280010494,0.20048860255626283,0.0,-7.449125901468623,7.252263430627689,-1.0271449696669244,17,959.4172495344586,,9
BTC,1,SQUEEZE_V2,2025-06-24 17:00:00+00:00,2025-07-04 13:00:00+00:00,106207.13717999999,108040.25604689406,0.003012605420459395,319.96019715994254,108094.3031984933,134649.76120008933,SL,5.522463834751472,0.32272142907731827,0.0,5.359722504254124,7.497560288313357,0.7148622082583935,236,964.455821558029,,9
APT,-1,SQUEEZE_V2,2025-07-04 07:00:00+00:00,2025-07-06 21:00:00+00:00,4.583083310604096,4.5133502564409,36.69169584520431,168.1610988659175,4.511094709086357,2.3418196581212927,SL,2.558624013713145,0.1668817868590609,0.0,2.4758227762870426,7.19562937150844,0.3440731377980949,62,966.8246509186089,,9
SOL,-1,SQUEEZE_V2,2025-07-04 14:00:00+00:00,2025-07-06 21:00:00+00:00,148.42030694885256,153.51409239145343,1.4417624906818591,213.9868314143437,153.43737370460113,91.08240116886893,SL,-7.344028786723235,0.21765884580770534,0.0,-7.454694216823769,7.233418661685217,-1.0305907297071892,55,959.3699567017851,,9
XRP,1,SQUEEZE_V2,2025-07-02 17:00:00+00:00,2025-07-07 18:00:00+00:00,2.2557511050224304,2.2813688134644545,103.2892725068905,232.9948905943812,2.282510068498704,3.058283586074869,SL,2.6460344682703023,0.23431790782851636,0.0,2.5282140057389766,7.253137161467419,0.3485683435259179,121,961.6792427448263,,9
APT,1,SQUEEZE_V2,2025-07-06 22:00:00+00:00,2025-07-08 02:00:00+00:00,4.5039003825187685,4.369575321709691,54.452242430606674,245.24747551221412,4.3717612023108465,6.014062442037877,SL,-7.314300775681864,0.24159032512437317,0.0,-7.43326736305013,7.195274675263388,-1.0330762477497817,28,954.1327265505307,,9
ETH,-1,SQUEEZE_V2,2025-07-04 08:00:00+00:00,2025-07-08 17:00:00+00:00,2533.7931888183593,2609.157615305508,0.09715028661807952,246.1587345246413,2607.8536884612777,1687.3874786135766,SL,-7.321675634033675,0.24981957234165814,0.0,-7.448415839113013,7.194998767387692,-1.0352212807699104,105,946.5747060548335,,9
LINK,-1,SQUEEZE_V2,2025-07-04 08:00:00+00:00,2025-07-08 17:00:00+00:00,13.362326771163941,13.790874672362591,17.061484267002356,227.981127976758,13.783982681022081,8.54340208707091,SL,-7.311663273957646,0.23163695961373681,0.0,-7.429309669583004,7.194075672133224,-1.0326982934528999,105,939.1453963852506,,9
AVAX,-1,SQUEEZE_V2,2025-07-08 02:00:00+00:00,2025-07-08 17:00:00+00:00,17.77044536781311,18.359729328832046,12.33561166482199,219.2093131682773,18.350554051806142,11.140631836464165,SL,-7.269178103437688,0.22284390221999614,0.0,-7.382417349073545,7.155995449128979,-1.0316408669561306,15,931.7629790361771,,9
SOL,-1,SQUEEZE_V2,2025-07-07 21:00:00+00:00,2025-07-09 05:00:00+00:00,148.23034250793458,153.0270666342281,1.5280114628262775,226.49766249078925,152.95059133855884,94.28464158651465,SL,-7.329449448991869,0.2301623872152852,0.0,-7.44636300496176,7.212594320586197,-1.0324111788331614,32,924.3166160312153,,9
SUI,-1,SQUEEZE_V2,2025-07-07 17:00:00+00:00,2025-07-09 12:00:00+00:00,2.86322724,2.9716602481662773,67.26970433657084,192.60844988321577,2.9701751605859843,1.6409652904458958,SL,-7.29425639967044,0.196255578083051,0.0,-7.394207752811883,7.194354997230217,-1.0277791067661532,43,916.5337773187542,,9
BTC,1,SQUEEZE_V2,2025-07-09 13:00:00+00:00,2025-07-09 20:00:00+00:00,109305.45672,110687.63794987115,0.00503104129375667,549.9202663912525,110743.00945459845,122210.66399202068,SL,6.953810842937109,0.5533971718127211,0.0,6.675373804320015,5.6810801853771595,1.1750184096155025,7,922.8022183424622,,9
APT,1,SQUEEZE_V2,2025-07-09 06:00:00+00:00,2025-07-11 00:00:00+00:00,4.480896019077301,4.778635951254392,51.6665500256386,231.51243832934222,4.781026464486636,6.013875271885701,SL,15.383195100457918,0.23920403587957118,0.0,15.259747283743017,6.930328059680481,2.2018795001237734,42,937.8652686554963,,9
ETH,1,SQUEEZE_V2,2025-07-09 13:00:00+00:00,2025-07-11 00:00:00+00:00,2658.871755908203,2912.0276211761484,0.09926965986469788,263.9452948328593,2913.484363357827,3450.0144892621756,SL,25.130696637902233,0.27651064315181045,0.0,24.986158642166853,6.87194112889169,3.635968087258139,35,962.8514272976631,,9
XRP,1,SQUEEZE_V2,2025-07-09 06:00:00+00:00,2025-07-11 14:00:00+00:00,2.3276653759002683,2.7524099727353786,128.5619196088253,299.2491289327364,2.7537868661684626,2.9438398578712244,SL,54.60598071259835,0.3265521192890356,0.0,54.429053157775684,6.9314502439139805,7.85247693375077,56,1017.2804804554388,,9
SOL,1,SQUEEZE_V2,2025-07-09 06:00:00+00:00,2025-07-11 15:00:00+00:00,153.1006213256836,162.82797122526057,1.610054550410156,246.50035203603903,162.90942593822967,202.30835686282953,SL,15.661563969245687,0.2543311340206619,0.0,15.530483011243046,6.932374620234114,2.2402832884871655,57,1032.8109634666819,,9
BTC,1,SQUEEZE_V2,2025-07-09 20:00:00+00:00,2025-07-11 15:00:00+00:00,111733.24217999999,116718.69707490888,0.003520831703640181,393.39394141785033,116777.08561771773,134198.7672770968,SL,17.55294765106336,0.40217041524338204,0.0,17.3474742065289,6.921016637568466,2.5064921983229795,43,1050.1584376732108,,9
ETH,-1,SQUEEZE_V2,2025-07-12 16:00:00+00:00,2025-07-13 14:00:00+00:00,2915.1268189453126,3009.1587065852996,0.08512215932647244,248.14188953913566,3007.6548791457267,1857.663273797723,SL,-8.004197321459925,0.2521439881998656,0.0,-8.132270364890223,7.87618828254908,-1.0325134536090932,22,1041.902096363551,,9
DOGE,1,SQUEEZE_V2,2025-07-14 04:00:00+00:00,2025-07-15 01:00:00+00:00,0.20460090872347356,0.1941135711316919,751.7877942546102,153.816465871709,0.19421067646992685,0.32334642019257875,SL,-7.884252395728993,0.1498743396738445,0.0,-7.957218502466983,7.811249787686989,-1.0186869859174248,21,1033.4658449561957,,9
SOL,1,SQUEEZE_V2,2025-07-14 03:00:00+00:00,2025-07-15 02:00:00+00:00,164.8729643371582,159.49690218078067,1.4753086681483807,243.23851342992833,159.57669052604368,225.40180789275288,SL,-7.931351099808264,0.23927283788002418,0.0,-8.049004680973324,7.813638662424528,-1.0301224600621297,23,1025.4168402752225,,9
APT,1,SQUEEZE_V2,2025-07-14 02:00:00+00:00,2025-07-15 03:00:00+00:00,5.06401280221939,4.824949980383048,33.020469554859766,167.21608056110546,4.827363662214155,7.768574402279228,SL,-7.893966630145816,0.16326909724603256,0.0,-7.973627687111296,7.814265722726633,-1.0203937222049133,25,1017.4432125881112,,9
ETH,1,SQUEEZE_V2,2025-07-14 04:00:00+00:00,2025-07-15 03:00:00+00:00,3037.597388232422,2939.8377609866043,0.08113259204818225,246.448149706085,2941.308415194201,4138.042794383515,SL,-7.931491956117289,0.24248240372802635,0.0,-8.050750284992272,7.812173968248386,-1.0305390430005208,23,1009.3924623031189,,9
NEAR,1,SQUEEZE_V2,2025-07-14 03:00:00+00:00,2025-07-17 01:00:00+00:00,2.604520891571045,2.6772900958454073,56.57339923248326,147.34660020819197,2.6786294105506827,4.182794502034602,SL,4.116801245243631,0.14940500083081382,0.0,4.041069544516914,7.812726517999167,0.5172419046291957,70,1013.2724913862218,,9
XRP,1,SQUEEZE_V2,2025-07-16 09:00:00+00:00,2025-07-18 06:00:00+00:00,2.9595919106483457,3.5418639698681362,58.1113421250055,171.98585807008473,3.543635787762017,4.448446766651857,SL,33.83661084315271,0.1889041634916611,0.0,33.73369960869609,7.570443467273392,4.455974046239828,45,1046.7135132735232,,9
LINK,1,SQUEEZE_V2,2025-07-17 09:00:00+00:00,2025-07-18 10:00:00+00:00,17.071414393615722,18.3826817168621,9.032984184213959,154.20581621969333,18.391877655689942,26.68639058109618,SL,11.84465699216109,0.1601281447157739,0.0,11.761631755555163,7.599543685396664,1.5476760503602864,25,1058.4751450290782,,9
BTC,1,SQUEEZE_V2,2025-07-17 22:00:00+00:00,2025-07-18 14:00:00+00:00,120349.66512,117406.59152184897,0.0026345586676616807,317.06825339207666,117465.32418394093,153313.56153210375,SL,-7.753700057575065,0.3131914033632891,0.0,-7.908357334242316,7.598965413585839,-1.040715005769513,16,1050.566787694836,,9
APT,1,SQUEEZE_V2,2025-07-16 18:00:00+00:00,2025-07-18 15:00:00+00:00,5.281056209850311,5.352030190470075,28.421410186495496,150.09506475809494,5.3547075442421965,8.324958061360608,SL,2.0171806157627072,0.15110365506597628,0.0,1.9411244930757785,7.569798520305629,0.256430139833815,45,1052.5079121879116,,9
APT,-1,SQUEEZE_V2,2025-07-19 15:00:00+00:00,2025-07-20 09:00:00+00:00,5.162967234325409,5.4419454883874865,28.57398164735081,147.5265309994878,5.439225875449762,2.0057256214756563,SL,-7.971519511579775,0.1515122907552777,0.0,-8.049268536835308,7.893809341409337,-1.01969381178368,18,1044.1830904036099,,9
ETH,1,SQUEEZE_V2,2025-07-20 04:00:00+00:00,2025-07-20 22:00:00+00:00,3659.5518323730466,3696.599809161189,0.06082525830628949,222.59318548934556,3698.4490336780277,5142.630471874341,SL,2.253452757864183,0.22371991186827767,0.0,2.141029438740578,7.893256116918089,0.27124793710311534,18,1046.1057329154187,,9
BTC,1,SQUEEZE_V2,2025-07-21 07:00:00+00:00,2025-07-21 18:00:00+00:00,119273.74998,117290.72703281717,0.004077117024886626,486.2930366655288,117349.401733684,141266.30136646848,SL,-8.08501661869993,0.4822505283561789,0.0,-8.324120628723344,7.84579299686564,-1.0609661294975274,11,1037.5384657683626,,9
XRP,1,SQUEEZE_V2,2025-07-20 09:00:00+00:00,2025-07-21 20:00:00+00:00,3.501500054311752,3.5229268860077005,55.648703188516436,194.85393723696887,3.5246892306230118,5.109642465991909,SL,1.1923753973181344,0.19545012493562794,0.0,1.094352241000991,7.830465978339724,0.1397556983234635,35,1038.6328180093635,,9
SOL,1,SQUEEZE_V2,2025-07-20 09:00:00+00:00,2025-07-22 04:00:00+00:00,180.7161286743164,197.04706034283655,1.3386736336217744,241.91991662650727,197.14563315941624,247.57440204355817,SL,21.861787637126778,0.25285081044507063,0.0,21.72989678499496,7.831373178027074,2.7747237031129814,43,1060.3627147943585,,9
APT,-1,SQUEEZE_V2,2025-07-22 05:00:00+00:00,2025-07-23 07:00:00+00:00,5.174964918231964,5.555324146528858,21.05951011359911,108.98222603302665,5.552547872592562,0.8597311541108477,SL,-8.010179015119187,0.11298731554058625,0.0,-8.068675217643259,7.951712046079644,-1.0147091809771054,26,1052.1051064799597,,9
AVAX,1,SQUEEZE_V2,2025-07-18 00:00:00+00:00,2025-07-23 12:00:00+00:00,23.901778759002685,24.667218463723106,4.772923987286524,114.08137317765944,24.67955824284453,42.09434386254702,SL,3.653385527481613,0.11590806594140025,0.0,3.5945181481290427,7.597776407635618,0.47310133324226566,132,1055.637959124652,,9
SUI,1,SQUEEZE_V2,2025-07-20 06:00:00+00:00,2025-07-23 13:00:00+00:00,3.9052809,3.7331130000576755,46.344112774048774,180.9867784439387,3.734980490302827,5.851571296539122,SL,-7.978968570998238,0.1769972941584396,0.0,-8.065472475934708,7.892421392472504,-1.0219262346568638,79,1047.5724866487174,,9
DOGE,-1,SQUEEZE_V2,2025-07-23 10:00:00+00:00,2025-07-24 14:00:00+00:00,0.25722853610515595,0.24041668795895513,479.4608278715088,123.33100687315437,0.24029653968911058,0.06914135055003082,SL,8.060622630227535,0.1193006955580406,0.0,8.002987438106071,7.8907882985996975,1.0142190026218654,28,1055.442100066193,,9
LINK,-1,SQUEEZE_V2,2025-07-23 13:00:00+00:00,2025-07-24 14:00:00+00:00,18.529294345855714,18.278970284011972,7.551165573885169,139.91776957281078,18.26983536632881,6.638159586797087,SL,1.890238438109564,0.138972650353756,0.0,1.8212246725422134,7.85679364986538,0.2318025334130315,25,1057.2633247387353,,9
NEAR,-1,SQUEEZE_V2,2025-07-22 05:00:00+00:00,2025-07-24 15:00:00+00:00,2.8704258514881134,2.805912956129255,36.15754692549903,103.78755742134696,2.8045107007788657,0.3569490018698387,SL,2.332628041237727,0.10262124340072809,0.0,2.2819005765476725,7.9521012494199725,0.2869556743526266,58,1059.545225315283,,9
SUI,-1,SQUEEZE_V2,2025-07-23 14:00:00+00:00,2025-07-25 20:00:00+00:00,3.71815622,3.9504448345425165,34.1110658572649,126.83027168801911,3.9484705992428952,1.0859918857954813,SL,-7.9236122285526,0.1307920778022954,0.0,-7.990989170510886,7.8562689582294825,-1.017148116109274,54,1051.5542361447722,,9
AVAX,1,SQUEEZE_V2,2025-07-26 15:00:00+00:00,2025-07-26 23:00:00+00:00,24.700938345336912,24.910028432694528,9.369235258880668,231.4289024725681,24.922489677533292,34.32106397464561,SL,1.959014218753415,0.2324084095819448,0.0,1.8423202604077542,7.88665677108579,0.23359964987472304,8,1052.952158542722,,9
ETH,-1,SQUEEZE_V2,2025-07-22 05:00:00+00:00,2025-07-27 10:00:00+00:00,3656.5785965820314,3834.6329281056474,0.04515051589801136,165.0964100573051,3832.7165698207373,1643.5731881396766,SL,-8.039244926166807,0.16911603252038848,0.0,-8.125812753658543,7.952720360957689,-1.0217651803212668,125,1044.5104601415007,,9
BTC,1,SQUEEZE_V2,2025-07-27 03:00:00+00:00,2025-07-28 11:00:00+00:00,118361.56757999999,118521.42433014211,0.005337638796466785,631.7712951256332,118580.71468748584,131532.03841352195,SL,0.8532575914356786,0.6321979239213511,0.0,0.5369453150771442,6.15118140776483,0.08729141273566426,32,1044.906532068885,,9
LINK,1,SQUEEZE_V2,2025-07-26 20:00:00+00:00,2025-07-28 13:00:00+00:00,18.554710795211793,18.90256996204265,11.733896992066235,217.71906518859456,18.912025975030165,26.23437605815595,SL,4.081743631339273,0.21975993700426422,0.0,3.970843226929306,7.884835098781877,0.5036051074223175,41,1048.8773752958143,,9
ETH,1,SQUEEZE_V2,2025-07-27 11:00:00+00:00,2025-07-28 13:00:00+00:00,3817.1531705566404,3836.108953005819,0.07381070729859181,281.74677538584785,3838.0279669893134,5030.113610699131,SL,1.399139709972099,0.2824463452408339,0.0,1.257566752424189,7.833828451061255,0.16053028991895085,26,1050.1349420482386,,9
NEAR,1,SQUEEZE_V2,2025-07-26 20:00:00+00:00,2025-07-28 17:00:00+00:00,2.9285855732917785,2.802578348829954,63.2719700505634,185.29737868382944,2.8039803389994535,4.352645393775495,SL,-7.97272533230319,0.18131101601767785,0.0,-8.061387658978953,7.88401865228742,-1.0224972840012336,45,1041.816849602182,,9
APT,1,SQUEEZE_V2,2025-07-26 16:00:00+00:00,2025-07-28 18:00:00+00:00,4.832966178703308,4.680785046369165,52.628214054454304,254.35037857073576,4.683126609674002,6.545418396181091,SL,-8.009021207530532,0.2503458679669705,0.0,-8.132191886212135,7.885788912701519,-1.0312464581842584,50,1033.6846577159697,,9
LINK,-1,SQUEEZE_V2,2025-07-28 15:00:00+00:00,2025-07-31 02:00:00+00:00,18.467306471252442,17.98270391598412,9.552435883979994,176.40776101644778,17.973717057455396,9.044415016703919,SL,4.629134838413506,0.174093193597241,0.0,4.543245525324489,7.876012065361788,0.576845932639616,59,1038.0601773394335,,9
ETH,1,SQUEEZE_V2,2025-07-31 03:00:00+00:00,2025-07-31 20:00:00+00:00,3862.782411767578,3717.9056586195543,0.05443729337318731,210.27941938617968,3719.7655413902494,5497.260930365623,SL,-7.886698314073816,0.2063360702291428,0.0,-7.987894674609869,7.785451330045751,-1.026002775687884,17,1029.9671429551306,,9
XRP,-1,SQUEEZE_V2,2025-07-28 15:00:00+00:00,2025-08-01 14:00:00+00:00,3.154269093990326,3.0276536893603208,60.627434914133275,191.23524419756063,3.0261406190507953,1.6697265555152034,SL,7.67636720333229,0.1873970605958945,0.0,7.584587764835176,7.875350536257978,0.9630793867416904,95,1037.5517307199657,,9
SUI,-1,SQUEEZE_V2,2025-07-29 14:00:00+00:00,2025-08-03 10:00:00+00:00,3.8461306200000003,3.456895273538152,38.7091809100327,148.88056597319624,3.4551676896933055,1.5572280907559306,SL,15.066981442770944,0.14134707525181078,0.0,15.00007465050573,7.752634932869771,1.934835675920728,116,1052.4007249341887,,9
SOL,-1,SQUEEZE_V2,2025-07-29 15:00:00+00:00,2025-08-03 23:00:00+00:00,180.26394305114746,163.00146611129747,1.034989219642234,186.5712377481392,162.92000610824337,94.6638616079025,SL,17.866477537067396,0.1776379989796055,0.0,17.78212515696186,7.752076630747373,2.2938531188445563,128,1070.1828500911506,,9
DOGE,-1,SQUEEZE_V2,2025-07-28 15:00:00+00:00,2025-08-04 00:00:00+00:00,0.23216355338990688,0.20175110036378863,627.861551966074,145.7665689413454,0.20165027522617554,0.08882652303556915,SL,19.09480995607393,0.13621916396330844,0.0,19.031474076581294,7.874633404092236,2.4168076277292028,153,1089.214324167732,,9
ETH,-1,SQUEEZE_V2,2025-08-02 18:00:00+00:00,2025-08-04 02:00:00+00:00,3422.1054810546875,3566.949918365519,0.05439047982605838,186.1299591299488,3565.16733469817,1787.112867986315,SL,-7.878158445471552,0.19006903835268457,0.0,-7.975162504259262,7.78120286447436,-1.0249266910480432,32,1080.6625733963856,,9
AVAX,-1,SQUEEZE_V2,2025-08-01 23:00:00+00:00,2025-08-04 17:00:00+00:00,21.24575,22.68193605977948,5.461370553416947,116.03091343525811,22.670600759399782,4.96174132114534,SL,-7.843544256107565,0.1199526855633119,0.0,-7.905481484953248,7.781637980399743,-1.0159148375785974,66,1072.6207318867775,,9
LINK,1,SQUEEZE_V2,2025-08-04 01:00:00+00:00,2025-08-05 04:00:00+00:00,16.61132140159607,16.71264707856344,15.94387259613274,264.84879208046084,16.721007582354616,22.464551602362658,SL,1.6155236842846532,0.2656565539226032,0.0,1.4822915264022805,8.165776202225139,0.1815248776960557,27,1074.00151245455,,9
ETH,1,SQUEEZE_V2,2025-08-04 03:00:00+00:00,2025-08-05 06:00:00+00:00,3570.714,3637.971751963064,0.07637689529589267,272.7200493095781,3639.791647786957,4783.492029507235,SL,5.136938279520062,0.2752885184493381,0.0,4.998009785725513,8.104969300472892,0.6166599280559767,27,1078.9995222402756,,9
NEAR,-1,SQUEEZE_V2,2025-08-05 08:00:00+00:00,2025-08-05 11:00:00+00:00,2.442511478185654,2.5337110857546437,89.98322930294243,219.78507041664855,2.5324448633229824,1.4147013623304698,SL,-8.206435200218776,0.22388828801675795,0.0,-8.32043095302721,8.092496416802067,-1.028166158436832,3,1070.4371718031705,,9
BTC,1,SQUEEZE_V2,2025-08-04 01:00:00+00:00,2025-08-05 12:00:00+00:00,114892.974,113363.7126776721,0.005547588379704901,637.3789274721373,113420.42288911666,131722.12955295248,SL,-8.483712341278432,0.6331370713014981,0.0,-8.79815994884386,8.16910743125799,-1.0770038248216551,35,1061.6390118543266,,9
SOL,1,SQUEEZE_V2,2025-08-04 01:00:00+00:00,2025-08-05 14:00:00+00:00,164.4428856628418,166.25980079427558,1.5260545545048814,250.9488146217052,166.34297228041578,225.60315760104808,SL,2.772711611473346,0.2523351704274419,0.0,2.6458508483567567,8.166717260279968,0.3239797294348908,37,1064.2848627026833,,9
DOGE,1,SQUEEZE_V2,2025-08-04 17:00:00+00:00,2025-08-05 14:00:00+00:00,0.20765151819884778,0.19932370507039332,977.7049502006746,203.02191725969894,0.1994234167787827,0.30168696299959175,SL,-8.142144120036091,0.19895084519968093,0.0,-8.239584006605924,8.04465548915083,-1.024230809848598,21,1056.0452786960773,,9
BTC,-1,SQUEEZE_V2,2025-08-05 15:00:00+00:00,2025-08-06 14:00:00+00:00,112972.00108,115155.19566200815,0.0037260863237525625,420.94342819114775,115097.64683858886,88678.9066961274,SL,-8.134771474111243,0.4250108139282034,0.0,-8.349310573943873,7.920339590220579,-1.0541606807179018,23,1047.4854964080378,,9
APT,-1,SQUEEZE_V2,2025-08-05 08:00:00+00:00,2025-08-07 12:00:00+00:00,4.211157493209839,4.342374378619682,62.703401182481514,264.05389773934974,4.340204276481441,2.7363371129629552,SL,-8.227745007769062,0.26816777024323424,0.0,-8.363885829142621,8.091672222788006,-1.0336412052860964,52,1038.4951995003357,,9
SOL,1,SQUEEZE_V2,2025-08-07 11:00:00+00:00,2025-08-07 16:00:00+00:00,173.07460128479005,167.58522474068005,1.4528279686138919,251.44762140324082,167.6690592703152,234.85222430736002,SL,-7.975119773536079,0.2474600615164728,0.0,-8.09685602435093,7.853322624146557,-1.03101023755927,5,1030.267750684969,,9
XRP,1,SQUEEZE_V2,2025-08-07 12:00:00+00:00,2025-08-08 14:00:00+00:00,3.0784155954837797,3.2941662107566136,84.84415892858736,261.18558203146773,3.2958141178155214,4.127561174471817,SL,18.305179491148827,0.2703381717770421,0.0,18.16543411038752,7.7887139962525165,2.332276434739764,26,1048.3483364383458,,9
LINK,1,SQUEEZE_V2,2025-08-07 11:00:00+00:00,2025-08-08 15:00:00+00:00,17.298459076309204,19.320148193117973,14.437595719955349,249.74815872194452,19.329813099667806,23.514278107105643,SL,29.188330139918595,0.2643423237919038,0.0,29.04886189548766,7.852379695566295,3.6993705120868747,28,1077.3971983338333,,9
ETH,1,SQUEEZE_V2,2025-08-07 09:00:00+00:00,2025-08-10 03:00:00+00:00,3720.334005908203,4225.749555552408,0.07993193008566236,297.37347765556666,4227.8634872960565,4843.35209196078,SL,40.39884037836724,0.3175728978447503,0.0,40.229954219350276,7.854437774687765,5.121939389347256,66,1117.4121909400817,,9
XRP,-1,SQUEEZE_V2,2025-08-10 08:00:00+00:00,2025-08-11 08:00:00+00:00,3.185462786102295,3.3059774962251662,70.50657765135324,224.5960792838175,3.304325333558387,1.8270336723183833,SL,-8.497079767408543,0.22884461916752177,0.0,-8.613626346934156,8.380591432050613,-1.0278064999079095,24,1108.6862665535057,,9
BTC,1,SQUEEZE_V2,2025-08-06 15:00:00+00:00,2025-08-11 11:00:00+00:00,115155.72653999999,120542.53253804306,0.003944683542769908,454.2528993380499,120602.83395502056,137916.60713972576,SL,21.24924496857473,0.4648775218223372,0.0,21.011493896421417,7.856141223060282,2.6745310833702907,116,1129.697760449927,,9
AVAX,1,SQUEEZE_V2,2025-08-09 02:00:00+00:00,2025-08-11 12:00:00+00:00,24.026803759002686,23.15686838164876,9.413064673459713,226.16585768001724,23.168452607952734,33.83653119957356,SL,-8.188757968763085,0.2220714786956357,0.0,-8.297746518618712,8.079714897371785,-1.0269850637078606,58,1121.4000139313084,,9
SUI,1,SQUEEZE_V2,2025-08-08 07:00:00+00:00,2025-08-11 21:00:00+00:00,3.8331664799999996,3.6567969070745727,44.27063497162492,169.6967140215484,3.6586262201846647,5.827912306460971,SL,-7.807992983082955,0.1657927175300069,0.0,-7.888937343602188,7.727008130137267,-1.0209562628559115,86,1113.3437225211894,,9
NEAR,-1,SQUEEZE_V2,2025-08-11 12:00:00+00:00,2025-08-12 19:00:00+00:00,2.6564686648368836,2.7856397527557566,65.81600227380453,174.8381476851948,2.7842476289412863,1.196137646500854,SL,-8.501524616178349,0.17908890999328397,0.0,-8.593194452329035,8.409900592039756,-1.0217950091422927,31,1104.6453215737672,,9
DOGE,-1,SQUEEZE_V2,2025-08-11 12:00:00+00:00,2025-08-13 04:00:00+00:00,0.22826434187591077,0.2403930944000509,700.3721388744775,159.8699853484066,0.24027295792109038,0.09102301564528661,SL,-8.494640347211249,0.1641173055220122,0.0,-8.578822660059057,8.410500104484813,-1.0200133824960644,40,1096.066498913708,,9
SOL,1,SQUEEZE_V2,2025-08-08 18:00:00+00:00,2025-08-13 14:00:00+00:00,179.34585955810547,196.35544790494677,1.1361141485288768,203.75736852403654,196.45367474231793,260.63023701730384,SL,19.32483398149831,0.2134197855147857,0.0,19.21329288024554,8.08047898750375,2.3777418281711267,116,1115.0246371424498,,9
BTC,1,SQUEEZE_V2,2025-08-13 11:00:00+00:00,2025-08-14 05:00:00+00:00,120534.102,122187.9899459751,0.004233733810930894,510.30930300759314,122249.11450322671,142724.5752903105,SL,7.002121316365847,0.513810363665776,0.0,6.743465604203868,8.22049874185281,0.8203231721052445,18,1121.483387993115,,9
XRP,1,SQUEEZE_V2,2025-08-14 03:00:00+00:00,2025-08-14 08:00:00+00:00,3.352170334339142,3.2282389858350737,68.36927268436352,229.18544767286681,3.2298539127914694,4.750072294883971,SL,-8.473096160015517,0.22494889959285908,0.0,-8.583452335771943,8.362684778568374,-1.0263991245693422,5,1112.8999356573431,,9
DOGE,1,SQUEEZE_V2,2025-08-14 03:00:00+00:00,2025-08-14 09:00:00+00:00,0.25505099523067476,0.24082181611378176,592.6712317658768,151.16138750647676,0.24094228725741046,0.41629337206798095,SL,-8.433225114226268,0.14694477494936364,0.0,-8.504589195422392,8.361825333139599,-1.0170732892155725,6,1104.3953464619208,,9
AVAX,1,SQUEEZE_V2,2025-08-14 03:00:00+00:00,2025-08-14 10:00:00+00:00,25.907180827331544,24.749181396170606,7.298465748099238,189.08267189809254,24.761562177259233,38.99996539958652,SL,-8.451619184646509,0.1848568623057693,0.0,-8.541934711003233,8.36125847793645,-1.0216087367163145,7,1095.8534117509175,,9
ETH,1,SQUEEZE_V2,2025-08-12 13:00:00+00:00,2025-08-14 12:00:00+00:00,4405.29103828125,4625.110086259018,0.04776369787100551,210.41299018631378,4627.423798158097,6403.240656589955,SL,10.499370593902205,0.2156626754832649,0.0,10.388914413512097,8.350077918908921,1.2441697567858845,47,1106.2423261644296,,9
AVAX,-1,SQUEEZE_V2,2025-08-14 13:00:00+00:00,2025-08-15 06:00:00+00:00,23.743249591445924,25.351979805596827,5.197676610530157,123.40973305943818,25.339310150521566,5.502557487724296,SL,-8.361659406745318,0.12759056276281083,0.0,-8.42754510297841,8.29580663689715,-1.0158801273760802,17,1097.6183016167786,,9
LINK,-1,SQUEEZE_V2,2025-08-14 13:00:00+00:00,2025-08-17 04:00:00+00:00,22.35552861022949,24.193617230750135,4.543371992113629,101.56948255661159,24.181526467516377,1.486981669807946,SL,-8.351120357496269,0.10574504273535973,0.0,-8.406080658953323,8.296187522456737,-1.0132462213756763,63,1089.0156287939672,,9
APT,-1,SQUEEZE_V2,2025-08-15 16:00:00+00:00,2025-08-17 10:00:00+00:00,4.5790839237213135,4.852114259422888,30.41940772847681,139.29302089859203,4.84968941471553,1.4864497409302682,SL,-8.30542110394909,0.14344573145056658,0.0,-8.37922032495036,8.231658764117734,-1.0179261027529294,42,1080.5274914680044,,9
NEAR,-1,SQUEEZE_V2,2025-08-15 16:00:00+00:00,2025-08-17 15:00:00+00:00,2.6514695504188537,2.8239415690822067,48.12405588741777,127.59946882814337,2.822530303930242,0.6964895102887019,SL,-8.300053065170962,0.13174949536072886,0.0,-8.36800282611762,8.232137262125839,-1.016504287971104,47,1072.032768984607,,9
NEAR,1,SQUEEZE_V2,2025-08-17 16:00:00+00:00,2025-08-17 18:00:00+00:00,2.8255650476932526,2.7129087138034746,72.2399235355766,204.1186029901584,2.714265846726838,4.0975559158808466,SL,-8.138284945995943,0.20004946051716044,0.0,-8.236275105018025,8.040245767384551,-1.0243810131312991,2,1063.694434578094,,9
AVAX,1,SQUEEZE_V2,2025-08-17 04:00:00+00:00,2025-08-18 01:00:00+00:00,24.41988391571045,24.74180888131533,8.920353707504923,217.83400202434754,24.75418597430248,34.8840650249456,SL,2.8716845604718757,0.21926984430458346,0.0,2.761331717179466,8.167617215954753,0.3380829003329682,21,1066.3659385690144,,9
APT,1,SQUEEZE_V2,2025-08-17 10:00:00+00:00,2025-08-18 02:00:00+00:00,4.84296840763092,4.685765964316828,52.331399511138265,253.4393145595548,4.6881100193264915,6.612778559681532,SL,-8.226623865196812,0.2493260026269564,0.0,-8.349230210543992,8.103956186010032,-1.0302659613285396,16,1058.0167083584704,,9
DOGE,1,SQUEEZE_V2,2025-08-16 01:00:00+00:00,2025-08-18 09:00:00+00:00,0.23527704482674597,0.2198327693383843,536.7792598832972,126.29183798963004,0.21994274070873865,0.4105262347468296,SL,-8.290166766076522,0.12214675460659177,0.0,-8.349167601688299,8.231136415289365,-1.0143395978931524,56,1049.2466084860082,,9
SOL,-1,SQUEEZE_V2,2025-08-18 02:00:00+00:00,2025-08-20 08:00:00+00:00,186.45270749206543,182.15938180412752,1.1430921491770512,213.13262612698514,182.06834763031236,107.14134065040076,SL,4.907666887741986,0.21067879268311415,0.0,4.803554408122364,7.9327675680057,0.6055332350207733,54,1053.9757259341136,,9
ETH,-1,SQUEEZE_V2,2025-08-14 13:00:00+00:00,2025-08-20 15:00:00+00:00,4569.985722363282,4270.608345788824,0.036757155040407045,167.97967372935372,4268.474108734457,1990.3309392371775,SL,11.004260646337649,0.16247754340618492,0.0,10.92577293979614,8.296817446233222,1.3168631237941086,146,1064.8479571382313,,9
NEAR,-1,SQUEEZE_V2,2025-08-18 00:00:00+00:00,2025-08-20 15:00:00+00:00,2.697460354232788,2.523931994734077,66.60170268541656,179.65545251831057,2.522670659404375,1.3285192460937287,SL,11.557284206821224,0.17387681041489994,0.0,11.47323512266548,7.977708259335703,1.4381617815165437,63,1076.3211922608969,,9
BTC,-1,SQUEEZE_V2,2025-08-18 02:00:00+00:00,2025-08-20 15:00:00+00:00,116190.85718,113952.18444083341,0.005411199561484234,628.7319154208933,113895.23682242222,99431.69954770389,SL,12.113904944484972,0.6226749629486509,0.0,11.805595939246768,7.935125312688528,1.4877642726535434,61,1088.1267882001437,,9
BTC,1,SQUEEZE_V2,2025-08-20 23:00:00+00:00,2025-08-21 17:00:00+00:00,114567.30888,112172.18320895758,0.0034885088027711585,399.6690655376823,112228.29735763639,141298.8691355841,SL,-8.355416987174662,0.395491357044095,0.0,-8.551073811449916,8.15966228554862,-1.0479690840385043,18,1079.204063062264,,9
AVAX,1,SQUEEZE_V2,2025-08-20 20:00:00+00:00,2025-08-22 12:00:00+00:00,23.52270324897766,22.334492858237287,6.93289163301257,163.08035254067482,22.345665691082825,36.97456105349005,SL,-8.23773387622253,0.15896148560256357,0.0,-8.315155185554756,8.160273836870648,-1.018979920500254,40,1070.7796594366607,,9
DOGE,-1,SQUEEZE_V2,2025-08-19 04:00:00+00:00,2025-08-22 14:00:00+00:00,0.21620675238370896,0.2277490761753638,688.5720191102399,148.87392003411816,0.22763525854609076,0.08559525338505972,SL,-7.947721198443937,0.15284778063334015,0.0,-8.026132019060219,7.869349563645061,-1.0199231784211829,82,1062.6532849170067,,9
XRP,-1,SQUEEZE_V2,2025-08-22 04:00:00+00:00,2025-08-22 14:00:00+00:00,2.830733760213852,2.937063674745577,77.18736504582861,218.49688009717767,2.9355958768071737,1.6323095705758874,SL,-8.207325928252024,0.22260054306130367,0.0,-8.32067803126474,8.09403047296698,-1.0280018167777762,10,1054.3326068857418,,9
AVAX,-1,SQUEEZE_V2,2025-08-22 12:00:00+00:00,2025-08-22 14:00:00+00:00,22.560487533950806,23.475927303519573,8.886554463243254,200.48500118777432,23.464195205916617,12.232399854341537,SL,-8.135105370091702,0.20455255387282018,0.0,-8.239415423370636,8.030847445774954,-1.025970855380326,2,1046.0931914623711,,9
LINK,1,SQUEEZE_V2,2025-08-20 09:00:00+00:00,2025-08-23 07:00:00+00:00,25.093016943740846,25.8053651306547,4.2674610070494845,107.08347135664609,25.818274267788592,46.26269520428099,SL,3.0399181110972684,0.10860343041219472,0.0,2.984856416363397,7.904817944505852,0.37759964079096664,70,1048.7746064201735,,9
SOL,1,SQUEEZE_V2,2025-08-20 18:00:00+00:00,2025-08-24 11:00:00+00:00,185.05700827331543,203.46863163282612,0.9756627780055391,180.55323478133698,203.57041684124673,280.65152363221307,SL,17.963535594531873,0.1895350025786029,0.0,17.86427720934394,8.160950911501077,2.1889945673080993,89,1066.5221784878045,,9
LINK,-1,SQUEEZE_V2,2025-08-24 10:00:00+00:00,2025-08-24 18:00:00+00:00,25.453907833862306,26.32484761427821,9.169919406855659,233.41028342604923,26.311691768394013,15.65066286778566,SL,-7.98644759463839,0.23740350722336845,0.0,-8.107145960148735,7.865809548151301,-1.0306817004047797,8,1058.2939291269454,,9
SUI,-1,SQUEEZE_V2,2025-08-24 11:00:00+00:00,2025-08-24 18:00:00+00:00,3.61617662,3.7374692018360736,66.97869791013069,242.20680142065748,3.735601401135506,2.2513219784513607,SL,-8.124019197538171,0.24626881101942658,0.0,-8.249184607847269,7.998916338658533,-1.0312877718171893,7,1050.044744519098,,9
BTC,1,SQUEEZE_V2,2025-08-22 15:00:00+00:00,2025-08-24 19:00:00+00:00,115774.95036,112952.30424681002,0.0028363329726836944,328.376309116886,113008.80865113558,147387.99846130767,SL,-8.005964241058226,0.3243733269963569,0.0,-8.16614941349614,7.845698935967783,-1.0408440956177,52,1041.8785951056018,,9
ETH,1,SQUEEZE_V2,2025-08-22 15:00:00+00:00,2025-08-24 20:00:00+00:00,4613.072332324218,4726.570656014328,0.03274092346644546,151.03624817780428,4728.935123576116,7351.268080476,SL,3.716039929507739,0.15289426814255813,0.0,3.6386637854540833,7.844467524808596,0.4638509591564491,53,1045.2716201987264,,9
LINK,1,SQUEEZE_V2,2025-08-24 19:00:00+00:00,2025-08-24 20:00:00+00:00,26.385275160598756,25.400467000602138,8.038346689992313,212.0939892517354,25.413173587395836,37.495007425775,SL,-7.916229413186233,0.2081358745451423,0.0,-8.018318293105509,7.814089463292013,-1.0261359728184447,1,1037.253301905621,,9
XRP,1,SQUEEZE_V2,2025-08-24 19:00:00+00:00,2025-08-24 20:00:00+00:00,3.1101218313217163,3.021569668000039,89.76606401590685,279.1833954076946,3.023081208604341,4.104871805234579,SL,-7.9489791614807395,0.27520890582695423,0.0,-8.084596369603846,7.81329411083232,-1.0347231596459927,1,1029.1687055360171,,9
SOL,1,SQUEEZE_V2,2025-08-25 03:00:00+00:00,2025-08-25 07:00:00+00:00,212.68252738952637,199.5297514028874,0.5912331238512923,125.74495505709773,199.62956618598037,361.8592268586235,SL,-7.7763568338968225,0.12185677664014932,0.0,-7.835341133008423,7.717343027882229,-1.0152899909593074,4,1021.0808567737603,,9
DOGE,1,SQUEEZE_V2,2025-08-22 15:00:00+00:00,2025-08-25 19:00:00+00:00,0.22860571265816687,0.2144311684092627,557.5991883360274,127.47035982717296,0.21453843762807673,0.3893745701449113,SL,-7.903714368222063,0.12351850264306191,0.0,-7.963497690951539,7.843901138877929,-1.0152470753973217,76,1013.0607709508902,,9
LINK,-1,SQUEEZE_V2,2025-08-25 08:00:00+00:00,2025-08-26 15:00:00+00:00,24.969006130599976,24.453393833059724,4.532669952711312,113.17626383723506,24.441173246436506,5.660029918347618,SL,2.3371003683091405,0.11200771365308049,0.0,2.2816807865746775,7.658106425803202,0.29794320680720615,31,1015.3424517374649,,9
BTC,-1,SQUEEZE_V2,2025-08-24 20:00:00+00:00,2025-08-26 19:00:00+00:00,112537.88792,111066.6441888724,0.0033701565797033626,379.27030343950753,111011.13861956261,86362.70632583194,SL,4.958321740807008,0.37679114256910406,0.0,4.7711657499576585,7.718765291520128,0.6181255122758148,47,1020.1136174874225,,9
LINK,1,SQUEEZE_V2,2025-08-28 14:00:00+00:00,2025-08-29 01:00:00+00:00,25.81416181526184,24.263507633022122,4.970999432519034,128.32218373462112,24.275645455749995,43.397205923968656,SL,-7.708301059946906,0.12446803320464767,0.0,-7.7686080012842424,7.647963950054635,-1.0157746626445259,11,1011.8957575807997,,9
NEAR,1,SQUEEZE_V2,2025-08-27 21:00:00+00:00,2025-08-29 07:00:00+00:00,2.5745146817207334,2.462588369663322,69.10277608492528,177.9061115783005,2.4638202798032234,3.8395935607779887,SL,-7.7344188801147755,0.17403890213824313,0.0,-7.819504726463868,7.649290469560418,-1.0222522935402703,34,1004.0762528543358,,9
DOGE,1,SQUEEZE_V2,2025-08-28 05:00:00+00:00,2025-08-29 07:00:00+00:00,0.2241848313242197,0.21432568575180377,784.3190025781286,175.832423297358,0.2144329022029052,0.33563544985352856,SL,-7.732715221629838,0.17196606568654307,0.0,-7.816765075667702,7.648623321641999,-1.0219832703161027,26,996.2594877786681,,9
AVAX,1,SQUEEZE_V2,2025-08-27 13:00:00+00:00,2025-08-29 08:00:00+00:00,24.71194213256836,23.824440657330157,8.737147197323168,215.91187594398195,23.83635883674853,34.71860837050928,SL,-7.754231026997641,0.21203476043048314,0.0,-7.858309849456133,7.6501001390952075,-1.0272165993353326,43,988.401177929212,,9
APT,1,SQUEEZE_V2,2025-08-27 05:00:00+00:00,2025-08-29 09:00:00+00:00,4.429885700798034,4.258742174610645,45.26780817095504,200.53121612298216,4.260872610916103,6.361463870877251,SL,-7.747292313151568,0.19665756996640638,0.0,-7.843684275056483,7.650852131155669,-1.0252040087293761,52,980.47116405776,,9
LINK,-1,SQUEEZE_V2,2025-08-30 02:00:00+00:00,2025-08-31 13:00:00+00:00,22.843429972839356,24.063207169001636,6.088614329070651,139.08483505775172,24.05118157821253,9.040554482860191,SL,-7.42675291482728,0.14279821151516536,0.0,-7.50000870881357,7.3535337304332,-1.019918991841184,35,972.4009128711705,,9
BTC,1,SQUEEZE_V2,2025-08-31 01:00:00+00:00,2025-08-31 23:00:00+00:00,109363.06824,107986.90838916988,0.005378369974888964,588.1950425837488,108040.92885359668,124473.23265603793,SL,-7.401496822352341,0.5844942941725726,0.0,-7.691893595233039,7.110954778449714,-1.0816963171449077,22,964.5874709267575,,9
LINK,1,SQUEEZE_V2,2025-08-31 13:00:00+00:00,2025-08-31 23:00:00+00:00,23.997798630523683,23.266215290779297,10.129958255855975,243.09669835964257,23.27785421788824,32.22573477492873,SL,-7.41090869229033,0.23939124401349743,0.0,-7.528751587124006,7.293006846533778,-1.0323247661151276,10,957.0587193396335,,9
NEAR,-1,SQUEEZE_V2,2025-08-31 23:00:00+00:00,2025-09-01 07:00:00+00:00,2.4045189713954924,2.380864803826178,119.06207104454549,286.2870086002476,2.3796749663430066,1.715520335682748,SL,2.8163141796373057,0.2848788515104289,0.0,2.6745788324270006,7.177940395047251,0.3726109002343414,8,959.474907190731,,9
ETH,1,SQUEEZE_V2,2025-08-31 01:00:00+00:00,2025-09-01 17:00:00+00:00,4466.573311816406,4338.182916302332,0.05823339842859107,260.10374327751634,4340.353092848756,5909.09010001812,SL,-7.476609056375466,0.2563654387493286,0.0,-7.6029226234860365,7.35023230088717,-1.0343785491743391,40,951.8719845672449,,9
LINK,-1,SQUEEZE_V2,2025-09-01 00:00:00+00:00,2025-09-02 02:00:00+00:00,23.185362533950805,22.879220566492126,9.94139961026201,230.49495405880194,22.86778667315555,14.934880882762219,SL,3.043479635978554,0.22897321424081268,0.0,2.9297538987671423,7.176866818765001,0.40822185680063877,26,954.6934808254395,,9
SOL,-1,SQUEEZE_V2,2025-08-30 14:00:00+00:00,2025-09-02 22:00:00+00:00,199.03019332275392,208.69332960790922,0.7692367277400907,153.10133463307287,208.58903509036406,89.78628740720944,SL,-7.433239335699401,0.15681795430092257,0.0,-7.513506622683788,7.3530121623017335,-1.0218270358921606,80,947.0178441536898,,9
ETH,-1,SQUEEZE_V2,2025-09-01 18:00:00+00:00,2025-09-03 14:00:00+00:00,4320.035722363281,4464.709135185859,0.05011886360668915,216.5152811451501,4462.47789623774,2692.1251637980286,SL,-7.250867044769022,0.22014071466753463,0.0,-7.362750118863981,7.139039884254337,-1.0313361794074092,44,939.4738346573471,,9
LINK,1,SQUEEZE_V2,2025-09-02 23:00:00+00:00,2025-09-04 15:00:00+00:00,23.56271216468811,22.510362480847366,6.822312696687563,160.75219036954618,22.52162329249361,35.46087070405382,SL,-7.17945860942186,0.15716246106483528,0.0,-7.2562449753019225,7.102633831152673,-1.0216273494876646,40,932.1110081695891,,9
ETH,1,SQUEEZE_V2,2025-09-03 14:00:00+00:00,2025-09-04 18:00:00+00:00,4417.873632421875,4269.705935431838,0.04825014082514124,213.16302491203373,4271.841856360018,6086.8082159859605,SL,-7.149112245506153,0.20958846878928067,0.0,-7.252119201839417,7.0460537599301025,-1.0292455108817333,28,924.7440964779132,,9
AVAX,-1,SQUEEZE_V2,2025-09-05 01:00:00+00:00,2025-09-05 07:00:00+00:00,23.906217098236084,24.721022305376493,8.642997291931598,206.62136964038334,24.7086679713908,14.735349976467894,SL,-7.0423591987663245,0.2101425492397665,0.0,-7.149191063185899,6.935580723584349,-1.0307992002566089,6,917.4915947299072,,9
BTC,1,SQUEEZE_V2,2025-09-02 03:00:00+00:00,2025-09-05 14:00:00+00:00,110249.34546,111037.44905935282,0.002941152138172854,324.2600981318366,111092.99555713138,138072.07136491494,SL,2.31793258633827,0.3254190644250058,0.0,2.1546435709791822,7.1602011061907955,0.30091942098054364,83,919.6462383008864,,9
AVAX,-1,SQUEEZE_V2,2025-09-06 10:00:00+00:00,2025-09-07 06:00:00+00:00,24.098180040740967,24.72663128224933,11.195281268879068,269.78590362418277,24.71427414517674,17.05710456147497,SL,-7.035688412462359,0.27330374783041395,0.0,-7.174099208480682,6.897346787256647,-1.0401244753613599,20,912.1542081403486,,9
DOGE,-1,SQUEEZE_V2,2025-08-29 08:00:00+00:00,2025-09-07 14:00:00+00:00,0.21451709008812905,0.22383910382106426,804.873834155943,172.65919279120826,0.2237272402009638,0.10925823165573215,SL,-7.5030449352819115,0.17641071525884922,0.0,-7.593126054145157,7.41300883446909,-1.024297451102251,222,904.4039343137088,,9
APT,-1,SQUEEZE_V2,2025-09-06 10:00:00+00:00,2025-09-07 23:00:00+00:00,4.206158378791809,4.28753893348418,87.03333719808114,366.0760004899218,4.285396235366497,3.300582875081078,SL,-7.0828212579080425,0.3696174111188758,0.0,-7.269400668781957,6.896335090118057,-1.0540962081727259,37,897.0001720791729,,9
SOL,-1,SQUEEZE_V2,2025-09-04 15:00:00+00:00,2025-09-08 10:00:00+00:00,205.22895027160644,211.58388400008775,1.118677357015956,229.58497967299976,211.47814492762396,133.80958277426333,SL,-7.109120467389031,0.23313953990669428,0.0,-7.2274675174592256,6.990832561271918,-1.033849323970113,91,889.6259606968616,,9
AVAX,1,SQUEEZE_V2,2025-09-07 06:00:00+00:00,2025-09-08 20:00:00+00:00,24.67193321685791,25.246063393209308,12.738991396691388,314.29554498929735,25.258692739579097,30.809361524748606,SL,7.313839377121387,0.31795246467785804,0.0,7.153034684938178,6.841156561052614,1.0455885084783934,38,896.5121075935908,,9
DOGE,1,SQUEEZE_V2,2025-09-07 15:00:00+00:00,2025-09-09 00:00:00+00:00,0.22270453709363938,0.23807252489056213,1206.6351903503744,268.72313150787556,0.23819162070091257,0.2869495863403627,SL,18.543554880642112,0.2779949089481966,0.0,18.399921537447852,6.783029507352815,2.712640644936353,33,914.9120291310387,,9
LINK,1,SQUEEZE_V2,2025-09-07 23:00:00+00:00,2025-09-09 14:00:00+00:00,22.4884960521698,23.24352027985593,13.050571679993899,293.4877297041018,23.25514785378282,28.37986471559938,SL,9.853497803549851,0.2984144786058767,0.0,9.701827189796026,6.727501290593796,1.4421145044387949,39,924.3964901025089,,9
XRP,1,SQUEEZE_V2,2025-09-02 23:00:00+00:00,2025-09-09 15:00:00+00:00,2.8596719233989716,2.9362525288864383,70.55584346476826,201.76656458793062,2.937721389581229,4.010052454690596,SL,5.403209213210873,0.20446816919453606,0.0,5.299624326310303,7.102031010438787,0.746212501539454,160,929.6961144288192,,9
BTC,1,SQUEEZE_V2,2025-09-08 10:00:00+00:00,2025-09-09 15:00:00+00:00,112077.31098,110706.1865498108,0.004762565873063892,533.775576418117,110761.56733347752,127114.38122597107,SL,-6.53007041894326,0.5305105412086454,0.0,-6.793693171942847,6.266315788628578,-1.0841606776778303,29,922.9024212568763,,9
ETH,1,SQUEEZE_V2,2025-09-10 14:00:00+00:00,2025-09-10 19:00:00+00:00,4417.813561816406,4313.132432711739,0.06750694310903381,298.23308878385814,4315.290077750614,5589.510522568321,SL,-7.066703027058177,0.29469973727032905,0.0,-7.212286219936577,6.92104700616937,-1.0420802247850072,5,915.4448647249208,,9
AVAX,1,SQUEEZE_V2,2025-09-10 05:00:00+00:00,2025-09-11 05:00:00+00:00,26.450288694763184,28.643645234076793,7.2705268919060915,192.3075352539554,28.657974221187384,37.33064482274652,SL,15.94685770261767,0.20028096410526425,0.0,15.842730506139384,6.9217681594265725,2.288827094643959,24,931.2875952310601,,9
XRP,1,SQUEEZE_V2,2025-09-11 10:00:00+00:00,2025-09-11 12:00:00+00:00,3.0280054967880248,2.967081708259413,117.50866534979882,355.81688459941535,2.9685659912550406,3.7073141314506994,SL,-7.15907307805053,0.3522373480603901,0.0,-7.333401983811212,6.984656964232951,-1.0499301571092348,2,923.7762848049492,,9
APT,1,SQUEEZE_V2,2025-09-09 06:00:00+00:00,2025-09-12 12:00:00+00:00,4.457891178703308,4.479269252372168,55.23136106657855,246.21539728647787,4.481510007375856,5.877755356481618,SL,1.1807401057127112,0.24680576733933424,0.0,1.0570420370166158,6.86184021848279,0.1540464370139963,78,924.3863725661655,,9
XRP,1,SQUEEZE_V2,2025-09-12 00:00:00+00:00,2025-09-13 16:00:00+00:00,3.0397077517032622,3.1156398443016404,94.22941487679152,286.4298828394459,3.117198443523402,3.8797298373254754,SL,7.155036655915529,0.29000740116740364,0.0,7.0082441961678485,6.926044091029265,1.0118682618906585,40,931.2866128989455,,9
SOL,1,SQUEEZE_V2,2025-09-09 07:00:00+00:00,2025-09-13 17:00:00+00:00,218.42368088378905,236.57792326035496,0.863079674339481,188.51703936521136,236.69627139605296,309.27332236089546,SL,15.668557598246517,0.1963513181643346,0.0,15.566464799764788,6.860916910742966,2.2688607080185585,106,946.8530776987102,,9
DOGE,1,SQUEEZE_V2,2025-09-11 23:00:00+00:00,2025-09-13 17:00:00+00:00,0.25530105691552163,0.28887275031878157,616.3476331197159,157.35420216284362,0.2890172589482557,0.38373755785996255,SL,20.69183376892004,0.16770011904730364,0.0,20.60281075095416,6.926634169287375,2.9744332163963287,42,967.4558884496644,,9
LINK,1,SQUEEZE_V2,2025-09-12 19:00:00+00:00,2025-09-14 13:00:00+00:00,24.965992642593385,24.152611759110954,8.652078443996398,216.0077267759549,24.164694106164035,34.123690201785955,SL,-7.037435208737085,0.21248900917158636,0.0,-7.1419203545206935,6.932897794246241,-1.0301493785827804,42,960.0603202846017,,9
BTC,1,SQUEEZE_V2,2025-09-11 14:00:00+00:00,2025-09-15 00:00:00+00:00,114610.51752000001,115005.39422156576,0.003927427223419043,450.1244665981932,115062.92568440795,134771.50839456078,SL,1.5508495076232451,0.4508998913520048,0.0,1.325011849570337,6.928322136037118,0.19124570473973676,82,961.1234327232293,,9
BTC,-1,SQUEEZE_V2,2025-09-15 01:00:00+00:00,2025-09-15 05:00:00+00:00,115008.9936,116270.08740291998,0.005014164906438565,576.6740596339375,116211.98141221388,101260.56146041286,SL,-6.323332290328491,0.5798357257791018,0.0,-6.614830986290624,6.031979270876124,-1.0966269427066255,4,954.2202647071217,,9
XRP,-1,SQUEEZE_V2,2025-09-14 12:00:00+00:00,2025-09-15 13:00:00+00:00,3.0578883514881134,3.0259381751011296,95.20502788973887,291.12634578713346,3.0244259621200698,2.1868756300320404,SL,3.041817434004872,0.28960543707013103,0.0,2.8977751698283076,7.255919163372482,0.3993670690897622,25,957.0635817783931,,9
LINK,-1,SQUEEZE_V2,2025-09-14 13:00:00+00:00,2025-09-15 21:00:00+00:00,24.28914182548523,23.761117451686914,8.864453051057636,215.30995736249417,23.74924283027178,15.005897374660973,SL,4.680647271349288,0.21296963372681954,0.0,4.575332616303716,7.200452402134512,0.6354229374459025,32,961.6389143946968,,9
APT,-1,SQUEEZE_V2,2025-09-14 12:00:00+00:00,2025-09-16 21:00:00+00:00,4.540091689395904,4.458830853755793,47.61341622272604,216.1692752965466,4.456602552479554,2.798727171309142,SL,3.8691059899391456,0.21423472230157703,0.0,3.7629559052858417,7.254827439575781,0.5186830336940277,57,965.1425979176303,,9
ETH,-1,SQUEEZE_V2,2025-09-14 15:00:00+00:00,2025-09-16 23:00:00+00:00,4602.529505273437,4499.0,0.06702593957733191,308.4888645233447,4535.440803788568,3374.920350592532,EOD,6.939162364928473,0.30501928334088046,0.0,6.788387513849265,7.199644989794405,0.9428780896102372,56,971.796820101702,,9
DOGE,-1,SQUEEZE_V2,2025-09-15 08:00:00+00:00,2025-09-16 23:00:00+00:00,0.2682563484311104,0.26982998847961426,406.0153571418188,108.91619711381747,0.2858829033370216,0.06681000664926817,EOD,-0.6389220263059617,0.10923565812697045,0.0,-0.6936995858760234,7.156651985303412,-0.0969307418190202,39,971.1031205158259,,9
BTC,1,SQUEEZE_V2,2025-09-16 17:00:00+00:00,2025-09-16 23:00:00+00:00,116061.7077,116747.5,0.004467836765292851,518.5447647047324,114447.43837082779,134510.50003339665,EOD,3.0640080512947487,0.5200767687303798,0.0,2.8032036649167353,7.212291857960227,0.38867030343798853,6,973.9063241807427,,9
APT,1,SQUEEZE_V2,2025-09-16 22:00:00+00:00,2025-09-16 23:00:00+00:00,4.462892293167114,4.442999839782715,60.12483428423082,268.3306595550436,4.342499953287007,5.838804748939764,EOD,-1.1960304632437724,0.2677326443234217,0.0,-1.3295977777896724,7.238569484382227,-0.1836823947961517,1,972.576726402953,,9
NEAR,1,SQUEEZE_V2,2025-09-28 23:00:00+00:00,2025-09-29 12:00:00+00:00,2.8085616877555846,2.71180759804302,78.58423735465132,220.70867829576497,2.713164180133086,3.898818917726995,SL,-7.603346351005413,0.2169070051202623,0.0,-7.7098990169777935,7.496740382048576,-1.0284335089740655,13,991.7451309170176,,10
SOL,1,SQUEEZE_V2,2025-09-28 19:00:00+00:00,2025-09-30 05:00:00+00:00,206.0511965057373,209.2901660882642,1.3155518586476254,271.0710345396898,209.3948635200242,271.18633329603983,SL,4.261032454396376,0.273201550766888,0.0,4.123366420899333,7.497756898428098,0.5499466676178572,34,995.7952242117343,,10
APT,1,SQUEEZE_V2,2025-09-27 16:00:00+00:00,2025-09-30 08:00:00+00:00,4.124824872493744,4.210630122885713,59.37887665402745,244.92746732327055,4.212736491131278,5.568339646505087,SL,5.095019379292672,0.24747497701291687,0.0,4.97000813594139,7.5,0.6626677514588519,64,1000.7652323476757,,10
XRP,1,SQUEEZE_V2,2025-09-27 23:00:00+00:00,2025-09-30 08:00:00+00:00,2.8178635412693023,2.854095574132169,125.35488205053915,353.23295185032794,2.855523335800069,3.5015528194282166,SL,4.541862205975912,0.3555038829533159,0.0,4.36297479894776,7.499081521997537,0.5818012227430207,57,1005.1282071466235,,10
AVAX,1,SQUEEZE_V2,2025-09-29 16:00:00+00:00,2025-09-30 15:00:00+00:00,30.443087674713134,28.883472078189833,4.813777561955218,146.54625236516955,28.897921038709185,48.10213494332968,SL,-7.507642563819269,0.1427924310832599,0.0,-7.577161868719944,7.4380884818776325,-1.0186974633578445,23,997.5510452779035,,10
APT,1,SQUEEZE_V2,2025-09-30 21:00:00+00:00,2025-10-02 06:00:00+00:00,4.361872261047363,4.8475483296564885,48.207153129965,210.2734440216569,4.849973316314646,6.135558731995308,SL,23.41306061099949,0.22197997432715666,0.0,23.296217358683162,7.481632839584275,3.1137878399252803,33,1020.5718130812837,,10
XRP,1,SQUEEZE_V2,2025-10-02 09:00:00+00:00,2025-10-03 00:00:00+00:00,2.988797589254379,3.0189982386107963,95.0961036511254,284.22300533996815,3.020508492857225,3.908683689943853,SL,2.8719640815291543,0.2856589873807327,0.0,2.7284165968184055,7.654288598109629,0.3564559347151138,15,1022.9802221711802,,10
SOL,1,SQUEEZE_V2,2025-10-01 09:00:00+00:00,2025-10-04 14:00:00+00:00,216.50329871520995,226.4996589849621,0.7948593830030972,172.08967843490703,226.61296546769594,324.0636614896808,SL,7.945700756291876,0.17606252881305295,0.0,7.855683066696276,7.480844314169195,1.0501064768607886,77,1030.758061868919,,10
NEAR,1,SQUEEZE_V2,2025-10-02 19:00:00+00:00,2025-10-05 11:00:00+00:00,2.9415881847381593,3.04570535387064,59.22040788842876,174.20205213997653,3.047228968354817,4.418535171615342,SL,6.1658612242140185,0.17728498275208354,0.0,6.0756772675319235,7.6532227618396025,0.7938717396057494,64,1036.5554643214216,,10
BTC,1,SQUEEZE_V2,2025-10-05 03:00:00+00:00,2025-10-05 16:00:00+00:00,124034.802,122250.75559732334,0.0044870441286189834,556.5496300585181,122311.91155309988,143724.97853600126,SL,-8.00509493631411,0.5525470825903611,0.0,-8.279367203875212,7.730685464016891,-1.0709745264391115,13,1028.2760971175464,,10
LINK,1,SQUEEZE_V2,2025-10-01 09:00:00+00:00,2025-10-07 08:00:00+00:00,22.15542926902771,22.702785173826754,7.606983647343119,168.53598814936092,22.714142244949226,33.393522090277614,SL,4.1637274170830265,0.1706178518579024,0.0,4.077377559299805,7.480198977875064,0.5450894516790094,143,1032.3534746768462,,10
ETH,1,SQUEEZE_V2,2025-10-07 13:00:00+00:00,2025-10-07 14:00:00+00:00,4747.2490646484375,4629.560133228916,0.06710973541540718,318.5866286795959,4631.876071264548,6065.797560464315,SL,-7.898073048886082,0.31463759215515286,0.0,-8.053417326701437,7.742651060076347,-1.0401369329721577,1,1024.140764035805,,10
SUI,1,SQUEEZE_V2,2025-10-02 19:00:00+00:00,2025-10-07 18:00:00+00:00,3.60752136,3.4537653377874107,50.336488198641156,181.5899563639859,3.4554930843295755,5.344987367661991,SL,-7.7395381975739985,0.1777201872651989,0.0,-7.826463406657204,7.652569504144078,-1.0227235966192738,119,1016.3143006291477,,10
APT,1,SQUEEZE_V2,2025-10-03 13:00:00+00:00,2025-10-09 02:00:00+00:00,5.3350669106483455,5.069614994946967,29.181777946264763,155.68673791500476,5.072151070482208,8.339819369689911,SL,-7.7463588594082164,0.15181355848530065,0.0,-7.820329048936014,7.672351666283851,-1.0192870959372795,133,1008.4939715802117,,10
APT,-1,SQUEEZE_V2,2025-10-09 02:00:00+00:00,2025-10-09 20:00:00+00:00,5.116976430511475,5.029484925129875,33.423382696469986,171.02666148580198,5.02697143941017,2.530693013115462,SL,2.924262067059469,0.16956453045227224,0.0,2.8402108673500974,7.563704786851587,0.3755052513799052,18,1011.172628338523,,10
NEAR,-1,SQUEEZE_V2,2025-10-09 03:00:00+00:00,2025-10-10 05:00:00+00:00,2.8804238419532777,3.025180055790165,52.79832584939959,152.08155659182862,3.023668221679326,1.2433452165127274,SL,-7.642885746885347,0.1559029994652713,0.0,-7.722747968054704,7.5630634368710155,-1.0211137368497007,26,1003.4498803704683,,10
XRP,-1,SQUEEZE_V2,2025-10-10 16:00:00+00:00,2025-10-10 21:00:00+00:00,2.7399518733024597,1.7078226261282698,83.30608537090323,228.25466466950095,2.5713097541917507,1.7078226261282698,TP,85.98264717889914,0.18526334108005138,0.0,85.91151117015384,7.52348162815366,11.419116230531344,5,1088.8599820113093,,10
DOGE,-1,SQUEEZE_V2,2025-10-10 16:00:00+00:00,2025-10-10 21:00:00+00:00,0.2376924471229315,0.08806275568629301,574.5708890439888,136.57116066246405,0.23006222987135871,0.08806275568629301,TP,85.97286483612709,0.0935847282444005,0.0,85.94756568821391,7.52262567316115,11.425208354425154,5,1174.8075476995232,,10
BTC,-1,SQUEEZE_V2,2025-10-10 16:00:00+00:00,2025-10-12 06:00:00+00:00,118947.2058,112079.70050447129,0.0026999748234916394,321.1544609846787,112023.68866014123,87091.35699811706,SL,18.542091398123027,0.31188341528561714,0.0,18.39078521332975,7.525874102778513,2.443674311073045,38,1193.198332912853,,10
SOL,-1,SQUEEZE_V2,2025-10-10 16:00:00+00:00,2025-10-12 06:00:00+00:00,210.50789305114748,182.17097542185022,0.7094860606685464,149.35241578049428,182.07993545412316,89.3088269050262,SL,20.104648060299198,0.1393000917503447,0.0,20.0400241764391,7.5240416997128365,2.6634653257176857,38,1213.238357089292,,10
ETH,-1,SQUEEZE_V2,2025-10-10 16:00:00+00:00,2025-10-12 10:00:00+00:00,4100.1798,3853.3491939561222,0.04084853950277999,167.48635652880054,3851.423482215015,1994.933761091463,SL,10.082669761478462,0.1624450216480613,0.0,10.003967918094801,7.524669773549819,1.3294892957641853,42,1223.2423250073869,,10
ETH,1,SQUEEZE_V2,2025-10-13 18:00:00+00:00,2025-10-14 06:00:00+00:00,4233.996532324219,4010.8626888414415,0.041484648044334056,175.64585596440108,4012.869123403143,6761.166919993655,SL,-9.256628963662532,0.1710175414825698,0.0,-9.339823577162901,9.173392732046356,-1.0181427798828602,12,1213.6304210900637,,10
DOGE,1,SQUEEZE_V2,2025-10-13 18:00:00+00:00,2025-10-14 06:00:00+00:00,0.21408280426561832,0.19787803405276966,569.5305096053944,121.9266886111495,0.19797702256405167,0.3981488808549516,SL,-9.229111037362014,0.11731213309246849,0.0,-9.285459826148907,9.17273406008649,-1.0122892220927806,12,1204.3449612639147,,10
NEAR,1,SQUEEZE_V2,2025-10-13 14:00:00+00:00,2025-10-15 13:00:00+00:00,2.5585116877555847,2.3350466983145144,41.27056283217853,105.59121736637998,2.336214805717373,5.099047482478005,SL,-9.222525887519803,0.10097995442262009,0.0,-9.270710233259233,9.1743174375554,-1.010506808420346,47,1195.0742510306554,,10
SOL,1,SQUEEZE_V2,2025-10-13 17:00:00+00:00,2025-10-16 09:00:00+00:00,200.01999172668457,186.9122491231336,0.7049141296413102,140.99691837887792,187.00575199913314,348.7541600415581,SL,-9.239832968944457,0.1363770018944057,0.0,-9.305711511649424,9.173921470490276,-1.0143657258875691,64,1185.7036963160838,,10
APT,-1,SQUEEZE_V2,2025-10-15 16:00:00+00:00,2025-10-17 16:00:00+00:00,3.486302588558197,3.1951252510186836,37.19883818181879,129.68640584463236,3.193528486775296,0.7325892789663544,SL,10.831458661345192,0.12427067651395976,0.0,10.772031187753548,8.963056882729916,1.201825596857382,48,1196.128471782636,,10
BTC,-1,SQUEEZE_V2,2025-10-16 16:00:00+00:00,2025-10-17 16:00:00+00:00,108468.10204000001,107562.64984760329,0.0025072834573321256,271.960277893105,107508.89539990334,67933.49670795555,SL,2.270225303401416,0.2708251652414043,0.0,2.135380277106564,8.892777722370628,0.2401252278840628,24,1198.2638520597427,,10
DOGE,-1,SQUEEZE_V2,2025-10-16 16:00:00+00:00,2025-10-20 06:00:00+00:00,0.1892321506291628,0.20198742946390452,702.6152038897598,132.95738609680694,0.20188648622079414,0.044611172439090435,SL,-8.962052839142798,0.13743841251637834,0.0,-9.033012558610773,8.8911285818035,-1.0159579265446292,86,1189.0218293949706,,10
LINK,1,SQUEEZE_V2,2025-10-19 11:00:00+00:00,2025-10-21 02:00:00+00:00,17.108420542144774,18.330632849495863,11.459634415722705,196.05624484341956,18.339802750871296,26.071038933847813,SL,14.006106220640401,0.20305929795373978,0.0,13.90107504510837,8.98697889044807,1.5468017911873937,39,1202.7970022941563,,10
AVAX,1,SQUEEZE_V2,2025-10-19 11:00:00+00:00,2025-10-21 04:00:00+00:00,20.434086305236814,19.597005928578596,10.862436624938685,221.96396747916236,19.606809333245216,29.88868027085506,SL,-9.092732541429694,0.21741760120844753,0.0,-9.19916815889856,8.986243679529906,-1.0236944920438429,41,1193.5978341352577,,10
XRP,1,SQUEEZE_V2,2025-10-20 06:00:00+00:00,2025-10-22 11:00:00+00:00,2.455490923690796,2.367345304253997,102.54743335266645,251.80429184525929,2.368529569038516,3.449334976859713,SL,-9.039107034524656,0.24728473832799694,0.0,-9.160489626930024,8.91766372046228,-1.0272297671317838,53,1184.4373445083277,,10
XRP,-1,SQUEEZE_V2,2025-10-22 22:00:00+00:00,2025-10-24 05:00:00+00:00,2.339032050418854,2.439922420957684,89.1138615000878,208.44017818529213,2.4387030694229725,1.1999346903717836,SL,-8.990730506889834,0.21293554343873705,0.0,-9.099445961235926,8.882069383105641,-1.0244736410800563,31,1175.0722516970902,,10
LINK,-1,SQUEEZE_V2,2025-10-22 22:00:00+00:00,2025-10-24 12:00:00+00:00,16.971605381393434,17.94550531066557,9.20547600758563,156.23170614862843,17.9365370421445,5.943814972809834,SL,-8.965212432703991,0.16071431236498043,0.0,-9.047810891994658,8.882655252003698,-1.018593048509195,38,1165.8867267097164,,10
AVAX,-1,SQUEEZE_V2,2025-10-22 20:00:00+00:00,2025-10-26 08:00:00+00:00,19.05019005432129,20.075865329377937,8.746464743623283,166.6218156694441,20.065832413171353,7.442848810320569,SL,-8.971032631689065,0.17110733198528863,0.0,-9.058829055839631,8.883280083812457,-1.0197617288176097,84,1156.7143074016046,,10
SOL,-1,SQUEEZE_V2,2025-10-16 20:00:00+00:00,2025-10-26 13:00:00+00:00,184.8930066772461,198.4900802507836,0.6586687111286843,121.7832384048089,198.3908848083794,30.631542321436797,SL,-8.955966925803839,0.12626122186771083,0.0,-9.021336528469146,8.890629991605637,-1.0147016057340053,233,1147.5320578064031,,10
AVAX,1,SQUEEZE_V2,2025-10-26 09:00:00+00:00,2025-10-26 21:00:00+00:00,20.00499965057373,20.102714704326907,16.08728513302094,321.82613346476387,20.112771089871842,26.16806195814189,SL,1.5719699315158269,0.3226121184305218,0.0,1.410270879817687,8.675357305512035,0.16256055285718868,12,1148.7687891242977,,10
ETH,-1,SQUEEZE_V2,2025-10-16 16:00:00+00:00,2025-10-26 22:00:00+00:00,3904.4089034179688,4113.347016665982,0.04297975549156341,167.8105400079875,4111.291370980492,1540.0378455605605,SL,-8.980109020268184,0.1723005945181216,0.0,-9.068504344782312,8.89175787132853,-1.0198775625710301,246,1139.7002847795154,,10
DOGE,1,SQUEEZE_V2,2025-10-24 05:00:00+00:00,2025-10-27 08:00:00+00:00,0.19756950740218163,0.20342958892792518,1394.0824896511626,275.4281907583872,0.20353135460522778,0.26981808628082193,SL,8.16943704296735,0.2795129092798708,0.0,8.027638229066673,8.813041887728176,0.9108816605359442,75,1147.5882518462172,,10
SOL,1,SQUEEZE_V2,2025-10-26 13:00:00+00:00,2025-10-27 08:00:00+00:00,197.9595821685791,200.34224154584905,1.753282766332754,347.07912384660244,200.44246277723767,254.05999709186844,SL,4.177475624208552,0.3491678616587067,0.0,4.001847324473147,8.606490433548023,0.4649801629795557,19,1151.5900991706903,,10
LINK,1,SQUEEZE_V2,2025-10-24 13:00:00+00:00,2025-10-27 11:00:00+00:00,17.893577389526367,18.395465659168796,12.696203760637655,227.1805045441656,18.40466799316538,25.764682003766644,SL,6.372075736454126,0.23036654241239263,0.0,6.255299446313816,8.744150450322874,0.7153696041543798,70,1157.845398617004,,10
NEAR,1,SQUEEZE_V2,2025-10-27 06:00:00+00:00,2025-10-27 13:00:00+00:00,2.4044808438777925,2.329739336409308,116.17573308652867,279.34232473001765,2.3309047888037098,3.2453500447244497,SL,-8.683149422143446,0.2750007500189459,0.0,-8.818479009797382,8.547752135846366,-1.0316722887665026,7,1149.0269196072068,,10
XRP,1,SQUEEZE_V2,2025-10-27 17:00:00+00:00,2025-10-28 20:00:00+00:00,2.6848368058204652,2.5938647442547573,96.09982526049662,258.0123478922966,2.595162325417466,3.709688010426171,SL,-8.742399220051672,0.25364114828227075,0.0,-8.867034194387795,8.61770189705405,-1.0289325739405046,27,1140.0308792388728,,10
ETH,-1,SQUEEZE_V2,2025-10-28 20:00:00+00:00,2025-10-31 00:00:00+00:00,4036.522612109375,3817.9401359558133,0.05565928400624912,224.66995846504227,3816.0321198958654,2280.895779122835,SL,12.166144119020275,0.21858688640553214,0.0,12.059892211847265,8.550231594291546,1.4104755033651837,52,1151.6363436736176,,10
SOL,-1,SQUEEZE_V2,2025-10-28 20:00:00+00:00,2025-10-31 01:00:00+00:00,195.21095,186.78947555631808,0.9387557682767129,183.25540534327698,186.6961274925718,91.12924196102193,SL,7.905707711401321,0.17930255148757632,0.0,7.818032862585382,8.5493890819473,0.9144551485080691,53,1159.454376536203,,10
AVAX,-1,SQUEEZE_V2,2025-10-28 20:00:00+00:00,2025-10-31 01:00:00+00:00,19.622074250793457,18.381896627113942,9.196514834211653,180.45469692542454,18.372710271977954,8.99927347272802,SL,11.405311913226011,0.17475204096881153,0.0,11.320787220719913,8.548115181930969,1.3243606315284364,53,1170.775163756923,,10
NEAR,-1,SQUEEZE_V2,2025-10-28 20:00:00+00:00,2025-10-31 04:00:00+00:00,2.2665465599536896,2.1363060706097223,72.36746453401864,164.02422779215058,2.1352384513840303,0.9166994733847156,SL,9.425173993492782,0.1593116407954042,0.0,9.347874466593453,8.547438476817499,1.0936463002274786,56,1180.1230382235162,,10
LINK,-1,SQUEEZE_V2,2025-10-28 20:00:00+00:00,2025-10-31 05:00:00+00:00,17.977404700088503,17.234592839291867,8.702661384589861,156.4512656786045,17.225979849367185,6.751017084502578,SL,6.464440096970218,0.1532190456301194,0.0,6.3894466841794015,8.548701874177265,0.7474171842955195,57,1186.5124849076956,,10
AVAX,1,SQUEEZE_V2,2025-11-02 05:00:00+00:00,2025-11-02 14:00:00+00:00,18.892777738952635,18.348706136090712,16.63505866361905,314.28246600619315,18.357885078630026,25.00583671406815,SL,-9.050663030817331,0.30975713449078446,0.0,-9.203278932305018,8.897970783205846,-1.0343121096413819,9,1176.4346340839566,,10
NEAR,1,SQUEEZE_V2,2025-11-02 08:00:00+00:00,2025-11-02 14:00:00+00:00,2.190438057231903,2.1187107223656123,125.88177495923765,275.73623058261614,2.119770607669447,2.9980660522314,SL,-9.029164226064298,0.27122164846958396,0.0,-9.162517759242574,8.895743982764358,-1.0299889224549508,6,1167.272116324714,,10
BTC,1,SQUEEZE_V2,2025-11-02 12:00:00+00:00,2025-11-02 22:00:00+00:00,111173.33022,109589.74500406302,0.005818240215019921,646.8331407236935,109644.56728770687,128644.90658906431,SL,-9.213679187275556,0.6422263011300557,0.0,-9.532488918043764,8.894709971899674,-1.0717031750511228,10,1157.7396274066703,,10
LINK,1,SQUEEZE_V2,2025-11-02 06:00:00+00:00,2025-11-03 02:00:00+00:00,17.535505987930296,16.968904732477643,15.940856525563207,279.5309850567514,16.97739342919224,23.91393523065094,SL,-9.032109320374731,0.275014930396564,0.0,-9.16735875824292,8.896792223958322,-1.0304116953024915,20,1148.5722686484273,,10
APT,1,SQUEEZE_V2,2025-11-01 14:00:00+00:00,2025-11-03 03:00:00+00:00,3.318663678216934,3.190189682278947,70.13695362591709,232.76096049911652,3.19178557506648,4.768699142793553,SL,-9.010774695238872,0.22825557315149708,0.0,-9.12264978814081,8.898843636807717,-1.0251500262806483,37,1139.4496188602866,,10
BTC,-1,SQUEEZE_V2,2025-11-03 03:00:00+00:00,2025-11-03 17:00:00+00:00,108969.40176,107348.73870315883,0.0045965574226863115,500.8841125056148,107295.09115758004,87721.51965893274,SL,7.449470803596739,0.4971593771038164,0.0,7.20275348274573,8.545872141452149,0.8428342202556999,14,1146.298632317148,,10
SOL,-1,SQUEEZE_V2,2025-11-03 04:00:00+00:00,2025-11-04 14:00:00+00:00,177.37452166137695,163.3892390589515,1.164744165778391,206.59593926282164,163.30758526631834,93.54010840994488,SL,16.289276317937084,0.19845130110385312,0.0,16.19412298646464,8.543993826030254,1.8953809326415234,34,1162.4927553036127,,10
BTC,-1,SQUEEZE_V2,2025-11-07 13:00:00+00:00,2025-11-07 17:00:00+00:00,99574.88104000001,102510.65416659595,0.003022367846291933,300.95191875364026,102459.42445436877,66608.67059007131,SL,-8.872986301831519,0.305388411904556,0.0,-9.027898754359255,8.718151266821287,-1.0355290333991767,4,1153.15264672779,,10
ETH,-1,SQUEEZE_V2,2025-11-07 13:00:00+00:00,2025-11-07 17:00:00+00:00,3220.455877636719,3379.5962295975346,0.055363259964530113,178.29493595790066,3377.907275959555,1421.0113253757354,SL,-8.810528676453458,0.18270020029612738,0.0,-8.904081408770635,8.717022697125962,-1.0214590139482311,4,1144.2485653190192,,10
NEAR,1,SQUEEZE_V2,2025-11-06 14:00:00+00:00,2025-11-07 23:00:00+00:00,1.9863971418142319,2.8153362933082304,73.08346612048933,145.17278821561726,2.8167446656410506,3.3498004046617478,SL,60.58174639415882,0.17546366141269668,0.0,60.47886912685393,8.718695664777096,6.936687717084129,33,1204.727434445873,,10
ETH,1,SQUEEZE_V2,2025-11-09 15:00:00+00:00,2025-11-10 14:00:00+00:00,3505.370855859375,3527.440848470209,0.07434335128211879,260.6010169112549,3529.2054511958067,4894.363277415287,SL,1.640757213461006,0.2614213955179854,0.0,1.509636326398648,9.035455758344048,0.1670791564669587,23,1205.8103028467824,,10
SUI,1,SQUEEZE_V2,2025-11-10 10:00:00+00:00,2025-11-11 06:00:00+00:00,2.21764344,2.1043163785636487,80.45401200695703,178.41831194890946,2.1053690630951962,3.5007791760548956,SL,-9.117616761513347,0.1738595035681528,0.0,-9.202267109107044,9.032924067572687,-1.01874731153141,20,1196.5347301124798,,10
DOGE,1,SQUEEZE_V2,2025-11-10 10:00:00+00:00,2025-11-11 07:00:00+00:00,0.18425684510171414,0.17630473231393556,1148.8523189978046,211.68390378632355,0.17639292877832471,0.2741301745118789,SL,-9.135803217171514,0.2071160021777378,0.0,-9.23707726745609,9.03447850453063,-1.0224250644709443,21,1187.2976528450238,,10
AVAX,1,SQUEEZE_V2,2025-11-10 10:00:00+00:00,2025-11-11 17:00:00+00:00,18.25265034942627,17.431000648955006,11.11250226401312,202.83261833223926,17.43972050920961,27.543277094759517,SL,-9.130584156712603,0.19826732625388296,0.0,-9.227435173800366,9.033684689891432,-1.0214475588378393,31,1177.9166184804171,,10
APT,1,SQUEEZE_V2,2025-11-10 23:00:00+00:00,2025-11-11 19:00:00+00:00,3.336667165660858,3.129282561619207,43.93942911056511,146.61125039110547,3.130847985612013,5.688886366219091,SL,-9.112361107910745,0.1420550698371501,0.0,-9.181110552552342,9.043577271350868,-1.0152078405563212,20,1168.7355079278648,,10
XRP,-1,SQUEEZE_V2,2025-11-12 08:00:00+00:00,2025-11-13 03:00:00+00:00,2.371625694799423,2.4575455052832256,103.49917757032708,245.46130891639584,2.4563173466099206,1.4037211026794538,SL,-8.892629722071911,0.2499076237774318,0.0,-9.019806691391144,8.765516309458986,-1.0290103141622986,19,1159.5221638329558,,10
ETH,-1,SQUEEZE_V2,2025-11-11 16:00:00+00:00,2025-11-14 16:00:00+00:00,3478.814107763672,3245.0279866540795,0.062053328339112535,215.87199405979595,3243.4062835123236,1838.862489057692,SL,14.507206934341065,0.20861839059262544,0.0,14.406524540778337,8.904389922384356,1.6179125876509974,72,1173.8551759139714,,10
NEAR,-1,SQUEEZE_V2,2025-11-11 08:00:00+00:00,2025-11-15 04:00:00+00:00,2.6594680858135225,2.575552902181055,34.34009531450733,91.32638755272671,2.5742657692964066,-0.30407553023654943,SL,2.881655404273324,0.08988555985059006,0.0,2.837433038199097,8.904732396337678,0.31864326875966215,92,1176.6362068441044,,10
AVAX,1,SQUEEZE_V2,2025-11-16 10:00:00+00:00,2025-11-16 14:00:00+00:00,15.829165413665772,15.232955802808206,14.991431995611128,237.3018568462501,15.240576090853633,22.55590053151878,SL,-8.938035836300966,0.23283283892809964,0.0,-9.05221774680594,8.823796806280981,-1.025886922097114,4,1167.335372162235,,10
DOGE,1,SQUEEZE_V2,2025-11-16 10:00:00+00:00,2025-11-16 15:00:00+00:00,0.16539307571053505,0.15969804111222782,1571.601544765965,259.93201328027106,0.15977793007726646,0.2295661686621762,SL,-8.950325172195251,0.25545685069417345,0.0,-9.07581601624929,8.824771551330782,-1.0284477012756947,5,1158.2595561459857,,10
XRP,-1,SQUEEZE_V2,2025-11-16 16:00:00+00:00,2025-11-17 09:00:00+00:00,2.1854627929210664,2.2770957018649085,95.99373869000965,209.79074426040353,2.275957723003407,1.1512350205514585,SL,-8.79618551656063,0.21418883701868385,0.0,-8.905478981449113,8.686946671094892,-1.025156400589101,17,1149.2491817924065,,10
APT,-1,SQUEEZE_V2,2025-11-12 17:00:00+00:00,2025-11-17 14:00:00+00:00,3.0103977180004122,2.933165708597222,47.04145810122669,141.61349811934483,2.9316998586678884,0.8810672609165229,SL,3.633106334413717,0.13979694495213796,0.0,3.564116138521251,8.764595829550549,0.406649229221106,117,1152.8132979309278,,10
SOL,-1,SQUEEZE_V2,2025-11-13 18:00:00+00:00,2025-11-17 14:00:00+00:00,147.01058528747558,143.1548908737605,1.0000975048022225,147.02491952551864,143.08334919916092,47.632661069496805,SL,3.8560703624363106,0.1450968843443005,0.0,3.7844859378547695,8.696416228747168,0.43517764540117626,92,1156.5977838687825,,10
NEAR,-1,SQUEEZE_V2,2025-11-17 20:00:00+00:00,2025-11-19 23:00:00+00:00,2.1965606266975404,2.3911284751340656,44.85884113402179,98.5351641942723,2.3899335083798756,-0.013415163957720466,SL,-8.728088202802512,0.10289920829567356,0.0,-8.78171982900105,8.674483379015868,-1.0123622866399853,51,1147.6897643571426,,10
XRP,-1,SQUEEZE_V2,2025-11-20 17:00:00+00:00,2025-11-21 17:00:00+00:00,2.0080983991622925,1.969583943668309,78.81992725092252,158.27816973466585,1.9685996438463857,0.7601031478771503,SL,3.0357065801446788,0.1567603164445935,0.0,2.958085348567418,8.607103305131762,0.3436795451036049,24,1150.4927202812685,,10
ETH,-1,SQUEEZE_V2,2025-11-20 17:00:00+00:00,2025-11-23 02:00:00+00:00,2860.4177922363283,2820.810670343393,0.05313233596893508,151.98067914862014,2819.400969858464,1008.938714956807,SL,2.104418907177991,0.15092846969503115,0.0,2.0294807770572696,8.60767323267857,0.23577576915355647,57,1152.4703543807552,,10
LINK,-1,SQUEEZE_V2,2025-11-15 00:00:00+00:00,2025-11-23 14:00:00+00:00,13.796239986419678,12.708271973718889,8.176446353741131,112.80421613229876,12.701921013212283,1.490630240757195,SL,8.895712090434357,0.10835636008708158,0.0,8.843757838413424,8.803913819354785,1.0045257166160628,206,1161.2088192747574,,10
BTC,1,SQUEEZE_V2,2025-11-23 22:00:00+00:00,2025-11-24 10:00:00+00:00,87971.69082,85635.75036069467,0.0037976216891567735,334.0832010898258,85678.58965552243,114178.56127117232,SL,-8.871018152836768,0.32964769201340743,0.0,-9.033624244305264,8.70833071765068,-1.0373542917927145,12,1151.910096508574,,10
AVAX,-1,SQUEEZE_V2,2025-11-19 06:00:00+00:00,2025-11-24 16:00:00+00:00,14.022194618606568,13.595488451695461,10.987167506485292,154.064201083167,13.58869410464314,4.999602589412868,SL,4.688292131902599,0.1517200550172157,0.0,4.613604177426967,8.674113872150139,0.5318819011864491,130,1156.4497247256004,,10
NEAR,-1,SQUEEZE_V2,2025-11-22 09:00:00+00:00,2025-11-24 17:00:00+00:00,1.811637636232376,1.9633716865749617,57.23735976052997,103.69335514074864,1.962390491329297,0.08874786369613541,SL,-8.684856427380943,0.10803578335443911,0.0,-8.741045533165007,8.628695402109514,-1.0130205234765879,56,1147.7086791924353,,10
APT,-1,SQUEEZE_V2,2025-11-24 10:00:00+00:00,2025-11-24 18:00:00+00:00,2.2375523160934447,2.3693933474929176,66.12221745036898,147.9519208013075,2.368209242871482,0.7443302957730227,SL,-8.717621347076872,0.15231073147484595,0.0,-8.795956118151064,8.639325723814306,-1.018129932745215,8,1138.7620626695884,,10
DOGE,1,SQUEEZE_V2,2025-11-23 13:00:00+00:00,2025-11-25 09:00:00+00:00,0.14510901616215705,0.14795082233358753,1451.2253917237592,210.58588882257567,0.148024834750963,0.21317781773907946,SL,4.1241012743372,0.21264793945974425,0.0,4.016746279288744,8.643527657855664,0.46471145095927663,44,1142.652524810783,,10
SOL,1,SQUEEZE_V2,2025-11-23 16:00:00+00:00,2025-11-25 14:00:00+00:00,132.82656305236816,133.81712536951645,1.476465536406478,196.11384266614363,133.88406740321804,200.23903022821105,SL,1.4625311229323918,0.1968451082276098,0.0,1.363742936037854,8.70906614456068,0.15658888259673984,46,1144.0162677468209,,10
XRP,1,SQUEEZE_V2,2025-11-24 17:00:00+00:00,2025-11-25 14:00:00+00:00,2.117523420381546,2.165129584671653,80.03412005106334,169.4741236377549,2.1662126910171615,3.3466870518714735,SL,3.810117467965095,0.17137918237173744,0.0,3.723475347412235,8.607815093943264,0.4325691603241097,21,1147.739743094233,,10
SUI,1,SQUEEZE_V2,2025-11-24 17:00:00+00:00,2025-11-25 14:00:00+00:00,1.4242848,1.480162599444269,92.57045062447094,131.84668575358447,1.4809030509697538,2.4869107870699505,SL,5.17263307445981,0.13443300229081437,0.0,5.104123415045788,8.607179565979623,0.5930076601654893,21,1152.8438665092788,,10
APT,-1,SQUEEZE_V2,2025-11-26 15:00:00+00:00,2025-11-26 18:00:00+00:00,2.1805637942790987,2.2901650297752036,79.71085192625908,173.81459772154292,2.289020519515446,0.9410583630065579,SL,-8.736407853565069,0.17818280164832545,0.0,-8.827683356352622,8.645177965721446,-1.0211106574502942,3,1143.7758047743127,,10
AVAX,1,SQUEEZE_V2,2025-11-25 21:00:00+00:00,2025-11-28 11:00:00+00:00,14.080815668678284,14.797615704707397,21.798606467663284,306.94215950522494,14.805018213814304,18.61391225466985,SL,15.6252419014055,0.3147547804559277,0.0,15.463958200702185,8.646328998819591,1.788499859629832,62,1158.9421391694846,,10
SOL,1,SQUEEZE_V2,2025-11-26 18:00:00+00:00,2025-11-30 23:00:00+00:00,140.72813694763184,134.2682845512408,1.3417733448496056,188.82526302667733,134.3354522773795,213.78739032194432,SL,-8.667657757140331,0.1844914341481072,0.0,-8.757736559775099,8.577533892573294,-1.021008680287213,101,1150.0806936354516,,10
BTC,1,SQUEEZE_V2,2025-11-24 18:00:00+00:00,2025-12-01 00:00:00+00:00,88348.86623999999,89717.45430765708,0.002858760807437908,252.5682761884861,89762.33547539478,122492.39323473634,SL,3.9124659293452857,0.2545245091531587,0.0,3.78422555828637,8.540715470021913,0.44308062615703325,150,1153.864919193738,,10
ETH,1,SQUEEZE_V2,2025-11-26 18:00:00+00:00,2025-12-01 00:00:00+00:00,3025.5649529296875,2900.072498890689,0.06915673568480793,209.23819574697674,2901.5232605209494,4443.184294743836,SL,-8.67864847441292,0.2048988715097703,0.0,-8.778928248049203,8.578318535807345,-1.0233856683456646,102,1145.0859909456888,,10
LINK,1,SQUEEZE_V2,2025-11-26 18:00:00+00:00,2025-12-01 00:00:00+00:00,13.363672261047363,12.77600773067409,14.755237066245908,197.1841522873683,12.78239893013916,20.006796042855395,SL,-8.671129461081707,0.19284858755682743,0.0,-8.76538597249485,8.576825797836946,-1.021984843705868,102,1136.320604973194,,10
XRP,-1,SQUEEZE_V2,2025-12-01 00:00:00+00:00,2025-12-01 21:00:00+00:00,2.152869386911392,2.040871204640587,147.70331743281108,317.9859504463547,2.0398512790010863,1.493518422939387,SL,16.5425030678426,0.3097146989124334,0.0,16.391781344153344,8.52147841397886,1.9235842124840485,21,1152.1591051930404,,10
BTC,-1,SQUEEZE_V2,2025-12-01 01:00:00+00:00,2025-12-01 22:00:00+00:00,86959.6046,86497.60097697715,0.003813330125362482,331.6056799107899,86454.37379008211,61426.6207322385,SL,1.7617723336996756,0.33072479374394004,0.0,1.5968503799111304,8.519498450166319,0.1874347873001792,21,1153.7559555729515,,10
SOL,-1,SQUEEZE_V2,2025-12-01 00:00:00+00:00,2025-12-02 00:00:00+00:00,133.3333286102295,127.4975296798848,1.8522467057995131,246.96621869158156,127.43381277349806,80.7491298138491,SL,10.809339344439282,0.24156154901936192,0.0,10.691260904765711,8.522404537298954,1.25448878400158,24,1164.4472164777171,,10
NEAR,-1,SQUEEZE_V2,2025-12-01 00:00:00+00:00,2025-12-02 04:00:00+00:00,1.801639645767212,1.6634850788818272,116.56293202582827,210.00439956460085,1.6626537520058244,0.9662566035809916,SL,16.103701388918847,0.2019525488701414,0.0,16.006751039831006,8.520285966664687,1.8786635920973596,28,1180.453967517548,,10
DOGE,-1,SQUEEZE_V2,2025-11-28 18:00:00+00:00,2025-12-02 13:00:00+00:00,0.149360119125247,0.13772376914453527,1388.7103848765248,207.41794851562534,0.13765494167369843,0.0778276392612536,SL,16.159520060272122,0.1993381884854893,0.0,16.063890846044444,8.692066043771133,1.8481096168794153,91,1196.5178583635925,,10
SOL,1,SQUEEZE_V2,2025-12-03 22:00:00+00:00,2025-12-04 19:00:00+00:00,145.49909522094725,139.13535012824806,1.4257516050476837,207.4455685442513,139.20495260455033,217.43215369405485,SL,-9.073119780030192,0.20290900865423622,0.0,-9.172306004412302,8.973883937726944,-1.022111057827612,21,1187.146101382133,,10
NEAR,1,SQUEEZE_V2,2025-12-03 22:00:00+00:00,2025-12-04 19:00:00+00:00,1.8523703980922699,1.7646714204431009,103.35750654782322,191.45638554981568,1.7655541975418718,2.844555547239677,SL,-9.064347656611387,0.18692421172150997,0.0,-9.15554367555799,8.973106016844902,-1.0203316062877898,21,1177.9905577065751,,10
SUI,-1,SQUEEZE_V2,2025-12-05 14:00:00+00:00,2025-12-07 00:00:00+00:00,1.60477898,1.578249109587947,113.74942074202322,182.54267939397488,1.577460379398248,0.7173072546900262,SL,3.0177573917319838,0.1810338006981089,0.0,2.927994930730862,8.833072034406683,0.331480929774568,34,1180.579661511925,,10
DOGE,-1,SQUEEZE_V2,2025-12-05 10:00:00+00:00,2025-12-07 15:00:00+00:00,0.1442211554825306,0.1390766841923948,1923.4040147325604,277.39554946446816,0.13900718060209377,0.09172536236855408,SL,9.89489673312357,0.2724481010979064,0.0,9.761146406757899,8.834929182799312,1.104835840196867,53,1190.340807918683,,10
ETH,-1,SQUEEZE_V2,2025-12-07 15:00:00+00:00,2025-12-07 16:00:00+00:00,2940.66175,3029.624354917389,0.10208924085219608,300.20992566059044,3028.1102997675057,1941.2497526570821,SL,-9.082124800250083,0.3047509880607155,0.0,-9.236770825480503,8.927556059390122,-1.0346359926539073,1,1180.4929038989708,,10
SOL,-1,SQUEEZE_V2,2025-12-07 15:00:00+00:00,2025-12-07 16:00:00+00:00,128.03438555908204,131.99595767211915,2.3165722021922344,296.60089851093227,131.887678050342,83.99675708753963,SL_GAP,-9.177267834041714,0.30118953242795315,0.0,-9.330156917214202,8.926430272168895,-1.0452282304051663,1,1171.1627469817565,,10
XRP,-1,SQUEEZE_V2,2025-12-07 15:00:00+00:00,2025-12-07 16:00:00+00:00,1.997400432562828,2.054193492008461,160.0480909029101,319.68012600032745,2.053166908554184,1.3600692783759034,SL,-9.089620740809005,0.324224936370732,0.0,-9.254005614179574,8.925318018799478,-1.0368264295667424,1,1161.908741367577,,10
DOGE,-1,SQUEEZE_V2,2025-12-07 15:00:00+00:00,2025-12-07 16:00:00+00:00,0.13503298543989659,0.13926960195600985,2264.449958617117,305.7754382913196,0.13897395096415877,0.08999337944832873,SL_GAP,-9.59360609458927,0.3105722413386142,0.0,-9.751290616782224,8.924119218326977,-1.0926894159769325,1,1152.1574507507949,,10
LINK,-1,SQUEEZE_V2,2025-12-05 14:00:00+00:00,2025-12-07 17:00:00+00:00,13.849229836463929,13.721233752752843,15.72968493380531,217.84402190343363,13.714376564470609,7.430872998665709,SL,2.0133380695363465,0.21683735286866546,0.0,1.9054227276193978,8.833888949488822,0.2156946661333858,51,1154.0628734784143,,10
SOL,1,SQUEEZE_V2,2025-12-07 18:00:00+00:00,2025-12-09 21:00:00+00:00,134.72693694763183,138.91251947765272,1.5961670726945572,215.04670056080568,138.98201048289417,196.70019561320976,SL,6.68088901446493,0.21838714506803814,0.0,6.570025219677295,8.655471551088107,0.7590603447655438,51,1160.060297377581,,10
APT,1,SQUEEZE_V2,2025-12-08 22:00:00+00:00,2025-12-10 04:00:00+00:00,1.8033605732917786,1.8333472433723468,97.94095021679067,176.62284813169316,1.8342643755601267,2.8131684541087405,SL,2.9369229615282575,0.17809130961245728,0.0,2.8471430759816467,8.653885046066488,0.32900172128768673,30,1162.9074404535627,,10
AVAX,1,SQUEEZE_V2,2025-12-07 18:00:00+00:00,2025-12-10 12:00:00+00:00,13.656731082344056,14.13191581987049,15.232144789986721,208.0213052041767,14.138985312526753,20.15026564009281,SL,7.238082723994496,0.21164034656617398,0.0,7.13045303003041,8.654665125961003,0.8238854913798475,66,1170.037893483593,,10
ETH,1,SQUEEZE_V2,2025-12-09 16:00:00+00:00,2025-12-11 00:00:00+00:00,3245.6890470703124,3278.686399443765,0.068601102510165,222.65784703419027,3280.326562725127,4687.067299276952,SL,2.2636547527352504,0.22378967441055791,0.0,2.1511940018417874,8.652012008110656,0.24863511514144843,32,1172.1890874854348,,10
BTC,1,SQUEEZE_V2,2025-12-09 16:00:00+00:00,2025-12-11 02:00:00+00:00,92693.83506,90164.32393444145,0.0034830141603472003,322.85394009086775,90209.42864876582,121087.05118839048,SL,-8.810323069076217,0.3184487785563297,0.0,-8.967344877587113,8.653222710385995,-1.0363011767655181,34,1163.2217426078478,,10
BTC,-1,SQUEEZE_V2,2025-12-14 12:00:00+00:00,2025-12-15 01:00:00+00:00,89284.33956,89137.74146722218,0.007638984465614769,682.041682921514,89093.19486978729,76236.40796283622,SL,1.1198605534184782,0.6814817526448048,0.0,0.7793996422344305,8.721382843174608,0.0893665209118061,13,1163.2894245573882,,10
XRP,-1,SQUEEZE_V2,2025-12-15 15:00:00+00:00,2025-12-16 11:00:00+00:00,1.9392120708465577,1.9166607539239535,156.7681116747372,304.00661448347154,1.9157029024727172,1.30317377811137,SL,3.535327369735198,0.30223895079860397,0.0,3.38509172617833,8.724670684180412,0.3879907733728202,20,1166.5225129763248,,10
DOGE,-1,SQUEEZE_V2,2025-12-12 16:00:00+00:00,2025-12-16 13:00:00+00:00,0.13547289892733097,0.13235763955765661,1687.2875049747827,228.58172962279718,0.13229149381075125,0.07638624503859939,SL,5.256338209207158,0.2259535605181936,0.0,5.144675513500363,8.723415121507328,0.5897547510740735,93,1171.667188489825,,10
NEAR,-1,SQUEEZE_V2,2025-12-12 16:00:00+00:00,2025-12-16 18:00:00+00:00,1.606678593325615,1.582398061840709,95.11183063660086,152.814142255838,1.5816072582116032,0.558582096915373,SL,2.3093657983590288,0.15165945935665848,0.0,2.2341134101302895,8.722557940021241,0.2561305325218452,98,1173.8055832395949,,10
ETH,-1,SQUEEZE_V2,2025-12-12 16:00:00+00:00,2025-12-17 15:00:00+00:00,3068.9761698730467,3025.483477986975,0.06499001709412491,199.4528137415113,3023.9714922408543,1534.8217681199887,SL,2.826590789145324,0.19803951834693867,0.0,2.728277677669141,8.724163069558857,0.31272657972074086,119,1176.533860917264,,10
AVAX,-1,SQUEEZE_V2,2025-12-16 14:00:00+00:00,2025-12-17 15:00:00+00:00,11.984603065299988,12.540996946401588,15.973605440078735,191.43732072106016,12.534729581610783,5.697442878890898,SL,-8.887616325991047,0.19588112888405568,0.0,-8.987778794514572,8.787503913673687,-1.0227908724489156,25,1167.5460821227496,,10
APT,-1,SQUEEZE_V2,2025-12-12 16:00:00+00:00,2025-12-18 13:00:00+00:00,1.6216755790233612,1.539284744629395,98.99946630684651,160.54501684615906,1.538515486885952,0.6148032089147675,SL,8.15664863357844,0.15646669252936984,0.0,8.08045444947215,8.721984886987782,0.9264467382335502,141,1175.6265365722218,,10
SUI,-1,SQUEEZE_V2,2025-12-18 18:00:00+00:00,2025-12-19 15:00:00+00:00,1.3777244,1.4769427748994985,89.53264237395034,123.3513059950653,1.476204672563217,0.25223557070609015,SL,-8.883283276801338,0.127792947633466,0.0,-8.949400571437272,8.817199024291662,-1.014993599076236,21,1166.615460347787,,10
NEAR,-1,SQUEEZE_V2,2025-12-21 14:00:00+00:00,2025-12-21 23:00:00+00:00,1.4577083446979524,1.517015392145681,149.42288375485597,217.81498453828567,1.5162572635139242,0.7885778439439897,SL,-8.861830056625683,0.22224589956659851,0.0,-8.975168463923138,8.748548290211453,-1.0259037461066822,9,1157.271329349522,,10
LINK,-1,SQUEEZE_V2,2025-12-21 14:00:00+00:00,2025-12-22 00:00:00+00:00,12.238551975440979,12.620970577960652,23.26337078852402,284.70997251930663,12.614663246337484,7.940137450909494,SL,-8.896345746844334,0.28915814539272877,0.0,-9.043148905977409,8.749615952608401,-1.033548095706018,10,1148.2281804435445,,10
SUI,-1,SQUEEZE_V2,2025-12-21 14:00:00+00:00,2025-12-22 00:00:00+00:00,1.42081578,1.4743516912565067,165.679544765315,235.40011162577596,1.4736148838145995,0.8173974506902927,SL,-8.869805405574313,0.23983501432856313,0.0,-8.991940364089988,8.747731484019436,-1.027916823980786,10,1139.2362400794545,,10
ETH,1,SQUEEZE_V2,2025-12-22 01:00:00+00:00,2025-12-23 06:00:00+00:00,3021.614211767578,2945.972467408811,0.11520156065966158,348.09467290703816,2947.446190504063,3869.2487404934673,SL,-8.714047001149114,0.3437376494064636,0.0,-8.883737314102058,8.544271800595908,-1.0397301866593798,29,1130.178455428899,,10
NEAR,-1,SQUEEZE_V2,2025-12-24 03:00:00+00:00,2025-12-26 02:00:00+00:00,1.4577083446979524,1.5294505395118994,119.40500719291573,174.0576753838323,1.5286861964136926,0.6465328965180651,SL,-8.566377287794896,0.17834086402772975,0.0,-8.65768931413071,8.475110894655668,-1.0215428944522926,47,1120.929558333874,,10
DOGE,-1,SQUEEZE_V2,2025-12-24 06:00:00+00:00,2025-12-27 23:00:00+00:00,0.1272145541548729,0.12461382616821581,1880.6972081561823,239.25205683590292,0.12455155039301931,0.07572725608065138,SL,4.891181863679631,0.23680646590406312,0.0,4.77400142619352,8.47280155257317,0.563450164219138,89,1125.5946263992464,,10
SUI,-1,SQUEEZE_V2,2025-12-24 03:00:00+00:00,2025-12-28 12:00:00+00:00,1.3999199599999999,1.46074780774782,141.0110303591919,197.40415597999868,1.4600177988483958,0.7130875160183319,SL,-8.577397485452167,0.20169285472272477,0.0,-8.680388262184893,8.474458178372979,-1.0243000885103726,105,1116.9142381370616,,10
SOL,-1,SQUEEZE_V2,2025-12-24 05:00:00+00:00,2025-12-29 00:00:00+00:00,121.54568569488525,125.82338168085846,2.0104598741774105,244.36272396894609,125.76050143014339,73.37636300622084,SL,-8.600136133728913,0.24866279203581054,0.0,-8.72661756378025,8.473717912788054,-1.0298451817248406,115,1108.1876205732813,,10
SOL,1,SQUEEZE_V2,2025-12-29 00:00:00+00:00,2025-12-29 09:00:00+00:00,125.25504935760497,126.46876494356306,3.31666212651624,415.42867835929076,126.53203095904257,153.89453891412063,SL,4.025484516309644,0.4174414206174456,0.0,3.8157574348718444,8.311407154299609,0.45909884620414715,9,1111.2102164284597,,10
BTC,1,SQUEEZE_V2,2025-12-29 01:00:00+00:00,2025-12-29 09:00:00+00:00,88277.05188,89256.40799450593,0.007530699423947062,664.787943740461,89301.05852376782,98880.27156309587,SL,7.375236527348883,0.6684755620041354,0.0,7.0391549372149775,6.986845281453957,1.0074868776470367,8,1118.2493713656747,,10
ETH,1,SQUEEZE_V2,2025-12-29 01:00:00+00:00,2025-12-29 09:00:00+00:00,2965.84305,2999.142305278851,0.1706450842996571,506.10653728680217,3000.642626592147,3522.209591271376,SL,5.682354224175327,0.5089477143988899,0.0,5.426459778419838,8.307356341966736,0.6532113894051574,8,1123.6758311440947,,10
APT,1,SQUEEZE_V2,2025-12-27 12:00:00+00:00,2025-12-31 16:00:00+00:00,1.7313461465835571,1.6637052439712667,125.8366052752068,217.8667216423854,1.6645375127276305,2.4948733906512905,SL,-8.51170156248149,0.21361087086114466,0.0,-8.616379072521442,8.406971687504054,-1.0249087772388537,100,1114.9351718382807,,10
DOGE,-1,SQUEEZE_V2,2025-12-31 16:00:00+00:00,2026-01-01 08:00:00+00:00,0.1210757810369134,0.11954840283514563,3013.2268007788807,364.8287883456628,0.11948865850589269,0.08936032176675486,SL,4.602336932492083,0.36252761987941684,0.0,4.4222237067854975,8.362013788787104,0.5288467369804389,16,1118.9645497324693,,10
NEAR,-1,SQUEEZE_V2,2025-12-31 01:00:00+00:00,2026-01-01 14:00:00+00:00,1.5096979904651642,1.5616655093522251,164.64251006161405,248.5604665851593,1.560885066818816,0.9247028321377163,SL,-8.556062751240054,0.25283849796077934,0.0,-8.684621015908254,8.42756873358071,-1.0305013569694528,37,1110.279928716561,,10
APT,-1,SQUEEZE_V2,2025-12-31 17:00:00+00:00,2026-01-01 14:00:00+00:00,1.6596679666280747,1.7378005078849739,108.20870702583444,179.5905247610197,1.736932041864042,0.7766499639313065,SL,-8.454621266051724,0.1838178353940456,0.0,-8.54864383906526,8.360645680830809,-1.0224860812682794,21,1101.7312848774957,,10
SUI,-1,SQUEEZE_V2,2025-12-31 17:00:00+00:00,2026-01-01 20:00:00+00:00,1.40431908,1.453704565133227,171.80733034463864,241.27231208683904,1.4529780760951794,0.8482162674836657,SL,-8.48478835851456,0.24551470626609634,0.0,-8.609666908737237,8.359972216362955,-1.0298678854321495,27,1093.1216179687585,,10
XRP,-1,SQUEEZE_V2,2025-12-23 15:00:00+00:00,2026-01-02 14:00:00+00:00,1.8717255756139755,1.9211534131832786,174.88618731528013,327.33894961962625,1.9201933165250162,1.3178085366306513,SL,-8.644246059734389,0.3316610726494934,0.0,-8.81223765757407,8.476338415716743,-1.0396278705949853,239,1084.3093803111844,,10
DOGE,1,SQUEEZE_V2,2026-01-04 01:00:00+00:00,2026-01-04 19:00:00+00:00,0.14628924531340598,0.14778126085199153,1400.9277120850177,204.94065773955373,0.14785518844621462,0.21262012859157972,SL,2.0902059148659506,0.2059857606969867,0.0,1.9866904830387409,8.130917598253635,0.24433779570776165,18,1086.0065665879872,,10
NEAR,1,SQUEEZE_V2,2026-01-02 19:00:00+00:00,2026-01-04 23:00:00+00:00,1.6693338295698166,1.7259999513626099,115.14250923086519,192.21128588063814,1.5987055237715795,2.4765144672639536,EOD,6.524679451604032,0.19547362560644016,0.0,6.425311468937911,8.132320352333883,0.7900957156826612,52,1092.4318780569251,,10
APT,1,SQUEEZE_V2,2026-01-02 23:00:00+00:00,2026-01-04 23:00:00+00:00,1.8983796019077301,1.9390000104904175,95.79562942488121,181.85646885210645,1.8134947318063412,2.8684924030664596,EOD,3.8912576076743806,0.18380209765594363,0.0,3.7983837444444903,8.13159956001183,0.46711396895679946,48,1096.2302618013696,,10
BTC,-1,SQUEEZE_V2,2026-01-10 23:00:00+00:00,2026-01-11 14:00:00+00:00,90351.12616,91156.79798915792,0.006640225911066682,599.9518890216867,91111.24236797393,81664.08378315515,SL,-5.349842955790885,0.6026268104995822,0.0,-5.652493821779624,5.047343339610238,-1.1198948518957135,15,993.3785362540552,,11
BTC,1,SQUEEZE_V2,2026-01-11 15:00:00+00:00,2026-01-11 20:00:00+00:00,91092.11477999999,90393.77359963213,0.006543125309934024,596.0271217524331,90438.99309618022,98556.36259508312,SL,-4.569333852234152,0.593742454826316,0.0,-4.865062746184251,4.27345701986788,-1.1384372707075128,5,988.2154599469948,,11
SOL,-1,SQUEEZE_V2,2026-01-09 20:00:00+00:00,2026-01-12 02:00:00+00:00,135.66286444091799,142.0783960534586,1.1821210496462875,160.36992771092,142.00739235727997,63.153973968209456,SL,-7.583934963855439,0.1641618951928477,0.0,-7.667911895192827,7.500000000000001,-1.0223882526923769,54,980.385213045265,,11
DOGE,-1,SQUEEZE_V2,2026-01-10 23:00:00+00:00,2026-01-12 02:00:00+00:00,0.139072180262208,0.1420245655868138,2601.9041432635104,361.8524820369288,0.14195358879241762,0.1061417970598123,SL,-7.681823608602257,0.36569339384122995,0.0,-7.866590761425023,7.497148793187253,-1.0492776625393225,27,972.5186222838399,,11
SUI,-1,SQUEEZE_V2,2026-01-10 23:00:00+00:00,2026-01-12 02:00:00+00:00,1.7799439400000001,1.8425859699071367,121.4459888921807,216.16705196594435,1.8416651373384676,1.0745588275603721,SL,-7.607623268285766,0.21997086360008725,0.0,-7.719510605902881,7.495791846379614,-1.0298459140952962,27,964.799111677937,,11
ETH,1,SQUEEZE_V2,2026-01-11 09:00:00+00:00,2026-01-12 07:00:00+00:00,3102.530294091797,3137.441873761397,0.19326112584189922,599.5984975947794,3139.011379451122,3483.1034863193563,SL,6.747051191866073,0.6029720231907123,0.0,6.44387841747275,6.435625314575099,1.0012824088560532,22,971.1539249928117,,11
SUI,1,SQUEEZE_V2,2026-01-12 03:00:00+00:00,2026-01-12 14:00:00+00:00,1.8379675199999999,1.7624240728908227,96.91694943351946,178.13020519629117,1.7633057257536995,2.6912451685291465,SL,-7.3214404435138745,0.17446948497453424,0.0,-7.406844825890263,7.235993337584528,-1.0236113385315482,11,963.7470801669214,,11
XRP,-1,SQUEEZE_V2,2026-01-11 21:00:00+00:00,2026-01-13 16:00:00+00:00,2.063687207078934,2.1118527680917145,157.32520507969488,324.67001307403604,2.110797369407011,1.5252853519009075,SL,-7.577656764114278,0.32845884145609316,0.0,-7.743780599033353,7.41161594960246,-1.0448167648849518,43,956.003299567888,,11
AVAX,-1,SQUEEZE_V2,2026-01-15 03:00:00+00:00,2026-01-16 21:00:00+00:00,14.324134264373779,13.664860439368898,13.744880495348342,196.88351366314203,13.65803142365707,8.3634989247773,SL,9.061639938403285,0.19235269369394037,0.0,8.967729001540915,7.168719286671582,1.2509527354787258,42,964.5222957697578,,11
APT,-1,SQUEEZE_V2,2026-01-15 04:00:00+00:00,2026-01-17 03:00:00+00:00,1.8836231437444688,1.8095863546743112,77.74935134517935,146.45047760489996,1.8086820136674775,0.8299837096283194,SL,5.756312325884621,0.14357232144195764,0.0,5.685965243245113,7.167980973495345,0.7932450245431453,47,970.2082610130029,,11
DOGE,-1,SQUEEZE_V2,2026-01-15 02:00:00+00:00,2026-01-17 15:00:00+00:00,0.14459107731580734,0.13977264301532574,1091.7621931670808,157.85907168269677,0.139702791619516,0.06953522680567567,SL,5.260584399525274,0.15522877948293412,0.0,5.184285155883688,7.17002474675916,0.7230498274398532,61,975.1755688605076,,11
APT,1,SQUEEZE_V2,2026-01-17 05:00:00+00:00,2026-01-17 22:00:00+00:00,1.8193638057231902,1.8635964906876257,124.22708433736155,226.01426093391783,1.8645287550651581,2.4887887425670003,SL,5.494897485544866,0.22876170967669027,0.0,5.379142906335134,7.276561957597521,0.7392423699105213,17,980.2702572024906,,11
ETH,1,SQUEEZE_V2,2026-01-17 15:00:00+00:00,2026-01-18 20:00:00+00:00,3309.371702929687,3335.050342453612,0.17190850100054042,568.9091287042482,3336.718701804514,3795.598252776909,SL,4.414376428291114,0.5711163169183938,0.0,4.127714675724845,7.313816766453807,0.564372174957593,29,984.1038908010547,,11
NEAR,1,SQUEEZE_V2,2026-01-17 07:00:00+00:00,2026-01-18 23:00:00+00:00,1.7463492515087127,1.6844028648828926,119.07146044503301,207.94035582423268,1.6852454876267058,2.444677981588792,SL,-7.376046724829058,0.20425233246181815,0.0,-7.47632887937876,7.27571440411902,-1.0275731652064526,40,976.6275619216759,,11
AVAX,1,SQUEEZE_V2,2026-01-18 23:00:00+00:00,2026-01-19 00:00:00+00:00,13.735746401596069,12.965514122009278,25.190892046839153,346.0157047853659,13.444978345395707,17.05880990102878,SL_GAP,-19.402838206061688,0.3363142856823351,0.0,-19.56614463935134,7.324706714412569,-2.6712529801161486,1,956.8884094299319,,11
BTC,-1,SQUEEZE_V2,2026-01-18 02:00:00+00:00,2026-01-19 08:00:00+00:00,94917.21276,92965.44154742121,0.006196580548658478,588.1621543214943,92918.98205639303,85933.57163213954,SL,12.094307531297241,0.5821150005558456,0.0,11.806273607902144,4.870937388540013,2.4238196195416277,30,968.4518492732841,,11
DOGE,-1,SQUEEZE_V2,2026-01-19 00:00:00+00:00,2026-01-19 14:00:00+00:00,0.13153368579745292,0.12896837343693754,1764.434313775416,232.08254863838005,0.12890392147619945,0.08505525474758516,SL,4.52632515444555,0.22981938606115726,0.0,4.412547042703582,7.175712127047758,0.6149281025462484,14,972.8643963159877,,11
XRP,-1,SQUEEZE_V2,2026-01-15 03:00:00+00:00,2026-01-19 16:00:00+00:00,2.103879162120819,1.9898959265039806,90.43467028134573,190.26361833819018,1.9889014757660977,1.1978508179109253,SL,10.308036330609726,0.18510960017288533,0.0,10.218058539605936,7.169432775240351,1.425225517825346,109,983.0824548555937,,11
LINK,-1,SQUEEZE_V2,2026-01-19 00:00:00+00:00,2026-01-19 19:00:00+00:00,13.296339986419678,12.968507802143973,19.0717882305036,253.5849804617732,12.962026788749599,8.995799023439421,SL,6.252345993649675,0.25045880746494836,0.0,6.128679676415612,7.176663070724488,0.8539734436490578,19,989.2111345320093,,11
AVAX,-1,SQUEEZE_V2,2026-01-20 07:00:00+00:00,2026-01-21 03:00:00+00:00,12.583483242416381,12.330573141036895,17.857115020178355,224.7047076143162,12.324410935569112,7.835262394803654,SL,4.516244770098452,0.22244658522926697,0.0,4.406150538676343,7.419083508990069,0.5938941829320553,20,993.4385132885991,,11
SOL,-1,SQUEEZE_V2,2026-01-15 19:00:00+00:00,2026-01-21 05:00:00+00:00,141.45169972839355,128.62649059032617,1.4563905449632457,206.0089180534125,128.5622094855834,85.20751001672554,SL,18.678513325857548,0.1966696613904837,0.0,18.58484812349377,7.167431784204327,2.5929577961873713,130,1012.0233614120929,,11
XRP,-1,SQUEEZE_V2,2026-01-23 15:00:00+00:00,2026-01-23 16:00:00+00:00,1.8951208446979524,1.9404542339491773,171.03956872609604,324.1406519609726,1.9394844917033258,1.3881077360651144,SL,-7.753803346421741,0.3280175536341835,0.0,-7.9197505740754375,7.587939050915834,-1.043728807115228,1,1003.5085144432642,,11
DOGE,-1,SQUEEZE_V2,2026-01-23 15:00:00+00:00,2026-01-23 16:00:00+00:00,0.12292541255056859,0.12644597446210237,2194.362299205997,269.74289091531136,0.1263827830705671,0.0834126066077286,SL,-7.725388330690334,0.2736055850806566,0.0,-7.864122470313335,7.5867235234709804,-1.036563734790673,1,995.6443919729509,,11
SOL,-1,SQUEEZE_V2,2026-01-23 14:00:00+00:00,2026-01-23 17:00:00+00:00,126.74464264373779,129.82773477920486,2.5147930157704512,318.7365421067935,129.7628533525286,92.25080597184305,SL,-7.753338569249392,0.3226132113914182,0.0,-7.916583509587413,7.590175210590696,-1.043004053258385,3,987.7278084633634,,11
LINK,-1,SQUEEZE_V2,2026-01-23 15:00:00+00:00,2026-01-23 17:00:00+00:00,12.104578950881958,12.441742103023932,22.93121517483664,277.57270452347257,12.435524340853506,8.32234592263569,SL,-7.7315607907937896,0.28143848491886947,0.0,-7.874212923450923,7.588979948557796,-1.037585153317915,2,979.8535955399125,,11
AVAX,1,SQUEEZE_V2,2026-01-23 18:00:00+00:00,2026-01-25 03:00:00+00:00,12.365472516059874,11.897141292596055,15.887182205272051,196.45251491692704,11.903092839015562,17.649811682280596,SL,-7.440463479587675,0.1927322831771332,0.0,-7.534969505306345,7.3459101772178395,-1.0257366784411335,33,971.8214945329472,,11
BTC,1,SQUEEZE_V2,2026-01-23 17:00:00+00:00,2026-01-25 08:00:00+00:00,90093.11502,88072.19209575803,0.003717452994143966,334.9169201828557,88116.25022086846,112685.85558150322,SL,-7.512685975657482,0.33116057719502695,0.0,-7.676388092761082,7.348901966549343,-1.0445625928475284,39,963.9046528471115,,11
XRP,1,SQUEEZE_V2,2026-01-23 17:00:00+00:00,2026-01-25 16:00:00+00:00,1.9357870891571045,1.8810705470562954,136.63547646972953,264.49719127093175,1.8820115528327117,2.5503646471501664,SL,-7.4762208007200694,0.26075908087057176,0.0,-7.604731285955175,7.347646028098659,-1.0349887919033358,47,956.1408998542897,,11
ETH,1,SQUEEZE_V2,2026-01-23 18:00:00+00:00,2026-01-25 16:00:00+00:00,2986.5972,2874.564957375145,0.0664289034179523,198.39637694712675,2876.0029588545717,4250.531384519183,SL,-7.4421790250231155,0.1946752874346152,0.0,-7.537656123984167,7.346654163631392,-1.0259984961995767,46,948.6032437303055,,11
SUI,-1,SQUEEZE_V2,2026-01-25 08:00:00+00:00,2026-01-25 21:00:00+00:00,1.47000594,1.3965916415726012,216.35518951252484,318.04341373323723,1.3958936947252387,1.0881320454952244,SL,15.88356444918894,0.3101016315086428,0.0,15.732484524546916,7.229284896353336,2.176215870601924,13,964.0224741077053,,11
SOL,-1,SQUEEZE_V2,2026-01-25 04:00:00+00:00,2026-01-25 23:00:00+00:00,126.51469291534424,119.04518656610402,3.8011963280122285,480.90718614940124,118.98569371924441,104.60080632342492,SL,28.39306010679595,0.46671065609600326,0.0,28.166803043774646,7.2886612089971035,3.8644686913154396,19,992.1892771514799,,11
AVAX,-1,SQUEEZE_V2,2026-01-25 17:00:00+00:00,2026-01-25 23:00:00+00:00,11.658668051719665,11.498059429421433,21.35759869739205,249.00115359473423,11.492313272785042,7.852403511546168,SL,3.4302145023866593,0.2472860463435409,0.0,3.3074290328404854,7.113108676199669,0.464976592288978,6,995.4967061843204,,11
ETH,-1,SQUEEZE_V2,2026-01-25 17:00:00+00:00,2026-01-26 00:00:00+00:00,2894.9209,2838.594513168695,0.13040326618231213,377.5071406994386,2837.175925206092,2271.402395878161,SL,7.345144815050569,0.3738345682919133,0.0,7.160063817108375,7.114524327977292,1.0064009183230989,7,1002.6567700014288,,11
APT,-1,SQUEEZE_V2,2026-01-20 17:00:00+00:00,2026-01-26 01:00:00+00:00,1.5526893733024598,1.5073008579885907,85.55404502842137,132.83885655867002,1.5065475841964926,0.5617380326953598,SL,3.8831710829359514,0.13089727101720205,0.0,3.818693240198084,7.4182408663365145,0.5147707265110602,128,1006.4754632416268,,11
XRP,-1,SQUEEZE_V2,2026-01-27 10:00:00+00:00,2026-01-27 21:00:00+00:00,1.8819235592603685,1.9294917900962472,161.97260551950006,304.8200622819332,1.9285275263330808,1.349306792715085,SL,-7.704750288440298,0.30867243742615336,0.0,-7.861012694725485,7.548565974312201,-1.041391533368926,11,997.9457053253456,,11
LINK,1,SQUEEZE_V2,2026-01-27 17:00:00+00:00,2026-01-28 14:00:00+00:00,12.142428343391419,11.798575598087638,22.32447286665608,271.07331208735746,11.80447783700614,16.004719844937476,SL,-7.676331282659472,0.26723514644602775,0.0,-7.808029773061821,7.544566910070858,-1.0349208730111836,21,990.1376755522838,,11
SOL,1,SQUEEZE_V2,2026-01-27 17:00:00+00:00,2026-01-29 03:00:00+00:00,126.27525,122.7136711122545,2.15576434577371,272.2196817036617,122.77505864157528,166.27743695342528,SL,-7.6779247808621305,0.26838071931323065,0.0,-7.81019565932353,7.545587733877249,-1.0350679012395916,34,982.0716046061532,,11
ETH,1,SQUEEZE_V2,2026-01-27 17:00:00+00:00,2026-01-29 14:00:00+00:00,2990.087888232422,2898.26798176349,0.0835069172521083,249.69302185915612,2899.7178406838316,4022.888431644881,SL,-7.667597331597429,0.2458592231933574,0.0,-7.788610043861208,7.546524082709221,-1.0320791345126243,45,974.2067467519048,,11
SUI,-1,SQUEEZE_V2,2026-01-27 15:00:00+00:00,2026-01-29 17:00:00+00:00,1.4220155399999999,1.322048041533119,168.55256390469955,239.68436517932582,1.3213873478591895,0.9102685828162116,SL,16.84977817373188,0.2312594760924599,0.0,16.738360880229084,7.547422899078643,2.2177584460349284,50,990.9451076321338,,11
XRP,-1,SQUEEZE_V2,2026-01-29 02:00:00+00:00,2026-01-29 17:00:00+00:00,1.8907218290090562,1.8317564180711043,138.02107333616843,260.95945621995344,1.8308409975723183,1.275901255767037,SL,8.138469307364357,0.2568902215662713,0.0,8.012058813908062,7.425092099951901,1.0790517755274662,15,998.9571664460419,,11
LINK,-1,SQUEEZE_V2,2026-01-28 15:00:00+00:00,2026-01-29 20:00:00+00:00,11.817635694885254,11.03947390498214,21.22176752348848,250.79111739413412,11.033956926518881,7.818489840288867,SL,16.513968600985578,0.24253413309364133,0.0,16.396830026589004,7.426032566642128,2.2080202152955617,29,1015.3539964726309,,11
APT,-1,SQUEEZE_V2,2026-01-29 03:00:00+00:00,2026-01-29 21:00:00+00:00,1.5576883685350418,1.4857347180969473,97.89867078337494,152.49562077430446,1.4849922219859544,0.6978445582410013,SL,7.044166735901048,0.14897353740635394,0.0,6.971441008881847,7.36553703454615,0.946494597228159,18,1022.3254374815127,,11
LINK,-1,SQUEEZE_V2,2026-01-31 09:00:00+00:00,2026-01-31 22:00:00+00:00,10.457908038139344,9.841258935831002,16.265707642053002,170.10527469585065,9.836340765448279,5.071100511156194,SL,10.030234015881922,0.1650901576879097,0.0,9.950196495541936,7.666770681317851,1.2978341089278003,13,1031.9674637033943,,11
DOGE,-1,SQUEEZE_V2,2026-01-31 08:00:00+00:00,2026-01-31 23:00:00+00:00,0.1127274512514472,0.10426608403397,1585.179796770227,178.69327826519475,0.10421397704544728,0.05744798401384257,SL,13.41278836619877,0.1719868840820954,0.0,13.330148121249271,7.667440781111345,1.7385394294909904,15,1045.2976118246436,,11
BTC,-1,SQUEEZE_V2,2026-01-31 15:00:00+00:00,2026-01-31 23:00:00+00:00,81424.7118,79085.04502887654,0.0032857591810328953,267.5419943598075,79045.52226774268,54760.26644514644,SL,7.687581573776506,0.2636982035729193,0.0,7.55765436738349,7.666132786537742,0.9858496555988767,8,1052.855266192027,,11
XRP,1,SQUEEZE_V2,2026-02-02 13:00:00+00:00,2026-02-03 18:00:00+00:00,1.644828917169571,1.5353425040730544,72.6249530252534,119.4556228440185,1.5361105593527307,2.8873244350763168,SL,-7.951445608038002,0.1154799000399995,0.0,-8.007197696655991,7.895665629430715,-1.0141257333402705,29,1044.5237174822391,,11
LINK,1,SQUEEZE_V2,2026-02-02 15:00:00+00:00,2026-02-03 18:00:00+00:00,9.772954108428955,9.078160099474319,11.436972996071187,111.77301222994492,9.082701450199417,17.66155591676653,SL,-7.946340318246215,0.10779984207082183,0.0,-7.998253654202065,7.8944010126375765,-1.0131552275338227,27,1036.5254638280371,,11
BTC,-1,SQUEEZE_V2,2026-02-01 22:00:00+00:00,2026-02-03 19:00:00+00:00,76481.30068,74885.94356830351,0.002611067900535007,199.6978691967142,74848.51930864919,41918.914507015914,SL,4.165585744240944,0.19761507632459374,0.0,4.067819602514707,7.896414496440202,0.5151476792851399,45,1040.4511648155276,,11
LINK,-1,SQUEEZE_V2,2026-02-03 18:00:00+00:00,2026-02-03 20:00:00+00:00,9.303139305114746,9.849333087605284,14.36236689368959,133.6150999631624,9.844410882164203,3.11717842454952,SL,-7.844635499181206,0.13753741771275302,0.0,-7.915365366912377,7.773940978710278,-1.0181921098435665,2,1032.5357994486153,,11
SUI,1,SQUEEZE_V2,2026-02-02 13:00:00+00:00,2026-02-05 05:00:00+00:00,1.1346268800000001,1.0489282431960256,92.69525892685729,105.17453242697225,1.049452969680866,2.10804299793296,SL,-7.9438573282231175,0.1012026037628607,0.0,-7.9924726657724925,7.895217670845049,-1.0123182157835344,64,1024.427967120462,,11
DOGE,1,SQUEEZE_V2,2026-02-02 14:00:00+00:00,2026-02-05 10:00:00+00:00,0.10654130111932754,0.09902180673687283,1056.87642616523,112.60098956598851,0.09907134240807686,0.1919122578193353,SL,-7.947176349498255,0.10862740139123939,0.0,-7.9995032561065,7.894823266348448,-1.013259320218636,68,1016.4284638643554,,11
XRP,-1,SQUEEZE_V2,2026-02-03 18:00:00+00:00,2026-02-05 22:00:00+00:00,1.5572885013580322,1.2082294919439733,96.72076173019788,150.62213008502718,1.207625679104421,0.6387751252632632,SL,33.76125327931609,0.13374150344536911,0.0,33.70282284091323,7.773439922085416,4.335638170323907,52,1050.02338407096,,11
SOL,-1,SQUEEZE_V2,2026-02-04 14:00:00+00:00,2026-02-06 01:00:00+00:00,94.28114305114747,78.82558653695344,1.3224449613783218,124.68162258097874,78.78619344023332,27.357323074606086,SL,20.43912283749379,0.11446206116223184,0.0,20.38700158762205,7.744018495864615,2.6326127189015516,35,1070.410385658582,,11
ETH,-1,SQUEEZE_V2,2026-02-04 17:00:00+00:00,2026-02-06 01:00:00+00:00,2133.6932931640627,1915.8250615953987,0.04969678750000287,106.03770218055575,1914.867627781508,352.9398586276516,SL,10.827351207269311,0.1006240265769211,0.0,10.779746031782668,7.743550939779935,1.3920933839803757,32,1081.1901316903648,,11
DOGE,-1,SQUEEZE_V2,2026-02-05 11:00:00+00:00,2026-02-06 05:00:00+00:00,0.09944010630995036,0.09158609068893464,1091.6720233247713,108.55598205501387,0.09154032052867031,0.01963368286194088,SL,8.574009124218588,0.10426897749290458,0.0,8.52401813775319,7.623213478982666,1.1181660019431514,18,1089.714149828118,,11
APT,-1,SQUEEZE_V2,2026-02-05 11:00:00+00:00,2026-02-06 05:00:00+00:00,1.1637672343254089,1.05579361698231,92.15699101943945,107.24928656244458,1.0552659839903147,0.21844787876838379,SL,9.950523683824361,0.1022740247205324,0.0,9.901874302385052,7.622806394049959,1.2989801643281977,18,1099.616024130503,,11
XRP,1,SQUEEZE_V2,2026-02-08 09:00:00+00:00,2026-02-09 10:00:00+00:00,1.452890522289276,1.3744797534401325,106.09361323468657,154.14240514410022,1.3751673371086868,2.3411554957817255,SL,-8.318881783715446,0.1499829642522425,0.0,-8.391793545395638,8.245933547917364,-1.0176887185217631,25,1090.8242185637957,,11
APT,-1,SQUEEZE_V2,2026-02-08 11:00:00+00:00,2026-02-09 15:00:00+00:00,1.0817836171627044,1.0495099505640901,157.1308378821174,169.98156617192345,1.0489854578351725,0.48207552857448843,SL,5.071188274168371,0.16744597203483927,0.0,4.9887330852194935,8.245355513898073,0.6050355350731288,28,1095.7241647560159,,11
LINK,-1,SQUEEZE_V2,2026-02-09 10:00:00+00:00,2026-02-09 20:00:00+00:00,8.5952807220459,8.995778241842643,20.659451592226013,177.5737859987007,8.991282600542373,4.069544967800486,SL,-8.274059123047412,0.18171081556022442,0.0,-8.366983045608286,8.181181639228468,-1.0227108276741965,10,1087.3571817104075,,11
BTC,1,SQUEEZE_V2,2026-02-08 09:00:00+00:00,2026-02-10 14:00:00+00:00,70635.52428,68058.70065516667,0.003243222590130395,229.0867280106,68092.74702868101,99695.83572364553,SL,-8.357212590841137,0.22490812171517943,0.0,-8.467577348551016,8.246792623147405,-1.0267721932019855,53,1078.7954030602505,,11
XRP,-1,SQUEEZE_V2,2026-02-10 12:00:00+00:00,2026-02-11 17:00:00+00:00,1.4068185422420503,1.379586833626409,133.92104067100394,188.4026032123201,1.378897384933942,0.7108708130456315,SL,3.646898757056224,0.18657915383379198,0.0,3.554520904828592,8.155178862828055,0.43586056965965236,29,1082.139854901697,,11
SOL,-1,SQUEEZE_V2,2026-02-08 17:00:00+00:00,2026-02-12 09:00:00+00:00,86.1227713897705,81.24504171057077,1.8515961074136107,159.46458826497135,81.20443949082537,35.23405481545071,SL,9.031585287022063,0.15494879562146033,0.0,8.956368785533089,8.244718083024928,1.0863159534797655,88,1091.0962236872301,,11
LINK,-1,SQUEEZE_V2,2026-02-11 05:00:00+00:00,2026-02-13 15:00:00+00:00,8.40231948223114,8.75580808984508,23.17336416435379,194.71000918698678,8.751432373658252,4.412457865921286,SL,-8.191520232188196,0.1988057693030809,0.0,-8.292970996897784,8.090120167510962,-1.0250738957131253,58,1082.6582142659688,,11
SOL,-1,SQUEEZE_V2,2026-02-12 17:00:00+00:00,2026-02-13 15:00:00+00:00,78.2543426437378,82.25430987951462,2.0669432945538424,161.74728879719265,82.21320327787569,33.01022111073328,SL,-8.26770545642397,0.16588114152540465,0.0,-8.352712953550778,8.182740441804489,-1.02077207666003,22,1074.305501312418,,11
BTC,-1,SQUEEZE_V2,2026-02-11 05:00:00+00:00,2026-02-14 11:00:00+00:00,67551.68695999999,70011.21011163281,0.0033371204735573316,225.4281175775518,69976.2220006325,39842.715067057085,SL,-8.207725064502139,0.22953198010980286,0.0,-8.324542985823166,8.090965522951878,-1.0288689232711092,78,1065.7798973125127,,11
APT,-1,SQUEEZE_V2,2026-02-12 16:00:00+00:00,2026-02-14 14:00:00+00:00,0.9118176004767418,0.9704466718838374,140.74038476855904,128.32955992984088,0.9699616910383183,0.24731370834443878,SL,-8.25147806845796,0.13245529896406985,0.0,-8.319768587457109,8.183221677654226,-1.0166862044292102,46,1057.2800640020057,,11
LINK,1,SQUEEZE_V2,2026-02-13 15:00:00+00:00,2026-02-15 03:00:00+00:00,8.566712580299377,8.977180124213666,25.1120427086387,215.1276521891104,8.981670959693512,12.233292623489676,SL,10.307678493285643,0.22028149143575323,0.0,10.194960827944445,8.056590030933227,1.2654188420660548,36,1067.3778267328487,,11
SOL,1,SQUEEZE_V2,2026-02-13 15:00:00+00:00,2026-02-15 12:00:00+00:00,81.31626305236816,88.62349917685792,2.2995938199315034,186.99437597515026,88.66783309340461,121.35956456318209,SL,16.803675032656887,0.1953962134914787,0.0,16.701776007152983,8.057291259843135,2.0728772820207255,45,1084.0796027400017,,11
BTC,1,SQUEEZE_V2,2026-02-14 12:00:00+00:00,2026-02-15 13:00:00+00:00,70482.89376,68884.01264560796,0.005109458861414657,360.1294461001799,68918.47188154873,88362.0009423003,SL,-8.169417278278985,0.35604473746104043,0.0,-8.345397292689935,7.993349229843845,-1.0440426225256978,25,1075.7342054473118,,11
APT,1,SQUEEZE_V2,2026-02-14 15:00:00+00:00,2026-02-15 13:00:00+00:00,0.9711942157387733,0.9311125166608581,200.1620181140742,194.39619420298843,0.931578305813765,1.4239474720245817,SL,-8.022833776876523,0.19038477731455017,0.0,-8.11602045708958,7.929600480015042,-1.0235093782523308,22,1067.618184990222,,11
AVAX,-1,SQUEEZE_V2,2026-02-15 13:00:00+00:00,2026-02-19 17:00:00+00:00,9.32013514995575,8.915870538084727,21.53858365343305,200.7425105886237,8.911414830669393,5.071845708198733,SL,8.707287160906667,0.19638886700817038,0.0,8.611269549192809,8.006437033461978,1.0755432801385938,100,1075.8849618247555,,11
LINK,-1,SQUEEZE_V2,2026-02-15 13:00:00+00:00,2026-02-20 00:00:00+00:00,8.827234672927856,8.61787698807494,21.127159013405382,186.49439058359226,8.613570202973454,4.4958368695623,SL,4.423133098565976,0.1842828240343093,0.0,4.332097469823463,8.007136387426666,0.5410295591600024,107,1080.217059294579,,11
NEAR,-1,SQUEEZE_V2,2026-02-15 13:00:00+00:00,2026-02-20 05:00:00+00:00,1.051789645767212,1.0178904835139067,157.3039454390387,165.45066105111135,1.0173817926175979,0.4701543026773387,SL,5.332471969523066,0.16278442506634982,0.0,5.252412874982272,8.00568424904727,0.6560854402429553,112,1085.365792619417,,11
APT,-1,SQUEEZE_V2,2026-02-15 13:00:00+00:00,2026-02-20 15:00:00+00:00,0.9328134281277657,0.8754438479522888,146.11482101985166,136.29786709580276,0.8750063447798989,0.3066863665904569,SL,8.382545939323835,0.13210659412614084,0.0,8.318588278745596,8.005063809068329,1.039165767713444,122,1093.4558064616235,,11
DOGE,-1,SQUEEZE_V2,2026-02-20 14:00:00+00:00,2026-02-20 15:00:00+00:00,0.09622075093686581,0.09982351162960885,2290.9216703938805,220.43420346283818,0.09977362481720026,0.05561647801875795,SL,-8.253642544248299,0.2245610247349623,0.0,-8.367986467251843,8.13935576463457,-1.0280895330329056,1,1085.0878199943718,,11
XRP,-1,SQUEEZE_V2,2026-02-20 14:00:00+00:00,2026-02-20 16:00:00+00:00,1.3831232833862306,1.43140205092076,171.14502550766466,236.71466961538133,1.4306867075669765,0.8395412927491339,SL,-8.262670901175632,0.24084600506596915,0.0,-8.38515957143391,8.140243444645629,-1.030087076443565,2,1076.6038946237838,,11
NEAR,1,SQUEEZE_V2,2026-02-20 15:00:00+00:00,2026-02-21 13:00:00+00:00,1.0273053869962692,1.0745771911192543,192.28128345144074,197.53159830822165,1.075114748493501,1.5110109549985615,SL,9.089483167832693,0.202076339892138,0.0,8.986172627094666,8.138158649957788,1.1042021928561538,22,1085.3889672985756,,11
SOL,1,SQUEEZE_V2,2026-02-20 01:00:00+00:00,2026-02-22 03:00:00+00:00,82.87657261047363,84.63735560838927,2.5020231140998876,207.35910028878268,84.67969545611733,119.88263907406449,SL,4.405519759699027,0.2095618601686322,0.0,4.299637449674786,8.101627944709342,0.530712775138311,50,1089.5275872563104,,11
XRP,1,SQUEEZE_V2,2026-02-21 14:00:00+00:00,2026-02-22 12:00:00+00:00,1.4470893535137177,1.4098044978729516,222.5398059200151,322.03498387986286,1.4105097527493262,1.8651419336781911,SL,-8.297364538051871,0.3178863016108369,0.0,-8.454233347722777,8.140417254739317,-1.0385503694912883,22,1080.9509703576452,,11
DOGE,1,SQUEEZE_V2,2026-02-20 16:00:00+00:00,2026-02-22 13:00:00+00:00,0.10026004759222269,0.09594199885846573,1890.7799161206024,189.56968437667044,0.09598999385539342,0.1490606617274144,SL,-8.164479822617663,0.1854874444653616,0.0,-8.25518242489469,8.07373184635252,-1.022474189382961,45,1072.6957879327506,,11
LINK,1,SQUEEZE_V2,2026-02-20 16:00:00+00:00,2026-02-23 01:00:00+00:00,8.82676480922699,8.487326921758058,24.089258615646983,212.63022022896087,8.491572708112113,12.657531679111305,SL,-8.17680705518799,0.20854181670136687,0.0,-8.279033761774876,8.074529209678378,-1.0253271177533636,57,1064.0448378233393,,11
XRP,-1,SQUEEZE_V2,2026-02-22 13:00:00+00:00,2026-02-23 03:00:00+00:00,1.4078183889627458,1.3492335415021803,271.0305475180742,381.5617887665861,1.3485592618712448,1.0686321673459558,SL,15.878283283499917,0.37362264712483617,0.0,15.695441530758373,8.043859893596231,1.951232584651756,14,1079.5009261163973,,11
SUI,-1,SQUEEZE_V2,2026-02-22 03:00:00+00:00,2026-02-23 06:00:00+00:00,0.93471302,0.8806715670513493,261.86337051868855,244.76710188490236,0.8802314513256865,0.5780839934862715,SL,14.151477016860794,0.23769136337647195,0.0,14.036169204426773,8.171456904422328,1.7177070586801368,27,1093.5370953208242,,11
SOL,-1,SQUEEZE_V2,2026-02-22 13:00:00+00:00,2026-02-23 06:00:00+00:00,84.38312152557373,78.42002139981491,4.2931678747693365,362.27090650635,78.38083098432276,62.96645301099373,SL,25.60058989394073,0.34947061155937964,0.0,25.432254735634523,8.045218409495629,3.161163990975967,17,1118.9693500564588,,11
BTC,-1,SQUEEZE_V2,2026-02-23 01:00:00+00:00,2026-02-23 06:00:00+00:00,66691.05911999999,65412.19355644461,0.007177970806242938,478.7064754007818,65379.50380454234,53984.983029153016,SL,9.179659680309944,0.4741166455606268,0.0,8.944896272449709,7.980336283675045,1.120867085607384,5,1127.9142463289086,,11
LINK,-1,SQUEEZE_V2,2026-02-24 14:00:00+00:00,2026-02-25 01:00:00+00:00,8.090381607627869,8.383413704559265,29.28709345105762,236.94376219731515,8.37922409251301,4.789324637511966,SL,-8.582058406989182,0.24123479140080975,0.0,-8.704821317291334,8.459356847466815,-1.0290169186914042,11,1118.9998607849427,,11
AVAX,1,SQUEEZE_V2,2026-02-25 02:00:00+00:00,2026-02-25 18:00:00+00:00,8.612722261047363,9.574420830553471,22.855501181334677,196.84808381187548,9.579210435771357,12.808504695522577,SL,21.980102791434724,0.20783813520759287,0.0,21.87068869813307,8.390962158930018,2.6064577915963256,16,1140.5672191802296,,11
APT,1,SQUEEZE_V2,2026-02-24 16:00:00+00:00,2026-02-25 21:00:00+00:00,0.8261651751995086,1.0326649817726143,220.5184830112523,182.18469115172113,1.0331815725588938,1.2645330068585494,SL,45.537024087618306,0.2049532031955303,0.0,45.423163229998636,8.458468308358574,5.370140499919107,29,1185.9903824102282,,11
DOGE,1,SQUEEZE_V2,2026-02-25 02:00:00+00:00,2026-02-25 22:00:00+00:00,0.09383876220434904,0.10303049000597035,2171.79928709368,203.79895685715863,0.10308203102148109,0.1379982041927113,SL,19.962587886720314,0.21378025080051877,0.0,19.850707114348374,8.391726405018233,2.3655093310093736,20,1205.8410895245765,,11
LINK,1,SQUEEZE_V2,2026-02-25 02:00:00+00:00,2026-02-25 23:00:00+00:00,8.561712419700623,9.279053013055501,24.06219164164651,206.01356502350146,9.283694860485744,12.547811242700584,SL,17.2607868296375,0.21464395843832018,0.0,17.14914965371093,8.39249895588707,2.043390144443372,21,1222.9902391782875,,11
BTC,-1,SQUEEZE_V2,2026-02-26 17:00:00+00:00,2026-02-28 13:00:00+00:00,66606.07612,64568.80349611508,0.0038592524730554317,257.04966398662833,64536.53522850083,39443.37154998353,SL,7.86234941201601,0.2531184892806203,0.0,7.7377557547287035,9.172426793837156,0.8435887174294604,44,1230.3366352346427,,11
SOL,-1,SQUEEZE_V2,2026-02-26 17:00:00+00:00,2026-02-28 13:00:00+00:00,84.51309277954101,80.2022233509484,1.9612846847535557,165.7542345296701,80.1621422798085,31.070204458761438,SL,8.454842188270998,0.1615268134355346,0.0,8.376192492100298,9.171462857597207,0.9132886020643757,44,1238.712827726743,,11
XRP,-1,SQUEEZE_V2,2026-02-26 17:00:00+00:00,2026-02-28 13:00:00+00:00,1.3879224046230316,1.317513064524907,131.81096656639838,182.94339367252167,1.316854637206304,0.5928290005543247,SL,9.28072317363609,0.17830303208570364,0.0,9.193891838386648,9.170177633825627,1.0025860136529468,44,1247.9067195651296,,11
LINK,-1,SQUEEZE_V2,2026-02-26 17:00:00+00:00,2026-02-28 14:00:00+00:00,8.882223024559021,8.527281262228223,19.924303191793452,176.9721045584426,8.523019752352049,3.6218325551547723,SL,7.071967288108307,0.17343612091438843,0.0,6.98701721947314,9.17084127921772,0.7618730939446744,45,1254.8937367846027,,11
SUI,-1,SQUEEZE_V2,2026-03-01 18:00:00+00:00,2026-03-02 15:00:00+00:00,0.8863227,0.9460694052631534,158.78324052922096,140.73319046060857,0.9455966069596736,0.2089066204608736,SL,-9.486775472627759,0.14547657819692245,0.0,-9.561885455594377,9.411703025884519,-1.015956987730788,21,1244.954080970809,,11
LINK,-1,SQUEEZE_V2,2026-03-01 20:00:00+00:00,2026-03-02 15:00:00+00:00,8.687262329673768,9.145517176338723,20.74388237727081,180.20754794724826,9.14094670298723,3.5022980632342025,SL,-9.505984638032102,0.1849605402662643,0.0,-9.600841404324742,9.411175276420293,-1.020153288227418,19,1235.3532395664843,,11
BTC,-1,SQUEEZE_V2,2026-03-01 21:00:00+00:00,2026-03-02 15:00:00+00:00,65245.9482,67746.2161507635,0.0038154616392974136,248.94341247668612,67712.35997077811,37058.3851053929,SL,-9.539676454102903,0.2537132507037376,0.0,-9.668917998568297,9.41049949811549,-1.027460657163263,18,1225.684321567916,,11
XRP,-1,SQUEEZE_V2,2026-03-01 21:00:00+00:00,2026-03-02 15:00:00+00:00,1.340431890320778,1.4090727093711397,138.50503472402497,185.65656551406977,1.4083685251085856,0.5640132070315474,SL,-9.507099026055874,0.1904101150270977,0.0,-9.604680858325937,9.409565960318702,-1.020735802143272,18,1216.07964070959,,11
LINK,1,SQUEEZE_V2,2026-03-02 16:00:00+00:00,2026-03-03 09:00:00+00:00,9.104820287132263,8.612987602410787,18.703795442113588,170.29469618772774,8.617296250536054,14.6765235625175,SL,-9.199137926776041,0.16569512722433974,0.0,-9.279685705906518,9.118549853608997,-1.0176712147089644,17,1206.4418140938658,,11
SOL,1,SQUEEZE_V2,2026-03-02 16:00:00+00:00,2026-03-03 10:00:00+00:00,88.76774999999999,83.65767480022086,1.7992784472968724,159.71789939003693,83.6995245625021,146.69032642854722,SL,-9.194448171028851,0.1551206753045225,0.0,-9.269709896638355,9.119148795731709,-1.0165104336248048,18,1197.1721041972273,,11
SOL,-1,SQUEEZE_V2,2026-03-03 14:00:00+00:00,2026-03-04 01:00:00+00:00,83.54328555908204,87.72457450620135,2.170127460864116,181.29957816257647,87.68073413913179,36.258158929942084,SL,-9.073929965951228,0.1858365431455521,0.0,-9.169116720015491,8.978790781479205,-1.0211972795856739,11,1187.8573303341293,,11
SUI,1,SQUEEZE_V2,2026-03-02 15:00:00+00:00,2026-03-05 00:00:00+00:00,0.9171834,0.9492897284408366,171.78878958419654,157.56182611271797,0.9497646107462097,1.5238911850758061,SL,5.515507300843985,0.16031957976313996,0.0,5.433968634137204,9.119739652579632,0.5958469036558668,57,1193.2142420305665,,11
BTC,1,SQUEEZE_V2,2026-03-02 15:00:00+00:00,2026-03-05 06:00:00+00:00,67137.52482,72087.81234376688,0.0034065509349344232,228.70739794475406,72123.87428090733,97736.0392018536,SL,16.863406592282267,0.2371391012408952,0.0,16.740621190013748,9.120597305321924,1.835474216172826,63,1209.9548632205804,,11
ETH,1,SQUEEZE_V2,2026-02-06 15:00:00+00:00,2026-03-05 15:00:00+00:00,1978.3655646972657,2068.918184249672,0.04415197908328969,87.34875503161426,2069.9531608300867,4113.101176220531,SL,3.998077364414928,0.08934779371382173,0.0,3.9524039482169133,8.247120180978772,0.479246556553495,648,1213.9072671687973,,11
SOL,1,SQUEEZE_V2,2026-03-04 09:00:00+00:00,2026-03-06 14:00:00+00:00,89.69793630523681,84.47047107181432,1.7181429333652423,154.11387540028824,84.51272743553207,148.95746624471946,SL,-8.981532450217342,0.14962310917517957,0.0,-9.054098621692377,8.90892997750597,-1.0162947339975668,53,1204.5535237555762,,11
APT,1,SQUEEZE_V2,2026-03-03 19:00:00+00:00,2026-03-08 02:00:00+00:00,1.0102019904613495,0.9272972647093684,108.90367376183836,110.01470800276256,0.9277611452820093,1.9523830782252385,SL,-9.028629206608436,0.10550039339945834,0.0,-9.079122246006513,8.978110908061096,-1.0112508454150106,103,1195.3710202238326,,11
BTC,-1,SQUEEZE_V2,2026-03-05 16:00:00+00:00,2026-03-09 03:00:00+00:00,71607.57561999999,67601.08245250628,0.003201713058374603,229.26690994110083,67567.29880310473,39109.599557905305,SL,12.827641492653239,0.2228530891947742,0.0,12.719421858429016,9.104304503765979,1.3970778166709659,83,1207.9227827294203,,11
ETH,-1,SQUEEZE_V2,2026-03-05 16:00:00+00:00,2026-03-09 03:00:00+00:00,2085.7028931640625,1992.359940029454,0.08334576962970623,173.83451284966375,1991.3642579005038,837.4167585914852,SL,7.779740268513543,0.169944642715407,0.0,7.696712882222968,9.1034447528537,0.8454725756214693,83,1215.6194956116433,,11
AVAX,-1,SQUEEZE_V2,2026-03-05 18:00:00+00:00,2026-03-09 03:00:00+00:00,9.268146457672119,9.057255690217117,21.168003889728727,196.18816026657893,9.05272932555434,4.353563150931018,SL,4.464136585795354,0.19395609197368124,0.0,4.368274573954962,9.102792873430515,0.4798828925027179,81,1219.9877701855983,,11
SOL,-1,SQUEEZE_V2,2026-03-06 14:00:00+00:00,2026-03-09 03:00:00+00:00,85.51289277954102,83.65686550968617,2.4179110863074795,206.76257147387506,83.61505798069582,42.81180030429637,SL,4.487708912271043,0.20451871701773955,0.0,4.386571480990241,9.03415142816682,0.4855543451832918,61,1224.3743416665884,,11
LINK,-1,SQUEEZE_V2,2026-03-08 03:00:00+00:00,2026-03-09 05:00:00+00:00,8.592281062698364,8.826420463262032,39.02557461003321,335.31870568271046,8.822009458532767,5.966813681733754,SL,-9.13742464584589,0.3398874180056334,0.0,-9.309652711010168,8.965282651678745,-1.0384115116846806,26,1215.0646889555783,,11
SUI,1,SQUEEZE_V2,2026-03-09 06:00:00+00:00,2026-03-09 23:00:00+00:00,0.9148829399999999,0.9457568732695819,204.43763391472982,187.0365035625517,0.9462299882637137,1.4242831747257259,SL,6.3117938672745995,0.19019240049618902,0.0,6.215119718559686,9.112300636506848,0.6820582382521369,17,1220.9581547417492,,11
XRP,1,SQUEEZE_V2,2026-03-09 14:00:00+00:00,2026-03-10 11:00:00+00:00,1.3674734569787979,1.3891942716603505,200.17196713227378,273.7298518846167,1.3898892162684846,1.8876889713918215,SL,4.347898202521962,0.27590380098587775,0.0,4.208859327478392,9.11159924961849,0.46192322688628135,21,1225.0564932058728,,11
DOGE,1,SQUEEZE_V2,2026-03-10 09:00:00+00:00,2026-03-10 18:00:00+00:00,0.09350869508832693,0.09753759175975905,2363.8628097738815,221.04172670978164,0.09758638495223516,0.13778095813506958,SL,9.523759006020175,0.22580360621279172,0.0,9.408476263162274,9.15718616056312,1.0274418471125306,9,1234.4649694690352,,11
APT,1,SQUEEZE_V2,2026-03-09 06:00:00+00:00,2026-03-12 12:00:00+00:00,0.9631925995230675,0.9146497643038245,189.5171426987743,182.54150933021654,0.9151073179628059,1.512738674497486,SL,-9.199699429248357,0.17794165961559238,0.0,-9.28637033419884,9.112985167166837,-1.019026165833858,78,1224.942918648302,,11
AVAX,-1,SQUEEZE_V2,2026-03-12 03:00:00+00:00,2026-03-13 00:00:00+00:00,9.442111444091797,9.805350962508326,25.837209177556225,243.95780845879725,9.800450737139757,5.346805237829403,SL,-9.385095418882656,0.24865035616823855,0.0,-9.511766870821496,9.258487271017763,-1.0273564776177406,21,1215.4311517774806,,11
NEAR,1,SQUEEZE_V2,2026-03-12 08:00:00+00:00,2026-03-13 02:00:00+00:00,1.3232645542144774,1.3811262521568932,171.85011408752703,227.40316460973855,1.3818171607372618,1.9389221481850625,SL,9.943539392702183,0.23237493430608963,0.0,9.824866040700963,9.257572429236044,1.0612788736789536,18,1224.8030348072346,,11
BTC,1,SQUEEZE_V2,2026-03-13 01:00:00+00:00,2026-03-16 08:00:00+00:00,71458.18878,72813.85574122728,0.0039587437041335065,282.8846549416086,72850.2808816681,97774.57114663812,SL,5.366738047660304,0.28556802396543873,0.0,5.22261235116567,9.115733638331104,0.5729228780012728,79,1229.9183948332902,,11
APT,1,SQUEEZE_V2,2026-03-13 02:00:00+00:00,2026-03-16 14:00:00+00:00,0.9361871895074844,0.9869968199902635,229.12581225632076,214.50465021986443,0.9874905652728998,1.3943770208292738,SL,11.641797854810275,0.22032554914726957,0.0,11.528724630772937,9.186022761054259,1.2550289641836039,84,1241.4471194640632,,11
ETH,1,SQUEEZE_V2,2026-03-13 01:00:00+00:00,2026-03-17 03:00:00+00:00,2118.5337294433593,2306.563524581382,0.09961981237988714,211.04793264761003,2307.717383273018,3164.1860639829943,SL,18.731492913478423,0.22041367910434925,0.0,18.616603200697877,9.114672820875073,2.0424872693247753,98,1260.0637226647611,,11
SOL,1,SQUEEZE_V2,2026-03-13 01:00:00+00:00,2026-03-17 03:00:00+00:00,89.74794935760498,93.80759351551895,2.1038061320128305,188.81228619410632,93.85452077590689,139.25757046056083,SL,8.540704273209464,0.19308263833071107,0.0,8.442027777975806,9.113881391127647,0.926282383507219,98,1268.505750442737,,11
LINK,1,SQUEEZE_V2,2026-03-13 01:00:00+00:00,2026-03-17 04:00:00+00:00,9.250849395561218,9.755306612684354,24.12980025574329,223.22114811085575,9.760186706037372,13.567111917880206,SL,12.172451886749393,0.22930737405423046,0.0,12.05475508675059,9.113173345054419,1.3227834729263133,99,1280.5605055294877,,11
SUI,1,SQUEEZE_V2,2026-03-18 04:00:00+00:00,2026-03-18 11:00:00+00:00,1.0456090800000002,1.004010485471377,233.67193071063355,244.32949249216932,1.004512741842298,1.515281516088024,SL,-9.720423898352191,0.2394692805429932,0.0,-9.837728432649099,9.603060682447326,-1.0244367663562413,7,1270.4481978140818,,11
AVAX,-1,SQUEEZE_V2,2026-03-18 00:00:00+00:00,2026-03-18 18:00:00+00:00,10.183962670326233,9.710204177884345,29.932265355794165,304.82907302170696,9.70535150213328,6.516938883764171,SL,14.180664910331604,0.29773874056654115,0.0,14.035340706275916,9.604203791471157,1.4613747282975973,18,1283.8923268389337,,11
ETH,-1,SQUEEZE_V2,2026-03-18 12:00:00+00:00,2026-03-19 03:00:00+00:00,2267.7563189453126,2225.9940470210986,0.12143196942631765,275.37811598850584,2224.88160621799,1371.125171148019,SL,5.071274927474721,0.2728424785247685,0.0,4.936121506944206,9.526972536025417,0.5181206819142904,15,1288.8284483458779,,11
LINK,-1,SQUEEZE_V2,2026-03-18 12:00:00+00:00,2026-03-19 03:00:00+00:00,9.548090190696717,9.327168913469938,28.570126340222696,272.79014305604625,9.322507659640118,5.737936387542796,SL,6.311748801612439,0.26963426865524004,0.0,6.178509604485222,9.524950359031394,0.6486658062870496,15,1295.0069579503631,,11
BTC,-1,SQUEEZE_V2,2026-03-18 12:00:00+00:00,2026-03-19 19:00:00+00:00,72898.9173,70373.70371760361,0.005080816493636475,370.3860213860813,70338.53445037843,51466.228292431384,SL,12.830146819394432,0.36397094797638413,0.0,12.65136888211109,9.528361483605613,1.327759122476502,31,1307.304385170688,,11
SOL,-1,SQUEEZE_V2,2026-03-18 12:00:00+00:00,2026-03-20 01:00:00+00:00,91.92161444091798,89.51099736566208,2.8705879898005153,263.86908241717276,89.46626423354532,53.99632366649601,SL,6.91988842423763,0.26040913820505396,0.0,6.791413827241163,9.52593986809046,0.7129389772856659,37,1314.095798997929,,11
APT,1,SQUEEZE_V2,2026-03-20 05:00:00+00:00,2026-03-20 07:00:00+00:00,0.9756950875997543,0.9944488400019347,247.4804682455651,241.46547714408487,0.9949463131585139,1.4307679623078953,SL,4.641187425852986,0.24378607085701137,0.0,4.518134093568017,9.854394210379793,0.4584892787025907,2,1318.316629405635,,11
BTC,1,SQUEEZE_V2,2026-03-20 04:00:00+00:00,2026-03-21 23:00:00+00:00,70707.23862,68699.52710549101,0.004994423505600311,353.14189457981814,68733.89405251727,93259.74796265992,SL,-10.02736158052811,0.34812821378955405,0.0,-10.198918847027755,9.855718492484467,-1.0348224591444042,43,1308.1177105586073,,11
NEAR,-1,SQUEEZE_V2,2026-03-19 08:00:00+00:00,2026-03-23 11:00:00+00:00,1.3527294448137284,1.293236251257798,172.9519932749644,233.95725384227026,1.2925899562796581,0.7109294036932239,SL,10.289466411791432,0.22881252063637453,0.0,10.177632518076193,9.712552184627723,1.04788446173649,99,1317.8588384795446,,11
SUI,-1,SQUEEZE_V2,2026-03-19 08:00:00+00:00,2026-03-23 11:00:00+00:00,0.9618076,0.9185341123251937,242.6015448821412,233.3360096393845,0.9180750747877998,0.5043061042440027,SL,10.49821496234631,0.22808690215821137,0.0,10.386796065007792,9.711674844925815,1.069516456312859,99,1328.2456345445523,,11
ETH,-1,SQUEEZE_V2,2026-03-19 13:00:00+00:00,2026-03-23 11:00:00+00:00,2130.993637890625,2086.552503007457,0.11290041218940514,240.59006009085152,2085.50974813339,1147.9983822540726,SL,5.017422446474637,0.2380813488676142,0.0,4.899636127652448,9.710799834889666,0.5045553621699296,94,1333.1452706722048,,11
BTC,-1,SQUEEZE_V2,2026-03-22 00:00:00+00:00,2026-03-23 11:00:00+00:00,68875.52214,70271.5739076739,0.007208936029592092,496.5192331120138,70236.45567983399,53321.99597046866,SL,-10.06404788716008,0.5015512570555939,0.0,-10.317339527659666,9.810882829189554,-1.0516219291665874,35,1322.8279311445451,,11
SOL,-1,SQUEEZE_V2,2026-03-22 00:00:00+00:00,2026-03-23 11:00:00+00:00,87.45250722045898,89.7758490542328,4.305079101013241,376.48996116600756,89.73098356245157,61.41277759768653,SL,-10.00217037308941,0.38149104635255227,0.0,-10.195416438858958,9.809020882065385,-1.0393918579070467,35,1312.6325147056862,,11
SOL,-1,SQUEEZE_V2,2026-03-26 03:00:00+00:00,2026-03-26 20:00:00+00:00,90.85182874603272,87.03314155532341,3.583596093927865,325.5762586204862,86.98964673195744,59.4588574857902,SL,13.684632500558262,0.3187339423702071,0.0,13.528686687498299,9.843726303687054,1.374346082990037,17,1325.3444303496594,,11
DOGE,-1,SQUEEZE_V2,2026-03-26 03:00:00+00:00,2026-03-26 20:00:00+00:00,0.09480103623121977,0.09255633963230377,3449.867340092052,327.0509987009684,0.09251008459000877,0.06219932645428337,SL,7.7439054850160325,0.32317904595846036,0.0,7.584251938408056,9.841262706678625,0.7706584169591487,17,1332.9286822880674,,11
BTC,1,SQUEEZE_V2,2026-03-23 12:00:00+00:00,2026-03-27 09:00:00+00:00,70113.91997999999,67536.34430657058,0.003870107793641994,271.3484281573891,67570.1293712562,99185.81265135748,SL,-9.975495702441178,0.2663606803061685,0.0,-10.106182168668651,9.844743860292645,-1.0265561310772624,93,1322.8225001193987,,11
AVAX,-1,SQUEEZE_V2,2026-03-26 03:00:00+00:00,2026-03-27 15:00:00+00:00,9.588082152557373,8.852981383705114,39.44307651167228,378.1834579435199,8.848557105152539,6.736946610785903,SL,28.994635869628784,0.3636861400087055,0.0,28.820041458591838,9.840036265433497,2.928855207559765,36,1351.1780656657688,,11
LINK,-1,SQUEEZE_V2,2026-03-26 03:00:00+00:00,2026-03-28 13:00:00+00:00,9.26214713897705,8.670531691532391,35.778199013175886,331.38294362763855,8.666198592236274,6.118171784730088,SL,21.166935217944143,0.3207994760186665,0.0,21.011827213739295,9.842505392717227,2.1348047448657326,58,1371.9861350759572,,11
BTC,-1,SQUEEZE_V2,2026-03-27 09:00:00+00:00,2026-03-28 13:00:00+00:00,67860.52518000001,66630.13196842554,0.005717647453072575,388.0025589595944,66596.83355164972,48029.85414700575,SL,7.034954612436545,0.38448508165337614,0.0,6.844470810262966,9.92116875089549,0.6898855348716028,28,1378.8306058862202,,11
DOGE,1,SQUEEZE_V2,2026-03-28 08:00:00+00:00,2026-03-28 17:00:00+00:00,0.09119823272824287,0.09265772538352132,4468.4594746037255,407.51560710163244,0.09270407742223244,0.11711661991057762,SL,6.521683783593536,0.4107764489934292,0.0,6.314665138150923,10.133835492493265,0.6231268647323682,9,1384.6804172289058,,11
BTC,1,SQUEEZE_V2,2026-03-28 14:00:00+00:00,2026-03-29 22:00:00+00:00,66821.76168,65519.13775970159,0.008143675338999914,544.1747327019455,65551.91371655987,81334.30983360155,SL,-10.608146295725527,0.5388706595540826,0.0,-10.874929588928637,10.341229544146653,-1.051608954477185,32,1373.6168707506656,,11
ETH,1,SQUEEZE_V2,2026-03-28 14:00:00+00:00,2026-03-29 22:00:00+00:00,2025.9451470703125,1970.6277078541339,0.19029777720603933,385.5328582288429,1971.6135146114395,2646.878089457433,SL,-10.526785723568983,0.3802694653670584,0.0,-10.71428875982162,10.339188888899018,-1.0362794291654096,32,1362.902581990844,,11
SOL,-1,SQUEEZE_V2,2026-03-27 09:00:00+00:00,2026-03-30 00:00:00+00:00,85.01299277954102,82.5180893275513,3.4629880846549876,294.39898103641104,82.47685090210025,52.27590149534842,SL,8.639820926605026,0.29007907057310856,0.0,8.496941346550123,9.919713741299391,0.8565712245479679,63,1370.9797953005652,,11
APT,-1,SQUEEZE_V2,2026-03-27 10:00:00+00:00,2026-03-30 00:00:00+00:00,1.0032992847442628,0.9344311445124426,245.73951979844753,246.550284447181,0.933964162431227,0.5420159712698683,SL,16.92362370997964,0.2380884725921912,0.0,16.80881037961104,9.918609745120504,1.6946740331103554,62,1387.7886056801763,,11
LINK,-1,SQUEEZE_V2,2026-03-29 00:00:00+00:00,2026-03-30 02:00:00+00:00,8.427314100837707,8.663644525432542,44.76322753716274,377.2337786229383,8.659314867998543,5.775876761856737,SL,-10.57891257009286,0.3825232349079848,0.0,-10.772818915689376,10.385103129216793,-1.037333840757133,26,1377.0157867644868,,11
BTC,-1,SQUEEZE_V2,2026-03-29 23:00:00+00:00,2026-03-30 02:00:00+00:00,65804.8364,67247.44141066262,0.007254636761182651,477.3901852110502,67213.83449341591,49702.001046675316,SL,-10.465575342219338,0.4826229728821599,0.0,-10.709503222495973,10.22176936493133,-1.0477152086054644,3,1366.306283541991,,11
ETH,-1,SQUEEZE_V2,2026-03-29 23:00:00+00:00,2026-03-30 02:00:00+00:00,1972.115507763672,2028.7960054172406,0.18359263796762146,362.0658884471878,2027.7821143600606,1335.9257180906586,SL,-10.406122085536245,0.3672689494899559,0.0,-10.592358090802607,10.219979151736789,-1.036436369735895,3,1355.7139254511883,,11
APT,1,SQUEEZE_V2,2026-03-30 03:00:00+00:00,2026-03-30 17:00:00+00:00,0.9408881345629692,0.9037784742802052,277.24605888030584,260.8575271548261,0.9042305895749926,1.3598315058541302,SL,-10.288507059783326,0.2557132736249344,0.0,-10.413791569830847,10.163159876144015,-1.0246608039961214,14,1344.5437631524603,,11
SUI,-1,SQUEEZE_V2,2026-03-31 10:00:00+00:00,2026-03-31 17:00:00+00:00,0.85502896,0.8870808591600342,319.0297729057453,272.77969493663556,0.8866375403898393,0.49378804125897907,SL,-10.225510110223578,0.27789244999174734,0.0,-10.367012712747007,10.084078223643452,-1.0280575460472112,7,1334.040360592245,,11
AVAX,1,SQUEEZE_V2,2026-03-30 03:00:00+00:00,2026-04-01 09:00:00+00:00,8.791757961845398,9.204826283607996,32.8945067132463,289.2005412971601,9.20943099910755,12.323131571003007,SL,13.587678683249159,0.2959943806387847,0.0,13.436284573258954,10.164244378173878,1.3219167183850153,54,1347.3470422659389,,11
BTC,1,SQUEEZE_V2,2026-03-30 03:00:00+00:00,2026-04-01 13:00:00+00:00,67099.51722000001,68007.66977770194,0.00565409645704703,379.38714258316827,68041.69062301345,87651.704759731,SL,5.134782158960708,0.38195453366264864,0.0,4.942521196589643,10.167854440883913,0.4860928355461371,58,1352.2895634625286,,11
ETH,1,SQUEEZE_V2,2026-03-30 03:00:00+00:00,2026-04-01 13:00:00+00:00,2029.4757602783202,2109.118921085898,0.14579601207404927,295.8894724495283,2110.1740080899426,2826.3959891044688,SL,11.611655234717048,0.30169530006688683,0.0,11.457904670874926,10.166431739099224,1.1270330598698468,58,1363.7474681334036,,11
SOL,1,SQUEEZE_V2,2026-04-01 17:00:00+00:00,2026-04-01 21:00:00+00:00,85.20704044189453,81.9056334389339,3.1370384903972535,267.29776551905854,81.94660674230505,122.46913986577441,SL,-10.356640840754537,0.26211944509868124,0.0,-10.485111403093688,10.228106011000527,-1.025127368822414,4,1353.1287078475505,,11
APT,1,SQUEEZE_V2,2026-04-01 07:00:00+00:00,2026-04-02 01:00:00+00:00,0.9127825008273125,0.8771104665545477,283.97323447260294,259.2057991299233,0.8775492411751352,1.3154483254236247,SL,-10.12990295265456,0.254140847653596,0.0,-10.254440900743193,10.005302704441837,-1.024900615569657,18,1342.8742669468072,,11
DOGE,1,SQUEEZE_V2,2026-03-30 03:00:00+00:00,2026-04-02 05:00:00+00:00,0.09245848966687918,0.089143720909057,3108.4952322360796,287.4067743092428,0.08918831506659029,0.12983191367018077,SL,-10.303942879655345,0.28225480286941507,0.0,-10.442494295370139,10.165322153577538,-1.0272664395289286,74,1331.8485695981722,,11
NEAR,1,SQUEEZE_V2,2026-04-03 04:00:00+00:00,2026-04-03 15:00:00+00:00,1.1757351352930068,1.2017966588321913,270.4900177942131,318.02461766668694,1.2023978577610719,1.5977782471003774,SL,7.049381965858335,0.3215493086496161,0.0,6.886844966042062,9.98886427198629,0.6894522518797435,11,1338.5764022553808,,11
NEAR,1,SQUEEZE_V2,2026-04-04 08:00:00+00:00,2026-04-04 22:00:00+00:00,1.2304460922718048,1.2576645325252405,301.834114147697,371.3906062673556,1.2582936793649229,1.610572508788046,SL,8.215453802377773,0.37549833316854453,0.0,8.025650772342907,10.039323016915356,0.7994215106756111,14,1346.4163577245902,,11
XRP,-1,SQUEEZE_V2,2026-04-02 02:00:00+00:00,2026-04-05 15:00:00+00:00,1.3270344925165176,1.3054665646730808,247.83929176075293,328.8912887673839,1.3048141575942838,0.8627513101132647,SL,5.345379961464415,0.3262185987866517,0.0,5.183607007061456,10.068416321534444,0.5148383659875782,85,1351.3504911983064,,11
BTC,-1,SQUEEZE_V2,2026-04-02 02:00:00+00:00,2026-04-06 00:00:00+00:00,67313.23466,69312.72199359155,0.0051258700442756875,345.03889312699397,69278.0829521155,44857.82560725148,SL,-10.24911222716558,0.35016344924057674,0.0,-10.42675622984266,10.071557002101054,-1.0352675586969826,94,1340.756461477406,,11
APT,-1,SQUEEZE_V2,2026-04-05 06:00:00+00:00,2026-04-06 00:00:00+00:00,0.8374324727535248,0.8548083466951939,595.8057311174665,498.9470666904217,0.8543811561171354,0.6437332343122617,SL,-10.35264527762107,0.5041233893292323,0.0,-10.607295133605092,10.098122682934425,-1.0504224861053784,18,1330.149166343801,,11
NEAR,-1,SQUEEZE_V2,2026-04-05 19:00:00+00:00,2026-04-06 02:00:00+00:00,1.232053583097458,1.2700134383762778,271.5360652372755,334.5469821157704,1.269378749001777,0.8054802584766697,SL,-10.307469739387162,0.339700716985464,0.0,-10.479896965314742,10.135128683987297,-1.0340171587433469,7,1319.268257265812,,11
AVAX,1,SQUEEZE_V2,2026-04-06 00:00:00+00:00,2026-04-06 03:00:00+00:00,9.067813184738158,9.451774355073642,40.28145278993897,365.26468870901624,9.45650260637683,11.89775251227969,SL,15.466513756038502,0.3729979455870355,0.0,15.276148154805975,9.97448089931611,1.53152312476265,3,1334.544405420618,,11
LINK,-1,SQUEEZE_V2,2026-04-02 02:00:00+00:00,2026-04-06 09:00:00+00:00,8.734252861022949,9.09622942951903,28.171442131763765,246.0564990385001,9.091683587725168,4.649330270140451,SL,-10.19740195244176,0.25115520001472097,0.0,-10.325528902937231,10.069339033405837,-1.025442570627671,103,1324.0594423246896,,11
DOGE,1,SQUEEZE_V2,2026-04-06 00:00:00+00:00,2026-04-06 23:00:00+00:00,0.09236846865266561,0.09021353121402007,4728.448387313199,436.7595366392865,0.09025866054429221,0.11648056131979019,SL,-10.189510456524369,0.4316647814110244,0.0,-10.40279546961575,9.976118747578507,-1.0427698118710556,23,1313.6566468550739,,11
NEAR,1,SQUEEZE_V2,2026-04-06 03:00:00+00:00,2026-04-07 05:00:00+00:00,1.2682536066770553,1.2278296819640635,251.42320455734833,318.8683859821601,1.2284439039160215,1.7232216382317265,SL,-10.163512692125394,0.3137866296360974,0.0,-10.317865128770412,10.009083040654634,-1.0308501874608869,26,1303.1765561801835,,11
SOL,-1,SQUEEZE_V2,2026-04-06 23:00:00+00:00,2026-04-07 21:00:00+00:00,80.10397874603272,82.57771969191029,4.050374242564093,324.4510922398325,82.53645146617721,52.304290515810074,SL,-10.019576609958628,0.3294608805448118,0.0,-10.186811944383525,9.852424851413053,-1.0339395730506398,22,1292.5471600636708,,11
ETH,-1,SQUEEZE_V2,2026-04-02 02:00:00+00:00,2026-04-07 22:00:00+00:00,2098.3802888183595,2185.225504072981,0.11743315876070423,246.41942559713883,2184.133437354304,1118.3443055504235,SL,-10.198507950603501,0.25151867957244056,0.0,-10.326816917377371,10.070263106251828,-1.0254763761799104,140,1282.2203431462935,,11
NEAR,1,SQUEEZE_V2,2026-04-07 20:00:00+00:00,2026-04-08 00:00:00+00:00,1.2613522737979888,1.305251504851259,214.81675356643714,270.9596005609277,1.3059044570797989,1.7812631436461035,SL,9.43029029892643,0.2756747457103909,0.0,9.290095353496502,9.772486955409013,0.9506377850271256,4,1291.3844764540336,,11
SUI,1,SQUEEZE_V2,2026-04-07 20:00:00+00:00,2026-04-08 06:00:00+00:00,0.89087814,0.9525143044427683,289.17291172230387,257.61782573355026,0.9529907998426896,1.2770621431462092,SL,17.823509139310048,0.2665295803032053,0.0,17.685788471873618,9.771470856906909,1.8099412801679204,10,1309.0702649259072,,11
DOGE,1,SQUEEZE_V2,2026-04-07 20:00:00+00:00,2026-04-08 14:00:00+00:00,0.09225844628065824,0.09348825229049343,3865.1303196514414,356.5909179633059,0.09353501980039362,0.12115807926448494,SL,4.753360495903545,0.3589675982112577,0.0,4.57268835667394,9.773824171351377,0.46785048272888025,18,1313.6429532825812,,11
APT,1,SQUEEZE_V2,2026-04-07 22:00:00+00:00,2026-04-09 00:00:00+00:00,0.8503700374245643,0.8175000619802407,296.2523141996621,251.92409151308047,0.8179090164884849,1.2213531338368995,SL,-9.737806293066926,0.247055188366547,0.0,-9.858899435676934,9.616652573597202,-1.0251903518636856,26,1303.7840538469043,,11
APT,1,SQUEEZE_V2,2026-04-09 16:00:00+00:00,2026-04-11 23:00:00+00:00,0.8471694028615951,0.8612528997459853,324.40774907092464,274.82831906408944,0.8616837416167936,1.191494400771695,SL,4.568795523312387,0.2771127168257456,0.0,4.429096966018686,9.773898533075814,0.4531556114512746,55,1307.478153883262,,11
AVAX,1,SQUEEZE_V2,2026-04-09 16:00:00+00:00,2026-04-12 07:00:00+00:00,9.33486678314209,9.00469827210435,30.017883827719444,280.21294664359635,9.009202873541119,13.056740035724616,SL,-9.910960007902002,0.27525746663964534,0.0,-10.046111001219849,9.775741405282876,-1.0276571959842211,63,1297.278382455984,,11
APT,-1,SQUEEZE_V2,2026-04-12 23:00:00+00:00,2026-04-13 13:00:00+00:00,0.8110377826929093,0.8391922737101536,350.8040808931086,284.51536392717077,0.8387728872665203,0.4940651589944968,SL,-9.876710344317676,0.2894537190993296,0.0,-10.02390638145342,9.72958786841988,-1.0302498437769223,14,1287.112218392567,,11
APT,1,SQUEEZE_V2,2026-04-13 13:00:00+00:00,2026-04-13 21:00:00+00:00,0.8313662436246871,0.8423699148490408,388.2270645047389,322.7588762907439,0.8427913105042929,1.115539900024425,SL,4.27192297820608,0.32489483777984696,0.0,4.1084075785716045,9.653341637944251,0.4255943415928372,8,1291.0592465329933,,11
DOGE,-1,SQUEEZE_V2,2026-04-12 02:00:00+00:00,2026-04-13 22:00:00+00:00,0.09100179896056652,0.09395246447995291,3377.0854601411934,307.3208521164212,0.09390551172409087,0.05781651023457399,SL,-9.964649623259728,0.31230317692805104,0.0,-10.123292374129568,9.806086154124465,-1.0323478924230831,44,1280.9359541588638,,11
SOL,1,SQUEEZE_V2,2026-04-09 16:00:00+00:00,2026-04-14 15:00:00+00:00,83.72674108428954,85.77746778778486,3.853999357857754,322.6828063743743,85.82037797677324,112.71911441015276,SL,7.9034993984126904,0.32663455607358066,0.0,7.738206245526297,9.776951465806778,0.7914743437757009,119,1288.67416040439,,11
BTC,1,SQUEEZE_V2,2026-04-09 16:00:00+00:00,2026-04-14 17:00:00+00:00,72120.02112,74373.74042687961,0.005283555653708275,381.0501453341362,74410.94589982952,93271.10312340975,SL,11.907651385735226,0.3870039710270038,0.0,11.71117248737529,9.778380403851783,1.1976597354263459,121,1300.3853328917653,,11
APT,-1,SQUEEZE_V2,2026-04-14 19:00:00+00:00,2026-04-15 14:00:00+00:00,0.8528293852210045,0.889168847080705,271.68089755939616,231.69745284187053,0.8887244848382859,0.44259967530921607,SL,-9.872737614868875,0.23663382164930497,0.0,-9.993522710097244,9.752012882006957,-1.024765126032174,19,1290.035241457849,,11
SUI,-1,SQUEEZE_V2,2026-04-14 19:00:00+00:00,2026-04-15 19:00:00+00:00,0.9257148199999999,0.9626614445439908,267.4071334995902,247.5427464542891,0.9621803543668075,0.5089658558079138,SL,-9.879790961794209,0.2524826419351862,0.0,-10.00850223050225,9.7511440165588,-1.0263926174720033,24,1279.641294173075,,11
XRP,1,SQUEEZE_V2,2026-04-15 15:00:00+00:00,2026-04-16 13:00:00+00:00,1.375275,1.3974659900515958,309.9525556596303,426.2700009847981,1.3981650725878896,1.7319737199035845,SL,6.878154079109534,0.4297090780243529,0.0,6.661580001577581,9.673971985530523,0.6886085685943051,22,1286.1335386111693,,11
AVAX,-1,SQUEEZE_V2,2026-04-14 19:00:00+00:00,2026-04-16 16:00:00+00:00,9.249150204277038,9.639632450288543,25.28851226072568,233.8972483421533,9.63481504276716,4.841552050104223,SL,-9.874715065857643,0.23883460587508212,0.0,-9.996601047561649,9.75288999668824,-1.0249885983494293,45,1275.9353920265994,,11
LINK,1,SQUEEZE_V2,2026-04-15 15:00:00+00:00,2026-04-16 20:00:00+00:00,9.204840668678283,9.492579013780391,37.439008448150595,344.6201075585264,9.4973276776192,12.158296271567727,SL,10.772638333134687,0.35000642672509374,0.0,10.594941960188857,9.675264310933867,1.0950545245793106,29,1286.3925191597573,,11
BTC,-1,SQUEEZE_V2,2026-04-16 14:00:00+00:00,2026-04-16 20:00:00+00:00,73735.25,75537.4902816012,0.005466735028588153,403.0910740167046,75499.74041139551,53569.64529833694,SL,-9.852370077361877,0.40801725905538555,0.0,-10.05884179940891,9.64600153958377,-1.042799107809696,6,1276.3336773603485,,11
SOL,1,SQUEEZE_V2,2026-04-16 16:00:00+00:00,2026-04-17 01:00:00+00:00,86.5973178314209,88.28780842336704,3.182889042806387,275.6296540620517,88.33197441057231,120.95789065513083,SL,5.380643982072666,0.27831997605308806,0.0,5.240138833050604,9.569515440199496,0.5475866427925804,9,1281.5738161933991,,11
DOGE,1,SQUEEZE_V2,2026-04-15 19:00:00+00:00,2026-04-17 02:00:00+00:00,0.09518903270512818,0.09778966493012695,3557.8796983431307,338.6711269664959,0.09783858422223805,0.12601737677522915,SL,9.252736596180018,0.34329749526458586,0.0,9.07877466439868,9.597309706298063,0.9459707920482024,31,1290.6525908577978,,11
DOGE,1,SQUEEZE_V2,2026-04-17 13:00:00+00:00,2026-04-18 11:00:00+00:00,0.10006001165807248,0.09590559510590721,2357.247392513304,235.86620157584215,0.09595357189185313,0.14699075184343635,SL,-9.792987585005683,0.2309697077833393,0.0,-9.906024192001102,9.679894431433484,-1.0233607672242073,22,1280.3249368917373,,11
ETH,1,SQUEEZE_V2,2026-04-17 14:00:00+00:00,2026-04-18 11:00:00+00:00,2436.3072323730466,2349.7496809850336,0.11336112839789368,276.18253698575796,2350.9251435568117,3412.102533130017,SL,-9.812261696703828,0.271276406137406,0.0,-9.945446834348356,9.679009933177573,-1.0275272887423634,21,1270.379490057389,,11
SOL,-1,SQUEEZE_V2,2026-04-18 09:00:00+00:00,2026-04-19 13:00:00+00:00,87.47249986419678,86.04354116616601,3.786456429980095,331.21080955722084,86.00054089571816,58.261700260380536,SL,5.41068985033459,0.32850546463205355,0.0,5.247789790481146,9.677974248663878,0.5422405201383591,28,1275.186169348341,,11
APT,1,SQUEEZE_V2,2026-04-19 13:00:00+00:00,2026-04-19 22:00:00+00:00,0.9529905358672142,0.9171173270342724,270.0565493014374,257.3613356332276,0.9175761150918182,1.3577267733003102,SL,-9.687794989794098,0.25251743813833055,0.0,-9.811631760115814,9.563896270112558,-1.0259031970868857,9,1265.0796863129654,,11
BTC,-1,SQUEEZE_V2,2026-04-18 11:00:00+00:00,2026-04-20 01:00:00+00:00,76149.36708000001,74643.82523569679,0.00649140441408322,494.31633759275553,74606.52197470944,59374.927585811354,SL,9.773080973696946,0.48942979710590706,0.0,9.530809345387416,9.527846175430417,1.0003110010281904,38,1274.4495637834839,,11
LINK,-1,SQUEEZE_V2,2026-04-19 22:00:00+00:00,2026-04-20 07:00:00+00:00,9.088182152557373,9.360767222309818,35.41563585932023,321.86374973814503,9.356089177720957,6.026387579259271,SL,-9.653773571039999,0.32669063652366503,0.0,-9.81953233269459,9.48809764734724,-1.034931626724986,9,1264.6300314507894,,11
ETH,-1,SQUEEZE_V2,2026-04-19 08:00:00+00:00,2026-04-22 02:00:00+00:00,2314.0571155273437,2372.070157271567,0.16762968332219888,387.90466146532964,2370.88471491411,1664.5988368214412,SL,-9.724707816141656,0.3927670153734005,0.0,-9.923522500782392,9.525992489164443,-1.0417310859808182,66,1254.402164559546,,11
XRP,-1,SQUEEZE_V2,2026-04-19 21:00:00+00:00,2026-04-22 03:00:00+00:00,1.4087182390928268,1.4499779391858183,235.91745010727954,332.34121488639664,1.4492533125295537,0.9454602569588043,SL,-9.733883238129643,0.3372081565054615,0.0,-9.904920787191905,9.562931165103933,-1.0357620081315575,54,1244.497243772354,,11
SOL,1,SQUEEZE_V2,2026-04-20 16:00:00+00:00,2026-04-22 19:00:00+00:00,85.83716369476318,87.37686614275323,3.3262271051563164,285.513900511261,87.42057643096871,118.42569611054512,SL,5.121400016380045,0.28807460051945105,0.0,4.976082366116224,9.48472523588092,0.5246416994022766,51,1249.1853409347732,,11
LINK,1,SQUEEZE_V2,2026-04-22 03:00:00+00:00,2026-04-23 00:00:00+00:00,9.507900765037537,9.200501114699742,30.821525091769775,293.0480019996615,9.205103666533008,12.968439033660722,SL,-9.474526036087587,0.28831073898161774,0.0,-9.616312774069375,9.332668369272424,-1.0303926373009078,21,1239.5690281607037,,11
ETH,1,SQUEEZE_V2,2026-04-22 03:00:00+00:00,2026-04-23 17:00:00+00:00,2370.003935302734,2290.670598915909,0.11937634414047897,282.92240539498863,2291.816507169494,3263.574542539766,SL,-9.470523666326011,0.2781871435618256,0.0,-9.607249607190342,9.333729328292655,-1.029304500835329,38,1229.5905581852826,,11
APT,-1,SQUEEZE_V2,2026-04-23 18:00:00+00:00,2026-04-24 13:00:00+00:00,0.927614439713955,0.9668975682363791,237.67906911789942,220.47453653153465,0.9664143610558512,0.4841867672351408,SL,-9.336777419248564,0.22514292524115892,0.0,-9.451683076223956,9.22192918638962,-1.0249138640289521,19,1220.028637840793,,11
NEAR,1,SQUEEZE_V2,2026-04-09 16:00:00+00:00,2026-04-24 23:00:00+00:00,1.3802759952306747,1.406000018119812,153.02710663378488,211.21964190621802,1.3164004451941367,2.1102822813625375,EOD,3.9364727937059416,0.213187878303071,0.0,3.8288947363559798,9.774690606732962,0.39171518469531674,367,1223.6655833045781,,11
DOGE,1,SQUEEZE_V2,2026-04-20 19:00:00+00:00,2026-04-24 23:00:00+00:00,0.09561912151426076,0.09836000204086304,3379.8143644537413,323.1748804103463,0.09718658650344256,0.12768733942247562,EOD,9.26366737506191,0.32780671409787726,0.0,9.097448101169206,9.483654558754003,0.9592766211388094,100,1232.7630314057474,,11
SOL,-1,SQUEEZE_V2,2026-04-23 00:00:00+00:00,2026-04-24 23:00:00+00:00,86.81263583068848,86.13999938964844,4.068154037182431,353.1671749330635,89.09789042681093,60.6954404464319,EOD,2.736388653173064,0.35179898060647696,0.0,2.5611732600331187,9.296767711205277,0.275490723183948,47,1235.3242046657806,,11
LINK,-1,SQUEEZE_V2,2026-04-23 00:00:00+00:00,2026-04-24 23:00:00+00:00,9.28214359664917,9.371000289916992,41.93789478425279,389.2735615285987,9.503791425709718,6.7490255502429095,EOD,-3.7264626531425273,0.39113679285516995,0.0,-3.9229626652333978,9.295443334299279,-0.42203072238179845,47,1231.4012420005472,,11
XRP,1,SQUEEZE_V2,2026-04-24 16:00:00+00:00,2026-04-24 23:00:00+00:00,1.4472894267082215,1.4329999685287476,265.25347180549744,383.8985451417438,1.4127933097619538,1.8415307632369948,EOD,-3.7903283923249185,0.3820033809455814,0.0,-3.980382500699628,9.150214783805946,-0.4350042698171534,7,1227.4208594998477,,11
BTC,1,SQUEEZE_V2,2026-05-01 02:00:00+00:00,2026-05-01 20:00:00+00:00,76657.62846,77966.09225894141,0.006192287422492687,474.6860685509755,78005.09480634458,90499.73233310827,SL,8.102383924971857,0.47873726051346144,0.0,7.860989698733883,7.5,1.0481319598311845,18,1007.0959105717974,,12
APT,1,SQUEEZE_V2,2026-05-01 02:00:00+00:00,2026-05-03 01:00:00+00:00,1.0213042642593384,0.9733955635911671,158.10345039277047,161.47172808025124,0.9738825048435888,1.5632672290107619,SL,-7.574530879472314,0.1576844626405151,0.0,-7.651479478072703,7.4975437873258555,-1.020531482724658,47,999.1926052410073,,12
AVAX,1,SQUEEZE_V2,2026-05-02 17:00:00+00:00,2026-05-03 03:00:00+00:00,9.164832706832886,9.022874840722084,54.95481713040161,503.6517054347248,9.027388534989578,10.735623242184976,SL,-7.8012685723411765,0.4997510711485542,0.0,-8.04919379077237,7.553219329288481,-1.0656639824505942,10,991.0356542670347,,12
ETH,1,SQUEEZE_V2,2026-05-01 04:00:00+00:00,2026-05-04 00:00:00+00:00,2282.3362587890624,2313.3894735858707,0.1508268113947465,344.23750044376925,2314.5467469593505,2850.4003430395524,SL,4.683657371358762,0.34657932912944867,0.0,4.509196792451197,7.496938268345555,0.6014717783512308,68,995.544851059486,,12
APT,-1,SQUEEZE_V2,2026-05-03 02:00:00+00:00,2026-05-04 02:00:00+00:00,0.9799039560675621,1.0144845243524432,219.93417320740025,215.5143664003799,1.013977535584651,0.590491618729402,SL,-7.605448694777371,0.21931709074776862,0.0,-7.71700860232495,7.493944539307554,-1.029765907907027,24,987.827842457161,,12
SOL,1,SQUEEZE_V2,2026-05-01 04:00:00+00:00,2026-05-04 06:00:00+00:00,83.88677674713135,84.70510783974044,4.404257658202907,369.4589789105108,84.74748158053069,103.33716955058017,SL,3.6041409815691168,0.37126104940129534,0.0,3.417609421623077,7.49564737771889,0.45594586423342925,74,990.7361782882923,,12
LINK,1,SQUEEZE_V2,2026-05-04 02:00:00+00:00,2026-05-04 10:00:00+00:00,9.248849140548705,9.401175770064816,37.42483732124008,346.1366744937264,9.405878709419525,11.511276020273451,SL,5.700799329333252,0.34898707415839303,0.0,5.524880592421722,7.408708818428707,0.7457278626849151,8,996.261058880714,,12
SUI,1,SQUEEZE_V2,2026-05-04 02:00:00+00:00,2026-05-05 14:00:00+00:00,0.93038604,0.9571131920842625,327.85985710951735,305.0362341310897,0.9575919880783016,1.1885462784339693,SL,8.76276026329063,0.309417614262735,0.0,8.605860766093441,7.406033152378011,1.1620067840676862,36,1004.8669196468074,,12
DOGE,1,SQUEEZE_V2,2026-05-01 02:00:00+00:00,2026-05-06 13:00:00+00:00,0.1089917953401804,0.1141028690952194,1654.2894566047878,180.30397788768727,0.11415994906975427,0.16079285209206773,SL,8.455195424890455,0.1845315756001325,0.0,8.360815838234167,7.498219927242934,1.115040092096686,131,1012.8993396237336,,12
XRP,1,SQUEEZE_V2,2026-05-04 02:00:00+00:00,2026-05-06 13:00:00+00:00,1.4052809713840484,1.433091802725912,261.42407094350347,367.3742723586589,1.4338087070794516,1.7291077834693345,SL,7.2704207457131815,0.3710094827315155,0.0,7.0830983991609955,7.407410805899356,0.9562178451774169,59,1019.9824380228946,,12
BTC,1,SQUEEZE_V2,2026-05-06 09:00:00+00:00,2026-05-07 13:00:00+00:00,81927.3822,80330.40783580049,0.004840428416840978,396.5636289182717,80370.59313236667,99719.25725866649,SL,-7.730040093437818,0.39269860887155283,0.0,-7.924456887850235,7.535526041999689,-1.0516129655292568,28,1012.0579811350443,,12
AVAX,1,SQUEEZE_V2,2026-05-06 04:00:00+00:00,2026-05-09 09:00:00+00:00,9.569913439750671,9.920662198530056,27.192314260317282,260.2280936977342,9.925625011035574,12.737405894820423,SL,9.537670475145267,0.2649969289353068,0.0,9.402787593058827,7.536501897351054,1.2476328834155457,77,1020.9180411566657,,12
APT,1,SQUEEZE_V2,2026-05-08 04:00:00+00:00,2026-05-09 09:00:00+00:00,1.0410081353902816,1.1068549544698416,146.50898500852293,152.51704530164517,1.107408658799241,1.632834253686465,SL,9.647150629386182,0.15734062061633824,0.0,9.566068531420667,7.586936340646933,1.2608605241842552,29,1030.4841096880864,,12
ETH,-1,SQUEEZE_V2,2026-05-07 15:00:00+00:00,2026-05-10 17:00:00+00:00,2297.79035,2355.0889077899633,0.13520821120268606,310.68012294229396,2353.9119518140565,1656.4006149822126,SL,-7.74723550327464,0.31455374069393127,0.0,-7.906449182497424,7.588101391107966,-1.0419535500359167,74,1022.1821422712155,,12
SOL,1,SQUEEZE_V2,2026-05-10 09:00:00+00:00,2026-05-10 20:00:00+00:00,94.00879586334229,95.43969692778975,4.636298139595781,435.85280536685343,95.4874406481138,113.06003172919124,SL,6.63408394304342,0.43916984733837516,0.0,6.412840498388471,7.728630822660648,0.8297511739835951,11,1028.4744585143499,,12
LINK,1,SQUEEZE_V2,2026-05-10 09:00:00+00:00,2026-05-10 20:00:00+00:00,10.487096656608582,10.699278538386418,33.86863638338316,355.18366338006933,10.704630853813324,13.094480343281544,SL,7.186311001075515,0.3587768188806071,0.0,7.005126013884942,7.726996374640524,0.9065781416535006,11,1035.479584528235,,12
NEAR,1,SQUEEZE_V2,2026-05-10 17:00:00+00:00,2026-05-10 20:00:00+00:00,1.5843167914152145,1.5331618264321822,152.1466614596714,241.0485105083235,1.533928790827596,2.1601796552737125,SL,-7.783057139254759,0.2371569819386961,0.0,-7.899689865939293,7.666366067034115,-1.0304347322923288,3,1027.5798946622956,,12
BTC,-1,SQUEEZE_V2,2026-05-07 14:00:00+00:00,2026-05-10 22:00:00+00:00,80454.50588000001,82006.5240020886,0.005023333736774737,404.1498336625455,81965.54123147286,63185.53043459595,SL,-7.796304992773368,0.40804798615893223,0.0,-8.002278062101027,7.5904348585128325,-1.05425818299808,80,1019.5776166001946,,12
NEAR,1,SQUEEZE_V2,2026-05-12 08:00:00+00:00,2026-05-13 05:00:00+00:00,1.5793157961845397,1.6425699906982127,107.6039939313195,169.94068734827823,1.6433916865414835,2.3914823705306514,SL,6.806403962579782,0.17334388932956812,0.0,6.7180304169243525,7.646832124501459,0.8785377143822599,21,1026.1594520476322,,12
DOGE,-1,SQUEEZE_V2,2026-05-07 14:00:00+00:00,2026-05-13 09:00:00+00:00,0.10936812001913786,0.11323009355345057,1994.2570186824637,218.10814096827173,0.11317350680005055,0.06587798538013566,SL,-7.701767826769042,0.22195902488165625,0.0,-7.814672781166562,7.588919296636598,-1.029747777740899,139,1018.3447792664656,,12
SOL,-1,SQUEEZE_V2,2026-05-13 13:00:00+00:00,2026-05-14 07:00:00+00:00,93.0913786102295,91.4893448629118,2.7911631887604416,259.83322916783374,91.44362305138611,61.8188626508667,SL,4.471537622665085,0.2575974603565012,0.0,4.343856776892501,7.637585844498492,0.5687473588295534,18,1022.5587194287742,,12
XRP,1,SQUEEZE_V2,2026-05-14 13:00:00+00:00,2026-05-14 19:00:00+00:00,1.4472894267082215,1.5123745018249568,200.370299531945,289.99381593894327,1.513131067358636,1.8846674119634794,SL,13.0411159961994,0.296514373937043,0.0,12.889598530231828,7.668286317499018,1.680896877939701,6,1034.8388563703022,,12
LINK,1,SQUEEZE_V2,2026-05-14 13:00:00+00:00,2026-05-14 23:00:00+00:00,10.32806541366577,10.515999479323103,23.34295096134012,241.08752447671304,10.521260109377792,14.08285590189118,SL,4.386935678604382,0.24328099231601524,0.0,4.264198448526723,7.669190395715806,0.5560167668948219,10,1039.0119056306207,,12
APT,1,SQUEEZE_V2,2026-05-14 19:00:00+00:00,2026-05-15 05:00:00+00:00,1.0738147737979888,1.0275834259964594,169.7670593331548,182.29837641618138,1.0280974747338263,1.5962981916741326,SL,-7.848559965273973,0.1783740964335444,0.0,-7.9357848734994265,7.7612914227772665,-1.0224825278703065,10,1031.0761207571213,,12
BTC,1,SQUEEZE_V2,2026-05-14 15:00:00+00:00,2026-05-15 13:00:00+00:00,80933.88354,79239.99621312239,0.0046348559085717,375.1168883290228,79279.63603113795,99839.56935556623,SL,-7.850923685433403,0.3711914264863061,0.0,-8.034556667755197,7.667198840689247,-1.0479129124859017,22,1022.9647838129704,,12
ETH,1,SQUEEZE_V2,2026-05-14 15:00:00+00:00,2026-05-15 13:00:00+00:00,2286.2672206054685,2229.109092450776,0.13678407573904175,312.7249486629869,2230.2242045530525,2926.758832633081,SL,-7.818321730613293,0.30881578779768026,0.0,-7.970775044079479,7.665792152358013,-1.0397849153303294,22,1014.9940087688909,,12
SOL,-1,SQUEEZE_V2,2026-05-16 07:00:00+00:00,2026-05-17 05:00:00+00:00,87.94240708465577,86.99467406843488,3.476637656230056,305.7438840500271,86.95119846920028,62.91837666549384,SL,3.2949242922460518,0.30409642190390407,0.0,3.1436998123671613,7.612455065766682,0.4129679302153682,22,1017.7436602434431,,12
BTC,1,SQUEEZE_V2,2026-05-17 11:00:00+00:00,2026-05-17 23:00:00+00:00,78450.28692,77534.55349776053,0.007783861858513976,610.6461961460658,77573.34016784445,88472.53551606338,SL,-7.127942457936292,0.6070822249170977,0.0,-7.429701584780357,6.826032376051286,-1.0884363236903194,12,1010.0086355605897,,12
LINK,-1,SQUEEZE_V2,2026-05-16 07:00:00+00:00,2026-05-18 11:00:00+00:00,9.877023910140991,9.565389161222411,27.42174025823351,270.8451841882482,9.560608856794016,6.704855319182569,SL,8.545567140285122,0.2665724006181056,0.0,8.414417331761141,7.611308526201494,1.1055152084290094,52,1018.1811449833793,,12
DOGE,-1,SQUEEZE_V2,2026-05-16 07:00:00+00:00,2026-05-18 12:00:00+00:00,0.11053788794279099,0.10632587189349486,1913.43991936231,211.50760739173404,0.106272735525732,0.06508322034349501,SL,8.059439649717927,0.20747788756687507,0.0,7.957715565846919,7.610292856760788,1.0456516872116806,53,1026.1388605492264,,12
NEAR,-1,SQUEEZE_V2,2026-05-15 06:00:00+00:00,2026-05-18 23:00:00+00:00,1.5426913828372957,1.6211891140033658,99.54068227776332,153.5605527916506,1.6203789245410953,0.6548337633652994,SL,-7.813717717527071,0.15746741165041414,0.0,-7.89440485278166,7.733070905678409,-1.0208628563052207,89,1018.0471031879863,,12
SUI,-1,SQUEEZE_V2,2026-05-12 12:00:00+00:00,2026-05-19 06:00:00+00:00,1.23435308,1.0806827435991273,82.99833595859285,102.44925162536383,1.0801426722629959,0.1814996347400828,SL,12.754382207469611,0.09607206052162903,0.0,12.709534772760664,7.646194846923902,1.6622038840500861,162,1030.6409090334773,,12
DOGE,-1,SQUEEZE_V2,2026-05-19 23:00:00+00:00,2026-05-21 03:00:00+00:00,0.10268945917040109,0.10585181731022833,2485.901120097793,255.27584157393665,0.10579891785130269,0.0671527885315257,SL,-7.861309641946901,0.2592064963949101,0.0,-7.992878217554843,7.729806817751079,-1.0340333731497189,28,1022.5203928951355,,12
AVAX,1,SQUEEZE_V2,2026-05-18 22:00:00+00:00,2026-05-22 14:00:00+00:00,9.24484863052368,9.403515130490211,24.461631478304906,226.14408027258207,9.408219240110265,12.840469779246128,SL,3.881241450133749,0.22808470099764894,0.0,3.7662287892723914,7.6960414541191975,0.4893722067020014,88,1026.1358332565358,,12
APT,1,SQUEEZE_V2,2026-05-18 22:00:00+00:00,2026-05-22 14:00:00+00:00,0.9430885820031166,0.9752098254667998,178.7328781842235,168.5609366440951,0.9756976743039517,1.4351360915600697,SL,5.741122295120269,0.17143149779165523,0.0,5.653971265650662,7.695193413818175,0.7347406311448764,88,1031.7898045221864,,12
LINK,1,SQUEEZE_V2,2026-05-19 01:00:00+00:00,2026-05-22 14:00:00+00:00,9.653930827331543,9.809113411287855,23.97550372787231,231.45785453930884,9.814020421498604,13.293528195699318,SL,3.72058062014543,0.23331814484938157,0.0,3.602991402565703,7.635353273909897,0.47188273722411406,85,1035.3927959247521,,12
DOGE,1,SQUEEZE_V2,2026-05-21 03:00:00+00:00,2026-05-22 23:00:00+00:00,0.10506100688874721,0.10233817924995534,2870.4927229915343,301.57685574431235,0.1023893739369238,0.1355939549095862,SL,-7.815856923112307,0.2976689272827562,0.0,-7.962737422522907,7.668902946713516,-1.0383150599050563,44,1026.926737349465,,12
XRP,-1,SQUEEZE_V2,2026-05-22 15:00:00+00:00,2026-05-23 13:00:00+00:00,1.3497300238370895,1.3289958010125138,242.01277872979628,326.6519136038482,1.3283316351949164,0.9830961755295813,SL,5.017946880578333,0.32414294016355905,0.0,4.857129897216698,7.763881685463652,0.6256058623756107,22,1031.7838672466817,,12
SOL,-1,SQUEEZE_V2,2026-05-22 19:00:00+00:00,2026-05-23 13:00:00+00:00,85.39292166137696,83.42277776291408,3.0781005530765753,262.84799939470906,83.38108721930443,56.57122610341321,SL,6.064301023499029,0.25981584888295955,0.0,5.935909174313424,7.762656740787638,0.7646749524713798,18,1037.719776420995,,12
BTC,-1,SQUEEZE_V2,2026-05-18 00:00:00+00:00,2026-05-23 14:00:00+00:00,77399.517,75306.41320048856,0.006250889368509225,483.81581794304907,75268.77881108303,63549.940778339485,SL,13.08376028755236,0.47727393779927285,0.0,12.848394258724612,7.575064766704423,1.6961431557917073,134,1050.5681706797195,,12
ETH,-1,SQUEEZE_V2,2026-05-22 15:00:00+00:00,2026-05-23 14:00:00+00:00,2115.5768,2050.02918128813,0.1971766718798427,417.1423925302076,2049.004678948656,1665.48322102688,SL,12.924461307255378,0.41068016187657985,0.0,12.722352341643901,7.765445969435641,1.6383286152164815,23,1063.2905230213635,,12
NEAR,1,SQUEEZE_V2,2026-05-23 16:00:00+00:00,2026-05-24 21:00:00+00:00,2.258451496982574,2.367690672768548,37.31394759159658,84.27174079657061,2.36887511032371,4.700948031658278,SL,4.076144880227035,0.08630981323668413,0.0,4.031970937388635,7.9746789226602255,0.5055966486539918,29,1067.2803580883538,,12
BTC,-1,SQUEEZE_V2,2026-05-24 22:00:00+00:00,2026-05-25 02:00:00+00:00,76096.2777,77341.91887845025,0.006631278701367887,504.61562556538615,77303.26724482783,62302.111473396355,SL,-8.260193816203882,0.5087457224734881,0.0,-8.516631725894678,8.003884061390481,-1.0640623552979251,4,1057.9494880449463,,12
XRP,-1,SQUEEZE_V2,2026-05-24 22:00:00+00:00,2026-05-25 08:00:00+00:00,1.3347330381393432,1.3650645042466159,269.853282562342,360.1820916863093,1.364382313090071,0.9958841815595982,SL,-8.18504569397595,0.3642746145332973,0.0,-8.369229262666092,8.000954171047312,-1.0460288965222975,10,1049.5802587822802,,12
SOL,-1,SQUEEZE_V2,2026-05-24 22:00:00+00:00,2026-05-25 14:00:00+00:00,83.88322152557373,86.35232778511235,3.298495943696659,276.6884659463132,86.3091731985131,56.15805954912379,SL,-8.144336981644168,0.28076063443713534,0.0,-8.286753383108147,8.001991752794611,-1.0355863438892057,16,1041.0239781318048,,12
DOGE,-1,SQUEEZE_V2,2026-05-24 22:00:00+00:00,2026-05-25 15:00:00+00:00,0.10057987674623728,0.1033556838739196,2936.5447854600257,295.3573125813752,0.1033040318579906,0.06944667546905649,SL,-8.15128194623827,0.29943295355449434,0.0,-8.303036243502078,7.999603488203488,-1.0379309744221752,17,1032.6803603360468,,12
SOL,1,SQUEEZE_V2,2026-05-25 15:00:00+00:00,2026-05-26 00:00:00+00:00,86.29725477905274,84.30287993003975,3.967366810357957,342.3728644354184,84.34505245626788,108.60813846802253,SL,-7.9124165833867774,0.338416656143725,0.0,-8.079646807312793,7.7451027025203505,-1.04319427613059,9,1024.4295270965163,,12
NEAR,1,SQUEEZE_V2,2026-05-25 14:00:00+00:00,2026-05-26 13:00:00+00:00,2.6135225160598754,2.745961177848035,31.055062282138913,81.16310451201183,2.74733484527067,5.486826259145015,SL,4.112890890394422,0.08321954995720904,0.0,4.070252892693219,7.8076798359885355,0.5213140111012098,23,1028.2489961250028,,12
BTC,-1,SQUEEZE_V2,2026-05-26 01:00:00+00:00,2026-05-26 14:00:00+00:00,76734.65000000001,77949.05808744326,0.006536391687631969,501.5677284133485,77910.1030359253,63300.90101799665,SL,-7.937846928157128,0.5055366518774271,0.0,-8.19259971582788,7.683221453223871,-1.0662974854629856,13,1020.0563964091749,,12
APT,1,SQUEEZE_V2,2026-05-25 09:00:00+00:00,2026-05-26 15:00:00+00:00,0.964692910015583,0.9801439758845496,247.6207585394194,238.87799013565854,0.9806342930310651,1.328006643129023,SL,3.8260046507160443,0.24079099246101657,0.0,3.704652653322857,7.871851940867101,0.47062021505892065,30,1023.7610490624978,,12
LINK,1,SQUEEZE_V2,2026-05-25 11:00:00+00:00,2026-05-26 19:00:00+00:00,9.586917038154603,9.330869856248505,31.311061043309742,300.176544598805,9.335537625061034,12.459824616366804,SL,-8.017108942629264,0.2961679901274904,0.0,-8.163188660457351,7.870956148404092,-1.0371279558090933,32,1015.1663773617344,,12
DOGE,1,SQUEEZE_V2,2026-05-27 16:00:00+00:00,2026-05-27 21:00:00+00:00,0.10255050859451294,0.09941556159297338,2467.8181012954337,253.07600140659198,0.09946529424009341,0.13781010121645038,SL,-7.736478957001168,0.2492077619280914,0.0,-7.859148718225963,7.613747830213008,-1.0322312865471,5,1007.1806906428052,,12
XRP,-1,SQUEEZE_V2,2026-05-26 18:00:00+00:00,2026-05-28 14:00:00+00:00,1.330733770442009,1.299890001500823,216.71160975879442,288.38545755287777,1.299240381310168,0.9259270216190179,SL,6.684202818272727,0.28504335614374143,0.0,6.543352190905424,7.676053190632261,0.8524370569618814,44,1013.5943941487229,,12
SUI,-1,SQUEEZE_V2,2026-05-24 21:00:00+00:00,2026-05-28 17:00:00+00:00,1.0270945400000002,0.9365836019614534,186.5778969535136,191.6331392456365,0.9361155441893588,0.5367836562128229,SL,16.887340470521842,0.18318946901037558,0.0,16.799967571134285,8.004602685662652,2.0987884384599558,92,1030.3943617198572,,12
SOL,-1,SQUEEZE_V2,2026-05-26 18:00:00+00:00,2026-05-28 17:00:00+00:00,83.49330013580322,82.18756248159754,2.9119592857624355,243.1290906294022,82.14648923697905,53.36350318919092,SL,3.802254886933907,0.24122796318593526,0.0,3.6825914690626727,7.676964924722121,0.4796936686793537,47,1034.0769531889198,,12
BTC,-1,SQUEEZE_V2,2026-05-26 18:00:00+00:00,2026-05-28 21:00:00+00:00,75884.91998,73939.66830053936,0.004367818171479467,331.45153242990926,73902.71694206832,55794.581138633635,SL,8.496505633649173,0.3272032796130847,0.0,8.335028120251042,7.678207867968735,1.0855434319540074,51,1042.4119813091709,,12
APT,-1,SQUEEZE_V2,2026-05-29 13:00:00+00:00,2026-05-30 01:00:00+00:00,0.9053188947558404,0.9548633514556549,159.32746280306782,144.24216252912564,0.9543861583764668,0.34455016766296753,SL,-7.893792581937907,0.1481890588200946,0.0,-7.969860559493439,7.817762619363677,-1.0194554308611308,12,1033.981485771787,,12
AVAX,-1,SQUEEZE_V2,2026-05-29 15:00:00+00:00,2026-05-30 02:00:00+00:00,8.706258583068848,8.991956477640274,27.7931251500618,241.97413438803224,8.987462746267141,5.4924967179454995,SL,-7.940437338932797,0.24594435305749862,0.0,-8.06539462479628,7.815542500488557,-1.0319686220492186,11,1025.7945948759148,,12
NEAR,1,SQUEEZE_V2,2026-05-29 01:00:00+00:00,2026-05-30 04:00:00+00:00,2.5105019904613495,2.284440528348617,34.75963042144123,87.26412136072908,2.285583320008621,5.0810010813496795,SL,-7.857812875569224,0.08333521492294446,0.0,-7.897516029811804,7.81808985981878,-1.0101592807728184,27,1017.7810558323191,,12
APT,1,SQUEEZE_V2,2026-05-31 05:00:00+00:00,2026-05-31 14:00:00+00:00,0.9543908693790436,0.9227498050673762,244.8200918153426,233.6540602691021,0.9232114107727626,1.3107275391651116,SL,-7.746368269917562,0.22978087613414333,0.0,-7.859322115917155,7.6333579187423934,-1.029602201230463,9,1009.8049066862674,,12
XRP,1,SQUEEZE_V2,2026-05-30 01:00:00+00:00,2026-06-01 07:00:00+00:00,1.3482696496009827,1.3045883673063379,180.225478059236,242.99254215209572,1.305240987800238,1.8400257844666363,SL,-7.872479983792809,0.2390563021601993,0.0,-7.990040014876961,7.7548611432884025,-1.0303266386390553,54,1001.596013669112,,12
LINK,1,SQUEEZE_V2,2026-05-30 02:00:00+00:00,2026-06-01 13:00:00+00:00,9.186837419700622,8.877807753026138,25.258532067876036,232.04602756787168,8.88224887746487,12.66784933096637,SL,-7.805635745622482,0.22814320969506044,0.0,-7.917755941533606,7.69345946156936,-1.0291541771402917,59,993.6782577275784,,12
SOL,-1,SQUEEZE_V2,2026-05-31 15:00:00+00:00,2026-06-01 16:00:00+00:00,81.90361416931152,80.4199960884037,5.344159827328616,437.70600455665743,80.37980618531105,65.70748435957476,SL,7.928692147085933,0.43374165848311447,0.0,7.713803490881147,7.573536800147005,1.0185206323591665,25,1001.3920612184595,,12
NEAR,1,SQUEEZE_V2,2026-06-01 17:00:00+00:00,2026-06-02 02:00:00+00:00,2.4514901751995084,2.562526418797139,33.219459355616536,81.43717823573333,2.563808322958618,5.035325280053026,SL,3.6885639811918205,0.08328146022632923,0.0,3.646001110083358,7.510440459138447,0.485457694514711,9,1004.997343739425,,12
BTC,-1,SQUEEZE_V2,2026-05-29 14:00:00+00:00,2026-06-02 16:00:00+00:00,73099.57716,68044.21962026191,0.006125747301150093,447.78953750308295,68010.21451300541,58515.28689989169,SL,30.96784280539939,0.4323056161003833,0.0,30.75943195805055,7.817221711254193,3.934829162356649,98,1035.7567756974756,,12
NEAR,-1,SQUEEZE_V2,2026-06-02 16:00:00+00:00,2026-06-03 04:00:00+00:00,2.483503167581558,2.7897717089964904,25.47992558274122,63.2794758944802,2.7883775202363723,-1.0007751484734593,SL,-7.80369964358717,0.06718132571627378,0.0,-7.839241231356204,7.768175817731066,-1.0091482756431605,12,1027.8858947281722,,12
ETH,-1,SQUEEZE_V2,2026-05-27 22:00:00+00:00,2026-06-03 05:00:00+00:00,2020.0458611816407,1861.777827965222,0.12836212036479572,259.29736997540516,1860.8474042630905,1347.4971899823304,SL,20.315620329625418,0.24913955981059244,0.0,20.196129454802527,7.5538551798210385,2.6736188309187314,151,1048.0820241829747,,12
LINK,-1,SQUEEZE_V2,2026-06-05 04:00:00+00:00,2026-06-05 20:00:00+00:00,7.7844425749778745,7.465424758297237,16.902899923209304,131.57965380282076,7.461693911341567,2.470566331789109,SL,5.3923262290735465,0.12888349068828397,0.0,5.329232565286673,7.859242855007173,0.6780847294840094,16,1053.0830878592467,,12
SUI,-1,SQUEEZE_V2,2026-06-04 02:00:00+00:00,2026-06-05 21:00:00+00:00,0.78914214,0.7175041090957243,126.72343457104805,100.00280234554684,0.7171455363275605,0.08023141344878981,SL,9.07821732209671,0.09546369368449849,0.0,9.032755029584985,7.86061518137231,1.149115536273847,43,1062.1158428888316,,12
SOL,-1,SQUEEZE_V2,2026-06-05 03:00:00+00:00,2026-06-05 21:00:00+00:00,67.26654277954101,65.31722775749412,1.8525092259617546,124.61189109765077,65.28458546476175,18.774845691337262,SL,3.6111240626477032,0.12280632906632691,0.0,3.5506236791302017,7.860240170863515,0.4517194897290442,18,1065.6664665679618,,12
XRP,-1,SQUEEZE_V2,2026-06-05 03:00:00+00:00,2026-06-06 06:00:00+00:00,1.1337731437444687,1.092573670698553,124.66250828656213,141.3390039271264,1.092027656870118,0.4132198919011929,SL,5.136029649988466,0.1387709891021322,0.0,5.067928162849897,7.859772876271898,0.6447932074665434,27,1070.7343947308118,,12
LINK,1,SQUEEZE_V2,2026-06-07 02:00:00+00:00,2026-06-08 05:00:00+00:00,7.554510573291778,7.741651313868155,19.995879280187257,151.0590814444406,7.745524075906108,12.144027147820989,SL,3.742043656970066,0.15293010327292567,0.0,3.6646430944193606,8.02999919563666,0.4563690487554038,27,1074.102989772042,,12
SOL,1,SQUEEZE_V2,2026-06-07 02:00:00+00:00,2026-06-09 00:00:00+00:00,63.63272293167114,65.25507422301534,2.1320889462252954,135.6706251808329,65.28771808205637,106.67841011866878,SL,3.458997255169307,0.13740012380841754,0.0,3.389432443951306,8.030507960481089,0.42206949555757034,46,1077.4924222159934,,12
XRP,1,SQUEEZE_V2,2026-06-07 02:00:00+00:00,2026-06-09 02:00:00+00:00,1.1152230095386504,1.1450905727915883,137.63386587090298,153.49245411098735,1.1456634044938352,1.7819553202051586,SL,4.11078819464557,0.15554784820831014,0.0,4.031986573492754,8.029432724081243,0.5021508632110879,48,1081.4567006686939,,12
SOL,-1,SQUEEZE_V2,2026-06-09 15:00:00+00:00,2026-06-12 14:00:00+00:00,65.02699291534424,67.93181920805944,2.824975741034947,183.69967749829883,67.89787027292297,32.216965971587314,SL,-8.206063808840918,0.1878027094027193,0.0,-8.302016679494487,8.110158890646437,-1.0236564771954497,71,1072.9606522346146,,12
DOGE,1,SQUEEZE_V2,2026-06-07 02:00:00+00:00,2026-06-12 15:00:00+00:00,0.08347669513821601,0.08798425926638516,1819.3574313180807,151.8739456415872,0.0880282734030867,0.13391118678374234,SL,8.200870293727345,0.15597438078845088,0.0,8.120832885759688,8.028857127378327,1.0114556476621965,133,1081.0814851203743,,12
DOGE,1,SQUEEZE_V2,2026-06-12 15:00:00+00:00,2026-06-12 21:00:00+00:00,0.09056810798496008,0.08670403738469082,2121.9249831282855,192.17873100794716,0.08674741109023593,0.13423321535323612,SL,-8.199267943282857,0.1880790970363057,0.0,-8.291257674815188,8.107232193875843,-1.0226989281346053,6,1072.57694547646,,12
NEAR,-1,SQUEEZE_V2,2026-06-12 21:00:00+00:00,2026-06-13 15:00:00+00:00,1.9966005790233612,2.1624417306693884,48.82437538775839,97.48277616965234,2.1613610501443166,0.11362376621244419,SL,-8.097090642703797,0.10153132149100424,0.0,-8.149880576109975,8.04432709107345,-1.0131214809941846,18,1064.378323512265,,12
AVAX,1,SQUEEZE_V2,2026-06-13 16:00:00+00:00,2026-06-14 13:00:00+00:00,6.7513499999999995,6.570185584123755,44.878241267160696,302.98871417904536,6.573472320283897,8.784237768184024,SL,-8.130340364718336,0.2989235439966862,0.0,-8.2777695516255,7.9828374263419875,-1.0369457762361898,21,1055.94905960355,,12
BTC,-1,SQUEEZE_V2,2026-06-05 07:00:00+00:00,2026-06-14 21:00:00+00:00,61902.91694,64998.78770008882,0.00256537873668262,158.80442685650635,64966.304547814914,26892.7728506867,SL,-7.942081019449308,0.16277546736623102,0.0,-8.025454273387286,7.8587494313054105,-1.0212126424870864,230,1047.7343063540884,,12
ETH,-1,SQUEEZE_V2,2026-06-09 15:00:00+00:00,2026-06-14 21:00:00+00:00,1644.7509400634765,1710.88390427503,0.12425214462174225,204.3638316715136,1710.028889830115,898.717228444749,SL,-8.217162633478463,0.2084724129882528,0.0,-8.32345313063096,8.110925255015204,-1.0262026672585034,126,1039.4108532234575,,12
XRP,-1,SQUEEZE_V2,2026-06-14 13:00:00+00:00,2026-06-14 21:00:00+00:00,1.1357728371858598,1.1601110169658406,333.33950219020267,378.5979521486886,1.1595312513401705,0.8642481039937375,SL,-8.112876732074481,0.38265439051472583,0.0,-8.306232146514862,7.919617947026624,-1.0488172790751087,8,1031.1046210769425,,12
APT,-1,SQUEEZE_V2,2026-06-09 01:00:00+00:00,2026-06-15 05:00:00+00:00,0.648070335495472,0.6870884009815778,208.95300119117587,135.4162415847511,0.6867450284673441,0.20607384438836285,SL,-8.152941883995634,0.1394927125267489,0.0,-8.224726475730007,8.08119316661995,-1.0177614005940276,148,1022.6690493294143,,12
NEAR,1,SQUEEZE_V2,2026-06-14 22:00:00+00:00,2026-06-15 21:00:00+00:00,2.1894376912593843,2.455417358599637,59.42359595996527,130.10426074491684,2.456645681440357,3.6765220406626917,SL,15.80546828559314,0.1380069948877134,0.0,15.732513421077885,7.732191209516374,2.0346772337594463,23,1038.401562750492,,12
SOL,1,SQUEEZE_V2,2026-06-12 15:00:00+00:00,2026-06-15 22:00:00+00:00,67.89357325286865,74.05087107062923,3.452244387216758,234.3852071903056,74.0879150281433,94.73527879351819,SL,21.256496831785952,0.24501345560619858,0.0,21.128675979774908,8.108111138402807,2.6058690635975896,79,1059.530238730267,,12
DOGE,1,SQUEEZE_V2,2026-06-14 22:00:00+00:00,2026-06-16 14:00:00+00:00,0.088527701215446,0.08613673023590326,3293.729294313695,291.5862828515646,0.08617982014597625,0.11536062772367166,SL,-7.875211157173803,0.28764867727297766,0.0,-8.017066693020999,7.733284658077069,-1.0366961837681137,40,1051.513172037246,,12
BTC,-1,SQUEEZE_V2,2026-06-17 09:00:00+00:00,2026-06-17 16:00:00+00:00,64873.72266,66240.15055379929,0.005913500549526955,383.6307945997693,66207.04703028416,49635.729856752485,SL,-8.08037210087108,0.3876709806502048,0.0,-8.2762276842214,7.8846143963730455,-1.0496680329767931,7,1042.6995918559717,,12
DOGE,-1,SQUEEZE_V2,2026-06-16 15:00:00+00:00,2026-06-19 00:00:00+00:00,0.08662267234325409,0.08363858232364225,2703.6952846750373,234.20131076040684,0.08359678393167642,0.05328692590348161,SL,8.068070115070357,0.23016727570287165,0.0,7.955003494747689,7.886348790279345,1.0087055120555874,57,1050.5771725694465,,12
APT,-1,SQUEEZE_V2,2026-06-16 15:00:00+00:00,2026-06-19 13:00:00+00:00,0.6581683225512505,0.6393803618403031,205.17362483927076,135.0387804922224,0.6390608314245908,0.2189517016888285,SL,3.85479400240287,0.13311138349102097,0.0,3.78920200915796,7.885120791799892,0.480550914717569,70,1054.3663745786043,,12
AVAX,-1,SQUEEZE_V2,2026-06-17 20:00:00+00:00,2026-06-19 13:00:00+00:00,6.727654291534424,6.182244148161184,23.01627816112615,154.84556254585038,6.179154570875746,2.8445655443075877,SL,12.553311571778204,0.14856890675996126,0.0,12.482165446291168,7.820246938919787,1.596134437158238,41,1066.8485400248956,,12
XRP,-1,SQUEEZE_V2,2026-06-17 09:00:00+00:00,2026-06-20 05:00:00+00:00,1.194761052441597,1.148120238907271,191.30951528685742,228.56915782621758,1.1475464656744339,0.7238308043520891,SL,8.922831429836592,0.2241077421112993,0.0,8.813008266638402,7.883175780893296,1.1179515098469288,68,1075.461406948347,,12
NEAR,-1,SQUEEZE_V2,2026-06-16 15:00:00+00:00,2026-06-21 00:00:00+00:00,2.3225353542327882,2.213316493549473,40.156525607709284,93.26495042705912,2.2122103883552957,0.0783256797782439,SL,4.385849975874375,0.09107202543912193,0.0,4.341410425648783,7.885470535363993,0.5505581951234041,105,1079.3520639363885,,12
SOL,1,SQUEEZE_V2,2026-06-20 05:00:00+00:00,2026-06-21 21:00:00+00:00,70.83416369476318,73.04662856139362,3.5541517375659057,251.75536597477034,73.08317014646684,96.77070583378575,SL,7.863435850038101,0.2556870838997894,0.0,7.733626449125697,8.065960552112603,0.9587979508652739,40,1087.0055698099802,,12
NEAR,1,SQUEEZE_V2,2026-06-21 01:00:00+00:00,2026-06-21 22:00:00+00:00,2.209441910648346,2.0967753364637725,72.52562300714634,160.24115106787104,2.0978242485880663,3.4850723341944003,SL,-8.17121348481707,0.15615554432546253,0.0,-8.247248453608597,8.095140479522913,-1.0187900351415087,21,1078.5740093091208,,12
LINK,-1,SQUEEZE_V2,2026-06-21 21:00:00+00:00,2026-06-22 11:00:00+00:00,7.882423024559021,8.060780165022267,46.76532753355723,368.6240945015555,8.056751789127704,5.89009428663121,SL,-8.340930091712394,0.3727945595474117,0.0,-8.529412604009028,8.152541773574852,-1.0462274025575364,14,1069.939099610121,,12
AVAX,-1,SQUEEZE_V2,2026-06-21 22:00:00+00:00,2026-06-22 12:00:00+00:00,6.167766348743439,6.4074344244518135,34.2091736377953,210.99418998151504,6.404232308297665,3.4652982395522804,SL,-8.198846817344059,0.21509361339018707,0.0,-8.308443335743489,8.089305069818407,-1.0270898753395639,14,1061.6306562743775,,12
BTC,1,SQUEEZE_V2,2026-06-20 00:00:00+00:00,2026-06-22 14:00:00+00:00,63523.10208,64791.098936838236,0.006301371835869981,400.2826863740058,64823.510692184325,78034.88823631362,SL,7.990119681652141,0.40427774621483187,0.0,7.785983278624312,8.001364050186716,0.9730819932437172,62,1069.3171863139632,,12
ETH,1,SQUEEZE_V2,2026-06-20 06:00:00+00:00,2026-06-22 14:00:00+00:00,1725.59505,1752.0598527733353,0.19398751566065625,334.7438967858259,1752.936320933802,2200.6674594489587,SL,5.13384134244857,0.33731081745705016,0.0,4.963902473384433,8.063835190943495,0.6155758836638179,56,1074.2810887873477,,12
XRP,1,SQUEEZE_V2,2026-06-20 05:00:00+00:00,2026-06-23 05:00:00+00:00,1.1442288534164429,1.1143761436303325,275.3012314917644,315.00761245395626,1.1149336104355503,1.4790316303409288,SL,-8.218487767482417,0.3108983685702151,0.0,-8.371882329825654,8.065016469490196,-1.0380490060369159,72,1065.8440174436796,,12
AVAX,1,SQUEEZE_V2,2026-06-22 12:00:00+00:00,2026-06-23 06:00:00+00:00,6.362272261047363,6.104536591946006,31.26343386707099,198.90647807755445,6.107590387139576,9.272922248564932,SL,-8.05770204613556,0.1948776270544867,0.0,-8.15312643415127,7.962229922057832,-1.0239752574294039,18,1057.6908910095283,,12
XRP,-1,SQUEEZE_V2,2026-06-24 11:00:00+00:00,2026-06-24 18:00:00+00:00,1.0854828950881958,1.0656026163014287,306.901602322641,333.1364397963865,1.0650700812607983,0.7900813118339021,SL,6.10128941427964,0.33008579508924674,0.0,5.937771839088587,7.932681682571463,0.7485201192598208,7,1063.048433703105,,12
NEAR,-1,SQUEEZE_V2,2026-06-22 23:00:00+00:00,2026-06-24 20:00:00+00:00,2.0675864781856537,1.9429840029315166,63.058077164007074,130.3780276846886,1.9420129964333002,0.6073257102862533,SL,7.857192499401655,0.12644943143498777,0.0,7.795932081809011,8.057108165905108,0.9675843889993554,45,1070.844365784914,,12
BTC,-1,SQUEEZE_V2,2026-06-24 14:00:00+00:00,2026-06-24 20:00:00+00:00,61287.74,60259.1154340287,0.005211870092072665,319.4237391167255,60229.000933561925,43895.721328761574,SL,5.361057611357018,0.316743210311047,0.0,5.204026270604333,7.931432420922224,0.6561269130752093,6,1076.0483920555184,,12
ETH,-1,SQUEEZE_V2,2026-06-24 14:00:00+00:00,2026-06-24 20:00:00+00:00,1644.3110866455079,1588.0170712067131,0.16339688982250442,268.6753174585386,1587.2234594769748,1089.6417017935146,SL,9.19826703831911,0.26407618393937904,0.0,9.068528513109,7.930234581900537,1.143538494284448,6,1085.1169205686274,,12
LINK,-1,SQUEEZE_V2,2026-06-24 14:00:00+00:00,2026-06-24 20:00:00+00:00,7.467506062698364,7.277074598157919,32.03516577604007,239.22279465212634,7.27343787921831,4.638747867980605,SL,6.100503535527266,0.23617254288436274,0.0,5.983942389968966,7.92922704946007,0.7546690683269607,6,1091.1008629585963,,12
SUI,1,SQUEEZE_V2,2026-06-27 03:00:00+00:00,2026-06-28 19:00:00+00:00,0.70774152,0.6749623898094766,252.20863441700794,178.49852227941753,0.6753000398293914,1.0785012933783853,SL,-8.267179662729216,0.1743649324480529,0.0,-8.35229533403756,8.182021412295652,-1.0208107401779745,40,1082.1371495947678,,12
BTC,1,SQUEEZE_V2,2026-06-27 14:00:00+00:00,2026-06-28 19:00:00+00:00,60562.11,59219.83556879048,0.006232700191246821,377.46547457931104,59249.46029893994,75563.82086925782,SL,-8.365994104105317,0.3732824775272584,0.0,-8.55054384434292,8.181352042837105,-1.0451260133499631,29,1073.586605750425,,12
APT,1,SQUEEZE_V2,2026-06-26 17:00:00+00:00,2026-06-28 22:00:00+00:00,0.6075214800953865,0.5650714306503523,194.06607545460224,117.89930939648292,0.5653541077042044,1.0894343074231825,SL,-8.238114498651617,0.11378025214715712,0.0,-8.292945096100533,8.183256472189472,-1.0134040310582755,53,1065.2936606543244,,12
ETH,1,SQUEEZE_V2,2026-06-27 14:00:00+00:00,2026-06-28 22:00:00+00:00,1591.5482264648438,1552.200224907129,0.2120719636967148,337.52275770442316,1552.9767132637608,2032.3655201915078,SL,-8.344607957885954,0.33335045372548017,0.0,-8.509197032759221,8.179936547307431,-1.0402522053255012,32,1056.7844636215652,,12
LINK,-1,SQUEEZE_V2,2026-06-28 22:00:00+00:00,2026-06-29 12:00:00+00:00,7.188562057209015,7.396468409400914,38.812422456245784,279.0055074173356,7.392772023389219,4.854733872292396,SL,-8.069349172608977,0.28304018200364006,0.0,-8.21288660090395,7.925883477161739,-1.0362108684248519,14,1048.1107411231462,,12
SUI,-1,SQUEEZE_V2,2026-06-28 23:00:00+00:00,2026-06-29 12:00:00+00:00,0.6728654000000001,0.6981953876515709,317.16933157575835,213.4122691584553,0.6978464644193612,0.3873675209215876,SL,-8.033895252270922,0.21742921678459076,0.0,-8.144618334476284,7.923227503939719,-1.0279420009619162,13,1039.96612278867,,12
APT,-1,SQUEEZE_V2,2026-06-28 23:00:00+00:00,2026-06-29 17:00:00+00:00,0.5666866382837296,0.5924032471756222,311.7119127852406,176.64297596925908,0.5921071935788328,0.276166006339692,SL,-8.016173348041782,0.18065106264328,0.0,-8.108502922700433,7.923889915099604,-1.0232982802107125,18,1031.8576198659696,,12
ETH,1,SQUEEZE_V2,2026-06-29 18:00:00+00:00,2026-06-30 12:00:00+00:00,1627.5354029296875,1559.5717308554867,0.11519097093548257,187.47738329534255,1560.351906808891,2395.346787167361,SL,-7.828801374567928,0.1835629826080586,0.0,-7.918625665528316,7.738932148994771,-1.0232194200794078,18,1023.7096009126232,,12
NEAR,1,SQUEEZE_V2,2026-06-29 18:00:00+00:00,2026-06-30 12:00:00+00:00,1.9013802228927612,1.7847027769461683,66.83294574740047,127.07484128177212,1.785595574733535,3.22463334471249,SL,-7.797897414893895,0.12317589257432518,0.0,-7.857535886827335,7.738229108807415,-1.0154178399660108,18,1015.8520650257958,,12
APT,1,SQUEEZE_V2,2026-06-29 18:00:00+00:00,2026-06-30 12:00:00+00:00,0.5919183344364166,0.5598835590586134,243.67272082706884,144.23435105954852,0.5601636408790529,0.9548291179491443,SL,-7.806000877393296,0.14033135062085186,0.0,-7.874215052484374,7.737752578152609,-1.017635931487014,18,1007.9778499733114,,12
DOGE,-1,SQUEEZE_V2,2026-06-28 23:00:00+00:00,2026-06-30 14:00:00+00:00,0.07237551954239607,0.07094290647132832,3490.2829586906673,252.61104248520837,0.07090745274495584,0.04642645777682407,SL,5.000224988345264,0.25011092999103574,0.0,4.876419579596832,7.924837206508924,0.6153337226399643,39,1012.6585114283359,,12
AVAX,-1,SQUEEZE_V2,2026-06-30 13:00:00+00:00,2026-07-01 03:00:00+00:00,6.389721594047547,6.653440487123045,29.032307405915127,185.5083615566024,6.650115429408341,3.4137920470670444,SL,-7.656367972515517,0.18933654554286017,0.0,-7.752950337280076,7.5598338747998355,-1.0255450669523283,14,1004.9055610910559,,12
SUI,-1,SQUEEZE_V2,2026-06-30 13:00:00+00:00,2026-07-01 03:00:00+00:00,0.67746448,0.7026741442524572,304.0866254535672,206.00788758785566,0.7023229827610767,0.39336730558769506,SL,-7.66592173134713,0.20984084845352924,0.0,-7.772758636006732,7.559138218443998,-1.0282598903988167,14,997.1328024550492,,12
BTC,1,SQUEEZE_V2,2026-07-01 14:00:00+00:00,2026-07-02 07:00:00+00:00,59477.8932,60123.37069775604,0.004839126668648003,287.8210591791177,60153.44742146677,77134.94477066462,SL,3.1235473734034573,0.28938283286581945,0.0,2.978075070127197,7.476412050213427,0.39832944601310233,17,999.6891045689945,,12
SOL,1,SQUEEZE_V2,2026-07-01 03:00:00+00:00,2026-07-02 14:00:00+00:00,74.75494586334229,80.52618952392297,2.409568358853727,180.12715222013287,80.56647276030311,110.22541741509254,SL,13.906206115770365,0.18708025527801805,0.0,13.809189436602413,7.478496018412868,1.8465195946621742,35,1013.4982940055969,,12
XRP,1,SQUEEZE_V2,2026-06-27 03:00:00+00:00,2026-07-02 21:00:00+00:00,1.0612121895074844,1.0794929042944437,199.25326688942948,211.4499956222506,1.080032920754821,1.5305539460724427,SL,3.6424921423755316,0.21327124169343836,0.0,3.5349458984932185,8.182814349779235,0.43199634592572517,138,1017.0332399040901,,12
SUI,1,SQUEEZE_V2,2026-07-01 03:00:00+00:00,2026-07-02 21:00:00+00:00,0.70144026,0.7329150250911485,277.1402077843886,194.39729940473558,0.7332816659241105,1.0098069415177922,SL,8.7229229373257,0.19875876087339844,0.0,8.62136282615467,7.477820541592043,1.1529245424120815,42,1025.6546027302447,,12
NEAR,1,SQUEEZE_V2,2026-07-03 11:00:00+00:00,2026-07-03 15:00:00+00:00,1.9933986305236815,2.0392489540101195,86.63595764697601,172.69999932758964,2.0402690885543966,3.0080184616085974,SL,3.9722866836711943,0.17468614266942523,0.0,3.883950540665564,7.691474062444788,0.5049682946510546,4,1029.0774083915742,,12
DOGE,1,SQUEEZE_V2,2026-07-03 12:00:00+00:00,2026-07-04 01:00:00+00:00,0.07590517518371344,0.07684490198303817,3553.7404021637226,269.7472877836776,0.0768833436548656,0.10063831529479084,SL,3.339545093756305,0.2714170603305558,0.0,3.2030016773175882,7.69082643744731,0.4164704148987021,13,1032.1336265187624,,12
AVAX,1,SQUEEZE_V2,2026-07-01 04:00:00+00:00,2026-07-04 07:00:00+00:00,6.704340668678284,6.8364948583723795,27.027326103250214,181.20040155965057,6.839914815780269,9.866047252242815,SL,3.571774380773118,0.18298628875003714,0.0,3.479388292802906,7.477091551719275,0.46533980074148734,75,1035.4896196725556,,12
SUI,1,SQUEEZE_V2,2026-07-03 12:00:00+00:00,2026-07-04 20:00:00+00:00,0.75095016,0.7664936605182829,306.79399062794573,230.38699634909435,0.7668770990678168,1.037408178643664,SL,4.768652552331555,0.23277132262526012,0.0,4.651074727880842,7.689814885118122,0.6048357206727998,32,1040.059880272188,,12
LINK,1,SQUEEZE_V2,2026-07-03 19:00:00+00:00,2026-07-04 22:00:00+00:00,7.906581209850311,8.012209578959546,37.12946120035497,293.5671002585928,8.016217687803447,10.282232031418083,SL,3.9219244324980815,0.2955280624748418,0.0,3.7731799201525362,7.718080562936806,0.4888754256170661,27,1043.8330601923406,,12
ETH,1,SQUEEZE_V2,2026-07-03 11:00:00+00:00,2026-07-05 00:00:00+00:00,1741.7783397216797,1767.4539306772326,0.1432188410681694,249.45547521257922,1768.338099727096,2355.61693111726,SL,3.6772283803946633,0.25129408940277653,0.0,3.5506620285981763,7.6924095204768355,0.46157995347835806,37,1047.3837222209388,,12
SOL,1,SQUEEZE_V2,2026-07-04 05:00:00+00:00,2026-07-05 01:00:00+00:00,83.46668694763183,80.8081862238777,2.956751813744497,246.79027801965452,80.84861052914226,113.3875603017983,SL,-7.860526836801083,0.242860014601254,0.0,-7.9799917123925095,7.741002198890718,-1.0308732005703394,20,1039.4037305085462,,12
LINK,1,SQUEEZE_V2,2026-07-05 22:00:00+00:00,2026-07-06 12:00:00+00:00,8.047608726882935,7.855743998789872,41.4742788029747,333.7687680359951,7.859673835707725,10.195436054599613,SL,-7.957451225388627,0.3297900424233008,0.0,-8.12035688379393,7.7944640734073465,-1.041810804093439,14,1030.7240378856195,,12
DOGE,1,SQUEEZE_V2,2026-07-05 22:00:00+00:00,2026-07-06 12:00:00+00:00,0.0779055792376399,0.07553022579058022,3333.895584004348,259.7290665896685,0.07556800979547795,0.10462065857663361,SL,-7.919180367601766,0.2557694764058676,0.0,-8.0450853107128,7.793212440527212,-1.0323195180559648,14,1022.6789525749067,,12
APT,1,SQUEEZE_V2,2026-07-05 22:00:00+00:00,2026-07-06 12:00:00+00:00,0.632726529443264,0.6120019086868506,381.6270125202915,241.4655351737651,0.6123080627182096,0.8660804348724578,SL,-7.9090751048860914,0.23751099762132205,0.0,-8.02585333492053,7.792238456527502,-1.02998045807971,14,1014.6530992399862,,12
NEAR,-1,SQUEEZE_V2,2026-07-04 08:00:00+00:00,2026-07-06 15:00:00+00:00,1.9786041723489762,2.0747121377049935,81.68801964315865,161.62825649687883,2.0736753000549664,0.8920769985662305,SL,-7.850869361866351,0.16555369117781202,0.0,-7.935608924795724,7.766172147544167,-1.0218172832165633,55,1006.3478498361156,,12
ETH,-1,SQUEEZE_V2,2026-07-06 13:00:00+00:00,2026-07-06 15:00:00+00:00,1739.662007763672,1789.4728024737813,0.15556913098654881,270.6377067581092,1788.5785132171727,1180.6162311522344,SL,-7.749022046801094,0.2745122177815097,0.0,-7.888215411203549,7.609898244299896,-1.0365730470985106,2,998.4596344249121,,12
XRP,-1,SQUEEZE_V2,2026-07-06 13:00:00+00:00,2026-07-06 16:00:00+00:00,1.114477019762993,1.1495142200484425,220.7858536539978,246.06076018613578,1.1489397501733558,0.7206172436445599,SL,-7.735718174669073,0.24992861927347032,0.0,-7.862616413849476,7.608883352899552,-1.0333469510809667,3,990.5970180110627,,12
SOL,-1,SQUEEZE_V2,2026-07-05 02:00:00+00:00,2026-07-06 21:00:00+00:00,80.79383555908203,83.05533755674317,3.5115068681123622,283.7081084668573,83.01383064142246,55.4224631894771,SL,-7.941279797036928,0.28767874836537577,0.0,-8.087104491168875,7.795527978814097,-1.0374030486642078,43,982.4492892409335,,12
DOGE,-1,SQUEEZE_V2,2026-07-06 13:00:00+00:00,2026-07-06 21:00:00+00:00,0.07490501464605331,0.07750403134541639,2971.5299070054953,222.58249120543206,0.07746529869606836,0.04564462550302428,SL,-7.723055850964093,0.2264440191309141,0.0,-7.8382086244922915,7.607960625048856,-1.0302640892600514,8,974.6110806164412,,12
NEAR,1,SQUEEZE_V2,2026-07-06 16:00:00+00:00,2026-07-08 01:00:00+00:00,2.0764151751995086,1.9482087189361161,58.393215079944476,121.2485579206855,1.9491833105914118,3.530493627863471,SL,-7.48638717522577,0.11750536433307263,0.0,-7.5432682605984995,7.42947763508297,-1.015316100418446,33,966.8972917749794,,12
APT,1,SQUEEZE_V2,2026-07-07 12:00:00+00:00,2026-07-08 01:00:00+00:00,0.6459291544675827,0.6163813935622064,249.99073495802753,161.4763040561683,0.6166897384314222,0.9800939091665608,SL,-7.386666465099083,0.15778297082361875,0.0,-7.463711283894617,7.309583104623309,-1.0210857687867072,13,959.4335804910847,,12
AVAX,-1,SQUEEZE_V2,2026-07-08 02:00:00+00:00,2026-07-09 06:00:00+00:00,6.490701702976227,6.749640495000315,28.146954780422604,182.69348732688385,6.7462673613196555,3.5699513219084764,SL,-7.2883384699992515,0.1863376565618835,0.0,-7.383329382897693,7.193395028821414,-1.0264039932904112,28,951.6446610496275,,12
LINK,-1,SQUEEZE_V2,2026-07-08 02:00:00+00:00,2026-07-10 10:00:00+00:00,7.742451158046722,8.012326711740778,27.064784173348542,209.54776956522701,8.008322550465547,4.703920958974451,SL,-7.304123614392556,0.2131998313724233,0.0,-7.412549560982366,7.195751853683135,-1.0301285691485127,56,944.1309468846765,,12
SUI,-1,SQUEEZE_V2,2026-07-07 22:00:00+00:00,2026-07-11 05:00:00+00:00,0.7238552,0.7536955389607476,248.0673726876813,179.56485767031612,0.7533188795209871,0.3871274340458619,SL,-7.402414486102502,0.1832660649133674,0.0,-7.495898122180711,7.308977568483098,-1.0255741041679522,79,936.5452162838086,,12
APT,1,SQUEEZE_V2,2026-07-11 12:00:00+00:00,2026-07-12 00:00:00+00:00,0.6350269538640976,0.6184392505946523,431.4993965711461,274.01374739877116,0.6187486249071058,0.8210649990868604,SL,-7.157583951266854,0.2704349554231377,0.0,-7.291012032990607,7.024089122128564,-1.0380010712024046,12,929.1171973771186,,12
AVAX,1,SQUEEZE_V2,2026-07-09 06:00:00+00:00,2026-07-12 06:00:00+00:00,6.598319522094727,6.362375407807067,30.66374813461618,202.32920793723372,6.365558186900517,9.258449067171409,SL,-7.234930894361879,0.19871174249005277,0.0,-7.332478032883315,7.1373349578722065,-1.0273411681198839,72,921.5059841850222,,12
BTC,-1,SQUEEZE_V2,2026-07-12 00:00:00+00:00,2026-07-13 08:00:00+00:00,63767.44396,63133.30575949154,0.00874224030017513,557.4703184262711,63101.75488205052,54676.34631898957,SL,5.5437885323655935,0.5546984241600883,0.0,5.26782526741864,6.95419901488098,0.757502806023563,32,926.66028398821,,12
NEAR,-1,SQUEEZE_V2,2026-07-10 15:00:00+00:00,2026-07-13 14:00:00+00:00,1.8896219856977463,1.9650780973079003,95.07984069520461,179.66495737429793,1.9640960492832589,1.0384898304347459,SL,-7.174355071373019,0.18325213490998443,0.0,-7.267774727595854,7.080982101635073,-1.0263794800325294,71,919.3925092606141,,12
APT,-1,SQUEEZE_V2,2026-07-12 23:00:00+00:00,2026-07-14 01:00:00+00:00,0.6080783736348152,0.5936735413139558,373.3908954929888,227.0509284614239,0.5933768528875121,0.3965407379579369,SL,5.378633239712051,0.2243616118415679,0.0,5.267797092101195,6.911294881387667,0.7622011768427849,26,924.554423591177,,12
XRP,-1,SQUEEZE_V2,2026-07-08 02:00:00+00:00,2026-07-14 12:00:00+00:00,1.0981803167581559,1.0784415330283112,207.61970014099137,228.00386806606724,1.0779025817374426,0.7021283844629177,SL,4.098160359138217,0.22595478788649814,0.0,3.9862075052847525,7.194966049547266,0.5540272848869912,154,928.5406310964618,,12
SUI,-1,SQUEEZE_V2,2026-07-13 18:00:00+00:00,2026-07-14 12:00:00+00:00,0.71405716,0.7376767236216142,296.56662651009145,211.7655230765766,0.7373080695868208,0.44833247900776174,SL,-7.0047743029026055,0.21526791022802794,0.0,-7.114159451592345,6.895443819454606,-1.0317188621739852,18,921.4264716448694,,12
XRP,1,SQUEEZE_V2,2026-07-14 13:00:00+00:00,2026-07-15 02:00:00+00:00,1.0890177134513854,1.1005522494968139,286.1766009371976,311.6513875959165,1.1011028008972623,1.3649615543623415,SL,3.300914318868291,0.3133018447553506,0.0,3.1434381679108987,6.90975866362704,0.4549273456478231,13,924.2887676243848,,12
ETH,1,SQUEEZE_V2,2026-07-15 13:00:00+00:00,2026-07-16 12:00:00+00:00,1926.7853044189453,1870.6839060307177,0.1256494955632621,242.0996015589469,1871.6197158886619,2557.2491733364714,SL,-7.0491124078744045,0.23857504535500967,0.0,-7.166637652449941,6.931528371280594,-1.0339188225995692,23,916.800949757607,,12
NEAR,1,SQUEEZE_V2,2026-07-15 12:00:00+00:00,2026-07-16 22:00:00+00:00,2.0774153027057647,1.9916921047823,81.81781164461987,169.9695739444312,1.9926884490068033,3.045722202122466,SL,-7.0136844612765055,0.16646273171379297,0.0,-7.0951624060180825,6.9321657571828865,-1.0235130916577266,34,909.5818715723615,,12
LINK,1,SQUEEZE_V2,2026-07-15 13:00:00+00:00,2026-07-16 23:00:00+00:00,8.574714554214477,8.31249999565336,26.857016836693358,230.2912531523778,8.316658324815768,11.523928604485441,SL,-7.04230081410205,0.22677010274532677,0.0,-7.153925290271188,6.930620497774749,-1.0322200288658334,34,902.4279462820903,,12
SOL,1,SQUEEZE_V2,2026-07-14 13:00:00+00:00,2026-07-17 02:00:00+00:00,76.8453678314209,74.68914874251735,3.2615237101167334,250.63298919482096,74.7265119985166,101.06086306461296,SL,-7.032559682665244,0.24711670935348834,0.0,-7.1543598974213225,6.91069853733652,-1.0352585717302485,61,895.0096457733483,,12
NEAR,-1,SQUEEZE_V2,2026-07-16 23:00:00+00:00,2026-07-17 14:00:00+00:00,1.9886021628141404,1.9484149602389744,75.18384955665685,149.51076583706077,1.947441239619165,0.9597779235619457,SL,3.0214285925141695,0.1480000515408037,0.0,2.948183923891896,6.768209597115677,0.43559288192674867,15,897.842999588601,,12
BTC,-1,SQUEEZE_V2,2026-07-17 00:00:00+00:00,2026-07-19 02:00:00+00:00,63783.2408,64956.54926462597,0.005932129695178326,378.37045680438973,64924.08722101547,50744.99598839465,SL,-6.960217984611829,0.3818505657966957,0.0,-7.152883322006329,6.767648931743788,-1.05692292761458,50,890.5173911243652,,12
ETH,-1,SQUEEZE_V2,2026-07-17 06:00:00+00:00,2026-07-19 02:00:00+00:00,1822.9353888183593,1877.1547568209708,0.1259837395703693,229.66021727850207,1876.2166484967224,1214.0067067799241,SL,-6.830758738111011,0.2330755966475576,0.0,-6.9490042261193175,6.712572343300113,-1.0352222472589347,44,883.5683868982459,,12
ETH,1,SQUEEZE_V2,2026-07-19 03:00:00+00:00,2026-07-20 06:00:00+00:00,1871.0141426513671,1840.976812294948,0.22759568895048085,425.83475283283116,1841.8977611755358,2203.77278808944,SL,-6.8363668967023825,0.42241656938448,0.0,-7.045866089670447,6.626762901736844,-1.0632440294225343,27,876.1089685867005,,12
LINK,1,SQUEEZE_V2,2026-07-18 13:00:00+00:00,2026-07-20 13:00:00+00:00,8.308661560249329,8.407245538634442,41.5771279109063,345.45028445891666,8.411451264266574,10.159630476578004,SL,4.098838679283865,0.3474997037985586,0.0,3.924064117714765,6.733822496914507,0.5827394647709832,48,879.8318763008449,,12
BTC,-1,SQUEEZE_V2,2026-07-20 06:00:00+00:00,2026-07-20 15:00:00+00:00,64085.88026,65165.136088317835,0.006277713679029162,402.3128071408269,65132.56980341613,52123.71404952992,SL,-6.775259076602833,0.40570043667912836,0.0,-6.979803109711548,6.570817264400254,-1.0622427665926917,9,872.8520731911334,,12
XRP,-1,SQUEEZE_V2,2026-07-16 18:00:00+00:00,2026-07-21 03:00:00+00:00,1.0936811852931976,1.1245870316044309,226.6031104744588,247.83155845483148,1.1240250190948835,0.7468945132739291,SL,-7.003360905971038,0.251333238907817,0.0,-7.13077836565144,6.8760071231820525,-1.0370522074665167,105,865.721294825482,,12
SOL,1,SQUEEZE_V2,2026-07-19 03:00:00+00:00,2026-07-21 14:00:00+00:00,76.16523152618409,77.85246828358774,5.268410308437125,401.26969091704854,77.89141399058303,90.5369639215548,SL,8.889055525479435,0.4057142186797883,0.0,8.683976152258172,6.625166021413722,1.3107560058404586,59,874.2911822771662,,12
AVAX,1,SQUEEZE_V2,2026-07-21 07:00:00+00:00,2026-07-22 05:00:00+00:00,6.674334458827972,6.481170503844696,34.187289018188,228.17740114800324,6.484412710199796,8.84486872886427,SL,-6.6037519569095045,0.2248755251695485,0.0,-6.714538781505051,6.492909711191114,-1.0341340138970267,22,867.5766434956611,,12
APT,-1,SQUEEZE_V2,2026-07-22 06:00:00+00:00,2026-07-22 16:00:00+00:00,0.6037792353510857,0.6212482690588049,379.0743530168011,228.87722300569172,0.6209378001587256,0.4076813518352011,SL,-6.622062650582361,0.2321882543309829,0.0,-6.739812293410498,6.504371853152943,-1.0361972601771572,10,860.2669735941558,,12
SUI,-1,SQUEEZE_V2,2026-07-22 06:00:00+00:00,2026-07-22 16:00:00+00:00,0.7594480800000001,0.7790772098274679,338.02421706880057,256.71184264640385,0.7786878658945207,0.5395648126340511,SL,-6.635121241671638,0.26002940326723967,0.0,-6.766794723615676,6.503513563566671,-1.0404829108874212,10,853.5001788705401,,12
AVAX,-1,SQUEEZE_V2,2026-07-22 06:00:00+00:00,2026-07-22 21:00:00+00:00,6.492701158046723,6.666445680683459,38.17374617845784,247.85072601985487,6.663114123621649,4.545124408618994,SL,-6.632479307032108,0.25116696567337093,0.0,-6.7597209096955515,6.505301293375517,-1.039109582300072,15,846.7404579608445,,12
BTC,-1,SQUEEZE_V2,2026-07-22 06:00:00+00:00,2026-07-24 03:00:00+00:00,65935.71022,65282.16074875308,0.006161690276211003,406.27542451764043,65249.5359807627,53866.99060474591,SL,4.026969422004961,0.40426193980663794,0.0,3.8258451944571434,6.506824826217458,0.5879742111762336,45,850.1302194444683,,12
LINK,-1,SQUEEZE_V2,2026-07-23 08:00:00+00:00,2026-07-25 13:00:00+00:00,8.52729448223114,8.387011324544865,33.04391444253442,281.77518929714165,8.382819914587571,6.3308914602550885,SL,4.635504660313832,0.2794574369669848,0.0,4.4969348179954185,6.350553434706334,0.7081169955077102,53,854.5084992625337,,12
DOGE,-1,SQUEEZE_V2,2026-07-08 02:00:00+00:00,2026-07-25 14:00:00+00:00,0.07300539228618146,0.07028696979580705,2615.354649592505,190.93499216098948,0.07025184387387012,0.041568580516939395,SL,7.10963889975754,0.18738017271111074,0.0,7.017726223126924,7.194111035042018,0.9754820559404858,420,861.5262254856607,,12
XRP,-1,SQUEEZE_V2,2026-07-23 13:00:00+00:00,2026-07-25 15:00:00+00:00,1.121175718665123,1.0995659171028687,278.70043034651263,312.47215528603033,1.0990164088984196,0.8608468540512232,SL,6.022660995103025,0.3094608247884788,0.0,5.8694362479575615,6.348454577457407,0.9245456790065442,50,866.9873507303204,,12
SOL,-1,SQUEEZE_V2,2026-07-23 13:00:00+00:00,2026-07-25 17:00:00+00:00,76.88462152557373,74.64103938645702,3.614768097560143,277.9200770836298,74.60373751769818,56.80984065403199,SL,8.110029140734829,0.27386506251326237,0.0,7.975124116763381,6.349496777746469,1.2560245946914035,52,874.761413538123,,12
SUI,-1,SQUEEZE_V2,2026-07-24 10:00:00+00:00,2026-07-25 17:00:00+00:00,0.73565284,0.7144515091585201,322.58422309621733,237.30999985992585,0.7140944619275563,0.509763601448873,SL,6.839214838104667,0.2338903924408735,0.0,6.7239794455937565,6.3759766458335125,1.0545803128039455,31,881.4853929837167,,12
DOGE,1,SQUEEZE_V2,2026-07-25 14:00:00+00:00,2026-07-25 20:00:00+00:00,0.06993398741483688,0.07238675353160427,4941.203165756311,345.55804000815397,0.07242296501411133,0.08487466362453835,SL,12.119615701030874,0.35161784785866945,0.0,11.940776873176281,6.4596802012677506,1.8485089820441627,6,893.1542607524821,,12
LINK,1,SQUEEZE_V2,2026-07-25 17:00:00+00:00,2026-07-26 17:00:00+00:00,8.40167961845398,8.564913005567274,48.55608008145452,407.95262837237567,8.569197604369458,9.95773378716834,SL,7.925973416640183,0.41191561508069574,0.0,7.718034115745675,6.611140447377875,1.1674285514244094,24,900.6876430041407,,12
ETH,1,SQUEEZE_V2,2026-07-25 14:00:00+00:00,2026-07-27 00:00:00+00:00,1866.753280883789,1938.1486072497078,0.2523439875056113,471.06396658739783,1939.1181663328741,2159.389954226307,SL,18.016181344440422,0.4800720572596181,0.0,17.771641270474504,6.461446691142456,2.7504121166605615,34,918.2995654248753,,12
BTC,1,SQUEEZE_V2,2026-07-26 01:00:00+00:00,2026-07-27 00:00:00+00:00,64490.3955,65061.33475727417,0.005726491911094841,369.30372817405714,65093.88169812323,70234.76153753535,SL,3.269479038507036,0.3709384676933107,0.0,3.0831924349007536,2.8783182442274917,1.0711784359092813,23,921.382757859776,,12
XRP,1,SQUEEZE_V2,2026-07-25 16:00:00+00:00,2026-07-27 01:00:00+00:00,1.0981196130037307,1.103779990339682,366.1920005431749,402.1226179215332,1.104332156417891,1.2614755309715942,SL,2.0727849004812797,0.4031590103717738,0.0,1.8706871990702725,5.234217660106629,0.3573957600823508,33,923.2534450588463,,12
SOL,1,SQUEEZE_V2,2026-07-25 18:00:00+00:00,2026-07-27 01:00:00+00:00,74.44488630523682,76.0594213603039,1.8250492034137575,135.8655804496002,76.09747009535157,87.09555153687731,SL,2.946605916133761,0.1373388834076671,0.0,2.877199822950894,2.0202075690702253,1.424210000497666,31,926.1306448817971,,12
NEAR,1,SQUEEZE_V2,2026-07-26 23:00:00+00:00,2026-07-27 14:00:00+00:00,1.824364800953865,1.7848920186975783,175.0952985461009,319.43769948001494,1.7857849111531547,2.2652778272476977,SL,-6.911498593609774,0.31598195018321007,0.0,-7.067761694052976,6.755157322531055,-1.046276401362151,15,918.9130883349483,,12
AVAX,-1,SQUEEZE_V2,2026-07-27 09:00:00+00:00,2026-07-28 07:00:00+00:00,6.626674182605743,6.460022226556409,45.209662846904216,299.58970559189027,6.4567938296415885,4.87079675054058,SL,7.534278745767521,0.2958225662190065,0.0,7.38825103234446,6.945979836613478,1.0636729743152569,22,925.824718923409,,12
XRP,-1,SQUEEZE_V2,2026-07-27 15:00:00+00:00,2026-07-28 15:00:00+00:00,1.0896820367813111,1.0624250829394832,298.4804408894612,325.2487747678118,1.0618941358715475,0.8257988196250223,SL,8.13566760001249,0.3211809409678056,0.0,7.97711104642859,6.891848162512112,1.157470515647706,24,933.8018299698376,,12
APT,-1,SQUEEZE_V2,2026-07-27 15:00:00+00:00,2026-07-29 18:00:00+00:00,0.6116776549696923,0.569348297250747,303.69372400070057,185.76266492576147,0.569063765368063,0.35240256504617645,SL,12.855160280224299,0.17933508478564933,0.0,12.76870652790153,6.889769039955304,1.8532851324700377,51,946.440582965066,,12
LINK,1,SQUEEZE_V2,2026-07-28 22:00:00+00:00,2026-07-29 20:00:00+00:00,8.43468621082306,8.203299574175439,30.814076404259875,259.907065346259,8.207403275813345,11.032205468076945,SL,-7.129965500584496,0.25634208259596675,0.0,-7.256354050507333,7.003513724773782,-1.0361019247865781,22,939.1842289145587,,12
LINK,1,SQUEEZE_V2,2026-07-30 12:00:00+00:00,2026-07-31 10:00:00+00:00,8.45969178314209,8.227617668240386,30.89653488718913,261.3751623127168,8.231733535007889,11.0649289046758,SL,-7.17028598747401,0.25779001931897977,0.0,-7.2973884256366315,7.043119966300839,-1.0361016794478,22,931.5472375980837,,12
APT,1,SQUEEZE_V2,2026-07-30 14:00:00+00:00,2026-07-31 13:00:00+00:00,0.5742148375511169,0.5551027035390381,373.8968816140399,214.6971371368751,0.5553803937359061,0.7894656240106696,SL,-7.145967308105887,0.21112415348282215,0.0,-7.249742893020271,7.042139809442166,-1.0294801138852354,23,924.1446620420452,,12
DOGE,-1,SQUEEZE_V2,2026-07-27 15:00:00+00:00,2026-07-31 17:00:00+00:00,0.07134572747796775,0.07026086887138747,3212.3003738140883,229.18390704751386,0.07022575599339077,0.0468305730394582,SL,3.4848917074532646,0.22744146119378722,0.0,3.3720421997832344,6.8906284796067325,0.4893664213305092,98,927.3360899097618,,12
AVAX,1,SQUEEZE_V2,2026-07-30 02:00:00+00:00,2026-08-01 18:00:00+00:00,6.498299617481232,6.269827295511351,31.259482354522554,203.13348222705523,6.272963777400051,9.07356636126615,SL,-7.141926517114291,0.19956251896849808,0.0,-7.239922294969261,7.0438817168591905,-1.027831327383147,64,920.0157188624191,,12
SUI,-1,SQUEEZE_V2,2026-07-27 15:00:00+00:00,2026-08-02 01:00:00+00:00,0.70005996,0.6820764354470281,304.3247053100927,213.0455410263953,0.6817355676631965,0.4413486067360692,SL,5.472830810019996,0.21030912562138532,0.0,5.369044454911808,6.889072429961834,0.7793566564289343,130,925.1087586016722,,12
ETH,-1,SQUEEZE_V2,2026-07-31 10:00:00+00:00,2026-08-02 02:00:00+00:00,1882.4533900634765,1861.2471735911008,0.16237603950771304,305.6653260363754,1860.3170150835592,1390.7126977672897,SL,3.443381443727587,0.30394363531451163,0.0,3.292270471431263,6.986604281985627,0.4712261262484991,40,928.4010290731035,,12
BTC,-1,SQUEEZE_V2,2026-08-01 18:00:00+00:00,2026-08-02 02:00:00+00:00,62675.262440000006,63308.65370677569,0.00880745304969243,552.0094313174515,63277.0151991761,55798.088049416074,SL,-5.5785638442120264,0.5547987132395575,0.0,-5.857357841792858,5.299909173966336,-1.1051807964115241,8,922.5436712313107,,12
XRP,-1,SQUEEZE_V2,2026-07-31 14:00:00+00:00,2026-08-02 18:00:00+00:00,1.0655867915630342,1.0865757839270385,338.995065435681,361.22866413330814,1.0860327675432668,0.8319184946460898,SL,-7.11516483986465,0.3647862465532405,0.0,-7.299336754351236,6.931084965315339,-1.053130468155954,52,914.6835817458615,,12
SOL,1,SQUEEZE_V2,2026-08-02 22:00:00+00:00,2026-08-03 03:00:00+00:00,73.97479108428955,72.64332842660909,5.296892880236216,391.83654421133485,72.67966826073945,88.77619478200494,SL,-7.052615071768026,0.38831023667545084,0.0,-7.245007036337809,6.86012686309396,-1.0561039439830806,5,907.242656437418,,12
BTC,1,SQUEEZE_V2,2026-08-02 03:00:00+00:00,2026-08-03 06:00:00+00:00,63432.08388,62642.033224165854,0.008726281226799047,553.5262027387864,62673.36990912041,72103.10069005238,SL,-6.894204206225766,0.5500791006356736,0.0,-7.167520205492046,6.620751480596704,-1.082584088301418,27,899.8706277004735,,12
SOL,-1,SQUEEZE_V2,2026-08-03 07:00:00+00:00,2026-08-03 17:00:00+00:00,72.53549305114747,73.84435720429177,5.3060060420478985,384.87376439231184,73.807453477553,57.99880246365577,SL,-6.944841104803555,0.3883461849447136,0.0,-7.1407504075521135,6.749029707753552,-1.0580410394917268,10,892.5374404107253,,12
APT,1,SQUEEZE_V2,2026-08-02 03:00:00+00:00,2026-08-04 12:00:00+00:00,0.5640127738952636,0.5715625843458513,473.1992498980253,266.8904215401433,0.5718485086001514,0.7310429318635493,SL,3.572564642090357,0.26867670386118847,0.0,3.4373331489992403,6.915872727832371,0.49702087997744243,57,895.9747735597244,,12
LINK,1,SQUEEZE_V2,2026-08-02 03:00:00+00:00,2026-08-05 13:00:00+00:00,8.270653853416443,8.076609382020068,36.404478201276675,301.08883791700384,8.080649706873505,10.442129813907153,SL,-7.064087729027562,0.2975567940524901,0.0,-7.21110010412155,6.9170018109745595,-1.0425181749526755,82,888.6570535835051,,12
XRP,-1,SQUEEZE_V2,2026-08-03 03:00:00+00:00,2026-08-06 08:00:00+00:00,1.0734852111816406,1.0534312298975272,381.0178832875549,409.0170629049226,1.052904777508773,0.8693907062332307,SL,7.64092550036113,0.405196600154742,0.0,7.440237431658849,6.804319923280634,1.0934579084387928,77,895.8236115685411,,12
NEAR,1,SQUEEZE_V2,2026-07-31 18:00:00+00:00,2026-08-07 04:00:00+00:00,1.7033405494451523,1.6288964056819943,94.45997443038014,160.89750474681875,1.6297112613126505,2.544818128102315,SL,-7.031991916359448,0.15738150878863905,0.0,-7.108924672774678,6.955020674323213,-1.0221284746168553,154,888.5456350114446,,12
AVAX,-1,SQUEEZE_V2,2026-08-05 04:00:00+00:00,2026-08-07 12:00:00+00:00,6.619675613117218,6.515459328098344,32.213020192879014,213.2397441956537,6.512203226485101,4.235613601115391,SL,3.3571212937398345,0.2115611835487838,0.0,3.2521799822888777,6.719810801697933,0.4839689804164026,56,891.7978149937335,,12
APT,1,SQUEEZE_V2,2026-08-05 15:00:00+00:00,2026-08-08 00:00:00+00:00,0.5926184713840484,0.5762868370401462,415.43251496126584,246.1929819795762,0.5765751246024473,0.7759710060309182,SL,-6.784691928915106,0.24280063601511864,0.0,-6.904396073940437,6.664927901876288,-1.0359295967772937,57,884.6684525293718,,12
SUI,-1,SQUEEZE_V2,2026-08-07 15:00:00+00:00,2026-08-08 05:00:00+00:00,0.66726652,0.6851091082969692,382.194587862596,255.02565260590865,0.6847667249345021,0.46726417789140406,SL,-6.819340680562151,0.25843532294618976,0.0,-6.950263177205386,6.688483612453001,-1.0391388511836956,14,877.585704211692,,12
DOGE,-1,SQUEEZE_V2,2026-08-06 10:00:00+00:00,2026-08-08 08:00:00+00:00,0.06900619907975197,0.07041265430407039,4899.614428158367,338.10376864352145,0.07037746557128474,0.05333458203366313,SL,-6.891088309629205,0.341549312798336,0.0,-7.06358573810578,6.718677086764058,-1.0513357982364118,46,870.5221184735863,,12
AVAX,1,SQUEEZE_V2,2026-08-08 02:00:00+00:00,2026-08-09 23:00:00+00:00,6.550309586334229,6.383092796318727,40.45156606056479,264.97028094874986,6.386285939288371,8.424865552572609,SL,-6.764181027747658,0.261588190434876,0.0,-6.893284077708159,6.635013393970288,-1.0389254201012736,45,863.148161767827,,12
NEAR,-1,SQUEEZE_V2,2026-08-07 16:00:00+00:00,2026-08-10 08:00:00+00:00,1.611677588558197,1.667809915328449,120.93431690069644,194.90712823644728,1.6669764271148915,0.9796908621959763,SL,-6.788324594007079,0.1983012905334508,0.0,-6.889172320422307,6.687527266255729,-1.030152408526848,64,856.1245504334391,,12
BTC,1,SQUEEZE_V2,2026-08-08 15:00:00+00:00,2026-08-10 13:00:00+00:00,65109.019199999995,64601.34121605355,0.00802213391480718,522.3132710841518,64633.65804507609,70541.71811341606,SL,-4.072660772817699,0.520276940697743,0.0,-4.331781077973366,3.8134108426969826,-1.135933487541503,46,851.7927693554658,,12
LINK,1,SQUEEZE_V2,2026-08-11 02:00:00+00:00,2026-08-11 14:00:00+00:00,8.42668519077301,8.545914039927531,28.557062367554572,240.64137454465336,8.550189134494778,10.982911503562995,SL,3.4048256813174005,0.24234378738531206,0.0,3.282802581204415,6.3873524959936585,0.513953564213575,12,854.8094813597534,,12
ETH,1,SQUEEZE_V2,2026-08-05 17:00:00+00:00,2026-08-11 15:00:00+00:00,1895.2790044189453,1852.4148245460422,0.15890320663275978,301.16591126591493,1853.341495293689,2374.564822993303,SL,-6.811255631487712,0.297760283450171,0.0,-6.9584329593049254,6.664004678193864,-1.0441818839165131,142,847.8510484004485,,12
XRP,-1,SQUEEZE_V2,2026-08-09 09:00:00+00:00,2026-08-11 15:00:00+00:00,1.03299338555336,1.0030768171976219,425.00948327257873,439.03198501802524,1.0025755294329055,0.8574824859974215,SL,12.714825258161023,0.4326745723889447,0.0,12.50166667828109,6.526957213785331,1.915389708986725,54,860.3527150787296,,12
APT,-1,SQUEEZE_V2,2026-08-09 23:00:00+00:00,2026-08-11 20:00:00+00:00,0.5940811750650407,0.5795970144960273,452.5947618213583,268.87802793111473,0.5793073608156195,0.4359336936311898,SL,6.555455202914911,0.2656003003296573,0.0,6.424293916550811,6.262963148067634,1.0257594950934612,45,866.5716471309099,,12
NEAR,-1,SQUEEZE_V2,2026-08-11 15:00:00+00:00,2026-08-11 22:00:00+00:00,1.5406918085813524,1.6025363847130076,105.70533041085184,162.85933668738474,1.6017355169545304,0.8430494271736025,SL,-6.537301354115703,0.16612798736444262,0.0,-6.621999673136454,6.452645363090472,-1.0262457179213194,7,859.9496474577735,,12
SUI,-1,SQUEEZE_V2,2026-08-11 15:00:00+00:00,2026-08-11 22:00:00+00:00,0.6758648,0.6938046292168577,366.7366491840724,247.86439205346326,0.6934579002667244,0.4748007969517224,SL,-6.5791928539249005,0.2511539884804257,0.0,-6.706414646378595,6.452034640577894,-1.0394263236283425,7,853.2432328113949,,12
SOL,-1,SQUEEZE_V2,2026-08-10 16:00:00+00:00,2026-08-12 23:00:00+00:00,75.89482166137695,75.58000183105469,3.84136589173494,291.5397792893195,77.55788785976002,56.888350822713406,EOD,1.209338158241727,0.29093511021019863,0.0,1.0641729376761881,6.388445770165993,0.16657775239258818,55,854.3074057490711,,12
