symbol,side,tag,entry_ts,exit_ts,entry,exit,qty,notional,sl,tp,reason,gross,fees,funding,pnl,r_unit,r_multiple,bars_held,equity_after,regime
SOL,1,LEGACY_SMC,2022-01-02 18:45:00+00:00,2022-01-02 23:00:00+00:00,175.3330637512207,177.0101296354563,7.950393278323993,1393.9668115156571,174.07526433804398,177.0101296354563,TP,13.333333333333334,1.400633478182324,0.0,12.62968326090884,10.0,1.262968326090884,17,1011.932699855151,
LINK,1,LEGACY_SMC,2022-01-03 02:30:00+00:00,2022-01-03 07:45:00+00:00,21.431285445785523,21.710132285322928,48.386548043550114,1036.9859228575376,21.22215031613247,21.710132285322928,TP,13.49243599806874,1.043732140856572,0.0,12.967196818640936,10.11932699855151,1.281428776883786,21,1024.3814037123632,
SOL,-1,LEGACY_SMC,2022-01-03 12:30:00+00:00,2022-01-03 14:30:00+00:00,174.66206682434083,175.62425797380308,8.797400222647594,1536.5721055685449,175.53648972893862,173.49616961821042,SL,-8.4647806325088,1.5408044958847993,0.0,-9.237299075609327,7.692648255596781,-1.2007957167271668,8,1014.3758185839696,
ETH,1,LEGACY_SMC,2022-01-03 15:15:00+00:00,2022-01-03 15:45:00+00:00,3806.841294140625,3781.5959094099826,0.3996919257490191,1521.5637278759543,3783.4876532366006,3837.9794820126576,SL,-10.090376439265341,1.5165185396563217,0.0,-10.846113114983686,9.334261706180559,-1.1619679688005826,2,1002.7689236050479,
BTC,-1,LEGACY_SMC,2022-01-04 11:00:00+00:00,2022-01-04 13:15:00+00:00,46610.276079999996,46878.763854685654,0.032270853380612974,1504.153385407572,46855.33618659236,46283.52927121018,SL,-8.664329611367927,1.508485550213256,0.0,-9.420738468877397,7.908298769279501,-1.1912471624710368,9,992.5961084434667,
LINK,1,LEGACY_SMC,2022-01-04 19:00:00+00:00,2022-01-04 19:15:00+00:00,23.476694522094725,24.14299964904785,22.638942341285894,531.4875336496849,23.03824819652001,24.061289622861015,TP_GAP,15.084443350795011,0.5390297553250825,0.0,14.811157362294772,9.925961084434668,1.4921635533631894,1,1007.1415220389367,
ETH,1,LEGACY_SMC,2022-01-04 19:15:00+00:00,2022-01-04 23:15:00+00:00,3838.5075382324217,3797.871558746814,0.26000079620605165,998.0150161833609,3799.771444469048,3890.155663250253,SL,-10.565387020870745,0.9927323226729257,0.0,-11.05911183545199,10.071415220389367,-1.0980692974571291,16,995.583402695393,
LINK,1,LEGACY_SMC,2022-01-05 13:00:00+00:00,2022-01-05 13:30:00+00:00,25.46909350204468,25.960454045159455,27.015692560749724,688.0651998522276,25.100573094708594,25.960454045159455,TP,13.274445369271811,0.6947024225368634,0.0,12.923775546661062,9.95583402695393,1.2981107872702453,2,1008.163145642128,
LINK,1,LEGACY_SMC,2022-01-05 20:00:00+00:00,2022-01-05 20:45:00+00:00,25.290056847381592,24.607857963557418,15.04970893590908,380.6079945256874,24.620168047581206,26.183241913782105,SL,-10.266894637955877,0.3754745472067095,0.0,-10.452065187899743,10.081631456421281,-1.0367434311678316,3,997.5207764569655,
SOL,-1,LEGACY_SMC,2022-01-06 14:45:00+00:00,2022-01-06 15:00:00+00:00,150.8588297668457,147.95534150869085,4.58079242513572,691.0529846608059,153.03644596046183,147.95534150869085,TP,13.30027701942625,0.6844028461510927,0.0,12.961400665605561,9.975207764569655,1.2993614741181017,1,1010.1366506302406,
XRP,-1,LEGACY_SMC,2022-01-06 21:45:00+00:00,2022-01-07 00:00:00+00:00,0.7848529782056809,0.7741865699016235,1262.7013978029076,991.0349526500883,0.792852784433724,0.7741865699016235,TP,13.468488675069828,0.9843007083125533,0.0,12.979705443082318,10.101366506302407,1.2849455006888493,9,1022.6208385969979,
SOL,-1,LEGACY_SMC,2022-01-08 05:00:00+00:00,2022-01-08 06:45:00+00:00,141.0537843322754,142.78077852042716,6.173564600087647,870.804649662133,142.7094238085229,138.84626503061207,SL,-10.661710184530834,0.8761355047543984,0.0,-11.102443364454166,10.221197261069223,-1.0862175027911316,7,1010.581880417637,
LINK,1,LEGACY_SMC,2022-01-08 11:00:00+00:00,2022-01-08 14:45:00+00:00,25.843166943740844,25.42735924809413,25.07102029466518,647.914562924947,25.440079287737998,26.380617151744637,SL,-10.424723176236697,0.6427022013368286,0.0,-10.743468096111052,10.10581880417637,-1.063097241726832,15,999.5144550400634,
ETH,-1,LEGACY_SMC,2022-01-08 00:30:00+00:00,2022-01-08 15:00:00+00:00,3218.7262431640625,3174.936520694077,0.3113731657918694,1002.2249801513645,3251.5685350165513,3174.936520694077,TP,13.634944514626733,0.9954075078940512,0.0,13.140649496808365,10.22620838596998,1.2849972346384906,58,1012.6551045368717,
BTC,-1,LEGACY_SMC,2022-01-08 21:45:00+00:00,2022-01-09 15:15:00+00:00,41942.70978,41309.04869029741,0.02130802771372423,893.7164223809322,42417.955597276945,41309.04869029741,TP,13.50206806049147,0.8869653883506865,0.0,13.061960883331249,10.126551045368718,1.2898726155441653,70,1025.2702072090124,
SOL,-1,LEGACY_SMC,2022-01-09 16:45:00+00:00,2022-01-09 17:00:00+00:00,141.03178555908204,143.51172244262693,6.186976984512317,872.560411338717,142.68892798869757,138.82226231959467,SL_GAP,-15.343312421535463,0.8802320675494848,0.0,-15.78726428341559,10.252702072090123,-1.5398149846167515,1,1009.0466627199274,
XRP,-1,LEGACY_SMC,2022-01-09 17:15:00+00:00,2022-01-09 18:15:00+00:00,0.7527793995261193,0.7596196490098289,1561.0150280685325,1175.099955480678,0.7592400289953313,0.7441652269005032,SL,-10.677732239808782,1.1804388216005823,0.0,-11.270621083669026,10.085139692222356,-1.1175473446699913,4,996.6557981608263,
ETH,-1,LEGACY_SMC,2022-01-09 17:15:00+00:00,2022-01-09 19:15:00+00:00,3151.1596810546876,3182.595368135402,0.33809362368685053,1065.3869953836795,3181.004865702551,3111.3661015242033,SL,-10.628205358204717,1.0707010980627818,0.0,-11.16621295857566,10.090466627199275,-1.106610166915043,8,985.4895852022506,
ETH,-1,LEGACY_SMC,2022-01-11 03:00:00+00:00,2022-01-11 08:00:00+00:00,3113.8270611816406,3142.409165985003,0.3648382429723103,1136.0431939211423,3140.838746611697,3077.811480608232,SL,-10.427844896909097,1.141257116369597,0.0,-11.001080416318123,9.854895852022507,-1.1163061062751247,20,973.920483188972,
SOL,-1,LEGACY_SMC,2022-01-11 08:15:00+00:00,2022-01-11 08:45:00+00:00,137.81543371887207,136.20122336166025,8.04455651303675,1108.6640449201368,139.02609148678093,136.20122336166025,TP,12.985606442519703,1.102171241698877,0.0,12.437767223280895,9.73920483188972,1.2770824146294875,2,985.8039183897928,
LINK,-1,LEGACY_SMC,2022-01-12 12:45:00+00:00,2022-01-12 13:30:00+00:00,26.522694277954102,26.907981855386453,26.511486019983174,703.1560385622679,26.89453458809241,26.02690719776969,SL,-10.214546222770952,0.7082633116736534,0.0,-10.571231515163472,9.858039183897928,-1.072346266631854,3,974.8811088553482,
XRP,1,LEGACY_SMC,2022-01-13 11:30:00+00:00,2022-01-13 14:00:00+00:00,0.7855370818376541,0.7921132697173474,1861.5565033061523,1462.3216632830222,0.7806049409278841,0.7921132697173474,TP,12.241945314406111,1.4684426359402254,0.0,11.504663510107397,9.181458985804687,1.2530321736332517,10,985.6546115338141,
ETH,1,LEGACY_SMC,2022-01-13 15:45:00+00:00,2022-01-13 17:15:00+00:00,3298.9597088378905,3264.631387974035,0.3014677858200537,994.5300789329278,3266.264520234152,3342.553293642876,SL,-10.348882881746848,0.9893556374920545,0.0,-10.840973479772439,9.85654611533814,-1.0998754891332974,6,974.3163730145752,
SOL,1,LEGACY_SMC,2022-01-13 17:30:00+00:00,2022-01-13 19:30:00+00:00,150.76314830932617,148.06749650274466,3.7165220700390127,560.3145680401756,148.14156728638784,154.25858967324393,SL,-10.018449432300715,0.5553053433240251,0.0,-10.293597491604652,9.743163730145753,-1.0564943561151328,8,963.7426182389505,
BTC,-1,LEGACY_SMC,2022-01-14 06:30:00+00:00,2022-01-14 07:45:00+00:00,42881.422,42611.48186690905,0.03369714825920923,1444.981634699716,43083.87709981821,42611.48186690905,TP,9.096212685876274,1.440433528356778,0.0,8.378269974869355,6.822159514407206,1.2280964637628182,5,970.9768689573302,
LINK,-1,LEGACY_SMC,2022-01-14 03:45:00+00:00,2022-01-14 08:00:00+00:00,25.155967098236083,24.772538993202232,33.51319688833187,843.0568782795843,25.44353817701147,24.772538993202232,TP,12.84990157651942,0.8366319274913246,0.0,12.434798088167888,9.637426182389506,1.2902613055433854,17,983.4116670454981,
LINK,1,LEGACY_SMC,2022-01-15 13:00:00+00:00,2022-01-15 16:00:00+00:00,25.51410257835388,25.890945250969402,34.794773823251596,887.7574285170637,25.231470573892242,25.890945250969402,TP,13.112155560606684,0.8943135062973671,0.0,12.661720768567848,9.834116670454982,1.2875300540828387,12,995.6295090998075,
XRP,1,LEGACY_SMC,2022-01-15 23:45:00+00:00,2022-01-16 00:00:00+00:00,0.7813862188339233,0.7775300172754404,1911.275407286303,1493.4442636497113,0.7779189767638223,0.7860092082607247,SL,-7.370263204267645,1.4897591320475776,0.0,-8.113300204490367,6.626854499692633,-1.2243063741427669,1,986.7694867634923,
XRP,1,LEGACY_SMC,2022-01-16 00:30:00+00:00,2022-01-16 02:45:00+00:00,0.7782556337356568,0.7739442608830608,1901.8869456048028,1480.1542301452384,0.7743314265963589,0.7834879099213873,SL,-8.199743745987222,1.4760543582722447,0.0,-8.935720989186848,7.463398330079776,-1.1972724212203927,9,976.601229012245,
BTC,1,LEGACY_SMC,2022-01-16 01:30:00+00:00,2022-01-16 02:45:00+00:00,43083.51498,42863.9249856143,0.022860699607100875,984.9192939758107,42885.36766944902,43347.71139406798,SL,-5.0199808983764616,0.9824093035266224,0.0,-5.5099305549151785,4.529786144460871,-1.2163776344392883,5,971.0912984573298,
ETH,1,LEGACY_SMC,2022-01-16 02:45:00+00:00,2022-01-16 03:00:00+00:00,3314.932873535156,3298.2662823959545,0.4394167252420373,1456.6369476859948,3299.9162405162124,3334.9550508937473,SL,-7.323578899335879,1.4529751582363268,0.0,-8.048235583729209,6.598559705345642,-1.2196958037992975,1,962.3147443997575,
ETH,-1,LEGACY_SMC,2022-01-18 21:30:00+00:00,2022-01-19 03:30:00+00:00,3164.467077636719,3125.352577021277,0.32803341616990855,1038.0509458343802,3193.8029530983003,3125.352577021277,TP,12.830863258663433,1.0316355142050484,0.0,12.318253217375574,9.623147443997576,1.2800648944705784,24,974.113972144216,
XRP,-1,LEGACY_SMC,2022-01-20 02:15:00+00:00,2022-01-20 04:30:00+00:00,0.7423615187287331,0.7472426780052881,1968.2741108651828,1461.170958216324,0.7468692433835964,0.7363512191889154,SL,-9.607459435052572,1.4659746879338502,0.0,-10.342848643878261,8.872437737076057,-1.1657279487753027,9,963.0405380212295,
LINK,-1,LEGACY_SMC,2022-01-20 11:15:00+00:00,2022-01-20 12:30:00+00:00,22.357527111816406,22.084192384159532,42.993790512028845,961.2348370124398,22.56252815755906,22.084192384159532,TP,11.75169602054208,0.9553589890021688,0.0,11.276954450046132,8.813772015406562,1.2794697242376933,5,973.1145946492535,
ETH,-1,LEGACY_SMC,2022-01-20 08:00:00+00:00,2022-01-20 13:30:00+00:00,3138.7520068359377,3158.0531438562116,0.4602341325105368,1444.5608070318442,3156.47490640301,3115.1214740798414,SL,-8.883042052992778,1.4490023280583406,0.0,-9.609763977535197,8.156683307823002,-1.1781460202480287,22,963.5048306717183,
SOL,-1,LEGACY_SMC,2022-01-21 17:15:00+00:00,2022-01-21 19:45:00+00:00,125.28693406066895,121.22176210608772,3.1601937677311085,395.9309881966644,128.33581302660488,121.22176210608772,TP,12.846731075622897,0.38950762265885297,0.0,12.655188947062376,9.635048306717183,1.3134536064795512,10,975.9620541246824,
XRP,-1,LEGACY_SMC,2022-01-23 01:15:00+00:00,2022-01-23 05:45:00+00:00,0.6050589890956879,0.6169070430934003,845.739000323548,511.72198457456363,0.6165987437215396,0.5896726495945523,SL,-10.020361343804687,0.516732165246466,0.0,-10.281232516763872,9.759620541246823,-1.0534459278731765,18,965.4249606156312,
XRP,-1,LEGACY_SMC,2022-01-23 05:45:00+00:00,2022-01-23 07:30:00+00:00,0.60827830722332,0.6173233680950845,1105.0409833667532,672.1724587747215,0.6170148606647521,0.5966295693014105,SL,-9.995162960346772,0.6771700402548949,0.0,-10.336246771214306,9.654249606156311,-1.0706421723986812,7,954.2195700898436,
ETH,-1,LEGACY_SMC,2022-01-23 06:00:00+00:00,2022-01-23 08:00:00+00:00,2467.296481054688,2506.8270015442063,0.2521280099705455,622.0745517756482,2505.574214436988,2416.259503211621,SL,-9.966751464122172,0.6270579275077093,0.0,-10.282772115742057,9.650888743862438,-1.0654741121413787,8,943.9367979741015,
LINK,-1,LEGACY_SMC,2022-01-23 06:00:00+00:00,2022-01-23 09:00:00+00:00,16.217756471252443,16.578408762230975,27.37989680530001,444.0404985963783,16.570123700380787,15.747933499081316,SL,-9.874622509587235,0.44897780985117197,0.0,-10.101580070140217,9.647778371103561,-1.0470369116682714,12,932.878333173981,
ETH,-1,LEGACY_SMC,2022-01-23 08:15:00+00:00,2022-01-23 09:00:00+00:00,2491.511607763672,2526.5904368981564,0.27900015941253165,695.1321357442375,2525.3277730116506,2446.4233874330343,SL,-9.786998920526077,0.7000256352045006,0.0,-10.139458487858459,9.434715494906504,-1.0746967932771712,3,922.7388746861226,
SOL,-1,LEGACY_SMC,2022-01-23 08:15:00+00:00,2022-01-23 09:00:00+00:00,100.88481777954102,103.15764807734568,2.8561320093131446,288.14035731387094,103.10609502983077,97.92311477915469,SL,-6.491503365296616,0.2913861089965193,0.0,-6.6388192956362,6.344261056111627,-1.0464290855813405,3,916.1000553904864,
BTC,-1,LEGACY_SMC,2022-01-23 08:15:00+00:00,2022-01-23 09:30:00+00:00,35683.161940000005,36063.1701066412,0.026076639970052468,930.4969669024591,36045.14753287476,35200.51448283366,SL,-9.909336147182103,0.9354516349760502,0.0,-10.379539298706923,9.439367979741016,-1.0996010878041542,5,905.7205160917795,
XRP,-1,LEGACY_SMC,2022-01-23 09:45:00+00:00,2022-01-23 12:15:00+00:00,0.6234952496647835,0.6125549076123822,1103.0581809432058,687.751535921966,0.6317005062040845,0.6125549076123822,TP,12.067833803218296,0.6817176190203569,0.0,11.729991952158922,9.050875352413629,1.2960063524718461,10,916.473651425561,
SOL,-1,LEGACY_SMC,2022-01-23 09:45:00+00:00,2022-01-23 12:30:00+00:00,103.40231192169189,100.35514236700779,3.9612382117883147,409.6011891714603,105.68768908770497,100.35514236700779,TP,12.070564477812653,0.403565906932554,0.0,11.871799165465829,9.05292335835949,1.3113774076639435,11,928.3454505910269,
BTC,-1,LEGACY_SMC,2022-01-23 09:45:00+00:00,2022-01-23 14:30:00+00:00,35912.71602,35406.28003118507,0.023845606976212592,856.3605116612537,36292.5430116112,35406.28003118507,TP,12.076273547890334,0.8503223748873086,0.0,11.654131428833653,9.057205160917794,1.286724902635716,19,939.9995820198606,
LINK,-1,LEGACY_SMC,2022-01-23 23:15:00+00:00,2022-01-24 01:45:00+00:00,16.42071498641968,15.908961709011107,24.490957485863763,402.1590326198903,16.80452994447611,15.908961709011107,TP,12.533327760264765,0.39589236873975797,0.0,12.338514907834952,9.399995820198606,1.3126085525827669,10,952.1370174113855,
SOL,-1,LEGACY_SMC,2022-01-24 18:00:00+00:00,2022-01-24 20:15:00+00:00,88.88921628112793,92.4760983068507,2.6891458440224727,239.03606654080988,92.42988336516812,84.16832683574101,SL,-9.645648892471302,0.24385889098704555,0.0,-9.769989750187943,9.521370174113855,-1.0261117435335116,9,942.1038659048322,
LINK,-1,LEGACY_SMC,2022-01-24 19:00:00+00:00,2022-01-24 20:45:00+00:00,15.181963419532776,15.692908160326809,18.92294417072877,287.28744618986514,15.685065627513053,14.511160475559075,SL,-9.668578804372961,0.2921217355920516,0.0,-9.81705681687008,9.52017499378115,-1.0311844922265463,7,932.2868090879622,
LINK,-1,LEGACY_SMC,2022-01-25 10:30:00+00:00,2022-01-25 14:30:00+00:00,15.369925544929504,15.654187695584895,33.72486934415339,518.3487308321131,15.646364513328232,15.001340253731202,SL,-9.586703890341088,0.5231420827772837,0.0,-9.850671607702315,9.322868090879622,-1.0566138565597676,16,922.1769631148438,
LINK,1,LEGACY_SMC,2022-01-26 17:45:00+00:00,2022-01-26 18:00:00+00:00,15.798159076309204,15.526039179338678,34.88430183474088,551.1077496512215,15.533806082379867,16.150629734881655,SL,-9.49271262115843,0.5463613933406424,0.0,-9.763520139673462,9.221769631148439,-1.058746914116695,1,912.1378891003448,
BTC,1,LEGACY_SMC,2022-01-26 19:30:00+00:00,2022-01-26 19:45:00+00:00,38220.042480000004,37666.75489798025,0.017067018293036973,652.3021641668103,37685.59769682866,38932.63552422846,SL,-9.442969283641292,0.6475806795249897,0.0,-9.764398881082876,9.121378891003447,-1.070495919286244,1,902.0473391371785,
ETH,1,LEGACY_SMC,2022-01-26 20:30:00+00:00,2022-01-26 21:30:00+00:00,2520.3938705566406,2455.6813409610318,0.14209033421891357,358.1236074306942,2456.909795858961,2605.03930348688,SL,-9.195024958391402,0.35352609495149856,0.0,-9.369489249627554,9.020473391371786,-1.038691523505807,4,892.2830439391338,
XRP,1,LEGACY_SMC,2022-01-26 20:30:00+00:00,2022-01-26 21:30:00+00:00,0.6262752420186997,0.6128786585978103,688.9754862614751,431.4882894033566,0.613185251223422,0.6437285630790699,SL,-9.22991757664965,0.42687333061503174,0.0,-9.441046762563003,9.01868277333463,-1.046832115048682,4,882.8419971765708,
ETH,-1,LEGACY_SMC,2022-01-27 11:45:00+00:00,2022-01-27 13:00:00+00:00,2444.8810431640627,2473.654219706618,0.32060247592033797,783.8349157690972,2472.418010701267,2408.16508644779,SL,-9.22475163963616,0.7884472915889154,0.0,-9.621281473340527,8.828419971765708,-1.0898078596295238,5,872.1180131206494,
LINK,-1,LEGACY_SMC,2022-01-27 11:45:00+00:00,2022-01-27 13:15:00+00:00,15.156967847442628,15.396860927097075,38.004125482580285,576.0273080096445,15.389166343925114,14.847369852132646,SL,-9.116926701590229,0.5805857713604397,0.0,-9.409498818945845,8.824500797186863,-1.0662924776374287,6,862.7085143017035,
XRP,-1,LEGACY_SMC,2022-01-27 12:15:00+00:00,2022-01-27 14:15:00+00:00,0.6105778712511063,0.6163856591966246,1384.824084191587,845.542941382962,0.6160776203864314,0.6032448724040061,SL,-8.042764622831296,0.8495643236943776,0.0,-8.469557475834193,7.616185059610107,-1.1120472269968416,8,854.2389568258693,
BTC,1,LEGACY_SMC,2022-01-29 15:00:00+00:00,2022-01-29 15:45:00+00:00,37621.42278,37370.96892669009,0.03405927635251449,1281.3584352388038,37389.663758569375,37930.43480857417,SL,-8.530277003434392,1.2770932967370867,0.0,-9.166691082552077,7.893544558094004,-1.1612895848104885,3,844.0057472283078,
SOL,1,LEGACY_SMC,2022-01-29 15:15:00+00:00,2022-01-29 15:45:00+00:00,95.55210373077392,94.0191732390848,0.886923364597455,84.74739333526304,94.06620634225591,97.53330024879793,SL,-1.3595918693829532,0.08406759740057157,0.0,-1.4012857701158932,1.317877111270967,-1.0632901642585524,2,842.6044614581918,
SOL,1,LEGACY_SMC,2022-01-29 16:00:00+00:00,2022-01-29 16:15:00+00:00,95.077010256958,93.47880151133899,1.3434984866341737,127.73581939392488,93.52556429348573,97.14560487492103,SL,-2.1471910310646525,0.12666222387839257,0.0,-2.2099853452460825,2.0843653040196997,-1.0602677663959021,1,839.7254425938572,
ETH,1,LEGACY_SMC,2022-01-29 15:15:00+00:00,2022-01-29 18:45:00+00:00,2548.5096,2586.3296530622138,0.3009332205163175,766.931201444752,2520.1445602033396,2586.3296530622138,TP,11.381310368110045,0.772621856628807,0.0,10.992154112203613,8.535982776082498,1.2877432394783193,14,850.6565711129325,
BTC,1,LEGACY_SMC,2022-01-29 16:00:00+00:00,2022-01-29 19:15:00+00:00,37571.812860000005,37920.567830535896,0.0322138094132763,1210.3312187833237,37310.24663209809,37920.567830535896,TP,11.234726152775972,1.2159485818597116,0.0,10.623943180307922,8.426044614581919,1.2608458258009185,13,861.2805142932405,
SOL,1,LEGACY_SMC,2022-01-29 16:30:00+00:00,2022-01-29 20:30:00+00:00,94.67792838134766,96.84098118961859,1.2891197382875177,122.05118625656723,93.05563877514446,96.84098118961859,TP,2.7884340701003056,0.12344540329161738,0.0,2.7260142599369717,2.0913255525752246,1.3034863254935138,16,864.0065285531774,
LINK,1,LEGACY_SMC,2022-01-30 00:45:00+00:00,2022-01-30 02:00:00+00:00,16.06221181526184,16.357901109322274,38.96010873163783,625.7855187931991,15.840444844716515,16.357901109322274,TP,11.520087047375744,0.6315455623168871,0.0,11.201434244455458,8.640065285531774,1.2964525005630252,5,874.8950700382362,
XRP,1,LEGACY_SMC,2022-01-30 13:00:00+00:00,2022-01-30 14:15:00+00:00,0.6164832807183266,0.6128053566925168,2128.7561984296026,1312.3426050573544,0.6131119126488411,0.6209784381443072,SL,-7.829403567295765,1.3084279032737065,0.0,-8.481660168040795,7.176820675104813,-1.1818130272450935,5,865.7572385676667,
ETH,1,LEGACY_SMC,2022-01-30 14:30:00+00:00,2022-01-30 16:00:00+00:00,2594.248726464844,2623.085238785909,0.40030603281854826,1038.4934158357128,2572.621342224045,2623.085238785909,TP,11.543429847568769,1.0442651307594972,0.0,11.018411424727129,8.657572385676668,1.2726906497433739,6,875.9224826463116,
LINK,1,LEGACY_SMC,2022-01-30 15:00:00+00:00,2022-01-30 16:30:00+00:00,17.299458726882936,17.066793720463163,38.6047498290194,667.8412763287621,17.07533138615624,17.5982951811852,SL,-8.981974366802497,0.6633502891453609,0.0,-9.311404017783477,8.652379918597488,-1.0761668009710805,6,866.611078628528,
LINK,1,LEGACY_SMC,2022-01-30 19:30:00+00:00,2022-01-30 20:15:00+00:00,16.924383726882933,17.280663306607714,32.43187384087412,548.8894778648103,16.65717404208935,17.280663306607714,TP,11.554814381713745,0.5546668850556671,0.0,11.274592235590484,8.66611078628528,1.300997934786768,3,877.6112261251861,
BTC,-1,LEGACY_SMC,2022-01-31 12:00:00+00:00,2022-01-31 12:15:00+00:00,37261.446220000005,36988.9,0.035321836015731585,1316.1426930918417,37455.88059443951,37002.200387414,TP_GAP,9.62683288954764,1.3113292766470679,0.0,8.973574959446493,6.867779089773663,1.3066196279971245,1,885.4888380962392,
BTC,-1,LEGACY_SMC,2022-01-31 12:15:00+00:00,2022-01-31 13:30:00+00:00,36981.50222,37233.99183119196,0.03591615206009765,1328.2332571443587,37215.384139122405,36669.65966117014,SL,-9.068455269165327,1.3327674847789415,0.0,-9.737106125372089,8.400138571307682,-1.1591601784559937,5,875.087615342295,
SOL,-1,LEGACY_SMC,2022-01-31 12:00:00+00:00,2022-01-31 14:30:00+00:00,91.33472622680664,92.27110653821647,5.586650082151736,510.2551557782956,92.22499404119588,90.14770247428766,SL,-5.23122914366302,0.5128707703501272,0.0,-5.488972336123999,4.973614758394735,-1.1036183143978766,10,869.598643006171,
LINK,1,LEGACY_SMC,2022-01-31 01:00:00+00:00,2022-01-31 15:00:00+00:00,16.83836608428955,17.37740491519638,21.708052080992037,365.5281279165675,16.43408696110943,17.37740491519638,TP,11.701483015002509,0.3713788694240687,0.0,11.512868209536725,8.776112261251862,1.3118414927721629,56,880.4716045535278,
BTC,-1,LEGACY_SMC,2022-01-31 14:45:00+00:00,2022-01-31 15:00:00+00:00,37401.0183,37673.97570801755,0.03421867592198171,1279.8133243598074,37655.14813395058,37062.17852139923,SL,-9.340241085456483,1.2844834449025357,0.0,-9.984817868179116,8.69598643006171,-1.1482099182747068,1,870.4867866853486,
XRP,-1,LEGACY_SMC,2022-01-31 15:30:00+00:00,2022-01-31 16:45:00+00:00,0.596420666217804,0.6015658209527176,1796.847576288279,1071.6770285417017,0.6012651883585384,0.5899613033634915,SL,-9.245058815057693,1.0762995579492305,0.0,-9.785519858736073,8.704867866853487,-1.1241434112972015,5,860.1654283123418,
LINK,1,LEGACY_SMC,2022-02-01 10:15:00+00:00,2022-02-01 14:30:00+00:00,17.16143254623413,17.499340500943095,33.9408179584761,582.4730579583996,16.90800158020241,17.499340500943095,TP,11.468872377497929,0.5882074941471487,0.0,11.17190141232998,8.601654283123418,1.2988084669072817,17,871.0460931956925,
ETH,1,LEGACY_SMC,2022-02-02 01:30:00+00:00,2022-02-02 03:00:00+00:00,2756.2611029296872,2794.751705899952,0.30173463165147374,831.6594286277739,2727.393150701989,2794.751705899952,TP,11.613947909275945,0.8374664025824119,0.0,11.19231122100742,8.710460931956925,1.2849275495795047,6,881.8225747023861,
SOL,1,LEGACY_SMC,2022-02-02 08:00:00+00:00,2022-02-02 09:45:00+00:00,108.56170891571044,110.62435929694935,5.695980380621393,618.3653640706171,107.01472112978125,110.62435929694935,TP,11.748816103618068,0.6242397721224262,0.0,11.43375901353095,8.811612077713592,1.2975785716270143,7,892.2857841028549,
BTC,1,LEGACY_SMC,2022-02-02 05:30:00+00:00,2022-02-02 12:00:00+00:00,38379.774419999994,38651.22506376387,0.03446434696511119,1322.733862053579,38176.186437177086,38651.22506376387,TP,9.355369170581069,1.3274115466388696,0.0,8.689324554968989,7.016526877935802,1.238408219071101,26,900.9751086578239,
LINK,-1,LEGACY_SMC,2022-02-03 15:30:00+00:00,2022-02-03 16:00:00+00:00,15.889821049118042,16.14270333774124,36.80228812807577,584.7817725532054,16.134636019731374,15.563401088300271,SL,-9.30664684839808,0.5894350959774045,0.0,-9.603691058098882,9.00975108657824,-1.0659219068111028,2,891.0790267134483,
XRP,-1,LEGACY_SMC,2022-02-03 21:15:00+00:00,2022-02-03 23:45:00+00:00,0.6040991290926934,0.6094192828522011,1776.616290913131,1073.2523540725135,0.6091147254894564,0.5974116672303427,SL,-9.45187183930427,1.0779782899921657,0.0,-9.993223952260179,8.910790267134484,-1.121474487971961,10,879.9729900395655,
ETH,-1,LEGACY_SMC,2022-02-03 22:00:00+00:00,2022-02-03 23:45:00+00:00,2660.0079310546876,2692.720809514564,0.21350560874925611,567.9266125976803,2691.375121953587,2618.185009856155,SL,-6.98438302951631,0.5714188041124385,0.0,-7.271838527329908,6.69707118762366,-1.0858236867436069,7,872.7011515122356,
LINK,-1,LEGACY_SMC,2022-02-03 21:30:00+00:00,2022-02-04 05:15:00+00:00,16.108777111816405,16.362409536833237,36.28124422594461,584.4464765751177,16.354232420622928,15.78150336674104,SL,-9.202099955654267,0.5890475265529449,0.0,-9.498924243919653,8.905424005364122,-1.066644804132632,31,863.2022272683159,
SOL,1,LEGACY_SMC,2022-02-04 14:00:00+00:00,2022-02-04 14:15:00+00:00,102.63052261047363,104.65428717414188,5.687105722111494,583.6706324013177,101.11269918772244,104.65428717414188,TP,11.509363030244185,0.5894253139164398,0.0,11.211773032528404,8.632022272683159,1.2988582140258265,1,874.1221649846437,
LINK,1,LEGACY_SMC,2022-02-05 15:15:00+00:00,2022-02-05 16:30:00+00:00,17.974594871520996,18.22693513806047,46.18748469924489,830.2013256035017,17.78533967161639,18.22693513806047,TP,11.654962199795305,0.8360288067033993,0.0,11.234034055893657,8.741221649846437,1.285178949339537,5,884.3768457413549,
XRP,1,LEGACY_SMC,2022-02-05 15:15:00+00:00,2022-02-05 16:30:00+00:00,0.6725644648432731,0.6670236831179417,1677.9139127198462,1128.505272761506,0.6673573617988411,0.6795072689025159,SL,-9.296954744277524,1.1238567953893672,0.0,-9.856558903286139,8.73707064321842,-1.1281308468000826,5,874.5202868380688,
XRP,1,LEGACY_SMC,2022-02-05 17:30:00+00:00,2022-02-05 21:00:00+00:00,0.6586617028713226,0.6682286135641324,337.0831631297996,222.02377023632562,0.6514865198517152,0.6682286135641324,TP,3.2248445177126275,0.22363619249518193,0.0,3.1122202103356083,2.4186333882844893,1.2867680672113242,14,876.5405828302731,
ETH,1,LEGACY_SMC,2022-02-05 17:30:00+00:00,2022-02-05 22:00:00+00:00,2993.2984911621093,3035.1344067408468,0.278714361329778,834.2752772336354,2961.9215544780564,3035.1344067408468,TP,11.660270491174336,0.8401054124792227,0.0,11.23730271731193,8.745202868380689,1.2849676429967933,18,887.777885547585,
SOL,1,LEGACY_SMC,2022-02-05 17:30:00+00:00,2022-02-05 23:00:00+00:00,112.94958735351562,115.2683327781263,5.026299365291283,567.7184392248879,111.21052828505762,115.2683327781263,TP,11.65470865599267,0.5735457935528843,0.0,11.36502208205223,8.74103149199452,1.300192327697354,22,899.1429076296372,
LINK,1,LEGACY_SMC,2022-02-05 17:30:00+00:00,2022-02-06 01:15:00+00:00,17.67553528518677,18.043389752797985,31.67264473381829,559.8309495677901,17.399644434478358,18.043389752797985,TP,11.650923866397935,0.5656564115009891,0.0,11.365182929680842,8.738192899798396,1.3006331011464687,31,910.508090559318,
BTC,1,LEGACY_SMC,2022-02-06 04:15:00+00:00,2022-02-06 07:45:00+00:00,41380.974539999996,41606.36818433147,0.03300459090248813,1365.762135838977,41211.92930675139,41606.36818433147,TP,7.43902502318122,1.3694816483505676,0.0,6.75242444275014,5.579268767385795,1.2102705075299742,14,916.1232334902038,
ETH,1,LEGACY_SMC,2022-02-06 04:30:00+00:00,2022-02-06 14:30:00+00:00,3010.0117940917967,2990.384210961188,0.3019260222412948,908.8008878895193,2991.880151036706,3034.1873181652504,SL_AMBIG,-5.926078100835071,0.9058378488391019,0.0,-6.377515505729414,5.474414864322483,-1.1649675195960325,40,909.1277495814339,
LINK,1,LEGACY_SMC,2022-02-06 13:00:00+00:00,2022-02-06 14:30:00+00:00,17.744547421646118,17.604211597495524,69.65163870976947,1235.9368060808667,17.613018106548797,17.919919841775876,SL_AMBIG,-9.774620121774875,1.2310494960199794,0.0,-10.38770121475442,9.161232334902039,-1.1338759715960742,6,898.7400483666795,
BTC,1,LEGACY_SMC,2022-02-06 14:45:00+00:00,2022-02-06 15:00:00+00:00,41486.89572,41214.61931530348,0.03249484082030563,1348.1100725500191,41235.23693377036,41822.44076830619,SL,-8.847578429738663,1.34368628333515,0.0,-9.517209676798803,8.177612199563596,-1.1638127908910496,1,888.1191338164786,
LINK,-1,LEGACY_SMC,2022-02-06 14:45:00+00:00,2022-02-06 15:00:00+00:00,17.56848610343933,17.32367186076374,48.91142408030818,859.2996742543221,17.752096785446025,17.32367186076374,TP,11.974213244405336,0.8533125676321194,0.0,11.550550513900378,8.980659933304045,1.2861583224041369,1,899.6696843303789,
ETH,1,LEGACY_SMC,2022-02-06 15:00:00+00:00,2022-02-06 17:00:00+00:00,2978.835638232422,3008.1120660615893,0.4097356365014231,1220.5351162642842,2956.8783173605466,3008.1120660615893,TP,11.995595791071905,1.22653291415982,0.0,11.379330435044226,8.99669684330379,1.264834264534969,8,909.9256637915623,
XRP,1,LEGACY_SMC,2022-02-06 15:00:00+00:00,2022-02-06 17:15:00+00:00,0.6642128397703171,0.6716394964545422,404.8272606159762,268.89146439017577,0.6586428472571483,0.6716394964545422,TP,3.006513081010197,0.27039472093068084,0.0,2.8705640922746043,2.2548848107576256,1.2730424536897362,9,912.7962278838369,
SOL,1,LEGACY_SMC,2022-02-06 15:00:00+00:00,2022-02-06 23:15:00+00:00,112.92258152618408,114.71011465178086,6.706146430877764,757.2753670673227,111.58193168198649,114.71011465178086,TP,11.987458890296626,0.763269096512471,0.0,11.602827477317817,8.990594167722469,1.2905517990094184,33,924.3990553611548,
LINK,1,LEGACY_SMC,2022-02-08 00:30:00+00:00,2022-02-08 04:00:00+00:00,18.742748120498657,19.08659273098155,35.83309898250856,671.6107486060547,18.484864662636486,19.08659273098155,TP,12.321017962035619,0.6777712575870725,0.0,11.979052078751574,9.240763471526746,1.2963270963121418,14,935.7195938571232,
SOL,1,LEGACY_SMC,2022-02-08 00:30:00+00:00,2022-02-08 05:45:00+00:00,116.84436334533692,119.07570456448182,5.523727448046693,645.4164169601785,115.17085743097823,119.07570456448182,TP,12.325320738148704,0.6515790773292528,0.0,11.996449869299541,9.243990553611548,1.2977566127664022,21,947.7160437264228,
LINK,1,LEGACY_SMC,2022-02-08 08:15:00+00:00,2022-02-08 08:45:00+00:00,18.567711975860597,18.267647289531016,32.57581266934268,604.8583070239455,18.2767856823722,18.955613700511794,SL,-9.774851010557489,0.5999708815186667,0.0,-10.072392738564183,9.477160437264228,-1.0628070301479227,2,937.3412218343466,
ETH,1,LEGACY_SMC,2022-02-08 08:45:00+00:00,2022-02-08 09:00:00+00:00,3113.632611767578,3081.0235772467067,0.3017087361479515,939.4101601254414,3082.564859676545,3155.0562812222884,SL,-9.838430592297007,0.9344909448292928,0.0,-10.303216457063579,9.373412218343466,-1.0991959189526004,1,926.5683002972203,
BTC,1,LEGACY_SMC,2022-02-08 09:15:00+00:00,2022-02-08 12:15:00+00:00,43604.119080000004,43109.630094446926,0.019592355218249525,854.3073899942118,43131.19569229307,44234.68359694258,SL,-9.688203856467766,0.8494632880659779,0.0,-10.110513449536638,9.265683002972203,-1.091178431886072,12,915.599439710844,
ETH,1,LEGACY_SMC,2022-02-08 09:30:00+00:00,2022-02-08 12:15:00+00:00,3098.2694323242185,3063.4637611116163,0.27834470259042216,862.3868836852807,3064.9962592412367,3142.633663101528,SL,-9.687974202131775,0.8575428965842148,0.0,-10.11432365687335,9.261411466022233,-1.0920931106430412,11,905.4851160539706,
XRP,1,LEGACY_SMC,2022-02-08 12:45:00+00:00,2022-02-08 16:45:00+00:00,0.8392477920770645,0.8159897666871482,396.27658430409525,332.57424842905266,0.8163979656699831,0.8697142272865062,SL,-9.216610859173947,0.3279659429994657,0.0,-9.378289677958886,9.054851160539707,-1.0357199154005643,16,895.5600679213862,
BTC,1,LEGACY_SMC,2022-02-08 15:30:00+00:00,2022-02-08 17:30:00+00:00,43209.1401,42673.71903491872,0.017610687439300814,760.9426608220591,42695.06656820282,43894.57147572957,SL,-9.429133025563868,0.7562280943092772,0.0,-9.804889789462115,9.053188289297562,-1.083031687417039,8,885.7551781319241,
SOL,-1,LEGACY_SMC,2022-02-08 23:45:00+00:00,2022-02-09 02:00:00+00:00,114.06918446807862,112.25126574851005,6.496478040867423,741.047952036528,115.43262350775504,112.25126574851005,TP,11.81006904175902,0.7351429175156485,0.0,11.445450100261635,8.857551781319241,1.2921685791778632,9,896.8301042561675,
SOL,-1,LEGACY_SMC,2022-02-09 11:15:00+00:00,2022-02-09 12:30:00+00:00,112.76444516296387,114.18179598548495,6.592940640571068,743.4492933263521,114.12473361867562,110.95072722201485,SL,-9.344509839746102,0.7481215482462251,0.0,-9.720906741329152,8.968301042561675,-1.0839184250390088,5,886.7374728681751,
XRP,1,LEGACY_SMC,2022-02-09 23:30:00+00:00,2022-02-09 23:45:00+00:00,0.8773254291415215,0.8632214021615008,648.5696882391583,569.0066800626023,0.8636532287758887,0.8955550296290318,SL,-9.14744438134868,0.564432957871928,0.0,-9.427373999189308,8.867374728681751,-1.0631527692966696,1,877.0255955289546,
LINK,1,LEGACY_SMC,2022-02-10 01:45:00+00:00,2022-02-10 02:45:00+00:00,18.452689204788207,18.290250031489762,57.21368701247549,1055.7463847012377,18.29939973135544,18.65707516936523,SL,-9.293744019662494,1.0510995126914064,0.0,-9.816970340003282,8.770255955289546,-1.1193482140144881,4,866.6807519966006,
BTC,1,LEGACY_SMC,2022-02-10 05:00:00+00:00,2022-02-10 08:00:00+00:00,43787.45574,44135.437867801316,0.02968935066047528,1300.021127994901,43526.46914414901,44135.437867801316,TP,10.331363415871675,1.3051868097028367,0.0,9.676187170166289,7.74852256190381,1.2487783435954598,12,875.7069286027695,
LINK,-1,LEGACY_SMC,2022-02-11 10:45:00+00:00,2022-02-11 12:15:00+00:00,17.528493188095094,17.706524177229255,51.7611888147152,907.2956455464393,17.697675339559478,17.30291698614258,SL,-9.215095643443814,0.9119031933681612,0.0,-9.673351014038754,8.757069286027695,-1.1046333765421987,6,865.5799297659576,
SOL,-1,LEGACY_SMC,2022-02-11 13:00:00+00:00,2022-02-11 13:30:00+00:00,106.40971355590821,107.54513351419175,7.997945462450164,851.0590856950978,107.49138782028162,104.96748120341033,SL,-9.081026903329153,0.8555995991467624,0.0,-9.511096959628366,8.65117177459439,-1.0993998509611485,2,855.1805509569631,
SOL,-1,LEGACY_SMC,2022-02-11 14:15:00+00:00,2022-02-11 14:30:00+00:00,106.60167649841308,107.79256229030712,7.521268090713284,801.7797878640546,107.7386929438352,105.0856545711836,SL,-8.95697130625641,0.8062582735171828,0.0,-9.362339685841565,8.55180550956963,-1.0947793042492526,1,845.4173213771895,
SOL,-1,LEGACY_SMC,2022-02-11 14:45:00+00:00,2022-02-11 16:00:00+00:00,107.0145959121704,105.33726206474522,6.720326409080359,719.1730150656218,108.2725962977393,105.33726206474522,TP,11.27223095169586,0.713536899589774,0.0,10.918280559638898,8.454173213771895,1.2914663898597392,5,855.7420320747598,
ETH,-1,LEGACY_SMC,2022-02-11 12:30:00+00:00,2022-02-11 17:45:00+00:00,3113.3371689453124,3074.513776386301,0.29727092274768047,925.5046130370242,3142.454713364571,3074.513776386301,TP,11.541065730212813,0.9197340801719178,0.0,11.084083956559407,8.655799297659575,1.280538466223034,21,866.8261160313192,
BTC,-1,LEGACY_SMC,2022-02-11 15:00:00+00:00,2022-02-11 18:30:00+00:00,43501.19802,42995.85033568281,0.010757559110357017,467.96670907149564,43880.208783237904,42995.85033568281,TP,5.43630758532427,0.4652485552788336,0.0,5.205042384581184,4.077230688993241,1.2766121864609101,14,872.0311584159003,
XRP,-1,LEGACY_SMC,2022-02-12 15:00:00+00:00,2022-02-12 15:30:00+00:00,0.776014781332016,0.7867646183711375,842.0010785693137,653.4052828672875,0.7863714326548101,0.7622059129016238,SL,-9.051374381384727,0.6579309700579798,0.0,-9.382602710009063,8.720311584159004,-1.075948103397263,2,862.3218530644576,
BTC,-1,LEGACY_SMC,2022-02-12 16:15:00+00:00,2022-02-12 16:30:00+00:00,42343.5296,42675.63788215433,0.027746918288398818,1174.9024558535966,42654.310726790936,41929.154764278755,SL,-9.214981367836732,1.179509946537515,0.0,-9.807040086447449,8.623218530644577,-1.1372830285578281,1,851.6196746715975,
SOL,-1,LEGACY_SMC,2022-02-12 16:15:00+00:00,2022-02-12 16:45:00+00:00,96.10877275238037,97.50335176898618,6.4028926740867025,615.37415697168,97.4546244567578,94.31430381321047,SL,-8.929339768860334,0.6198388268561102,0.0,-9.241491517230605,8.617344018365309,-1.0724292192043292,2,842.3781831543669,
ETH,-1,LEGACY_SMC,2022-02-12 16:45:00+00:00,2022-02-12 18:00:00+00:00,2928.5640723632814,2964.8468097989294,0.24205535902631128,708.8746279674504,2963.365127235312,2882.162665867241,SL,-8.782431036443151,0.7132658434856719,0.0,-9.141259565945099,8.42378183154367,-1.0851728770698648,5,832.5825045232973,
SOL,-1,LEGACY_SMC,2022-02-12 17:00:00+00:00,2022-02-12 18:00:00+00:00,97.27354066772462,98.6880535969934,6.167797513723498,599.9635022814734,98.63873422987847,95.45328258485281,SL,-8.72442932827373,0.6043257169456102,0.0,-9.028773294078604,8.420237458403832,-1.0722706264141544,4,823.5537312292187,
SOL,-1,LEGACY_SMC,2022-02-12 18:30:00+00:00,2022-02-12 21:15:00+00:00,98.41031430511475,96.49411068874373,5.730453863345273,563.9357658027675,99.84746701739303,96.49411068874373,TP,10.980716416389502,0.5584454075945727,0.0,10.704238891696313,8.235537312292188,1.2997620538637344,11,833.9760022380135,
ETH,-1,LEGACY_SMC,2022-02-13 13:00:00+00:00,2022-02-13 14:15:00+00:00,2933.3831767089846,2951.6739343797053,0.35627703295473584,1045.0970547172146,2950.1988349622243,2910.9622990379985,SL,-6.516576873418455,1.0483553431539239,0.0,-7.0423836892137714,5.991032829645053,-1.1754874141844767,5,825.8917976364834,
LINK,-1,LEGACY_SMC,2022-02-13 08:30:00+00:00,2022-02-13 14:30:00+00:00,16.207758242416382,16.034222068649555,64.07701511721156,1038.5447699154247,16.337910372741504,16.034222068649555,TP,11.11968002984003,1.0329849299005047,0.0,10.605967484897237,8.339760022380137,1.2717353324838636,24,836.4977651213807,
BTC,-1,LEGACY_SMC,2022-02-13 14:30:00+00:00,2022-02-13 14:45:00+00:00,42469.704359999996,42233.55467773288,0.029544511001207995,1254.746647682071,42646.81662170034,42233.55467773288,TP,6.976926885672637,1.2512581842392347,0.0,6.353042025274438,5.232695164254586,1.2141051266798664,1,841.8059691569082,
ETH,-1,LEGACY_SMC,2022-02-13 14:30:00+00:00,2022-02-13 16:00:00+00:00,2934.092995654297,2910.740646488121,0.284561304992172,834.929331811778,2951.6072575289286,2910.740646488121,TP,6.645174953359854,0.8316067443350981,0.0,6.231032874930645,4.983881215019858,1.250237035375615,6,847.6725045573102,
XRP,1,LEGACY_SMC,2022-02-13 14:45:00+00:00,2022-02-13 16:00:00+00:00,0.8243948612809181,0.8144677347577245,884.2788611329062,728.9949490573105,0.8148751723438964,0.8370877798636136,SL,-8.77834813625191,0.7246057749891845,0.0,-9.13845643671244,8.418059691569082,-1.085577528734425,5,838.5340481205977,
SOL,-1,LEGACY_SMC,2022-02-14 08:00:00+00:00,2022-02-14 09:00:00+00:00,94.78504005432129,93.38031808489528,7.959193504683255,754.4124751414962,95.83858153139079,93.38031808489528,TP,11.18045397494134,0.7488222481540254,0.0,10.808837964358062,8.385340481205978,1.289015990296859,4,848.9656798473851,
SOL,-1,LEGACY_SMC,2022-02-14 13:15:00+00:00,2022-02-14 13:30:00+00:00,94.83202772521973,95.99845309792235,7.590554591677459,719.8276834877507,95.95047785899285,93.3407608801889,SL,-8.853815468616958,0.7242545912220593,0.0,-9.218156218095142,8.48965679847385,-1.085810232016947,1,838.9767138480809,
LINK,-1,LEGACY_SMC,2022-02-14 13:15:00+00:00,2022-02-14 14:00:00+00:00,15.830832833862305,16.00230368853679,51.91084307154926,821.7918789305555,15.994306535269157,15.612867898653167,SL,-8.901196628351721,0.8262424772447314,0.0,-9.316543166131176,8.486057660056414,-1.0978647022378636,3,829.3263039279095,
SOL,-1,LEGACY_SMC,2022-02-14 13:45:00+00:00,2022-02-14 14:00:00+00:00,94.8770245223999,96.11714564077381,7.037884160487892,667.7335080804196,96.0691110852312,93.28757577195817,SL,-8.727828776090247,0.6720974224684648,0.0,-9.066059444518501,8.389767138480808,-1.0806091867479595,1,820.260244483391,
LINK,1,LEGACY_SMC,2022-02-15 22:15:00+00:00,2022-02-15 22:45:00+00:00,16.819363184738158,16.987224114376485,65.15395383156307,1095.8480124147216,16.693467487509416,16.987224114376485,TP,10.936803259778777,1.101316414044611,0.0,10.383410851941527,8.20260244483391,1.2658678659333433,2,830.0957313291252,
SOL,1,LEGACY_SMC,2022-02-16 04:30:00+00:00,2022-02-16 05:30:00+00:00,101.19623770294189,102.71439323108251,7.290388158019603,737.7598529856643,100.05762105683642,102.71439323108251,TP,11.067943084388407,0.7432938245278586,0.0,10.69352918635338,8.300957313291253,1.2882284274888645,4,840.4203805889858,
XRP,1,LEGACY_SMC,2022-02-16 10:30:00+00:00,2022-02-16 13:30:00+00:00,0.8258451534748077,0.8191881037308717,1345.264354658477,1110.9800474371182,0.8195979026822128,0.8341748211982677,SL,-8.955491727705436,1.1065023015732653,0.0,-9.506504005560142,8.404203805889859,-1.131160574532684,12,830.3583865597071,
SOL,-1,LEGACY_SMC,2022-02-18 07:30:00+00:00,2022-02-18 08:00:00+00:00,94.94900871887208,95.84301496724242,9.807775411461355,931.2385530555835,95.79511740853816,93.82086379931731,SL,-8.768212500459489,0.9356226593058132,0.0,-9.23821588323751,8.298444001930783,-1.1132467581980516,2,820.0834472003238,
LINK,-1,LEGACY_SMC,2022-02-18 06:45:00+00:00,2022-02-18 08:45:00+00:00,15.912817166137696,16.049375700347102,64.60029814490444,1027.9727332578486,16.041355022835685,15.741433357207045,SL,-8.82172202415879,1.032383594269928,0.0,-9.340119251799793,8.303583865597071,-1.1248298810465727,8,810.2893278391415,
ETH,-1,LEGACY_SMC,2022-02-18 08:30:00+00:00,2022-02-18 08:45:00+00:00,2911.7075810546876,2933.521911708284,0.31184457693245365,908.000218765017,2932.0558837664007,2884.5765107724037,SL,-6.802680713735376,0.9114015591218847,0.0,-7.2600821634747525,6.345507850427681,-1.1441294116412495,1,803.0292456756667,
LINK,-1,LEGACY_SMC,2022-02-18 09:00:00+00:00,2022-02-18 10:15:00+00:00,16.008796730422976,15.843866694425644,42.93188997496389,687.2878998620808,16.132494257420973,15.843866694425644,TP,7.080758159004263,0.6837475207825787,0.0,6.740654588152725,5.31056861925314,1.26929055463381,5,808.8239843796317,
XRP,-1,LEGACY_SMC,2022-02-18 07:30:00+00:00,2022-02-18 11:00:00+00:00,0.7983403014302254,0.786764201130851,143.09144330217435,114.23566597794388,0.8070223766547562,0.786764201130851,TP,1.6564408996482145,0.11340744552811977,0.0,1.6001512871090666,1.2423306747361609,1.2880236475275777,14,810.4241356667408,
BTC,-1,LEGACY_SMC,2022-02-18 09:00:00+00:00,2022-02-18 11:00:00+00:00,40846.92898,40573.298210050765,0.02948921494448908,1204.5438685135,41052.15205746192,40573.298210050765,TP,8.069156590458938,1.2005092902182706,0.0,7.470919234497417,6.0518674428442045,1.2344816381150443,8,817.8950549012382,
XRP,-1,LEGACY_SMC,2022-02-18 23:00:00+00:00,2022-02-18 23:15:00+00:00,0.784563059604168,0.7944422538594312,862.5609048057385,676.7334225693296,0.7940452312438093,0.7719201640846461,SL,-8.521406735571558,0.6809941259371154,0.0,-8.86403415022401,8.17895054901238,-1.0837617976910685,1,808.6926540397294,
BTC,-1,LEGACY_SMC,2022-02-19 07:00:00+00:00,2022-02-19 08:30:00+00:00,40361.926,40149.231108986554,0.024594057801903744,992.6635410401616,40521.447168260085,40149.231108986554,TP,5.231030443754287,0.9900480258182844,0.0,4.737314188456083,3.9232728328157602,1.2074903761041977,6,812.4197447752389,
LINK,-1,LEGACY_SMC,2022-02-19 05:30:00+00:00,2022-02-19 08:45:00+00:00,15.460906948280336,15.298705167873647,66.47626612663963,1027.7833648530955,15.582558283585351,15.298705167873647,TP,10.782568720529767,1.0223920804928306,0.0,10.274068322463485,8.086926540397295,1.270454018735125,13,822.6938130977023,
BTC,-1,LEGACY_SMC,2022-02-19 16:30:00+00:00,2022-02-19 16:45:00+00:00,40172.16396,39883.02426560295,0.030718801229510703,1234.0407196465535,40389.01873079778,39883.02426560295,TP,8.882024799744347,1.2295997072466813,0.0,8.269445452320943,6.66151859980826,1.2413754203972296,1,829.976403687753,
LINK,-1,LEGACY_SMC,2022-02-19 16:30:00+00:00,2022-02-19 16:45:00+00:00,15.538891416931152,15.308623338746404,47.601143804125236,739.6690048940271,15.711592475569713,15.308623338746404,TP,10.96102390317175,0.7341884929424413,0.0,10.596669912676322,8.220767927378791,1.2890121709171143,1,840.5730736004293,
SOL,-1,LEGACY_SMC,2022-02-20 12:30:00+00:00,2022-02-20 14:15:00+00:00,89.47710374603271,87.56567311749372,5.8634829922682785,524.647476012287,90.91067671743696,87.56567311749372,TP,11.20764098133906,0.5190436555216175,0.0,10.950921063823586,8.405730736004294,1.3027922744321883,7,851.2616709262468,
BTC,-1,LEGACY_SMC,2022-02-20 23:15:00+00:00,2022-02-20 23:45:00+00:00,38701.7581,38383.280043648076,0.032993139564617614,1276.8925063893703,38940.616642263936,38383.280043648076,TP,10.507590961487164,1.2716387109086267,0.0,9.874398503773223,7.880693221115193,1.2529860288579922,2,860.073300917687,
LINK,-1,LEGACY_SMC,2022-02-20 23:15:00+00:00,2022-02-20 23:45:00+00:00,14.851029291534424,14.644823407698707,55.001548863060165,816.8296132450683,15.005683704411211,14.644823407698707,TP,11.341642995640662,0.811158791747248,0.0,10.938899010515948,8.506232246730521,1.28598640305412,2,871.0121999282029,
XRP,-1,LEGACY_SMC,2022-02-20 23:15:00+00:00,2022-02-21 00:00:00+00:00,0.7858028266310692,0.7738020483622408,40.48713488093889,31.814905031635135,0.7948034103326904,0.7738020483622408,TP,0.4858771284462955,0.03157196646741199,0.0,0.4702126144947011,0.3644078463347205,1.2903471185491309,3,871.4824125426976,
LINK,-1,LEGACY_SMC,2022-02-21 01:00:00+00:00,2022-02-21 01:15:00+00:00,14.90601859664917,15.14957119846344,46.38835847431435,691.4657340861579,15.093885216897275,14.655529769651697,SL_GAP,-11.298005400312247,0.697114736786314,0.0,-11.649387270055483,8.714824125426976,-1.3367323427751596,1,859.487292405599,
BTC,-1,LEGACY_SMC,2022-02-21 01:30:00+00:00,2022-02-21 04:45:00+00:00,38990.900259999995,39348.25700539079,0.025451777049159314,992.3877003635278,39328.592709036275,38540.64366128495,SL,-9.095364210699737,0.9969353824688777,0.0,-9.59610574298685,8.59487292405599,-1.1164918699529034,13,849.059267296081,
ETH,-1,LEGACY_SMC,2022-02-21 01:30:00+00:00,2022-02-21 04:45:00+00:00,2709.627887890625,2745.6644566582117,0.24780193461227462,671.4510326986684,2744.2923105029604,2663.4086577408443,SL,-8.929931457396254,0.6759159984273666,0.0,-9.270121939474286,8.589910985554173,-1.079187194729263,13,839.7891453566067,
BTC,-1,LEGACY_SMC,2022-02-22 10:30:00+00:00,2022-02-22 10:45:00+00:00,37438.710759999994,37814.53217281929,0.02352854099901466,880.8782410669112,37795.634355641465,36962.81263247803,SL,-8.842529519826329,0.8852995058268244,0.0,-9.287389905119698,8.397891453566068,-1.1059192603848094,1,829.8093584419327,
LINK,-1,LEGACY_SMC,2022-02-22 10:30:00+00:00,2022-02-22 13:45:00+00:00,13.729253950881958,13.96491461599359,36.703799044339824,503.91577804187995,13.957935648169506,13.424345021165227,SL,-8.64964169491283,0.5082405988893364,0.0,-8.905924404781226,8.393487062360732,-1.0610517820082714,13,820.1189644337902,
SOL,-1,LEGACY_SMC,2022-02-22 10:45:00+00:00,2022-02-22 14:45:00+00:00,85.17995919647217,86.57868437602788,6.121987417974144,521.4706384643536,86.53541666769404,83.37268256817634,SL,-8.56297795044369,0.5257521274395754,0.0,-8.827994758651089,8.298093584419327,-1.0638581824657551,16,811.2909696751391,
BTC,-1,LEGACY_SMC,2022-02-22 11:00:00+00:00,2022-02-22 14:45:00+00:00,37693.559779999996,38097.08470928918,0.02157552745666883,813.2584339729777,38078.045686445956,37180.911904738714,SL,-8.706263191329098,0.8176115655686423,0.0,-9.117245539911252,8.295486231227006,-1.099061017736473,15,802.1737241352279,
XRP,-1,LEGACY_SMC,2022-02-22 11:00:00+00:00,2022-02-22 14:45:00+00:00,0.706708622276783,0.7183917082753145,331.4097591317418,234.21013428507376,0.7180326919293499,0.691609862740027,SL,-3.8718887166887552,0.23614607864341813,0.0,-3.9909297281896365,3.752907195948276,-1.0634235060484136,15,798.1827944070383,
XRP,-1,LEGACY_SMC,2022-02-22 23:30:00+00:00,2022-02-22 23:45:00+00:00,0.7160167673707009,0.7246421397328376,1055.7591647751851,755.9412642843191,0.7235770407837856,0.7059364028199212,SL_GAP,-9.106315920924498,0.7604944222447814,0.0,-9.48883971102712,7.981827944070383,-1.188805343527391,1,788.315984063869,
XRP,-1,LEGACY_SMC,2022-02-23 00:00:00+00:00,2022-02-23 01:45:00+00:00,0.7206358589887619,0.7097290134662292,963.6956685417018,694.4736559032984,0.7288159931306615,0.7097290134662292,TP,10.510879787518254,0.6892182160095394,0.0,10.168898399460364,7.88315984063869,1.2899520756941145,7,798.1376456353777,
SOL,1,LEGACY_SMC,2022-02-23 18:00:00+00:00,2022-02-23 20:00:00+00:00,89.07181165466308,87.44305757762363,5.035534822846983,448.52420932112364,87.48680097811268,91.18515922339695,SL,-8.201647872786126,0.4444233853847306,0.0,-8.421809153510294,7.981376456353778,-1.0551825489707227,8,789.4915743772069,
BTC,-1,LEGACY_SMC,2022-02-24 14:45:00+00:00,2022-02-24 15:00:00+00:00,35270.24454000001,35809.40807476621,0.015145604750156165,534.1891832441936,35791.51231860691,34575.2208351908,SL,-8.165957793265967,0.5382721621408266,0.0,-8.437135363784698,7.894915743772069,-1.068679595528345,1,780.3946497008259,
ETH,-1,LEGACY_SMC,2022-02-24 14:45:00+00:00,2022-02-24 15:00:00+00:00,2391.4715611816405,2437.648146606445,0.1816070757854994,434.3081570503807,2434.929365695698,2333.5278218295643,SL_GAP,-8.38599464875809,0.4385011543747598,0.0,-8.60734172460766,7.892244797855848,-1.0906075451367256,1,771.7873079762182,
LINK,-1,LEGACY_SMC,2022-02-24 14:45:00+00:00,2022-02-24 15:00:00+00:00,11.826634672927856,12.0984683753058,29.68564554563116,351.08128489820785,12.092422164223688,11.472251351200079,SL,-8.069558936148221,0.35511606436628196,0.0,-8.2491343580654,7.890073257070597,-1.0455079552871114,1,763.5381736181529,
LINK,-1,LEGACY_SMC,2022-02-24 15:00:00+00:00,2022-02-24 15:45:00+00:00,12.073585013580322,12.359564438431788,27.288446075780058,329.46937358443284,12.353387744559509,11.700514705608073,SL,-7.803934113841807,0.33337134064135376,0.0,-7.972570767690945,7.635381736181529,-1.0441613848737372,3,754.6200996619569,
BTC,-1,LEGACY_SMC,2022-02-24 15:30:00+00:00,2022-02-24 16:00:00+00:00,35618.97478,36203.25140080988,0.013482779151543474,480.2427705631368,36185.158821399185,34864.06272480108,SL,-7.877672641789773,0.48418160688403167,0.0,-8.121732863392236,7.633734389313607,-1.0639265723944722,2,746.4983667985647,
SOL,-1,LEGACY_SMC,2022-02-24 15:30:00+00:00,2022-02-24 16:00:00+00:00,83.95620497283936,86.2747940793428,3.3529003651951044,281.4967903138281,86.23167824022269,80.92224061632825,SL,-7.773998261932769,0.2853837894447945,0.0,-7.91863365622065,7.629435149201275,-1.0379056249071927,2,738.579733142344,
XRP,-1,LEGACY_SMC,2022-02-24 15:30:00+00:00,2022-02-24 16:00:00+00:00,0.6453809158682823,0.6574254923637546,651.0762563841769,420.1921906453126,0.6570969438918087,0.629759545170247,SL,-7.841937774404956,0.42411315953251516,0.0,-8.055954838614815,7.628027665249706,-1.0560993211016494,2,730.5237783037292,
ETH,-1,LEGACY_SMC,2022-02-24 15:30:00+00:00,2022-02-24 16:15:00+00:00,2437.0525310546877,2487.288447667707,0.1557640826637597,379.6052519031272,2486.0454249552295,2371.728672520632,SL,-7.824951468000043,0.3835177276371272,0.0,-8.018666569685607,7.631333175460791,-1.0507556655330315,3,722.5051117340436,
BTC,-1,LEGACY_SMC,2022-02-24 16:15:00+00:00,2022-02-24 18:45:00+00:00,36107.47706,36693.26889486691,0.012732391378241087,459.73452960878177,36674.93142915233,35350.87123446355,SL,-7.458530907703494,0.4634637950626336,0.0,-7.692127437961737,7.225051117340436,-1.0646467842283216,10,714.40123957343,
ETH,-1,LEGACY_SMC,2022-02-24 16:15:00+00:00,2022-02-24 18:45:00+00:00,2470.1857956542967,2520.493658415729,0.14725811974746883,363.754915694957,2519.2340413950315,2404.7881346666504,SL,-7.40824127876222,0.3674590363343381,0.0,-7.593822857249079,7.222752444692393,-1.0513752084677035,10,706.8074167161809,
BTC,1,LEGACY_SMC,2022-02-26 09:30:00+00:00,2022-02-26 13:00:00+00:00,38809.46034,39242.701083936736,0.02174313093079992,843.8391775263067,38484.529782047444,39242.701083936736,TP,9.420010219973655,0.8485491826362934,0.0,8.993380626100514,7.065007664980242,1.2729470444425435,14,714.9181987836448,
ETH,1,LEGACY_SMC,2022-02-26 09:00:00+00:00,2022-02-26 14:30:00+00:00,2756.5512,2798.9089248029686,0.2224883166739062,613.3004363134361,2724.7829063977733,2798.9089248029686,TP,9.424098889549079,0.6180124857582107,0.0,9.112736621947587,7.068074167161809,1.2892814091121534,22,724.0309354055923,
SOL,1,LEGACY_SMC,2022-02-26 09:30:00+00:00,2022-02-26 18:15:00+00:00,90.93418356628418,89.46729969688094,3.3876974681238483,308.05750343341015,89.5120557247433,92.830354021672,SL,-4.9693587704090465,0.3055728240482056,0.0,-5.120902842740547,4.81773888813644,-1.0629266055390922,35,718.9100325628518,
XRP,1,LEGACY_SMC,2022-02-26 18:30:00+00:00,2022-02-26 19:15:00+00:00,0.743658709859848,0.754468665401015,886.725857875577,659.4214074671186,0.7355512432039729,0.754468665401015,TP,9.585467100838091,0.6642141410175377,0.0,9.250963663554113,7.189100325628519,1.286804084591118,3,727.8312855226724,
BTC,1,LEGACY_SMC,2022-02-27 00:45:00+00:00,2022-02-27 01:00:00+00:00,38839.36632,38532.45440408804,0.025303896488485175,982.7873050396374,38551.73026922265,39222.8810543698,SL,-7.766067351318856,0.978904271363978,0.0,-8.253577970163015,7.278312855226724,-1.133996041986012,1,719.0863138999895,
SOL,-1,LEGACY_SMC,2022-02-28 08:00:00+00:00,2022-02-28 08:15:00+00:00,88.14536941375732,89.48048446297292,5.569747668489613,490.94746578043043,89.43576657968309,86.42483985918963,SL,-7.436253932533996,0.4946655927466974,0.0,-7.685445792390478,7.187186606340649,-1.069326039984861,1,710.7877411087841,
ETH,-1,LEGACY_SMC,2022-02-28 12:30:00+00:00,2022-02-28 13:15:00+00:00,2653.819227636719,2611.5096632559184,0.17069618992824206,452.99683091589804,2685.5514009223193,2611.5096632559184,TP,7.2220814373263185,0.4493857901972349,0.0,6.999194062587033,5.41656107799472,1.292184092785717,3,717.2664712178323,
BTC,-1,LEGACY_SMC,2022-02-28 08:00:00+00:00,2022-02-28 14:15:00+00:00,38334.8315,38729.07834873539,0.01918115987673888,735.3065318493457,38709.7234869919,37834.975517344144,SL,-7.5621118364940205,0.7390875877675926,0.0,-7.933546158336941,7.190863138999894,-1.103281484431136,25,709.3329250594953,
LINK,-1,LEGACY_SMC,2022-02-28 12:15:00+00:00,2022-02-28 14:15:00+00:00,13.77624448223114,13.949765770953224,42.677166256728306,587.9310761615144,13.942794373766342,13.554177960184205,SL,-7.405396887874117,0.5916337746054514,0.0,-7.703065124398811,7.107877411087842,-1.0837363503740953,8,701.6298599350965,
SOL,1,LEGACY_SMC,2022-03-01 06:00:00+00:00,2022-03-01 09:30:00+00:00,96.32925955810546,94.93232410718112,5.199393655399841,500.853740975778,94.97981401418821,98.12852028332847,SL,-7.26321732053916,0.49722213231550844,0.0,-7.510012582366779,7.016298599350965,-1.070366729127162,14,693.8694204822418,
SOL,1,LEGACY_SMC,2022-03-01 09:45:00+00:00,2022-03-01 10:00:00+00:00,95.64912325286865,94.27926905055709,5.2458921073251465,501.7649807447938,94.32643226669043,97.4127112344396,SL,-7.186107348092386,0.49817192707074764,0.0,-7.4333967847907365,6.9386942048224185,-1.0712962072351448,1,685.7750979314599,
XRP,1,LEGACY_SMC,2022-03-01 09:45:00+00:00,2022-03-01 10:00:00+00:00,0.7660431802511215,0.7591843046301311,1070.5487267295296,820.0865512376777,0.7595640866734678,0.7746819716879932,SL,-7.342760562847498,0.8164151709562539,0.0,-7.749132458184913,6.936185379918694,-1.1172037703346025,1,678.0259654732749,
BTC,1,LEGACY_SMC,2022-03-01 10:15:00+00:00,2022-03-01 10:45:00+00:00,43087.1157,43531.426351443755,0.02034690407923921,876.6894101989819,42753.88271141719,43531.426351443755,TP,9.040346206310332,0.8812095833021372,0.0,8.597481328107685,6.78025965473275,1.2680165312115268,2,685.7767488148845,
SOL,1,LEGACY_SMC,2022-03-01 10:15:00+00:00,2022-03-01 10:45:00+00:00,95.6311219116211,97.51563443000012,4.794078851762386,458.4631391268132,94.21773752283683,97.51563443000012,TP,9.034501610242362,0.46298038993193436,0.0,8.800752789873835,6.775876207681755,1.298836123938701,2,694.5775016047584,
LINK,1,LEGACY_SMC,2022-03-01 10:15:00+00:00,2022-03-01 11:00:00+00:00,14.863972261047364,15.116123756652858,24.101459379707723,358.2434236707354,14.674858639343244,15.116123756652858,TP,6.077219028868364,0.3612820331851696,0.0,5.8950587075185625,4.557914271651263,1.2933676142581052,3,700.472560312277,
LINK,1,LEGACY_SMC,2022-03-02 00:45:00+00:00,2022-03-02 03:30:00+00:00,15.064012070274353,15.360132114275748,31.54002684618337,475.11934510768344,14.841922037273307,15.360132114275748,TP,9.33963413749699,0.47978916217643197,0.0,9.0974046478744,7.00472560312277,1.2987524655953253,11,709.0104115119,
XRP,1,LEGACY_SMC,2022-03-02 01:30:00+00:00,2022-03-02 07:00:00+00:00,0.7709041361689567,0.7621405073785835,835.3665795536059,643.9875513951886,0.7625217682627148,0.7820806267106126,SL,-7.3208426070915475,0.6403271300916429,0.0,-7.639175961485596,7.002350006397231,-1.0909446049549896,22,701.3712355504143,
BTC,1,LEGACY_SMC,2022-03-02 07:15:00+00:00,2022-03-02 08:15:00+00:00,43819.16208,44255.80276733178,0.02141718979775224,938.4833110458278,43491.681564501174,44255.80276733178,TP,9.35161647400563,0.9431591192828306,0.0,8.877699010245713,7.013712355504143,1.2657632021762015,4,709.7796929051372,
ETH,1,LEGACY_SMC,2022-03-02 12:45:00+00:00,2022-03-02 13:15:00+00:00,2976.615223535156,2937.1180174237675,0.1866470303173224,555.5763918701697,2938.587311079307,3027.3191068096216,SL,-7.372036226521871,0.5518903737569087,0.0,-7.646138404343695,7.097796929051372,-1.0772551653384101,2,701.8557663048584,
BTC,1,LEGACY_SMC,2022-03-02 13:30:00+00:00,2022-03-02 13:45:00+00:00,43725.44334,43341.619012722906,0.019380642243674515,847.4271743186005,43363.30066305443,44208.30024259409,SL,-7.438761971376369,0.8437077933329122,0.0,-7.8587561775499815,7.018557663048584,-1.1197109940301393,1,693.5732965401492,
ETH,1,LEGACY_SMC,2022-03-02 13:45:00+00:00,2022-03-02 14:30:00+00:00,2934.156782373047,2988.415296455692,0.17043673440416957,500.08810021750776,2893.4628968110633,2988.415296455692,TP,9.247643953868657,0.504711922194442,0.0,8.992976081782968,6.935732965401492,1.296615098453749,3,702.3162285718234,
XRP,-1,LEGACY_SMC,2022-03-02 15:15:00+00:00,2022-03-02 22:00:00+00:00,0.7665866760849953,0.7762427844775299,757.7713807046175,580.8974439666903,0.7758548570490055,0.754229101466315,SL,-7.3171225888443985,0.5845560052611125,0.0,-7.611229872122166,7.023162285718235,-1.083732592595757,27,694.4145499777179,
ETH,-1,LEGACY_SMC,2022-03-04 12:00:00+00:00,2022-03-04 13:30:00+00:00,2742.9913310546876,2717.8375719464525,0.3431892196817334,941.3650544984175,2761.856650385864,2717.8375719464525,TP,8.632498960417509,0.9370488050182088,0.0,8.16613268264851,6.47437422031321,1.2613006917375031,6,701.7131605224076,
XRP,-1,LEGACY_SMC,2022-03-04 11:00:00+00:00,2022-03-04 14:15:00+00:00,0.7408218215227127,0.7321795818886441,1071.3496799915338,793.6792214191034,0.7473035012482642,0.7321795818886441,TP,9.258860666369573,0.7890497910859187,0.0,8.866650485993206,6.94414549977718,1.2768526359762644,13,710.5798110084008,
ETH,-1,LEGACY_SMC,2022-03-05 07:30:00+00:00,2022-03-05 08:30:00+00:00,2633.4631922363283,2650.1721363873303,0.40474069265705903,1065.8697165126014,2648.847712531065,2612.9504985100125,SL,-6.762789629244671,1.0692511113272238,0.0,-7.299105882315594,6.2267414002883665,-1.1722192095495672,4,702.3931465308975,
LINK,-1,LEGACY_SMC,2022-03-05 08:00:00+00:00,2022-03-05 08:30:00+00:00,13.896220367813111,14.027727039163958,51.03887640595729,709.2474738627598,14.020716680823547,13.730225283799196,SL,-6.711952745634715,0.7126034502355771,0.0,-7.069932458938912,6.354151932737013,-1.112647688279871,2,695.3232140719587,
ETH,-1,LEGACY_SMC,2022-03-05 09:00:00+00:00,2022-03-05 12:00:00+00:00,2649.459992236328,2666.195940936024,0.39365939631629854,1042.984821107938,2664.863509181433,2628.921969642855,SL,-6.588263461902733,1.0462789528388892,0.0,-7.113050004187654,6.0637391817578745,-1.173046826549948,12,687.3416619156942,
ETH,-1,LEGACY_SMC,2022-03-05 12:15:00+00:00,2022-03-05 12:30:00+00:00,2653.5792854003907,2671.2362566231354,0.38601999849011587,1024.3346717436616,2669.9013059701506,2631.8165913073776,SL,-6.8159440047439235,1.0277426437460335,0.0,-7.331519312618126,6.300626355694335,-1.163617535579157,1,679.4979752672043,
ETH,-1,LEGACY_SMC,2022-03-05 12:45:00+00:00,2022-03-05 13:30:00+00:00,2658.3581145996095,2635.761435963606,0.37794962597571785,1004.7254551224369,2675.305623576612,2635.761435963606,TP,8.54040623877106,1.0004552520030514,0.0,8.042313714329227,6.405304679078253,1.2555708303147486,3,687.0379262539723,
BTC,-1,LEGACY_SMC,2022-03-05 11:15:00+00:00,2022-03-05 16:30:00+00:00,39166.56512,39418.4765145968,0.017719692317138633,694.0194830455739,39398.77712603378,38856.94911195495,SL,-4.463792403436567,0.6962513792472922,0.0,-4.813034041161072,4.114725299264189,-1.1697096868220478,21,682.2248922128113,
BTC,-1,LEGACY_SMC,2022-03-05 17:00:00+00:00,2022-03-05 17:30:00+00:00,39321.93404000001,39563.32028849699,0.026024593227744926,1023.3373383192169,39543.54851423987,39026.44807434686,SL,-6.281978927905247,1.0264783277831695,0.0,-6.796788586528809,5.767426545472939,-1.1784785697641615,2,674.5759620968529,
ETH,-1,LEGACY_SMC,2022-03-05 17:00:00+00:00,2022-03-05 20:15:00+00:00,2658.7681888183592,2679.9752684758087,0.2561132344683822,680.9457205399123,2678.6359505005585,2632.2778399087606,SL,-5.431413764697999,0.6836614274222613,0.0,-5.774602331850304,5.088396706075027,-1.1348569432402975,13,668.8013597650025,
ETH,-1,LEGACY_SMC,2022-03-06 16:30:00+00:00,2022-03-06 18:45:00+00:00,2646.4205611816406,2620.621390154664,0.34564488348129396,914.7217265121287,2665.769939451873,2620.621390154664,TP,8.917351463533315,0.9102630507803621,0.0,8.464449276009017,6.688013597650025,1.2656148424972071,9,676.8084481777554,
ETH,-1,LEGACY_SMC,2022-03-07 12:45:00+00:00,2022-03-07 13:00:00+00:00,2562.9672844726565,2583.5079789248966,0.3515963655427161,901.1299822254706,2582.216870489652,2537.301169783329,SL,-7.222033515131062,0.9047409989830362,0.0,-7.676209523001363,6.768084481777555,-1.1341775569836416,1,668.3773370606411,
SOL,-1,LEGACY_SMC,2022-03-07 12:45:00+00:00,2022-03-07 13:30:00+00:00,84.14816791534425,85.12576426810362,7.233350660856051,608.6732060002813,85.08322265677523,82.90142826010292,SL,-7.071297224282508,0.6122088546124226,0.0,-7.379169475894789,6.763578831866426,-1.091015519938649,3,660.9981675847464,
SOL,-1,LEGACY_SMC,2022-03-07 13:30:00+00:00,2022-03-07 13:45:00+00:00,84.53008767089844,85.69982617950438,6.962367913881606,588.5295701574624,85.4794746837089,83.26423832048448,SL_GAP,-8.144149859949758,0.5926016450874373,0.0,-8.442486719958465,6.6099816758474645,-1.2772329991181186,1,652.2614160797092,
LINK,-1,LEGACY_SMC,2022-03-08 08:00:00+00:00,2022-03-08 08:30:00+00:00,13.08938160762787,13.263793133122768,38.87531137336731,508.8537856813606,13.257164550847344,12.865671016668571,SL,-6.7803023607181645,0.5122439368617198,0.0,-7.038119404739204,6.522614160797092,-1.079033533370785,2,644.9688697821293,
XRP,-1,LEGACY_SMC,2022-03-08 11:00:00+00:00,2022-03-08 13:00:00+00:00,0.7279943685293198,0.7200575910404011,1083.0974617957395,788.4888527556984,0.7339469516460088,0.7200575910404011,TP,8.596303553085335,0.7841907009791558,0.0,8.206357278484028,6.447227664814031,1.2728505498992237,8,652.5348793335093,
SOL,-1,LEGACY_SMC,2022-03-08 08:45:00+00:00,2022-03-08 15:00:00+00:00,84.45110871887208,82.97562163732164,5.828302421592186,492.2066014523471,85.5577240300349,82.97562163732164,TP,8.599584930428419,0.4879068089871329,0.0,8.35778142216746,6.449688697821293,1.2958426078751244,25,660.8926607556767,
SOL,-1,LEGACY_SMC,2022-03-08 18:30:00+00:00,2022-03-08 19:00:00+00:00,83.80423494567872,82.01046973643234,4.912517032879251,411.6897315980612,85.1495588526135,82.01046973643234,TP,8.811902143409023,0.4072837805263567,0.0,8.610463228681697,6.608926607556768,1.302853510105005,2,669.2972791185595,
ETH,1,LEGACY_SMC,2022-03-09 19:30:00+00:00,2022-03-09 20:00:00+00:00,2692.3384088378907,2723.2156004913636,0.28901474660429877,778.125503003304,2669.180515097786,2723.2156004913636,TP,8.923963721580837,0.7825874848640944,0.0,8.530438988218394,6.6929727911855945,1.27453663033752,2,677.4386553552762,
LINK,1,LEGACY_SMC,2022-03-10 01:45:00+00:00,2022-03-10 02:00:00+00:00,13.81976378917694,13.654124948607297,42.65761847614268,589.5182111491218,13.660955426320456,14.031508272985587,SL,-7.0657584658504815,0.5859853319161965,0.0,-7.356984692192118,6.774386553552762,-1.0860001321202757,1,669.7869115575095,
SOL,1,LEGACY_SMC,2022-03-10 02:00:00+00:00,2022-03-10 04:00:00+00:00,86.24724935760497,85.11900069447707,6.169353709306448,532.0897877418184,85.16158148521967,87.69480652078538,SL,-6.960565074888186,0.5286095052043743,0.0,-7.223129686221651,6.697869115575095,-1.0784220416348724,8,661.7273437517338,
BTC,1,LEGACY_SMC,2022-03-10 02:15:00+00:00,2022-03-10 04:15:00+00:00,40906.07958,40516.081157276414,0.018108360627267412,740.7420408823394,40536.34933194238,41399.05324407682,SL,-7.062232082744134,0.7372109248409674,0.0,-7.4290719871439315,6.695208666636386,-1.1096102238253662,8,654.2982717645898,
XRP,1,LEGACY_SMC,2022-03-10 02:15:00+00:00,2022-03-10 04:30:00+00:00,0.7564312609791756,0.7473751157127435,528.8575857718929,400.04441048383546,0.7477489902078474,0.7680076220076132,SL,-4.789411122004815,0.3976497049228331,0.0,-4.98703862168573,4.5916847591425105,-1.0861021353341014,9,649.311233142904,
BTC,-1,LEGACY_SMC,2022-03-10 13:45:00+00:00,2022-03-10 14:00:00+00:00,38562.18602,39032.852708046164,0.014392038556467934,554.9884680215288,39013.346035028655,37960.639333295134,SL,-6.77385312160545,0.5583753945823315,0.0,-7.054734282177018,6.493112331429041,-1.0864950307465837,1,641.6766717681239,
ETH,-1,LEGACY_SMC,2022-03-10 13:45:00+00:00,2022-03-10 14:00:00+00:00,2553.6190568359375,2582.319508379158,0.2367877524902923,604.6657171845616,2581.028993882217,2517.0724741075646,SL,-6.795915416375705,0.6080636748927495,0.0,-7.101646232676174,6.490337389088933,-1.0941875293902175,1,634.5750255354477,
SOL,-1,LEGACY_SMC,2022-03-10 22:45:00+00:00,2022-03-11 01:00:00+00:00,83.26034502716065,82.15192261325532,7.633371749188926,635.5571655580509,84.09166183758964,82.15192261325532,TP,8.461000340472745,0.6313266653878145,0.0,8.147452257863957,6.345750255354477,1.2839226143495361,9,642.4046992105326,
LINK,-1,LEGACY_SMC,2022-03-11 07:15:00+00:00,2022-03-11 07:45:00+00:00,13.248350204277038,13.393421161463905,46.424040478368724,615.0419461549618,13.386727797565124,13.06384674655959,SL,-6.734779988678816,0.6184093361493013,0.0,-7.045668351750636,6.4240469921053265,-1.0967647591011143,2,635.0515098857045,
BTC,-1,LEGACY_SMC,2022-03-11 11:30:00+00:00,2022-03-11 11:45:00+00:00,39237.05102,39901.04055,0.019777283046777692,776.0022639433973,39558.15251224424,38808.91569700768,SL_GAP,-13.131908874906866,0.7825682183808508,0.0,-13.526475961316018,6.350515098857045,-2.1299809150521494,1,621.1370327924168,
SOL,-1,LEGACY_SMC,2022-03-12 01:15:00+00:00,2022-03-12 01:45:00+00:00,81.74764713897706,82.48206544132465,8.9604577691063,732.4963399126074,82.44084501881525,80.8233832991928,SL,-6.5807241830443415,0.7357867020041295,0.0,-6.950262715092167,6.211370327924168,-1.1189580315065413,2,613.8205219073683,
ETH,-1,LEGACY_SMC,2022-03-12 02:30:00+00:00,2022-03-12 04:00:00+00:00,2591.661495654297,2568.9285633985337,0.3552666057681281,920.7307828610524,2608.7111948461197,2568.9285633985337,TP,8.076251681661875,0.9166926570202214,0.0,7.6199244160721795,6.0571887612464055,1.2579968557070698,6,620.98008093201,
BTC,-1,LEGACY_SMC,2022-03-12 10:45:00+00:00,2022-03-12 14:30:00+00:00,39141.37016,38931.43641795046,0.02379758597081301,931.470121398015,39298.82046653715,38931.43641795046,TP,4.995916274598311,0.9289721632607157,0.0,4.532679172036603,3.7469372059487758,1.2097024644128953,15,625.0470250433476,
BTC,-1,LEGACY_SMC,2022-03-12 17:15:00+00:00,2022-03-12 23:45:00+00:00,39174.26358,38885.675316844194,0.017745543771960234,695.1686090931976,39390.70477736685,38885.675316844194,TP,5.12115565590532,0.692608031265245,0.0,4.776131929186674,3.84086674192899,1.2435036803146073,26,629.0423896699776,
SOL,-1,LEGACY_SMC,2022-03-12 15:45:00+00:00,2022-03-13 00:00:00+00:00,81.91361430511475,81.1256507705784,10.576581235850188,866.3659960201462,82.50458695601701,81.1256507705784,TP,8.333960333911302,0.8621990158531906,0.0,7.904944316068184,6.250470250433477,1.2646959347610633,33,636.9473339860458,
SOL,-1,LEGACY_SMC,2022-03-14 04:30:00+00:00,2022-03-14 08:00:00+00:00,80.6368692779541,81.61820343501483,6.7721058476366,546.0814139723411,81.57741472765102,79.38280867835823,SL,-6.645698783516498,0.5494042633640993,0.0,-6.922062339894427,6.369473339860458,-1.0867558384420641,14,629.7522309391652,
XRP,-1,LEGACY_SMC,2022-03-14 08:15:00+00:00,2022-03-14 12:15:00+00:00,0.7716356696128845,0.7628993398138117,961.1240195411765,741.6375763996829,0.7781879169621891,0.7628993398138117,TP,8.396696412522203,0.7374392281934217,0.0,8.030075972528623,6.297522309391653,1.2751167170226885,16,637.411488123494,
BTC,1,LEGACY_SMC,2022-03-16 03:45:00+00:00,2022-03-16 08:30:00+00:00,39216.041639999996,40204.62568083699,0.00859696241348483,337.1388359847359,38474.60360937225,40204.62568083699,TP,8.498819841646567,0.3413882459055592,0.0,8.326001013733375,6.374114881234941,1.306220733210298,19,645.568919719235,
SOL,1,LEGACY_SMC,2022-03-16 18:45:00+00:00,2022-03-16 19:00:00+00:00,83.57670955810546,84.95037067611624,6.26163527970703,523.3268731308609,82.54646371959738,84.95037067611624,TP,8.601364918898058,0.5276275555903099,0.0,8.33540079987318,6.451023689173543,1.2921051295877426,1,653.0982696372572,
BTC,1,LEGACY_SMC,2022-03-16 18:45:00+00:00,2022-03-16 19:15:00+00:00,39991.89678,40754.252391729104,0.011290774887501022,451.539503867157,39420.13007120317,40754.252391729104,TP,8.607585596256413,0.4558432966652852,0.0,8.377512051524707,6.455689197192351,1.2976944514565816,2,661.4757816887819,
ETH,1,LEGACY_SMC,2022-03-16 18:45:00+00:00,2022-03-16 19:15:00+00:00,2678.2254793945312,2726.0801442466686,0.17980640674182907,481.56209989434325,2642.334480755428,2726.0801442466686,TP,8.604575332897324,0.48586438756079187,0.0,8.359491995283705,6.453431499673014,1.2953561211128168,2,669.8352736840657,
XRP,1,LEGACY_SMC,2022-03-16 18:45:00+00:00,2022-03-16 19:15:00+00:00,0.76897375177145,0.779504711048882,202.44291362480644,155.673286809611,0.761075532313376,0.779504711048882,TP,2.131918079387515,0.15673924584930476,0.0,2.0530154769430156,1.5989385595406418,1.2839864700822683,2,671.8882891610086,
SOL,1,LEGACY_SMC,2022-03-17 10:15:00+00:00,2022-03-17 11:45:00+00:00,86.79435582733154,87.74396062578687,8.636051922175985,749.560563476653,86.08215222849005,87.74396062578687,TP,8.200836345007655,0.7536609816491568,0.0,7.821955645096825,6.150627258755772,1.2717329982827068,6,678.8709650689734,
BTC,1,LEGACY_SMC,2022-03-17 07:45:00+00:00,2022-03-17 12:00:00+00:00,40633.22502,41025.058820517486,0.022863036599485364,928.9989107873844,40339.34966961188,41025.058820517486,TP,8.958510522146781,0.9334781660484578,0.0,8.489531811492016,6.718882891610086,1.263533231408595,17,687.3604968804655,
LINK,1,LEGACY_SMC,2022-03-17 20:30:00+00:00,2022-03-18 00:00:00+00:00,14.464892293167114,14.34544819539133,61.22508729327406,885.6142933369638,14.352624507645153,14.614582673863064,SL,-7.312975312988711,0.8819578056804694,0.0,-7.752125972000699,6.8736049688046545,-1.1278108077469025,14,678.8520615208422,
SOL,1,LEGACY_SMC,2022-03-17 21:45:00+00:00,2022-03-18 00:00:00+00:00,88.56570612030029,87.55162267861243,7.079540257450707,627.0044819082143,87.59542038880683,89.85942042895823,SL,-7.179244549843364,0.6234148596332927,0.0,-7.48915716852255,6.8691768973379705,-1.0902553945618787,9,671.3629043523197,
LINK,1,LEGACY_SMC,2022-03-18 00:15:00+00:00,2022-03-18 00:45:00+00:00,14.37887560443878,14.268010912091432,64.72395229162876,930.6576586289603,14.275148486334599,14.517178428577688,SL,-7.175601058315894,0.9270698580998025,0.0,-7.637342087101216,6.713629043523197,-1.1375877394460971,2,663.2602334359041,
ETH,1,LEGACY_SMC,2022-03-19 04:00:00+00:00,2022-03-19 06:00:00+00:00,2949.0897,2930.6683255032076,0.22448168344903574,662.0166204982118,2932.1343926995573,2971.6967764005904,SL,-4.135261158485091,0.6599489899189692,0.0,-4.464201838154954,3.806155926199093,-1.1728898985525797,8,657.9675781124231,
BTC,1,LEGACY_SMC,2022-03-19 04:00:00+00:00,2022-03-19 07:15:00+00:00,41805.55944,41596.564384676276,0.023798039387123587,994.8903501538562,41617.37307121188,42056.47459838416,SL,-4.973672558307993,0.9924035138747023,0.0,-5.4686308971057676,4.478466616539435,-1.2210944873206278,13,652.4989472153173,
ETH,1,LEGACY_SMC,2022-03-19 07:30:00+00:00,2022-03-19 07:45:00+00:00,2935.8670853027343,2920.52480623558,0.3333762709227184,978.748420822976,2921.9857991351473,2954.375466859517,SL,-5.11475178286359,0.9761910449315441,0.0,-5.601568617383646,4.62769141816125,-1.2104455788474662,1,646.4080043875222,
ETH,1,LEGACY_SMC,2022-03-19 08:00:00+00:00,2022-03-19 09:00:00+00:00,2925.9551912109373,2944.5731508863328,0.3313830674829983,969.6120065812833,2911.9917214543907,2944.5731508863328,TP,6.169676587507317,0.9726968448750369,0.0,5.681785745922922,4.627257440630488,1.2278948856471554,4,651.6049841301544,
XRP,1,LEGACY_SMC,2022-03-19 22:30:00+00:00,2022-03-19 23:30:00+00:00,0.8119323759198188,0.8207366850228976,986.7970732684188,801.2124922495508,0.8053291440925097,0.8207366850228976,TP,8.68806645506869,0.8055565254770851,0.0,8.28311617571638,6.516049841301545,1.2711867431115096,4,659.487494059746,
SOL,1,LEGACY_SMC,2022-03-20 00:45:00+00:00,2022-03-20 02:30:00+00:00,91.50129830932617,90.50065215012734,6.902930670207272,631.6271184632325,90.54592511268368,92.77512923818283,SL,-6.90739106235876,0.628173422932053,0.0,-7.219750926059198,6.59487494059746,-1.0947517566428828,7,651.9519295744552,
BTC,1,LEGACY_SMC,2022-03-20 09:45:00+00:00,2022-03-20 11:45:00+00:00,41758.850099999996,41581.120385595816,0.0234184584110874,977.9278943616828,41601.92134626895,41968.08843830806,SL,-4.16215592518874,0.9758468163990884,0.0,-4.649038794406987,3.675029492754247,-1.2650344177028006,8,646.488562073014,
ETH,1,LEGACY_SMC,2022-03-20 09:45:00+00:00,2022-03-20 11:45:00+00:00,2918.2334323242185,2902.6414019620893,0.222987480199016,650.7295197065032,2904.093448686432,2937.086743841267,SL,-3.476827561637743,0.6489911059256843,0.0,-3.800453907710176,3.153039321445299,-1.2053303242561888,8,642.6881081653038,
LINK,-1,LEGACY_SMC,2022-03-21 06:30:00+00:00,2022-03-21 06:45:00+00:00,14.684062874603272,14.801396671772002,63.879628840019286,938.0124862931638,14.784672117304863,14.549917217667819,SL_GAP,-7.4952394135285525,0.9417601059999281,0.0,-7.967993276381899,6.426881081653038,-1.2397916151161266,1,634.2511086457753,
BTC,-1,LEGACY_SMC,2022-03-21 11:30:00+00:00,2022-03-21 12:30:00+00:00,41299.43846,41025.34731006179,0.023036067763732567,951.3766629686629,41505.00682245365,41025.34731006179,TP,6.3139823034158855,0.9482196718169551,0.0,5.841450963083262,4.735486727561914,1.233548164982559,4,639.6168712773742,
LINK,1,LEGACY_SMC,2022-03-22 20:15:00+00:00,2022-03-22 21:30:00+00:00,15.500099140548706,15.65107981953278,56.48553846591565,875.53144622897,15.38686363131065,15.65107981953278,TP,8.528224950365024,0.8797955587041526,0.0,8.086195114775355,6.3961687127737425,1.2642248004850893,5,647.2653006690351,
SOL,1,LEGACY_SMC,2022-03-22 23:15:00+00:00,2022-03-22 23:30:00+00:00,91.49329347381591,90.70248136621996,8.683017828699112,794.4378984395437,90.74785529386689,92.48721104708127,SL,-6.866635629406791,0.7910045806248402,0.0,-7.260421260811859,6.472653006690352,-1.1217071660271676,1,639.6076604590035,
ETH,1,LEGACY_SMC,2022-03-22 23:30:00+00:00,2022-03-22 23:45:00+00:00,2982.796391162109,2963.6918339535123,0.3216483342715574,959.4114906885052,2965.1744211640944,3006.292351159462,SL,-6.144949003140841,0.9563390161869347,0.0,-6.621582273983523,5.668077296444794,-1.1682237075589634,1,632.5063724396756,
BTC,1,LEGACY_SMC,2022-03-24 13:45:00+00:00,2022-03-24 14:45:00+00:00,42939.38616,43272.91208801163,0.022095321882904004,948.7595586595135,42689.24171399128,43272.91208801163,TP,7.369362735711228,0.952444240027369,0.0,6.891298275013615,5.527022051783421,1.2468374850775166,4,638.6076307238637,
ETH,1,LEGACY_SMC,2022-03-24 13:45:00+00:00,2022-03-24 14:45:00+00:00,3024.7347087890626,3053.292933892204,0.20871927086924502,631.3204229913513,3003.3160399617063,3053.292933892204,TP,5.960651920847456,0.634300748951775,0.0,5.642011383391357,4.470488940635616,1.2620568931749048,4,644.2496421072551,
LINK,1,LEGACY_SMC,2022-03-25 00:15:00+00:00,2022-03-25 01:00:00+00:00,16.100219522094726,15.973749149007878,54.37646389238357,875.4730055026329,15.981740019017385,16.258192192864513,SL,-6.877011675613266,0.8720344996648262,0.0,-7.311309672526776,6.442496421072551,-1.134856613751845,3,636.1335675527226,
LINK,1,LEGACY_SMC,2022-03-25 02:15:00+00:00,2022-03-25 04:30:00+00:00,15.956190668678284,16.131607539417004,48.35213890764487,771.5159476487993,15.824628015624244,16.131607539417004,TP,8.481780900702997,0.7757568380991509,0.0,8.091782036428246,6.361335675527227,1.272025632534727,9,643.8395916153265,
XRP,1,LEGACY_SMC,2022-03-25 00:45:00+00:00,2022-03-25 08:00:00+00:00,0.8414382835507392,0.8360427939572425,872.3833617493855,734.0567585086266,0.8364610244694771,0.8480746289924221,SL,-4.706935349858549,0.7317032908336973,0.0,-5.071610261437933,4.342078009609105,-1.1680145428558304,29,638.7679813538886,
SOL,1,LEGACY_SMC,2022-03-25 16:00:00+00:00,2022-03-25 16:30:00+00:00,100.3120582168579,99.0283958678399,5.175884282538659,519.2036054737378,99.07793483525752,101.95755605899174,SL,-6.64408777636893,0.5158815615855533,0.0,-6.900367535217614,6.3876798135388855,-1.0802619631297221,2,631.6080120159342,
LINK,-1,LEGACY_SMC,2022-03-26 05:45:00+00:00,2022-03-26 07:45:00+00:00,15.762846594047547,15.873678019914802,60.10411966970916,947.4120180239013,15.865745147341132,15.625648522989433,SL,-6.661425283490016,0.9507427306656463,0.0,-7.138462005143712,6.184626960997572,-1.1542267706947174,8,623.9958440017784,
BTC,1,LEGACY_SMC,2022-03-26 12:30:00+00:00,2022-03-26 13:15:00+00:00,44321.16246,44168.87633685588,0.021118439004107918,935.9937660026676,44190.971822767264,44494.74997631032,SL,-3.21604520279117,0.934385743401272,0.0,-3.682434063191108,2.7494230313054713,-1.3393479363714458,3,619.845413055586,
BTC,1,LEGACY_SMC,2022-03-26 13:30:00+00:00,2022-03-26 18:30:00+00:00,44246.447519999994,44442.80737665709,0.021013395915301703,929.7681195833791,44099.177627507175,44442.80737665709,TP,4.126187409807417,0.9318312132882828,0.0,3.6592402563108237,3.094640557355525,1.1824443545190813,20,623.0397692521052,
SOL,1,LEGACY_SMC,2022-03-27 04:45:00+00:00,2022-03-27 07:30:00+00:00,101.32226235351563,102.28859546557233,8.596618308650024,871.0288156220735,100.5975125194731,102.28859546557233,TP,8.307196923361403,0.8751824140837542,0.0,7.867528917088685,6.230397692521051,1.2627651243728535,11,630.4717837613828,
SOL,1,LEGACY_SMC,2022-03-27 10:15:00+00:00,2022-03-27 11:45:00+00:00,101.07221235351562,100.43898536031193,6.226139059525012,629.2896491668301,100.48922997529958,101.84952219113701,SL,-3.9425593159310877,0.6273183695088647,0.0,-4.2552328608565375,3.629729356025699,-1.1723278634514287,6,625.4290522381218,
BTC,1,LEGACY_SMC,2022-03-27 10:15:00+00:00,2022-03-27 12:15:00+00:00,44612.720760000004,44472.47211522783,0.02119816185902745,945.7076756420742,44494.719474965306,44770.05580671293,SL,-2.973013472389807,0.9442211689058793,0.0,-3.4443808034746493,2.5014103397387513,-1.3769755200717617,8,621.6757389571706,
LINK,1,LEGACY_SMC,2022-03-27 12:00:00+00:00,2022-03-27 12:15:00+00:00,15.916182706832885,15.825732950189881,38.81992097816131,617.8649549532303,15.833649775077419,16.026226615840173,SL,-3.511252405375329,0.6161093287505426,0.0,-3.8184292566492566,3.203921888843177,-1.1917984860823048,1,617.8573097005213,
ETH,1,LEGACY_SMC,2022-03-27 12:30:00+00:00,2022-03-27 12:45:00+00:00,3137.617388232422,3126.2690313349362,0.1965500413013234,616.698827244833,3127.8329478088403,3150.6633087971977,SL,-2.2305200169029726,0.6155835672363814,0.0,-2.5377541705169375,1.9231321693653016,-1.3195942592726124,1,614.5478131341066,
BTC,1,LEGACY_SMC,2022-03-27 12:30:00+00:00,2022-03-27 14:00:00+00:00,44520.70236,44667.31089030062,0.020816966386933297,926.785964550782,44410.74596227454,44667.31089030062,TP,3.051944847305666,0.9283119369744348,0.0,2.587025892606622,2.2889586354792875,1.1302195909123198,6,617.1348390267133,
BTC,1,LEGACY_SMC,2022-03-29 00:00:00+00:00,2022-03-29 00:45:00+00:00,47150.12813999999,47570.27188551543,0.019584879242368347,923.4295658840936,46835.020330863415,47570.27188551543,TP,8.228464520356178,0.9275437981442716,0.0,7.762635505153954,6.171348390267133,1.257850799251011,3,624.4357597489252,
BTC,1,LEGACY_SMC,2022-03-29 16:00:00+00:00,2022-03-29 16:15:00+00:00,47452.4886,47114.6309,0.019738767496872395,936.6536396233878,47184.361284734616,47809.991687020505,SL_GAP,-6.668894587328074,0.9333191923297237,0.0,-7.133886959846104,5.292502735583963,-1.3479231502105151,1,616.8335459692673,
SOL,1,LEGACY_SMC,2022-03-29 16:15:00+00:00,2022-03-29 19:00:00+00:00,109.45989114074706,111.8344771747826,3.4635288684878636,379.1174929075164,107.6789516152204,111.8344771747826,TP,8.224447279590214,0.3832297165473115,0.0,8.03077630949666,6.168335459692673,1.3019357267409026,11,624.335990799504,
ETH,1,LEGACY_SMC,2022-03-29 16:30:00+00:00,2022-03-29 19:15:00+00:00,3398.849555859375,3440.094121692319,0.199345529855724,677.5454656126793,3367.916131484667,3440.094121692319,TP,8.221919829637486,0.6816564255274982,0.0,7.879036136916327,6.166439872228136,1.2777285273470727,11,632.2150269364203,
BTC,1,LEGACY_SMC,2022-03-29 22:45:00+00:00,2022-03-30 01:30:00+00:00,47253.948899999996,46939.51159283684,0.02006864108672684,948.3225404046304,46962.993089381525,47641.88998082462,SL,-6.3103294617342645,0.9451673756737633,0.0,-6.781335567205713,5.839087735399748,-1.161369014220071,11,624.6440152871318,
ETH,1,LEGACY_SMC,2022-03-29 22:45:00+00:00,2022-03-30 01:30:00+00:00,3374.3646793945313,3342.564992431121,0.1870069431482258,631.0296237609143,3344.237110986614,3414.534770605088,SL,-5.946762252097846,0.6280562426348654,0.0,-6.259303682852255,5.634064472453684,-1.110974805747346,11,618.3847116042795,
LINK,1,LEGACY_SMC,2022-03-30 13:45:00+00:00,2022-03-30 15:15:00+00:00,17.096419012069703,16.86951866791091,28.3063648647811,483.9374744368254,16.877957646734277,17.387700832516938,SL,-6.422723929703189,0.48072611247197383,0.0,-6.66148130495675,6.183847116042795,-1.0772390034796988,6,611.4812615621044,
XRP,-1,LEGACY_SMC,2022-04-01 01:30:00+00:00,2022-04-01 02:15:00+00:00,0.8240451461195946,0.8121933309937845,687.9185509517049,566.8759428373775,0.8329340074639521,0.8121933309937845,TP,8.153083487494724,0.5627994010936301,0.0,7.873722057819783,6.114812615621044,1.2876473168949425,3,619.0715456485054,
SOL,1,LEGACY_SMC,2022-04-01 02:15:00+00:00,2022-04-01 02:30:00+00:00,122.56350926513672,120.48168921454263,3.0623621987883527,375.33385772440073,120.54196019463994,125.25890802579907,SL,-6.375287027618995,0.37214621421059124,0.0,-6.559766312967386,6.190715456485054,-1.059613603480311,1,612.3241124066758,
ETH,-1,LEGACY_SMC,2022-04-01 12:45:00+00:00,2022-04-01 13:00:00+00:00,3295.3408,3319.9751358908834,0.18546670641649968,611.1760046959132,3318.3159779019325,3264.70722946409,SL,-4.568849142439921,0.6134604292671332,0.0,-4.8767215693590975,4.261130574804568,-1.1444665878568536,1,606.6825597506637,
BTC,-1,LEGACY_SMC,2022-04-01 12:45:00+00:00,2022-04-01 13:15:00+00:00,45148.56848,45465.29216808773,0.020343638780416402,918.4861686100137,45442.57088264641,44756.56527647146,SL,-6.443312303658088,0.9217078247618428,0.0,-6.905777044114924,5.9810786800130815,-1.1546039458052773,2,599.7767827065488,
BTC,-1,LEGACY_SMC,2022-04-01 13:30:00+00:00,2022-04-01 14:00:00+00:00,45392.61966,45702.94412479664,0.019819635456126996,899.6651740598232,45680.10407276026,45009.30710965298,SL,-6.150517765387162,0.9027404329425168,0.0,-6.603425611299768,5.697836260227152,-1.158935657276419,2,592.4546196736037,
LINK,-1,LEGACY_SMC,2022-04-01 13:45:00+00:00,2022-04-01 14:30:00+00:00,16.978603950881958,17.176394847326506,31.675729688184692,537.8096692308816,17.167810941855578,16.72632796291713,SL,-6.265170970561242,0.5409422547161622,0.0,-6.537208390661964,5.993269501195189,-1.0907582896711556,3,585.9174112829418,
XRP,-1,LEGACY_SMC,2022-04-01 21:15:00+00:00,2022-04-01 22:30:00+00:00,0.8325634492516518,0.8257459422674396,1055.626592440959,878.8761169244126,0.837676579489811,0.8257459422674396,TP,7.196741666686407,0.8752777460910695,0.0,6.760901979057544,5.397556250014805,1.2525857380437673,5,592.2388752035371,
BTC,1,LEGACY_SMC,2022-04-02 12:15:00+00:00,2022-04-02 12:30:00+00:00,46572.51263999999,46866.68838954314,0.01907473448280985,888.3583128053056,46351.88082784264,46866.68838954314,TP,5.611324313817057,0.891163974962214,0.0,5.164339495257496,4.208493235362758,1.2271231546395363,1,596.9590355423919,
ETH,1,LEGACY_SMC,2022-04-02 15:15:00+00:00,2022-04-02 18:00:00+00:00,3466.4031029296875,3440.153180713066,0.2433688274111598,843.614458494404,3441.8741177719517,3499.1084164733356,SL,-6.388412789493351,0.8404202520996573,0.0,-6.807025812345807,5.969590355423919,-1.1402835717464266,11,589.4705891011517,
LINK,1,LEGACY_SMC,2022-04-02 15:45:00+00:00,2022-04-02 18:00:00+00:00,17.366473469924927,17.15836739736137,29.898228917548074,519.2267992943409,17.16695087279777,17.6325035994278,SL,-6.222002996637067,0.5161157977960223,0.0,-6.478505394785919,5.9653722831314475,-1.0860186233649627,9,582.9920837063659,
SOL,1,LEGACY_SMC,2022-04-02 18:15:00+00:00,2022-04-02 23:45:00+00:00,135.201030770874,132.61045945178796,2.3082417172393264,312.0766594390892,132.6767978507133,138.5666746644216,SL,-5.979664790198137,0.30908682704399015,0.0,-6.1327132875225825,5.826539730343772,-1.052548093954342,22,576.365221417135,
ETH,1,LEGACY_SMC,2022-04-02 18:15:00+00:00,2022-04-03 01:15:00+00:00,3450.5600912109376,3419.101301408093,0.195974371146226,676.2213439773277,3420.8117072617238,3490.224603143223,SL,-6.165116548633743,0.6731387857030109,0.0,-6.50014466234809,5.829920837063659,-1.114962766050525,28,569.8650767547869,
ETH,1,LEGACY_SMC,2022-04-03 01:45:00+00:00,2022-04-03 04:00:00+00:00,3435.6669764648436,3471.294570825132,0.21326730473462507,732.7154360364158,3408.9462806946276,3471.294570825132,TP,7.59820102339719,0.7365145365481144,0.0,7.228044204867284,5.698650767547869,1.268378165236736,9,576.7267632416359,
XRP,-1,LEGACY_SMC,2022-04-03 06:15:00+00:00,2022-04-03 12:30:00+00:00,0.8316936338543892,0.836225718660599,1040.1548234213267,865.0901448624538,0.8358078147532224,0.8262080593226115,SL,-4.7140698713336455,0.8674471797981207,0.0,-5.148971978700539,4.279385106349239,-1.2032036964986186,25,571.1452461905042,
SOL,1,LEGACY_SMC,2022-04-03 14:15:00+00:00,2022-04-03 16:15:00+00:00,136.82736305236816,134.9023419522887,3.0747462703356003,420.7094242251241,134.96982686572156,139.30407796789694,SL,-5.9189514477866165,0.4177499485012308,0.0,-6.126346684175285,5.711452461905042,-1.0726425064442988,8,564.8085447942163,
SOL,1,LEGACY_SMC,2022-04-03 16:15:00+00:00,2022-04-03 16:45:00+00:00,136.39427779541015,134.50412332035484,3.0984597131805707,422.6121748574376,134.57140902486725,138.82476948946737,SL,-5.856567492646852,0.4196838911111142,0.0,-6.064945296329248,5.648085447942163,-1.0738055137850233,2,558.5322934104584,
ETH,1,LEGACY_SMC,2022-04-04 00:30:00+00:00,2022-04-04 09:45:00+00:00,3490.1578529296876,3459.335021442715,0.19198630502893327,670.0625101516858,3461.0655542198247,3528.947584542838,SL,-5.917561527713315,0.6671037293878291,0.0,-6.249634002025301,5.585322934104584,-1.118938703412181,37,551.9476281533572,
BTC,-1,LEGACY_SMC,2022-04-04 14:15:00+00:00,2022-04-04 15:00:00+00:00,46178.362479999996,45852.644625786386,0.017928774381911254,827.9214422300358,46422.6508706602,45852.644625786386,TP,5.839721920356072,0.8250015812698577,0.0,5.4286810602012325,4.379791440267055,1.2394839193233873,3,556.9623484924434,
LINK,-1,LEGACY_SMC,2022-04-04 23:00:00+00:00,2022-04-05 00:00:00+00:00,17.454508583068847,17.614492993624346,36.8406258209845,643.0350195980018,17.60569014855007,17.252933162427215,SL,-5.893925806465887,0.6459819825012347,0.0,-6.218390279168121,5.569623484924435,-1.1164830613774404,4,550.4224407034762,
SOL,-1,LEGACY_SMC,2022-04-05 03:15:00+00:00,2022-04-05 11:15:00+00:00,132.98839638977051,134.47172432939536,3.886819150481443,516.9018458795772,134.4045220683612,131.10022881831628,SL,-5.765427442178021,0.5197845596006663,0.0,-6.0267610788388986,5.504224407034762,-1.094933751453938,32,544.1372287016975,
BTC,1,LEGACY_SMC,2022-04-05 13:30:00+00:00,2022-04-05 14:00:00+00:00,46415.7813,46127.3340741321,0.01758466237543536,816.2058430525462,46150.40927877148,46769.61066163803,SL,-5.072247080017994,0.8136697195125373,0.0,-5.477813878004258,4.666477397190369,-1.1738648688842648,2,538.251311902167,
ETH,-1,LEGACY_SMC,2022-04-07 11:15:00+00:00,2022-04-07 11:30:00+00:00,3224.924954345703,3247.8023392853734,0.2503552731561337,807.3769678532506,3246.179249660543,3196.585893925917,SL,-5.7274739556691685,0.8102407048310851,0.0,-6.134026176573628,5.321124909287892,-1.1527686872876892,1,531.4449761963205,
XRP,-1,LEGACY_SMC,2022-04-07 11:15:00+00:00,2022-04-07 11:30:00+00:00,0.7780843770384789,0.7834295084082602,690.4676491991586,537.2420906923503,0.7830379894135535,0.7714795605383793,SL,-3.6906402915535863,0.5390874108381272,0.0,-3.9611066570455384,3.420309091661643,-1.1581136531497411,1,527.4838695392749,
BTC,-1,LEGACY_SMC,2022-04-07 12:15:00+00:00,2022-04-07 13:00:00+00:00,43767.2448,43453.47836570913,0.018078035478918526,791.2258043089123,44002.569625718155,43453.47836570913,TP,5.672280731204077,0.7883896639433103,0.0,5.279503969415223,4.2542105484031225,1.2410067412852799,3,532.1045131878938,
ETH,-1,LEGACY_SMC,2022-04-07 12:15:00+00:00,2022-04-07 13:00:00+00:00,3258.3482,3227.2245941141186,0.16158335603416754,526.494837283889,3281.690904414411,3227.2245941141186,TP,5.029056690925464,0.5239803089384263,0.0,4.768323800628982,3.7717925181940983,1.2642062832533574,3,536.8728369885227,
SOL,-1,LEGACY_SMC,2022-04-07 23:30:00+00:00,2022-04-08 00:15:00+00:00,118.93420858306885,120.48507706806433,3.5989812671070753,428.0419887086703,120.42486463574646,116.9466671794987,SL,-5.581546625245449,0.43083276202129306,0.0,-5.798358392912407,5.364843209286487,-1.0808066828263516,3,530.4041407206926,
ETH,-1,LEGACY_SMC,2022-04-07 23:30:00+00:00,2022-04-08 02:00:00+00:00,3237.792253417969,3261.7931310590575,0.23998825709954003,777.0321197481705,3260.1630495342906,3207.964525262873,SL,-5.759928793944188,0.7799120841451426,0.0,-6.151324818215246,5.368728369885227,-1.1457694251621728,10,524.2528159024773,
ETH,-1,LEGACY_SMC,2022-04-08 02:15:00+00:00,2022-04-08 02:45:00+00:00,3249.9699931640625,3274.700268094522,0.22701075979200977,737.7781574494066,3273.063736226409,3219.1783357476006,SL,-5.6140385018288965,0.7405851767003211,0.0,-5.985734599804514,5.242528159024773,-1.1417648924785164,2,517.8981922239482,
XRP,-1,LEGACY_SMC,2022-04-07 23:30:00+00:00,2022-04-08 03:45:00+00:00,0.7874724955677986,0.7922236038412187,172.19857473386563,135.60164137889524,0.7918276899962207,0.781665569663236,SL,-0.8181340730892129,0.13601070841543986,0.0,-0.8863439608152052,0.7499582732631456,-1.181857701174002,17,516.6536401082672,
ETH,-1,LEGACY_SMC,2022-04-08 03:00:00+00:00,2022-04-08 07:45:00+00:00,3261.037603417969,3286.2539884174653,0.21968968066505282,716.4163097316227,3284.6116825761774,3229.605497873691,SL,-5.539779568066373,0.7191861995156559,0.0,-5.900757612716218,5.1789819222394815,-1.1393663274585497,19,510.7528824955509,
BTC,-1,LEGACY_SMC,2022-04-08 08:30:00+00:00,2022-04-08 08:45:00+00:00,43788.54054,43994.70255562296,0.017496114606593973,766.1293237433264,43972.7161975242,43542.9729966344,SL,-3.6070342528656316,0.7679328408697592,0.0,-3.9919024318637275,3.222358411788137,-1.2388139125866382,1,506.3779154018155,
BTC,-1,LEGACY_SMC,2022-04-08 09:00:00+00:00,2022-04-08 11:00:00+00:00,43689.7603,43416.404612098035,0.01738546670631936,759.5668731027233,43894.77706592648,43416.404612098035,TP,4.752416211002673,0.757190664997222,0.0,4.375008982556813,3.564312158252037,1.2274483233540205,8,510.373140947821,
SOL,-1,LEGACY_SMC,2022-04-09 13:00:00+00:00,2022-04-09 15:15:00+00:00,111.40371730194092,109.97975135225981,4.57270370905001,509.41619130854394,112.47169176420175,109.97975135225981,TP,6.511374379667705,0.50616050411871,0.0,6.259921971203267,4.883530784750811,1.2818434544838624,9,515.9955749676592,
ETH,-1,LEGACY_SMC,2022-04-09 13:00:00+00:00,2022-04-09 15:45:00+00:00,3228.7440145996093,3207.8319530826307,0.23710758981203012,765.5597114217315,3244.4280607373435,3207.8319530826307,TP,4.958408504291705,0.7630805071695856,0.0,4.578107852832985,3.7188063782188325,1.2310691623116246,11,520.5736828204922,
LINK,-1,LEGACY_SMC,2022-04-10 00:00:00+00:00,2022-04-10 01:45:00+00:00,15.423914645767212,15.52131285463351,33.68779062245375,519.5976071652037,15.513556076595213,15.304392737996544,SL,-3.2811304672898847,0.5212381723988486,0.0,-3.5425698361061313,3.0198217528308726,-1.173105608894041,7,516.380883918688,
BTC,-1,LEGACY_SMC,2022-04-10 00:00:00+00:00,2022-04-10 02:45:00+00:00,42729.952300000004,42888.45742867752,0.018274313033359933,780.8605242307383,42867.02391671916,42547.190144374465,SL,-2.8965723388458584,0.7823088104001612,0.0,-3.2884508871306504,2.5048896319146032,-1.3128126865282823,11,513.0924330315573,
ETH,1,LEGACY_SMC,2022-04-10 07:45:00+00:00,2022-04-10 09:15:00+00:00,3245.298832324219,3232.3620992128986,0.23715493990306463,769.638649547336,3233.979088757277,3260.391823746808,SL,-3.068010163557161,0.7681046444655575,0.0,-3.45129548324905,2.684533105336167,-1.2856222470822785,6,509.25631822353466,
ETH,1,LEGACY_SMC,2022-04-10 13:45:00+00:00,2022-04-10 15:45:00+00:00,3242.0682058593748,3258.978304662499,0.23561641175677214,763.884477335302,3229.3856317570317,3258.978304662499,TP,3.9842968024445944,0.7658766257365243,0.0,3.600362415375721,2.9882226018334457,1.2048508076897257,8,512.4747384002427,
SOL,-1,LEGACY_SMC,2022-04-10 16:15:00+00:00,2022-04-10 17:00:00+00:00,112.21655061340333,113.22806105499397,5.366650755709709,602.2270361525577,113.17147531733531,110.94331767482736,SL,-5.428423275770693,0.6049412477904431,0.0,-5.732251005484857,5.124747384002427,-1.1185431350975137,3,506.4413738766816,
XRP,-1,LEGACY_SMC,2022-04-12 05:30:00+00:00,2022-04-12 06:15:00+00:00,0.7057088351488113,0.7115061523675159,930.660403186954,656.7752690521884,0.7111505770789764,0.6984531792419246,SL,-5.395333580162274,0.6594729358422695,0.0,-5.726418881478449,5.064413738766816,-1.1307170339666663,3,500.3865673606771,
BTC,-1,LEGACY_SMC,2022-04-12 06:30:00+00:00,2022-04-12 08:00:00+00:00,39969.90442,40258.2978151879,0.018652049655739494,745.5206419770014,40238.17872582499,39612.205345566676,SL,-5.3791279274320285,0.7482102059407174,0.0,-5.7545778123842455,5.003865673606771,-1.150026437107846,6,494.25922922730433,
LINK,-1,LEGACY_SMC,2022-04-12 08:15:00+00:00,2022-04-12 10:15:00+00:00,14.080183583068848,13.93013296085538,43.91933175051209,618.3922538929148,14.19272154972895,13.93013296085538,TP,6.590123056364084,0.6150971923647328,0.0,6.284221990945809,4.942592292273043,1.271442518285433,8,500.2342550913037,
BTC,-1,LEGACY_SMC,2022-04-12 11:45:00+00:00,2022-04-12 12:30:00+00:00,40326.4331,40562.58849118782,0.01860693656630285,750.3513826369556,40542.31733252156,40038.58745663792,SL,-4.3941283836221,0.7525484468287666,0.0,-4.771501139132389,4.0169442201936265,-1.1878435142677661,3,494.8379301029213,
ETH,-1,LEGACY_SMC,2022-04-12 11:45:00+00:00,2022-04-12 12:30:00+00:00,3031.653557763672,3051.8900262741045,0.16469438421958682,499.2963158630075,3050.3648438521786,3006.7051763123295,SL,-3.3328327201047543,0.5009627322230599,0.0,-3.5841472943963106,3.0816437403031434,-1.1630634805448783,3,491.253782808525,
XRP,-1,LEGACY_SMC,2022-04-12 12:45:00+00:00,2022-04-12 13:00:00+00:00,0.7132273511528969,0.7186344147900193,973.1794462715021,694.0981986606664,0.7182752771514437,0.7064967831548346,SL,-5.262043196329552,0.6967292202588313,0.0,-5.61172331725805,4.91253782808525,-1.1423267389770555,1,485.2950103919366,
ETH,-1,LEGACY_SMC,2022-04-12 13:15:00+00:00,2022-04-12 14:15:00+00:00,3064.397007763672,3032.4584687132383,0.20259537007442915,620.8326458428544,3088.350912051497,3032.4584687132383,TP,6.470600138559186,0.6175973457735748,0.0,6.163419115707038,4.852950103919366,1.2700355420364415,4,490.87580018976786,
LINK,-1,LEGACY_SMC,2022-04-12 13:15:00+00:00,2022-04-12 14:15:00+00:00,14.220154972839357,14.051253996644665,38.28551734834055,544.4259899087323,14.346830704985376,14.051253996644665,TP,6.466461254253535,0.5411927592816055,0.0,6.197481489926296,4.849845940690152,1.2778718263872049,4,497.07328167969416,
ETH,-1,LEGACY_SMC,2022-04-13 02:45:00+00:00,2022-04-13 03:15:00+00:00,3042.4614543457033,3068.63759458788,0.2017130981632202,613.7043259982485,3067.104042566597,3009.6046700511783,SL,-5.280070346204396,0.6163443611713506,0.0,-5.589562544376623,4.970732816796942,-1.1244946671622644,2,491.1768669723184,
LINK,-1,LEGACY_SMC,2022-04-13 03:30:00+00:00,2022-04-13 10:15:00+00:00,14.056188215255737,13.895855488468255,40.846463627134746,574.1455806706035,14.17643776034635,13.895855488468255,TP,6.549024892964221,0.5708710682241214,0.0,6.2652266150754015,4.911768669723184,1.2755540898526263,27,497.1550207970585,
LINK,-1,LEGACY_SMC,2022-04-13 14:00:00+00:00,2022-04-13 14:15:00+00:00,14.101179291534423,13.933373086293525,39.50231519216716,557.0292289554532,14.227033945465097,13.933373086293525,TP,6.62873361062747,0.5537148621501394,0.0,6.353533362955057,4.971550207970585,1.2779783160529732,1,503.2300395455358,
LINK,-1,LEGACY_SMC,2022-04-13 14:15:00+00:00,2022-04-13 14:30:00+00:00,14.064186989021302,13.895000457763672,39.81227537242603,559.9272852962074,14.190587712124426,13.89565269155047,TP_GAP,6.735700771734319,0.5565594349103402,0.0,6.459104979472082,5.0323003954553585,1.2835292951321553,1,509.4091808823598,
SOL,-1,LEGACY_SMC,2022-04-13 14:30:00+00:00,2022-04-13 15:00:00+00:00,103.2083504776001,104.70380042631125,3.529905304547138,364.3157038244408,104.65147468896677,101.28418486244455,SL,-5.2787967066402,0.36695510217776084,0.0,-5.463593956905741,5.094091808823598,-1.0725354316233797,2,503.5211242976512,
LINK,-1,LEGACY_SMC,2022-04-13 14:30:00+00:00,2022-04-13 15:00:00+00:00,13.89222145767212,14.045219822167809,34.88351760427205,484.6095517811513,14.038200721806906,13.697582438825739,SL,-5.337121141310197,0.4872781123518064,0.0,-5.582094477771427,5.092270230304476,-1.096189759245684,2,497.9390298198798,
BTC,1,LEGACY_SMC,2022-04-14 11:00:00+00:00,2022-04-14 12:45:00+00:00,40953.189,41171.96898652061,0.01823810460108051,746.9085447298197,40789.10401010954,41171.96898652061,TP,3.990132278785882,0.7489036108692126,0.0,3.614682940281579,2.992599209089378,1.2078740545351863,7,500.931755790727,
XRP,1,LEGACY_SMC,2022-04-14 12:00:00+00:00,2022-04-14 13:30:00+00:00,0.7235247052073479,0.7296205054635457,686.9224928491358,497.0053941389675,0.7189528550151996,0.7296205054635457,TP,4.1873423078978105,0.4990990652929165,0.0,3.9367459396743776,3.140506730923339,1.2535384499930482,6,504.86850173040136,
LINK,-1,LEGACY_SMC,2022-04-15 03:45:00+00:00,2022-04-15 04:00:00+00:00,13.842231266975404,13.937242089616953,36.40467086342551,503.921873289657,13.930276951141384,13.724837021420763,SL,-3.458837726728917,0.5056512921530214,0.0,-3.71252808223711,3.2052741530076174,-1.1582560196148959,1,500.52536133522165,
ETH,-1,LEGACY_SMC,2022-04-15 03:30:00+00:00,2022-04-15 07:00:00+00:00,3036.5424723632814,3016.2420282710636,0.24939639721429885,757.302752595602,3051.7678054324447,3016.2420282710636,TP,5.062857618449399,0.7547713237863773,0.0,4.686737670960823,3.7971432138370496,1.234279932840571,14,505.2120990061825,
BTC,-1,LEGACY_SMC,2022-04-15 08:00:00+00:00,2022-04-15 14:15:00+00:00,40236.15116,39999.62139984794,0.0188342604016918,757.8181485092737,40413.54848011404,39999.62139984794,TP,4.454863095453562,0.7555907169615468,0.0,4.078181452746652,3.3411473215901033,1.2205931257187972,25,508.9113713846745,
XRP,1,LEGACY_SMC,2022-04-15 14:30:00+00:00,2022-04-15 14:45:00+00:00,0.7648429199337959,0.777361192158092,542.0464446064759,414.58038543254963,0.7554542157655739,0.777361192158092,TP,6.78548495179566,0.41797312790844743,0.0,6.5748020166034875,5.0891137138467455,1.2919345855280062,1,515.2788832085618,
SOL,-1,LEGACY_SMC,2022-04-15 15:00:00+00:00,2022-04-15 15:30:00+00:00,101.58067772521973,102.65235653735812,5.046480349307062,512.624894009615,102.60105600935344,100.22017334637478,SL,-5.408206066225105,0.5153289970427275,0.0,-5.667222616263025,5.149318959740441,-1.1005771172016678,2,508.9683161128899,
LINK,-1,LEGACY_SMC,2022-04-15 15:00:00+00:00,2022-04-15 17:00:00+00:00,13.900219277954102,14.03160979665713,5.761750528626982,80.08959577278301,14.024597497908175,13.734381651348672,SL,-0.7570393905937385,0.08046811546807989,0.0,-0.7974627081754269,0.7166362745700622,-1.1127858531217325,8,508.1708534047145,
LINK,1,LEGACY_SMC,2022-04-16 07:00:00+00:00,2022-04-16 10:45:00+00:00,14.021803853416442,14.106134117365592,41.11116305026135,576.4526644765862,13.958556155454579,14.106134117365592,TP,3.4669152312850864,0.5781861220922287,0.0,3.1769554414311507,2.600186423463833,1.2218183330097447,15,511.05958251390734,
ETH,-1,LEGACY_SMC,2022-04-15 15:00:00+00:00,2022-04-16 15:00:00+00:00,3036.752635400391,3060.830298315184,0.2285251886983876,693.9744690352001,3059.3006479911883,3006.688618612661,SL,-5.502352461019264,0.6967256452657098,0.0,-5.852090871767373,5.152788832085617,-1.1357133122411907,96,505.20749164214,
BTC,-1,LEGACY_SMC,2022-04-16 15:15:00+00:00,2022-04-16 20:45:00+00:00,40167.56488,40330.546450525515,0.018866247922351274,757.81123746321,40310.391254898066,39977.12971346924,SL,-3.0748507163085805,0.7593486628213643,0.0,-3.45529376039834,2.69459779867764,-1.2823040834123771,22,501.1211621492124,
ETH,-1,LEGACY_SMC,2022-04-16 15:15:00+00:00,2022-04-16 20:45:00+00:00,3018.7462276367187,3034.1951697116588,0.16704293424163727,504.260227595311,3032.6788302965106,3000.16942409033,SL,-2.5806366151270788,0.5055505459028745,0.0,-2.8340570472322977,2.327342829914476,-1.2177222069756015,22,498.2871051019801,
ETH,-1,LEGACY_SMC,2022-04-18 13:45:00+00:00,2022-04-18 15:30:00+00:00,2932.483454345703,2905.832388552037,0.16960123544529376,497.35281677991395,2952.471753690953,2905.832388552037,TP,4.520053684539565,0.49509278993764416,0.0,4.273637302991878,3.3900402634047127,1.2606449985640418,7,501.9383506677555,
BTC,-1,LEGACY_SMC,2022-04-18 13:45:00+00:00,2022-04-18 16:00:00+00:00,39388.320759999995,39081.608172540145,0.018975946250849262,747.4306576529701,39618.35520059488,39081.608172540145,TP,5.82016157409701,0.7445205768659215,0.0,5.449356326057573,4.365121180572722,1.2483860357211423,9,507.3877069938131,
XRP,-1,LEGACY_SMC,2022-04-18 18:15:00+00:00,2022-04-18 18:30:00+00:00,0.7562087224125862,0.7636104709370575,722.7607051939908,546.5579494847676,0.7632288565088031,0.7468485436176302,SL,-5.349692983215447,0.5492327959763754,0.0,-5.625646804449438,5.073877069938131,-1.1087471625555239,1,501.48878121462127,
BTC,1,LEGACY_SMC,2022-04-19 07:30:00+00:00,2022-04-19 09:15:00+00:00,40746.54768,40569.864558419715,0.018461273768014395,752.2331718219319,40590.15963823883,40955.065069014905,SL,-3.2617954776810794,0.7506022740830913,0.0,-3.636281165853205,2.8871224529966764,-1.2594828328389545,7,497.22610921798224,
LINK,1,LEGACY_SMC,2022-04-19 09:30:00+00:00,2022-04-19 10:30:00+00:00,13.856770891571045,13.956671209104067,53.58512377128052,742.5167832951116,13.781845653421279,13.956671209104067,TP,5.353170879797208,0.7451933687350103,0.0,4.979235902709753,4.01487815984793,1.2401960170313986,4,501.8340867290445,
ETH,1,LEGACY_SMC,2022-04-19 07:30:00+00:00,2022-04-19 11:45:00+00:00,3043.2286412109374,3062.9414270068114,0.16447942260121134,500.54848974984395,3028.4440518640317,3062.9414270068114,TP,3.242347625566711,0.5021696635626274,0.0,2.990452206879006,2.4317607191750708,1.2297477228324754,17,504.8245389359235,
LINK,1,LEGACY_SMC,2022-04-20 00:30:00+00:00,2022-04-20 03:30:00+00:00,14.043808566284179,14.179865763832439,49.47179549315208,694.7724253361882,13.941765668122983,14.179865763832439,TP,6.730993852478893,0.6981379222624277,0.0,6.380242142884559,5.048245389359235,1.2638534086185522,12,510.85739486614,
ETH,1,LEGACY_SMC,2022-04-20 15:15:00+00:00,2022-04-20 15:30:00+00:00,3084.636823535156,3056.85430440357,0.17645737347910573,544.3069120179454,3058.383496151646,3119.641260046503,SL,-4.902430354592673,0.541855696840649,0.0,-5.172132595424349,4.632593195181287,-1.1164659570808588,1,505.04714797817866,
BTC,1,LEGACY_SMC,2022-04-20 15:15:00+00:00,2022-04-20 16:15:00+00:00,41363.971139999994,41054.726514872644,0.017694666466593147,731.9216730560846,41075.264146946116,41748.91379740516,SL,-5.471980498215096,0.729185682806977,0.0,-5.835205344494031,5.1085739486614,-1.1422376191741397,4,499.2119426336846,
XRP,-1,LEGACY_SMC,2022-04-21 11:15:00+00:00,2022-04-21 12:45:00+00:00,0.7559887656688691,0.7610906361781602,990.514605449199,748.8179139505269,0.7607102810376414,0.7496934118438394,SL,-5.053477254563395,0.7513446525778086,0.0,-5.43041295016594,4.676729932621824,-1.1611559847163535,6,493.4071207265434,
BTC,1,LEGACY_SMC,2022-04-21 17:30:00+00:00,2022-04-21 17:45:00+00:00,41918.382,41599.28995,0.016872313709685356,707.2600913064277,41625.9460429544,42308.296609394136,SL_GAP,-5.383821169866593,0.7045681807214945,0.0,-5.734759304934873,4.934071207265434,-1.1622773697490267,1,487.3187313759553,
BTC,1,LEGACY_SMC,2022-04-21 17:45:00+00:00,2022-04-21 19:45:00+00:00,41628.42402,41291.61663778486,0.015414101250797911,641.6647427554278,41312.27277417194,42049.95901443741,SL,-5.191583091480388,0.6390689512096877,0.0,-5.509819671312362,4.873187313759553,-1.1306398290406905,8,481.4880793332652,
BTC,-1,LEGACY_SMC,2022-04-22 07:45:00+00:00,2022-04-22 08:45:00+00:00,40697.45888,40377.12294163783,0.017746368910389766,722.2321189998978,40937.71083377163,40377.12294163783,TP,5.684799737430979,0.7193897191311824,0.0,5.326526077799746,4.263599803073235,1.2493025433485445,4,486.2131967069728,
ETH,-1,LEGACY_SMC,2022-04-22 08:00:00+00:00,2022-04-22 09:30:00+00:00,3019.065987890625,2990.6947580128476,0.1591834332578775,480.5852891845153,3040.344410298958,2990.6947580128476,TP,4.516229777693063,0.4783271742956688,0.0,4.278195247989652,3.3871723332697967,1.263058039878269,6,490.4913919549624,
XRP,-1,LEGACY_SMC,2022-04-22 16:45:00+00:00,2022-04-22 21:45:00+00:00,0.7296840606212616,0.7191710507103809,622.0754361981099,453.91853029777934,0.7375688180544221,0.7191710507103809,TP,6.539885226066143,0.45064858768474625,0.0,6.316195903530286,4.9049139195496245,1.2877281858822605,20,496.5806285933438,
LINK,-1,LEGACY_SMC,2022-04-23 12:00:00+00:00,2022-04-23 15:15:00+00:00,13.577283923721314,13.484806877493385,54.86155751583183,744.8709428900157,13.646641708392261,13.484806877493385,TP,5.0734347905277515,0.7423342254947518,0.0,4.703536036478008,3.805076092895838,1.236121412988196,13,500.66390438841944,
BTC,-1,LEGACY_SMC,2022-04-23 12:45:00+00:00,2022-04-23 16:00:00+00:00,39689.060600000004,39834.8068961215,0.012488316236810387,495.64953991473146,39814.8994463983,39521.275471468936,SL,-1.8201258363090875,0.496559602832886,0.0,-2.0688606691846076,1.5715153086973683,-1.3164750338318305,13,498.5950437192348,
LINK,-1,LEGACY_SMC,2022-04-24 03:15:00+00:00,2022-04-24 04:00:00+00:00,13.518295708465576,13.612325747845803,55.32447149462034,747.8925655788522,13.605522986352629,13.40199267128284,SL,-5.202162233329404,0.750493646695517,0.0,-5.578709597235495,4.825803049015559,-1.156016841253711,3,492.6423878392099,
BTC,-1,LEGACY_SMC,2022-04-24 14:45:00+00:00,2022-04-24 16:30:00+00:00,39722.054000000004,39474.553869125026,0.01860335776591046,738.9635817588148,39907.67909815624,39474.553869125026,TP,4.604333481776876,0.7366614150179264,0.0,4.237153857638357,3.453250111332657,1.2270046249280162,7,496.51005990596883,
ETH,-1,LEGACY_SMC,2022-04-24 19:15:00+00:00,2022-04-24 22:30:00+00:00,2956.2387121093752,2931.5238326380913,0.2519299564031277,744.7650898589533,2974.774871712838,2931.5238326380913,TP,6.226418507709107,0.7416518806050987,0.0,5.857149172033485,4.669813880781773,1.2542575189426908,13,501.99482653307285,
BTC,-1,LEGACY_SMC,2022-04-25 13:45:00+00:00,2022-04-25 14:30:00+00:00,38943.60972,39263.234107244316,0.01673301691948317,651.6440803505093,39243.61230109377,38543.606278541636,SL,-5.3482802796385736,0.6543182204903285,0.0,-5.676776459953647,5.019948265330728,-1.1308436182817205,3,495.6909638175031,
ETH,-1,LEGACY_SMC,2022-04-25 13:45:00+00:00,2022-04-25 14:30:00+00:00,2868.856045654297,2893.324330448796,0.21002393333553157,602.5284308817347,2891.8783912531694,2838.1595848558,SL,-5.138925414514689,0.6050978935889921,0.0,-5.442759092662813,4.83524357728518,-1.1256432081791279,3,490.24820472484026,
BTC,-1,LEGACY_SMC,2022-04-25 14:45:00+00:00,2022-04-25 16:15:00+00:00,39148.26878,39524.92412682371,0.013736184143775358,537.7478288720919,39505.17154105318,38672.39843192908,SL,-5.173807202708064,0.540334732473446,0.0,-5.445268020745464,4.9024820472484025,-1.110716565255289,6,484.1907150452261,
LINK,-1,LEGACY_SMC,2022-04-25 14:45:00+00:00,2022-04-25 16:30:00+00:00,13.065386239814758,13.221683065670325,21.636410347348303,282.6880580312302,13.215075527906372,12.865800522359274,SL,-3.381702260199072,0.28437890916132974,0.0,-3.5247371403447865,3.238738861752581,-1.088305445668887,7,480.66597790488134,
SOL,-1,LEGACY_SMC,2022-04-25 14:45:00+00:00,2022-04-25 16:45:00+00:00,97.81343358306884,99.04921262823966,4.130387984908427,404.00743083414596,98.99971277185374,96.23172799802232,SL,-5.104246920175144,0.4065595542942335,0.0,-5.308802759052305,4.899793308104043,-1.0834748376572902,8,475.35717514582905,
XRP,-1,LEGACY_SMC,2022-04-25 19:00:00+00:00,2022-04-25 19:15:00+00:00,0.6776744512915611,0.6840543076370865,787.2758623927019,533.5167380620649,0.6837124514113808,0.6696237844651349,SL,-5.022706906365063,0.5360280915152474,0.0,-5.291976628849278,4.75357175145829,-1.1132632272197884,1,469.7984401479487,
LINK,1,LEGACY_SMC,2022-04-26 07:15:00+00:00,2022-04-26 08:15:00+00:00,13.354670636558533,13.464968173592576,35.11262694783392,468.91756807267143,13.271947483783,13.464968173592576,TP,3.872836271141251,0.4708539862082421,0.0,3.636441068969345,2.9046272033559384,1.25194760441818,4,472.8480736027708,
ETH,1,LEGACY_SMC,2022-04-26 07:15:00+00:00,2022-04-26 11:00:00+00:00,3004.690905908203,2987.2632870481616,0.234532496782367,704.6976602219231,2988.757665881102,3025.9352259443376,SL,-4.087342964217013,0.7026539887398147,0.0,-4.437648122845866,3.7368625653887384,-1.187533136473331,15,468.17171421803243,
BTC,1,LEGACY_SMC,2022-04-26 10:00:00+00:00,2022-04-26 11:00:00+00:00,40405.97958,40216.289103381525,0.011815640376686146,477.42252378500393,40236.40730703504,40632.07594395327,SL,-2.241314454606085,0.4763018665577009,0.0,-2.4789050592712836,2.0036049952111896,-1.237222439151483,4,465.6928091587612,
BTC,1,LEGACY_SMC,2022-04-26 11:15:00+00:00,2022-04-26 12:45:00+00:00,40458.29003999999,40261.817187021436,0.017265663305283428,698.5392137381418,40281.95816610449,40693.399205194,SL,-3.3922341281562183,0.6968430966740637,0.0,-3.739807617961211,3.0444867646695,-1.2283868865388852,6,461.3713221163601,
SOL,1,LEGACY_SMC,2022-04-26 11:15:00+00:00,2022-04-26 13:15:00+00:00,100.33706474304199,99.6689381749655,4.632581552310378,464.8196351415884,99.71879757375237,101.16142096876149,SL,-3.0951508138795827,0.4632720597346486,0.0,-3.326013056043437,2.8641730828502676,-1.1612472290723337,8,457.701004725242,
BTC,1,LEGACY_SMC,2022-04-26 13:00:00+00:00,2022-04-26 13:15:00+00:00,40303.759139999995,40085.45801967505,0.01708547006142395,688.6086701493118,40105.510775062576,40568.09029324989,SL,-3.7297772556872064,0.6867437815214683,0.0,-4.0722167021340185,3.3871665038645213,-1.2022487520137857,1,453.628788023108,
BTC,1,LEGACY_SMC,2022-04-26 13:30:00+00:00,2022-04-26 13:45:00+00:00,40219.042199999996,39947.616200000004,0.016918433279713013,680.443182034662,40009.53978329375,40498.37875560832,SL_GAP,-4.592102671379252,0.6781471306989724,0.0,-4.930028211060893,3.544452658983219,-1.3909138265864576,1,448.13214910400694,
SOL,1,LEGACY_SMC,2022-04-26 13:30:00+00:00,2022-04-26 13:45:00+00:00,99.97599248199462,98.99747357177735,4.528869609642622,452.77823404556466,99.27163659841388,100.91513366010228,SL_GAP,-4.431584554943635,0.4505624417680929,0.0,-4.655757879688945,3.189935955521817,-1.4595145308888642,1,443.476391224318,
ETH,-1,LEGACY_SMC,2022-04-27 06:00:00+00:00,2022-04-27 06:30:00+00:00,2844.1410189453127,2863.544530528108,0.15563394010431925,442.64487299077234,2862.113473791213,2820.1777458174456,SL,-3.0198449594902668,0.4441547954705175,0.0,-3.242677318465398,2.79712396101443,-1.1592898147028778,2,439.679784175939,
BTC,-1,LEGACY_SMC,2022-04-27 06:00:00+00:00,2022-04-27 06:45:00+00:00,38402.318,38618.36086546101,0.01732225088174305,665.214586836477,38599.061334793616,38139.99355360851,SL,-3.742348716726237,0.6670857611948402,0.0,-4.0768271845028385,3.4080374046057944,-1.1962389787721248,3,435.60295699143614,
BTC,-1,LEGACY_SMC,2022-04-27 07:15:00+00:00,2022-04-27 07:30:00+00:00,38664.46556,38871.626920747236,0.01689935257150246,653.4044354871542,38852.20082033707,38414.15187955056,SL,-3.5008928744598036,0.6551548819243841,0.0,-3.8293455386406103,3.172604354539025,-1.2070038084521917,1,431.22951613432843,
ETH,-1,LEGACY_SMC,2022-04-27 07:15:00+00:00,2022-04-27 07:30:00+00:00,2867.9963543457034,2886.480684449836,0.15159928665469596,434.78620144707725,2885.038165367153,2845.2739396504376,SL,-2.8022112580764578,0.43618730707611547,0.0,-3.0210054644290345,2.583526394155891,-1.1693340819984461,1,428.2085106698994,
LINK,-1,LEGACY_SMC,2022-04-27 08:15:00+00:00,2022-04-27 08:30:00+00:00,12.677464305114746,12.556171990408135,33.71380975136769,427.40561971239333,12.768433541144704,12.556171990408135,TP,4.089226022321714,0.4253610067012325,0.0,3.8775678254766786,3.0669195167412555,1.2643200463234765,1,431.55121930251744,
BTC,-1,LEGACY_SMC,2022-04-27 08:15:00+00:00,2022-04-27 08:45:00+00:00,39087.78088,38760.34787220855,0.016432571804901326,642.3127660048491,39333.35563584358,38760.34787220855,TP,5.380566411827805,0.6396224827989352,0.0,5.062100312031294,4.035424808870793,1.2544157187376237,2,436.39503697342303,
ETH,-1,LEGACY_SMC,2022-04-27 08:30:00+00:00,2022-04-27 11:15:00+00:00,2889.331930126953,2862.190931996284,0.15109557946575644,436.5652822514445,2909.687678724955,2862.190931996284,TP,4.10088483983248,0.4345148398315283,0.0,3.884652641126674,3.075663629874343,1.2630290918013627,11,440.2796896145497,
LINK,-1,LEGACY_SMC,2022-04-27 14:00:00+00:00,2022-04-27 14:15:00+00:00,12.691461444091797,12.444999694824219,34.67560209158405,440.0840669960078,12.818432473593086,12.522166738090078,TP_GAP,8.546209548398284,0.43581096222180865,0.0,8.33044061967448,4.402796896145497,1.8920792433027074,1,448.39008820072615,
LINK,-1,LEGACY_SMC,2022-04-27 16:45:00+00:00,2022-04-27 18:45:00+00:00,12.75744822883606,12.55345558867322,29.3075990612728,373.89017773567207,12.91044270895819,12.55345558867322,TP,5.978534509342997,0.37090091048100055,0.0,5.794578687729833,4.483900882007261,1.2923074885490855,8,453.99772179958813,
XRP,-1,LEGACY_SMC,2022-04-28 01:15:00+00:00,2022-04-28 03:30:00+00:00,0.6541191757440568,0.6482545029044687,1032.1637920646617,675.1581288981965,0.6585176803737478,0.6482545029044687,TP,6.053302957327804,0.6721314774195326,0.0,5.71875054435737,4.539977217995881,1.259643004746584,9,459.3788932794964,
XRP,-1,LEGACY_SMC,2022-04-28 09:00:00+00:00,2022-04-28 10:15:00+00:00,0.6531693273186684,0.6483809854154361,1054.9612651713846,689.0683399192446,0.6567605837460926,0.6483809854154361,TP,5.051515232307099,0.6865425823030911,0.0,4.7095068199636305,3.788636424230295,1.2430611683517299,5,463.74386592950043,
ETH,1,LEGACY_SMC,2022-04-29 03:00:00+00:00,2022-04-29 09:00:00+00:00,2911.4820823242185,2890.4132418736035,0.23632776458224453,688.064052136941,2891.859171459333,2937.6459634773987,SL,-4.979151966033806,0.6855744761539241,0.0,-5.3206944161192595,4.637438659295005,-1.1473347265639358,24,458.0791394873127,
XRP,-1,LEGACY_SMC,2022-04-30 02:30:00+00:00,2022-04-30 05:30:00+00:00,0.6196660596013069,0.624602429812287,737.8494174668036,457.22024110077393,0.6242902846699521,0.6135004261764467,SL,-3.642297884572101,0.45904139004306,0.0,-3.872729154064774,3.411981773135197,-1.1350380545867353,12,453.6342408580821,
SOL,-1,LEGACY_SMC,2022-04-30 06:00:00+00:00,2022-04-30 08:00:00+00:00,94.76104277954101,93.93380607885527,4.71677896109789,446.96689291423615,95.38147030505533,93.93380607885527,TP,3.9018926656425545,0.4450159465814149,0.0,3.6803601655182576,2.9264194992319497,1.2576324640005243,8,457.0911175771432,
ETH,-1,LEGACY_SMC,2022-04-30 02:15:00+00:00,2022-04-30 14:15:00+00:00,2830.0637568359375,2807.8235327138163,0.24279266061453691,687.1187092309691,2846.7439249275285,2807.8235327138163,TP,5.3997631872734,0.6844188276373324,0.0,5.058903714251553,4.049822390455078,1.2491668094321255,48,462.15002129139475,
SOL,-1,LEGACY_SMC,2022-05-01 15:30:00+00:00,2022-05-01 16:00:00+00:00,89.82303521728515,90.97495672760027,4.176846635065904,375.1770423987237,90.92949198160947,88.3477595315194,SL,-4.811399484219742,0.37758274214083354,0.0,-5.001393705161214,4.621500212913948,-1.0822013360911944,2,456.5716076350515,
ETH,-1,LEGACY_SMC,2022-05-01 15:45:00+00:00,2022-05-01 16:00:00+00:00,2791.431592236328,2809.8247408976354,0.24823952379221592,692.9436491552931,2808.4205306323192,2768.7796743750064,SL,-4.565906464722371,0.6952266023876543,0.0,-4.914661242532379,4.217325977156155,-1.1653500984162608,1,451.65694639251916,
LINK,-1,LEGACY_SMC,2022-05-01 15:45:00+00:00,2022-05-01 16:00:00+00:00,11.212757152557373,11.33968014445984,7.66263013111199,85.91921081002761,11.334013137890894,11.051082505446011,SL,-0.9725639420827219,0.08640549278106896,0.0,-1.0160098294587772,0.9291397667943124,-1.0934951508578532,1,450.6409365630604,
SOL,-1,LEGACY_SMC,2022-05-01 16:00:00+00:00,2022-05-01 16:15:00+00:00,90.07097908782958,91.35057923393747,3.6520262801479086,328.9415827074063,91.3049267705522,88.4257155108661,SL,-4.673133361667087,0.33127814938823985,0.0,-4.839940719701624,4.506409365630604,-1.0740126621906103,1,445.636525052005,
XRP,-1,LEGACY_SMC,2022-05-01 16:30:00+00:00,2022-05-01 17:00:00+00:00,0.6047090606212616,0.6104930230485773,813.0368799797287,491.6507679429832,0.6101879290840353,0.5974039026708967,SL,-4.702574765824747,0.4940020553258956,0.0,-4.950751437179151,4.454522120792844,-1.1113990014933375,2,440.2556352581338,
LINK,-1,LEGACY_SMC,2022-05-01 16:15:00+00:00,2022-05-01 18:45:00+00:00,11.361727520370483,11.178589723248209,32.444533173344,368.6259454411556,11.499080868212188,11.178589723248209,TP,5.9418203340267715,0.3656550352741422,0.0,5.7604782714732075,4.45636525052005,1.292640514778489,10,446.016113529607,
ETH,1,LEGACY_SMC,2022-05-02 10:30:00+00:00,2022-05-02 11:00:00+00:00,2817.5634,2798.1978309599294,0.23744777856441865,669.0241702944105,2799.5976297748166,2841.5177603002444,SL,-4.598311349200638,0.6667250146198103,0.0,-4.930524278673243,4.265932230168575,-1.1557905781542164,2,440.75107716578657,
BTC,1,LEGACY_SMC,2022-05-02 12:00:00+00:00,2022-05-02 13:00:00+00:00,38548.208099999996,38814.423975488804,0.01715064456520561,661.1266157486798,38348.546193383394,38814.423975488804,TP,4.565773858123575,0.6634095026777416,0.0,4.232927663320173,3.424330393592619,1.2361329593781454,4,444.6534415212324,
BTC,1,LEGACY_SMC,2022-05-02 13:45:00+00:00,2022-05-02 14:15:00+00:00,38921.48274,38573.8684017957,0.013543386971463874,527.1287022509721,38593.16498428784,39359.23974761621,SL,-4.707875499130167,0.5247747645014069,0.0,-4.969085912506088,4.446534415212325,-1.1175188244368532,2,439.1291689759657,
ETH,1,LEGACY_SMC,2022-05-02 13:45:00+00:00,2022-05-02 17:00:00+00:00,2828.085523535156,2800.5639201587046,0.17012990558057237,481.14192309281964,2801.9649026100096,2862.9130181020178,SL,-4.682247783861633,0.47880079920088886,0.0,-4.9204776215161115,4.44389877170107,-1.1072434081644513,13,434.20869135444957,
XRP,1,LEGACY_SMC,2022-05-02 13:45:00+00:00,2022-05-02 17:00:00+00:00,0.6131926251411438,0.6062804388436677,166.50989589789648,102.10264017760971,0.6065837307090222,0.6220044843839727,SL,-1.1509474208196189,0.1015271664671999,0.0,-1.2014232671980138,1.1004463238927633,-1.0917599896631491,13,433.00726808725153,
ETH,1,LEGACY_SMC,2022-05-03 10:30:00+00:00,2022-05-03 11:45:00+00:00,2831.0661,2847.3693304643957,0.22942272599388525,649.5109021308773,2818.838677151703,2847.3693304643957,TP,3.7403315756482196,0.6513810679187015,0.0,3.413705958794957,2.805248681736217,1.2168995857729645,5,436.09621859498105,
ETH,1,LEGACY_SMC,2022-05-03 14:00:00+00:00,2022-05-03 14:45:00+00:00,2835.336973535156,2818.181954387599,0.23071131720787,654.1443278924716,2819.5917502627303,2856.330604565057,SL,-3.957857064259139,0.652165399360342,0.0,-4.282950299673245,3.6326012009133763,-1.179031240367466,3,431.48619613136157,
ETH,1,LEGACY_SMC,2022-05-03 15:15:00+00:00,2022-05-03 16:00:00+00:00,2834.166817675781,2814.4660068357434,0.22836668969535692,647.2292941970423,2815.8739438076473,2858.5573161666266,SL,-4.499008955853831,0.6449797897191154,0.0,-4.820374098474425,4.177483050280447,-1.1538943522824872,3,426.34220738578864,
BTC,-1,LEGACY_SMC,2022-05-04 06:00:00+00:00,2022-05-04 06:15:00+00:00,38074.48358,38312.9469,0.01117658798583081,425.5428157469404,38195.95569189673,37912.5207641377,SL_GAP,-2.6652062773733562,0.4268754188856271,0.0,-2.879310288385513,1.3576437464384676,-2.1208143122515475,1,422.93036903399036,
ETH,-1,LEGACY_SMC,2022-05-04 04:15:00+00:00,2022-05-04 06:45:00+00:00,2800.8996689453124,2816.8053168901893,0.22832424815826896,639.5133110786829,2815.3976180811487,2781.5690700975306,SL,-3.6316451084841153,0.641329133632925,0.0,-3.953217586577699,3.3102333362766436,-1.1942413675962447,10,418.97715144741267,
ETH,-1,LEGACY_SMC,2022-05-04 07:15:00+00:00,2022-05-04 07:45:00+00:00,2811.607487890625,2825.9338567192367,0.223525413799,628.4657271711189,2824.521595921276,2794.3886771830907,SL,-3.2023075206524854,0.6300668809314451,0.0,-3.518141537998371,2.8866313413962144,-1.2187706436723944,2,414.9356812611845,
SOL,-1,LEGACY_SMC,2022-05-04 07:15:00+00:00,2022-05-04 07:45:00+00:00,86.78364230194092,87.39332468106609,4.818783335152735,418.1915692884488,87.34964985613803,86.02896556301143,SL,-2.937927288264665,0.4196605329325811,0.0,-3.148492036553022,2.7274677697356107,-1.1543645250327645,2,411.7871892246315,
SOL,-1,LEGACY_SMC,2022-05-04 08:00:00+00:00,2022-05-04 08:30:00+00:00,87.30653269805909,87.91087379701248,7.074851843826332,617.6807838369473,87.86694032684906,86.55932252633913,SL,-4.275623738230481,0.6198185957060625,0.0,-4.58660194201807,3.964800945839093,-1.1568303187658218,2,406.89174689069495,
ETH,1,LEGACY_SMC,2022-05-04 18:30:00+00:00,2022-05-04 18:45:00+00:00,2856.8112382324216,2891.868131096869,0.15475482418973527,442.1053209159183,2830.518568584086,2891.868131096869,TP,5.425223291875956,0.4448179325618563,0.0,5.201458019772059,4.06891746890695,1.2783395238462156,1,411.87215225000904,
BTC,1,LEGACY_SMC,2022-05-04 18:45:00+00:00,2022-05-04 19:00:00+00:00,39062.51093999999,39630.1,0.011080431831946926,432.829489655351,38690.799657897696,39558.12598280306,TP_GAP,6.289131887888897,0.4359740555992954,0.0,6.069572577117277,4.11872152250009,1.4736545172961846,1,417.7253100822987,
ETH,1,LEGACY_SMC,2022-05-05 08:15:00+00:00,2022-05-05 08:30:00+00:00,2935.0468529296872,2921.534764501167,0.14205636094351054,416.94207512589435,2922.996262632483,2951.114306659293,SL,-1.9194781109024979,0.4159823360704431,0.0,-2.126989409409994,1.711863004841985,-1.242499781462552,1,415.076555652764,
BTC,1,LEGACY_SMC,2022-05-05 06:45:00+00:00,2022-05-05 08:45:00+00:00,39581.61474,39439.10393521591,0.015830278002535277,626.587965123448,39458.83335189186,39745.32325747752,SL,-2.2559856580970847,0.6254599722943995,0.0,-2.5681516478297604,1.943663507289009,-1.321294369215059,8,412.5084040049342,
BTC,1,LEGACY_SMC,2022-05-05 09:00:00+00:00,2022-05-05 13:15:00+00:00,39502.29888,39364.28510447459,0.01566396446665236,618.7626060074014,39383.9770930211,39660.06126263854,SL,-2.1618428757385715,0.6176816845695321,0.0,-2.470143257304403,1.8533882668683073,-1.33277160617739,17,409.52301196925237,
SOL,1,LEGACY_SMC,2022-05-05 09:00:00+00:00,2022-05-05 13:30:00+00:00,92.42248012847901,91.60836248612348,4.454922116081076,411.73495074742493,91.65418958091394,93.44686752523245,SL,-3.626830690021419,0.4099215354024142,0.0,-3.830884750050121,3.4226745519236825,-1.1192664367977982,18,405.69212721920223,
SOL,1,LEGACY_SMC,2022-05-05 13:30:00+00:00,2022-05-05 13:45:00+00:00,92.0184,90.80257557296754,5.591043881630826,514.478912317458,91.29278929865657,92.98588093512456,SL_GAP,-6.797727723897133,0.5110800484555095,0.0,-7.051568316193914,4.056921272192023,-1.738157544374489,1,398.38331944684955,
XRP,-1,LEGACY_SMC,2022-05-06 01:30:00+00:00,2022-05-06 02:00:00+00:00,0.6048190091967582,0.6128813350029888,513.6427966661663,310.66092736068265,0.6125750474792492,0.5944776248201036,SL,-4.141155574746071,0.3127315051480557,0.0,-4.298556616213785,3.9838331944684957,-1.0790001504536584,2,393.92943236695544,
LINK,-1,LEGACY_SMC,2022-05-06 02:45:00+00:00,2022-05-06 07:30:00+00:00,10.992800885581971,10.82497561648398,31.296791357996238,344.0393957560552,11.118669837405465,10.82497561648398,TP,5.252392431559388,0.34141319954027555,0.0,5.08299892989714,3.9392943236695546,1.2903323570812029,19,398.8404115989746,
XRP,-1,LEGACY_SMC,2022-05-06 23:00:00+00:00,2022-05-07 02:30:00+00:00,0.6039391822218895,0.5972529957675384,795.3520577028547,480.34427130755915,0.6089538220626527,0.5972529957675384,TP,5.317872154653053,0.47768533523023265,0.0,5.0803589550766,3.9884041159897463,1.2737823970016335,14,403.6805984183974,
BTC,-1,LEGACY_SMC,2022-05-07 10:45:00+00:00,2022-05-07 13:00:00+00:00,36068.58484,35898.43806677526,0.01678804145806337,605.520897627596,36196.194919918555,35898.43806677526,TP,2.8564310828526445,0.6040926820861696,0.0,2.555098849580273,2.142323312139422,1.1926765839226359,9,405.93293681916384,
ETH,-1,LEGACY_SMC,2022-05-07 15:30:00+00:00,2022-05-07 20:00:00+00:00,2695.2008422363283,2676.662659207433,0.22591986307169404,608.8994052287458,2709.1044795079997,2676.662659207433,TP,4.18814377148601,0.6068053333430028,0.0,3.8857881407573807,3.1411078286145075,1.2370756920087458,18,409.51427525730685,
LINK,-1,LEGACY_SMC,2022-05-08 10:30:00+00:00,2022-05-08 10:45:00+00:00,10.207958038139344,10.317976649584413,39.05261095814486,398.64741394052345,10.312820239464681,10.06814176970556,SL,-4.296514030919582,0.40079567095598323,0.0,-4.497985994905303,4.095142752573069,-1.0983709889183029,1,404.81696555543124,
LINK,-1,LEGACY_SMC,2022-05-08 11:15:00+00:00,2022-05-08 12:45:00+00:00,10.305938010978698,10.1659277570454,38.551173139865426,397.3060006299601,10.410945701428671,10.1659277570454,TP,5.397559540739084,0.39460722085959055,0.0,5.201605320194473,4.048169655554313,1.2849276988817855,6,409.8199178753107,
XRP,-1,LEGACY_SMC,2022-05-09 01:30:00+00:00,2022-05-09 02:00:00+00:00,0.5745650347471237,0.5677515572938462,801.9789614247995,460.78906983750215,0.5796751428370819,0.5677515572938462,TP,5.464265571670809,0.4580569370516667,0.0,5.236603169537893,4.098199178753107,1.27778151845005,2,414.82612650992985,
XRP,-1,LEGACY_SMC,2022-05-10 13:00:00+00:00,2022-05-10 13:45:00+00:00,0.5335032643079758,0.5223943605065416,497.75629399817353,265.5546076778661,0.5418349421590514,0.5223943605065416,TP,5.529526786584082,0.2627898442845741,0.0,5.399514246138441,4.147145089938047,1.301983443800637,3,419.98124593610424,
ETH,-1,LEGACY_SMC,2022-05-10 06:15:00+00:00,2022-05-10 14:45:00+00:00,2414.4669611816407,2354.644571777544,0.09245727352631683,223.23503225022597,2459.333753234713,2354.644571777544,TP,5.531015020132398,0.2204695247401598,0.0,5.422163011517351,4.148261265099299,1.3070929396698832,34,425.4034089476216,
BTC,-1,LEGACY_SMC,2022-05-11 05:15:00+00:00,2022-05-11 06:30:00+00:00,31608.377060000003,30983.266853650894,0.009073672762058959,286.8040699822113,32077.209714761833,30983.266853650894,TP,5.672045452634965,0.2839680472558938,0.0,5.531479440370177,4.254034089476216,1.3002903418320393,5,430.40373429748337,
SOL,-1,LEGACY_SMC,2022-05-11 05:30:00+00:00,2022-05-11 06:30:00+00:00,67.50249564056396,64.99743385052437,2.2620845642651948,152.69635343789835,69.38129198309366,64.99743385052437,TP,5.666661607779096,0.1498630226340088,0.0,5.593146761864037,4.24999620583433,1.3160357070874205,4,435.9968810593474,
LINK,-1,LEGACY_SMC,2022-05-11 05:30:00+00:00,2022-05-11 06:30:00+00:00,8.727254291534424,8.43410545841027,11.69154648109559,102.03509920181568,8.94711591637754,8.43410545841027,TP,3.4273632083499717,0.1003214175976407,0.0,3.378059340353239,2.570522406262489,1.3141528477337412,4,439.3749403997006,
ETH,-1,LEGACY_SMC,2022-05-11 05:15:00+00:00,2022-05-11 06:45:00+00:00,2386.842604345703,2336.75122589106,0.11319579537296982,270.1805470290026,2424.411138186685,2336.75122589106,TP,5.6701334255017395,0.2673454803162517,0.0,5.537878218699989,4.252600069126305,1.3022334874386021,6,444.9128186184006,
XRP,-1,LEGACY_SMC,2022-05-11 05:15:00+00:00,2022-05-11 06:45:00+00:00,0.5182463351488114,0.5065237298985071,483.5386077431718,250.59211136585742,0.5270382890865395,0.5065237298985071,TP,5.6683322218548975,0.24775794525492997,0.0,5.545870332282896,4.25124916639116,1.304527237812016,6,450.4586889506835,
BTC,-1,LEGACY_SMC,2022-05-12 15:15:00+00:00,2022-05-12 18:15:00+00:00,29565.78566,28431.61130984542,0.005295584274020288,156.56810959015056,30416.416422615937,28431.61130984542,TP,6.006115852675787,0.15356505166381268,0.0,5.93083485580705,4.504586889506835,1.3166212576834901,12,456.21523372958245,
ETH,-1,LEGACY_SMC,2022-05-12 15:15:00+00:00,2022-05-12 18:30:00+00:00,2020.2458944091798,1920.81501583318,0.0603944383402841,122.01161610210731,2094.81905334118,1920.81501583318,TP,6.00507206527849,0.11900908006946807,0.0,5.947068793260076,4.503804048958885,1.3204546042883063,13,462.16230252284254,
SOL,-1,LEGACY_SMC,2022-05-12 15:15:00+00:00,2022-05-12 18:45:00+00:00,47.45050708465576,43.38045886553703,1.4752303489427894,70.00042812400902,50.50304324899481,43.38045886553703,TP,6.004258654504506,0.06699829879675676,0.0,5.9722605697697535,4.503193990878374,1.3262276912491682,14,468.13456309261227,
XRP,-1,LEGACY_SMC,2022-05-13 01:15:00+00:00,2022-05-13 02:00:00+00:00,0.39912015241980553,0.4086130179633604,503.87947102225024,201.10845127561151,0.40840881355658215,0.38673527090410337,SL,-4.783260068571781,0.20350008130989738,0.0,-4.886205924243873,4.680365660103938,-1.0439795261926959,3,463.04980586051215,
ETH,-1,LEGACY_SMC,2022-05-13 01:15:00+00:00,2022-05-13 02:30:00+00:00,2026.2846034179688,2075.7200111058864,0.09672588150069372,195.99416443688662,2074.682669771001,1961.7538482805921,SL,-4.7816833859600045,0.19838500612986665,0.0,-4.882071309871428,4.681345630926123,-1.0428777737792445,5,458.1677345506407,
LINK,-1,LEGACY_SMC,2022-05-13 02:45:00+00:00,2022-05-13 03:00:00+00:00,6.9286138283729555,7.11609727900646,24.9049981385045,172.557114498045,7.112541008502209,6.683377588200617,SL,-4.66927498902782,0.1748917519925589,0.0,-4.757888183771357,4.580706078739439,-1.03868008599248,1,453.2264411329235,
ETH,-1,LEGACY_SMC,2022-05-13 02:45:00+00:00,2022-05-13 03:15:00+00:00,2053.5791922363283,2103.0661062856457,0.09459257969108505,194.25335339356894,2102.0150987362777,1988.997983569729,SL,-4.681094860875934,0.1965939008240069,0.0,-4.780562085003156,4.5816773455064075,-1.0434087179211364,2,448.44587904792036,
SOL,-1,LEGACY_SMC,2022-05-13 04:00:00+00:00,2022-05-13 05:15:00+00:00,50.44491083068848,52.652283134188295,2.0560920799334377,103.71938163192706,52.62597014911374,47.53683173945479,SL,-4.538560710690402,0.10598866198727228,0.0,-4.592689681861711,4.484458790479204,-1.0241346607114081,5,443.8013296752427,
BTC,-1,LEGACY_SMC,2022-05-14 17:00:00+00:00,2022-05-14 18:00:00+00:00,29353.82806,29684.075206415328,0.014070504273606566,413.02316316494233,29669.24058612227,28933.278025170308,SL,-4.646743884983242,0.41534653510743397,0.0,-4.855578838508205,4.438013296752427,-1.0940883935749668,4,438.73923925515203,
ETH,-1,LEGACY_SMC,2022-05-14 22:00:00+00:00,2022-05-14 22:45:00+00:00,2026.9244900634767,2051.2898213532267,0.18797579244478443,381.0127372454226,2050.2646890087226,1995.8042248031488,SL,-4.580092457370453,0.38330278347410784,0.0,-4.772888872221849,4.38739239255152,-1.0878646004685577,3,433.77584401430744,
BTC,1,LEGACY_SMC,2022-05-16 04:45:00+00:00,2022-05-16 06:00:00+00:00,30406.38006,30121.40891880552,0.016071551650994668,488.67770765406436,30136.477157384208,30766.250596821053,SL,-4.579928414749994,0.48638774344668934,0.0,-4.821977304369652,4.337758440143075,-1.1116288218692523,5,428.70952785611075,
SOL,1,LEGACY_SMC,2022-05-16 06:45:00+00:00,2022-05-16 09:15:00+00:00,54.14382602005005,52.85294740761385,3.3905119610992465,183.5752897406563,52.879387101164426,55.82974457856422,SL,-4.376739375792143,0.18138692005276025,0.0,-4.466338650974575,4.287095278561107,-1.0418099810633619,10,424.1514015602658,
SOL,1,LEGACY_SMC,2022-05-16 10:15:00+00:00,2022-05-16 13:00:00+00:00,53.82576162643433,55.45095485011354,3.4798028556879053,187.30303901724264,52.60686670867492,55.45095485011354,TP,5.655352020803552,0.19013071502764442,0.0,5.55887282528453,4.241514015602658,1.3105869283552736,11,429.6166228660417,
XRP,-1,LEGACY_SMC,2022-05-16 20:00:00+00:00,2022-05-16 20:45:00+00:00,0.4225354744553566,0.42920292736394405,665.7668882922453,281.3101280212303,0.4289884331473704,0.41393152953267154,SL,-4.438969375785344,0.28352961270912297,0.0,-4.581843924483852,4.296166228660417,-1.0664959595645143,3,424.89412387754726,
BTC,-1,LEGACY_SMC,2022-05-19 07:00:00+00:00,2022-05-19 08:45:00+00:00,29314.136000000002,29008.15494216831,0.018515051308013272,542.752732090079,29543.62179337377,29008.15494216831,TP,5.665254985033986,0.539920104597562,0.0,5.3967112464814635,4.248941238775473,1.2701308262942166,7,430.01945875798367,
XRP,-1,LEGACY_SMC,2022-05-19 13:15:00+00:00,2022-05-19 13:30:00+00:00,0.4117376304507256,0.41713087825514217,829.1249387638326,341.3819376342234,0.41692241704661887,0.4048245816562012,SL,-4.47167625557507,0.3436177757620109,0.0,-4.644603062519969,4.298835868823552,-1.080432750690489,1,425.0682928510181,
LINK,-1,LEGACY_SMC,2022-05-19 12:00:00+00:00,2022-05-19 14:15:00+00:00,6.971605449581147,7.085468214102836,38.97864748977458,271.74375125701494,7.081927250477597,6.824509715052546,SL,-4.438216560502117,0.273962859537266,0.0,-4.576307544410876,4.300194587579837,-1.0642094098784578,9,420.1545024229338,
XRP,-1,LEGACY_SMC,2022-05-19 13:45:00+00:00,2022-05-19 14:15:00+00:00,0.4109877752065659,0.41664461100759326,779.8144188049837,320.49419305866144,0.41643639281118766,0.40372295173373685,SL,-4.411282122453392,0.3226998341198882,0.0,-4.57373486004395,4.24891057063874,-1.0764488411805708,2,415.58076756288983,
ETH,-1,LEGACY_SMC,2022-05-19 13:45:00+00:00,2022-05-19 15:15:00+00:00,1968.7662021728515,1993.3710552737107,0.18004757187369072,354.4715742882096,1992.3748678397908,1937.287981283599,SL,-4.430044057118539,0.35668659631676886,0.0,-4.609494866291203,4.250682928510181,-1.084412774091993,6,410.7699431903333,
SOL,-1,LEGACY_SMC,2022-05-19 14:30:00+00:00,2022-05-19 15:15:00+00:00,52.03159141693116,53.4082589054684,3.0784291772207384,160.175569155109,53.3815681214077,50.231622477629095,SL,-4.237973364044248,0.16229455583713112,0.0,-4.320180135303825,4.155807675628898,-1.0395524703029122,3,406.4497630550295,
LINK,-1,LEGACY_SMC,2022-05-19 14:30:00+00:00,2022-05-19 15:15:00+00:00,7.030593664836884,7.15463995605482,34.48975363038663,242.48344337558115,7.151064423842898,6.869965986162198,SL,-4.278326022869801,0.24462260638701605,0.0,-4.401706907569027,4.155006797783123,-1.0593741771776473,3,402.0480561474605,
XRP,1,LEGACY_SMC,2022-05-20 11:30:00+00:00,2022-05-20 12:45:00+00:00,0.425885155659914,0.42126667795386663,912.1412505499118,388.4674184742778,0.4214774166621977,0.4317621409902025,SL,-4.21270403043096,0.3863610664590623,0.0,-4.404831387652884,4.020480561474605,-1.0955982301870175,5,397.44899105057044,
XRP,1,LEGACY_SMC,2022-05-20 13:15:00+00:00,2022-05-20 14:15:00+00:00,0.42288456448316575,0.4181539237761612,879.0281576890027,371.72743963275343,0.4183631053288256,0.4289131766889526,SL,-4.158366385366832,0.36964825644007004,0.0,-4.342150921990525,3.9744899105057043,-1.0925052068978685,4,392.9209764087635,
ETH,-1,LEGACY_SMC,2022-05-21 08:45:00+00:00,2022-05-21 11:15:00+00:00,1981.2936034179688,1963.7800825662134,0.12147966430176374,240.68688182644667,1994.4287440567855,1963.7800825662134,TP,2.1275366338131856,0.23962311350954008,0.0,2.008256961216869,1.595652475359903,1.25858041912535,10,394.4385450805301,
SOL,-1,LEGACY_SMC,2022-05-21 07:45:00+00:00,2022-05-21 11:30:00+00:00,50.20295865097046,49.30419142643454,5.829035827182099,292.6348446070483,50.87703406937239,49.30419142643454,TP,5.238946352116875,0.2900153714309899,0.0,5.095248402989409,3.9292097640876356,1.2967616159257225,15,399.5337934835195,
SOL,-1,LEGACY_SMC,2022-05-21 15:15:00+00:00,2022-05-21 15:45:00+00:00,50.26994277954102,50.86677007049456,6.9921100336852025,351.49297130160977,50.84134939579666,49.508067291200156,SL,-4.173082089453415,0.35357951234633644,0.0,-4.350915116148947,3.9953379348351947,-1.088998023975266,2,394.9077082348568,
LINK,-1,LEGACY_SMC,2022-05-21 15:15:00+00:00,2022-05-21 15:45:00+00:00,6.979603746604919,7.056136842593679,28.489768322838646,198.84729372599077,7.052610537325017,6.882261358978122,SL,-2.180410173749332,0.19993749881286543,0.0,-2.280924025699202,2.079946553609551,-1.0966262675071499,2,392.62678420915756,
XRP,-1,LEGACY_SMC,2022-05-21 07:45:00+00:00,2022-05-21 16:00:00+00:00,0.4140471762597561,0.41788564254252614,1082.134785979026,448.05485246707127,0.41767680414045594,0.409207672418823,SL,-4.153737889393037,0.4501317214117678,0.0,-4.379842184571269,3.9277465898646,-1.1151030455664541,33,388.2469420245863,
BTC,1,LEGACY_SMC,2022-05-23 14:15:00+00:00,2022-05-23 16:00:00+00:00,30133.72554,30486.05114923034,0.014692732398787295,442.7467655377222,29869.48133307724,30486.05114923034,TP,5.1766258936611145,0.4453350784845527,0.0,4.952664197945423,3.882469420245863,1.2756479605786022,7,392.9782328397628,
LINK,-1,LEGACY_SMC,2022-05-24 09:30:00+00:00,2022-05-24 11:15:00+00:00,6.972605177116394,7.079869622058242,37.88608208245865,264.1646920688078,7.076331456330077,6.83430347149815,SL,-4.063829565596206,0.26619660685160595,0.0,-4.1979438264134075,3.929782328397629,-1.0682382573909943,7,388.64820666731504,
SOL,-1,LEGACY_SMC,2022-05-24 16:15:00+00:00,2022-05-24 16:45:00+00:00,50.50489638977051,49.3208512751096,4.374077493165951,220.9123305931735,51.39293022576619,49.3208512751096,TP,5.17910508693139,0.2183227780497078,0.0,5.071238474178269,3.8843288151985504,1.3055636418666705,2,393.3936638287367,
BTC,-1,LEGACY_SMC,2022-05-24 16:00:00+00:00,2022-05-24 21:00:00+00:00,29390.92064,29670.992441591497,0.014652494224149267,430.65029492002947,29656.164359411792,29037.262347450946,SL,-4.103750455166493,0.4327021701476127,0.0,-4.321127477854091,3.8864820666731505,-1.1118351773466433,20,389.0725363508826,
ETH,-1,LEGACY_SMC,2022-05-24 22:15:00+00:00,2022-05-25 02:15:00+00:00,1985.9326900634767,2003.6641813768351,0.23255757204152905,461.8436846390646,2002.6628499518592,1963.6258102123,SL,-4.123592568510103,0.4639054809233196,0.0,-4.356576207113891,3.8907253635088264,-1.11973367433597,16,384.48503830144915,
ETH,-1,LEGACY_SMC,2022-05-25 02:15:00+00:00,2022-05-25 02:30:00+00:00,1982.5733767089844,2001.6102903442381,0.2650441665232262,525.469508200971,1997.0798283447632,1963.2314411946124,SL_GAP,-5.0456229076304755,0.5279923196547862,0.0,-5.310880473184776,3.844850383014492,-1.3812970451715907,1,378.91142307416385,
SOL,-1,LEGACY_SMC,2022-05-25 02:30:00+00:00,2022-05-25 05:45:00+00:00,50.05298712539673,49.1487238244035,5.58703676474125,279.647879254712,50.73118460114166,49.1487238244035,TP,5.052152307655493,0.2771218031008843,0.0,4.914854444181964,3.7891142307416392,1.2970985156127068,13,383.68645357871844,
BTC,1,LEGACY_SMC,2022-05-25 08:15:00+00:00,2022-05-25 11:00:00+00:00,29810.76096,29606.571142310233,0.019306104971299518,575.5296803680776,29621.381833226846,30063.266462364205,SL,-3.942110054389146,0.5735586253408831,0.0,-4.2279038395459905,3.6561733008555497,-1.156374025967712,11,379.1707848989884,
XRP,-1,LEGACY_SMC,2022-05-25 13:15:00+00:00,2022-05-25 18:00:00+00:00,0.40259947360157966,0.4077029292215887,773.8643554581549,311.5573821464789,0.40749917963177285,0.39606653222798877,SL,-3.949382393987581,0.31353207334347266,0.0,-4.107135776257814,3.791707848989884,-1.0831888794786657,19,374.9078704316574,
LINK,-1,LEGACY_SMC,2022-05-26 16:30:00+00:00,2022-05-26 19:00:00+00:00,6.828633923721314,6.65638524303082,29.020667013046705,198.17151125431081,6.957820434239184,6.65638524303082,TP,4.998771605755432,0.1956721254514331,0.0,4.902185235931155,3.749078704316574,1.3075706386976964,10,379.7109699119614,
BTC,-1,LEGACY_SMC,2022-05-27 13:00:00+00:00,2022-05-27 14:30:00+00:00,29250.44874,28933.09178912036,0.01595305512649569,466.6340212239564,29488.46645315973,28933.09178912036,TP,5.062812932159466,0.4641026147578766,0.0,4.8320273280135675,3.7971096991196145,1.2725540505542692,6,384.309680229363,
XRP,-1,LEGACY_SMC,2022-05-28 05:45:00+00:00,2022-05-28 10:00:00+00:00,0.38714255126118663,0.3827845662718223,277.356750573634,107.37660002658924,0.3904110400032099,0.3827845662718223,TP,1.208716555698769,0.10677224174873987,0.0,1.1556326139633237,0.9065374167740843,1.2747765206158235,17,384.98545845065547,
BTC,-1,LEGACY_SMC,2022-05-28 05:45:00+00:00,2022-05-28 13:15:00+00:00,28906.51754,29085.974675249752,0.019942371804087075,576.4645203440444,29071.438955771868,28686.622318970843,SL,-3.578800914046884,0.578253920801068,0.0,-3.8688225746759297,3.2889241917790026,-1.176318561658077,30,381.06157014557385,
LINK,-1,LEGACY_SMC,2022-05-28 05:45:00+00:00,2022-05-28 13:15:00+00:00,6.448709809303284,6.54174828215468,42.778737627974365,275.8676649711298,6.538479042633364,6.329017498196511,SL,-3.980068419417295,0.27785769918083847,0.0,-4.119992286112568,3.8402144796919098,-1.0728547345207406,30,376.9415778594613,
ETH,-1,LEGACY_SMC,2022-05-28 13:00:00+00:00,2022-05-28 15:30:00+00:00,1786.6125767089843,1803.5208430600812,0.061642609174022055,110.13146081146442,1802.6195332934346,1765.2699679297173,SL,-1.0422696544909358,0.11065259563870988,0.0,-1.0978565197239134,0.986710568800811,-1.1126429111407843,10,375.69277228413165,
SOL,-1,LEGACY_SMC,2022-05-28 13:15:00+00:00,2022-05-28 15:30:00+00:00,42.20655715255737,42.75490324455667,7.15287224495197,301.8981112115067,42.73353647631851,41.50391805420919,SL,-3.9222495420896677,0.30385923598255155,0.0,-4.0751597224664655,3.769415778594613,-1.0811117589118402,9,371.61761256166517,
XRP,-1,LEGACY_SMC,2022-05-28 23:45:00+00:00,2022-05-29 00:30:00+00:00,0.38769244312047957,0.3847073784978742,1437.805736825444,557.4264188424977,0.3899312415874336,0.3847073784978742,TP,4.291943039176713,0.5552804473229094,0.0,4.015375801275053,3.2189572793824954,1.2474150641866666,3,375.354275153519,
SOL,1,LEGACY_SMC,2022-05-30 13:30:00+00:00,2022-05-30 14:00:00+00:00,45.13702395172119,46.053955412374464,5.4581218809396495,246.36337807138648,44.449325356231235,46.053955412374464,TP,5.004723668713586,0.24886573990574326,0.0,4.879039617843536,3.7535427515351896,1.2998492200063583,2,380.11013308232685,
BTC,1,LEGACY_SMC,2022-05-31 07:00:00+00:00,2022-05-31 11:00:00+00:00,31526.203980000002,31756.80953436075,0.014679638010073121,462.79326225812656,31353.249814229443,31756.80953436075,TP,3.3852060611280077,0.4644858652886905,0.0,3.1521168269683804,2.5389045458459925,1.2415263236759688,16,382.7874165388664,
ETH,1,LEGACY_SMC,2022-05-31 06:45:00+00:00,2022-05-31 13:30:00+00:00,1971.4941955810546,1955.1243649068192,0.24695658738977214,486.8734785994412,1956.1024161148766,1992.0165682026252,SL,-4.042637519457574,0.4848521598397124,0.0,-4.284052939997566,3.8011013308232684,-1.1270557049500431,27,378.26851787285676,
LINK,1,LEGACY_SMC,2022-05-31 13:00:00+00:00,2022-05-31 13:30:00+00:00,7.378475255012512,7.287357242503419,43.760881168560594,322.8885788397674,7.291002743875357,7.495105269862053,SL,-3.987404517725842,0.32089487658090443,0.0,-4.146855104886862,3.827874165388664,-1.083331093373549,2,374.1216627679699,
SOL,1,LEGACY_SMC,2022-05-31 13:15:00+00:00,2022-05-31 13:30:00+00:00,46.21223971481323,45.60761985405902,3.1767097654293184,146.80287318440776,45.63043507159481,46.987979239104455,SL,-1.920701816030421,0.14584252227639255,0.0,-1.9931429017146096,1.848224491684072,-1.0784095279997563,1,372.12851986625526,
BTC,1,LEGACY_SMC,2022-05-31 14:15:00+00:00,2022-05-31 15:30:00+00:00,31443.18738,31751.349218422383,0.016100999473581585,506.2667434531071,31212.06600118321,31751.349218422383,TP,4.961713598216736,0.5087476002522155,0.0,4.706099369691074,3.721285198662552,1.2646435622248111,5,376.3700007756383,
ETH,1,LEGACY_SMC,2022-05-31 14:15:00+00:00,2022-05-31 15:45:00+00:00,1944.0987029296875,1970.7834358447099,0.18581180866166327,361.2364962081588,1924.0851532434208,1970.7834358447099,TP,4.958338486593716,0.3637156654514557,0.0,4.77524106924634,3.718753864945287,1.2840971042100944,6,381.14524184488465,
XRP,1,LEGACY_SMC,2022-05-31 14:15:00+00:00,2022-05-31 15:45:00+00:00,0.409701911008358,0.41713631157036735,150.67950452771083,61.73368095479566,0.404126110586851,0.41713631157036735,TP,1.1202117931441016,0.06229378685136771,0.0,1.0887848467701318,0.8401588448580783,1.2959273754405953,6,382.2340266916548,
ETH,1,LEGACY_SMC,2022-05-31 19:00:00+00:00,2022-06-01 13:15:00+00:00,1935.4569602783204,1967.4060263160131,0.15951808053510577,308.7403792619081,1911.495160750051,1967.4060263160131,TP,5.096453689222089,0.31128860610651915,0.0,4.939535272746523,3.822340266916548,1.2922803643358542,73,387.0191917747703,
SOL,-1,LEGACY_SMC,2022-06-01 13:45:00+00:00,2022-06-01 14:15:00+00:00,45.26094645767212,44.51222161231169,6.89205910863843,311.9411182991954,45.822490091692444,44.51222161231169,TP,5.160255890330238,0.3093609903540303,0.0,5.006865459125805,3.8701919177477033,1.2936995284821948,2,391.8700866747465,
SOL,-1,LEGACY_SMC,2022-06-01 14:15:00+00:00,2022-06-01 14:30:00+00:00,44.88102138977051,44.065437563769564,6.406373351732614,287.5245794299672,45.49270925927122,44.065437563769564,TP,5.22493448899659,0.28491211218546897,0.0,5.083784666526105,3.918700866747465,1.2973137882671977,1,396.8101090515577,
BTC,-1,LEGACY_SMC,2022-06-02 07:30:00+00:00,2022-06-02 11:45:00+00:00,30059.08698,30232.747997798317,0.01980150508142069,595.2151635773365,30217.639178209214,29847.684049054384,SL,-3.438749526378055,0.5969345383405256,0.0,-3.7380764829299125,3.1395721585101737,-1.1906324474172136,17,392.5763919417906,
ETH,-1,LEGACY_SMC,2022-06-02 11:00:00+00:00,2022-06-02 13:00:00+00:00,1829.5540599365236,1808.5831867424108,0.21648231050949515,396.066090097086,1845.2822148321081,1808.5831867424108,TP,4.539823082463166,0.3937961785558544,0.0,4.344059948955855,3.4048673118473745,1.2758382489210436,8,396.62776444586774,
BTC,-1,LEGACY_SMC,2022-06-02 12:00:00+00:00,2022-06-02 13:00:00+00:00,30159.26694,29939.151383580098,0.019409453516292606,585.3748897573904,30324.35360731493,29939.151383580098,TP,4.272322660544998,0.5832387284271179,0.0,3.9817713769965755,3.2042419954087666,1.2426562608885034,4,400.6095358228643,
BTC,-1,LEGACY_SMC,2022-06-02 13:45:00+00:00,2022-06-02 14:00:00+00:00,30211.75644,29870.49238171219,0.01565198663005215,472.8740078692719,30467.70448371586,29870.49238171219,TP,5.341460477638172,0.47020327763045283,0.0,5.107694203942355,4.006095358228643,1.2749806849831953,1,405.48079302287204,
XRP,-1,LEGACY_SMC,2022-06-02 15:30:00+00:00,2022-06-02 19:15:00+00:00,0.40027991621494297,0.39525632898786967,1076.205175557002,430.7833175020447,0.4040476066352479,0.39525632898786967,TP,5.406410573638333,0.42808011221522557,0.0,5.19372212017413,4.05480793022872,1.2808799355093416,15,410.45912348429516,
SOL,-1,LEGACY_SMC,2022-06-02 22:15:00+00:00,2022-06-02 22:30:00+00:00,40.89182152557373,41.46695867031951,7.403476526882195,302.7416408060412,41.446235552543236,40.15260282294773,SL,-4.258014350863387,0.3048706479814729,0.0,-4.4115141784418395,4.104591234842951,-1.0747755199088982,1,405.8962384854503,
BTC,-1,LEGACY_SMC,2022-06-03 22:15:00+00:00,2022-06-04 01:00:00+00:00,29839.63088,29634.08839233299,0.020403883686652875,608.8443577281754,29993.78774575026,29634.08839233299,TP,4.193865011022981,0.6067474252226639,0.0,3.8915397646644054,3.1453987582672176,1.2372166659111397,11,409.2807884797314,
ETH,-1,LEGACY_SMC,2022-06-03 22:15:00+00:00,2022-06-04 01:00:00+00:00,1789.7619711181642,1769.5818074831934,0.22636260551741386,405.13518303829005,1804.8970938443922,1769.5818074831934,TP,4.568034420179749,0.4028511658282002,0.0,4.3677508458706935,3.4260258151347984,1.2748738864067324,11,413.64853932560214,
LINK,-1,LEGACY_SMC,2022-06-04 08:15:00+00:00,2022-06-04 08:30:00+00:00,6.869625613117218,6.931613977153856,70.67980590435327,485.54380497069883,6.9281499022027555,6.791593227669836,SL,-4.381325538437943,0.4877344677399178,0.0,-4.626288103692511,4.136485393256022,-1.1184103565879977,1,408.5054940126308,
BTC,-1,LEGACY_SMC,2022-06-04 08:30:00+00:00,2022-06-04 11:45:00+00:00,29722.15438,29608.062209961954,0.01592391706850706,473.29312144448386,29807.723507528535,29608.062209961954,TP,1.8167942538518487,0.47238472431755796,0.0,1.5810560902565327,1.362595690388901,1.1603266481822503,13,409.84990354216507,
XRP,-1,LEGACY_SMC,2022-06-04 08:15:00+00:00,2022-06-04 12:00:00+00:00,0.3909817826986313,0.3879362448764011,1401.5246690137192,547.9706135870931,0.39326593606530397,0.3879362448764011,TP,4.268396388269966,0.5458364153929581,0.0,3.996545279670554,3.201297291202455,1.2484142883741336,15,413.8464488218356,
BTC,-1,LEGACY_SMC,2022-06-04 14:45:00+00:00,2022-06-04 22:00:00+00:00,29772.744260000003,29939.635794671376,0.02085026720451712,620.7696732327535,29924.67345794241,29570.1719960768,SL,-3.479733092070059,0.6225095397787885,0.0,-3.791857795232471,3.1677643732671203,-1.197013839549462,29,409.53767094662163,
ETH,-1,LEGACY_SMC,2022-06-04 14:45:00+00:00,2022-06-04 22:00:00+00:00,1779.8439111816406,1792.7388749511583,0.23208242258505501,413.07048673029465,1791.8429534744212,1763.8451881245999,SL,-2.992694430776191,0.4145668339456827,0.0,-3.200726021356726,2.7847668040090516,-1.1493694972048807,29,406.3369449252649,
XRP,-1,LEGACY_SMC,2022-06-04 22:15:00+00:00,2022-06-05 01:15:00+00:00,0.3929214066743851,0.3902296405932636,1551.2145865165242,609.5054173878973,0.3949402312352262,0.3902296405932636,TP,4.175506808526065,0.6074176639836343,0.0,3.8728418532363795,3.1316301063945704,1.2366855987647796,12,409.9050340698073,
LINK,1,LEGACY_SMC,2022-06-05 09:45:00+00:00,2022-06-05 12:00:00+00:00,7.303460445785523,7.395847219855512,59.157823284571634,432.0568224176387,7.23417036523303,7.395847219855512,TP,5.465400454264098,0.4347895226447708,0.0,5.246639342828146,4.099050340698073,1.2799646031999297,9,414.9356450014266,
BTC,-1,LEGACY_SMC,2022-06-05 15:00:00+00:00,2022-06-05 15:30:00+00:00,29783.14218,29905.664097220473,0.02089784428186012,622.40346750214,29890.71873785155,29639.706769531265,SL,-2.5604439471884275,0.6236836894757342,0.0,-2.872925902913092,2.248118154360194,-1.2779247822633752,2,411.75151736476244,
SOL,1,LEGACY_SMC,2022-06-05 23:15:00+00:00,2022-06-05 23:30:00+00:00,39.01780032119751,38.51601068354841,8.533321147123154,332.9514205951033,38.535278322709765,39.661162985847845,SL,-4.281932126358362,0.33081045453192415,0.0,-4.446266870592734,4.117515173647624,-1.0798422551176359,1,407.1387747838721,
LINK,1,LEGACY_SMC,2022-06-06 15:00:00+00:00,2022-06-06 15:15:00+00:00,7.878575255012512,7.7698964570851246,38.85212029647417,306.09935357257075,7.773783348759504,8.01829779668319,SL,-4.222401730751069,0.30398815270719526,0.0,-4.373340206671979,4.071387747838721,-1.0741645054548163,1,402.6123849004139,
ETH,1,LEGACY_SMC,2022-06-06 15:30:00+00:00,2022-06-06 16:15:00+00:00,1874.2748044189452,1855.1439152607372,0.22118092194771496,414.5538292247555,1856.0719512363553,1898.5452753290651,SL,-4.231387701691989,0.4124381353739095,0.0,-4.436548922453521,4.026123849004139,-1.1019404988127477,3,397.8247055880257,
LINK,1,LEGACY_SMC,2022-06-06 15:30:00+00:00,2022-06-06 20:00:00+00:00,7.827565413665772,7.71422509912347,36.75561115621854,287.7069506445641,7.718084141194066,7.973540443628046,SL,-4.165892529640337,0.2856240043797439,0.0,-4.307663058697799,4.024051079858015,-1.0704792193765569,18,393.26281472657894,
BTC,1,LEGACY_SMC,2022-06-06 17:30:00+00:00,2022-06-06 21:15:00+00:00,31251.249,31577.269437792398,0.016269929099408387,508.45560549795727,31006.733671655704,31577.269437792398,TP,5.304329407840402,0.5111077702018775,0.0,5.047449440387504,3.978247055880258,1.2687621883429423,15,398.3102641669664,
LINK,1,LEGACY_SMC,2022-06-07 00:30:00+00:00,2022-06-07 00:45:00+00:00,7.70954178314209,7.552222232580186,34.48417597635914,265.85719554696544,7.594036554181412,7.863548755089659,SL_GAP,-5.425035066098421,0.2631446780139163,0.0,-5.555251146338855,3.9831026416696647,-1.3947044919761762,1,392.62208442285413,
XRP,-1,LEGACY_SMC,2022-06-07 13:45:00+00:00,2022-06-07 14:30:00+00:00,0.3926714449942112,0.3954673634033733,1499.8114432358668,588.9331266342812,0.39526972853910375,0.3892070669343545,SL,-4.19335042441514,0.5910298018464888,0.0,-4.489913662944488,3.8969353934013062,-1.152165281094286,3,387.8377041965925,
BTC,-1,LEGACY_SMC,2022-06-07 15:00:00+00:00,2022-06-07 18:00:00+00:00,29901.71846,30117.027181085527,0.019366927728969693,579.1044203868189,30101.976192989034,29634.708149347953,SL,-4.169868440680284,0.5811893546071591,0.0,-4.461505585094034,3.8783770419659254,-1.1503537528245384,12,382.89176342151546,
ETH,-1,LEGACY_SMC,2022-06-07 15:00:00+00:00,2022-06-07 18:30:00+00:00,1784.4530965820313,1802.5597853317493,0.21842320222691336,389.7659595791788,1801.6589558538224,1761.51195088631,SL,-3.954920938439417,0.39174342004839846,0.0,-4.151781378698226,3.7581588792102267,-1.1047381210159797,14,378.73998204281725,
SOL,-1,LEGACY_SMC,2022-06-07 19:15:00+00:00,2022-06-07 19:30:00+00:00,39.912014169311526,40.515226129219315,6.4967935637811705,259.30011677272597,40.494978639899365,39.13472820852774,SL,-3.9189435787247473,0.26125958856208836,0.0,-4.0505531089004725,3.7873998204281722,-1.069481253881073,1,374.5597788755304,
LINK,1,LEGACY_SMC,2022-06-09 04:15:00+00:00,2022-06-09 07:30:00+00:00,8.512701879501343,8.704706200241672,26.010510418467067,221.41972092607386,8.368698638946094,8.704706200241672,TP,4.994130385007026,0.22391678611857738,0.0,4.880923459351486,3.7455977887553042,1.303109339183335,13,379.3299924744189,
SOL,-1,LEGACY_SMC,2022-06-09 08:15:00+00:00,2022-06-09 08:30:00+00:00,39.33213215255737,39.99998954200744,10.167671362805134,399.9161937256246,39.70520675237387,38.83469935280204,SL_GAP,-6.790554453149274,0.4033114709521993,0.0,-6.993907827238661,3.7932999247441894,-1.8437529238372345,1,372.1361265503174,
LINK,1,LEGACY_SMC,2022-06-10 00:30:00+00:00,2022-06-10 06:45:00+00:00,9.332866528129577,9.148025162348636,20.643829487889686,192.66610523993998,9.152601463080176,9.573219948195444,SL,-3.815833637490378,0.1907581884211948,0.0,-3.9102587732916025,3.721361265503174,-1.0507603251367983,25,367.8554797909643,
BTC,-1,LEGACY_SMC,2022-06-10 03:15:00+00:00,2022-06-10 09:15:00+00:00,30186.061579999998,29912.870217093212,0.018157713798813823,548.1098668830098,30390.955102180087,29912.870217093212,TP,4.9605305799693,0.5456296015930251,0.0,4.6889559118177795,3.7203979349769747,1.2603371988074172,24,372.5444357027821,
XRP,-1,LEGACY_SMC,2022-06-11 04:45:00+00:00,2022-06-11 07:00:00+00:00,0.3854528889656067,0.3874436641318203,1449.7664164712887,558.8166535541732,0.3872500391122642,0.3830566887700634,SL,-2.886158978721523,0.5602597330435339,0.0,-3.1670103849879703,2.605447927980479,-1.2155339398560794,9,368.91209403357414,
BTC,-1,LEGACY_SMC,2022-06-11 05:15:00+00:00,2022-06-11 08:30:00+00:00,29367.02542,29218.614565608506,0.012662021759704644,371.8459148858394,29478.333560793624,29218.614565608506,TP,1.879181467681472,0.37090632415199865,0.0,1.694198100972393,1.4093861007611155,1.202082310913574,13,370.60629213454655,
ETH,-1,LEGACY_SMC,2022-06-12 14:45:00+00:00,2022-06-12 15:00:00+00:00,1476.1546611816407,1511.445286376953,0.155366353797542,229.3447673490375,1500.0083645785476,1444.349723319098,SL_GAP,-5.482975759831334,0.23208625522895318,0.0,-5.600389631385768,3.706062921345466,-1.5111426196057614,1,364.8101038306454,
LINK,-1,LEGACY_SMC,2022-06-12 14:45:00+00:00,2022-06-12 15:00:00+00:00,6.758648228836059,6.961479183197021,24.0066611233637,162.25257768168956,6.912976903634698,6.552876662437875,SL_GAP,-4.86929398667205,0.16468722467502558,0.0,-4.952854922506231,3.7049161975087204,-1.3368331855486113,1,359.8572489081392,
SOL,-1,LEGACY_SMC,2022-06-12 15:00:00+00:00,2022-06-12 19:15:00+00:00,33.523292779541016,32.372225839871376,4.168390635461741,139.73817969208096,34.386592984293245,32.372225839871376,TP,4.798096652108532,0.1373391313660267,0.0,4.730626610588546,3.5985724890813913,1.3145842205324407,17,364.1384875002612,
LINK,-1,LEGACY_SMC,2022-06-12 15:15:00+00:00,2022-06-12 19:15:00+00:00,6.999599727535248,6.7613170309900035,20.132242642020948,140.91764011176332,7.178311749944181,6.7613170309900035,TP,4.7971650642439085,0.1385190575796414,0.0,4.729104826720149,3.597873798182931,1.314416539320677,16,368.86759232698137,
ETH,-1,LEGACY_SMC,2022-06-12 15:30:00+00:00,2022-06-12 19:15:00+00:00,1533.4832810546875,1492.6224302681626,0.11734145795899024,179.94116395469302,1564.1289191445812,1492.6224302681626,TP,4.794671804735586,0.17754382805232524,0.0,4.707098558660607,3.596003853551696,1.308980398897934,15,373.574690885642,
BTC,-1,LEGACY_SMC,2022-06-12 15:45:00+00:00,2022-06-12 19:15:00+00:00,28146.96948,27732.361465217564,0.0072870284378168965,205.10776703912427,28457.925491086826,27732.361465217564,TP,3.021260394266419,0.20359713684199107,0.0,2.92021714094399,2.2659452956998076,1.2887412359362007,14,376.49490802658596,
XRP,-1,LEGACY_SMC,2022-06-12 15:15:00+00:00,2022-06-12 19:45:00+00:00,0.3598980093657971,0.35249189735894404,647.6037101345214,233.07128613531893,0.36545259337093683,0.35249189735894404,TP,4.796225613309853,0.230673173328664,0.0,4.682088083048849,3.5971692099823724,1.3016035136895305,18,381.1769961096348,
LINK,-1,LEGACY_SMC,2022-06-13 16:15:00+00:00,2022-06-13 20:00:00+00:00,5.886822411441803,6.124874675380521,16.22089428681749,95.4895240212655,6.121813768496273,5.573500602035842,SL,-3.8614206080875295,0.09742023432530926,0.0,-3.911096080402206,3.8117699610963474,-1.0260577422875987,15,377.21815526722196,
ETH,-1,LEGACY_SMC,2022-06-14 16:00:00+00:00,2022-06-14 19:00:00+00:00,1249.8899866455079,1201.414454231072,0.10375492858052991,129.68224629792417,1286.2466359563348,1201.414454231072,TP,5.029575403562943,0.1271674585961427,0.0,4.967249068115763,3.7721815526722198,1.3168107098654769,12,382.1205632121888,
XRP,-1,LEGACY_SMC,2022-06-14 23:45:00+00:00,2022-06-15 03:30:00+00:00,0.32101578320860863,0.3144913033691042,780.8960971846819,250.67997224228642,0.325909143088237,0.3144913033691042,TP,5.094940842829155,0.24813250182087188,0.0,4.9721483271294264,3.821205632121888,1.3011988376999297,15,386.9673715531971,
SOL,-1,LEGACY_SMC,2022-06-15 12:30:00+00:00,2022-06-15 13:15:00+00:00,28.904217847442627,29.76645022743691,4.566759435791933,131.9986095889942,29.751574440216803,27.774409057077058,SL,-3.937607857184223,0.13396741351758634,0.0,-4.005575965907312,3.869673715531971,-1.0351198215575284,3,382.89579628249527,
BTC,-1,LEGACY_SMC,2022-06-15 14:00:00+00:00,2022-06-15 16:30:00+00:00,21555.688000000002,20967.173173575582,0.008674849051440591,186.99233959994936,21997.074119818317,20967.173173575582,TP,5.105277283766603,0.18443970095806606,0.0,5.014333752608512,3.828957962824952,1.309581823904122,10,387.75673089524497,
ETH,-1,LEGACY_SMC,2022-06-15 14:00:00+00:00,2022-06-15 16:30:00+00:00,1139.1321133544923,1090.60225551989,0.10517299856028124,119.80594011780214,1175.529506730444,1090.60225551989,TP,5.104030668169287,0.1172539247837175,0.0,5.046679713444471,3.828023001126953,1.3183514602599697,10,392.80341060868943,
SOL,-1,LEGACY_SMC,2022-06-15 18:15:00+00:00,2022-06-15 18:30:00+00:00,28.554287466049196,31.266944775323875,3.8069837669091564,108.70570885890687,29.58608438103211,27.17855824607198,LIQ,-10.327042341596174,0.11386923002970498,0.0,-10.386558717196426,3.9280341060868946,-2.6442129667615104,1,382.36249903706357,
BTC,-1,LEGACY_SMC,2022-06-15 19:00:00+00:00,2022-06-15 21:45:00+00:00,21541.49084,22365.360316350067,0.004704885959531572,101.35025780049396,22354.1832247377,20457.900993683066,SL,-3.8762119317660635,0.103288363766377,0.0,-3.9288251666321936,3.8236249903706363,-1.027513204492201,11,378.3466994472915,
ETH,-1,LEGACY_SMC,2022-06-15 19:00:00+00:00,2022-06-15 21:45:00+00:00,1171.9755189453126,1234.3098323490062,0.06194548205630837,72.59858847925955,1233.6929858560782,1089.6855630642917,SL,-3.8613290924408052,0.07452925302547996,0.0,-3.8995590512266554,3.823118239081633,-1.0199943625503418,11,374.4471403960648,
LINK,1,LEGACY_SMC,2022-06-16 07:30:00+00:00,2022-06-16 08:00:00+00:00,6.771353980922699,6.624707729588892,26.124418287539104,176.89768377061768,6.628021740459121,6.962463634874137,SL,-3.831048010143956,0.1749821597655457,0.0,-3.917581328024193,3.7444714039606484,-1.0462308041344475,2,370.44111022615533,
LINK,1,LEGACY_SMC,2022-06-16 08:00:00+00:00,2022-06-16 09:00:00+00:00,6.701339809226989,6.555531584878264,25.990611106292704,174.17191687273643,6.558810990373451,6.891378234365041,SL,-3.7896448551467925,0.17227709444516304,0.0,-3.8748359911555874,3.7044111022615533,-1.0460059329781162,4,366.3879831558757,
SOL,1,LEGACY_SMC,2022-06-16 08:30:00+00:00,2022-06-16 09:00:00+00:00,32.61652261047363,31.938320560465996,5.5925717021952766,182.41024137534723,31.954297709320656,33.49948914534426,SL,-3.792893593243521,0.18051379457872546,0.0,-3.8822022671345726,3.70354024267719,-1.0482408756893196,2,362.5057808887411,
XRP,1,LEGACY_SMC,2022-06-16 09:15:00+00:00,2022-06-16 09:30:00+00:00,0.32395477858185767,0.31949210832077285,842.4794301741475,272.9252372618356,0.3196519342879168,0.3296919043071122,SL,-3.7597078986138555,0.27104538331252864,0.0,-3.8942906632954664,3.6250578088874112,-1.074269947846897,1,358.47502760681476,
ETH,-1,LEGACY_SMC,2022-06-17 07:30:00+00:00,2022-06-17 09:30:00+00:00,1113.9771111816406,1086.6476661961929,0.17489074649348268,194.8242885512105,1134.4741949207264,1086.6476661961929,TP,4.779667034757517,0.19243445503383172,0.0,4.68464472399929,3.5847502760681476,1.3068259608693125,8,362.93034856390636,
BTC,-1,LEGACY_SMC,2022-06-17 08:00:00+00:00,2022-06-17 12:45:00+00:00,21095.2801,20713.202259857015,0.012506268891121707,263.8232452641288,21381.83848010724,20713.202259857015,TP,4.778368206167189,0.26143406116104523,0.0,4.648845767638208,3.5837761546253915,1.2971920028091561,19,367.57919433154456,
BTC,-1,LEGACY_SMC,2022-06-18 22:45:00+00:00,2022-06-19 01:45:00+00:00,19227.35376,18521.097281524948,0.00693948455524676,133.42792445578573,19757.04611885629,18521.097281524948,TP,4.901055924420603,0.13097739649357543,0.0,4.83679249015492,3.6757919433154456,1.3158504520232148,12,372.213195700411,
XRP,-1,LEGACY_SMC,2022-06-18 22:45:00+00:00,2022-06-19 02:15:00+00:00,0.310657852691412,0.3016784193864528,545.6337735931755,169.50541646036797,0.3173924276701314,0.3016784193864528,TP,4.899482078913131,0.16705567542091138,0.0,4.817179111722403,3.6746115591848634,1.3109356007117647,14,377.0303748121334,
ETH,-1,LEGACY_SMC,2022-06-18 22:45:00+00:00,2022-06-19 05:30:00+00:00,985.0429422363281,938.0197958132752,0.1042075398536481,102.64890166064694,1020.3103020536179,938.0197958132752,TP,4.900166404924219,0.10019881845818483,0.0,4.851292037296358,3.675124803693167,1.3200346373057181,27,381.88166684942973,
BTC,-1,LEGACY_SMC,2022-06-19 09:45:00+00:00,2022-06-19 10:15:00+00:00,19130.57312,19468.09825743431,0.011649981138370602,222.87081601421966,19458.36907289786,18693.511849469523,SL,-3.932161484835653,0.22483689675663748,0.0,-4.045562973585181,3.818816668494297,-1.0593760645703598,2,377.6354401968424,
ETH,-1,LEGACY_SMC,2022-06-19 10:00:00+00:00,2022-06-19 10:15:00+00:00,991.9415866455079,1013.668671287013,0.17990630133135618,178.4565419901503,1013.1620902418921,963.6475818503288,SL,-3.908839436566505,0.18041096170843354,0.0,-4.0000221272798635,3.817702314414227,-1.047756424637213,1,373.63541806956255,
XRP,1,LEGACY_SMC,2022-06-20 04:30:00+00:00,2022-06-20 05:15:00+00:00,0.31812362267374994,0.3138337786605124,903.8394740765815,287.532687808779,0.3139907740475361,0.32363408750870165,SL,-3.877330356795212,0.28559402263038136,0.0,-4.019158035521204,3.735431728755226,-1.0759554256023105,3,369.38024849609695,
XRP,1,LEGACY_SMC,2022-06-20 05:15:00+00:00,2022-06-20 08:15:00+00:00,0.3159131596505642,0.3211903848514367,933.2688662090322,294.8319163275951,0.3119552407499099,0.3211903848514367,TP,4.925069979947994,0.29729445131756904,0.0,4.775191486794222,3.6938024849609694,1.2927576680767432,12,374.0080240247274,
LINK,1,LEGACY_SMC,2022-06-20 02:45:00+00:00,2022-06-20 08:30:00+00:00,6.416282961845398,6.589542254961049,28.753468195991417,184.49038807990325,6.286338492008659,6.589542254961049,TP,4.981805574260842,0.1869812908670337,0.0,4.88706947743376,3.7363541806956255,1.3079781094317717,23,378.89509350216116,
SOL,1,LEGACY_SMC,2022-06-20 22:30:00+00:00,2022-06-20 23:30:00+00:00,34.136827068328856,35.123460949921906,5.120374106625831,174.79332540303486,33.396851657134064,35.123460949921906,TP,5.051934580028791,0.17731929269304925,0.0,4.96201195003726,3.7889509350216115,1.3096004765258216,4,383.7697087894969,
BTC,1,LEGACY_SMC,2022-06-21 20:30:00+00:00,2022-06-21 23:15:00+00:00,20835.466259999997,20574.94543190557,0.01533678837479634,319.54913671982933,20585.238050931035,21169.10387209195,SL,-3.995552807710939,0.31755136031597386,0.0,-4.153329599666998,3.8376970878949694,-1.082245290481005,11,379.45660462147,
ETH,-1,LEGACY_SMC,2022-06-23 01:45:00+00:00,2022-06-23 06:30:00+00:00,1090.1419133544923,1107.7891689255594,0.22189935569577543,241.9017881903217,1107.2355511499845,1067.350396293836,SL,-3.9159146410184587,0.24385974551083092,0.0,-4.038823492434129,3.7930672133166774,-1.0647909107053657,19,375.14694694513844,
BTC,-1,LEGACY_SMC,2022-06-23 01:00:00+00:00,2022-06-23 09:15:00+00:00,20415.816020000002,20684.584762105183,0.014683056474981252,299.766579604487,20674.24763828604,20071.240528951952,SL,-3.946346619040051,0.301739752914007,0.0,-4.098203082151814,3.7945660462146997,-1.0800189092083428,33,371.0487438629866,
XRP,1,LEGACY_SMC,2022-06-23 14:00:00+00:00,2022-06-23 16:00:00+00:00,0.32639527212381364,0.3238001955326232,1525.0069034437113,497.75504324020454,0.32396217662093363,0.329639399460987,SL,-3.9575097165306246,0.4957762883819392,0.0,-4.204408483292461,3.710487438629866,-1.1331148677449723,8,366.59545785807404,
BTC,1,LEGACY_SMC,2022-06-24 07:30:00+00:00,2022-06-24 11:00:00+00:00,20873.57388,21111.640462296906,0.020531816733570834,428.5723934788111,20695.02394327732,21111.640462296906,TP,4.8879394381076295,0.43101636319786496,0.0,4.67120927164917,3.665954578580741,1.2742136247246165,14,371.0523809329838,
SOL,1,LEGACY_SMC,2022-06-25 12:30:00+00:00,2022-06-25 14:00:00+00:00,40.78815477905273,40.14997060641712,6.003120762154492,244.85621880410244,40.17005563423424,41.612286972144055,SL,-3.831096656827226,0.24294067047568885,0.0,-3.9516092179008635,3.710523809329838,-1.0649734164122149,6,366.6374396591365,
BTC,1,LEGACY_SMC,2022-06-25 12:45:00+00:00,2022-06-25 15:45:00+00:00,21163.93194,21004.91691228414,0.024977217574474454,528.6161327967492,21015.42462459644,21361.941693871413,SL,-3.971752944870053,0.5266302563243141,0.0,-4.234075134795992,3.7092995282358174,-1.1414756620665152,12,362.28823436967207,
ETH,1,LEGACY_SMC,2022-06-25 12:45:00+00:00,2022-06-25 15:45:00+00:00,1198.4295793945312,1183.5406296940853,0.1278270854842402,153.19176029210678,1184.1326960421063,1217.4920905310978,SL,-1.9032110461294496,0.15224015476904207,0.0,-1.9788553207524382,1.8275289304486229,-1.0828038274976406,12,360.30937904891965,
SOL,1,LEGACY_SMC,2022-06-25 14:15:00+00:00,2022-06-25 15:45:00+00:00,40.66813184738159,40.00057357901953,5.661934760145242,230.26030933685956,40.02058387095501,41.53152914928369,SL,-3.7796713640614996,0.22837047365482882,0.0,-3.8929116830478985,3.666374396591365,-1.0617878214148413,6,356.41646736587177,
SOL,1,LEGACY_SMC,2022-06-26 10:00:00+00:00,2022-06-26 11:30:00+00:00,40.798158915710445,41.49840468044191,6.786502402768099,276.8768035099837,40.272974592161844,41.49840468044191,TP,4.752219564878257,0.2792529132924228,0.0,4.611405053340826,3.5641646736587176,1.2938249142700486,6,360.88943401745763,
ETH,1,LEGACY_SMC,2022-06-26 13:15:00+00:00,2022-06-26 15:00:00+00:00,1235.7571117675782,1219.3149798827149,0.2278180631941757,281.5277917813182,1219.9249423538918,1256.8666709858269,SL,-3.745814640792765,0.2796548844609218,0.0,-3.8847056293630273,3.606854171988107,-1.077034291969106,7,356.659947673557,
BTC,1,LEGACY_SMC,2022-06-26 13:15:00+00:00,2022-06-26 15:15:00+00:00,21389.57706,21189.794607667416,0.01907628356321785,408.03363729385956,21200.39480506995,21641.820066573397,SL,-3.811106711651416,0.40612808393803385,0.0,-4.01321797694252,3.6088943401745763,-1.1120353212525431,8,352.64672969661444,
BTC,1,LEGACY_SMC,2022-06-26 15:15:00+00:00,2022-06-26 22:15:00+00:00,21286.356419999996,21103.170865561675,0.020428048693693017,434.8387254590649,21113.727729426388,21516.528007431476,SL,-3.742123426047186,0.43296766374604134,0.0,-3.9576717270636945,3.5264672969661444,-1.1222765997202129,28,348.4716386068212,
LINK,-1,LEGACY_SMC,2022-06-27 09:30:00+00:00,2022-06-27 11:15:00+00:00,6.969605994510651,6.879908838592603,51.7997306291707,361.0237131071051,7.036878861449187,6.879908838592603,TP,4.646288514757631,0.35870056884972634,0.0,4.468099802461458,3.4847163860682118,1.2821989819099144,7,352.7592265527291,
SOL,-1,LEGACY_SMC,2022-06-28 09:15:00+00:00,2022-06-28 10:45:00+00:00,39.232153678131105,38.60809140656992,7.536838178456044,295.6863936643932,39.700200381802,38.60809140656992,TP,4.703456354036352,0.2933346654873751,0.0,4.557964885381174,3.527592265527291,1.2920894883240897,6,357.0205799014227,
LINK,-1,LEGACY_SMC,2022-06-28 09:30:00+00:00,2022-06-28 12:15:00+00:00,6.67166525888443,6.754106678464308,44.59706357638405,297.5366797108217,6.750731312807904,6.566243853653131,SL,-3.6766452303311596,0.29937500232598724,0.0,-3.827251892801736,3.5261138335589695,-1.085402251162953,11,353.193328008621,
XRP,-1,LEGACY_SMC,2022-06-29 20:15:00+00:00,2022-06-29 23:00:00+00:00,0.33268344261050226,0.3279234755676069,989.343903226646,329.1383356511522,0.33625341789267377,0.3279234755676069,TP,4.709244373448262,0.3267837134644281,0.0,4.54702982780941,3.53193328008621,1.2874053576964575,11,357.57578866860484,
SOL,-1,LEGACY_SMC,2022-06-30 16:45:00+00:00,2022-06-30 18:30:00+00:00,32.4935,31.66197316130955,5.7336419709033155,186.30609538154687,33.11714512901783,31.66197316130955,TP,4.767677182248098,0.18392225679042284,0.0,4.676907973148449,3.5757578866860484,1.3079487262161722,7,362.05794958847184,
XRP,-1,LEGACY_SMC,2022-06-30 18:45:00+00:00,2022-06-30 19:00:00+00:00,0.3179563821554184,0.32620301972329613,938.3931197227652,298.3680813865868,0.32181465798863673,0.31281201437779393,SL_GAP,-7.738587954543754,0.3022373753638587,0.0,-7.891641289214319,3.6205794958847184,-2.179662481706104,1,354.01712425856425,
LINK,-1,LEGACY_SMC,2022-06-30 16:45:00+00:00,2022-06-30 19:30:00+00:00,6.135772683906556,5.991838194999108,33.11530945635336,203.1880111814054,6.243723550587141,5.991838194999108,TP,4.766435141612188,0.20080479361059927,0.0,4.6672243535922915,3.5748263562091416,1.3055807159656176,11,358.68434861215655,
SOL,-1,LEGACY_SMC,2022-06-30 23:45:00+00:00,2022-07-01 00:00:00+00:00,32.80343937301636,33.766875,6.022981331184626,197.57450294232424,33.3989656230398,32.00940437298511,SL_GAP,-5.802754795120612,0.20047588033988456,0.0,-5.904443423989335,3.5868434861215657,-1.6461391323137373,1,352.68111793669607,
ETH,1,LEGACY_SMC,2022-07-03 05:00:00+00:00,2022-07-03 05:15:00+00:00,1074.3047838134764,1063.9646983495181,0.35959112929447895,386.31047041794903,1064.4969468229294,1087.3818998008724,SL,-3.7182030089861926,0.38445136891345594,0.0,-3.9094991426906742,3.5268111793669608,-1.1085082086510805,1,348.331196744772,
LINK,1,LEGACY_SMC,2022-07-03 05:00:00+00:00,2022-07-03 05:15:00+00:00,6.164232706832886,6.09647485991683,31.45354948454795,193.8869984786371,6.099524622227944,6.250510152972809,SL,-2.1312247909405855,0.19282138608316685,0.0,-2.227102677784434,2.035298941171863,-1.094238606787726,1,346.10409406698756,
SOL,1,LEGACY_SMC,2022-07-03 05:00:00+00:00,2022-07-03 05:30:00+00:00,33.20664076309204,32.800906565145254,9.053810402415849,300.64662957016884,32.81731522275663,33.725741483539245,SL,-3.673440501986453,0.2988099093191756,0.0,-3.8219270965205445,3.524879627014871,-1.0842716634148541,2,342.0454372373899,
BTC,-1,LEGACY_SMC,2022-07-03 05:15:00+00:00,2022-07-03 08:45:00+00:00,19189.96124,19002.920261135823,0.024672247131349818,473.4594661543042,19330.24197414813,19002.920261135823,TP,4.61472125422656,0.47115210552719095,0.0,4.380298881776521,3.4610409406698754,1.2656015796590738,14,346.4257361191664,
BTC,-1,LEGACY_SMC,2022-07-03 16:45:00+00:00,2022-07-03 17:45:00+00:00,19137.1718,19241.034051442217,0.027153364646010522,519.6386041787496,19231.41834227108,19011.50974363856,SL,-2.820209586366145,0.5210487089719327,0.0,-3.081438993248703,2.5591107289123105,-1.204105378651746,4,343.0844778238283,
BTC,-1,LEGACY_SMC,2022-07-03 18:30:00+00:00,2022-07-03 19:30:00+00:00,19197.25978,19308.495352452177,0.026807300762366534,514.6267167357424,19298.845929487434,19061.81158068342,SL,-2.9819254461995146,0.5161176794588422,0.0,-3.2407297672904853,2.723250462600355,-1.1900226629158466,4,339.58643469816997,
SOL,1,LEGACY_SMC,2022-07-05 08:30:00+00:00,2022-07-05 09:15:00+00:00,35.22704522094727,34.69011374209308,6.532955203713158,230.1367083876262,34.707467475830995,35.91981554776897,SL,-3.5077492988178536,0.22838283373821727,0.0,-3.6210637783622577,3.394378133690902,-1.0667826729206706,3,335.54121748853913,
ETH,1,LEGACY_SMC,2022-07-05 08:30:00+00:00,2022-07-05 09:30:00+00:00,1143.6786411621094,1130.0473181954037,0.2599005065422632,297.2426581595995,1130.6126245076575,1161.0999967013786,SL,-3.5427877438880073,0.2954712642876555,0.0,-3.689637679095863,3.3958643469817,-1.0865091482159097,4,331.74123836465736,
XRP,1,LEGACY_SMC,2022-07-05 08:30:00+00:00,2022-07-05 09:30:00+00:00,0.3228445690870285,0.31989076917616605,994.0619317139682,320.92749599001525,0.32005079457345276,0.3265696017717962,SL,-2.9362600452884995,0.319459365967371,0.0,-3.095255663260863,2.777184889738376,-1.1145299236999848,4,328.6459827013965,
LINK,1,LEGACY_SMC,2022-07-05 09:15:00+00:00,2022-07-05 09:30:00+00:00,6.313262197780609,6.234714008597014,34.95544500738666,220.68288957173309,6.237832925059544,6.413834561408696,SL,-2.7456869074369457,0.21931004611801463,0.0,-2.8546555087690937,2.636663794548359,-1.0826770992461991,1,325.7913271926274,
BTC,1,LEGACY_SMC,2022-07-05 10:00:00+00:00,2022-07-05 11:45:00+00:00,19769.4531,19583.676178332305,0.018512955126356877,365.9909981129168,19593.472914789698,20004.093346947066,SL,-3.4392798143467243,0.3642713582057435,0.0,-3.620555673496009,3.2579132719262742,-1.111311250884011,7,321.76393039313905,
ETH,1,LEGACY_SMC,2022-07-05 10:00:00+00:00,2022-07-05 11:45:00+00:00,1130.2460235351562,1116.1007827577519,0.2396485311425158,270.8617993698695,1116.6591123139087,1148.3619051634862,SL,-3.3898861749621583,0.26916685628238846,0.0,-3.523622131559612,3.2560833169357095,-1.0821658380890826,7,318.24030826157946,
SOL,1,LEGACY_SMC,2022-07-05 10:00:00+00:00,2022-07-05 11:45:00+00:00,34.51690032119751,33.97180051421564,5.122981868488759,176.8294545019287,33.98879491167147,35.22104086723223,SL,-2.792536427684862,0.17543318628808627,0.0,-2.879554886721984,2.7054744376527418,-1.064343778912313,7,315.3607533748575,
LINK,1,LEGACY_SMC,2022-07-06 14:00:00+00:00,2022-07-06 22:00:00+00:00,6.274254363441467,6.373953257620429,42.17509210734458,264.6172556830525,6.199480192807246,6.373953257620429,TP,4.204810044998125,0.26671966070555153,0.0,4.0703990121341,3.153607533748575,1.2907119762286239,32,319.29884375915003,
BTC,1,LEGACY_SMC,2022-07-07 06:00:00+00:00,2022-07-07 07:45:00+00:00,20314.061999999998,20461.836240399203,0.023577178490383908,478.94826563872505,20203.231319700597,20461.836240399203,TP,3.4840996421729606,0.48069031545981156,0.0,3.2428834595325116,2.613074731629656,1.2410220879944265,7,322.3022530858632,
SOL,1,LEGACY_SMC,2022-07-08 02:30:00+00:00,2022-07-08 07:00:00+00:00,38.197636626434324,37.591275595216544,5.485473011553548,209.5321048194348,37.61008063553431,38.98104461430101,SL,-3.326177072002911,0.20786901628343335,0.0,-3.429280035876627,3.223022530858632,-1.06399505527597,18,318.76820699757684,
SOL,1,LEGACY_SMC,2022-07-08 07:30:00+00:00,2022-07-08 08:45:00+00:00,37.53750477905273,37.03339028337552,6.564574374050351,246.41774193836216,37.051916241496265,38.184956162461354,SL,-3.3092970999099576,0.24476309338840718,0.0,-3.430851322329184,3.1876820699757684,-1.0762840355516583,5,315.21414680427847,
BTC,1,LEGACY_SMC,2022-07-08 08:45:00+00:00,2022-07-08 09:00:00+00:00,21666.93252,21422.0836,0.018274655481206,395.9557271375385,21494.4454670274,21896.915257296798,SL_GAP,-4.474529657945309,0.3937184623085658,0.0,-4.6702702566851055,3.152141468042785,-1.4816182281263381,1,310.15031684324146,
ETH,1,LEGACY_SMC,2022-07-08 08:45:00+00:00,2022-07-08 09:00:00+00:00,1233.7266764648436,1217.191148803711,0.27300286588750006,336.8109183967629,1222.187743790396,1249.1119200307737,SL_GAP,-4.5142464404512355,0.33455379517653727,0.0,-4.680394776429392,3.150161689407097,-1.4857633473760852,1,305.46992206681205,
SOL,1,LEGACY_SMC,2022-07-08 08:45:00+00:00,2022-07-08 09:00:00+00:00,37.29745891571045,36.80685703723666,1.457277915160661,54.35276316947693,36.82526967207269,37.92704457389412,SL,-0.714943282636188,0.05399529152815884,0.0,-0.7417621925796084,0.6881109565297203,-1.0779688733928345,1,304.72815987423246,
XRP,1,LEGACY_SMC,2022-07-08 11:15:00+00:00,2022-07-08 12:30:00+00:00,0.3415683140695095,0.3367623592682054,657.0972660323883,224.44360533836686,0.3369308246805457,0.3477516332547946,SL,-3.157979760612141,0.2228646154580608,0.0,-3.2686225734010184,3.0472815987423245,-1.0726355499111226,5,301.34731549816223,
ETH,1,LEGACY_SMC,2022-07-08 13:00:00+00:00,2022-07-08 13:45:00+00:00,1211.0621102783202,1195.0845021439384,0.19584747940968486,237.18346170658282,1195.6823433155962,1231.568466228619,SL,-3.129174280114363,0.23561887456652564,0.0,-3.2462014238275976,3.0120885935578467,-1.0777244171271931,3,297.84406620110383,
BTC,1,LEGACY_SMC,2022-07-08 13:00:00+00:00,2022-07-08 14:30:00+00:00,21380.575259999998,21690.80485558496,0.012951582517670528,276.912284755155,21147.903063311278,21690.80485558496,TP,4.017964206642195,0.27892126685847607,0.0,3.8774990821612962,3.0134731549816225,1.28672096373294,6,301.72156528326514,
XRP,1,LEGACY_SMC,2022-07-09 12:00:00+00:00,2022-07-09 14:00:00+00:00,0.34114822593927385,0.34421155416317095,1312.7231706163222,447.83318080513703,0.338850729771351,0.34421155416317095,TP,4.021301938712667,0.4498438317744934,0.0,3.7953746973407423,3.015976454034537,1.258423185719367,8,305.16910351039184,
ETH,1,LEGACY_SMC,2022-07-09 00:00:00+00:00,2022-07-09 17:30:00+00:00,1213.7326882324219,1233.4340913802248,0.20419632924599607,247.8397596229355,1198.9566358715697,1233.4340913802248,TP,4.022954203776869,0.24985123672482396,0.0,3.8970228468635124,3.0172156528326513,1.291595727738212,70,308.90950004519203,
SOL,1,LEGACY_SMC,2022-07-09 14:15:00+00:00,2022-07-09 17:30:00+00:00,38.1776321685791,38.67353155396135,8.20513495293443,313.25262412668224,37.80570762954242,38.67353155396135,TP,4.068921380138558,0.31528708481675155,0.0,3.910260607385148,3.051691035103919,1.281342233668158,13,312.8197606525772,
SOL,-1,LEGACY_SMC,2022-07-10 21:15:00+00:00,2022-07-10 22:00:00+00:00,37.312535694885256,36.90511074075336,10.237296708841468,381.9794988677786,37.61810441048418,36.90511074075336,TP,4.170930142034362,0.37989403379676145,0.0,3.98202585767149,3.128197606525772,1.2729457529679507,3,316.6107967608148,
LINK,-1,LEGACY_SMC,2022-07-11 05:15:00+00:00,2022-07-11 07:30:00+00:00,6.209757765674591,6.283831631550726,44.634863139459895,277.17168800008363,6.280691285907772,6.115179738697017,SL,-3.3062768655919776,0.27882482643287965,0.0,-3.4465158480248155,3.1661079676081485,-1.088565482695305,9,313.02569506878996,
ETH,-1,LEGACY_SMC,2022-07-11 13:15:00+00:00,2022-07-11 13:30:00+00:00,1150.909786645508,1158.908013310585,0.40780360737069593,469.3451627522761,1158.328848886142,1141.0177036579958,SL_AMBIG,-3.2617056865869025,0.47097601559556956,0.0,-3.498009120806334,3.025520345038283,-1.1561677734353732,1,309.16409346600165,
LINK,-1,LEGACY_SMC,2022-07-11 08:00:00+00:00,2022-07-11 13:45:00+00:00,6.2737450953483584,6.172191422102322,41.09822718218053,257.8398012117177,6.349910350282886,6.172191422102322,TP,4.173675934250546,0.2557529632445924,0.0,4.046842871611812,3.1302569506878997,1.2928149143547099,23,313.2109363376135,
BTC,-1,LEGACY_SMC,2022-07-11 13:45:00+00:00,2022-07-11 14:00:00+00:00,20519.795220000004,20344.105268125906,0.02289576477101023,469.8164045064202,20651.562683905577,20344.105268125906,TP,4.022555810739443,0.4678051266010505,0.0,3.789658886391603,3.0169168580545827,1.2561363354359432,1,316.6093751888358,
ETH,-1,LEGACY_SMC,2022-07-11 13:45:00+00:00,2022-07-11 14:00:00+00:00,1145.1909599365235,1132.8136091438791,0.2729882410609569,312.62366583198036,1154.4739730310068,1132.8136091438791,TP,3.3788712218784336,0.31093423022104116,0.0,3.2242488245733827,2.5341534164088255,1.2723179282264996,1,319.83362401340923,
SOL,-1,LEGACY_SMC,2022-07-12 11:45:00+00:00,2022-07-12 15:00:00+00:00,34.03319291534424,34.41871624713337,8.683519462340055,295.52789304596536,34.40151548938868,33.54209614995165,SL,-3.3476993547770966,0.2972017427233539,0.0,-3.497137150977468,3.1983362401340925,-1.0934238580340283,13,316.1887229159088,
ETH,-1,LEGACY_SMC,2022-07-12 16:15:00+00:00,2022-07-12 18:00:00+00:00,1083.1833444091797,1068.4894965209717,0.2869125685084857,310.7789155100494,1094.2037303253358,1068.4894965209717,TP,4.2158496388787405,0.30867099069061,0.0,4.062568105943155,3.1618872291590883,1.284855471276123,7,319.88750944942865,
XRP,-1,LEGACY_SMC,2022-07-12 16:30:00+00:00,2022-07-12 19:00:00+00:00,0.3140271955013275,0.31085231333112096,1327.2233593374108,416.78422933657777,0.31640835712898246,0.31085231333112096,TP,4.213777779442001,0.4146773404468568,0.0,4.007492553663433,3.1603333345815376,1.2680600839829033,10,323.8950020030921,
XRP,-1,LEGACY_SMC,2022-07-13 05:45:00+00:00,2022-07-13 07:30:00+00:00,0.314976984333992,0.31734410655326906,1466.5640985120265,461.9339370818177,0.3171855137963709,0.3120322783841535,SL,-3.47153646358182,0.4636697053136086,0.0,-3.70423920035452,3.238950020030921,-1.1436543254591984,7,319.78618275894445,
ETH,-1,LEGACY_SMC,2022-07-13 06:00:00+00:00,2022-07-13 07:30:00+00:00,1057.9584099365234,1066.3539574673393,0.3282039702537963,347.22615050456034,1065.8210469438675,1047.474893926731,SL,-2.755452032068259,0.3486038765205945,0.0,-2.9304428333365733,2.580548682474767,-1.1355890525290362,6,316.85573992560785,
ETH,-1,LEGACY_SMC,2022-07-13 08:00:00+00:00,2022-07-13 08:30:00+00:00,1068.9261866455079,1078.0604369847906,0.36863024482901907,394.0385218872833,1077.5216761467173,1057.4655339772287,SL,-3.367160938899348,0.395722102356733,0.0,-3.5658637803124393,3.1685573992560787,-1.1253903057428094,2,312.9254517408407,
SOL,-1,LEGACY_SMC,2022-07-13 08:15:00+00:00,2022-07-13 08:30:00+00:00,33.633271389770506,33.9683456847258,9.954734499123871,334.81028702214434,33.951369999725934,33.20913990982994,SL,-3.3355756437610427,0.33647807484402487,0.0,-3.5046485750939955,3.1665872066466423,-1.1067589004773861,1,309.4208031657467,
ETH,-1,LEGACY_SMC,2022-07-13 09:00:00+00:00,2022-07-13 12:00:00+00:00,1075.7447689453124,1085.312010481473,0.3428539783529203,368.8233737252434,1084.7696256686386,1063.711626647544,SL,-3.2801668225359353,0.3704634571365114,0.0,-3.466218592809825,3.094208031657467,-1.1202280381106386,12,305.77017288607425,
ETH,-1,LEGACY_SMC,2022-07-13 12:15:00+00:00,2022-07-13 12:30:00+00:00,1076.9945189453126,1100.6400108032226,0.3532541335204733,380.4527655963254,1085.6503319669132,1065.453434916512,SL_GAP,-8.352867737931394,0.38462919946529106,0.0,-8.547270554598523,3.0577017288607427,-2.7953251535044648,1,297.03267594867754,
SOL,-1,LEGACY_SMC,2022-07-13 12:45:00+00:00,2022-07-13 14:30:00+00:00,32.4935,33.13920662977239,4.7212094342551305,153.40861875196907,33.12264530711883,31.654639590508225,SL,-3.0485162322424983,0.15493287686809032,0.0,-3.1267447997346043,2.9703267594867753,-1.0526602131392626,7,293.82922683956696,
LINK,-1,LEGACY_SMC,2022-07-13 22:15:00+00:00,2022-07-13 23:15:00+00:00,6.061787602138519,6.122911356857268,50.604521245658994,306.753859499091,6.119851431141698,5.984369163467614,SL,-3.0931383442793874,0.3083004286712307,0.0,-3.2480618432010724,2.93829226839567,-1.105425038256844,4,290.42778806661636,
XRP,1,LEGACY_SMC,2022-07-15 12:45:00+00:00,2022-07-15 13:45:00+00:00,0.33665731004476546,0.333108648116423,858.7395108751232,289.10093376037656,0.3332752857593026,0.3411666757587159,SL,-3.0473762086059817,0.28757724565607357,0.0,-3.190402987381867,2.9042778806661635,-1.0985185021793005,4,287.09283461235435,
BTC,1,LEGACY_SMC,2022-07-15 16:30:00+00:00,2022-07-15 18:30:00+00:00,20713.1418,20933.565852168194,0.017356935158459704,359.51665915058135,20547.823760873856,20933.565852168194,TP,3.825885980848268,0.3614296021410055,0.0,3.644214708282553,2.869414485636201,1.2700203217502628,8,290.40590494232737,
XRP,1,LEGACY_SMC,2022-07-15 16:15:00+00:00,2022-07-15 19:30:00+00:00,0.3292058354973793,0.33336793794006736,919.7045277496486,302.7720974685457,0.3260842586653633,0.33336793794006736,TP,3.8279044614980755,0.30468604969929475,0.0,3.6746044605330535,2.8709283461235438,1.279935971057818,13,294.0805094028604,
BTC,1,LEGACY_SMC,2022-07-16 02:30:00+00:00,2022-07-16 06:15:00+00:00,20664.131999999998,20523.780940314402,0.021347171229079,441.12076410429063,20534.047964296547,20837.57738093793,SL,-2.996098103291101,0.4396227150526451,0.0,-3.2151604362916006,2.776926184331181,-1.157812711923406,15,290.49802403029275,
ETH,1,LEGACY_SMC,2022-07-16 05:45:00+00:00,2022-07-16 06:15:00+00:00,1211.9322793945312,1200.4854796290495,0.24219926594774263,293.52910844773,1201.0860226403695,1226.393955066747,SL,-2.772406500650467,0.29214290519740477,0.0,-2.9177848516240066,2.626955424138706,-1.110709692601904,2,287.58023917866876,
BTC,1,LEGACY_SMC,2022-07-16 06:15:00+00:00,2022-07-16 06:30:00+00:00,20584.6161,20470.26491497383,0.02095595840468471,431.37035876800314,20480.50516755761,20723.43067658985,SL,-2.3963386769347714,0.4301721894295358,0.0,-2.6108256869803057,2.1817443697356382,-1.1966689238192736,1,284.6102077991893,
SOL,1,LEGACY_SMC,2022-07-16 06:15:00+00:00,2022-07-16 07:30:00+00:00,36.787354779052734,36.44879711889189,7.802709054624772,287.0410262302087,36.46703063420899,37.21445363884439,SL,-2.641666920449601,0.28572019276998384,0.0,-2.7838666001044805,2.4993961053872282,-1.1138156909599488,5,281.8263411990848,
ETH,1,LEGACY_SMC,2022-07-16 08:00:00+00:00,2022-07-16 12:45:00+00:00,1197.7995706054687,1212.4940709678497,0.2557204706967193,306.3018699955588,1186.7786953336831,1212.4940709678497,TP,3.7576845493211692,0.30818071227021937,0.0,3.602654772048729,2.8182634119908476,1.278324359859528,19,285.27584503613576,
XRP,1,LEGACY_SMC,2022-07-17 01:45:00+00:00,2022-07-17 03:15:00+00:00,0.34850967947244643,0.3529830809281239,850.2876326889162,296.3334703277995,0.34515462838068833,0.3529830809281239,TP,3.8036779338151594,0.2982353092947071,0.0,3.653609359684352,2.8527584503613577,1.2807286082078035,6,288.78128766065623,
LINK,1,LEGACY_SMC,2022-07-17 13:00:00+00:00,2022-07-17 16:15:00+00:00,6.485297006034851,6.416497363715354,44.02839120793714,285.53719368136586,6.419707217324016,6.572750057649297,SL,-3.029137567008941,0.28402262489786145,0.0,-3.1703915950661195,2.8878128766065623,-1.0978521568168962,13,285.2503335825101,
BTC,1,LEGACY_SMC,2022-07-17 13:15:00+00:00,2022-07-17 16:15:00+00:00,21233.34582,21060.271908504415,0.017758162228782463,377.06519973139996,21070.807312160494,21450.06383045267,SL,-3.0734745979085036,0.3755284624324457,0.0,-3.2604704604752492,2.8863851906381552,-1.1296033776262506,12,281.9898631220349,
ETH,1,LEGACY_SMC,2022-07-17 13:15:00+00:00,2022-07-17 17:15:00+00:00,1339.2177411621094,1363.0126080432563,0.043699072188459434,58.5225727471086,1321.3715910012493,1363.0126080432563,TP,1.0398136055540186,0.05904247954988561,0.0,1.0100324123776874,0.7798602041655139,1.2951454722048141,16,282.9998955344126,
ETH,1,LEGACY_SMC,2022-07-18 19:15:00+00:00,2022-07-18 21:30:00+00:00,1457.3314470703124,1490.4899559935564,0.11379679192431193,165.83964344701673,1432.4625653778794,1490.4899559935564,TP,3.7733319404588346,0.16772630941724614,0.0,3.688525452765097,2.829998955344126,1.3033663654891967,9,286.4073007864962,
LINK,1,LEGACY_SMC,2022-07-18 20:00:00+00:00,2022-07-18 22:30:00+00:00,6.765352738952637,6.904791673509107,27.04268626158436,182.9533115684466,6.660773538035285,6.904791673509107,TP,3.7708033598602047,0.1848387132483767,0.0,3.6774413023960513,2.8281025198951535,1.3003210727072176,10,290.08474208889226,
BTC,1,LEGACY_SMC,2022-07-18 20:00:00+00:00,2022-07-18 23:00:00+00:00,21624.72408,22006.894751174645,0.00987052808432805,213.44744634748506,21338.096076619015,22006.894751174645,TP,3.7722263428358302,0.21533355951890296,0.0,3.6636165064906696,2.829169757126891,1.2949440369429035,12,293.7483585953829,
ETH,1,LEGACY_SMC,2022-07-20 00:45:00+00:00,2022-07-20 02:30:00+00:00,1515.7630529296875,1551.3858228356764,0.10991397469029411,166.6035418361966,1489.045975500196,1551.3858228356764,TP,3.9154402298450335,0.16856126195111915,0.0,3.830180738812013,2.936580172383769,1.3042997343753309,7,297.4048962062708,
SOL,1,LEGACY_SMC,2022-07-20 00:30:00+00:00,2022-07-20 03:30:00+00:00,44.79895891571045,45.77006237518097,4.0331900201522055,180.68271401205206,44.07063132110756,45.77006237518097,TP,3.9166447812717817,0.18264103640268797,0.0,3.82434510187512,2.9374835859538293,1.3019119903042176,12,301.2292413081459,
LINK,1,LEGACY_SMC,2022-07-20 12:45:00+00:00,2022-07-20 15:00:00+00:00,7.2594514969825745,7.39979768180673,28.61773470465841,207.74905704198267,7.154191858364459,7.39979768180673,TP,4.016389884108629,0.209757251984037,0.0,3.9105071606455835,3.0122924130814592,1.298183119163151,9,305.0358739402705,
LINK,-1,LEGACY_SMC,2022-07-21 12:30:00+00:00,2022-07-21 13:15:00+00:00,6.822635081768036,6.905002553131933,38.65289494234282,263.7145970455224,6.901551777243312,6.717412821134334,SL,-3.183741217295137,0.26530646765417,0.0,-3.3171903864265455,3.050358739402705,-1.0874754970872997,3,301.58682625532117,
LINK,-1,LEGACY_SMC,2022-07-21 13:45:00+00:00,2022-07-21 14:15:00+00:00,6.855628474140167,6.740978610631462,35.07337523431909,240.4500299406005,6.941615871771696,6.740978610631462,TP,4.021157683404293,0.23843945109889836,0.0,3.9029432472756946,3.015868262553212,1.294135853258886,2,305.36954448762657,
LINK,-1,LEGACY_SMC,2022-07-21 16:15:00+00:00,2022-07-21 16:30:00+00:00,6.9286138283729555,7.020245877328084,34.652382173742836,240.0929743150591,7.016737508573797,6.811115588105166,SL,-3.1752687797562276,0.24168060870493724,0.0,-3.296902901303635,3.053695444876266,-1.0796436517058183,1,301.9525950991654,
XRP,-1,LEGACY_SMC,2022-07-21 16:30:00+00:00,2022-07-21 19:00:00+00:00,0.359218145775795,0.3627774866955244,893.8684637925979,321.09377213103534,0.3625961886012238,0.3547140886752232,SL,-3.1815826000326743,0.3226845634310517,0.0,-3.343720277398208,3.019525950991654,-1.1073659679262184,10,298.4483279357017,
XRP,1,LEGACY_SMC,2022-07-22 05:30:00+00:00,2022-07-22 06:30:00+00:00,0.36282254379987716,0.3668329157629155,992.2548521229762,360.0124295450292,0.35981476482759844,0.3668329157629155,TP,3.9793110391427264,0.3620020850646006,0.0,3.7973151688506404,2.984483279357017,1.272352636423127,4,302.0656368897798,
ETH,1,LEGACY_SMC,2022-07-22 16:15:00+00:00,2022-07-22 19:30:00+00:00,1571.2741529296875,1547.8925979944988,0.13361466702038427,209.94527274143655,1548.6669314602289,1601.4171148889657,SL,-3.124118677084055,0.20838321340289453,0.0,-3.2275292541162313,3.020656368897798,-1.0684860705601937,13,298.7331349992928,
BTC,-1,LEGACY_SMC,2022-07-23 05:00:00+00:00,2022-07-23 07:00:00+00:00,22893.72034,22707.99182000008,0.019573039936022003,448.0997024989392,23033.01672999994,22707.99182000008,TP,3.635271739216706,0.4462820666293309,0.0,3.4130395238368445,2.7264538044125475,1.251823712660421,8,301.77488098705027,
SOL,-1,LEGACY_SMC,2022-07-23 05:00:00+00:00,2022-07-23 08:45:00+00:00,41.63167138977051,41.0690017737937,7.073637925868161,294.48736965996113,42.05367360175312,41.0690017737937,TP,3.9801211353072286,0.29249730909230753,0.0,3.8348675110449015,2.9850908514804337,1.2846736336828835,15,305.60974849809514,
ETH,-1,LEGACY_SMC,2022-07-23 22:45:00+00:00,2022-07-24 00:00:00+00:00,1539.7420388183593,1557.2788679685943,0.18236018184491093,280.7876381931699,1556.5006176597647,1517.397267029819,SL,-3.198019352819991,0.2823866478695799,0.0,-3.3400121815929857,3.0560974849809517,-1.0929010602597986,5,302.12934249740556,
BTC,1,LEGACY_SMC,2022-07-24 23:15:00+00:00,2022-07-25 00:15:00+00:00,22698.33876,22495.93539997706,0.015805896578867797,358.7675949526663,22507.188994474298,22953.20511403427,SL,-3.199166575737898,0.3571680116647974,0.0,-3.3769507899263624,3.0212934249740555,-1.1177169228292883,4,298.5730079100029,
ETH,-1,LEGACY_SMC,2022-07-25 11:15:00+00:00,2022-07-25 12:00:00+00:00,1542.7214232910158,1522.4424972622057,0.1963108614896232,302.85297164475696,1557.9306178126233,1522.4424972622057,TP,3.9809734388000386,0.30086248492535694,0.0,3.83153743969706,2.985730079100029,1.28328326345293,3,302.06917520388885,
LINK,-1,LEGACY_SMC,2022-07-25 11:15:00+00:00,2022-07-25 13:30:00+00:00,6.804639032649994,6.731042180901357,54.06419329700203,367.88731997751415,6.859836671461471,6.731042180901357,TP,3.9789544189890735,0.3658978427680196,0.0,3.797000236209811,2.9842158142418054,1.272361140266428,9,305.86617544009863,
SOL,-1,LEGACY_SMC,2022-07-25 14:00:00+00:00,2022-07-25 14:15:00+00:00,39.182160626983645,38.53684914907753,6.319763110006251,247.62197330075065,39.66614423541323,38.53684914907753,TP,4.078215672534664,0.24558286546448332,0.0,3.9564437937205557,3.0586617544009864,1.2935211904447383,1,309.6988082471688,
XRP,-1,LEGACY_SMC,2022-07-25 16:30:00+00:00,2022-07-25 19:00:00+00:00,0.346520694309473,0.34299282003593795,1170.4831644008357,405.5966388057266,0.3491666000146243,0.34299282003593795,TP,4.129317443295628,0.40353198008407887,0.0,3.9285837826144125,3.0969880824716887,1.2685175654531522,10,313.42459371038035,
BTC,-1,LEGACY_SMC,2022-07-25 20:30:00+00:00,2022-07-25 22:00:00+00:00,22109.977120000003,21852.630253583287,0.016238762262751328,359.03866208655137,22302.98726981254,21852.630253583287,TP,4.178994582805071,0.3569491647951488,0.0,4.001564749053198,3.1342459371038034,1.2767232786942175,6,317.2466391283903,
BTC,-1,LEGACY_SMC,2022-07-26 22:30:00+00:00,2022-07-26 23:45:00+00:00,21093.38048,21271.22361269964,0.01897262474810394,400.1967925160206,21260.59331604162,20870.430031944503,SL,-3.374151020737517,0.4018838680263893,0.0,-3.575936492505896,3.172466391283903,-1.1271786841715628,5,313.4706042396264,
XRP,-1,LEGACY_SMC,2022-07-27 00:00:00+00:00,2022-07-27 02:15:00+00:00,0.33698258089423183,0.3333778172751648,429.5011424191732,144.73440346943403,0.3396861536085321,0.3333778172751648,TP,1.548250092540363,0.14396027842316383,0.0,1.476657015851916,1.1611875694052722,1.271678284162324,9,314.5558218404454,
SOL,-1,LEGACY_SMC,2022-07-27 00:00:00+00:00,2022-07-27 05:30:00+00:00,36.24275,36.76891430959832,6.169162802147245,223.58742514752205,36.75053904007829,35.56569794656228,SL,-3.2459932865914527,0.2252104217908178,0.0,-3.3594099958085093,3.13263325738902,-1.0723917291896794,22,311.1964118446369,
BTC,-1,LEGACY_SMC,2022-07-26 23:45:00+00:00,2022-07-27 07:00:00+00:00,21155.2681,21325.892975522383,0.019595922844809724,414.5570014488644,21315.235357843463,20941.978422875385,SL,-3.343551896141868,0.41622877739693537,0.0,-3.5525021728143713,3.1347060423962643,-1.1332808004219532,29,307.6439096718225,
LINK,-1,LEGACY_SMC,2022-07-27 14:00:00+00:00,2022-07-27 16:15:00+00:00,6.361727316093445,6.422507002313606,53.43819854906409,339.95924743240613,6.419297353636788,6.284967266035654,SL,-3.2479569399827692,0.34158322590239754,0.0,-3.4195605421689637,3.076439096718225,-1.1115320130396085,9,304.05436950593736,
LINK,-1,LEGACY_SMC,2022-07-27 16:45:00+00:00,2022-07-27 17:00:00+00:00,6.382723024559021,6.285999774932861,54.40085939299658,347.2256178034772,6.438614488940019,6.308201072051023,TP_GAP,5.261827902946419,0.34459470385200397,0.0,5.090846007996154,3.0405436950593736,1.6743209499894207,1,308.9716027050318,
LINK,1,LEGACY_SMC,2022-07-28 08:45:00+00:00,2022-07-28 10:45:00+00:00,6.8043605732917785,6.873472398054312,59.60805381069523,405.5946912001494,6.7525267047198785,6.873472398054312,TP,4.1196213694004244,0.40765450188484964,0.0,3.9147642131156495,3.089716027050318,1.2670304257226468,8,312.5471934207017,
ETH,1,LEGACY_SMC,2022-07-28 09:30:00+00:00,2022-07-28 11:30:00+00:00,1611.0921735351562,1635.4099641465948,0.16929652329747122,272.75230369126814,1592.8538305765774,1635.4099641465948,TP,4.116917404792436,0.27481076239366437,0.0,3.978482794244406,3.087688053594318,1.2884989432831893,8,316.52567621494615,
SOL,1,LEGACY_SMC,2022-07-28 12:45:00+00:00,2022-07-28 13:15:00+00:00,39.76795032119751,40.56207809480243,5.311271311105119,211.21837364242995,39.17235449099382,40.56207809480243,TP,4.217828061299594,0.21332728767307974,0.0,4.110109960447729,3.1633710459747046,1.2992816526147704,2,320.24049680613064,
LINK,1,LEGACY_SMC,2022-07-28 12:45:00+00:00,2022-07-28 13:15:00+00:00,6.7853567198753355,6.87793978679362,29.80198953143096,202.21712993274946,6.715919419686622,6.87793978679362,TP,2.759159591086488,0.2035967097282927,0.0,2.65667144632457,2.0693696933148726,1.283807071741209,2,322.89716825245523,
BTC,1,LEGACY_SMC,2022-07-28 12:45:00+00:00,2022-07-28 13:30:00+00:00,22934.48598,23191.129539995494,0.016444372691863732,377.1432349514436,22742.00331000338,23191.129539995494,TP,4.220342349532576,0.37925340612620995,0.0,4.029660560882088,3.165256762149462,1.273091209872537,3,326.9268288133373,
ETH,1,LEGACY_SMC,2022-07-29 08:15:00+00:00,2022-07-29 11:30:00+00:00,1712.5124779541015,1690.083457665324,0.1514703283476328,259.394827335126,1690.928922126387,1741.2905523910542,SL,-3.3973310676568556,0.2576961618012976,0.0,-3.5253298157905903,3.269268288133373,-1.0783238037045344,13,323.27180158387915,
SOL,1,LEGACY_SMC,2022-07-29 13:00:00+00:00,2022-07-29 13:45:00+00:00,41.53830477905273,42.44764767079517,4.740005917378317,196.89181045057398,40.8562976102459,42.44764767079517,TP,4.310290687785078,0.19904695579446652,0.0,4.209689637215899,3.232718015838792,1.3022136841476453,3,327.24291797963383,
XRP,1,LEGACY_SMC,2022-07-29 13:00:00+00:00,2022-07-29 14:00:00+00:00,0.3651429993867874,0.37075715441578677,767.5203220177815,280.25467247188567,0.36093238311503784,0.37075715441578677,TP,4.308978075715342,0.2824091615097434,0.0,4.166696250441541,3.231733556786539,1.2893068618517793,4,331.40961423007536,
XRP,1,LEGACY_SMC,2022-07-29 16:15:00+00:00,2022-07-29 20:45:00+00:00,0.3630025858283043,0.36882793337546055,758.5461331930479,275.35420781913774,0.3586335751679371,0.36882793337546055,TP,4.418794856400976,0.2775636052473382,0.0,4.278908355063207,3.3140961423007536,1.2911237849885215,18,335.550845481229,
LINK,1,LEGACY_SMC,2022-07-30 02:00:00+00:00,2022-07-30 04:15:00+00:00,7.886577228927612,7.701162482923579,18.48131242691863,145.75429774683337,7.705014990418788,8.128660213606043,SL,-3.4267078494582877,0.14404094382210422,0.0,-3.4978716444069753,3.35550845481229,-1.0424267116330808,9,331.98009668794856,
BTC,1,LEGACY_SMC,2022-07-30 04:30:00+00:00,2022-07-30 11:30:00+00:00,23718.44274,23964.46118392568,0.01799215220835162,426.7458319231525,23533.92890705574,23964.46118392568,TP,4.426401289172669,0.4289590325677388,0.0,4.210815172566507,3.3198009668794857,1.2683938629382798,28,335.9775389445535,
BTC,1,LEGACY_SMC,2022-07-30 20:30:00+00:00,2022-07-30 22:00:00+00:00,23968.99284,23761.165288021293,0.0171468704477203,410.99321498981544,23773.051813928258,24230.247541428987,SL,-3.563592109245724,0.4092114189351926,0.0,-3.767306920686009,3.359775389445535,-1.1212972547274147,6,331.8459873865896,
ETH,1,LEGACY_SMC,2022-07-30 20:30:00+00:00,2022-07-30 22:00:00+00:00,1701.2901411621094,1682.4562794414073,0.18662076025961097,317.4960595658537,1683.29792840561,1725.2797581707753,SL,-3.5147895929418085,0.31573866476938284,0.0,-3.6717802279282643,3.3577204233705857,-1.093533637396295,6,328.1742071586614,
LINK,1,LEGACY_SMC,2022-07-31 18:45:00+00:00,2022-07-31 19:00:00+00:00,7.811561942768097,7.992586232975906,24.162771097941807,188.74898314049912,7.675793725112239,7.992586232975906,TP,4.374048487458693,0.19093600738422845,0.0,4.277486971644715,3.280536365594025,1.3038986601418656,1,332.1076744896489,
XRP,1,LEGACY_SMC,2022-07-31 18:45:00+00:00,2022-07-31 19:15:00+00:00,0.3887477314531803,0.39533273313413664,664.053006022829,258.1490996560398,0.38380898019246307,0.39533273313413664,TP,4.37279016090443,0.2603354947364921,0.0,4.241529215995958,3.2795926206783226,1.2933097816028982,2,336.34920370564487,
ETH,1,LEGACY_SMC,2022-07-31 18:45:00+00:00,2022-07-31 22:15:00+00:00,1703.6407088378905,1679.6152708324194,0.1415446327777773,241.14119851773142,1680.4554985817101,1734.5543225127979,SL,-3.400671799809673,0.2394408626178266,0.0,-3.519542063168634,3.281742071586614,-1.0724615117199177,14,332.82966164247625,
BTC,-1,LEGACY_SMC,2022-08-02 00:30:00+00:00,2022-08-02 01:30:00+00:00,23301.73872,23058.906962355904,0.018274911259357714,425.8372072967396,23483.862538233072,23058.906962355904,TP,4.437728821899728,0.42361834288578976,0.0,4.227029082662308,3.3282966164247627,1.2700277558804114,4,336.8437721214902,
SOL,-1,LEGACY_SMC,2022-08-02 11:45:00+00:00,2022-08-02 12:45:00+00:00,40.53189291534424,39.97863361070667,8.117803455461722,329.0299403645859,40.94683739382241,39.97863361070667,TP,4.491250294953165,0.3267843152171094,0.0,4.328980949918349,3.3684377212149026,1.2851598599118539,4,341.00823810122625,
ETH,-1,LEGACY_SMC,2022-08-02 14:45:00+00:00,2022-08-02 15:00:00+00:00,1603.6792,1629.2314445018008,0.137776850549902,220.9498694683864,1628.417235883859,1570.695152154855,SL,-3.520507771939152,0.22271012335435597,0.0,-3.6327429605593147,3.4083286728685342,-1.0658429128262175,1,336.9497369073585,
LINK,-1,LEGACY_SMC,2022-08-02 14:45:00+00:00,2022-08-02 15:00:00+00:00,7.236552316093445,7.352064911452628,6.66250385496393,48.21355770262073,7.348390716094581,7.087434449425264,SL,-0.7696031118774461,0.04859835925855946,0.0,-0.7940946922846952,0.7451237711405657,-1.0657218613079131,1,336.1556422150738,
SOL,-1,LEGACY_SMC,2022-08-02 14:45:00+00:00,2022-08-02 16:00:00+00:00,41.09177847442627,41.71712571908886,5.636441626499552,231.6114107001545,41.69627758029871,40.28577966659635,SL,-3.524733240833034,0.23337377732057102,0.0,-3.6423013128035278,3.407223923521192,-1.0689938185921737,5,332.38444912617496,
ETH,-1,LEGACY_SMC,2022-08-02 15:00:00+00:00,2022-08-02 16:00:00+00:00,1623.3652034179688,1651.2039240133838,0.12443972591983739,202.0111209811331,1650.3787346460608,1587.3471617805126,SL,-3.4642427608523745,0.2037432423615593,0.0,-3.5669804427233673,3.3615564221507377,-1.0611097940284455,4,328.8174686834516,
LINK,-1,LEGACY_SMC,2022-08-02 15:15:00+00:00,2022-08-02 16:00:00+00:00,7.237552043628693,7.361402793119569,7.705979987875372,55.772431209409206,7.357723931153992,7.077322860261626,SL,-0.9543913970600602,0.056249626907939235,0.0,-0.9827548083632948,0.9260421603751681,-1.0612419719261492,3,327.8347138750883,
BTC,-1,LEGACY_SMC,2022-08-02 14:45:00+00:00,2022-08-02 16:15:00+00:00,22947.509579999998,23182.201847048982,0.015284518240334524,350.7416287457612,23170.61653877959,22650.033634960542,SL,-3.587158236575656,0.352535207864049,0.0,-3.7643226300668244,3.4100823810122627,-1.1038802613763858,6,324.0703912450215,
XRP,-1,LEGACY_SMC,2022-08-03 09:30:00+00:00,2022-08-03 12:15:00+00:00,0.37243548416495326,0.3752143835241431,1250.5678456670066,465.75584108211416,0.3750268700890986,0.36898030293275946,SL,-3.4752021849474706,0.4674934421745879,0.0,-3.7098177065810014,3.240703912450215,-1.1447567586562086,11,320.1276956178994,
SOL,-1,LEGACY_SMC,2022-08-03 12:30:00+00:00,2022-08-03 13:15:00+00:00,39.74205,40.389189333543,5.106072714077653,202.9257971065098,40.36900483112744,38.90611022516341,SL,-3.3043404932103213,0.20457796735311495,0.0,-3.407455562010181,3.2012769561789947,-1.0644051135385921,3,316.61877715733596,
SOL,-1,LEGACY_SMC,2022-08-03 13:30:00+00:00,2022-08-03 20:45:00+00:00,40.41191416931152,39.50914917827604,4.676282019519787,188.9775076043284,41.08898791258813,39.50914917827604,TP,4.2215836954311685,0.18686671575661282,0.0,4.12920573347672,3.1661877715733597,1.3041569329998428,29,320.6534941370105,
SOL,-1,LEGACY_SMC,2022-08-04 14:00:00+00:00,2022-08-04 14:15:00+00:00,39.34212847442627,38.725362547858765,6.931932744113525,272.71698859499656,39.8047029193519,38.725362547858765,TP,4.27537992182679,0.27057929863408314,0.0,4.141159117490205,3.206534941370105,1.291474814155853,1,324.6582947602032,
SOL,-1,LEGACY_SMC,2022-08-05 00:00:00+00:00,2022-08-05 01:45:00+00:00,38.82223583068848,39.26109712146289,7.743962094318159,300.6379226895318,39.241476383271255,38.26324842724477,SL,-3.398525200420585,0.3023371852897421,0.0,-3.550543424365561,3.246582947602032,-1.0936247376608808,7,320.9574323744929,
BTC,-1,LEGACY_SMC,2022-08-05 02:15:00+00:00,2022-08-05 02:30:00+00:00,22880.72294,23021.916003186485,0.02104112487285506,481.43614856173934,23010.410797787594,22707.805796283206,SL,-2.9708608736877506,0.48292157899858323,0.0,-3.213064378405464,2.728778410201836,-1.1774735414180468,1,317.5036499218065,
BTC,1,LEGACY_SMC,2022-08-05 12:45:00+00:00,2022-08-05 13:00:00+00:00,23087.91666,22921.467943438493,0.020486452560906605,472.98950938525525,22932.934410643815,23294.55965914158,SL,-3.4099437356610913,0.4712845375174247,0.0,-3.6447335184858884,3.1750364992180655,-1.1479343684343464,1,313.622421648628,
SOL,1,LEGACY_SMC,2022-08-05 13:15:00+00:00,2022-08-05 14:00:00+00:00,39.72794522094726,40.417712331914856,6.057836040588236,240.6653783779695,39.21061988772157,40.417712331914856,TP,4.178496064431916,0.24275462641018547,0.0,4.0560741272107155,3.1338720483239157,1.2942692186108937,3,317.32294627041324,
XRP,1,LEGACY_SMC,2022-08-05 13:00:00+00:00,2022-08-05 15:15:00+00:00,0.3731846183180809,0.3706575696240414,1260.5922360711331,470.433632472942,0.3708429911196012,0.37630678791605393,SL,-3.1855779638799206,0.4688408434910021,0.0,-3.4192019911344516,2.9518370661765654,-1.1583301904814318,9,313.9037442792788,
BTC,1,LEGACY_SMC,2022-08-06 08:45:00+00:00,2022-08-06 17:00:00+00:00,23168.03268,23072.076664112716,0.020323504499602518,470.8556164189182,23083.61847334939,23280.58495553415,SL,-1.950162520649159,0.4698805351585936,0.0,-2.1846152475982934,1.715592508694052,-1.2733881947650099,33,311.48370122347103,
XRP,-1,LEGACY_SMC,2022-08-07 11:15:00+00:00,2022-08-07 12:00:00+00:00,0.3720555805504322,0.37329776961206224,1255.7950377843454,467.22555183520655,0.3731112140050597,0.3706480692775955,SL,-1.5599348595849953,0.468005519264999,0.0,-1.7943276029323911,1.3256592540403636,-1.3535360594840744,3,309.455760844621,
BTC,1,LEGACY_SMC,2022-08-08 19:30:00+00:00,2022-08-08 21:15:00+00:00,23940.48714,23798.449343978136,0.01938906416366812,464.18364126693155,23810.354521238754,24113.99729834833,SL,-2.7539799407339407,0.4628066512965646,0.0,-2.9846947713970393,2.5231496949479744,-1.182924175039318,7,306.23897425259054,
BTC,1,LEGACY_SMC,2022-08-08 21:30:00+00:00,2022-08-08 22:30:00+00:00,23846.7684,23693.76465751884,0.019262922911554164,459.3584613788858,23705.617466251966,24034.96964499738,SL,-2.9472992965938674,0.4578848117305889,0.0,-3.175504877635013,2.718979555682282,-1.1679031830153552,4,302.83379014426606,
LINK,1,LEGACY_SMC,2022-08-08 23:00:00+00:00,2022-08-09 00:15:00+00:00,8.577715413665771,8.731914351907879,2.726584520529788,23.387866068410858,8.46206620998419,8.731914351907879,TP,0.4204364380930582,0.02359808428745739,0.0,0.40853228683980625,0.31532732856979606,1.2955816062399417,5,302.86423818132147,
SOL,1,LEGACY_SMC,2022-08-08 23:00:00+00:00,2022-08-09 01:30:00+00:00,42.24844967880249,41.76855000816831,6.592666722720663,278.52994828397965,41.789444730533575,42.86045627649437,SL,-3.1638185888345345,0.2769480389895624,0.0,-3.301501653682107,3.0260666480165788,-1.091020799507526,10,299.56273652763934,
BTC,1,LEGACY_SMC,2022-08-08 23:00:00+00:00,2022-08-09 02:00:00+00:00,23818.46274,23665.401781699675,0.01907136871824832,454.2506852163991,23677.240401900624,24006.759190799166,SL,-2.919081972113915,0.45279114423034217,0.0,-3.1447477737360576,2.6933032811463007,-1.167617399700199,12,296.4179887539033,
SOL,1,LEGACY_SMC,2022-08-09 02:00:00+00:00,2022-08-09 03:15:00+00:00,41.70834076309204,42.310440740674466,6.564092338819191,273.77740006787263,41.256765779905216,42.310440740674466,TP,3.9522398500520124,0.27575351999289865,0.0,3.81337503009305,2.9641798875390326,1.2864856974854686,5,299.872264258922,
BTC,1,LEGACY_SMC,2022-08-09 02:30:00+00:00,2022-08-09 09:30:00+00:00,23775.854219999997,23632.533180933922,0.01869214228723531,444.42165008080406,23644.35535861323,23951.186035182352,SL,-2.6789772549774877,0.44308216145331536,0.0,-2.899848591390401,2.4579954276509026,-1.1797615889634814,28,296.97241566753155,
LINK,1,LEGACY_SMC,2022-08-09 14:00:00+00:00,2022-08-09 15:45:00+00:00,8.424684935760498,8.575134564831323,26.318657170210763,221.72639459131963,8.311847713957379,8.575134564831323,TP,3.9596322089004365,0.22370621069576985,0.0,3.8467891955003264,2.9697241566753156,1.295335523622136,7,300.7083416657362,
ETH,-1,LEGACY_SMC,2022-08-10 09:00:00+00:00,2022-08-10 11:15:00+00:00,1702.1595,1714.8374169695062,0.2543864350651192,433.0062871172258,1713.9804267561283,1686.3982643251622,SL,-3.2250901019242653,0.4346188321681879,0.0,-3.4432057905338405,3.0070834166573626,-1.145031684675135,9,297.04863273164375,
ETH,-1,LEGACY_SMC,2022-08-10 12:30:00+00:00,2022-08-10 12:45:00+00:00,1708.7481478271484,1775.7874744262695,0.20885559282941454,356.8816074106032,1722.970828134985,1689.7845740833664,SL_GAP,-14.001538299744169,0.3638823765604753,0.0,-14.186979872599343,2.9704863273164377,-4.775978849704378,1,282.49077158608253,
SOL,-1,LEGACY_SMC,2022-08-10 12:30:00+00:00,2022-08-10 12:45:00+00:00,40.08198215255737,41.58078137397766,8.241785939082416,330.34711691549967,40.44218344160103,39.60171376716583,SL_GAP,-12.352782348609376,0.33652350808980436,0.0,-12.52413229824143,2.968701919279384,-4.21872341473795,1,269.9666392878411,
LINK,-1,LEGACY_SMC,2022-08-10 12:30:00+00:00,2022-08-10 12:45:00+00:00,8.414317166137696,8.750373290061951,6.481075115288389,54.533821597598944,8.497187612909158,8.303823237109079,SL_GAP,-2.1780049821057603,0.05562282408865182,0.0,-2.206360895395613,0.5370895903633551,-4.107994150292416,1,267.76027839244546,
LINK,1,LEGACY_SMC,2022-08-11 00:45:00+00:00,2022-08-11 01:15:00+00:00,9.031805732917785,9.179912072299668,24.105227771697415,217.71373438170573,8.920725978381373,9.179912072299668,TP,3.570137045232606,0.21949880290432205,0.0,3.459495109519137,2.6776027839244545,1.2920120677678315,2,271.11091663477373,
LINK,1,LEGACY_SMC,2022-08-11 08:00:00+00:00,2022-08-11 12:15:00+00:00,8.978795636558532,9.115407362139456,26.4604828496634,237.5832679517896,8.876336842372838,9.115407362139456,TP,3.6148122217969516,0.2393906740626881,0.0,3.4942131817101583,2.7111091663477374,1.2888500489330634,17,274.28754937030556,
XRP,1,LEGACY_SMC,2022-08-11 08:00:00+00:00,2022-08-11 12:15:00+00:00,0.3803560440480709,0.383812760801611,1045.2775251670919,397.5776244049129,0.37776350648291585,0.383812760801611,TP,3.6132283333440096,0.3993842385715849,0.0,3.4126329069748813,2.7099212500079783,1.2593107297729904,17,277.7001822772804,
LINK,1,LEGACY_SMC,2022-08-11 14:45:00+00:00,2022-08-11 17:30:00+00:00,8.91878321685791,9.065214434644782,25.286063675435557,225.5209203288751,8.808959803517757,9.065214434644782,TP,3.7026690970303906,0.2273722548773903,0.0,3.588057302317438,2.7770018227728044,1.2920615582220987,11,280.99080970694575,
BTC,1,LEGACY_SMC,2022-08-11 18:30:00+00:00,2022-08-11 22:45:00+00:00,24201.3393,23996.96768394783,0.013765279481535947,333.1381992919795,24008.972170032845,24457.828806622874,SL,-2.813232413051264,0.3317315830854539,0.0,-2.978394896490728,2.647987307058838,-1.1247768781032712,17,277.84584571080904,
XRP,1,LEGACY_SMC,2022-08-11 14:45:00+00:00,2022-08-12 00:00:00+00:00,0.37931585420966146,0.3762767622059627,973.69730496748,369.3388249753849,0.3764649947033143,0.3831170002181244,SL,-2.959155693549725,0.36785924712861007,0.0,-3.142345528190643,2.7758742181711598,-1.1320201425628453,37,274.5513749345528,
ETH,1,LEGACY_SMC,2022-08-11 23:15:00+00:00,2022-08-12 00:15:00+00:00,1875.9251588378906,1857.8645486419275,0.16218690532393384,304.25049613122656,1858.7939456147349,1898.766776468765,SL,-2.9291944759451476,0.30278589889325397,0.0,-3.079855126772788,2.7784584571080906,-1.1084762195719136,4,271.47151980778006,
XRP,1,LEGACY_SMC,2022-08-12 00:30:00+00:00,2022-08-12 02:00:00+00:00,0.3779355816721916,0.37505138510973324,1006.2155658529788,380.2846651682589,0.37523900461203924,0.38153101775239473,SL,-2.9021234761252583,0.37883360343019634,0.0,-3.090814746971325,2.71333781244737,-1.1391190336832697,6,268.05282416518156,
ETH,1,LEGACY_SMC,2022-08-12 00:30:00+00:00,2022-08-12 02:45:00+00:00,1875.5850029296876,1900.2291742266252,0.1468753085868014,275.47712608607463,1857.1018744569842,1900.2291742266252,TP,3.619620264103712,0.2772869362181265,0.0,3.480071890928623,2.714715198077801,1.2819289085620273,9,271.5328960561102,
BTC,-1,LEGACY_SMC,2022-08-12 10:00:00+00:00,2022-08-12 10:45:00+00:00,23974.50414,23812.91359748218,0.016988853730017763,407.2993440841653,24095.697046888366,23812.91359748218,TP,2.7452380909894725,0.40592672503867056,0.0,2.5429610379928844,2.0589285682421044,1.2350894913095711,3,273.87220742206097,
SOL,1,LEGACY_SMC,2022-08-13 10:30:00+00:00,2022-08-13 11:30:00+00:00,47.03940477905273,46.469770245463856,5.0086530201743376,235.60405681380564,46.49301675384078,47.76792214600201,SL,-2.853101727055519,0.23417750595027786,0.0,-2.969477204598894,2.736668032664944,-1.0850703005096467,4,270.5795240334886,
XRP,1,LEGACY_SMC,2022-08-13 09:15:00+00:00,2022-08-13 12:30:00+00:00,0.3788957660794258,0.3762058759015826,1084.2251297339017,410.8083111330915,0.3763940729380516,0.3822313569345914,SL,-2.9164465270420052,0.4093500878695705,0.0,-3.12039245934503,2.7123985707608727,-1.1504181181122317,13,267.45913157414356,
ETH,1,LEGACY_SMC,2022-08-13 12:30:00+00:00,2022-08-13 15:00:00+00:00,1972.1643735351563,1992.948313720693,0.17158063978665405,338.3852249756079,1956.5764183960039,1992.948313720693,TP,3.56612175432194,0.3401682858527689,0.0,3.395146080956975,2.6745913157414356,1.2694074272112825,10,270.5203158430511,
XRP,1,LEGACY_SMC,2022-08-13 12:45:00+00:00,2022-08-13 15:00:00+00:00,0.37867572133541105,0.3815777436406004,233.8669999993218,88.55975492129176,0.37649920460651903,0.3815777436406004,TP,0.6786872504457431,0.08889909854651462,0.0,0.6340680293598743,0.5090154378343138,1.2456754397422922,9,271.15438387241096,
SOL,1,LEGACY_SMC,2022-08-13 12:45:00+00:00,2022-08-13 15:30:00+00:00,46.56931337356567,46.029747068111135,5.1746230885760705,240.9786442019873,46.05277345483855,47.25803326520183,SL,-2.7920522620227266,0.23958261807097592,0.0,-2.911145557992709,2.672899389616558,-1.0891339828583404,11,268.24323831441825,
SOL,1,LEGACY_SMC,2022-08-14 01:45:00+00:00,2022-08-14 06:30:00+00:00,46.62932293167114,47.487053854427664,4.169811785920851,194.43550032999175,45.98602473960375,47.487053854427664,TP,3.57657651085892,0.19622378858542122,0.0,3.4775704724384946,2.6824323831441825,1.296424280548798,19,271.6235910366918,
ETH,1,LEGACY_SMC,2022-08-14 11:45:00+00:00,2022-08-14 13:30:00+00:00,1984.0067073486327,1969.747767254104,0.20463486375505846,405.9969422474096,1970.7331338210145,2001.7048053854571,SL,-2.917876263535426,0.4045380041156419,0.0,-3.1194157965273632,2.716235910366918,-1.1484333097216075,7,268.3011767690407,
ETH,1,LEGACY_SMC,2022-08-14 13:30:00+00:00,2022-08-14 16:30:00+00:00,1980.3659646972656,1966.8763506521077,0.13522657773182664,267.79811206259865,1967.8602807925038,1997.0402099036144,SL,-1.8241543422498785,0.2668860348914737,0.0,-1.9571413211100528,1.6911008366369225,-1.1573179308468693,12,266.00891050932256,
BTC,1,LEGACY_SMC,2022-08-14 13:30:00+00:00,2022-08-14 16:45:00+00:00,24470.59314,24335.258011367903,0.016446342875755932,402.45176515356104,24347.431727231517,24634.808357024645,SL,-2.225767928618011,0.40133888118925204,0.0,-2.425880927230483,2.0255548234529974,-1.1976377529466433,13,263.5830295820921,
LINK,-1,LEGACY_SMC,2022-08-15 03:00:00+00:00,2022-08-15 05:45:00+00:00,9.015196798324585,8.873725120574779,24.842006897261953,223.9555810441532,9.121300556636939,8.873725120574779,TP,3.5144403944278944,0.22219836084693928,0.0,3.4042198241030315,2.635830295820921,1.291517071300221,11,266.87527161567306,
LINK,-1,LEGACY_SMC,2022-08-15 16:15:00+00:00,2022-08-15 16:45:00+00:00,8.741251430511475,8.84525560414554,26.799076699452847,234.25746753547895,8.840835186552265,8.608473089123756,SL,-2.7872158262825226,0.23565107544862024,0.0,-2.9057381679634036,2.668752716156731,-1.0888000789177483,2,263.8524047139419,
XRP,-1,LEGACY_SMC,2022-08-15 20:45:00+00:00,2022-08-15 21:15:00+00:00,0.3735352678835392,0.3757524339061008,1059.5481634529585,395.7786070709128,0.37556465158031066,0.37082942295451055,SL,-2.3491941872754567,0.3969532041645506,0.0,-2.548258087904551,2.1502297688555863,-1.185109668191789,2,261.10625732250185,
XRP,-1,LEGACY_SMC,2022-08-15 22:45:00+00:00,2022-08-15 23:00:00+00:00,0.37593479870557783,0.3728804217292379,1041.82796413718,391.65938598375277,0.37822558143783275,0.3728804217292379,TP,3.182135346967698,0.3900683183102689,0.0,2.9878967216493053,2.3866015102257445,1.2519462125734955,1,263.89832435115926,
ETH,-1,LEGACY_SMC,2022-08-16 11:15:00+00:00,2022-08-16 12:45:00+00:00,1904.5889767089843,1884.430373583564,0.17454802313385717,332.4422407670892,1919.7079290530496,1884.430373583564,TP,3.51864432468211,0.3306829186047481,0.0,3.3541825264609066,2.6389832435115927,1.2710131959752902,6,267.0862857572366,
SOL,-1,LEGACY_SMC,2022-08-17 00:45:00+00:00,2022-08-17 02:30:00+00:00,43.571285830688474,44.06485863655815,5.660656100056311,246.64206492478382,44.04283721794918,42.9425506476742,SL,-2.793945914368087,0.24803903788196788,0.0,-2.918663919787663,2.669290236787316,-1.0934232177391419,7,263.8341147091411,
LINK,-1,LEGACY_SMC,2022-08-17 00:45:00+00:00,2022-08-17 03:30:00+00:00,8.552289100837708,8.642575668222369,12.376573503636388,105.84803468086625,8.638256539952392,8.437665848684794,SL,-1.1174383376272754,0.10640675384967989,0.0,-1.1709210741365221,1.063982329122276,-1.1005080085328713,11,262.6631936350046,
ETH,-1,LEGACY_SMC,2022-08-17 00:45:00+00:00,2022-08-17 05:15:00+00:00,1895.3808577636719,1912.4317102938996,0.16594245727538096,314.52415701002303,1911.475972307746,1873.9207050382397,SL,-2.8294603675061407,0.31593888719377616,0.0,-2.9881371761949054,2.670862857572366,-1.118790943429765,18,259.67505645880965,
SOL,-1,LEGACY_SMC,2022-08-18 09:00:00+00:00,2022-08-18 10:00:00+00:00,40.97180354232788,41.334479541541896,7.588344496319382,310.90815991470276,41.31382263022679,40.51577809179601,SL,-2.7521104225827826,0.31228421512599414,0.0,-2.9089405577514253,2.5953586632938284,-1.120824107624348,4,256.4714716916741,
BTC,-1,LEGACY_SMC,2022-08-18 10:15:00+00:00,2022-08-18 12:15:00+00:00,23503.2984,23602.62563104317,0.015436064087734677,362.79842037555187,23590.830215935206,23386.589312086388,SL,-1.5332215040396198,0.36356503112757166,0.0,-1.7153873249794156,1.3511467204916414,-1.2695788687961571,8,254.57468515650692,
SOL,-1,LEGACY_SMC,2022-08-18 12:15:00+00:00,2022-08-18 13:00:00+00:00,41.30173937301636,41.6554407733142,7.647547416650738,315.85701024529334,41.63462346158341,40.85789392159363,SL,-2.7049482301134695,0.31720948436035007,0.0,-2.8642292093511728,2.5457468515650694,-1.1251037029036517,3,251.53162513076833,
LINK,-1,LEGACY_SMC,2022-08-18 07:45:00+00:00,2022-08-18 13:30:00+00:00,8.186362125396728,8.084544845878481,34.00536826852654,278.3802588536334,8.262725085035413,8.084544845878481,TP,3.4623340861175023,0.2766490918105746,0.0,3.324875123733744,2.596750564588097,1.2803983444059226,23,254.85650025450207,
BTC,-1,LEGACY_SMC,2022-08-18 12:30:00+00:00,2022-08-18 14:30:00+00:00,23500.698920000003,23387.457063929847,0.001778867201858265,41.80462252953396,23585.63031205262,23387.457063929847,TP,0.20144222364075362,0.04170390141771358,0.0,0.180640633487807,0.15108166773056844,1.1956489241961015,8,255.03714088798986,
LINK,-1,LEGACY_SMC,2022-08-19 16:30:00+00:00,2022-08-19 19:00:00+00:00,7.159567574977875,7.047815721534568,30.428982670654236,217.85835766837974,7.243381465060355,7.047815721534568,TP,3.400495211839883,0.2161581100624598,0.0,3.293266280611613,2.5503714088798985,1.2912888958624218,10,258.13106142819913,
SOL,-1,LEGACY_SMC,2022-08-19 17:00:00+00:00,2022-08-19 19:00:00+00:00,37.53249291534424,36.82701070913858,4.818041890907486,180.83312313631697,38.061604569998494,36.82701070913858,TP,3.3990428227887306,0.1791336017249226,0.0,3.3103257826319665,2.5492821170915567,1.2985325399797942,8,261.4413872108311,
BTC,-1,LEGACY_SMC,2022-08-20 07:00:00+00:00,2022-08-20 10:00:00+00:00,21307.7376,21119.450690912665,0.0184046794726929,392.16208081624666,21448.9527818155,21119.450690912665,TP,3.465360210656478,0.3904294007109184,0.0,3.271011850353683,2.599020157992325,1.2585557831457739,12,264.3858424284718,
XRP,-1,LEGACY_SMC,2022-08-20 07:00:00+00:00,2022-08-20 18:00:00+00:00,0.3419915877044201,0.33768787997610916,763.0339282945998,260.95118460981087,0.3452193685006533,0.33768787997610916,TP,3.2838750141649378,0.2593092471027284,0.0,3.155041359367115,2.4629062606236927,1.2810237278653673,44,267.5408837878389,
LINK,-1,LEGACY_SMC,2022-08-21 07:45:00+00:00,2022-08-21 08:00:00+00:00,6.959607765674591,7.049523003816605,42.757804594843186,297.57754890146737,7.022179005316794,6.876179446151655,SL_GAP,-3.844578182574991,0.29949983799275487,0.0,-3.995289246117012,2.675408837878389,-1.4933378366520216,1,263.39680576727113,
ETH,-1,LEGACY_SMC,2022-08-21 10:00:00+00:00,2022-08-21 12:00:00+00:00,1616.6866077636719,1635.256010833705,0.14837431304205256,239.87476483122109,1634.438791437986,1593.017029531253,SL,-2.755222424117144,0.24125237604327965,0.0,-2.876537417744813,2.6339680576727114,-1.0920927493275783,8,260.29706687055983,
SOL,-1,LEGACY_SMC,2022-08-21 10:00:00+00:00,2022-08-21 16:45:00+00:00,35.962807220458984,36.43946253239606,5.742827355929402,206.52819310166726,36.42125190644284,35.35154763914717,SL,-2.7373491647412833,0.20789686768403792,0.0,-2.8419819358744878,2.632768683848555,-1.0794651096047325,27,257.4550849346853,
BTC,-1,LEGACY_SMC,2022-08-21 21:00:00+00:00,2022-08-21 21:15:00+00:00,21461.60682,21626.807999999997,0.017994115288802404,386.18262740202795,21581.363817825742,21301.930822899012,SL_GAP,-2.972649078766133,0.38766895194141104,0.0,-3.16722671700653,2.1549212255172523,-1.4697644997423471,1,253.96628072565255,
ETH,-1,LEGACY_SMC,2022-08-21 21:00:00+00:00,2022-08-21 21:15:00+00:00,1616.1067677001954,1631.7654261474609,0.15900704197663745,256.97235665043286,1630.837208627139,1596.4661797976041,SL_GAP,-2.4898369610221662,0.25821727513094395,0.0,-2.6195680578278937,2.342243838804904,-1.1184010880628426,1,251.34671266782465,
ETH,-1,LEGACY_SMC,2022-08-22 16:00:00+00:00,2022-08-22 18:30:00+00:00,1589.0120900634765,1560.759903232238,0.1186205344830914,188.48946342342376,1610.2012301869054,1560.759903232238,TP,3.351289502237671,0.18681381867230493,0.0,3.258720415277078,2.5134671266782465,1.2965040921715754,10,254.29149582874433,
BTC,-1,LEGACY_SMC,2022-08-22 16:15:00+00:00,2022-08-22 18:30:00+00:00,21342.830579999998,21110.43585032454,0.010966499687627682,234.05614488866053,21517.12662725659,21110.43585032454,TP,2.5485567303922463,0.2327818665234644,0.0,2.432802936313112,1.9114175477941748,1.2727741979352598,9,256.7242987650574,
LINK,-1,LEGACY_SMC,2022-08-22 16:00:00+00:00,2022-08-22 22:45:00+00:00,6.884622956371308,6.9723516685684395,29.824276754716827,205.32890040269464,6.968867234950964,6.772297251598433,SL,-2.616445391902159,0.2066371230986457,0.0,-2.7204180647994574,2.5125246793611296,-1.0827428232431093,27,253.89365654067137,
SOL,-1,LEGACY_SMC,2022-08-22 20:15:00+00:00,2022-08-22 23:30:00+00:00,34.84302847442627,35.266419270331895,6.326898918530218,220.44831917316515,35.24879487289545,34.30200660980069,SL,-2.678750768730949,0.22178769455753064,0.0,-2.790314303701897,2.5672429876505745,-1.0868913917086855,13,250.96693973961118,
LINK,-1,LEGACY_SMC,2022-08-22 23:00:00+00:00,2022-08-22 23:30:00+00:00,6.931613487720489,6.999622564366738,39.356636834964576,272.8049947165575,6.996124502115681,6.845598801860235,SL,-2.6766085310476706,0.27414329898208134,0.0,-2.814349332671473,2.538936565406714,-1.1084756393748816,2,248.1525904069397,
ETH,1,LEGACY_SMC,2022-08-24 02:00:00+00:00,2022-08-24 03:00:00+00:00,1623.2346161865235,1604.894308874519,0.14149860260886193,229.6854298967254,1605.6971574532456,1646.6178944975604,SL,-2.595127856065711,0.22838786596869257,0.0,-2.7086730070860408,2.481525904069397,-1.0915352536292893,4,245.20394749142784,
LINK,1,LEGACY_SMC,2022-08-24 02:00:00+00:00,2022-08-24 11:45:00+00:00,7.083416178703308,7.1770251721391,35.3296178907743,250.25438695491653,7.013209433626463,7.1770251721391,TP,3.3071699692265306,0.2519079719395298,0.0,3.1803891907644593,2.4803774769199136,1.2822198316015219,39,248.3843366821923,
ETH,1,LEGACY_SMC,2022-08-26 00:15:00+00:00,2022-08-26 05:15:00+00:00,1683.5265793945312,1669.7665790769881,0.19217803789999813,323.5368347805364,1670.6018800169966,1700.7595118979107,SL,-2.644369862528768,0.32221464984927206,0.0,-2.804816094987772,2.483843366821923,-1.129224222611321,20,245.41775216981424,
BTC,-1,LEGACY_SMC,2022-08-28 02:45:00+00:00,2022-08-28 05:15:00+00:00,20076.68386,19943.394966134743,0.01833602754427799,368.12662825472137,20176.650530398943,19943.394966134743,TP,2.4439888292597107,0.36690463384009153,0.0,2.26114750954698,1.8329916219447664,1.2335831121518979,10,247.3723575682916,
SOL,-1,LEGACY_SMC,2022-08-28 08:15:00+00:00,2022-08-28 08:45:00+00:00,31.833632152557374,31.537960067778272,11.155257025277724,355.11234870992246,32.0553862161417,31.537960067778272,TP,3.2982981009105945,0.35346319965946715,0.0,3.1223910756060884,2.473723575682916,1.2622231142960652,2,250.31719246954273,
ETH,-1,LEGACY_SMC,2022-08-28 02:45:00+00:00,2022-08-28 11:00:00+00:00,1499.8899034179688,1480.5940067369902,0.16331704968896935,244.95759388449585,1514.3618259287027,1480.5940067369902,TP,3.1513489170405937,0.24338191942597553,0.0,3.030445794556866,2.3635116877804547,1.2821793140370383,33,253.3476382640996,
SOL,-1,LEGACY_SMC,2022-08-28 11:00:00+00:00,2022-08-28 14:00:00+00:00,31.76364645767212,31.40720675122775,9.476970295718667,301.0231339630681,32.0309762375054,31.40720675122775,TP,3.3779685101879724,0.2993341497079741,0.0,3.2291459274615324,2.533476382640996,1.274590893993392,12,256.26028778318977,
XRP,-1,LEGACY_SMC,2022-08-28 12:15:00+00:00,2022-08-28 14:15:00+00:00,0.33504298671483995,0.332749208062984,990.8271354513424,331.96968277972707,0.3367633207037319,0.332749208062984,TP,2.27273813097785,0.33083331371423813,0.0,2.107889658653475,1.7045535982333737,1.2366226916173977,8,258.3681774418432,
LINK,-1,LEGACY_SMC,2022-08-28 15:45:00+00:00,2022-08-28 16:15:00+00:00,6.569685899162293,6.631506295568884,44.16074441329214,290.1222198685154,6.62819219946915,6.49167749875315,SL,-2.7300347252398733,0.29148723723113534,0.0,-2.876460852536751,2.5836817744184324,-1.1133185522370384,2,255.3466554793722,
SOL,-1,LEGACY_SMC,2022-08-28 16:30:00+00:00,2022-08-28 21:45:00+00:00,31.973603542327883,31.590350412930803,8.883481469321339,284.03691457569687,32.261043389375686,31.590350412930803,TP,3.4046220730583694,0.2823346035391677,0.0,3.26430592680705,2.553466554793722,1.2783820961660304,21,258.46894294889137,
BTC,-1,LEGACY_SMC,2022-08-29 12:45:00+00:00,2022-08-29 13:30:00+00:00,19952.10878,20060.326705394004,0.01943170111482006,387.70341442333705,20050.301554616697,19821.185080511066,SL,-2.102858381522198,0.3887548436140982,0.0,-2.297761517924628,1.9080526479865738,-1.20424429606242,3,255.84833756691467,
ETH,-1,LEGACY_SMC,2022-08-29 12:45:00+00:00,2022-08-29 13:30:00+00:00,1482.7034,1497.531330498701,0.17399590078559357,257.9843136808623,1496.7829390291865,1463.9306812944183,SL,-2.579999123907635,0.2592743132428161,0.0,-2.7102812803100202,2.4497820760292153,-1.1063356642330575,3,253.13805628660464,
ETH,1,LEGACY_SMC,2022-08-30 14:00:00+00:00,2022-08-30 14:15:00+00:00,1567.4234073486327,1551.8435833101707,0.1709986255400315,268.02724829588914,1552.619893256799,1587.1614261377442,SL,-2.664128496732544,0.26669518404752285,0.0,-2.796810056632122,2.5313805628660466,-1.104855626080005,1,250.20723260582457,
XRP,1,LEGACY_SMC,2022-08-31 13:45:00+00:00,2022-08-31 14:30:00+00:00,0.3305360897362232,0.3281991934636296,1135.4610300141358,375.31084890873683,0.3283633751512052,0.3334330425162473,SL,-2.653454648715377,0.37398412158437916,0.0,-2.8397833458453876,2.467032740631335,-1.1510926868034441,3,247.17979383552483,
SOL,-1,LEGACY_SMC,2022-09-04 00:30:00+00:00,2022-09-04 02:00:00+00:00,31.22375354232788,31.39433344758538,11.874603424942503,370.76969075328725,31.378644125522623,31.01723276473489,SL,-2.025568727197089,0.3717824751168858,0.0,-2.211966356937331,1.839264249695628,-1.2026365201755975,6,244.78244263321088,
ETH,-1,LEGACY_SMC,2022-09-04 12:15:00+00:00,2022-09-04 12:30:00+00:00,1556.878503417969,1567.7066272734435,0.15693162633878377,244.32347555327357,1566.9231656905984,1543.4856203877962,SL,-1.6992750868374085,0.24517311309669226,0.0,-1.822286462157464,1.576325186467566,-1.156034603647411,1,242.65440760130187,
BTC,-1,LEGACY_SMC,2022-09-04 12:15:00+00:00,2022-09-04 12:45:00+00:00,19780.643079999998,19878.229450403716,0.01856227133085788,367.17366394981633,19868.29530275234,19663.773449663542,SL,-1.8114246856274185,0.36807937629263,0.0,-1.9959172299451404,1.6270243414817651,-1.2267285614961463,2,240.65849037135672,
LINK,1,LEGACY_SMC,2022-09-04 22:30:00+00:00,2022-09-05 00:00:00+00:00,7.124424744987488,7.1940069396046695,46.114956409060106,328.5425365547272,7.072238099024601,7.1940069396046695,TP,3.2087798716180624,0.33014692649053623,0.0,3.04290421340489,2.406584903713567,1.2644075879930217,6,243.53712331648424,
LINK,1,LEGACY_SMC,2022-09-05 09:30:00+00:00,2022-09-05 14:45:00+00:00,7.136427228927612,7.229041831833619,35.06101135600912,250.2103561147637,7.066966276748107,7.229041831833619,TP,3.2471616442197897,0.2518339369368736,0.0,3.120432885340298,2.4353712331648425,1.2812966018676324,21,246.53245102376715,
XRP,-1,LEGACY_SMC,2022-09-05 15:15:00+00:00,2022-09-05 17:00:00+00:00,0.3280044007122517,0.32964560605511,1127.419863064776,369.7986765356507,0.3294808656222989,0.32603578083218876,SL,-1.8503275029065194,0.37072384028710403,0.0,-2.036152004925798,1.664595866705378,-1.2232110181529021,7,244.31139968057352,
ETH,1,LEGACY_SMC,2022-09-06 14:15:00+00:00,2022-09-06 15:00:00+00:00,1646.9092720458984,1671.1810971895184,0.13411017087300467,220.86728388641117,1628.7054031881835,1671.1810971895184,TP,3.2550986174105607,0.22249483319511645,0.0,3.14303742615865,2.4413239630579207,1.287431522288335,3,247.14940965340236,
SOL,1,LEGACY_SMC,2022-09-06 14:15:00+00:00,2022-09-06 15:00:00+00:00,32.63652706832886,33.087366445646666,0.9553980159995492,31.180873210196978,32.298397535340506,33.087366445646666,TP,0.4307310466239037,0.03139623873350893,0.0,0.4149252444954933,0.32304828496792776,1.2844062754788717,3,247.56433489789785,
XRP,1,LEGACY_SMC,2022-09-06 14:00:00+00:00,2022-09-06 17:00:00+00:00,0.3326365005791187,0.3302013352834604,1076.2701896506417,358.00674956301384,0.33036651854273175,0.3356631432943013,SL,-2.6208958145888115,0.35669630165571947,0.0,-2.798588741463024,2.4431139968057356,-1.1455006786920527,12,244.76574615643483,
XRP,-1,LEGACY_SMC,2022-09-07 10:30:00+00:00,2022-09-07 11:45:00+00:00,0.32149568341374396,0.32331188750544637,919.6688159583222,295.6695545008295,0.3231503123492718,0.31928951149970686,SL,-1.6703062665546167,0.29650470763410686,0.0,-1.8189761969383087,1.521710633987243,-1.1953495995307328,5,242.64101018304999,
XRP,-1,LEGACY_SMC,2022-09-07 11:45:00+00:00,2022-09-07 12:45:00+00:00,0.322555480414629,0.32431034376286644,901.4031530067631,290.7525270653578,0.32414826962805243,0.32043176146339775,SL,-1.5818393551972285,0.2915434467429564,0.0,-1.728006538407506,1.435745219055041,-1.2035607122166296,4,240.7676273811098,
SOL,-1,LEGACY_SMC,2022-09-07 08:15:00+00:00,2022-09-07 13:00:00+00:00,31.123773160934448,31.380647145552487,10.148191119343842,315.8499983922672,31.364964663220878,30.802184491219208,SL,-2.6068062894912525,0.3171534015370128,0.0,-2.766034691832132,2.4476574615643485,-1.1300742588647603,19,238.0015926892777,
BTC,-1,LEGACY_SMC,2022-09-07 13:15:00+00:00,2022-09-07 13:30:00+00:00,18815.53614,18910.015926841697,0.01897380900430279,357.00238903391653,18900.565644019687,18702.163467973747,SL,-1.7926414303016025,0.35789870974906735,0.0,-1.9720389455337115,1.6133335690001376,-1.2223380108280282,1,235.73227487937552,
BTC,-1,LEGACY_SMC,2022-09-07 13:45:00+00:00,2022-09-07 16:30:00+00:00,18881.7229,18979.812074574576,0.018630468700261114,351.7753474954535,18970.326911119017,18763.58421850798,SL,-1.8274472967460815,0.3526890711438265,0.0,-2.0042486941421815,1.650734255870414,-1.2141558745840428,11,233.55213851148562,
XRP,-1,LEGACY_SMC,2022-09-07 13:15:00+00:00,2022-09-07 17:15:00+00:00,0.32425512449145316,0.32639285720892713,732.6186134314953,237.5553397029853,0.32622974233775826,0.3216223006963797,SL,-1.5661427793629241,0.23833841109266676,0.0,-1.6857035206040982,1.446641788617123,-1.1652528869745284,16,231.7482350878964,
ETH,-1,LEGACY_SMC,2022-09-07 16:45:00+00:00,2022-09-07 17:45:00+00:00,1553.1193677001954,1569.2477046570991,0.1522096825824138,236.39980597024598,1568.4634729206389,1532.660560739604,SL,-2.4548890487925252,0.23762725049464223,0.0,-2.5743163963020446,2.3355213851148564,-1.102244840363748,4,229.17391869159437,
BTC,-1,LEGACY_SMC,2022-09-07 19:30:00+00:00,2022-09-07 20:15:00+00:00,19104.6783,19227.198932335752,0.017993544441802588,343.76087803739154,19217.590137267118,18954.129183643843,SL,-2.204580442971117,0.3448631682588771,0.0,-2.3775631722112984,2.031684161871474,-1.1702425095548414,3,226.62447508036436,
XRP,1,LEGACY_SMC,2022-09-08 07:15:00+00:00,2022-09-08 07:30:00+00:00,0.3314262842953205,0.32920074911350256,1025.6781936994555,339.93671262054653,0.32936543182941724,0.3341740875831915,SL,-2.2826829053016247,0.3387953711678957,0.0,-2.451509920159247,2.1137714347087266,-1.1597800405023735,1,224.00299680389483,
LINK,1,LEGACY_SMC,2022-09-08 07:30:00+00:00,2022-09-08 09:15:00+00:00,7.027405222892761,7.105082060045653,38.45041499531159,270.2066471604468,6.969147595028092,7.105082060045653,TP,2.9867066240519424,0.2717000004724728,0.0,2.850109947159693,2.2400299680389484,1.2723534898306936,7,226.71800342747432,
SOL,1,LEGACY_SMC,2022-09-09 17:00:00+00:00,2022-09-09 17:30:00+00:00,35.147027389526365,34.695192179612775,5.215216149130061,183.29934483577446,34.712548453839695,35.72633263710859,SL,-2.3564182834869234,0.182121135694031,0.0,-2.446889746763067,2.2659015618499616,-1.0798746900396416,2,224.05161676581517,
XRP,1,LEGACY_SMC,2022-09-09 13:30:00+00:00,2022-09-09 17:45:00+00:00,0.3476495018541813,0.3443946958389963,735.4950419678637,255.694484956348,0.3445669793286606,0.35175953188820897,SL,-2.3938936867357605,0.25449753811298015,0.0,-2.5205439823705666,2.2671800342747432,-1.1117529019599333,17,221.5310727834446,
LINK,1,LEGACY_SMC,2022-09-09 23:30:00+00:00,2022-09-10 01:00:00+00:00,7.673534331321716,7.775817857225652,28.878038872914075,221.59662271254922,7.5968216868937635,7.775817857225652,TP,2.953747637112586,0.22307349653110553,0.0,2.841472451937755,2.215310727834446,1.2826518719183952,6,224.2617469240261,
LINK,1,LEGACY_SMC,2022-09-10 08:00:00+00:00,2022-09-10 08:15:00+00:00,7.647529108428955,7.747316213618632,29.965360954904487,229.16097014721254,7.572688779536698,7.747316213618632,TP,2.990156625653682,0.23065604846003937,0.0,2.874081062267249,2.2426174692402614,1.2815743664214434,1,226.9135218665448,
BTC,1,LEGACY_SMC,2022-09-10 12:30:00+00:00,2022-09-10 13:45:00+00:00,21295.45824,21177.3288859405,0.015983233559186245,340.37028279981723,21187.92284736418,21438.838763514424,SL,-1.8880890561287902,0.3394262382717529,0.0,-2.0573301530006343,1.7187632963770825,-1.1969828290708815,5,224.68600657214427,
BTC,1,LEGACY_SMC,2022-09-10 14:00:00+00:00,2022-09-10 16:30:00+00:00,21182.335619999998,21329.477493433387,0.015910852131905576,337.0290098582164,21071.979214924955,21329.477493433387,TP,2.341152590610222,0.3381995861535215,0.0,2.171467509385809,1.755864442957681,1.2366942779068193,10,226.68895957660098,
XRP,1,LEGACY_SMC,2022-09-10 08:00:00+00:00,2022-09-10 21:45:00+00:00,0.35329062995910643,0.3581912953623923,609.8414480304752,215.45126934986027,0.34961513090664204,0.3581912953623923,TP,2.988628885852711,0.2169455837927866,0.0,2.8794089367348548,2.241471664389525,1.2846064407060327,55,229.56836851333583,
ETH,1,LEGACY_SMC,2022-09-11 20:45:00+00:00,2022-09-11 21:45:00+00:00,1753.8406882324218,1740.5126095866915,0.18428292273766253,323.20288804370426,1741.38330123731,1770.4505375592375,SL,-2.456137287312612,0.32197481940004796,0.0,-2.616510662690808,2.2956836851333584,-1.139752257523585,4,226.79025640662317,
SOL,1,LEGACY_SMC,2022-09-13 00:45:00+00:00,2022-09-13 02:15:00+00:00,36.987395542144775,37.56120091439541,5.269853214446461,194.91814529177435,36.5570415129568,37.56120091439541,TP,3.0238700854216423,0.19643008033448517,0.0,2.9248990777330444,2.267902564066232,1.2896934480680915,6,229.61769641171034,
LINK,-1,LEGACY_SMC,2022-09-13 06:45:00+00:00,2022-09-13 07:45:00+00:00,7.740451702976227,7.809775945422531,35.07794962772045,271.5191749328031,7.805873008918072,7.653223295053767,SL,-2.431752284511327,0.2727350510750587,0.0,-2.568727748119984,2.2948452744077246,-1.119346814692309,4,226.7800401051861,
LINK,-1,LEGACY_SMC,2022-09-13 08:00:00+00:00,2022-09-13 10:00:00+00:00,7.79644025888443,7.707818630651772,34.1195927943338,266.01136687848714,7.862906480058924,7.707818630651772,TP,3.0237338680691175,0.26449949994445254,0.0,2.8922400515639084,2.267800401051861,1.2753503572106333,8,229.53927447331074,
ETH,-1,LEGACY_SMC,2022-09-13 06:45:00+00:00,2022-09-13 10:30:00+00:00,1714.7469478271485,1730.3950458007994,0.15532200959053302,266.33794187574557,1729.5302806604693,1695.0358373827207,SL,-2.4304940235370087,0.26755318888751406,0.0,-2.56487824148665,2.2961769641171035,-1.1170211536691659,15,226.9743962318241,
ETH,-1,LEGACY_SMC,2022-09-13 12:45:00+00:00,2022-09-13 13:00:00+00:00,1674.5650444091798,1628.81005859375,0.09221589630907653,154.42151649804106,1699.178414263666,1641.7472179365316,TP_GAP,4.219337027578941,0.15231184798425157,0.0,4.14423593784371,2.269743962318241,1.8258605405038395,1,231.0414214114188,
LINK,-1,LEGACY_SMC,2022-09-14 03:15:00+00:00,2022-09-14 07:45:00+00:00,7.229553746604919,7.127705370717983,30.246454679899678,218.66836975258462,7.305940028520121,7.127705370717983,TP,3.0805522854856022,0.2171280936098418,0.0,2.972758376752053,2.3104142141141883,1.2866776695674922,18,233.90484560329455,
LINK,-1,LEGACY_SMC,2022-09-14 09:15:00+00:00,2022-09-14 12:15:00+00:00,7.252549386882782,7.336257164385903,29.222952843713077,211.94090872957574,7.332590868951428,7.145827410791254,SL,-2.4461884346257308,0.2131640029468886,0.0,-2.5533819832078315,2.3390484560329456,-1.0916327862392377,12,231.24549316572194,
XRP,-1,LEGACY_SMC,2022-09-14 12:45:00+00:00,2022-09-14 18:00:00+00:00,0.33706258412599566,0.33416839171139595,1029.091498387498,346.86823974858294,0.3392332284369454,0.33416839171139595,TP,2.9783888085621415,0.34537904534430186,0.0,2.806443883092131,2.233791606421592,1.2563588631205824,21,233.87850292893978,
SOL,-1,LEGACY_SMC,2022-09-15 07:00:00+00:00,2022-09-15 07:15:00+00:00,33.86322493209839,34.3822484153313,4.660410889007533,157.81654221046273,34.365065882390105,33.194103665042775,SL,-2.418862692909258,0.15902597355691736,0.0,-2.498980395360944,2.3387850292893977,-1.068495122067811,1,231.3006142624736,
ETH,-1,LEGACY_SMC,2022-09-16 12:00:00+00:00,2022-09-16 12:45:00+00:00,1477.6244599365234,1461.0014953613854,0.16283169566235695,240.60409636363852,1490.091683367877,1461.0014953613854,TP,2.706745508705009,0.239250723609286,0.0,2.587796833277542,2.0300591315287844,1.2747396334848335,3,233.59949609411487,
XRP,-1,LEGACY_SMC,2022-09-16 11:30:00+00:00,2022-09-16 14:30:00+00:00,0.32909417285323145,0.33151707976946465,1024.709444063309,337.22590690890934,0.33135140406743097,0.32608453123429876,SL,-2.482775599150472,0.3384672947084846,0.0,-2.652629940404502,2.3130061426247357,-1.1468322074555195,12,230.94686615371037,
XRP,-1,LEGACY_SMC,2022-09-16 15:00:00+00:00,2022-09-16 15:45:00+00:00,0.3306938501358032,0.333646620692805,828.945901654992,274.12731177258416,0.3334798807524288,0.3269791426469691,SL,-2.4476870517541465,0.2753511552984612,0.0,-2.5859745511663155,2.3094686615371036,-1.1197270585369965,3,228.22382794665776,
SOL,-1,LEGACY_SMC,2022-09-17 04:30:00+00:00,2022-09-17 06:30:00+00:00,32.89342152557373,32.574295815261344,9.53537829855019,313.6512177800194,33.132765808308015,32.574295815261344,TP,3.0429843726221266,0.31212972559370833,0.0,2.887680255918428,2.282238279466578,1.2652842965167328,8,230.9546825936862,
ETH,-1,LEGACY_SMC,2022-09-17 15:45:00+00:00,2022-09-17 16:00:00+00:00,1444.9609500000001,1455.998140212705,0.22402003140264387,323.70019739459417,1455.270504960225,1431.2148767197002,SL,-2.472551698047105,0.32493647324361774,0.0,-2.6356380725934256,2.309546825936862,-1.1411927409284224,1,228.15719442239546,
ETH,-1,LEGACY_SMC,2022-09-17 16:30:00+00:00,2022-09-17 16:45:00+00:00,1456.9485422363282,1469.6301927275222,0.190971227075372,278.23525089654606,1468.8957448550948,1441.0189387446394,SL,-2.421830355644308,0.27944616607436823,0.0,-2.5621588962704034,2.2815719442239546,-1.1229796644181154,1,225.45591790067678,
ETH,-1,LEGACY_SMC,2022-09-17 17:15:00+00:00,2022-09-17 21:15:00+00:00,1467.2065,1450.3621515692796,0.17846216597253206,261.8408499189779,1479.8397613230402,1450.3621515692796,TP,3.006078905342384,0.26033781046630666,0.0,2.8766615198355665,2.254559179006768,1.2759308101652322,16,228.20165899555286,
XRP,1,LEGACY_SMC,2022-09-18 01:15:00+00:00,2022-09-18 01:30:00+00:00,0.3712142312049866,0.36701129189309106,567.7587688081134,210.76013487299352,0.3671948893377599,0.3765733536946222,SL,-2.386255649097023,0.209567007048445,0.0,-2.490442588708971,2.2820165899555285,-1.0913341295023207,1,225.6058363394074,
ETH,-1,LEGACY_SMC,2022-09-19 13:00:00+00:00,2022-09-19 13:30:00+00:00,1317.8563711181641,1332.6893052094345,0.1592483033795166,209.8663911984542,1332.0232935626532,1298.9671411921786,SL,-2.36211958817499,0.21104745099254169,0.0,-2.4682338435683047,2.2560583633940743,-1.0940469819473233,2,223.0326693002399,
BTC,-1,LEGACY_SMC,2022-09-19 14:15:00+00:00,2022-09-19 14:30:00+00:00,19125.074220000002,19309.416851171805,0.012767139578033571,244.17249200699155,19299.766967687963,18892.150556416054,SL,-2.353528102352372,0.24534925605816776,0.0,-2.476791112407044,2.230326693002399,-1.1105059721420731,1,220.43379194182933,
XRP,-1,LEGACY_SMC,2022-09-19 17:00:00+00:00,2022-09-19 17:45:00+00:00,0.3588182190060616,0.36357715866536644,481.5864998375087,172.80201016905784,0.363395460934899,0.35271522976761177,SL,-2.291841093462529,0.1739479307157891,0.0,-2.3793880190937893,2.2043379194182933,-1.0794116447090336,3,217.968002917651,
BTC,-1,LEGACY_SMC,2022-09-21 05:45:00+00:00,2022-09-21 06:00:00+00:00,19028.6935,18894.314408576643,0.01718205216645465,326.9520043764765,19129.477818567517,18894.314408576643,TP,2.308908558916911,0.32579755009701805,0.0,2.1465870110081315,1.7316814191876366,1.2395969531249775,1,219.9511139264709,
XRP,1,LEGACY_SMC,2022-09-21 06:45:00+00:00,2022-09-21 09:15:00+00:00,0.3934886792242527,0.4033130744511792,298.5101323063407,117.46035769627893,0.3861203828040578,0.4033130744511792,TP,2.9326815190196176,0.11892669845578874,0.0,2.8724849994119683,2.199511139264709,1.305965197508494,10,222.7648687470347,
BTC,-1,LEGACY_SMC,2022-09-21 11:00:00+00:00,2022-09-21 12:30:00+00:00,19101.07902,19219.52681146146,0.017493634928722055,334.14730312055207,19209.921850536193,18955.955245951744,SL,-2.0720824219401495,0.33518334433152214,0.0,-2.2401921147113955,1.9040567420089072,-1.176536426297802,6,220.24642938845398,
ETH,-1,LEGACY_SMC,2022-09-21 11:00:00+00:00,2022-09-21 12:30:00+00:00,1345.5607900634766,1356.6379756100484,0.1652449939535209,222.347184618134,1355.9599956122424,1331.695182665122,SL,-1.8304494586652953,0.22326240934746666,0.0,-1.9425382757036949,1.7184166580272338,-1.1304233269792414,6,218.30389111275028,
LINK,-1,LEGACY_SMC,2022-09-21 12:45:00+00:00,2022-09-21 15:00:00+00:00,7.0395916893959045,6.961365322885395,37.20891916639058,261.9355981351271,7.098261464278787,6.961365322885395,TP,2.910718548170004,0.2604802388610421,0.0,2.7812061083765256,2.183038911127503,1.274006658424645,9,220.95412942205922,
XRP,1,LEGACY_SMC,2022-09-21 17:30:00+00:00,2022-09-21 18:00:00+00:00,0.39388876599669453,0.3872060349327114,340.5040332344302,134.12071346760717,0.3873997348001114,0.40254080759213867,SL_AMBIG,-2.2754968803072773,0.13298296502745355,0.0,-2.3414194886009274,2.209541294220592,-1.0596857794535381,2,218.43464735841187,
LINK,-1,LEGACY_SMC,2022-09-21 17:45:00+00:00,2022-09-21 18:00:00+00:00,7.064586784744263,7.138444524362283,31.424971253044973,222.00443662522986,7.134877085819374,6.9708663833107805,SL_AMBIG,-2.3209773443111734,0.22316492529738546,0.0,-2.433140051295944,2.2088706906532543,-1.1015312311361982,1,216.00150730711593,
BTC,-1,LEGACY_SMC,2022-09-21 18:15:00+00:00,2022-09-21 18:30:00+00:00,18862.02684,19220.09552968572,0.006198684845984777,116.91975993766613,19210.49028454345,18397.40891394206,SL,-2.219554960576513,0.11802953741795438,0.0,-2.279124618025634,2.1600150730711594,-1.0551429230468852,1,213.4526788466858,
ETH,-1,LEGACY_SMC,2022-09-21 18:15:00+00:00,2022-09-21 18:30:00+00:00,1318.7161844726563,1349.0200045343374,0.072880735421526,96.10900533663593,1348.3458316185283,1279.2099882781604,SL,-2.2085646921769126,0.09721328768272439,0.0,-2.2577234771913193,2.159430474271471,-1.0455180215760405,1,211.1949553694945,
SOL,-1,LEGACY_SMC,2022-09-21 18:15:00+00:00,2022-09-21 18:30:00+00:00,31.303737466049196,31.96597576332092,3.9869528296938217,124.80652467025735,31.845241221289406,30.58173245906225,SL_GAP,-2.6403128532391182,0.1261266810968769,0.0,-2.7040362720008666,2.1589499292447876,-1.2524775287154313,1,208.49091909749362,
LINK,-1,LEGACY_SMC,2022-09-21 18:15:00+00:00,2022-09-21 18:30:00+00:00,6.924614918231964,7.059528232812881,20.07786407857143,139.0314771247094,7.032112702267915,6.7812845395173635,SL_GAP,-2.7087711925451994,0.140385862720982,0.0,-2.7796413167038265,2.1583258966214367,-1.2878691401771039,1,205.7112777807898,
XRP,-1,LEGACY_SMC,2022-09-21 18:15:00+00:00,2022-09-21 18:30:00+00:00,0.3911017726480961,0.4076137007921934,159.9095737056586,62.54091773968446,0.4001114555717545,0.37908886208321824,SL_GAP,-2.6404153905810657,0.06386112543497499,0.0,-2.6730060571461984,1.4407345555453652,-1.85530779896813,1,203.0382717236436,
BTC,-1,LEGACY_SMC,2022-09-22 07:30:00+00:00,2022-09-22 08:15:00+00:00,18858.327579999997,19029.75272778491,0.012539804126618445,236.4797340088064,19020.242606481672,18642.440878024434,SL,-2.1496377755994396,0.2375545528966061,0.0,-2.2689524614916423,2.030382717236436,-1.1174998891735666,3,200.51579682126155,
ETH,-1,LEGACY_SMC,2022-09-22 07:30:00+00:00,2022-09-22 08:15:00+00:00,1271.9755344726564,1285.2604512844282,0.1605048863486786,204.15828859883342,1284.6181422133216,1255.1187241517696,SL,-2.132294063025088,0.20522443563034598,0.0,-2.2354393543560174,2.029200318566392,-1.1016356216301657,3,198.28035746690554,
LINK,-1,LEGACY_SMC,2022-09-22 08:00:00+00:00,2022-09-22 08:15:00+00:00,6.87862411441803,6.937804391812855,9.654090421079509,66.40685917320963,6.934337223201255,6.804339969373729,SL,-0.5713317491142073,0.06669252504776674,0.0,-0.6048208445753692,0.5378593898326931,-1.1244962085044294,1,197.67553662233018,
BTC,-1,LEGACY_SMC,2022-09-22 08:15:00+00:00,2022-09-22 08:30:00+00:00,18911.416960000002,19137.964200000002,0.012841356408021655,242.84824536406543,19065.3536083893,18706.168095480938,SL_GAP,-2.909173852093618,0.24430283229011224,0.0,-3.0320525617016973,1.9767553662233022,-1.5338532089049528,1,194.41715275482906,
ETH,-1,LEGACY_SMC,2022-09-22 08:15:00+00:00,2022-09-22 08:30:00+00:00,1276.4446111816408,1289.944698852539,0.16437404678337214,209.8143662347543,1288.463182018435,1260.4198500659152,SL_GAP,-2.219064042395848,0.2109238982559522,0.0,-2.325080757534423,1.9755411249964814,-1.1769336148537854,1,192.09207199729462,
ETH,-1,LEGACY_SMC,2022-09-22 09:00:00+00:00,2022-09-22 10:30:00+00:00,1288.752207763672,1302.430777157407,0.14744918520036687,190.02546295992735,1301.7798872138,1271.3819684968346,SL,-2.0168939118128963,0.1910339099158338,0.0,-2.1129150902487663,1.9209207199729463,-1.0999491380771425,6,189.8841441755659,
ETH,-1,LEGACY_SMC,2022-09-22 10:45:00+00:00,2022-09-22 11:45:00+00:00,1293.0913055908204,1306.6319687922924,0.1473377961155251,190.52122314189847,1305.9789793026412,1275.907740641726,SL,-1.9950514740474667,0.19151874887892223,0.0,-2.09130961135544,1.8988414417556587,-1.101360843179105,4,187.69757395263952,
ETH,1,LEGACY_SMC,2022-09-23 09:00:00+00:00,2022-09-23 09:30:00+00:00,1318.133569116211,1305.7743305584504,0.1603427101774174,211.35310884792543,1306.4275443306155,1333.7416021636716,SL,-1.9817138060805688,0.21036225194488517,0.0,-2.0863995036014913,1.8769757395263953,-1.1115751043899686,2,185.40963219581172,
LINK,1,LEGACY_SMC,2022-09-23 09:00:00+00:00,2022-09-23 09:45:00+00:00,7.0514101907730105,7.143399117889859,27.190504086059057,191.731397604692,6.982418495435374,7.143399117889859,TP,2.5012252986428662,0.19298201025401346,0.0,2.404108987191199,1.8759189739821558,1.281563340706456,3,187.81374118300292,
XRP,1,LEGACY_SMC,2022-09-24 07:30:00+00:00,2022-09-24 14:15:00+00:00,0.4908881675004959,0.47883993286619353,159.046992750057,78.07428681754014,0.4790794726024947,0.5066330940311642,SL,-1.9162354865328761,0.0771161690742737,0.0,-1.9543145121983798,1.8781374118300291,-1.0405599185067747,27,185.82038952739578,
SOL,1,LEGACY_SMC,2022-09-24 18:15:00+00:00,2022-09-24 19:30:00+00:00,33.43668630523682,33.853785192163464,5.9400906388281935,198.6169473151721,33.12386214004184,33.853785192163464,TP,2.4776051936986243,0.19985574991202143,0.0,2.377057917444189,1.8582038952739577,1.2792234068015103,5,188.09813897118238,
ETH,1,LEGACY_SMC,2022-09-24 21:30:00+00:00,2022-09-24 21:45:00+00:00,1328.0656088378905,1318.4337937418757,0.20964390502419264,278.4208603651073,1319.0933404120817,1340.0286334056357,SL,-2.0192513291995247,0.27741123470050755,0.0,-2.1574521337174786,1.880981389711824,-1.1469821793654276,1,185.80147640728237,
LINK,1,LEGACY_SMC,2022-09-24 23:45:00+00:00,2022-09-25 00:30:00+00:00,7.619523630523681,7.72913414357796,22.590201008236487,172.12657040053782,7.537315745732972,7.72913414357796,TP,2.476123522512093,0.17336463216179387,0.0,2.388822175550568,1.857092641884075,1.2863236446443715,3,188.01202307875778,
SOL,1,LEGACY_SMC,2022-09-24 22:15:00+00:00,2022-09-25 04:15:00+00:00,33.38667706832886,33.8351565986499,5.523893179673853,184.4244377497152,33.05031742058807,33.8351565986499,TP,2.477353018763752,0.1856631142590971,0.0,2.3839021233795123,1.8580147640728235,1.2830372338667149,24,190.39592520213728,
LINK,1,LEGACY_SMC,2022-09-25 14:15:00+00:00,2022-09-25 15:15:00+00:00,7.789557706832886,7.913721791504281,20.44562518015611,159.26237719310154,7.69643464332934,7.913721791504281,TP,2.5386123360285033,0.16053168336111578,0.0,2.4577118412639383,1.9039592520213728,1.2908426683263647,4,192.77400585480467,
LINK,1,LEGACY_SMC,2022-09-25 17:15:00+00:00,2022-09-25 21:30:00+00:00,7.799559458827972,7.696539444515964,19.4387775274404,151.6139011322004,7.700389639335631,7.931785884817761,SL,-2.0025831390848565,0.15061260956265798,0.0,-2.0773887980814143,1.9277400585480466,-1.0776291071349533,17,190.62081010615717,
LINK,1,LEGACY_SMC,2022-09-25 22:15:00+00:00,2022-09-25 22:30:00+00:00,7.729545764064788,7.862847424156802,19.06661027072761,147.3762366531768,7.629569518995778,7.862847424156802,TP,2.5416108014154233,0.14864704205388451,0.0,2.466651877688127,1.9062081010615717,1.2940097549236325,1,193.0137738655187,
XRP,-1,LEGACY_SMC,2022-09-27 03:15:00+00:00,2022-09-27 06:30:00+00:00,0.4781143601834774,0.4851501611412462,284.1217604622598,135.84269371761656,0.4849077072876024,0.46905656404464413,SL,-1.999024154383322,0.1368422057948082,0.0,-2.067945013319322,1.930137738655187,-1.0713976375386305,13,190.87790750534054,
SOL,1,LEGACY_SMC,2022-09-27 16:00:00+00:00,2022-09-27 16:15:00+00:00,34.39687738952637,33.83307347488404,5.105666344487541,175.61897924316924,34.02302235352029,34.8953507708678,SL_GAP,-2.8785946718796613,0.17417968190722943,0.0,-2.964964864165306,1.9087790750534055,-1.5533305571690375,1,187.74447612289703,
LINK,1,LEGACY_SMC,2022-09-27 16:00:00+00:00,2022-09-27 16:15:00+00:00,8.129625859451293,8.029458040105471,19.842740625726332,161.3140573132895,8.033474777494218,8.257827302060727,SL,-1.9876040583237622,0.16032025528412763,0.0,-2.067267284951245,1.9079009801571898,-1.0835296519324211,1,185.67720883794578,
SOL,-1,LEGACY_SMC,2022-09-28 13:30:00+00:00,2022-09-28 14:30:00+00:00,32.7534463218689,33.106825964578775,5.512416559803343,180.55063989530004,33.09028082416669,32.30433365213851,SL,-1.9479757943713036,0.18152462779248568,0.0,-2.039225102216139,1.8567720883794578,-1.098263548325913,4,183.40612903237997,
BTC,-1,LEGACY_SMC,2022-09-28 13:45:00+00:00,2022-09-28 14:30:00+00:00,19135.97204,19317.738009691835,0.010782921090331367,206.34167649410736,19308.083967707982,18906.489469722696,SL,-1.9599681080946139,0.20732166054815468,0.0,-2.064118930395715,1.8558693351799815,-1.1122113455231681,3,181.34201010198424,
ETH,-1,LEGACY_SMC,2022-09-28 13:45:00+00:00,2022-09-28 14:30:00+00:00,1313.5372888183595,1329.8914694023686,0.058481088404482205,76.81709030997035,1329.2268559743814,1292.6178659436637,SL,-0.9564102805163026,0.07729529545022851,0.0,-0.995297030811546,0.9175429638793768,-1.0847416088325985,3,180.3467130711727,
XRP,-1,LEGACY_SMC,2022-09-28 15:00:00+00:00,2022-09-28 17:45:00+00:00,0.43558285439610483,0.42750257824057736,297.5916657630609,129.62582721756567,0.44164306151275046,0.42750257824057736,TP,2.4046228409489636,0.1284235157970912,0.0,2.3410122387606553,1.803467130711727,1.2980620488696069,11,182.62291239632458,
XRP,-1,LEGACY_SMC,2022-09-29 20:00:00+00:00,2022-09-29 20:15:00+00:00,0.4407618196547031,0.4527062283307314,377.7165159384791,166.48301887867873,0.4455967396195497,0.43431525970157436,SL_GAP,-4.511600430054733,0.1687388190937061,0.0,-4.597097739709099,1.8262291239632458,-2.517262308101061,1,177.94257314717612,
SOL,1,LEGACY_SMC,2022-09-30 12:45:00+00:00,2022-09-30 14:30:00+00:00,34.096818152618404,34.574742615147606,4.964315133413792,169.26735035630165,33.738374805721506,34.574742615147606,TP,2.372567641962372,0.17045363417728282,0.0,2.28674768296324,1.7794257314717612,1.2851043134415467,7,180.14468715496122,
SOL,-1,LEGACY_SMC,2022-10-01 10:00:00+00:00,2022-10-01 11:15:00+00:00,33.10337861022949,32.85659085650547,8.159817972063493,270.1175437197728,33.28846942552251,32.85659085650547,TP,2.013743148122448,0.2691106721457116,0.0,1.8796912478366228,1.510307361091836,1.2445753071598291,5,181.8229949558253,
XRP,1,LEGACY_SMC,2022-10-01 02:15:00+00:00,2022-10-01 13:15:00+00:00,0.4723744516789913,0.48092790459056123,280.81398084476,132.64935022533828,0.46595936199531385,0.48092790459056123,TP,2.40192916206616,0.13385031480637136,0.0,2.3344035223724577,1.8014468715496121,1.2958492194468072,44,184.15739847819776,
BTC,-1,LEGACY_SMC,2022-10-02 05:45:00+00:00,2022-10-02 06:00:00+00:00,19327.93364,19384.361427888434,0.014292065714961583,276.2360977172966,19374.674090843015,19265.613038875978,SL,-0.806469652651426,0.27663933254362233,0.0,-0.9449909363364,0.6680175949953079,-1.4146198295017027,1,182.98238344132469,
ETH,-1,LEGACY_SMC,2022-10-02 05:45:00+00:00,2022-10-02 08:30:00+00:00,1313.5872055908203,1307.5687510948028,0.13993140506676666,183.81210335605118,1318.1010464628334,1307.5687510948028,TP,0.8421707939581294,0.18339101795907212,0.0,0.7506858276770829,0.631628095468597,1.1884934078496912,11,183.73306926900176,
SOL,-1,LEGACY_SMC,2022-10-02 19:15:00+00:00,2022-10-02 21:00:00+00:00,32.773442779541014,32.52692425778439,8.409235665517174,275.5996039035026,32.958331670858485,32.52692425778439,TP,2.0730323453664012,0.2745630877308194,0.0,1.936269059587333,1.554774259024801,1.245369897493554,7,185.53153852663735,
SOL,-1,LEGACY_SMC,2022-10-03 12:15:00+00:00,2022-10-03 12:45:00+00:00,32.4935,32.67937217355118,5.699098801049439,185.18366689189992,32.66304065322457,32.26744579570057,SL,-1.0593038814339952,0.18571331883261694,0.0,-1.152425366820662,0.9662289335213008,-1.1927042617330776,2,184.14737267247577,
BTC,-1,LEGACY_SMC,2022-10-03 06:15:00+00:00,2022-10-03 13:00:00+00:00,19234.45234,19344.903825831476,0.01446868893746501,278.297307789956,19335.236207727612,19100.07384969652,SL,-1.5980881911764504,0.2790963518855442,0.0,-1.7380358891670167,1.45821043206544,-1.1918964855471688,27,182.31830122136316,
SOL,-1,LEGACY_SMC,2022-10-03 12:45:00+00:00,2022-10-03 13:00:00+00:00,32.53349291534424,32.719984326257574,5.596421028784173,182.0711238912334,32.70363251000258,32.30664012246646,SL,-1.0436844537230112,0.18259296611809495,0.0,-1.1352418578954895,0.9521728053747353,-1.192264525396423,1,181.18305936346766,
ETH,-1,LEGACY_SMC,2022-10-03 13:00:00+00:00,2022-10-03 13:15:00+00:00,1301.5595822998048,1309.6144409179688,0.2088068750298672,271.7745890452015,1308.628055239618,1292.1349517133872,SL_GAP,-1.6819098568662112,0.27261554397363463,0.0,-1.818638106317245,1.4759457457955976,-1.2321849305761043,1,179.13811229206422,
LINK,-1,LEGACY_SMC,2022-10-03 13:00:00+00:00,2022-10-03 13:15:00+00:00,7.196560354232788,7.249163439828966,25.12913561835063,180.84334112716118,7.245540669494219,7.131253267217546,SL,-1.3218700718900773,0.18150427616310622,0.0,-1.4129526774896028,1.2308329848340795,-1.147964585690782,1,177.7251596145746,
LINK,-1,LEGACY_SMC,2022-10-03 13:30:00+00:00,2022-10-03 14:15:00+00:00,7.201559468650818,7.258608742657884,33.268294011617584,239.58359774522393,7.254981252031869,7.13033042414275,SL,-1.8979320208164063,0.24053256375563214,0.0,-2.0186727856994264,1.777251596145746,-1.1358396245513245,3,175.58669503000255,
LINK,-1,LEGACY_SMC,2022-10-03 15:15:00+00:00,2022-10-03 19:15:00+00:00,7.269545708465576,7.181860297621822,26.69949209572676,194.09317818270105,7.3353097665983915,7.181860297621822,TP,2.341155933733367,0.19292260021583435,0.0,2.2452799226088835,1.7558669503000255,1.2787301009482706,16,177.73492836352008,
LINK,-1,LEGACY_SMC,2022-10-03 21:30:00+00:00,2022-10-04 00:00:00+00:00,7.29654025888443,7.361187270930539,29.152043179945277,212.709056691208,7.357508516672203,7.215249248500732,SL,-1.8845924866226091,0.2136513529345193,0.0,-1.9918893112115243,1.777349283635201,-1.1207078594802289,10,175.63668452396294,
ETH,1,LEGACY_SMC,2022-10-04 17:30:00+00:00,2022-10-04 19:45:00+00:00,1345.8191588378907,1357.5815431493065,0.19575811880508281,263.4550267859444,1336.9973706043288,1357.5815431493065,TP,2.3025822254651906,0.26460631789867706,0.0,2.1697034209594857,1.7269366690988817,1.256388528765007,9,177.67466043152945,
XRP,1,LEGACY_SMC,2022-10-05 03:00:00+00:00,2022-10-05 05:15:00+00:00,0.47360469912886616,0.4793737686457695,410.6373593660507,194.47978303363053,0.4692778969911886,0.4793737686457695,TP,2.3689954724203774,0.19566428076984071,0.0,2.270571083167352,1.7767466043152944,1.2779374828423342,9,179.72325973902178,
ETH,1,LEGACY_SMC,2022-10-05 04:30:00+00:00,2022-10-05 06:45:00+00:00,1349.8199588378907,1358.1142917019295,0.18481262384886762,249.4637683164011,1343.5992091898615,1358.1142917019295,TP,1.5328974196788998,0.25023021702624054,0.0,1.40739908681086,1.1496730647591853,1.2241733149638143,9,181.13065882583265,
BTC,1,LEGACY_SMC,2022-10-05 08:30:00+00:00,2022-10-05 11:30:00+00:00,20084.316059999997,19971.036216909775,0.013527769002792175,271.695988238749,19981.026730274913,20222.03516630011,SL,-1.5324235499970682,0.2709297764637505,0.0,-1.6675053323414442,1.397274192974183,-1.1933987908214763,12,179.32730549937182,
BTC,1,LEGACY_SMC,2022-10-05 14:00:00+00:00,2022-10-05 14:15:00+00:00,19925.18424,19795.05767789292,0.01350004873275178,268.9909582490577,19804.960157971906,20085.483016037455,SL,-1.756714929871003,0.26811260078412225,0.0,-1.8903320515305964,1.6230309662296043,-1.1646925356710527,1,177.3024779687167,
BTC,1,LEGACY_SMC,2022-10-06 08:30:00+00:00,2022-10-06 12:30:00+00:00,20165.43228,20308.364883354592,0.013188594881590857,265.95371695307506,20058.23282748406,20308.364883354592,TP,1.8850802010148187,0.26689625705358244,0.0,1.7511608024377736,1.4138101507611018,1.2386109984392633,16,178.83217689476666,
SOL,1,LEGACY_SMC,2022-10-06 08:30:00+00:00,2022-10-06 12:30:00+00:00,33.99679967880249,34.26503282057743,5.205491031347542,176.97003582252535,33.79562482247128,34.26503282057743,TP,1.3962852138196362,0.17766817842943516,0.0,1.3071020533014637,1.047213910364727,1.2481710187044994,16,180.13927894806812,
XRP,1,LEGACY_SMC,2022-10-06 14:15:00+00:00,2022-10-06 16:45:00+00:00,0.49208839800953863,0.4985744977633933,370.3083738749931,182.22445446966265,0.48722382319414764,0.4985744977633933,TP,2.4018570526409153,0.1834253829959831,0.0,2.3095438968797635,1.8013927894806812,1.2820878990781215,10,182.35771061771305,
XRP,1,LEGACY_SMC,2022-10-06 23:15:00+00:00,2022-10-07 01:45:00+00:00,0.4920783824265003,0.48686699893658436,367.077327971043,180.6308177734328,0.4871105542136912,0.4987021533769124,SL,-1.9129807265107577,0.17967432741017741,0.0,-2.0023396450342186,1.8235771061771306,-1.0980285057602188,10,180.26505556379212,
LINK,-1,LEGACY_SMC,2022-10-07 06:30:00+00:00,2022-10-07 06:45:00+00:00,7.714456880092621,7.7689334260203236,35.05076086995275,270.3975833456882,7.7650509005700386,7.646998186122731,SL,-1.909444384332893,0.27135230553785467,0.0,-2.0455978981979035,1.773358913203448,-1.153516010192587,1,178.08425887392136,
BTC,-1,LEGACY_SMC,2022-10-07 12:30:00+00:00,2022-10-07 12:45:00+00:00,20018.9954,19780.9,0.013343646020862866,267.126388310882,20113.263369766515,19893.304773644646,TP_GAP,3.17706073679573,0.2655378579424842,0.0,3.045086073008687,1.257878419669783,2.4208111256158444,1,180.90690657733035,
ETH,1,LEGACY_SMC,2022-10-07 12:30:00+00:00,2022-10-07 12:45:00+00:00,1355.401030883789,1336.571370239258,0.13114225741191202,177.75035088853275,1348.404563888347,1364.7296535443784,SL_GAP,-2.4693642032240377,0.17651566878692074,0.0,-2.557004696566692,0.9175324756902022,-2.7868274576801406,1,178.34990188076367,
LINK,-1,LEGACY_SMC,2022-10-08 00:30:00+00:00,2022-10-08 03:15:00+00:00,7.637472138977051,7.582892059687365,35.0279317492839,267.5248528211455,7.678407198444315,7.582892059687365,TP,1.9118272922296407,0.26656893917503066,0.0,1.7790207794651827,1.433870469172207,1.2407123360956276,11,179.99516023381827,
ETH,-1,LEGACY_SMC,2022-10-09 07:00:00+00:00,2022-10-09 10:30:00+00:00,1316.5466965820312,1320.7136520198294,0.20507646333523324,269.9927403507274,1320.0536252072259,1311.8707917484385,SL,-0.8545444840591634,0.27042001259275694,0.0,-0.9899681264765566,0.719188519624007,-1.3765071319465914,14,178.78036690251216,
SOL,-1,LEGACY_SMC,2022-10-09 08:15:00+00:00,2022-10-09 10:30:00+00:00,32.70345708465576,32.81198856918567,5.493537543854164,179.65766930837987,32.79559077379877,32.580612165798414,SL,-0.5962217849553009,0.1799557802008575,0.0,-0.6863487305019684,0.5061398803609228,-1.3560455461690564,9,178.09401817201018,
BTC,-1,LEGACY_SMC,2022-10-09 11:00:00+00:00,2022-10-09 11:15:00+00:00,19486.002020000004,19551.93458825682,0.013709381071798492,267.14102725801524,19542.16350650357,19411.12003799525,SL,-0.9038947032750555,0.2675929746096528,0.0,-1.0379171642557006,0.7699392200360579,-1.3480507775757842,1,176.83365044818152,
ETH,-1,LEGACY_SMC,2022-10-09 11:00:00+00:00,2022-10-09 11:15:00+00:00,1322.2355,1327.3929306920957,0.13443905559027702,177.76009188793773,1326.7295659091412,1316.243412121145,SL,-0.6933601115176492,0.17810677194369656,0.0,-0.7825868375173769,0.6041779765854063,-1.2952918971662497,1,176.05106361066413,
BTC,-1,LEGACY_SMC,2022-10-09 11:30:00+00:00,2022-10-09 19:00:00+00:00,19519.49532,19444.671570210186,0.013528863891548408,264.07659541599617,19575.61313234236,19444.671570210186,TP,1.0122803267616856,0.26357045525261535,0.0,0.8807481692170683,0.7592102450712396,1.1600846734285368,30,176.71191299824002,
ETH,-1,LEGACY_SMC,2022-10-09 11:30:00+00:00,2022-10-09 19:00:00+00:00,1325.4648344726563,1319.4457341559555,0.13257308930138895,175.72096786639418,1329.9791597101819,1319.4457341559555,TP,0.7979707237999956,0.1753219825044942,0.0,0.7105092252286984,0.5984780428499892,1.1871934713681556,30,177.42242222346871,
LINK,1,LEGACY_SMC,2022-10-10 06:15:00+00:00,2022-10-10 08:00:00+00:00,7.599519649600983,7.549471637165714,35.019796724807016,266.13363333520306,7.553248261296361,7.6612148340071435,SL,-1.7526712219637386,0.2652572977242212,0.0,-1.8848617030203583,1.6204146126024506,-1.1631971770442104,7,175.40449370378076,
XRP,1,LEGACY_SMC,2022-10-10 08:00:00+00:00,2022-10-10 08:15:00+00:00,0.5225344886898994,0.5176565847733631,379.7500299578704,198.43248773400978,0.5179155425446353,0.5286930835502515,SL,-1.8523841584362764,0.19750629565479166,0.0,-1.950674210224063,1.7540449370378077,-1.1121004764668792,1,173.3546032496897,
ETH,-1,LEGACY_SMC,2022-10-11 12:15:00+00:00,2022-10-11 12:30:00+00:00,1287.2425,1293.372104498667,0.20200692944377963,260.0319048745345,1292.7257416278533,1279.9315111628623,SL,-1.238222583480509,0.26065101616627473,0.0,-1.3688576472095164,1.1076528046409375,-1.235818337184866,1,171.7692148683586,
SOL,-1,LEGACY_SMC,2022-10-11 12:15:00+00:00,2022-10-11 13:30:00+00:00,31.593680381393433,31.395309175580227,5.476714370716345,173.02956336859648,31.74245878575334,31.395309175580227,TP,1.0864224336135169,0.1724863521517897,0.0,1.0004508631460254,0.8148168252101425,1.2278230299036934,5,172.64146899460349,
ETH,-1,LEGACY_SMC,2022-10-11 12:45:00+00:00,2022-10-11 13:30:00+00:00,1287.3924944091798,1279.2580190913002,0.1991571917000853,256.39347380230004,1293.4933508975896,1279.2580190913002,TP,1.6200392602625608,0.25558345417216877,0.0,1.492652542991542,1.2150294451969434,1.2284908393718794,3,174.13412153759504,
XRP,-1,LEGACY_SMC,2022-10-11 14:45:00+00:00,2022-10-11 15:00:00+00:00,0.4935312660098076,0.49954128567163103,302.296563238735,149.19280556562677,0.4992916398517052,0.4858507675539442,SL,-1.8168082887664403,0.15010120971001,0.0,-1.892313095693637,1.7413412153759507,-1.0866986199973978,1,172.1672120391186,
ETH,-1,LEGACY_SMC,2022-10-11 16:00:00+00:00,2022-10-11 18:45:00+00:00,1293.1013133544923,1281.522023300783,0.19824728602017305,256.35382592164945,1301.7857808947742,1281.522023300783,TP,2.295562827188233,0.25520604450805534,0.0,2.168533695641002,1.721672120391186,1.259550915622821,11,174.2075688217988,
ETH,-1,LEGACY_SMC,2022-10-12 04:15:00+00:00,2022-10-12 05:45:00+00:00,1288.5222732910156,1294.66033140126,0.20279925201857993,261.3113532326982,1294.0133247388906,1281.2008713605155,SL,-1.2447935936041428,0.26193375002950026,0.0,-1.3760716670172939,1.1135811264245805,-1.2357174833193358,6,172.70084147816513,
ETH,-1,LEGACY_SMC,2022-10-12 05:45:00+00:00,2022-10-12 06:15:00+00:00,1292.751407763672,1298.6238102253112,0.2003875305503476,259.0512622172477,1297.9748228139044,1285.7868543633622,SL,-1.1767562276856698,0.25963964033109055,0.0,-1.3068702369081364,1.0467072429556028,-1.2485537342971924,2,171.17825709644816,
BTC,-1,LEGACY_SMC,2022-10-12 06:00:00+00:00,2022-10-12 06:30:00+00:00,19108.577520000003,19167.159537406584,0.009020924096520267,172.3770274003935,19157.58074703307,19043.23988395591,SL,-0.5284639324457976,0.17264125936661642,0.0,-0.6149166781122173,0.4420543915498443,-1.3910430251723485,2,170.56334041833594,
SOL,-1,LEGACY_SMC,2022-10-12 06:45:00+00:00,2022-10-12 12:30:00+00:00,31.37372316093445,31.135882751005084,8.154754515908838,255.8450106275039,31.552103468381475,31.135882751005084,TP,1.9395301569371017,0.2548752455490354,0.0,1.8125774167018183,1.4546476177028336,1.246059454291909,23,172.16287356264647,
BTC,-1,LEGACY_SMC,2022-10-12 07:00:00+00:00,2022-10-12 12:30:00+00:00,19148.369560000003,19074.271475268244,0.008890758746931742,170.24353415505155,19203.943123548823,19074.271475268244,TP,0.6587881949597733,0.16991414005757166,0.0,0.5739958219797274,0.494091146219838,1.1617205172997314,22,172.7368693846262,
XRP,-1,LEGACY_SMC,2022-10-12 12:45:00+00:00,2022-10-12 15:45:00+00:00,0.4909118082404137,0.4955955036755966,389.395922887325,191.1590566260614,0.4953478297607163,0.48499711288001024,SL,-1.8238119065062095,0.19207096257931452,0.0,-1.9203033407724934,1.727368693846262,-1.111692800508403,12,170.72098651554066,
XRP,-1,LEGACY_SMC,2022-10-12 15:45:00+00:00,2022-10-12 17:30:00+00:00,0.4941511495232582,0.4882180546626743,383.65808632683843,189.58508438230064,0.49860097066869613,0.4882180546626743,TP,2.276279820207223,0.18844694447219704,0.0,2.1826254179261766,1.7072098651554066,1.2784751672738799,7,172.80881939127568,
XRP,-1,LEGACY_SMC,2022-10-13 12:30:00+00:00,2022-10-13 15:30:00+00:00,0.46741651276946067,0.4757846244213939,212.54813093678894,99.34850615814061,0.475546850995896,0.45657606180088023,SL,-1.7786264910887757,0.10023781940368501,0.0,-1.8291900574133904,1.7280881939127568,-1.058505036870669,12,170.9299550807832,
LINK,-1,LEGACY_SMC,2022-10-13 16:15:00+00:00,2022-10-13 18:15:00+00:00,6.857628405952454,6.983891679589519,13.922430305486666,95.47485354279866,6.980401478850094,6.6939309754222664,SL,-1.7578916273546266,0.09635379935647596,0.0,-1.8065079999397031,1.7092995508078321,-1.0568703414717036,8,169.0757096540721,
BTC,1,LEGACY_SMC,2022-10-14 14:30:00+00:00,2022-10-14 15:15:00+00:00,19463.69196,19316.112254861102,0.012259252543374465,238.61031516408713,19325.775142432318,19647.581050090244,SL,-1.8092168755744906,0.23770570672629987,0.0,-1.927617424718747,1.6907570965407215,-1.1400912813926023,3,166.9368967237328,
ETH,1,LEGACY_SMC,2022-10-14 14:30:00+00:00,2022-10-14 15:15:00+00:00,1318.1035338134766,1307.4645079828863,0.1394281187801934,183.7806960771381,1308.1185672665194,1331.4168225427527,SL,-1.48337935721309,0.18303900639853155,0.0,-1.5745280155730526,1.3921851017253974,-1.1309760560012239,3,165.36236870815972,
BTC,1,LEGACY_SMC,2022-10-14 15:30:00+00:00,2022-10-14 16:00:00+00:00,19404.580140000002,19246.45687871001,0.011135871579685572,216.0869124967571,19256.084921170594,19602.57376510588,SL,-1.760840331486409,0.2152064923310139,0.0,-1.8680033675690444,1.6536236870815972,-1.1296423619002434,2,163.2877974340258,
ETH,1,LEGACY_SMC,2022-10-14 15:30:00+00:00,2022-10-14 16:00:00+00:00,1315.4730029296875,1303.8218588020484,0.14979319240620984,197.0489006330213,1304.4740958499733,1330.1382123693065,SL,-1.7452620740639255,0.19617626959598933,0.0,-1.8429138933434042,1.6475614044496485,-1.1185706877850852,2,161.4448835406824,
LINK,-1,LEGACY_SMC,2022-10-15 12:15:00+00:00,2022-10-15 22:00:00+00:00,6.947610081768036,6.887254399155414,34.856205581617296,242.1673253110236,6.992876843727503,6.887254399155414,TP,2.1037700811643942,0.2411154402704414,0.0,1.9837383035494647,1.577827560873311,1.2572592549032966,39,163.30753818157638,
ETH,-1,LEGACY_SMC,2022-10-16 05:15:00+00:00,2022-10-16 08:15:00+00:00,1285.3228400634766,1290.7291474197123,0.12681742786072017,163.00133654748592,1290.0841053670288,1278.974486325407,SL,-0.6856139931422928,0.16334414354405707,0.0,-0.7674574684126069,0.603811419158973,-1.2710217860430175,12,162.33609939125384,
ETH,-1,LEGACY_SMC,2022-10-16 08:30:00+00:00,2022-10-16 10:30:00+00:00,1288.2623155273438,1282.558857529521,0.12488057693429852,160.87894120577002,1292.539909025711,1282.558857529521,TP,0.7122511252886569,0.1605228156431257,0.0,0.6321677802484161,0.5341883439664997,1.1834173983550285,8,162.88782770089935,
LINK,1,LEGACY_SMC,2022-10-16 14:30:00+00:00,2022-10-16 15:00:00+00:00,7.020403853416442,7.066508929944488,23.112382901009564,162.25826197988383,6.985825046020408,7.066508929944488,TP,1.0655981823965468,0.1627910610710821,0.0,0.9839362523154066,0.7991986367974051,1.2311535668507803,2,163.7906348222248,
BTC,-1,LEGACY_SMC,2022-10-16 01:45:00+00:00,2022-10-16 19:30:00+00:00,19147.1698,19209.509314065097,0.012793603954583647,244.96130727236456,19199.909359385405,19076.850387486124,SL,-0.797547053670052,0.24536008079919958,0.0,-0.9204264808330693,0.6747290355161204,-1.3641423925517118,71,162.87020834139173,
XRP,-1,LEGACY_SMC,2022-10-17 11:30:00+00:00,2022-10-17 12:30:00+00:00,0.47419515531063083,0.47776589243614964,488.8100261169346,231.7913462519133,0.47752712887171384,0.4697525238958535,SL,-1.7454121075815565,0.23266405230570408,0.0,-1.8621804867613039,1.6287020834139174,-1.1433524311935508,4,160.89213218150448,
SOL,1,LEGACY_SMC,2022-10-18 09:15:00+00:00,2022-10-18 11:15:00+00:00,30.626124839401246,30.89918557138524,5.243577510239254,160.59045943366414,30.42132929041325,30.89918557138524,TP,1.4318151131607322,0.16130636699024453,0.0,1.3508039758873198,1.0738613348705537,1.257894229006904,8,162.04197182853883,
ETH,1,LEGACY_SMC,2022-10-18 09:15:00+00:00,2022-10-18 13:15:00+00:00,1324.3148588378906,1333.7342497896125,0.18223626855930258,241.3381982722567,1317.2503156240991,1333.7342497896125,TP,1.7165546591430532,0.24219647560182825,0.0,1.5950272826773533,1.2874159943573003,1.238936978931676,16,163.6369991112162,
BTC,-1,LEGACY_SMC,2022-10-19 16:00:00+00:00,2022-10-19 17:00:00+00:00,19264.6463,19144.347154070947,0.012741240863935525,245.4554986668243,19354.87065944679,19144.347154070947,TP,1.5327603940077974,0.24468911846982042,0.0,1.410799024871389,1.1495702955058595,1.2272403265696579,4,164.8434052968852,
ETH,-1,LEGACY_SMC,2022-10-19 16:00:00+00:00,2022-10-19 17:00:00+00:00,1304.2691232910156,1293.2783091370015,0.1252273605356519,163.33017973788262,1312.5122339065263,1293.2783091370015,TP,1.3763506466450646,0.1626420044145601,0.0,1.2953737320994458,1.0322629849838127,1.254887321296093,4,166.13877902898466,
XRP,-1,LEGACY_SMC,2022-10-19 19:30:00+00:00,2022-10-19 20:00:00+00:00,0.458408297854662,0.4621429248732398,474.18486898577993,217.37027866020728,0.46191196888879543,0.4537367364758173,SL,-1.7709036235150926,0.21825573047196484,0.0,-1.8804742146569537,1.6613877902898466,-1.131869528383187,2,164.1496196749976,
XRP,-1,LEGACY_SMC,2022-10-19 20:15:00+00:00,2022-10-19 22:30:00+00:00,0.4615576839208603,0.456521949620424,434.6261071552197,200.60501939010285,0.4653344846461875,0.456521949620424,TP,2.188661595666643,0.19951068859226956,0.0,2.089453416769425,1.6414961967499762,1.2728956795065174,9,166.138770582072,
ETH,-1,LEGACY_SMC,2022-10-20 10:15:00+00:00,2022-10-20 10:30:00+00:00,1293.9112099365234,1299.5519972346651,0.19260066220875668,249.208155873108,1298.9025459616844,1287.2560952363087,SL,-1.0864193690008408,0.24975136555760843,0.0,-1.2115666566218952,0.9613346237524302,-1.2602964947758988,1,164.71968621731992,
SOL,-1,LEGACY_SMC,2022-10-20 11:00:00+00:00,2022-10-20 12:30:00+00:00,29.414116076278688,29.181807247601274,8.362377931677361,245.9719551560692,29.588347697786748,29.181807247601274,TP,1.9426542222658274,0.24500062804493627,0.0,1.8206395717989257,1.456990666699363,1.2495890422711942,6,166.4173398115408,
XRP,-1,LEGACY_SMC,2022-10-20 10:15:00+00:00,2022-10-20 16:00:00+00:00,0.46192760575413705,0.4577611914075907,358.9897168334487,165.82726038723058,0.46505241651404683,0.4577611914075907,TP,1.495699906477494,0.16507941043399182,0.0,1.4135341262371175,1.1217749298581254,1.2600871071489286,23,167.83087393777794,
ETH,-1,LEGACY_SMC,2022-10-21 02:45:00+00:00,2022-10-21 08:15:00+00:00,1289.742,1281.7535527647563,0.19519121724086438,251.7463109066669,1295.7333354264326,1281.7535527647563,TP,1.5592747397116378,0.2509666735368111,0.0,1.4341812216281602,1.169456054783706,1.2263660663105598,22,169.13918200395278,
XRP,-1,LEGACY_SMC,2022-10-21 14:15:00+00:00,2022-10-21 19:30:00+00:00,0.4481403523504734,0.45309487459169107,357.7327267419098,160.31447020941508,0.45286844037150537,0.4418362349890974,SL,-1.7723947510542366,0.1612006675849422,0.0,-1.8534381835344713,1.691391820039528,-1.0958065195627802,21,167.2055865853136,
ETH,1,LEGACY_SMC,2022-10-22 03:00:00+00:00,2022-10-22 08:00:00+00:00,1296.2892353027344,1301.7593411057703,0.12874601714291814,166.8920761104661,1292.1866559504574,1301.7593411057703,TP,0.7042543354912423,0.1672442032782117,0.0,0.6204561702682636,0.5281907516184318,1.174682003361704,20,167.61719252758763,
BTC,1,LEGACY_SMC,2022-10-22 03:00:00+00:00,2022-10-22 11:00:00+00:00,19132.72578,19180.172098774416,0.013108868164521949,250.8083798779704,19097.14104091919,19180.172098774416,TP,0.6219675377056886,0.2511193636468232,0.0,0.49625236399785055,0.4664756532792783,1.0638333651697465,32,168.1134448915855,
SOL,-1,LEGACY_SMC,2022-10-22 11:15:00+00:00,2022-10-22 12:15:00+00:00,27.89441961860657,28.045182168832678,9.04016540889676,252.17016733737825,28.03116658553991,27.712090329362116,SL,-1.3629183915111267,0.2528516265331338,0.0,-1.4896849343755714,1.2362152002423383,-1.2050369014096776,4,166.49767487354123,
SOL,-1,LEGACY_SMC,2022-10-22 12:30:00+00:00,2022-10-22 13:00:00+00:00,27.88442138977051,28.038282511903088,8.956488959169588,249.74651231031186,28.024270376714732,27.69795607384488,SL,-1.378055441625885,0.2504355400311248,0.0,-1.503617725501854,1.2525559075169852,-1.2004396103025559,2,164.86918389188423,
SOL,-1,LEGACY_SMC,2022-10-22 13:30:00+00:00,2022-10-22 16:15:00+00:00,28.114376839065553,27.908686812905053,8.796345629620793,247.30377583782635,28.26864435868593,27.908686812905053,TP,1.809320562673502,0.2463991155564896,0.0,1.6865733350359255,1.3569904220051343,1.2428778476887026,11,166.43210533900123,
XRP,1,LEGACY_SMC,2022-10-23 01:30:00+00:00,2022-10-23 01:45:00+00:00,0.4604920653104782,0.45784512567594926,542.1334629081637,249.64815800850184,0.4580741627573279,0.4637159353813453,SL,-1.4349945501760457,0.2489306607334138,0.0,-1.5591011319052086,1.310825884113879,-1.189403681145009,1,164.74818012809178,
XRP,1,LEGACY_SMC,2022-10-23 02:00:00+00:00,2022-10-23 02:15:00+00:00,0.46052208225131036,0.46382552475333017,536.6132911239665,247.12227019213765,0.4580445003747955,0.46382552475333017,TP,1.7726711530476376,0.24800860576866146,0.0,1.648223682375045,1.3295033647857357,1.2397288536691102,1,166.27284267537073,
LINK,1,LEGACY_SMC,2022-10-23 11:15:00+00:00,2022-10-23 12:15:00+00:00,6.865372643566132,6.8260472826352,36.32858359797693,249.4092640130561,6.82946201364202,6.913253483464947,SL,-1.4286346620999821,0.24869494668200612,0.0,-1.5526249767754603,1.304582321254094,-1.1901318540656929,4,164.59551306658872,
ETH,1,LEGACY_SMC,2022-10-23 12:30:00+00:00,2022-10-23 14:00:00+00:00,1306.51125,1311.8374441033475,0.18897140732610077,246.89326959988307,1302.5166044224893,1311.8374441033475,TP,1.0064983954015492,0.24739651879758384,0.0,0.8825485114039069,0.7548737965511834,1.1691338544747945,6,165.3546149431927,
BTC,1,LEGACY_SMC,2022-10-24 07:15:00+00:00,2022-10-24 10:15:00+00:00,19320.06324,19421.098234482222,0.012838049199614787,248.03192241478905,19244.286994138332,19421.098234482222,TP,1.2970922300455852,0.24868046852981185,0.0,1.1724277227231679,0.9728191725341889,1.2051856663854597,12,166.3205044171884,
ETH,1,LEGACY_SMC,2022-10-24 07:30:00+00:00,2022-10-24 10:15:00+00:00,1339.5978220458985,1350.1607421009041,0.12320457104663708,165.0445750401742,1331.6756320046443,1350.1607421009041,TP,1.3014000343768892,0.16569527505736265,0.0,1.2182270468396137,0.976050025782667,1.2481194761126633,11,167.53873146402802,
XRP,-1,LEGACY_SMC,2022-10-25 13:45:00+00:00,2022-10-25 14:00:00+00:00,0.45085980671048165,0.4537453343746861,557.3974292133315,251.308097196042,0.45351857508714255,0.4473147822082671,SL,-1.6083857019515198,0.2521122900470178,0.0,-1.7348439434005165,1.48199065802449,-1.1706173274486649,1,165.6782334720295,
XRP,-1,LEGACY_SMC,2022-10-25 14:15:00+00:00,2022-10-25 15:00:00+00:00,0.45211956709623335,0.4552862153397061,549.6717423759443,248.51735020804423,0.45505868599670773,0.4482007418956009,SL,-1.7406170574813824,0.24938765873678492,0.0,-1.865746041114145,1.6155506070738221,-1.1548669741107591,3,163.68822875581134,
SOL,1,LEGACY_SMC,2022-10-26 12:15:00+00:00,2022-10-26 12:30:00+00:00,31.186236305236815,30.866968191864007,5.387548768142906,168.01736898929218,30.882409396562288,31.591338850136186,SL,-1.7200725309089775,0.1671573327238377,0.0,-1.8032211791381692,1.6368822875581135,-1.1016193362494004,1,161.70183161491377,
LINK,1,LEGACY_SMC,2022-10-26 12:15:00+00:00,2022-10-26 12:30:00+00:00,7.131426114463806,7.0690633831806915,27.81134535310436,198.33455452950005,7.072599683022202,7.209861356385945,SL,-1.7343914568775372,0.19746735880106128,0.0,-1.8326915384138485,1.636042200713167,-1.1201982061434357,1,159.86914007649992,
SOL,1,LEGACY_SMC,2022-10-26 12:30:00+00:00,2022-10-26 13:30:00+00:00,31.01620222892761,30.681228912828796,5.001771648731398,155.1359609599697,30.69657720142951,31.442368932258415,SL,-1.6754600355445908,0.1542982309421974,0.0,-1.7521902860068033,1.5986914007649993,-1.0960153317696912,4,157.94789053303958,
LINK,1,LEGACY_SMC,2022-10-26 13:00:00+00:00,2022-10-26 13:30:00+00:00,7.100419777107239,7.034895355981368,25.770667043810764,182.9825539471197,7.038414563262998,7.183093395566226,SL,-1.688608040073261,0.18213824992708308,0.0,-1.7792550130267843,1.5979157209601993,-1.1134848914044209,2,156.1686355200128,
SOL,1,LEGACY_SMC,2022-10-26 13:45:00+00:00,2022-10-26 14:00:00+00:00,30.91618184738159,31.379763588241968,4.491653337630717,138.8647713815897,30.568495541736308,31.379763588241968,TP,2.0822484736001705,0.1399058956183898,0.0,2.0117749636725755,1.5616863552001279,1.2882067881132055,1,158.03159849995976,
LINK,1,LEGACY_SMC,2022-10-26 13:45:00+00:00,2022-10-26 14:15:00+00:00,7.1094214015960695,7.202625452595725,22.330818093575203,158.7591960696123,7.039518363346327,7.202625452595725,TP,2.081322708457607,0.15979985742384112,0.0,2.000902449068572,1.5609920313432202,1.281814646642887,2,160.03250094902833,
BTC,1,LEGACY_SMC,2022-10-27 03:15:00+00:00,2022-10-27 04:45:00+00:00,20715.34224,20860.799044089683,0.011587969372768736,240.0487514235425,20606.249636932742,20860.799044089683,TP,1.685548990852047,0.24089152591896854,0.0,1.5646818406448497,1.2641617431390246,1.2377228223657577,6,161.40309311449036,
ETH,1,LEGACY_SMC,2022-10-27 03:15:00+00:00,2022-10-27 10:30:00+00:00,1553.0905853027343,1535.5562341056761,0.09537795177171646,148.13059894211108,1536.324396303828,1575.4455039679428,SL,-1.6723905028213544,0.1472944036907004,0.0,-1.7456196070409993,1.5991247657331655,-1.0916093881146722,29,159.5364211876135,
BTC,1,LEGACY_SMC,2022-10-27 09:45:00+00:00,2022-10-27 10:30:00+00:00,20613.82194,20507.913081862534,0.011744772045495582,242.10463967173553,20518.172167946508,20741.35496940466,SL,-1.2438753964232818,0.2414827019735239,0.0,-1.364305778560938,1.123384768971895,-1.214459921696758,3,158.17211540905257,
BTC,1,LEGACY_SMC,2022-10-27 14:00:00+00:00,2022-10-27 14:15:00+00:00,20527.00458,20713.05554426358,0.011335396981869996,232.6817457629636,20387.466356802317,20713.05554426358,TP,2.108961538787395,0.23373622653235732,0.0,1.9915661851365196,1.5817211540905256,1.2591133272676314,1,159.9856006272586,
ETH,1,LEGACY_SMC,2022-10-27 14:00:00+00:00,2022-10-27 20:00:00+00:00,1543.9687661865235,1523.4437213030615,0.07997583293280257,123.4801880979987,1524.205824215169,1570.3193554816628,SL,-1.64150756053803,0.12265943431772969,0.0,-1.7024269008067603,1.5805577453617108,-1.077105158481356,24,158.28317372645185,
BTC,-1,LEGACY_SMC,2022-10-28 12:45:00+00:00,2022-10-28 13:15:00+00:00,20205.858020000003,20354.51067462988,0.011429998479231531,230.95292644016828,20344.338505377193,20021.217372830415,SL,-1.6990996163532284,0.2318024762483449,0.0,-1.8154256293814892,1.5828317372645182,-1.1469479582958986,2,156.35227163385028,
LINK,-1,LEGACY_SMC,2022-10-28 13:15:00+00:00,2022-10-28 13:30:00+00:00,6.972605177116394,7.033503905380565,27.246792994519645,189.98112989340638,7.029988910925103,6.896093532038116,SL,-1.6592950426433601,0.19081077741472807,0.0,-1.755115255111385,1.5635227163385028,-1.1225390183147186,1,154.5021658137922,
XRP,-1,LEGACY_SMC,2022-10-28 13:30:00+00:00,2022-10-28 16:15:00+00:00,0.46412714339494704,0.4674727134271548,496.48015463363635,230.42991592239122,0.46723909388021473,0.4599778760812568,SL,-1.6610091269281666,0.23126042048585532,0.0,-1.7770545894528262,1.5450216581379221,-1.1501810217952237,11,152.60989626637817,
LINK,1,LEGACY_SMC,2022-10-29 13:30:00+00:00,2022-10-29 13:45:00+00:00,7.151430095386505,7.086455152511597,25.61352670377283,183.17334571834692,7.091848336876109,7.230872440067034,SL_GAP,-1.6642374344025763,0.18234122700114563,0.0,-1.7549919885445484,1.5260989626637818,-1.1499857030773664,1,150.76331760497445,
XRP,1,LEGACY_SMC,2022-10-29 18:15:00+00:00,2022-10-30 04:45:00+00:00,0.4713742645561695,0.465858495603896,285.38939562550576,134.52521647510247,0.46609154137458325,0.4784178954649511,SL,-1.5741419676992674,0.13373814549125285,0.0,-1.640617504952969,1.5076331760497446,-1.088207351108886,42,148.96750430076128,
ETH,1,LEGACY_SMC,2022-10-29 23:00:00+00:00,2022-10-30 06:00:00+00:00,1611.1521220458983,1629.5596020860073,0.10915566546380684,175.86638204534455,1597.3465120158166,1629.5596020860073,TP,2.009280733289842,0.1768710224119895,0.0,1.920342901900525,1.506960549967369,1.2743153110027379,28,150.8878472026618,
SOL,1,LEGACY_SMC,2022-10-30 08:45:00+00:00,2022-10-30 09:30:00+00:00,32.906581526184084,32.53865321054845,4.290842666097031,141.19696400795104,32.554930675886396,33.375449326581,SL,-1.5787225147945791,0.14040760275055375,0.0,-1.6485316355411574,1.508878472026618,-1.0925542819409222,3,149.16871708511664,
LINK,1,LEGACY_SMC,2022-10-30 10:00:00+00:00,2022-10-30 12:15:00+00:00,7.585516910648346,7.490854306666844,16.399614832993922,124.39955564379486,7.494601607470578,7.706737314885371,SL,-1.5524302443848799,0.12362334052160243,0.0,-1.613853807084585,1.490975954540265,-1.0824143757450526,9,147.3685690334368,
ETH,1,LEGACY_SMC,2022-10-30 10:15:00+00:00,2022-10-30 12:30:00+00:00,1601.0401146972656,1587.6064306828996,0.06617302739256278,105.94567136645401,1588.4006309983988,1617.892759629088,SL,-0.8889475402656747,0.10550119759632118,0.0,-0.9414759021787689,0.8363929010329634,-1.1256383226304596,9,146.42709313125803,
SOL,1,LEGACY_SMC,2022-10-30 09:45:00+00:00,2022-10-30 13:30:00+00:00,32.59651815261841,32.23855523193502,4.363756322508838,142.2432621802627,32.25468257322163,33.05229892514745,SL,-1.562062958355879,0.14146223070108477,0.0,-1.6324035579668323,1.4916871708511668,-1.0943337114278269,15,144.70493675522454,
ETH,1,LEGACY_SMC,2022-10-30 12:45:00+00:00,2022-10-30 13:30:00+00:00,1599.5998853027343,1585.758286002685,0.1122190853991887,179.50563613332,1586.5515617835767,1616.9976499949444,SL,-1.553291613913573,0.1787289903263632,0.0,-1.6422677861732762,1.4642709313125803,-1.1215600549422493,3,143.06266896905126,
XRP,-1,LEGACY_SMC,2022-10-31 07:45:00+00:00,2022-10-31 08:30:00+00:00,0.46050786870121957,0.45629635266800633,452.9253213991275,208.57567443832707,0.4636665057261295,0.45629635266800633,TP,1.9075022529206835,0.20762192331186674,0.0,1.8041681668279803,1.4306266896905127,1.2611033890457306,3,144.76254929866008,
XRP,-1,LEGACY_SMC,2022-10-31 10:15:00+00:00,2022-10-31 12:15:00+00:00,0.4606078652918339,0.4558539799835793,406.0189084979806,187.01550271137526,0.4641732792730249,0.4558539799835793,TP,1.9301673239821193,0.18605041904938419,0.0,1.8376246562884226,1.4476254929866008,1.2694061172528908,8,146.50666620359283,
SOL,1,LEGACY_SMC,2022-10-31 14:15:00+00:00,2022-10-31 20:00:00+00:00,32.946586626434325,32.4607128593159,3.119583831763613,102.7796389516238,32.47695133498339,33.57276701503557,SL,-1.5157239481807245,0.10202177697753344,0.0,-1.566355905682446,1.4650666620359283,-1.0691362695440503,23,144.88892047843456,
ETH,-1,LEGACY_SMC,2022-11-01 01:45:00+00:00,2022-11-01 02:30:00+00:00,1580.0238978271484,1591.3635391271832,0.09152852305045218,144.61725375253747,1590.5682549996834,1565.9647549304352,SL,-1.0379006201140972,0.14513620406259453,0.0,-1.110728197300423,0.9651094385185707,-1.150883156842166,3,143.59721696389903,
BTC,-1,LEGACY_SMC,2022-11-01 01:45:00+00:00,2022-11-01 02:45:00+00:00,20509.09736,20586.57631475881,0.010596925691207106,217.33338071765183,20576.288170673477,20419.509612435366,SL,-0.8210387262115236,0.21774390008075759,0.0,-0.9301159359334553,0.7120160278388036,-1.3063132002191786,4,142.66710102796557,
BTC,-1,LEGACY_SMC,2022-11-02 01:00:00+00:00,2022-11-02 07:00:00+00:00,20512.79662,20438.656306937253,0.01043254391423632,214.00065154194834,20568.40185479706,20438.656306937253,TP,0.7734720718423443,0.21361391550602718,0.0,0.6668584821072914,0.5801040538817298,1.1495497706748465,24,143.2269591843019,
BTC,1,LEGACY_SMC,2022-11-02 18:15:00+00:00,2022-11-02 18:30:00+00:00,20647.228619999998,20496.6852828895,0.010209358772473429,210.79496463886144,20506.93875226563,20834.281776979155,SL,-1.5369509393664988,0.2100264891691782,0.0,-1.6415799462162464,1.432269591843019,-1.1461389361090117,1,141.4065445112857,
ETH,1,LEGACY_SMC,2022-11-02 18:15:00+00:00,2022-11-02 18:30:00+00:00,1597.9094838134765,1575.8591494154223,0.06731327717810065,107.56052398945228,1576.6474731519982,1626.2588313621143,SL,-1.4842802712060326,0.10681838385384926,0.0,-1.5373183930651557,1.4312156170198247,-1.0741347249034814,1,139.86922611822052,
SOL,1,LEGACY_SMC,2022-11-02 18:15:00+00:00,2022-11-02 18:30:00+00:00,32.44648662643433,32.032761952379424,1.2116555306677306,39.31396497165571,32.0487863455522,32.976753667610495,SL,-0.5012917894923292,0.03906331907690955,0.0,-0.5206981260834109,0.4818757448789389,-1.0805651282868063,1,139.34852799213712,
LINK,1,LEGACY_SMC,2022-11-03 13:30:00+00:00,2022-11-03 13:45:00+00:00,7.769553725910186,7.643982060640959,11.445674678042108,88.92778434033794,7.64780596362277,7.9318840756267415,SL,-1.4372524294515727,0.08820915812561214,0.0,-1.4809976954070159,1.3934852799213713,-1.0628011050756005,1,137.82306640455994,
BTC,-1,LEGACY_SMC,2022-11-04 01:15:00+00:00,2022-11-04 02:45:00+00:00,20261.846820000002,20333.51981534991,0.01020314690183014,206.7345996068399,20323.35813628177,20179.831731624312,SL,-0.7312901004493089,0.20710024465706456,0.0,-0.8350230453029535,0.6276089961478233,-1.3304829128138838,6,136.88467605945357,
LINK,1,LEGACY_SMC,2022-11-04 12:45:00+00:00,2022-11-04 13:00:00+00:00,8.217642803192138,8.381421442215734,11.143877034312808,91.5764009106788,8.094808823924442,8.381421442215734,TP,1.8251290141260543,0.09248896541774182,0.0,1.7784282491636518,1.3688467605945358,1.2992164648080995,1,138.61731610816187,
LINK,1,LEGACY_SMC,2022-11-05 08:30:00+00:00,2022-11-05 09:30:00+00:00,8.682735955810546,8.573879948337819,13.256325441085197,115.10117354923655,8.578169032854245,8.822158519752282,SL,-1.4430306612756794,0.1143796582185987,0.0,-1.4998597327196599,1.3861731610816188,-1.0820146968863056,4,136.97023899313885,
XRP,1,LEGACY_SMC,2022-11-05 08:30:00+00:00,2022-11-05 09:30:00+00:00,0.4955990983307362,0.4915240314299734,361.85213343098064,179.33359105744725,0.49176991638816747,0.500704674254161,SL,-1.4745716519149783,0.17859630523148975,0.0,-1.5635011616177443,1.3855976552138725,-1.1283947802123062,4,135.4067378315211,
ETH,1,LEGACY_SMC,2022-11-05 14:30:00+00:00,2022-11-05 14:45:00+00:00,1633.3265999999999,1624.4651889814722,0.12435363922150147,203.11010674728163,1625.27782789542,1644.0582961394398,SL,-1.1019487087914233,0.20255913239288592,0.0,-1.2029527878106683,1.0008941024690188,-1.2018781855575016,1,134.1022299903368,
ETH,1,LEGACY_SMC,2022-11-05 15:00:00+00:00,2022-11-05 15:30:00+00:00,1629.7559397216796,1641.42970012061,0.1234254406336798,201.1533449855052,1621.0006194224818,1641.42970012061,TP,1.4408390210899895,0.2018737644960502,0.0,1.339541929086692,1.080629265817492,1.2395943469783166,2,135.34119524693074,
ETH,1,LEGACY_SMC,2022-11-05 23:15:00+00:00,2022-11-06 01:45:00+00:00,1626.3151882324219,1618.1960695206305,0.12482930390082728,203.0117928703961,1619.005572306784,1636.061342799939,SL,-1.0135039370810914,0.20250504090185556,0.0,-1.114503081547749,0.9124542677797802,-1.2214344552956085,10,134.05764255369488,
XRP,1,LEGACY_SMC,2022-11-05 23:15:00+00:00,2022-11-06 01:45:00+00:00,0.49256849021315574,0.4877608261541886,274.25105988282894,135.0874305058428,0.48800482856847277,0.49865337240606633,SL,-1.3185069637323252,0.13442817702397664,0.0,-1.3853914255033806,1.2515890430009189,-1.106906003412786,10,132.6722511281915,
ETH,1,LEGACY_SMC,2022-11-06 03:30:00+00:00,2022-11-06 08:30:00+00:00,1619.6438102783202,1631.355961049234,0.12287169279404067,199.00837669228724,1610.8596972001349,1631.355961049234,TP,1.439091791481222,0.19972792258802785,0.0,1.3388680572393379,1.0793188436109027,1.2404750136299885,20,133.845403251756,
BTC,1,LEGACY_SMC,2022-11-06 05:30:00+00:00,2022-11-06 08:30:00+00:00,21198.338819999997,21270.245385192393,0.006246880558979866,132.42349065732617,21144.4088961057,21270.245385192393,TP,0.44919172416339465,0.13264808651940788,0.0,0.3827553829726499,0.33689379312255735,1.1361307058376369,12,134.22815863472866,
BTC,1,LEGACY_SMC,2022-11-06 16:15:00+00:00,2022-11-06 21:45:00+00:00,21220.34322,21149.750545977942,0.00948817066079919,201.342237952093,21160.33071133361,21300.35989822185,SL,-0.6697953385234386,0.2010073402828313,0.0,-0.7701315598302234,0.5694089240094007,-1.352510519869388,22,133.3573559559224,
LINK,-1,LEGACY_SMC,2022-11-07 13:30:00+00:00,2022-11-07 14:45:00+00:00,8.322335558509828,8.43881929948555,11.878648328374966,98.85809737026831,8.434601998486308,8.172646971874519,SL,-1.3836693950241254,0.09954993206778037,0.0,-1.4337902784067718,1.333573559559224,-1.0751489995652521,5,131.7742097153685,
XRP,-1,LEGACY_SMC,2022-11-07 13:30:00+00:00,2022-11-07 15:45:00+00:00,0.4742751287460327,0.4776773919168303,421.3879556626951,199.85382692395225,0.47743867258054007,0.47005707030002297,SL,-1.4336727221688623,0.2005706632850367,0.0,-1.534316471991923,1.3330792690723727,-1.1509566667101363,9,130.23989324337657,
XRP,-1,LEGACY_SMC,2022-11-07 16:30:00+00:00,2022-11-07 17:15:00+00:00,0.4786542404651642,0.4735848835130328,190.21637081491556,91.04787249645344,0.48245625817926274,0.4735848835130328,TP,0.9642746817997963,0.09056573515555355,0.0,0.9192328828924694,0.7232060113498472,1.2710526025312519,3,130.99647267161282,
ETH,-1,LEGACY_SMC,2022-11-07 16:15:00+00:00,2022-11-07 19:30:00+00:00,1586.6525767089845,1600.0625986311716,0.10327982616983676,163.8692023144275,1599.262967147598,1569.8387227908333,SL,-1.384984733057181,0.1645616946809561,0.0,-1.4676118265809233,1.3023989324337657,-1.126852756120145,13,129.5288608450319,
SOL,-1,LEGACY_SMC,2022-11-07 16:15:00+00:00,2022-11-07 21:30:00+00:00,32.51349645767212,31.71188632798613,2.164942013947283,70.38983450154052,33.11470405493661,31.71188632798613,TP,1.7354394485629299,0.06952211477725906,0.0,1.7011122510364411,1.3015795864221937,1.3069598423193547,21,131.22997309606833,
SOL,-1,LEGACY_SMC,2022-11-10 07:15:00+00:00,2022-11-10 08:00:00+00:00,16.22675354232788,14.355426728024367,0.9344461351806442,15.163027134157117,17.630248653055514,14.355426728024367,TP,1.7486541092858252,0.014288700079514206,0.0,1.7419469227733895,1.3114905819643667,1.3282191627821527,3,132.88342360564297,
ETH,-1,LEGACY_SMC,2022-11-10 05:15:00+00:00,2022-11-10 08:45:00+00:00,1188.5722965820312,1219.0590669896162,0.04392260842013965,52.20519556179864,1218.449842068582,1148.73556926663,SL,-1.3390584786070583,0.05287472480110217,0.0,-1.365830605627261,1.3122997309606834,-1.0407916525498255,14,131.51759300001572,
BTC,-1,LEGACY_SMC,2022-11-10 06:45:00+00:00,2022-11-10 11:00:00+00:00,16717.1559,16298.895288033105,0.004181890719252466,69.90931911050662,17030.851358975175,16298.895288033105,TP,1.7491201714132205,0.0690347590248,0.0,1.7150400719436738,1.3118401285599193,1.307354482155055,17,133.23263307195938,
LINK,-1,LEGACY_SMC,2022-11-10 05:15:00+00:00,2022-11-10 11:15:00+00:00,6.765646798324585,6.467632551667171,5.870138624574501,39.71528459107396,6.989157483317647,6.467632551667171,TP,1.7493849399771626,0.038840592121085385,0.0,1.7304019901516141,1.3120387049828746,1.3188650484012971,24,134.963035062111,
ETH,-1,LEGACY_SMC,2022-11-10 12:30:00+00:00,2022-11-10 13:30:00+00:00,1207.9184021728515,1322.6706503792727,0.057334603005259555,69.25552205132789,1231.457945134321,1176.5323448908923,LIQ,-6.579274594876167,0.07254515934876597,0.0,-6.617191993199269,1.34963035062111,-4.9029662011927835,4,128.31121530788607,
SOL,-1,LEGACY_SMC,2022-11-10 13:45:00+00:00,2022-11-10 15:15:00+00:00,16.546689237213137,18.11862471474839,0.8583495312196675,14.202842949999413,18.041548972565504,14.553542923409982,LIQ,-1.3492700802499478,0.014877477990124389,0.0,-1.3570461367650724,1.2831121530788607,-1.0576208272276162,6,126.947067749646,
BTC,-1,LEGACY_SMC,2022-11-11 13:30:00+00:00,2022-11-11 14:00:00+00:00,17455.708160000002,17225.411671062724,0.007349775838120929,128.29554207165836,17628.43052670296,17225.411671062724,TP,1.6926275699952888,0.12744922828666072,0.0,1.6293261127444574,1.26947067749646,1.2834688832338161,2,128.51224609135463,
LINK,-1,LEGACY_SMC,2022-11-11 23:45:00+00:00,2022-11-12 02:45:00+00:00,6.982603405952454,6.838716713802897,11.908652488656616,83.15339742759785,7.090518425064622,6.838716713802897,TP,1.713496614551395,0.08229664912032215,0.0,1.6727766641448718,1.2851224609135463,1.301647675627548,12,130.14344605678568,
XRP,-1,LEGACY_SMC,2022-11-13 03:00:00+00:00,2022-11-13 06:15:00+00:00,0.36690659043192864,0.36305639759225333,450.6906588009078,165.36137296016076,0.36979423506168513,0.36305639759225333,TP,1.7352459474238007,0.16449374998644886,0.0,1.6534328839174322,1.3014344605678567,1.270469573393644,13,131.6343029839902,
BTC,-1,LEGACY_SMC,2022-11-13 03:15:00+00:00,2022-11-13 06:15:00+00:00,16887.6218,16803.71826247252,0.00946199188719416,159.79054046560324,16950.54945314561,16803.71826247252,TP,0.7938945913919044,0.1593935931699073,0.0,0.7143962684547988,0.5954209435439197,1.1998171649837224,12,132.34869925244502,
BTC,-1,LEGACY_SMC,2022-11-14 06:45:00+00:00,2022-11-14 07:00:00+00:00,16379.82338,16639.21545,0.0061434643612523964,100.62886117863877,16595.253455719467,16092.583279040713,SL_GAP,-1.5935659376364861,0.10142564414745701,0.0,-1.6446771511946237,1.3234869925244501,-1.24268478684292,1,130.65370767066108,
LINK,-1,LEGACY_SMC,2022-11-14 07:00:00+00:00,2022-11-14 08:00:00+00:00,6.109777861022949,6.251750502216057,9.409814972919971,57.4918791978687,6.248626189121496,5.924646756891554,SL,-1.3359362848438976,0.05815984734029065,0.0,-1.3653501925852538,1.306537076706611,-1.0450145020200217,4,129.2596115384769,
SOL,1,LEGACY_SMC,2022-11-15 15:45:00+00:00,2022-11-15 18:30:00+00:00,14.382876114463805,14.043503866134511,3.8892969653152005,55.93927642448856,14.05052913069986,14.826005426149063,SL,-1.3199194555393199,0.0552793166967189,0.0,-1.3472291340237945,1.292596115384769,-1.0422661169941416,11,127.88441276624084,
LINK,1,LEGACY_SMC,2022-11-15 19:15:00+00:00,2022-11-16 02:00:00+00:00,6.3552708915710445,6.492901953414441,12.382349220461782,78.69318357006817,6.252047595188497,6.492901953414441,TP,1.704195871327913,0.07954528150573213,0.0,1.663997181607215,1.2781469034959347,1.3018825747305873,27,129.43934093941564,
BTC,1,LEGACY_SMC,2022-11-15 19:15:00+00:00,2022-11-16 02:30:00+00:00,16748.04894,16952.843371658346,0.008326034500754918,139.44483329477183,16594.45311625624,16952.843371658346,TP,1.705125503549878,0.14029739604654679,0.0,1.6345505241507172,1.2788441276624085,1.2781467958401642,29,131.07389146356635,
XRP,1,LEGACY_SMC,2022-11-16 10:45:00+00:00,2022-11-16 11:45:00+00:00,0.3801860176026821,0.375857323651446,316.5522753705241,120.34874893618715,0.37604534632460823,0.3857069126401139,SL,-1.3702579196464246,0.11966361997636393,0.0,-1.429747165154695,1.3107389146356634,-1.0907947793341524,4,129.58396992394356,
ETH,-1,LEGACY_SMC,2022-11-17 01:00:00+00:00,2022-11-17 02:45:00+00:00,1223.2052611816407,1209.8277417757936,0.10573940783690726,129.34099998033616,1233.238400736026,1209.8277417757936,TP,1.4145309803010104,0.12863373449018567,0.0,1.3505677458009928,1.0608982352257577,1.273041749865475,7,130.77267919231141,
BTC,-1,LEGACY_SMC,2022-11-16 23:15:00+00:00,2022-11-17 03:45:00+00:00,16682.86276,16549.339902270072,0.011651235023761315,194.37595488591535,16783.004903297446,16549.339902270072,TP,1.5557061964556322,0.19359810178768755,0.0,1.4592960721109023,1.166779647341724,1.2507040857591396,18,132.23197526442232,
ETH,-1,LEGACY_SMC,2022-11-17 15:30:00+00:00,2022-11-17 15:45:00+00:00,1213.7572,1196.4845105157385,0.1020740287800653,123.89308736481148,1226.711717113196,1196.4845105157385,TP,1.7630930035256387,0.12301154086304866,0.0,1.7020280063449957,1.3223197526442232,1.2871531283878015,1,133.8195829138436,
LINK,-1,LEGACY_SMC,2022-11-17 15:30:00+00:00,2022-11-17 15:45:00+00:00,6.226754563999176,6.12219570200374,16.85430594765646,104.94762648260831,6.305173710495753,6.12219570200374,TP,1.7622670496098654,0.10406649295780339,0.0,1.7106743698933662,1.321700287207399,1.2942982508597503,1,135.53025728373694,
ETH,-1,LEGACY_SMC,2022-11-18 01:15:00+00:00,2022-11-18 02:30:00+00:00,1212.7073611816406,1222.7488329741068,0.14366534820154359,174.22402531073547,1222.137764092061,1200.1334906344136,SL,-1.4426115415206282,0.1749453310814958,0.0,-1.5304448599467562,1.3548221178063822,-1.1296278971476552,5,133.86465490803607,
SOL,-1,LEGACY_SMC,2022-11-18 00:15:00+00:00,2022-11-18 08:00:00+00:00,13.747250000000001,13.488721700883927,6.989834781317882,96.09100619747225,13.941146224337057,13.488721700883927,TP,1.8070700971164886,0.09518747114891402,0.0,1.7599281290663107,1.3553025728373695,1.2985499801581903,31,135.62458303710238,
LINK,-1,LEGACY_SMC,2022-11-19 00:00:00+00:00,2022-11-19 00:45:00+00:00,6.1837629427909855,6.140484521919899,21.89124780433605,135.3702869439078,6.2162217584443,6.140484521919899,TP,0.9474186358693006,0.13489657762597312,0.0,0.8802072017152814,0.7105639769019755,1.2387444766802593,3,136.33538665806788,
ETH,-1,LEGACY_SMC,2022-11-19 00:00:00+00:00,2022-11-19 02:00:00+00:00,1212.7774155273437,1204.960469172993,0.16774460997626223,203.43687455565356,1218.6401252931066,1204.960469172993,TP,1.3112506174159144,0.20278124924694563,0.0,1.2101878054467956,0.9834379630619262,1.2305685268432038,8,137.54557446351467,
LINK,-1,LEGACY_SMC,2022-11-19 14:30:00+00:00,2022-11-19 15:00:00+00:00,6.10477874660492,6.139264980777168,22.488558915873252,137.2876765113956,6.136196882336,6.06288789896348,SL,-0.7755457089692018,0.13767544936588022,0.0,-0.8445773200793842,0.7065485964152973,-1.1953563058003105,2,136.52919412433195,
BTC,-1,LEGACY_SMC,2022-11-19 12:15:00+00:00,2022-11-19 17:15:00+00:00,16660.56722,16617.545067393145,0.01238363370051407,206.31836169527202,16692.833834455145,16617.545067393145,TP,0.5327705788909244,0.20605197640582656,0.0,0.42987778333273385,0.3995779341682158,1.0758296356569137,20,136.8915695958569,
LINK,-1,LEGACY_SMC,2022-11-19 15:45:00+00:00,2022-11-19 21:30:00+00:00,6.157768119907379,6.200065129058836,21.92427856760357,135.00462361555788,6.1969666457359684,6.105503418802592,SL,-0.9273314112130198,0.1354682893211644,0.0,-0.9952973887264052,0.8593993997053976,-1.1581313520437568,23,135.8962722071305,
ETH,-1,LEGACY_SMC,2022-11-19 21:45:00+00:00,2022-11-19 22:00:00+00:00,1210.6178133544922,1213.9813879917142,0.1683804798360473,203.84440831069574,1213.3747006413935,1206.941963638624,SL,-0.5663603113797945,0.20412758846638562,0.0,-0.6685656956908322,0.4642060042223305,-1.4402349164157389,1,135.1257843072843,
SOL,-1,LEGACY_SMC,2022-11-19 22:15:00+00:00,2022-11-19 22:30:00+00:00,12.837432152557373,12.936855217891434,14.536239248845927,186.60798511040113,12.930390022879996,12.713488325460542,SL,-1.4452374645495583,0.1873306038426759,0.0,-1.5392640758370335,1.351257843072843,-1.1391342397959021,1,133.49321623889207,
XRP,1,LEGACY_SMC,2022-11-20 09:00:00+00:00,2022-11-20 10:00:00+00:00,0.3845468799591064,0.3817293674940319,508.24503352012323,195.44404189487483,0.3819203276578608,0.3880489496941006,SL,-1.4319867172551548,0.19472804853624726,0.0,-1.5289927448439646,1.3349321623889208,-1.1453711191644105,4,131.86650147310067,
XRP,1,LEGACY_SMC,2022-11-20 10:15:00+00:00,2022-11-20 10:30:00+00:00,0.38410682027935983,0.38124571077769553,493.80966042971295,189.67565849088746,0.3814364289921916,0.38766734199558417,SL,-1.4128435114690703,0.18896923673515292,0.0,-1.5069749189587796,1.3186650147310066,-1.1428034429700753,1,130.26468872489644,
LINK,-1,LEGACY_SMC,2022-11-21 13:15:00+00:00,2022-11-21 16:15:00+00:00,5.809837670326233,5.7298772943358856,21.721540135599437,126.19862213730879,5.869807952318993,5.7298772943358856,TP,1.7368625163319462,0.12533019087914282,0.0,1.6746316365214577,1.3026468872489645,1.2855606940865463,12,131.77664284857576,
ETH,-1,LEGACY_SMC,2022-11-21 13:30:00+00:00,2022-11-21 16:15:00+00:00,1139.2220611816406,1122.624694740916,0.10459618388160373,119.15828019333449,1151.670086012184,1122.624694740916,TP,1.7360211921843787,0.1182902695972423,0.0,1.6773100626838036,1.302015894138278,1.2882408503883196,11,133.45395291125956,
SOL,-1,LEGACY_SMC,2022-11-21 13:30:00+00:00,2022-11-21 16:15:00+00:00,12.097580381393433,11.84319078893022,6.612737492261253,79.99812335368455,12.288372575740842,11.84319078893022,TP,1.6822115957225459,0.07915701755582327,0.0,1.643053639843565,1.2616586967919095,1.3022964483353936,11,135.09700655110314,
XRP,-1,LEGACY_SMC,2022-11-21 20:15:00+00:00,2022-11-21 20:30:00+00:00,0.3543391106963158,0.3601357513809074,240.5289607254821,85.22881804017639,0.35995577349416036,0.3468502269658563,SL,-1.3942599595638707,0.08592594801995834,0.0,-1.437571498563741,1.3509700655110313,-1.064103147259559,1,133.61682064351933,
LINK,1,LEGACY_SMC,2022-11-22 10:15:00+00:00,2022-11-22 12:15:00+00:00,5.903180350399017,6.00980750672341,16.708291489648328,98.63205801043114,5.8232099831557225,6.00980750672341,TP,1.7815576085802576,0.09952283681472127,0.0,1.7313508007707519,1.3361682064351932,1.2957581182012101,8,135.29885541528486,
XRP,-1,LEGACY_SMC,2022-11-22 12:30:00+00:00,2022-11-22 13:00:00+00:00,0.3614377065718174,0.3649778105952122,402.9502363928161,145.64140930439112,0.3647954128887679,0.3569607648158834,SL,-1.4264857530821062,0.1463546521809322,0.0,-1.5000197006108429,1.3529885541528486,-1.108671389722181,2,133.72601501002183,
ETH,-1,LEGACY_SMC,2022-11-22 13:45:00+00:00,2022-11-22 14:00:00+00:00,1116.0567732910156,1133.6065590820313,0.10392766771127178,115.98917748150285,1128.923993152192,1098.9004801427805,SL_GAP,-1.823908306092675,0.11690113163454918,0.0,-1.8828148489864729,1.3372601501002184,-1.4079645227186117,1,131.78520557229461,
SOL,-1,LEGACY_SMC,2022-11-22 14:15:00+00:00,2022-11-22 15:15:00+00:00,11.677664305114746,11.947795854114917,4.98882828659648,58.25786200673447,11.941824941644095,11.325450123075614,SL,-1.347639912754175,0.05893168196311156,0.0,-1.3774426637139192,1.3178520557229463,-1.0452179800700638,4,130.37863397757735,
XRP,1,LEGACY_SMC,2022-11-23 01:30:00+00:00,2022-11-23 02:15:00+00:00,0.3705240800321102,0.3751065327957294,379.35618238532675,140.5606004828166,0.3670872404593957,0.3751065327957294,TP,1.7383817863676843,0.14142979137600042,0.0,1.667232295233092,1.3037863397757736,1.278761898609725,3,131.97558597256904,
ETH,1,LEGACY_SMC,2022-11-23 14:00:00+00:00,2022-11-23 15:00:00+00:00,1158.0316088378906,1169.8168492851264,0.14931171642297317,172.90768718764252,1149.1926785024637,1169.8168492851264,TP,1.75967447963422,0.17378752442745962,0.0,1.6723407988005816,1.3197558597256904,1.2671592146960995,4,133.48306535620839,
BTC,1,LEGACY_SMC,2022-11-23 14:15:00+00:00,2022-11-23 16:45:00+00:00,16415.7825,16323.116211881385,0.009552705948363747,156.8151431347955,16331.281852807788,16528.450029589618,SL,-0.8852138017234981,0.15637253623393377,0.0,-0.9631787663900341,0.807209835073643,-1.1932198104377183,10,132.51988658981836,
XRP,1,LEGACY_SMC,2022-11-24 09:15:00+00:00,2022-11-24 10:30:00+00:00,0.37820561490654947,0.3754139879234716,508.942925053643,192.485071922251,0.3756017888178805,0.38167738302477483,SL,-1.4207788024263373,0.19177468252103783,0.0,-1.5163109489862496,1.3251988658981835,-1.1442138897081953,5,130.907333104871,
BTC,1,LEGACY_SMC,2022-11-24 11:00:00+00:00,2022-11-24 14:15:00+00:00,16564.51224,16488.240340133965,0.011854318244465645,196.36099965730648,16496.488584426177,16655.210447431764,SL,-0.9041513741219931,0.1959089239702455,0.0,-1.0018797982635854,0.806374061324016,-1.2424504287979714,13,129.7419418658511,
ETH,1,LEGACY_SMC,2022-11-24 11:00:00+00:00,2022-11-24 14:15:00+00:00,1197.4694264648438,1188.8237446716498,0.10911500449830934,130.66188185529933,1189.418453898599,1208.2040565531702,SL,-0.9433736077553083,0.1301901950514217,0.0,-1.0082328618790803,0.8784819077815674,-1.1476990623804346,13,128.733709003972,
BTC,1,LEGACY_SMC,2022-11-24 14:30:00+00:00,2022-11-24 16:00:00+00:00,16514.8023,16604.438490812565,0.011692574939632067,193.100563505958,16447.575156890576,16604.438490812565,TP,1.0480778783790812,0.19362460244514756,0.0,0.9510035576869126,0.7860584087843002,1.209838285627798,6,129.52391611325615,
ETH,1,LEGACY_SMC,2022-11-24 14:30:00+00:00,2022-11-24 16:00:00+00:00,1192.2584235351562,1202.9845696838936,0.1077722167972594,128.49233329958957,1184.2138139236033,1202.9845696838936,TP,1.155980548140813,0.12907032357366,0.0,1.0911563912169477,0.8669854111055975,1.258563728108738,6,130.6150725044731,
LINK,1,LEGACY_SMC,2022-11-25 00:30:00+00:00,2022-11-25 02:00:00+00:00,6.773354235935211,6.705188681949336,20.15313807221881,136.50434312885045,6.708542953426049,6.85976927928076,SL,-1.3737498212466326,0.13581746821822716,0.0,-1.4413151179004344,1.3061507250447308,-1.1034829979909666,6,129.0105738611565,
BTC,1,LEGACY_SMC,2022-11-25 01:00:00+00:00,2022-11-25 04:30:00+00:00,16533.90612,16462.888976959213,0.011483233685097346,189.86270770342117,16471.124539228826,16617.614894361566,SL,-0.8155064491853341,0.18945495447882849,0.0,-0.9100300498124521,0.7209355631152057,-1.262290413140611,14,128.04047807496553,
XRP,1,LEGACY_SMC,2022-11-25 02:00:00+00:00,2022-11-25 04:30:00+00:00,0.3912682304263115,0.3968707299525912,307.0309915684483,120.13147275702254,0.3870663557816017,0.3968707299525912,TP,1.7201409848154259,0.12099154324943025,0.0,1.6592151779445068,1.290105738611565,1.2861078966520867,10,129.69969325291004,
LINK,1,LEGACY_SMC,2022-11-25 06:15:00+00:00,2022-11-25 06:30:00+00:00,6.703340541172027,6.792437255965445,19.409573600797735,130.10898160508978,6.636518005076963,6.792437255965445,TP,1.7293292433721281,0.13097364622677585,0.0,1.6634100879478972,1.2969969325291004,1.2825088835825567,1,131.2980488500554,
SOL,1,LEGACY_SMC,2022-11-25 16:30:00+00:00,2022-11-25 19:15:00+00:00,14.0028,14.198329307939114,8.953341418664508,125.37184921727537,13.856153019045665,14.198329307939114,TP,1.7506406513340669,0.1262471695429424,0.0,1.687079406399762,1.312980488500554,1.284923440352442,11,132.85626862478716,
XRP,1,LEGACY_SMC,2022-11-25 16:30:00+00:00,2022-11-25 20:15:00+00:00,0.4020303917169571,0.40734575605208967,329.1975354239383,132.34741411874276,0.39804386846560763,0.40734575605208967,TP,1.7498048390059449,0.13322231653824573,0.0,1.6827562295270706,1.3123536292544677,1.2822429808671494,15,134.53902485431422,
XRP,1,LEGACY_SMC,2022-11-26 12:45:00+00:00,2022-11-26 14:30:00+00:00,0.40594117881059644,0.40871823320827,497.1373879160727,201.80853728147133,0.4038583880123413,0.40871823320827,TP,1.380577569360277,0.20249882606615147,0.0,1.2789830119348613,1.0354331770201872,1.2352154058029818,7,135.71710359760834,
ETH,1,LEGACY_SMC,2022-11-26 15:00:00+00:00,2022-11-26 15:15:00+00:00,1214.5529206054687,1206.4203414365084,0.1676136559738605,203.57565539641251,1207.0238533631898,1224.591676928507,SL,-1.3631313270062992,0.20289408973290934,0.0,-1.4642375890410024,1.261974486551393,-1.1602751122507518,1,134.15107818086912,
XRP,1,LEGACY_SMC,2022-11-26 15:30:00+00:00,2022-11-26 17:00:00+00:00,0.4025405008614063,0.39931520270539744,332.6362058544299,133.89954490928005,0.39951496018549015,0.4065745550959612,SL,-1.0728509413640763,0.13336311943859802,0.0,-1.1392642883480344,1.0064043710949953,-1.1320144477398124,6,132.84425081143078,
ETH,1,LEGACY_SMC,2022-11-26 15:30:00+00:00,2022-11-26 19:00:00+00:00,1211.0921455810546,1202.6685045438542,0.1661530198222528,201.22661727130367,1203.2701396136608,1221.5214868709131,SL,-1.3996133962295116,0.2005268105731889,0.0,-1.4995268981670486,1.2996499125501628,-1.1537929435356087,14,131.34472391326372,
ETH,1,LEGACY_SMC,2022-11-26 19:15:00+00:00,2022-11-26 22:45:00+00:00,1207.2814470703124,1200.439504505084,0.1631906846145887,197.0170858698956,1201.0400245173425,1215.6033438076056,SL,-1.1165412913133281,0.19645881522423894,0.0,-1.2144915636026192,1.0185420193880885,-1.192382386278233,14,130.03172380672615,
SOL,1,LEGACY_SMC,2022-11-27 13:30:00+00:00,2022-11-27 15:30:00+00:00,14.242847771072388,14.383660271906733,12.312517050333744,175.36530602663674,14.137238395446628,14.383660271906733,TP,1.733756317423008,0.17623218418534825,0.0,1.645206786250978,1.3003172380672614,1.2652349273599928,8,131.51450054153497,
ETH,1,LEGACY_SMC,2022-11-27 15:15:00+00:00,2022-11-27 16:15:00+00:00,1212.7525117675782,1220.0210626570993,0.12326900617155405,149.49479685764527,1207.3010986004374,1220.0210626570993,TP,0.895987044458627,0.14994279037987457,0.0,0.820791652507575,0.6719902833439703,1.221433810654429,4,132.33529219404255,
LINK,-1,LEGACY_SMC,2022-11-28 10:45:00+00:00,2022-11-28 14:30:00+00:00,6.8006396457672125,6.875460759934872,18.538222803989775,126.07177296287868,6.872024747561092,6.705459510042041,SL,-1.3870504848828251,0.12676529820532012,0.0,-1.4507798966067058,1.3233529219404256,-1.0962909988360736,15,130.8214764109544,
BTC,-1,LEGACY_SMC,2022-11-28 14:45:00+00:00,2022-11-28 15:00:00+00:00,16248.04974,16175.6126264658,0.01207727805838386,196.2322146164316,16302.377575150651,16175.6126264658,TP,0.8748431618992635,0.19579479303548197,0.0,0.7771644761719974,0.6561323714244476,1.184462937691661,1,131.43523668674686,
ETH,-1,LEGACY_SMC,2022-11-28 14:45:00+00:00,2022-11-28 15:00:00+00:00,1173.8651555908205,1165.5351033956224,0.11123610367066673,130.57618614268384,1180.112694737219,1165.5351033956224,TP,0.9266025495671153,0.1301128848679003,0.0,0.861777757770557,0.6949519121753428,1.2400537974965993,1,132.29701444451743,
BTC,-1,LEGACY_SMC,2022-11-28 17:00:00+00:00,2022-11-28 18:00:00+00:00,16307.537839999999,16167.103314919521,0.012168944423971739,198.44552166677613,16412.863733810358,16167.103314919521,TP,1.7089399309112037,0.19759105170132052,0.0,1.6105716400432712,1.2817049481834082,1.2565853337197253,4,133.7423388449561,
ETH,-1,LEGACY_SMC,2022-11-28 17:00:00+00:00,2022-11-29 00:00:00+00:00,1176.394678881836,1161.4769707311114,0.1122488565384762,132.04895754243398,1187.5829599948793,1161.4769707311114,TP,1.674495682093542,0.1312117097013872,0.0,1.6093084511633717,1.2558717615701438,1.2814273721318064,28,135.35164729611947,
BTC,-1,LEGACY_SMC,2022-11-29 04:15:00+00:00,2022-11-29 04:30:00+00:00,16311.53704,16415.303549999997,0.012446863250612413,203.02747094417919,16377.45646882984,16223.64446822688,SL_GAP,-1.2915675599632763,0.2036732547241608,0.0,-1.3937270792153476,0.8204901162035009,-1.698651880980941,1,133.85640648143203,
BTC,1,LEGACY_SMC,2022-11-29 14:00:00+00:00,2022-11-29 14:45:00+00:00,16415.08236,16351.974397437232,0.011110252317506796,182.37570683225493,16360.15447467457,16488.319540433906,SL,-0.7011453873161262,0.1820251341385969,0.0,-0.7919826680385956,0.6102626652326163,-1.2977734230828497,3,132.89719835230125,
BTC,1,LEGACY_SMC,2022-11-29 14:45:00+00:00,2022-11-29 15:00:00+00:00,16436.386619999997,16355.11835,0.010961519991832498,180.16778052861815,16376.174005546656,16516.67010593779,SL_GAP,-0.8908237663066066,0.17972236864546484,0.0,-0.9804622446877624,0.6600217770908031,-1.4854998406406739,1,131.82665221734916,
ETH,1,LEGACY_SMC,2022-11-29 15:00:00+00:00,2022-11-29 15:30:00+00:00,1205.6910411621093,1216.5397109807207,0.1472113577456479,177.49141519123793,1197.5545387981508,1216.5397109807207,TP,1.5970474137320114,0.17828993889810393,0.0,1.5075031824295264,1.1977855602990002,1.258575184403803,2,133.24540969218307,
LINK,1,LEGACY_SMC,2022-11-29 13:45:00+00:00,2022-11-29 17:15:00+00:00,7.324464554214478,7.256364715250023,20.76263926550526,152.075215352135,7.259994712606326,7.410424343025348,SL,-1.4139323904579677,0.15136824915690603,0.0,-1.4892630319388063,1.3385640648143204,-1.1125825584936722,14,131.75614666024427,
BTC,1,LEGACY_SMC,2022-11-30 17:30:00+00:00,2022-11-30 18:30:00+00:00,16770.453419999998,16868.038595031896,0.01178466765571604,197.6342199903664,16697.264538726075,16868.038595031896,TP,1.1500088558757964,0.1982092244183043,0.0,1.0506167414526753,0.8625066419068472,1.2180969866271991,4,132.70794629170175,
BTC,1,LEGACY_SMC,2022-11-30 18:45:00+00:00,2022-11-30 19:00:00+00:00,16881.8757,17010.072572198187,0.01179145747634859,199.0619194375526,16785.72804585136,17010.072572198187,TP,1.5116279671258124,0.19981773342111553,0.0,1.4113411934234732,1.13372097534437,1.244875259536215,1,133.95352696596024,
XRP,1,LEGACY_SMC,2022-11-30 18:45:00+00:00,2022-11-30 19:00:00+00:00,0.3981596073389053,0.40269513213155983,332.67844465111284,132.45911889240483,0.39475796374441446,0.40269513213155983,TP,1.5088713336968635,0.13321355455925327,0.0,1.4418873385838127,1.1316535002726384,1.274142074615978,1,135.39541430454406,
ETH,1,LEGACY_SMC,2022-12-01 06:00:00+00:00,2022-12-01 13:30:00+00:00,1282.8464838134764,1292.9293086138287,0.10534506630987688,135.14154790272306,1275.2843652132124,1292.9293086138287,TP,1.0621758471839764,0.13567263582631506,0.0,0.9940739853090229,0.7966318853879704,1.2478460924582444,30,136.22037095517334,
XRP,1,LEGACY_SMC,2022-12-01 05:45:00+00:00,2022-12-01 13:45:00+00:00,0.39997996936440466,0.39734315797544734,507.75823044225154,203.0931214568161,0.3975419289399173,0.40323068993038785,SL,-1.338862684866948,0.2024236901143826,0.0,-1.4397398142529225,1.2379350916843799,-1.163017208191392,32,134.7806311409204,
BTC,1,LEGACY_SMC,2022-12-01 14:00:00+00:00,2022-12-01 15:00:00+00:00,17096.4186,17006.041106386285,0.01182533906319892,202.17094671138062,17014.548380576573,17205.578892564572,SL,-1.0687445056642877,0.2016365744585485,0.0,-1.1692956067671458,0.9681431038605344,-1.2077714566209299,4,133.4429861020688,
ETH,1,LEGACY_SMC,2022-12-01 14:00:00+00:00,2022-12-01 15:00:00+00:00,1279.0558088378907,1269.859125142122,0.1051775196422109,134.5279174575312,1270.494372328286,1290.4710575173635,SL,-0.9672843800549235,0.13404427526750373,0.0,-1.0340646965936615,0.9004706566544813,-1.1483602368960273,4,132.40892140547513,
ETH,1,LEGACY_SMC,2022-12-01 15:30:00+00:00,2022-12-01 22:15:00+00:00,1267.7334764648438,1282.0248456142629,0.12353276071369809,156.60661619687616,1257.0149496027793,1282.0248456142629,TP,1.7654522854063164,0.15748934233957934,0.0,1.6862662511651751,1.3240892140547513,1.2735291801081372,27,134.01688434854185,
ETH,1,LEGACY_SMC,2022-12-02 02:00:00+00:00,2022-12-02 09:30:00+00:00,1272.5645206054687,1281.8270611240453,0.15796867134655593,201.02532652281278,1265.6176152165363,1281.8270611240453,TP,1.4631912190131757,0.20175692213231938,0.0,1.3619469601422627,1.0973934142598907,1.2410744792566424,30,135.22369305857262,
SOL,-1,LEGACY_SMC,2022-12-02 11:15:00+00:00,2022-12-02 11:30:00+00:00,13.567285694885253,13.657734012301859,14.950340410707659,202.83553958785893,13.650908558022849,13.455788544035126,SL,-1.3522331349539876,0.20351165615533595,0.0,-1.454327021315394,1.2501902700250662,-1.1632845465084567,1,133.6679482674633,
LINK,1,LEGACY_SMC,2022-12-02 04:30:00+00:00,2022-12-02 13:30:00+00:00,7.58951742067337,7.492739454451769,14.395009279844624,109.2511737001356,7.4964876983009185,7.713557050503304,SL,-1.3931197218444338,0.10855461383921337,0.0,-1.4470487488335793,1.3391637168528043,-1.080561495673074,36,132.22089951862972,
ETH,1,LEGACY_SMC,2022-12-02 13:45:00+00:00,2022-12-02 20:00:00+00:00,1277.6354808837891,1289.5190379995347,0.14835165176083526,189.53933393735917,1268.72281304698,1289.5190379995347,TP,1.7629453269150854,0.19042080660081673,0.0,1.6672941872829483,1.3222089951862972,1.260991411609652,25,133.79342403894398,
ETH,1,LEGACY_SMC,2022-12-03 06:30:00+00:00,2022-12-03 07:15:00+00:00,1285.5671206054687,1279.831257541822,0.15611019669194412,200.690136058416,1280.471493288466,1292.3612903614724,SL,-0.8954267110639552,0.200242422702884,0.0,-0.9953240657376312,0.7954793827261364,-1.2512254715221154,3,132.69775490517713,
SOL,-1,LEGACY_SMC,2022-12-03 17:30:00+00:00,2022-12-03 19:30:00+00:00,13.567285694885253,13.482933014711335,14.671072522104,199.0466323577657,13.630550205015691,13.482933014711335,TP,1.237544288265396,0.198427860213633,0.0,1.1386397442306457,0.928158216199034,1.226773328467176,8,133.73687133322892,
ETH,-1,LEGACY_SMC,2022-12-04 05:15:00+00:00,2022-12-04 07:30:00+00:00,1263.2272844726563,1254.956138632895,0.1588038110525673,200.60530699984338,1269.430643852477,1254.956138632895,TP,1.3134894811256617,0.19994856225928054,0.0,1.2138435723663028,0.9851171108442283,1.2321820004994735,9,134.78366919474558,
LINK,-1,LEGACY_SMC,2022-12-04 06:45:00+00:00,2022-12-04 11:30:00+00:00,7.3585281334877015,7.29602006794922,18.140328103388125,133.48611469947912,7.405409182641562,7.29602006794922,TP,1.1339168179761434,0.13291915629049106,0.0,1.0677407190353918,0.8504376134820955,1.2555191610864367,19,135.85140991378097,
ETH,-1,LEGACY_SMC,2022-12-04 16:15:00+00:00,2022-12-04 16:30:00+00:00,1259.618021118164,1265.7171935180188,0.16177691288489054,203.77711487067145,1265.0846511924226,1252.3291810191527,SL,-0.9867052820012309,0.20427046751167208,0.0,-1.0890871920775673,0.8843745372972476,-1.2314773279270859,1,134.59263582000798,
SOL,-1,LEGACY_SMC,2022-12-04 16:15:00+00:00,2022-12-04 16:30:00+00:00,13.48730177116394,13.55265241809663,10.05365571415481,135.59668852019266,13.54587947835745,13.409198161572592,SL,-0.6570129049585445,0.13592519497267191,0.0,-0.7251397556711201,0.5889201006481244,-1.2313041359482921,1,133.86749606433688,
ETH,-1,LEGACY_SMC,2022-12-04 16:45:00+00:00,2022-12-04 17:45:00+00:00,1260.0179655273437,1266.6778390902748,0.15936379447769686,200.80124409650531,1266.044816681934,1251.98216398789,SL,-1.0613427217304026,0.2013319154573705,0.0,-1.1622740151395203,0.9604618687477992,-1.210119894353363,4,132.6048214271491,
XRP,-1,LEGACY_SMC,2022-12-04 18:15:00+00:00,2022-12-04 18:30:00+00:00,0.39019194073677066,0.3921337675240573,362.0470503375749,141.26784120924165,0.391937798624745,0.3878641302194715,SL,-0.7030326606036248,0.14161935753954347,0.0,-0.7740180975385474,0.6320826986496917,-1.2245519442188026,1,131.6651660570166,
XRP,-1,LEGACY_SMC,2022-12-04 18:45:00+00:00,2022-12-04 19:45:00+00:00,0.3903419058263302,0.39239593689550406,356.49826238691554,139.15621116388374,0.39219983697701555,0.3878646642920831,SL,-0.732258507049214,0.13952234041740835,0.0,-0.8022027418846805,0.6623492268538436,-1.2111476987678247,4,130.79338520954997,
LINK,-1,LEGACY_SMC,2022-12-04 18:15:00+00:00,2022-12-04 22:00:00+00:00,7.35952786102295,7.4145951187519765,25.817784451222586,190.00670397865773,7.41088967391502,7.291045443833523,SL,-1.421714590367934,0.1907175612738417,0.0,-1.517428799652447,1.3260482142714909,-1.1443240021902954,15,129.27595640989753,
ETH,1,LEGACY_SMC,2022-12-05 12:15:00+00:00,2022-12-05 12:30:00+00:00,1293.2986470703124,1286.7274763425753,0.14993747581358433,193.9139346148463,1287.371161923537,1301.2019605993464,SL,-0.9852647520570187,0.19342130223881782,0.0,-1.0817290869884133,0.8887521608300056,-1.2171324410375401,1,128.0972703556017,
ETH,1,LEGACY_SMC,2022-12-05 13:30:00+00:00,2022-12-05 13:45:00+00:00,1291.3982426513671,1284.7255231571758,0.1487890405820192,192.14590553340253,1285.368207260806,1299.438289838782,SL,-0.9928275316136702,0.1916494917675957,0.0,-1.0884040706145646,0.8972031804372111,-1.2131076821241098,1,126.8488647882336,
LINK,1,LEGACY_SMC,2022-12-05 13:30:00+00:00,2022-12-05 14:15:00+00:00,7.495498758029938,7.447235768434925,17.05784926409487,127.857087973685,7.450961249059454,7.554882103323917,SL,-0.8232628015463159,0.12744545657291184,0.0,-0.8867797141323852,0.7597141146167821,-1.1672544935928932,3,125.86745253710276,
BTC,1,LEGACY_SMC,2022-12-05 14:00:00+00:00,2022-12-05 14:30:00+00:00,17235.64644,17170.474293952782,0.010981025553973883,189.265073996899,17179.063825865713,17311.089925512384,SL,-0.7156570011518202,0.18890724549632307,0.0,-0.8099317096496937,0.6213351317192572,-1.3035343863601963,2,125.05752082745308,
BTC,1,LEGACY_SMC,2022-12-05 14:30:00+00:00,2022-12-05 15:00:00+00:00,17195.9385,17129.096392955104,0.0109087550668537,187.58628124117962,17137.665225567885,17273.63619924282,SL,-0.7291641739051943,0.18722169915422704,0.0,-0.8225927324388315,0.6356888777234875,-1.2940178147912218,2,124.07872343540569,
ETH,1,LEGACY_SMC,2022-12-05 14:45:00+00:00,2022-12-05 15:00:00+00:00,1285.9171661865234,1278.5184174762749,0.09706926795764999,124.82303797590157,1279.157996474512,1294.9293924692056,SL,-0.7181911211064369,0.12446394241534836,0.0,-0.7802435445338345,0.656107655946476,-1.1892004878502518,1,123.29847989087186,
SOL,1,LEGACY_SMC,2022-12-05 15:45:00+00:00,2022-12-05 17:15:00+00:00,13.762752228927612,13.902430749500622,11.769739005926766,161.98400173771486,13.657993338497855,13.902430749500622,TP,1.6439797318783054,0.162805991603654,0.0,1.5621657411435088,1.2329847989087186,1.2669789137109715,6,124.7796536311465,
LINK,-1,LEGACY_SMC,2022-12-06 17:15:00+00:00,2022-12-06 17:30:00+00:00,7.226554563999176,7.145102159554817,20.425777807682223,147.60799783933905,7.287643867332446,7.145102159554817,TP,1.6637287150819535,0.14677613348179808,0.0,1.590756580519825,1.2477965363114651,1.2748525374354405,1,126.29660621274665,
SOL,1,LEGACY_SMC,2022-12-07 06:45:00+00:00,2022-12-07 07:00:00+00:00,13.972794267082215,13.85306965684891,13.558126291562417,189.44490931911997,13.903277770182491,14.06548292961518,SL_GAP,-1.6232413857512404,0.18863328862624434,0.0,-1.7171522197179248,0.9425134443134554,-1.8218861811236347,1,124.48473153836916,
LINK,-1,LEGACY_SMC,2022-12-07 23:00:00+00:00,2022-12-08 00:45:00+00:00,6.890621798324585,6.829375210979008,27.09872966079133,186.72709730755375,6.936556738833769,6.829375210979008,TP,1.6597047131238398,0.18589724495099183,0.0,1.5671710168266249,1.244778534842892,1.2589958558567393,7,125.89641334520863,
BTC,-1,LEGACY_SMC,2022-12-08 00:30:00+00:00,2022-12-08 00:45:00+00:00,16860.327260000002,16810.23104879649,0.007369449047499371,124.2513226667347,16897.899418402634,16810.23104879649,TP,0.36918147593705036,0.12406673192876616,0.0,0.30724040534165153,0.2768861069527744,1.1096273797300142,1,126.20365375055027,
XRP,-1,LEGACY_SMC,2022-12-08 01:00:00+00:00,2022-12-08 01:15:00+00:00,0.3846930519402027,0.3904451223760843,492.09487842595956,189.3054806258254,0.386747141537161,0.38195426581092495,SL_GAP,-2.8305644018427154,0.19072076282674674,0.0,-2.9266324243565496,1.0108069704912215,-2.8953425429330935,1,123.18236858588081,
ETH,-1,LEGACY_SMC,2022-12-08 02:45:00+00:00,2022-12-08 04:15:00+00:00,1236.2326844726563,1227.5324305624076,0.14946502806438958,184.77355287882122,1242.7578749053428,1227.5324305624076,TP,1.3003836948626293,0.18412336103138993,0.0,1.20864711027065,0.975287771146972,1.239272290730396,6,124.29862891971204,
XRP,1,LEGACY_SMC,2022-12-08 12:00:00+00:00,2022-12-08 14:45:00+00:00,0.3859071511387825,0.3891556695360507,483.14197554871544,186.44794337956807,0.38347076234083133,0.3891556695360507,TP,1.5694955960625032,0.18723269117759933,0.0,1.475486876574688,1.177121697046884,1.2534701214635076,11,125.61885904010171,
BTC,-1,LEGACY_SMC,2022-12-08 12:15:00+00:00,2022-12-08 14:45:00+00:00,16838.93154,16890.483489171915,0.007367781542182549,124.06556899048758,16882.042467937947,16781.450302749407,SL,-0.3798234995723557,0.12425548074027376,0.0,-0.4420461958173857,0.3176318991275549,-1.391693331279263,10,125.17681284428433,
SOL,-1,LEGACY_SMC,2022-12-08 15:15:00+00:00,2022-12-08 18:30:00+00:00,13.557288419532776,13.661677752060422,12.830500779059104,173.94679962874426,13.654850326896975,13.42720587638051,SL,-1.339367412321418,0.17461648333490498,0.0,-1.427010495841951,1.2517681284428432,-1.139995869376466,13,123.59344004913679,
LINK,-1,LEGACY_SMC,2022-12-08 15:15:00+00:00,2022-12-08 18:30:00+00:00,6.931613487720489,6.988047802497817,20.020995000410604,138.77779898243062,6.98455552473545,6.8610241050338745,SL,-1.1298711340084837,0.13934273454943485,0.0,-1.1998249690667033,1.0599522583880812,-1.1319613308728953,13,122.39361508007009,
XRP,1,LEGACY_SMC,2022-12-09 04:00:00+00:00,2022-12-09 06:45:00+00:00,0.3912382432937622,0.39405110969778684,469.25479747197363,183.59042262010513,0.38912859349074375,0.39405110969778684,TP,1.3199510547362903,0.1842503981474733,0.0,1.2274958678988694,0.9899632910522241,1.2399407927481572,11,123.5293157366589,
BTC,1,LEGACY_SMC,2022-12-09 13:00:00+00:00,2022-12-09 13:15:00+00:00,17261.351580000002,17204.02365221507,0.010734615580142673,185.29397360498837,17212.629967198667,17326.31373040178,SL,-0.6153932667774293,0.18498627697159964,0.0,-0.7077325569465348,0.523007783866891,-1.353196986312268,1,122.66728734377504,
XRP,1,LEGACY_SMC,2022-12-09 13:00:00+00:00,2022-12-09 13:30:00+00:00,0.3904680866897106,0.38854484531967237,315.76895135000467,123.29769826965264,0.3887392149271359,0.3927732490398102,SL,-0.6072999106099221,0.12299404831434768,0.0,-0.6686451097894435,0.5459240234868443,-1.224795174828126,2,121.9986422339856,
XRP,1,LEGACY_SMC,2022-12-09 13:45:00+00:00,2022-12-09 14:15:00+00:00,0.3892578405976295,0.3868634241124905,470.12017296818146,182.9979633509784,0.38705695258878486,0.39219235794275575,SL,-1.1256634921514355,0.1824351316049027,0.0,-1.216599642080849,1.0346818514016476,-1.1758200266417775,2,120.69054361022927,
BTC,1,LEGACY_SMC,2022-12-10 09:30:00+00:00,2022-12-10 10:15:00+00:00,17135.326380000002,17164.4167052126,0.010565063740288318,181.0358154153439,17113.508636090555,17164.4167052126,TP,0.30734114009680613,0.1811894859853923,0.0,0.21666956181908575,0.23050585507259497,0.9399742221335261,3,120.81669526434068,
ETH,-1,LEGACY_SMC,2022-12-10 13:30:00+00:00,2022-12-10 13:45:00+00:00,1263.9771344726562,1267.904273830573,0.09540533659339612,120.59016396072008,1267.2706385113174,1259.5857957544413,SL,-0.3746700522912218,0.12077749898686568,0.0,-0.43515246929772744,0.3142178613801851,-1.3848750271112646,1,120.23063519161434,
XRP,-1,LEGACY_SMC,2022-12-10 12:45:00+00:00,2022-12-10 15:15:00+00:00,0.3878823949277401,0.38900615039851955,467.21646887395343,181.225042896511,0.38881174452625644,0.38664326212971833,SL,-0.5250370629353476,0.18148756142797867,0.0,-0.6159121029150707,0.4342074377682194,-1.418474326650861,10,119.61472308869926,
BTC,1,LEGACY_SMC,2022-12-10 22:15:00+00:00,2022-12-10 22:30:00+00:00,17155.73046,17121.847716873297,0.010458434576795565,179.42208463304888,17130.412923334963,17189.48717555338,SL,-0.35436045227298063,0.17924490440691238,0.0,-0.44389431436336857,0.2647818008568992,-1.6764532642606749,1,119.08111773201938,
BTC,1,LEGACY_SMC,2022-12-10 23:00:00+00:00,2022-12-10 23:30:00+00:00,17139.82728,17104.603852825363,0.010421439707648503,178.62167659802907,17113.16043304188,17175.383075944163,SL,-0.3670788225972414,0.17843813718673046,0.0,-0.4562061214849573,0.27790693776713754,-1.6415787426912651,2,118.53560077223541,
BTC,1,LEGACY_SMC,2022-12-11 11:15:00+00:00,2022-12-11 13:45:00+00:00,17162.23176,17131.43352540365,0.010360156164116101,177.80340115835313,17140.00352716723,17191.869403777022,SL,-0.3190745199972701,0.1776438638983545,0.0,-0.40781668331644805,0.23028796339980298,-1.7708988229160612,10,118.03888238833979,
BTC,1,LEGACY_SMC,2022-12-11 14:00:00+00:00,2022-12-11 14:15:00+00:00,17159.23116,17128.384482841822,0.010318546439029946,177.05832358250967,17136.952959321483,17188.935427571352,SL,-0.3182928707464141,0.1768991771471365,0.0,-0.40666288610229573,0.22987864827930035,-1.7690328751550872,1,117.54369034044623,
ETH,1,LEGACY_SMC,2022-12-11 14:15:00+00:00,2022-12-11 18:45:00+00:00,1271.9243779541016,1275.9047120260277,0.13862108358538894,176.31553551066935,1268.9391274001568,1275.9047120260277,TP,0.5517582220822406,0.17659141462171046,0.0,0.4633245752158648,0.4138186665617041,1.1196318886856664,18,117.91885714790676,
BTC,-1,LEGACY_SMC,2022-12-12 11:00:00+00:00,2022-12-12 12:15:00+00:00,16983.40264,16945.939403850283,0.010414773144768364,176.87828572186015,17011.500067112287,16945.939403850283,TP,0.39017110576818775,0.17668320016897604,0.0,0.3019270484601418,0.29262832932613136,1.0317765513524395,5,118.13234505350597,
BTC,-1,LEGACY_SMC,2022-12-12 12:15:00+00:00,2022-12-12 12:30:00+00:00,16999.89934,16955.4,0.01042350393000968,177.19851758025897,17025.316376995008,16966.00995733999,TP_GAP,0.4638390453728211,0.17696659805757256,0.0,0.37547170610537806,0.2649345850066667,1.4172242030836775,1,118.41921750082122,
BTC,-1,LEGACY_SMC,2022-12-12 14:30:00+00:00,2022-12-12 15:00:00+00:00,16997.89974,17046.239938866296,0.01045004553316843,177.62882625123183,17037.721078327133,16944.80462223049,SL,-0.5051572792352038,0.17788140489084941,0.0,-0.5942242710004373,0.4161347987102372,-1.4279610185021014,2,117.73617881669516,
ETH,-1,LEGACY_SMC,2022-12-12 20:15:00+00:00,2022-12-12 20:45:00+00:00,1253.5791900634765,1258.5183373232746,0.14088002547019002,176.60426822504274,1257.8893926269611,1247.8322533121639,SL,-0.6958271917613783,0.17695218182092343,0.0,-0.7844772394697803,0.6072214469253899,-1.2919129313398083,2,116.80464173137214,
SOL,-1,LEGACY_SMC,2022-12-12 20:15:00+00:00,2022-12-12 21:00:00+00:00,13.217356266975402,13.292803570501286,8.890993108435408,117.51542348141385,13.28616049025616,13.125617302601059,SL,-0.6708014556986693,0.11785082420926318,0.0,-0.7298945681672256,0.6117378750204663,-1.1931492195784124,3,116.07474716320492,
LINK,-1,LEGACY_SMC,2022-12-12 22:15:00+00:00,2022-12-13 01:45:00+00:00,6.703658923721314,6.65557497124494,25.97269979364565,174.11212074480738,6.739721888078593,6.65557497124494,TP,1.2488700625607714,0.17348768571352702,0.0,1.1624384372196481,0.9366525469205669,1.2410561857130455,14,117.09220098654603,
SOL,-1,LEGACY_SMC,2022-12-13 00:15:00+00:00,2022-12-13 02:00:00+00:00,13.297340190696717,13.18812050055792,8.712803113312207,115.8571070122739,13.379254958300816,13.18812050055792,TP,0.9516096562763066,0.11538130218413575,0.0,0.8941569075983078,0.7137072422072377,1.2528342921573903,7,117.98635789414433,
BTC,1,LEGACY_SMC,2022-12-13 07:30:00+00:00,2022-12-13 09:15:00+00:00,17141.22756,17195.390844548085,0.010324787779739183,176.9795368412165,17100.605096588934,17195.390844548085,TP,0.5592244184126078,0.17725914905042278,0.0,0.4704550377827933,0.41941831380947464,1.1216845385452163,7,118.36832316350652,
XRP,1,LEGACY_SMC,2022-12-14 05:45:00+00:00,2022-12-14 08:00:00+00:00,0.39036805009245873,0.38847611161353324,302.653822538991,118.14638255757495,0.3886704468369517,0.39263152109980143,SL,-0.5726024126554045,0.11786008135124726,0.0,-0.6313893027278642,0.5137861144338447,-1.2288952250560716,9,117.58908442712723,
XRP,1,LEGACY_SMC,2022-12-14 08:15:00+00:00,2022-12-14 13:15:00+00:00,0.38957789213061333,0.3916986163448476,298.83684026794367,116.42022632255828,0.38798734896993764,0.3916986163448476,TP,0.6337505232614838,0.11673710158418904,0.0,0.5752235348385739,0.47531289244611286,1.210199731545864,20,118.10609784880452,
LINK,1,LEGACY_SMC,2022-12-14 05:30:00+00:00,2022-12-14 13:30:00+00:00,6.869373630523682,6.82703829029301,25.846968631363296,177.5524847452598,6.830453517051535,6.921267115153211,SL,-1.0942402109402627,0.17700536463978966,0.0,-1.1824693332074225,1.0059669520436683,-1.1754554469261456,32,116.9236285155971,
ETH,1,LEGACY_SMC,2022-12-14 19:00:00+00:00,2022-12-14 19:15:00+00:00,1333.0465853027345,1317.0811202392579,0.10576546287986839,140.99028913497168,1321.9915938781328,1347.7865738688702,SL_GAP,-1.6885948025309685,0.1401459917337062,0.0,-1.7582456496971888,1.169236285155971,-1.50375563264584,1,115.09488772133243,
BTC,1,LEGACY_SMC,2022-12-14 19:15:00+00:00,2022-12-14 19:30:00+00:00,17940.487380000002,17738.71244096008,0.005966521721303963,107.04230764354965,17747.586234077116,18197.688907897184,SL,-1.2038945565964787,0.10644036036525141,0.0,-1.2568137631399552,1.1509488772133243,-1.0919805284340263,1,113.73220125694115,
ETH,1,LEGACY_SMC,2022-12-14 19:15:00+00:00,2022-12-14 19:30:00+00:00,1318.0035382324218,1302.8703591795356,0.07944067813315987,104.70309485908768,1303.5221202396554,1337.3120955561103,SL,-1.2021900062718045,0.10410199985595178,0.0,-1.2539404586982124,1.1504136656751065,-1.0899909277089057,1,112.47826079824294,
ETH,1,LEGACY_SMC,2022-12-14 19:45:00+00:00,2022-12-15 01:30:00+00:00,1311.7422764648438,1296.1382593235667,0.0751742440849971,98.60923406757792,1296.7866526498915,1331.6831082181136,SL,-1.1730201932848474,0.09802272397093549,0.0,-1.221738300221994,1.124277715108622,-1.0866872871387971,23,111.15672859360642,
BTC,1,LEGACY_SMC,2022-12-14 19:45:00+00:00,2022-12-15 01:45:00+00:00,17833.46598,17626.00472372359,0.005662307869639257,100.97857476149798,17634.822134790982,18098.32444027869,SL,-1.1747095040591762,0.10039122000946839,0.0,-1.2246114366878955,1.1247826079824295,-1.0887538871929512,24,109.93211715691852,
SOL,1,LEGACY_SMC,2022-12-15 02:00:00+00:00,2022-12-15 03:15:00+00:00,13.972794267082215,14.235823688841252,5.572614471376639,77.86499553831088,13.775522200762936,14.235823688841252,TP,1.4657615620922437,0.078597876319357,0.0,1.4260961835420423,1.0993211715691853,1.2972516316650338,5,111.31928084269141,
XRP,-1,LEGACY_SMC,2022-12-15 15:30:00+00:00,2022-12-15 17:45:00+00:00,0.3818636192083359,0.37935651920846425,437.2737094206854,166.97892126403713,0.38374394420823965,0.37935651920846425,TP,1.096288916832473,0.1664307768056209,0.0,1.0133476006588706,0.822216687624367,1.2324580805903353,9,112.24913898271826,
ETH,-1,LEGACY_SMC,2022-12-16 07:30:00+00:00,2022-12-16 08:45:00+00:00,1276.4346034179687,1270.6136956860114,0.13190938887367612,168.3737084740774,1280.8002842169367,1270.6136956860114,TP,0.7678323816125405,0.16798979228327113,0.0,0.6840294435663081,0.5758742862094129,1.1878103606063168,5,112.79296223612397,
LINK,-1,LEGACY_SMC,2022-12-16 07:30:00+00:00,2022-12-16 08:45:00+00:00,6.523695095348359,6.48113168126756,17.17411224920881,112.0386718471257,6.555617655908958,6.48113168126756,TP,0.7309888511331873,0.1116731774215591,0.0,0.6753350096351911,0.5482416383499019,1.2318199903017488,5,113.46829724575916,
XRP,-1,LEGACY_SMC,2022-12-16 20:45:00+00:00,2022-12-16 22:30:00+00:00,0.36461706777811054,0.36142919074295193,466.79780215943225,170.20244586863873,0.3670079755544795,0.36142919074295193,TP,1.4880939935665634,0.16945839887185543,0.0,1.4037368176290272,1.116070495174929,1.2577492404805581,7,114.78693284045387,
ETH,-1,LEGACY_SMC,2022-12-17 11:00:00+00:00,2022-12-17 13:15:00+00:00,1183.9531034179688,1175.449165045759,0.14542839472578017,172.18039926068082,1190.3310571971263,1175.449165045759,TP,1.2367141063174438,0.17156204220752208,0.0,1.1512422637402622,0.9275355797380912,1.2411839382650305,9,115.8520849045638,
BTC,-1,LEGACY_SMC,2022-12-17 21:30:00+00:00,2022-12-17 22:45:00+00:00,16702.558820000002,16744.54503411235,0.010404281716928308,173.7781273568457,16736.17694563953,16657.73465248063,SL,-0.4368363998521452,0.17399654555677174,0.0,-0.5239438817304941,0.34977244994874457,-1.4979564051064413,5,115.24125195915488,
BTC,-1,LEGACY_SMC,2022-12-17 23:15:00+00:00,2022-12-17 23:45:00+00:00,16744.35046,16791.868940658198,0.010323594119203135,172.86187793873233,16783.47720205717,16692.181470590447,SL,-0.4905615074764253,0.17310715869247056,0.0,-0.5772377271995297,0.4039286042049532,-1.4290588019526331,2,114.52007070568011,
BTC,-1,LEGACY_SMC,2022-12-18 00:00:00+00:00,2022-12-18 01:15:00+00:00,16775.24428,16721.739516977843,0.010209985577179856,171.27500215246886,16815.372852266617,16721.739516977843,TP,0.54628285876664,0.17100186072308554,0.0,0.4609184991197888,0.40971214407498924,1.1249812967111548,5,114.89535170372366,
ETH,-1,LEGACY_SMC,2022-12-17 23:15:00+00:00,2022-12-18 04:00:00+00:00,1184.383071118164,1190.5882494045827,0.09711821911059343,115.02517461173142,1189.9932527781937,1176.902828904791,SL,-0.6026358644407066,0.11532649254395178,0.0,-0.6604497696787927,0.5448508517089913,-1.2121661691584242,19,114.23490193404487,
ETH,-1,LEGACY_SMC,2022-12-18 04:45:00+00:00,2022-12-18 08:15:00+00:00,1190.7517922363281,1184.4311683558237,0.09575522979375777,114.02071149291851,1195.4922601467065,1184.4311683558237,TP,0.6052327921176117,0.1137180950968597,0.0,0.5485250527672113,0.45392459408821423,1.2084056689393938,14,114.6407404546151,
SOL,-1,LEGACY_SMC,2022-12-18 19:00:00+00:00,2022-12-18 19:15:00+00:00,12.397519618606568,12.431484386120067,9.296173894534558,115.24949823547041,12.425271750244946,12.360516776422063,SL_AMBIG,-0.3157423850929256,0.11540736942801688,0.0,-0.3735250054032073,0.2579886416543759,-1.447835079125747,1,114.20959070009415,
LINK,-1,LEGACY_SMC,2022-12-18 19:15:00+00:00,2022-12-18 19:30:00+00:00,5.98880177116394,6.010003469467163,19.06418482556962,114.17162384916804,5.997221078174093,5.977576028483738,SL_GAP,-0.40419309506860573,0.11437372039670235,0.0,-0.4614810035407241,0.16050722494475866,-2.875141624930284,1,113.69102388462885,
SOL,-1,LEGACY_SMC,2022-12-18 20:15:00+00:00,2022-12-18 21:15:00+00:00,12.467506266975404,12.399220694567383,9.053551238991124,112.87520681050478,12.518720446281419,12.399220694567383,TP,0.6182269286798558,0.11256609334616485,0.0,0.5620984387389434,0.4636701965098879,1.2122807179972725,4,114.19668471996253,
BTC,-1,LEGACY_SMC,2022-12-18 04:45:00+00:00,2022-12-18 22:30:00+00:00,16754.24848,16797.184383990498,0.010227397134858976,171.35235290106732,16788.789988996,16708.193134671998,SL,-0.43912254145501317,0.17157191417179485,0.0,-0.5250182791762743,0.3532697301394024,-1.4861683138521347,71,113.67166644078625,
SOL,-1,LEGACY_SMC,2022-12-18 22:45:00+00:00,2022-12-18 23:00:00+00:00,12.457508038139343,12.523294615665328,13.687127404546828,170.5074996611794,12.51703609761652,12.378137292169773,SL,-0.900429268107259,0.17095771429523304,0.0,-0.9861332325719023,0.8147681342095657,-1.2103237610398003,1,112.60027945838377,
ETH,-1,LEGACY_SMC,2022-12-19 14:45:00+00:00,2022-12-19 16:15:00+00:00,1184.4530034179688,1177.4700316744397,0.14259782253933315,168.90041918757566,1189.6902322256158,1177.4700316744397,TP,0.9957565654809413,0.1684025409048352,0.0,0.9118042341698939,0.7468174241107222,1.2209198724248176,6,113.42763348295988,
SOL,-1,LEGACY_SMC,2022-12-20 01:45:00+00:00,2022-12-20 02:30:00+00:00,12.097580381393433,12.265883424535518,6.994229441474212,84.61325287414277,12.259753547761639,11.881349492902492,SL,-1.1771500994340776,0.0852018279238598,0.0,-1.220045300920866,1.1342763348295988,-1.0756155827796163,3,112.16528155560194,
XRP,-1,LEGACY_SMC,2022-12-20 04:45:00+00:00,2022-12-20 10:15:00+00:00,0.3428314279615879,0.34650265584638296,320.6496769518622,109.92878662482877,0.34632949110083255,0.33816734377592833,SL,-1.1771780352762076,0.11051737564246689,0.0,-1.23273101760626,1.1216528155560195,-1.0990308235397934,22,110.87758614468326,
BTC,1,LEGACY_SMC,2022-12-20 15:00:00+00:00,2022-12-20 15:15:00+00:00,16905.08034,17006.48823012139,0.009838248376938792,166.3163792170249,16829.02442240896,17006.48823012139,TP,0.9976760103955591,0.16681521722222267,0.0,0.9140189827818489,0.7482570077966604,1.221530801927664,1,111.65311209252127,
ETH,1,LEGACY_SMC,2022-12-20 15:00:00+00:00,2022-12-20 15:30:00+00:00,1218.5836338134766,1228.9113468852506,0.09081829724261808,110.66969067066199,1210.837849009646,1228.9113468852506,TP,0.9379453155888472,0.11113866332845641,0.0,0.8821414975957218,0.7034589866916302,1.254005584240861,2,112.535253590117,
ETH,1,LEGACY_SMC,2022-12-21 03:15:00+00:00,2022-12-21 08:45:00+00:00,1208.7216764648438,1216.1311344891944,0.13965405243568924,168.80288038517548,1203.1645829465808,1216.1311344891944,TP,1.0347608394527068,0.16932026080490184,0.0,0.9498420188403927,0.7760706295895222,1.2239118227458,22,113.34453204376999,
BTC,1,LEGACY_SMC,2022-12-21 04:30:00+00:00,2022-12-21 08:45:00+00:00,16809.16116,16878.850666686038,0.006682323342638209,112.32424998963555,16756.894029985473,16878.850666686038,TP,0.4656878172650528,0.11255709389826808,0.0,0.4092928483616025,0.34926586294877743,1.171866167812766,17,113.75382489213159,
BTC,-1,LEGACY_SMC,2022-12-21 15:00:00+00:00,2022-12-21 15:30:00+00:00,16798.539620000003,16861.43283050789,0.010157474470878877,170.63073733819738,16853.006327344217,16725.91734354105,SL,-0.6388361801254598,0.17095015542826014,0.0,-0.7244709668846213,0.5532441893616871,-1.3094958443585092,2,112.88726828834264,
ETH,1,LEGACY_SMC,2022-12-21 15:00:00+00:00,2022-12-22 08:30:00+00:00,1211.3722308837891,1218.9026139346802,0.09372885854220242,113.54053647045885,1205.7244435956209,1218.9026139346802,TP,0.7058142077455642,0.11389344357433162,0.0,0.6486910324064621,0.5293606558091732,1.2254235846350956,70,113.5359593207491,
ETH,1,LEGACY_SMC,2022-12-22 13:45:00+00:00,2022-12-22 14:30:00+00:00,1210.6421044189453,1205.805083760066,0.14067240711313442,170.30393898112365,1206.408287904018,1216.2871931055151,SL,-0.6804353393405081,0.16996372131145338,0.0,-0.7652470911613998,0.5955811604301808,-1.2848745763023655,3,112.68556026009713,
BTC,1,LEGACY_SMC,2022-12-23 13:45:00+00:00,2022-12-23 14:00:00+00:00,16892.477819999996,16822.964160109674,0.010006130669002454,169.0283403901457,16831.37985003469,16973.941779953737,SL,-0.6955627641431642,0.1686805590080741,0.0,-0.7797291529561654,0.6113542710836505,-1.2754129476744531,1,111.76507979952859,
ETH,1,LEGACY_SMC,2022-12-23 13:45:00+00:00,2022-12-23 14:00:00+00:00,1225.7651235351561,1219.0682246005244,0.09175842310656471,112.47427483460942,1219.6780636323406,1233.881203405577,SL,-0.6144968859458371,0.1121670263916365,0.0,-0.6704267749201689,0.5585390180375542,-1.2003221856831705,1,111.09465302460842,
XRP,1,LEGACY_SMC,2022-12-24 09:15:00+00:00,2022-12-24 13:15:00+00:00,0.3512402374148369,0.35254749437846095,315.6994522219944,110.88635055018727,0.3502597946921188,0.35254749437846095,TP,0.41270030732949975,0.11109270070385202,0.0,0.35705078190074135,0.3095252304971379,1.153543384257468,16,111.31293964146562,
ETH,1,LEGACY_SMC,2022-12-24 02:15:00+00:00,2022-12-24 18:00:00+00:00,1217.5934455810548,1221.5681454307944,0.13686175803729664,166.64197953691263,1214.61242069375,1221.5681454307944,TP,0.5439844091059454,0.1669139717414656,0.0,0.46039142713293607,0.40798830682946685,1.1284427014850036,63,111.77333106859855,
SOL,-1,LEGACY_SMC,2022-12-24 20:15:00+00:00,2022-12-24 21:30:00+00:00,11.507698228836059,11.40395908565561,14.365947464230615,165.31898818967852,11.585502586221397,11.40395908565561,TP,1.4903110809146387,0.1645738326492212,0.0,1.4083967423602568,1.1177333106859855,1.2600472124212552,5,113.09906831686396,
XRP,1,LEGACY_SMC,2022-12-24 23:15:00+00:00,2022-12-25 00:00:00+00:00,0.3519603757202625,0.3511848136813952,320.7378311628245,112.88700756376983,0.3513604939283594,0.35276021810946667,SL,-0.2487520862785178,0.11276263152063057,0.0,-0.30507121401726345,0.19240478488907645,-1.5855697881585455,3,112.65272929782718,
XRP,1,LEGACY_SMC,2022-12-25 00:30:00+00:00,2022-12-25 02:00:00+00:00,0.35156028894782065,0.35075961117098325,318.5320535047484,111.98322076927201,0.3509350787103384,0.352393902597797,SL,-0.2550415364516336,0.1118557000010462,0.0,-0.3109056260680438,0.19914950081741034,-1.5611669865700377,6,112.28583206137449,
BTC,1,LEGACY_SMC,2022-12-24 23:15:00+00:00,2022-12-25 02:30:00+00:00,16841.167559999998,16816.163204556142,0.01007344662244403,169.64860247529595,16824.57549230229,16863.290316930277,SL,-0.25188003989230306,0.1695226624553498,0.0,-0.33657840111000487,0.16713930830883467,-2.013759686548936,13,111.94925366026449,
SOL,-1,LEGACY_SMC,2022-12-25 06:45:00+00:00,2022-12-25 08:15:00+00:00,11.4977,11.426882833068056,14.604997563895102,167.92388049039673,11.55081287519896,11.426882833068056,TP,1.034284550522991,0.16740673821513521,0.0,0.9508397525530541,0.7757134128922627,1.2257616495347545,6,112.81613147257234,
SOL,-1,LEGACY_SMC,2022-12-25 22:15:00+00:00,2022-12-26 00:00:00+00:00,11.407717847442628,11.329037297339044,14.834185020345242,169.2241972088585,11.466728260020316,11.329037297339044,TP,1.1671618377391137,0.16864061628998894,0.0,1.083133320053554,0.8753713783043354,1.2373414837387877,7,113.81465269402146,
XRP,-1,LEGACY_SMC,2022-12-26 01:00:00+00:00,2022-12-26 01:30:00+00:00,0.34725052639842036,0.34859783443302106,491.63922316176166,170.7219790410322,0.3484236226217102,0.3456863981007005,SL,-0.6623894754906894,0.17105317377877755,0.0,-0.7480816597489508,0.5767401159122287,-1.2970862249901092,2,112.981210044752,
SOL,-1,LEGACY_SMC,2022-12-26 02:15:00+00:00,2022-12-26 05:15:00+00:00,11.437711580467225,11.342165305258918,14.816933778654102,169.471815067128,11.509371286873455,11.342165305258918,TP,1.4157028325585375,0.16876396365084873,0.0,1.3316747764412527,1.0617771244189032,1.254194261502913,12,114.22814891365968,
SOL,-1,LEGACY_SMC,2022-12-26 23:45:00+00:00,2022-12-27 00:00:00+00:00,11.296739986419677,11.363602113693505,15.167404364132288,171.34222337048953,11.357923152117447,11.215162432155983,SL,-1.014124921008219,0.17184928583099365,0.0,-1.1003030951539678,0.9279898144157847,-1.1856844526323416,1,113.04217470682048,
SOL,-1,LEGACY_SMC,2022-12-27 00:00:00+00:00,2022-12-27 04:15:00+00:00,11.326734672927858,11.23998413478205,14.970180458584025,169.56326206023073,11.391797576537213,11.23998413478205,TP,1.2986712109220133,0.16891392645476971,0.0,1.214538915497359,0.97400340819151,1.2469555088646616,17,114.17193199128772,
LINK,1,LEGACY_SMC,2022-12-27 09:15:00+00:00,2022-12-27 09:45:00+00:00,5.987197261047363,6.012600307778934,28.604017960312333,171.2578979869316,5.968144975998686,6.012600307778934,TP,0.7266292049564949,0.17162121258940985,0.0,0.6406369413605508,0.5449719037173584,1.1755412288058207,2,114.72693998365482,
SOL,-1,LEGACY_SMC,2022-12-27 23:15:00+00:00,2022-12-28 01:00:00+00:00,11.070785354232788,10.938271787798854,11.543667371431361,127.79746366977722,11.170170529058238,10.938271787798854,TP,1.5296925331154043,0.12703261740321953,0.0,1.4665586475470733,1.1472693998365482,1.2783036379737962,7,116.12959989936701,
XRP,1,LEGACY_SMC,2022-12-28 01:00:00+00:00,2022-12-28 01:45:00+00:00,0.36612321496009825,0.3634885957998668,473.4603720363393,173.34483356614876,0.3636704310153745,0.3693935935530632,SL,-1.2473877677772474,0.17272113968226013,0.0,-1.333436490676433,1.1612959989936702,-1.1482313655019327,3,114.7094909919075,
ETH,-1,LEGACY_SMC,2022-12-28 01:45:00+00:00,2022-12-28 03:00:00+00:00,1210.2879232910157,1204.0370859814225,0.14216801901152915,172.06423648786125,1214.9760512732105,1204.0370859814225,TP,0.888669157468219,0.17161990190912713,0.0,0.8030813738030225,0.6665018681011561,1.204919914314685,5,115.42654024746659,
SOL,-1,LEGACY_SMC,2022-12-28 14:45:00+00:00,2022-12-28 15:30:00+00:00,10.198960013580322,9.973999492439713,6.841291657885783,69.77406006001773,10.367680404435779,9.973999492439713,TP,1.5390205366328877,0.06900454979170129,0.0,1.5049030168711952,1.154265402474666,1.3037755559897977,3,116.89655623430778,
ETH,-1,LEGACY_SMC,2022-12-29 04:30:00+00:00,2022-12-29 09:15:00+00:00,1194.7710077636718,1199.6748027544304,0.14676020192326697,175.34483435146166,1199.0752651218695,1189.0319979527417,SL,-0.7196819430340328,0.17570467532297868,0.0,-0.8077142011812806,0.6316936790187982,-1.278648541229497,19,116.00116961595077,
BTC,-1,LEGACY_SMC,2022-12-29 09:30:00+00:00,2022-12-29 11:00:00+00:00,16587.1819,16631.231616958925,0.010490133614796024,174.00175442392617,16622.920156880486,16539.53089082602,SL,-0.4620874165930725,0.1742327981322227,0.0,-0.5493193375133322,0.3748990898362015,-1.4652458552335703,6,115.306957567514,
BTC,-1,LEGACY_SMC,2022-12-29 13:30:00+00:00,2022-12-29 13:45:00+00:00,16621.07512,16659.775048267376,0.010377410922613297,172.48372649586412,16651.449323605575,16580.576181859236,SL,-0.40160505830620913,0.17268452902501724,0.0,-0.48804772408329433,0.3152055922621608,-1.548347288449687,1,114.73266798018278,
LINK,-1,LEGACY_SMC,2022-12-29 09:30:00+00:00,2022-12-29 16:00:00+00:00,5.709857765674591,5.667363991475071,20.277854926433815,115.78366742292087,5.7417280963242305,5.667363991475071,TP,0.8616825884945015,0.11535282612867362,0.0,0.8042215960772884,0.6462619413708717,1.2444204812236779,26,115.53688957626007,
SOL,-1,LEGACY_SMC,2022-12-29 22:45:00+00:00,2022-12-29 23:15:00+00:00,8.959208242416382,9.469297972267219,2.2862409619316333,20.482908870287847,9.464565689422509,8.28539831307488,SL,-1.1661880346456233,0.02106600288761066,0.0,-1.17701258309809,1.1553688957626007,-1.0187331400515187,2,114.34963553872683,
SOL,-1,LEGACY_SMC,2022-12-30 12:45:00+00:00,2022-12-30 13:00:00+00:00,9.461107697486877,9.716892280573859,4.557059319208519,43.11482900286803,9.712036262442638,9.126536277545862,SL,-1.1656255180663952,0.04369764176190122,0.0,-1.1877657453268624,1.1434963553872683,-1.0387140629972549,1,113.14031237889854,
XRP,-1,LEGACY_SMC,2022-12-30 14:15:00+00:00,2022-12-30 14:45:00+00:00,0.3388921999335289,0.336694920140852,500.780096448473,169.7104685683478,0.34054015977803664,0.336694920140852,TP,1.100353986501029,0.1691602915750973,0.0,1.0160489292101056,0.8252654898757856,1.2311782592084828,2,114.07150607382447,
XRP,-1,LEGACY_SMC,2022-12-30 15:30:00+00:00,2022-12-30 18:15:00+00:00,0.3390421650230885,0.3411385514106888,335.821422070563,113.85762199993607,0.3409680673770003,0.3364742952178727,SL,-0.7040114578933002,0.11420962772888273,0.0,-0.7612922746222149,0.6467592672597133,-1.177087539615431,11,113.16773135864692,
ETH,-1,LEGACY_SMC,2022-12-30 15:30:00+00:00,2022-12-30 21:00:00+00:00,1193.8112388183595,1199.4280573717542,0.14332857117352954,171.1072591107367,1198.8286430502292,1187.1213665091998,SL,-0.8050505777990408,0.1715097843996362,0.0,-0.8910067326433087,0.7191373795539053,-1.2389937694464126,22,112.27672462600361,
XRP,-1,LEGACY_SMC,2022-12-31 10:45:00+00:00,2022-12-31 11:00:00+00:00,0.34322134315371516,0.34443781594620737,490.6894349620298,168.41508693900542,0.34426568310465505,0.34182888988579535,SL,-0.5969103471946835,0.16871354211260275,0.0,-0.6814163458377835,0.5124465804349674,-1.3297314722236877,1,111.51110073669632,
XRP,-1,LEGACY_SMC,2022-12-31 11:30:00+00:00,2022-12-31 13:30:00+00:00,0.34328132323026656,0.3445477443706214,487.25823336693793,167.26665110504447,0.34437555659232527,0.34182234541418827,SL,-0.6170741275478503,0.1675751881688184,0.0,-0.7010159901641464,0.5331742148878951,-1.314797247484186,8,110.72645142097964,
SOL,1,LEGACY_SMC,2022-12-31 23:00:00+00:00,2023-01-01 04:45:00+00:00,9.941987580299378,9.824440919972925,9.830817937869362,97.73786984248154,9.82935559777181,10.092163557002802,SL,-1.1555798168739224,0.09716007993404459,0.0,-1.2038709618867263,1.1072645142097965,-1.0872478494859679,23,109.47371152417168,
SOL,1,LEGACY_SMC,2023-01-01 05:00:00+00:00,2023-01-01 05:15:00+00:00,9.854970287132263,9.760639579809686,12.238817796669569,120.61318573580415,9.765522340980175,9.974234215335047,SL,-1.1544963395519807,0.12003593756602816,0.0,-1.214225684250107,1.0947371152417167,-1.1091481848425384,1,108.19917924705366,
ETH,-1,LEGACY_SMC,2023-01-01 11:15:00+00:00,2023-01-01 13:30:00+00:00,1196.500642236328,1193.9845385580738,0.13564453134536963,162.2987688705805,1198.3877199950186,1193.9845385580738,TP,0.34129570425315703,0.16212812101845392,0.0,0.26031696766999335,0.25597177818985234,1.0169752677848658,9,108.32434867739538,
BTC,-1,LEGACY_SMC,2023-01-01 12:45:00+00:00,2023-01-01 16:00:00+00:00,16554.08852,16580.81090855224,0.006523844889163697,107.99630578596543,16572.52464622913,16529.507018361164,SL,-0.1743327179827765,0.10808347214495682,0.0,-0.2284180372347506,0.12027442787587149,-1.899140501175263,13,108.09593064016063,
LINK,1,LEGACY_SMC,2023-01-02 01:30:00+00:00,2023-01-02 03:45:00+00:00,5.5811159236907955,5.621844763593498,29.0522358211501,162.14389596024094,5.550569293763768,5.621844763593498,TP,1.1832638615751838,0.16273552789102855,0.0,1.1016002816642758,0.8874478961813943,1.2413126296251975,9,109.11645897384479,
ETH,1,LEGACY_SMC,2023-01-02 23:00:00+00:00,2023-01-03 01:15:00+00:00,1215.1430044189453,1211.3678987238688,0.13469582416682951,163.6746884607672,1211.9738856667022,1219.3684960886028,SL,-0.5084909729152197,0.16342044297430958,0.0,-0.5900740716591457,0.4268670622159379,-1.382336853529933,9,108.39009162514863,
BTC,1,LEGACY_SMC,2023-01-03 00:15:00+00:00,2023-01-03 01:15:00+00:00,16691.3376,16648.761748176978,0.006525053187664771,108.91186561326884,16657.09029332364,16737.00067556848,SL,-0.2778096976553485,0.10877296076444118,0.0,-0.33212672561315526,0.2234654975975131,-1.4862550558536487,4,108.05796489953548,
XRP,1,LEGACY_SMC,2023-01-03 01:45:00+00:00,2023-01-03 03:00:00+00:00,0.3450489974498749,0.3420269822369494,378.87339518355714,130.72988516851663,0.34219808127758816,0.34885021901292385,SL,-1.1449611640174444,0.13015740458650793,0.0,-1.209753626019694,1.0801362895779811,-1.12000090885971,5,106.73851038919418,
SOL,1,LEGACY_SMC,2023-01-03 01:30:00+00:00,2023-01-03 04:00:00+00:00,11.097219267082215,11.277530903353684,7.990459712527803,88.67188347470776,10.961985539878613,11.277530903353684,TP,1.4407728653271397,0.08939226990737133,0.0,1.3957165371571223,1.0805796489953547,1.2916368899365809,10,108.1342269263513,
BTC,1,LEGACY_SMC,2023-01-04 13:00:00+00:00,2023-01-04 14:30:00+00:00,16821.863699999998,16861.490260466006,0.009642293106293982,162.20134038952696,16792.14377965049,16861.490260466006,TP,0.3820909108075258,0.16239238584493074,0.0,0.30079919515735853,0.2865681831056619,1.049660125899076,6,108.3539254513139,
BTC,1,LEGACY_SMC,2023-01-04 14:45:00+00:00,2023-01-04 15:00:00+00:00,16845.06834,16804.96402719232,0.009645496194509209,162.47904256971756,16813.370712548593,16887.33184326855,SL,-0.38682599656990085,0.1622856295714326,0.0,-0.4678721048564747,0.30573934495753674,-1.5302973352070735,1,107.77025008700372,
ETH,1,LEGACY_SMC,2023-01-04 15:15:00+00:00,2023-01-04 15:45:00+00:00,1248.5796220458983,1255.1366211812424,0.1294714187835456,161.65537513050558,1243.6618726943902,1255.1366211812424,TP,0.8489439810154804,0.1620798471210133,0.0,0.7676918214597199,0.6367079857616104,1.205720422277146,2,108.43789386863301,
LINK,1,LEGACY_SMC,2023-01-04 15:15:00+00:00,2023-01-04 16:00:00+00:00,5.76015162448883,5.812815921988664,6.673557752705891,38.44070453036886,5.720653401363955,5.812815921988664,TP,0.3514582308708247,0.03861643364580428,0.0,0.33206214949020485,0.26359367315311705,1.2597500748711659,3,108.76995601812321,
SOL,1,LEGACY_SMC,2023-01-04 14:30:00+00:00,2023-01-04 19:00:00+00:00,13.3856769739151,13.169275127313604,5.164286907000046,69.12747633772175,13.175863058843024,13.665428860677865,SL,-1.1175612230547376,0.06856869572619438,0.0,-1.1515661806120712,1.083539254513139,-1.0627821519299716,18,107.61838983751115,
LINK,1,LEGACY_SMC,2023-01-04 20:45:00+00:00,2023-01-04 23:15:00+00:00,5.727145032119751,5.790014143523116,22.823797449494897,130.71519817698214,5.679993198567226,5.790014143523116,TP,1.4349118645001488,0.13143265410923222,0.0,1.3688368094794077,1.0761838983751115,1.2719357830442932,10,108.92186904790206,
LINK,1,LEGACY_SMC,2023-01-05 08:45:00+00:00,2023-01-05 09:45:00+00:00,5.738147388553619,5.707577232988836,28.47309288321296,163.3828035718531,5.710432449213442,5.775100641007189,SL,-0.8704268788503434,0.16294759013242793,0.0,-0.9516830671968448,0.7891300420854661,-1.2059901618772404,4,107.83413575864758,
BTC,1,LEGACY_SMC,2023-01-05 09:15:00+00:00,2023-01-05 09:45:00+00:00,16806.06054,16776.61694697099,0.006468954475361972,108.71764054343723,16785.00945169684,16834.128657737543,SL,-0.19046926289574567,0.10862240591198935,0.0,-0.2447328485360164,0.1361785318899683,-1.7971470623119914,2,107.58940291011156,
SOL,1,LEGACY_SMC,2023-01-05 09:45:00+00:00,2023-01-05 11:45:00+00:00,13.015602134513856,13.223872024939435,6.8878193060144755,89.64911566150775,12.859399716694671,13.223872024939435,TP,1.434525372134829,0.09036637834757516,0.0,1.3889835516180078,1.0758940291011156,1.2910040524887672,8,108.84405656183142,
ETH,1,LEGACY_SMC,2023-01-05 10:00:00+00:00,2023-01-05 11:45:00+00:00,1249.5298853027343,1253.887145893852,0.014160378886876905,17.69381660636256,1246.261939859396,1253.887145893852,TP,0.06170046087908337,0.017724666836802103,0.0,0.05282270234546255,0.046275345659312524,1.141486932034022,7,108.89687926417689,
BTC,1,LEGACY_SMC,2023-01-05 10:00:00+00:00,2023-01-05 13:30:00+00:00,16809.96132,16778.917649405033,0.009596504385556861,161.3168675284212,16787.311305057563,16840.161339923245,SL,-0.29791072100836496,0.161167912167917,0.0,-0.3784201994120714,0.2173609677280109,-1.7409758677813667,14,108.51845906476481,
BTC,1,LEGACY_SMC,2023-01-05 14:15:00+00:00,2023-01-05 14:30:00+00:00,16807.3608,16770.99682213252,0.009684904758940335,162.77768859714723,16779.386515390215,16844.659846146376,SL,-0.35218166230272835,0.16260159776599586,0.0,-0.4333944157701506,0.27092828214524217,-1.599664724326609,1,108.00367580469609,
BTC,1,LEGACY_SMC,2023-01-06 02:15:00+00:00,2023-01-06 05:30:00+00:00,16823.364,16790.62749098899,0.00962979304894337,162.00551370704414,16799.027004491236,16855.813327345026,SL,-0.31524580692090226,0.1618478908035837,0.0,-0.39609094087096386,0.2343602301824764,-1.690094520570156,13,107.5265821069716,
SOL,1,LEGACY_SMC,2023-01-06 06:45:00+00:00,2023-01-06 07:00:00+00:00,13.215642897605896,13.07139784280341,7.8025554266876656,103.11578620788119,13.077936811209014,13.399251012801738,SL,-1.1254800351219956,0.10255304619032019,0.0,-1.1764751882083753,1.0744593717039137,-1.094946183346776,1,106.21790408907906,
SOL,1,LEGACY_SMC,2023-01-06 07:30:00+00:00,2023-01-06 09:15:00+00:00,13.157630732917786,13.008151285285082,7.429273996439235,97.75164385881583,13.014658614592378,13.34826022401833,SL,-1.1105237732997462,0.09719638197216596,0.0,-1.1588443333425043,1.0621790408907905,-1.0910065899724832,7,105.01018393380714,
ETH,1,LEGACY_SMC,2023-01-06 05:45:00+00:00,2023-01-06 10:45:00+00:00,1249.129780883789,1245.199044499547,0.12912178992829793,161.2898731604574,1245.8219554772857,1253.5402147591267,SL,-0.5075437176696105,0.1610361013016226,0.0,-0.5879348823910044,0.4271123372580055,-1.376534534603834,20,104.42224905141613,
ETH,1,LEGACY_SMC,2023-01-06 13:45:00+00:00,2023-01-06 15:30:00+00:00,1248.6896293945313,1256.142726085523,0.12543819528081857,156.6333735771242,1243.0998068762874,1256.142726085523,TP,0.9349029981714448,0.15710082507620993,0.0,0.856118859883797,0.7011772486285908,1.2209735292442123,7,105.14793799584413,
XRP,-1,LEGACY_SMC,2023-01-06 13:45:00+00:00,2023-01-06 18:15:00+00:00,0.3370925592660904,0.33941868868552255,309.1923997413767,104.22645733444472,0.33924906415344586,0.3342172194162831,SL,-0.7192215373032467,0.10458606810309634,0.0,-0.7716943767391207,0.6667749211754451,-1.1573536319853106,18,104.37624361910501,
ETH,1,LEGACY_SMC,2023-01-07 05:30:00+00:00,2023-01-07 06:00:00+00:00,1264.512861767578,1261.499086079999,0.12381397624521323,156.5643654286575,1262.1301511555766,1267.6898092502463,SL,-0.37314755139031086,0.15637779165296234,0.0,-0.45124316032894446,0.29501287511355223,-1.529571074331106,2,103.84671827606174,
BTC,1,LEGACY_SMC,2023-01-07 09:45:00+00:00,2023-01-07 10:30:00+00:00,16930.785480000002,16908.08671482146,0.009200404647386307,155.7700774140926,16916.544987315116,16949.77280357985,SL,-0.2088378246385891,0.15566565850177333,0.0,-0.28661844443331613,0.13101829507910234,-2.1876215398793746,3,103.48221479292137,
ETH,1,LEGACY_SMC,2023-01-07 12:15:00+00:00,2023-01-07 12:30:00+00:00,1263.0925338134766,1260.666077063896,0.08177404495325552,103.28818564018465,1261.296725426609,1265.4869449959667,SL,-0.19842118331733966,0.10318897504852598,0.0,-0.24996606554577333,0.14685051575513788,-1.7021803720633355,1,103.1029929734608,
BTC,1,LEGACY_SMC,2023-01-07 10:45:00+00:00,2023-01-07 14:30:00+00:00,16922.18376,16939.80477595075,0.009172771339139628,155.22332218938206,16908.967998036936,16939.80477595075,TP,0.16163355007956187,0.15530413896442186,0.0,0.08394107220983106,0.12122516255967974,0.6924393454082313,15,103.1356669655485,
ETH,1,LEGACY_SMC,2023-01-07 14:15:00+00:00,2023-01-07 14:30:00+00:00,1262.5625206054688,1265.215881755098,0.08121115475144876,102.53416024426994,1260.572499743247,1265.215881755098,TP,0.2154825229340263,0.10264190150573696,0.0,0.1641077015504243,0.1616118922005105,1.0154432283164985,1,103.29977466709892,
BTC,1,LEGACY_SMC,2023-01-08 00:45:00+00:00,2023-01-08 03:45:00+00:00,16925.28438,16943.29649737789,0.009154922217067549,154.94966200064837,16911.775291966584,16943.29649737789,TP,0.1648995335592719,0.155032111767428,0.0,0.08734225279216808,0.12367465016945392,0.7062259943528872,12,103.25808904509596,
LINK,1,LEGACY_SMC,2023-01-08 00:45:00+00:00,2023-01-08 03:45:00+00:00,5.782156337356567,5.821756324889152,17.831770981954318,103.1060875895981,5.752456346707128,5.821756324889152,TP,0.7061379085692937,0.10345915654388274,0.0,0.65423179582021,0.5296034314269782,1.2353239367377769,12,103.91232084091617,
XRP,-1,LEGACY_SMC,2023-01-08 16:15:00+00:00,2023-01-08 16:30:00+00:00,0.34120174574255946,0.3393043747534188,456.82205090175233,155.86848126137426,0.342624773984415,0.3393043747534188,TP,0.8667609065807262,0.15543510080808387,0.0,0.7892600464033295,0.6500706799355573,1.2141142044455384,1,104.62364664668881,
BTC,1,LEGACY_SMC,2023-01-08 16:45:00+00:00,2023-01-08 21:45:00+00:00,16944.988319999997,16985.04293488507,0.009261468170196605,156.9354699700332,16914.94735883619,16985.04293488507,TP,0.37096454082759167,0.15712095224044703,0.0,0.2923113235721613,0.2782234056207022,1.0506352724711627,20,104.83749023527596,
XRP,1,LEGACY_SMC,2023-01-09 14:00:00+00:00,2023-01-09 14:45:00+00:00,0.34883974658846856,0.35294733164011366,340.30535839474913,118.71203498512226,0.3457590577997347,0.35294733164011366,TP,1.3978332031370004,0.11941095158669077,0.0,1.3377782690428708,1.0483749023527598,1.276049499125392,3,106.11591248682628,
BTC,1,LEGACY_SMC,2023-01-09 21:00:00+00:00,2023-01-09 23:00:00+00:00,17223.844080000003,17156.52095523443,0.009241483375657647,159.1738687302394,17165.103506987925,17302.164844016108,SL,-0.6221655383183525,0.15886278596108025,0.0,-0.701441389914313,0.5428500289677158,-1.292145809125542,8,105.33488416254684,
ETH,1,LEGACY_SMC,2023-01-09 23:15:00+00:00,2023-01-10 01:00:00+00:00,1319.3637955810545,1329.4059174777747,0.07968793869202617,105.13738125474202,1311.8322041585145,1329.4059174777747,TP,0.8002359940436864,0.10553749925176387,0.0,0.7472671854192935,0.6001769955327603,1.2450780202862748,7,105.95058149421685,
SOL,1,LEGACY_SMC,2023-01-10 02:30:00+00:00,2023-01-10 02:45:00+00:00,16.084215574264526,15.720135687351227,3.411301457001492,54.86810802321467,15.773628594984933,16.498331546637317,SL_GAP,-1.2419862486922741,0.054247114898868534,0.0,-1.2687993095795354,1.0595058149421686,-1.197538788070541,1,104.6543481306257,
LINK,1,LEGACY_SMC,2023-01-10 02:45:00+00:00,2023-01-10 05:00:00+00:00,6.015202738952636,6.100087281693597,16.43869735702774,98.88209736680672,5.951539331896916,6.100087281693597,TP,1.3953913084083331,0.09957979302101089,0.0,1.3452525640707256,1.046543481306257,1.2854244358692395,9,105.95015964601302,
BTC,1,LEGACY_SMC,2023-01-09 23:15:00+00:00,2023-01-10 08:15:00+00:00,17172.9339,17249.856493299398,0.009200660013244462,158.00232624382028,17115.241955025453,17249.856493299398,TP,0.7077386282848349,0.1583561955579627,0.0,0.6283835958487823,0.5308039712136178,1.18383363713738,36,106.57854324186181,
SOL,1,LEGACY_SMC,2023-01-10 13:45:00+00:00,2023-01-10 14:00:00+00:00,15.925184331321717,16.22158016531074,4.794423808525793,76.35208291325075,15.70288745582995,16.22158016531074,TP,1.4210472432248353,0.07706260653486317,0.0,1.3821606781465976,1.065785432418618,1.2968470351579304,1,107.92252787855179,
SOL,1,LEGACY_SMC,2023-01-11 03:30:00+00:00,2023-01-11 04:45:00+00:00,16.040208056259154,15.83325068053029,5.418173490978503,86.90863008020317,15.84117126616337,16.305590443053532,SL,-1.1213309669366092,0.08634796459673486,0.0,-1.1642246164932424,1.0784158598264288,-1.0795692643843577,5,106.63390705110953,
SOL,1,LEGACY_SMC,2023-01-11 05:00:00+00:00,2023-01-11 12:45:00+00:00,15.909181337356568,15.713512763113041,5.677818352572845,90.32944177165251,15.721373449837959,16.15959185404805,SL,-1.1109706218616593,0.08977395646072169,0.0,-1.1555798574365548,1.0663390705110953,-1.083688940406813,31,105.43316247278716,
BTC,1,LEGACY_SMC,2023-01-11 14:00:00+00:00,2023-01-11 14:15:00+00:00,17419.28316,17376.1076,0.005838306515257329,101.69911436414026,17392.990093977805,17454.34058136292,SL_GAP,-0.25207215324788185,0.10157307828751631,0.0,-0.30279567435332805,0.1535069786634644,-1.972520578475793,1,105.07951724125175,
ETH,1,LEGACY_SMC,2023-01-11 03:15:00+00:00,2023-01-11 15:30:00+00:00,1331.9662911621094,1326.0185877079655,0.12153745398210329,161.88379181782767,1326.6819286723016,1339.0121078151865,SL,-0.7228687348572169,0.16152235745039906,0.0,-0.8034491963987022,0.6422479629297672,-1.25099532076922,49,104.27606804485305,
SOL,1,LEGACY_SMC,2023-01-12 08:15:00+00:00,2023-01-12 10:00:00+00:00,16.160230987930298,15.96736815761379,5.640350619965811,91.14936887156337,15.975355835531554,16.406731191128625,SL,-1.087813984544081,0.09060546187929133,0.0,-1.1328447619875908,1.0427606804485305,-1.08638998691465,7,103.09764859842969,
XRP,1,LEGACY_SMC,2023-01-12 10:15:00+00:00,2023-01-12 13:15:00+00:00,0.3709541837453842,0.3679148102395947,361.0716186881691,133.94102758409437,0.3680988596694294,0.3747612825133239,SL,-1.097431511533342,0.13339231182832773,0.0,-1.1638533095696224,1.030976485984297,-1.128884436640148,12,101.80500694125428,
ETH,1,LEGACY_SMC,2023-01-12 12:45:00+00:00,2023-01-12 13:15:00+00:00,1396.4791911621094,1390.16806259377,0.08853384168554185,123.63566762749971,1390.8634943409404,1403.9667869236678,SL_AMBIG,-0.5587484575264632,0.1233562933987365,0.0,-0.6202869171114498,0.497179213319374,-1.2476123307130198,2,101.18472002414283,
BTC,1,LEGACY_SMC,2023-01-12 13:45:00+00:00,2023-01-12 14:00:00+00:00,18156.530580000002,18319.246119860512,0.008291338377873821,150.54193880699364,18034.49392510462,18319.246119860512,TP,1.3491296003219044,0.1512165036071546,0.0,1.2731840661182467,1.0118472002414283,1.258277006463489,1,102.33449443202288,
ETH,1,LEGACY_SMC,2023-01-12 13:45:00+00:00,2023-01-12 14:30:00+00:00,1390.1279455810547,1374.8412094461582,0.06925792548482369,96.27737766942373,1375.5289739331247,1409.5932411116282,SL,-1.0587276321368235,0.09574801385335532,0.0,-1.106336957155467,1.0110944905473935,-1.094197394505147,3,101.22815747486742,
ETH,1,LEGACY_SMC,2023-01-13 13:00:00+00:00,2023-01-13 14:45:00+00:00,1407.1713926513671,1415.936010524968,0.10790599994091885,151.84223621230112,1400.5979292461664,1415.936010524968,TP,0.9457548557509501,0.15231511364017658,0.0,0.869360860216924,0.7093161418132249,1.2256324211015088,7,102.0215972169782,
ETH,1,LEGACY_SMC,2023-01-14 10:30:00+00:00,2023-01-14 11:00:00+00:00,1512.8225235351563,1535.1754172867493,0.060826027064957974,92.01898376102744,1496.0578532214615,1535.1754172867493,TP,1.3596377203145258,0.09269880262118471,0.0,1.3129484095738548,1.0197282902358944,1.2875473026938673,2,103.23976794128278,
XRP,1,LEGACY_SMC,2023-01-14 09:30:00+00:00,2023-01-15 08:30:00+00:00,0.39056809347867966,0.3830519052014109,139.25742033222798,54.389505161917405,0.38324352696489333,0.4003341821637281,SL,-1.0466849902237778,0.053866162666805516,0.0,-1.0733564003096245,1.020000237761704,-1.0523099510888407,92,102.08620256140546,
LINK,1,LEGACY_SMC,2023-01-14 09:30:00+00:00,2023-01-15 09:30:00+00:00,6.712342165660858,6.640671798324585,6.4279919811484305,43.146881615592484,6.553627597384824,6.923961590028903,TIME,-0.4606965465235229,0.042916533342330726,0.0,-0.48203963905805736,1.0202159721697819,-0.4724878380730129,96,101.5810240225308,
SOL,1,LEGACY_SMC,2023-01-15 09:00:00+00:00,2023-01-15 11:15:00+00:00,22.18943646583557,22.84208498520604,2.085577959785067,46.27779963319772,21.69995007630772,22.84208498520604,TP,1.3611493674854085,0.04695837431694043,0.0,1.337329892985067,1.0208620256140546,1.3100006263634452,9,102.91835391551587,
ETH,1,LEGACY_SMC,2023-01-15 00:45:00+00:00,2023-01-15 12:00:00+00:00,1521.0841853027343,1539.1251440461863,0.07630028197457822,116.05915224567022,1507.5534662451455,1539.1251440461863,TP,1.3765302392171153,0.11674741736527877,0.0,1.3178123979746716,1.0323976794128278,1.2764581171125573,45,104.23616631349054,
BTC,1,LEGACY_SMC,2023-01-15 03:30:00+00:00,2023-01-15 13:30:00+00:00,20658.230819999997,20851.607779993905,0.0021472703677400265,44.358806889719745,20513.198100004567,20851.607779993905,TP,0.4152326159985668,0.04456642319771903,0.0,0.39284559624570764,0.31142446199892315,1.2614474589573699,40,104.62901190973625,
SOL,1,LEGACY_SMC,2023-01-15 22:30:00+00:00,2023-01-16 00:15:00+00:00,22.907580477905274,22.511182458018162,2.716671386381461,62.23236841555581,22.52244367985809,23.421096208634854,SL,-1.0768831582455864,0.061693926836433016,0.0,-1.1074609008742415,1.0462901190973626,-1.0584644551834737,7,103.49043482465423,
SOL,1,LEGACY_SMC,2023-01-16 00:30:00+00:00,2023-01-16 01:00:00+00:00,22.635526718902586,23.21007853710595,2.4016501568885658,54.36261629570772,22.204612855250062,23.21007853710595,TP,1.3798724643287203,0.05505255252787208,0.0,1.3520012199487021,1.0349043482465423,1.3064021058945428,2,104.81525473645507,
BTC,1,LEGACY_SMC,2023-01-16 08:15:00+00:00,2023-01-16 15:00:00+00:00,20799.75912,20619.80521073507,0.006178729416894648,128.51608353906673,20630.120270870506,21025.944252172656,SL,-1.1118865128604032,0.12796014028263653,0.0,-1.1755886113735063,1.0481525473645508,-1.1215816002445234,27,103.5481341517457,
SOL,1,LEGACY_SMC,2023-01-16 14:30:00+00:00,2023-01-16 15:00:00+00:00,23.269652389526367,22.811382190104027,2.34416321393761,54.547863132643116,22.822793586897475,23.865464126364888,SL,-1.0742601435297032,0.054010733060878266,0.0,-1.10099694502426,1.0475099669468555,-1.0510610684052022,2,102.44713720672144,
BTC,1,LEGACY_SMC,2023-01-17 01:15:00+00:00,2023-01-17 04:15:00+00:00,20968.99296,21202.872592576707,0.005840447987598671,122.46831273520269,20793.58323556747,21202.872592576707,TP,1.3659618294229454,0.12315129364991416,0.0,1.3040446921406326,1.0244713720672143,1.2728952000965,12,103.62325844681857,
ETH,1,LEGACY_SMC,2023-01-17 01:15:00+00:00,2023-01-17 04:30:00+00:00,1553.8307235351563,1576.3290384409454,0.060677672071051084,94.28283109659024,1536.9569873558144,1576.3290384409454,TP,1.3651453740047133,0.09496540378359261,0.0,1.3173213857694157,1.0238590305035384,1.2866237895284776,13,104.94057983258799,
SOL,1,LEGACY_SMC,2023-01-17 01:15:00+00:00,2023-01-17 05:00:00+00:00,22.99759863052368,23.642739954683105,1.699993155082325,39.09576025522091,22.51374263740411,23.642739954683105,TP,1.0967358351317704,0.03964412817278679,0.0,1.0766395870865941,0.8225518763488278,1.308901745948985,15,106.01721941967457,
BTC,1,LEGACY_SMC,2023-01-17 14:45:00+00:00,2023-01-17 15:00:00+00:00,21152.829719999998,21364.867415119686,0.006666564286117773,141.0166991616826,20993.80144866023,21364.867415119686,TP,1.4135629255956448,0.14172348062448042,0.0,1.3423477945520057,1.0601721941967457,1.2661601595475294,1,107.22717598013075,
LINK,1,LEGACY_SMC,2023-01-17 14:45:00+00:00,2023-01-17 15:00:00+00:00,6.710341910648346,6.794832571558053,8.3927440542209,56.31818217238322,6.646973914966066,6.794832571558053,TP,0.7091084919871388,0.05667273641837679,0.0,0.6805948466549536,0.5318313689903522,1.2797192612895687,1,107.90777082678571,
SOL,1,LEGACY_SMC,2023-01-17 14:45:00+00:00,2023-01-17 16:00:00+00:00,23.38067465057373,23.001904163403406,2.8847579407184245,67.44758685759655,23.013410868837823,23.870359692888275,SL,-1.0926611705743805,0.06690125627230936,0.0,-1.1258386334178916,1.0594671107009372,-1.0626461378994987,5,106.72076085671709,
BTC,1,LEGACY_SMC,2023-01-17 15:45:00+00:00,2023-01-17 18:30:00+00:00,21121.7235,21370.11849714477,0.005792267534486379,122.34267330144802,20935.427252141424,21370.11849714477,TP,1.4387702776904832,0.12306205844029326,0.0,1.376879555900914,1.079077708267857,1.2759781296113422,11,108.097640412618,
LINK,1,LEGACY_SMC,2023-01-18 08:30:00+00:00,2023-01-18 09:00:00+00:00,6.780355605411529,6.710967948700675,16.370866490639717,111.00029637525277,6.7143251112563025,6.868396264285165,SL,-1.135936064111739,0.1104323283431969,0.0,-1.1908682442673095,1.08097640412618,-1.1016597954605327,2,106.85127202016307,
SOL,-1,LEGACY_SMC,2023-01-18 14:30:00+00:00,2023-01-18 15:00:00+00:00,23.020394618606566,23.386459289733224,3.0151839999414083,69.41072552635981,23.374771903781333,22.54789157170688,SL,-1.1037523393249127,0.06996260169602227,0.0,-1.139009578257755,1.0685127202016307,-1.0659766203277592,2,105.67755707914213,
XRP,-1,LEGACY_SMC,2023-01-19 08:15:00+00:00,2023-01-19 09:45:00+00:00,0.384493088555336,0.3872073675617865,412.27356313298105,158.51633561871319,0.38701386063147075,0.3811320591204896,SL,-1.1190254773263923,0.1590758483573764,0.0,-1.198843157874412,1.0392476856742037,-1.1535682728960537,6,104.39945575345837,
BTC,-1,LEGACY_SMC,2023-01-19 14:45:00+00:00,2023-01-19 15:00:00+00:00,20803.3385,20899.207706090194,0.007524807231062025,156.54111197503104,20888.763324427982,20689.438734096027,SL,-0.7213972952236536,0.15690181062264286,0.0,-0.8000285498587809,0.6428053365678726,-1.2445891537403366,1,103.48244221084107,
XRP,1,LEGACY_SMC,2023-01-19 14:30:00+00:00,2023-01-19 17:15:00+00:00,0.3856871362030506,0.3926209022550427,200.75565471083732,77.42887354199131,0.38048681166405657,0.3926209022550427,TP,1.3919927433794488,0.07812486991368103,0.0,1.3525823102367633,1.0439945575345837,1.2955836795077902,11,104.74448291987486,
BTC,-1,LEGACY_SMC,2023-01-19 15:15:00+00:00,2023-01-19 17:15:00+00:00,20842.63064,20949.688235682206,0.0074474122771415,155.2236633162616,20939.218626369024,20713.846658174636,SL,-0.7973020524449174,0.15562231434248405,0.0,-0.8753125351292707,0.7193305555090475,-1.216843255754428,8,103.86917038474559,
ETH,-1,LEGACY_SMC,2023-01-19 15:15:00+00:00,2023-01-19 17:45:00+00:00,1537.2824478271484,1523.934072712597,0.016821592626817043,25.859539089704413,1547.293729163062,1523.934072712597,TP,0.224540928406925,0.025747268625500953,0.0,0.21172342932627625,0.16840569630519375,1.2572224928934697,10,104.08089381407186,
SOL,-1,LEGACY_SMC,2023-01-19 20:30:00+00:00,2023-01-20 00:00:00+00:00,21.66466682548523,21.26780627402127,3.496808250996747,75.75718571045226,21.9623122390832,21.26780627402127,TP,1.3877452508542916,0.07506331308502512,0.0,1.3505605306244926,1.0408089381407186,1.297606583814613,14,105.39357575184113,
LINK,-1,LEGACY_SMC,2023-01-20 02:45:00+00:00,2023-01-20 05:00:00+00:00,6.497700272464752,6.4324008051019295,21.52004807149857,139.83082221763084,6.54667487298687,6.4324008051019295,TP,1.4052476766911957,0.13912819837928525,0.0,1.336034889420726,1.0539357575184112,1.267662549533895,9,106.59795606583594,
XRP,1,LEGACY_SMC,2023-01-20 04:45:00+00:00,2023-01-20 05:00:00+00:00,0.38923783923983574,0.3864811676884148,317.23105049433957,123.47832863419995,0.3866745049408852,0.3926556183051032,SL,-0.8745018121251297,0.12304107772813738,0.0,-0.9358037255361671,0.8131692324242573,-1.1508105425316035,1,105.66215234029978,
ETH,1,LEGACY_SMC,2023-01-20 05:15:00+00:00,2023-01-20 12:45:00+00:00,1549.4698661865234,1560.1622998210523,0.10228868077346039,158.49322851044968,1541.4505409606268,1560.1622998210523,TP,1.09371493073374,0.15904008597581656,0.0,1.0139214590131482,0.8202861980502991,1.236058172651316,30,106.54409516715538,
BTC,1,LEGACY_SMC,2023-01-20 07:30:00+00:00,2023-01-20 12:45:00+00:00,20984.196,21101.37795112206,0.0050258792762258656,105.4640358046617,20896.309536658453,21101.37795112206,TP,0.5889423396920743,0.10575850697450774,0.0,0.5359158506198974,0.44170675476906485,1.213284254392006,21,107.08001101777528,
SOL,-1,LEGACY_SMC,2023-01-20 13:00:00+00:00,2023-01-20 15:00:00+00:00,21.292741484832764,21.493021639332543,5.649497093849094,120.29328113864274,21.482280499083004,21.040022799165776,SL,-1.1314821508021515,0.12085902221404382,0.0,-1.192194532446874,1.070800110177753,-1.113367958328814,8,105.82766984475909,
SOL,-1,LEGACY_SMC,2023-01-20 15:15:00+00:00,2023-01-20 16:30:00+00:00,21.44170994567871,21.64366538694035,5.536685896335774,118.71601304956181,21.63284896245912,21.186857923304828,SL,-1.1181638433215826,0.1192750949712226,0.0,-1.1780809317680243,1.0582766984475909,-1.1132069084542604,5,104.59023090646629,
SOL,1,LEGACY_SMC,2023-01-21 10:45:00+00:00,2023-01-21 16:00:00+00:00,25.082015064239503,26.061325233710953,1.423998703943685,35.716756943773035,24.347532437135914,26.061325233710953,TP,1.3945364120862154,0.03641402514981615,0.0,1.3759807654082858,1.0459023090646629,1.3155920524153044,21,105.87871869907428,
LINK,1,LEGACY_SMC,2023-01-21 10:45:00+00:00,2023-01-21 21:30:00+00:00,6.940387929725647,7.07827883516587,10.111604503008369,70.17845784283878,6.83696975064548,7.07827883516587,TP,1.3942983003732587,0.07087560699302542,0.0,1.3585119223016526,1.045723725279944,1.2991116960055333,43,107.23723062137594,
XRP,1,LEGACY_SMC,2023-01-21 10:45:00+00:00,2023-01-22 02:30:00+00:00,0.4066713326990604,0.40031795929867403,169.89329037634926,69.09073081397841,0.40051821840787794,0.4148754850873037,SL,-1.0793955119812177,0.0685510330579878,0.0,-1.1134011796322163,1.04537283299073,-1.0650756787383335,63,106.02440088282975,
ETH,1,LEGACY_SMC,2023-01-21 23:30:00+00:00,2023-01-22 02:30:00+00:00,1628.7457279541015,1613.385956734028,0.05075978846128049,82.6747886081645,1614.1930532606582,1648.149294212026,SL,-0.7796587379445964,0.08228495923919221,0.0,-0.8206063028797064,0.7386906889850144,-1.1108929828359508,12,105.20379457995004,
ETH,1,LEGACY_SMC,2023-01-22 15:30:00+00:00,2023-01-22 17:15:00+00:00,1633.0865617675781,1648.8163614837047,0.08917578649319424,145.63177855709023,1621.2892119804833,1648.8163614837047,TP,1.4027172610660072,0.14633313718762322,0.0,1.329200013156929,1.0520379457995004,1.2634525384412805,7,106.46017870382843,
BTC,1,LEGACY_SMC,2023-01-21 23:30:00+00:00,2023-01-22 20:00:00+00:00,22817.362559999998,22595.453077775775,0.0050918386782986816,116.18232921977221,22606.756456003775,23098.170698661626,SL,-1.1299272846705288,0.11561736557743696,0.0,-1.1874534856380796,1.0723723062137596,-1.1073145760642018,82,105.27272521819036,
ETH,1,LEGACY_SMC,2023-01-23 13:15:00+00:00,2023-01-23 13:45:00+00:00,1632.2364161865235,1624.205430107476,0.09674400488883622,157.90908782728553,1625.0179390770145,1641.8610523325356,SL,-0.7769497564935327,0.15752061294903877,0.0,-0.8555158255289287,0.6983443847722879,-1.2250629405545952,2,104.3382548487478,
LINK,1,LEGACY_SMC,2023-01-23 14:00:00+00:00,2023-01-23 14:45:00+00:00,7.027405222892761,6.946496855354265,13.474583269999473,94.69135684789771,6.949971841274903,7.130649731716572,SL_AMBIG,-1.0902065356371815,0.09414625358007912,0.0,-1.1370071107933117,1.043382548487478,-1.0897317694661035,3,103.15390205953054,
BTC,-1,LEGACY_SMC,2023-01-23 15:00:00+00:00,2023-01-23 15:15:00+00:00,22620.874920000002,22831.21314123417,0.005185480994335155,117.30011697289278,22819.803239614364,22355.637160514187,SL,-1.0907048485920392,0.11784546939718879,0.0,-1.1499002595027816,1.0315390205953054,-1.1147423767247984,1,101.89506423441966,
ETH,-1,LEGACY_SMC,2023-01-23 15:00:00+00:00,2023-01-23 15:15:00+00:00,1598.5702366455077,1617.0180659179687,0.06291560541896211,100.57501424328565,1614.956513359293,1576.721867693794,SL_GAP,-1.1606563473425302,0.10115534241695692,0.0,-1.2115241826378442,1.0309525200104408,-1.175150318877512,1,100.68354005178182,
BTC,1,LEGACY_SMC,2023-01-24 09:15:00+00:00,2023-01-24 09:30:00+00:00,22923.0837,22815.766695619313,0.006588350505288811,151.0253100776727,22827.18028576219,23050.95491898374,SL,-0.7070420400375731,0.15067178905765394,0.0,-0.7822011740563907,0.6318453076525828,-1.2379630972688656,1,99.82582622268659,
XRP,1,LEGACY_SMC,2023-01-24 13:45:00+00:00,2023-01-24 17:00:00+00:00,0.4193138600885868,0.41543139436874715,271.66106111158183,113.91124817045885,0.415639213975735,0.4242133882390558,SL,-1.0547147571809763,0.11338389079186836,0.0,-1.1111430238876152,0.998258262226866,-1.113081720364559,13,98.65772757471373,
XRP,1,LEGACY_SMC,2023-01-24 17:15:00+00:00,2023-01-24 18:45:00+00:00,0.4185536892592907,0.42336022098030374,273.6768306161542,114.54844711918133,0.41494879046853095,0.42336022098030374,TP,1.315436367662855,0.11520616530301275,0.0,1.257504425919433,0.9865772757471375,1.274613207533208,6,99.85795777707358,
XRP,-1,LEGACY_SMC,2023-01-25 08:15:00+00:00,2023-01-25 09:45:00+00:00,0.4090381694495678,0.40546694591107807,366.1930544701362,149.78693666561037,0.41171658710343506,0.40546694591107807,TP,1.3077572557551946,0.14913305803773277,0.0,1.2335176660502671,0.980817941816396,1.2576418247059098,6,101.01658197479104,
ETH,-1,LEGACY_SMC,2023-01-25 13:15:00+00:00,2023-01-25 14:15:00+00:00,1559.7579322998047,1548.467935707893,0.09714640318499217,151.52487296218655,1568.2254297437385,1548.467935707893,TP,1.0967825608750348,0.15097648168174904,0.0,1.021568515674379,0.8225869206562816,1.2418973485006846,4,101.96238805398431,
ETH,-1,LEGACY_SMC,2023-01-25 21:15:00+00:00,2023-01-25 21:30:00+00:00,1579.6940077636718,1592.7662447558048,0.08305661141324464,131.20403135465835,1591.970259625992,1563.325671947245,SL,-1.0857357081574288,0.13174689920873706,0.0,-1.1518805916888366,1.0196238805398432,-1.1297112726302267,1,100.74490544661815,
LINK,1,LEGACY_SMC,2023-01-26 09:45:00+00:00,2023-01-26 10:45:00+00:00,6.894378725910187,6.832584168412141,17.250789610701105,118.93347689717017,6.836002169496889,6.972214134461251,SL,-1.0660049104851614,0.11840047444192758,0.0,-1.1249386464785038,1.007041692883022,-1.1170725645508868,4,99.49416092195233,
BTC,1,LEGACY_SMC,2023-01-26 10:30:00+00:00,2023-01-26 10:45:00+00:00,22985.496180000002,22857.40487860516,0.0022277510324141985,51.20596284554762,22868.839298254286,23141.03868899429,SL,-0.2853555289256356,0.051063285081084805,0.0,-0.31081583258394657,0.2598824887472388,-1.195986055398467,1,99.18334508936839,
BTC,1,LEGACY_SMC,2023-01-26 11:00:00+00:00,2023-01-26 12:30:00+00:00,22949.488980000002,23108.479204592015,0.006482715922943072,148.77501763405257,22830.24631155599,23108.479204592015,TP,1.0306884605549376,0.14929036186433003,0.0,0.9557856075076339,0.7730163454162091,1.2364364779285717,6,100.0559806582163,
ETH,1,LEGACY_SMC,2023-01-26 11:00:00+00:00,2023-01-26 12:30:00+00:00,1603.9206955810546,1616.67435257946,0.010926387902901121,17.525059685409587,1594.3554528322506,1616.67435257946,TP,0.13935140354512704,0.017594735387182155,0.0,0.13051919800064968,0.10451355265884403,1.2488255798431613,6,100.18649985621695,
SOL,1,LEGACY_SMC,2023-01-26 09:45:00+00:00,2023-01-26 13:30:00+00:00,24.358870891571044,24.045631509620137,3.3446672054125584,81.47231663191624,24.05766033979003,24.760484960612395,SL,-1.047681488254899,0.08094847588778879,0.0,-1.0878938058267298,1.0074490544661816,-1.0798499447728138,15,99.09860605039023,
SOL,1,LEGACY_SMC,2023-01-26 13:45:00+00:00,2023-01-26 14:00:00+00:00,24.357871240997312,24.915000915527344,3.5634139476177267,86.79717811444652,24.079771060925218,24.72867148109344,TP_GAP,1.985283652852039,0.08778981994087255,0.0,1.9408924219683896,0.9909860605039024,1.9585466429078462,1,100.9960998833014,
LINK,1,LEGACY_SMC,2023-01-27 01:45:00+00:00,2023-01-27 05:45:00+00:00,6.992398375511169,7.142840688346882,8.951036711202592,62.58921455855385,6.879566640884385,7.142840688346882,TP,1.3466146651106907,0.06326252189110919,0.0,1.3146467504988584,1.009960998833014,1.3016807104609995,16,102.27945202652097,
LINK,1,LEGACY_SMC,2023-01-28 07:45:00+00:00,2023-01-28 12:00:00+00:00,7.336467038154602,7.272775327946839,17.031388040169347,124.95021697072292,7.276413534714195,7.416538376075144,SL,-1.0847582314904303,0.12440783785497771,0.0,-1.1466909608600466,1.0227945202652098,-1.1211352213372345,17,101.00498984451339,
XRP,1,LEGACY_SMC,2023-01-28 07:45:00+00:00,2023-01-28 13:00:00+00:00,0.41086216861009595,0.40833584191643474,317.8492333965574,130.5922253243661,0.4085401119724209,0.41395824412699594,SL,-0.8029910028894742,0.13019072982292137,0.0,-0.8678856200502125,0.7380639221883993,-1.175894924489582,21,100.07614409981971,
LINK,1,LEGACY_SMC,2023-01-28 12:15:00+00:00,2023-01-28 13:00:00+00:00,7.289457706832885,7.22940992005068,16.72555822261422,121.92024928691737,7.233026433267313,7.364699404920315,SL,-1.0043327539649038,0.12141808290993492,0.0,-1.06479071223138,0.9438445515972431,-1.1281420340134007,3,99.01135338758833,
LINK,1,LEGACY_SMC,2023-01-28 13:15:00+00:00,2023-01-28 15:00:00+00:00,7.242448375511169,7.17526173240431,15.568503974911003,112.75408632223338,7.178851157983302,7.327244665548325,SL,-1.0459955202700588,0.11223108856209835,0.0,-1.1018495656710405,0.9901135338758833,-1.112851736666761,7,97.85312677875616,
LINK,1,LEGACY_SMC,2023-01-29 16:45:00+00:00,2023-01-29 17:00:00+00:00,7.312462070274353,7.382776803791831,18.555262770437125,135.68465521279526,7.2597260201362435,7.382776803791831,TP,1.3047083570500766,0.13633700939132032,0.0,1.2362136752651538,0.9785312677875616,1.2633358952956164,1,99.02149812641491,
ETH,1,LEGACY_SMC,2023-01-30 07:30:00+00:00,2023-01-30 08:15:00+00:00,1626.3252,1618.3562041787848,0.09132997950817115,148.53224718962235,1619.1657870723209,1635.871083903572,SL,-0.7278082250522885,0.1481683430770962,0.0,-0.8017104445345735,0.6538690359754691,-1.2261024768339863,3,98.14552155828552,
SOL,1,LEGACY_SMC,2023-01-30 08:30:00+00:00,2023-01-30 09:00:00+00:00,25.258050859451295,25.002093837154685,4.0314493219278305,101.82655201055358,25.014601137723545,25.582650488421628,SL,-1.0318777639803327,0.10131061312856342,0.0,-1.0822751011036194,0.9814552155828551,-1.102724896582154,2,96.94062819682905,
BTC,1,LEGACY_SMC,2023-01-30 08:45:00+00:00,2023-01-30 09:00:00+00:00,23577.11448,23478.98604386824,0.006082592032913904,143.40996869514703,23490.731409573025,23692.291907235965,SL,-0.5968752438173404,0.14311153107323837,0.0,-0.6682817905430052,0.5254329759577581,-1.2718687656115657,1,96.27234640628605,
ETH,-1,LEGACY_SMC,2023-01-31 08:15:00+00:00,2023-01-31 10:45:00+00:00,1575.8648177001953,1565.944718685827,0.0609772073578049,96.09183575677423,1583.3048919609716,1565.944718685827,TP,0.6048999346090956,0.09578938578946969,0.0,0.5571564666980131,0.45367495095682514,1.228096163393945,10,96.70925269530096,
BTC,-1,LEGACY_SMC,2023-01-31 08:15:00+00:00,2023-01-31 11:30:00+00:00,22923.21444,22811.265228692937,0.0062996627278172025,144.40851960942908,23007.176348480298,22811.265228692937,TP,0.7052422738796357,0.14405589847248926,0.0,0.633390635211861,0.5289317054097324,1.197490391923491,13,97.29396102444842,
XRP,-1,LEGACY_SMC,2023-01-31 10:45:00+00:00,2023-01-31 13:00:00+00:00,0.3991901440739632,0.4026586919565625,243.90535080641496,97.36461212882332,0.4024574632249501,0.39483371853931404,SL,-0.8459973880942339,0.09778761082287044,0.0,-0.8951026928526926,0.796916623717973,-1.1232074550994275,9,96.39885833159573,
SOL,-1,LEGACY_SMC,2023-01-31 13:45:00+00:00,2023-01-31 14:00:00+00:00,24.088181811904906,24.359297330862617,3.7227979359226233,89.67543352948846,24.34712376897813,23.74292586914061,SL,-1.0093082943723557,0.09018008767667465,0.0,-1.0546506652842862,0.9639885833159574,-1.094048916696157,1,95.2993699495467,
BTC,-1,LEGACY_SMC,2023-01-31 14:15:00+00:00,2023-01-31 14:45:00+00:00,23069.8851,23181.934503568955,0.00619634880298212,142.94905492432005,23170.349328904504,22935.932794793993,SL,-0.6942971876793568,0.14329620351815975,0.0,-0.7661188637353564,0.6225114045149458,-1.2306904872406443,2,94.41421621653375,
ETH,-1,LEGACY_SMC,2023-01-31 14:15:00+00:00,2023-01-31 15:30:00+00:00,1582.6233534179687,1591.6062266296933,0.06010317200580956,95.1206836308913,1590.810821219084,1571.7067296831483,SL,-0.5398991737506631,0.09539063321776664,0.0,-0.5877294651529841,0.4920927855424536,-1.194346843563468,5,93.82648675138076,
LINK,-1,LEGACY_SMC,2023-01-31 16:45:00+00:00,2023-01-31 21:00:00+00:00,7.038591961860657,6.976650777917123,19.986270685104046,140.67520419174463,7.085047849818308,6.976650777917123,TP,1.2379732688512952,0.14005621755731895,0.0,1.1682546533898486,0.9284799516384669,1.2582443501642193,17,94.88138651245706,
SOL,-1,LEGACY_SMC,2023-01-31 16:45:00+00:00,2023-01-31 21:15:00+00:00,24.195160762786866,23.84334146419481,3.555859011595458,86.0345804353565,24.459025236730906,23.84334146419481,TP,1.2510198233517518,0.08540907052368063,0.0,1.2086280430457494,0.9382648675138076,1.2881522956820752,18,96.0900145555028,
BTC,1,LEGACY_SMC,2023-02-01 19:45:00+00:00,2023-02-01 20:15:00+00:00,23267.25252,23505.087916155044,0.005386919755367921,125.33882225312205,23088.875972883714,23505.087916155044,TP,1.2812001940733708,0.12597942235015874,0.0,1.217890182849773,0.9609001455550282,1.2674471832307863,2,97.20135706152607,
ETH,1,LEGACY_SMC,2023-02-01 19:45:00+00:00,2023-02-01 20:15:00+00:00,1607.211392651367,1630.6605484251336,0.05460173552846669,87.75653139988859,1589.6245258210422,1630.6605484251336,TP,1.2803646019250166,0.0883967137008511,0.0,1.2358461539241097,0.9602734514437624,1.286973155475689,2,98.43720321545018,
XRP,1,LEGACY_SMC,2023-02-02 06:30:00+00:00,2023-02-02 09:30:00+00:00,0.4118023516595363,0.415372407440294,358.5598873540477,147.6558048231753,0.40912480982396804,0.415372407440294,TP,1.2800787985961468,0.14829584422247336,0.0,1.205610856785261,0.960059098947115,1.2557673356853132,12,99.56898616982384,
XRP,1,LEGACY_SMC,2023-02-02 21:45:00+00:00,2023-02-03 02:15:00+00:00,0.41105219641327856,0.4077492608579544,321.2981785409518,132.07032199284396,0.4079532374766927,0.4151841416620597,SL,-1.061227177763807,0.13153970840396206,0.0,-1.1267317251713471,0.9956898616982385,-1.131609116969018,18,98.33483277875835,
SOL,-1,LEGACY_SMC,2023-02-03 12:00:00+00:00,2023-02-03 12:45:00+00:00,24.49909891014099,24.68511326384386,5.661906081673821,138.71159711485575,24.672776875406157,24.267528289787435,SL,-1.0531958005089037,0.1392381950151102,0.0,-1.123078196966586,0.9833483277875835,-1.1420960052816462,3,97.14239878323434,
ETH,1,LEGACY_SMC,2023-02-02 22:15:00+00:00,2023-02-03 15:15:00+00:00,1644.8489235351562,1671.2129637393944,0.05032256069909056,82.77300979543166,1625.0758933819777,1671.2129637393944,TP,1.326706013451036,0.08343636280215719,0.0,1.2846561555465947,0.9950295100882742,1.291073422970768,68,98.35419813969351,
BTC,-1,LEGACY_SMC,2023-02-03 15:00:00+00:00,2023-02-03 15:15:00+00:00,23511.2968,23659.408342661263,0.006197599367417773,145.7135981748515,23647.584550386073,23329.579799485236,SL,-0.9179360031047155,0.1461725661764039,0.0,-0.9912517701936936,0.8446568755795157,-1.1735555571173202,1,97.36294636949981,
ETH,1,LEGACY_SMC,2023-02-05 01:00:00+00:00,2023-02-05 12:45:00+00:00,1663.9927661865233,1653.3494855187907,0.08776746060558237,146.0444195542497,1654.1765738056936,1677.0810226942963,SL,-0.9341337167193771,0.14557735269589003,0.0,-1.0066888596381423,0.8615422780812939,-1.1684729644145826,47,96.28323530008454,
XRP,-1,LEGACY_SMC,2023-02-06 01:30:00+00:00,2023-02-06 02:45:00+00:00,0.40152966502308846,0.3985340388408242,359.6866322238538,144.42485295012682,0.40377638465978666,0.3985340388408242,TP,1.0774866929002223,0.1438861096036767,0.0,1.005813009771609,0.8081150196751767,1.2446409054194998,5,97.2168358833811,
ETH,-1,LEGACY_SMC,2023-02-06 12:15:00+00:00,2023-02-06 15:45:00+00:00,1631.2436322998046,1640.460126954372,0.08939514057718054,145.82525382507163,1639.6403068009718,1620.0480662982484,SL,-0.8239098352738894,0.14623720874270857,0.0,-0.8972344171040622,0.7506218974126625,-1.1953213997576704,14,96.2466888393645,
LINK,-1,LEGACY_SMC,2023-02-06 16:15:00+00:00,2023-02-06 16:45:00+00:00,7.027594005489349,6.951627406822358,16.88562746944515,118.66533438319902,7.084568954489592,6.951627406822358,TP,1.282743685211656,0.11802396254059319,0.0,1.2240523898626623,0.962057763908742,1.2723273339528627,2,97.35055817457256,
XRP,-1,LEGACY_SMC,2023-02-06 16:15:00+00:00,2023-02-06 18:15:00+00:00,0.3997000492155552,0.4022234524952899,99.7645059681376,39.87587794543015,0.4020224412746526,0.39660352647009195,SL,-0.25174608156111195,0.0400017509862107,0.0,-0.27180989357460755,0.23169229644017794,-1.1731503280463527,8,97.07874828099794,
SOL,-1,LEGACY_SMC,2023-02-06 16:15:00+00:00,2023-02-06 21:15:00+00:00,23.468304972839356,23.100243135157793,3.486612990383244,81.82489698057738,23.744351351100526,23.100243135157793,TP,1.2832891845248642,0.08118325238831495,0.0,1.243018380626838,0.9624668883936449,1.2914920976673108,20,98.32176666162478,
SOL,-1,LEGACY_SMC,2023-02-07 07:30:00+00:00,2023-02-07 09:45:00+00:00,23.248349659347536,23.414713075880382,6.343790082025817,147.48264999243716,23.403011570095334,23.042133778350472,SL,-1.0553745918129984,0.14801033728834367,0.0,-1.1296436041051234,0.981142695469043,-1.1513550570389646,9,97.11838173252343,
SOL,-1,LEGACY_SMC,2023-02-07 10:00:00+00:00,2023-02-07 15:00:00+00:00,23.33633140335083,23.115942974317473,5.875588669120394,137.11468437236655,23.50162272512585,23.115942974317473,TP,1.2949117564336319,0.13646722849414974,0.0,1.2270018701256653,0.9711838173252343,1.2634084796686451,20,98.27682626046291,
BTC,1,LEGACY_SMC,2023-02-08 08:45:00+00:00,2023-02-08 10:00:00+00:00,23215.6422,23143.554588392588,0.006349823886874616,147.41523939069435,23155.132154469822,23296.322260706904,SL,-0.4577436381324751,0.14718636757162812,0.0,-0.531222386008756,0.384228132503384,-1.3825702520730374,5,97.6228499761532,
SOL,1,LEGACY_SMC,2023-02-08 08:45:00+00:00,2023-02-08 12:45:00+00:00,23.634725160598755,23.8641292917553,4.150357431477723,98.09255721122457,23.462672062231345,23.8641292917553,TP,0.9521091405572601,0.0985686117815032,0.0,0.9025868073813692,0.7140818554179488,1.2639822739272508,16,98.45245449967,
BTC,1,LEGACY_SMC,2023-02-08 10:15:00+00:00,2023-02-08 12:45:00+00:00,23175.534180000002,23107.579104053675,0.006298218051652193,145.96456772915843,23119.138673390367,23250.728188812845,SL,-0.42799588602655414,0.14575056978614515,0.0,-0.5007641719481201,0.35519119776087404,-1.4098439801012477,10,97.95169032772188,
BTC,1,LEGACY_SMC,2023-02-08 13:45:00+00:00,2023-02-08 14:00:00+00:00,23137.1265,23059.51778246671,0.006350293131326522,146.92753549158283,23071.05330912127,23225.2240878383,SL,-0.49283810588269156,0.14668111643864148,0.0,-0.5660554545755416,0.41958413020200924,-1.3490869025551886,1,97.31217110540054,
BTC,1,LEGACY_SMC,2023-02-08 14:45:00+00:00,2023-02-08 15:00:00+00:00,23122.22352,23034.982624550652,0.006312898780337576,145.9682566581008,23046.505877489395,23223.180376680804,SL,-0.5507429424777444,0.14569288518686196,0.0,-0.6234516993355559,0.47799781305523165,-1.3042982254471474,1,96.56717042234364,
ETH,1,LEGACY_SMC,2023-02-08 14:45:00+00:00,2023-02-08 15:00:00+00:00,1680.6860455810547,1671.0240553588867,0.05779170419124754,97.1297107845779,1672.6442605330762,1691.408425645026,SL_GAP,-0.55838288081826,0.09685051934416876,0.0,-0.6066685447701399,0.4647484626623688,-1.3053696644734754,1,95.96050187757349,
ETH,1,LEGACY_SMC,2023-02-08 15:00:00+00:00,2023-02-08 15:15:00+00:00,1672.1943573486328,1658.8001898803711,0.08607896096754397,143.94075281636023,1662.5477034661908,1685.0565625252223,SL_GAP,-1.1529560186932448,0.14336427480701364,0.0,-1.2243499170920784,0.8303739430141335,-1.474456089804397,1,94.66418158407323,
ETH,1,LEGACY_SMC,2023-02-08 15:30:00+00:00,2023-02-08 16:00:00+00:00,1662.6425206054687,1651.170612356739,0.08540397025597567,141.99627237610986,1651.99661066207,1676.837067196667,SL,-0.979746510853796,0.14150639912068297,0.0,-1.050254773786424,0.9092029761538175,-1.1551378529679863,2,93.49894055546804,
LINK,1,LEGACY_SMC,2023-02-08 15:45:00+00:00,2023-02-08 16:00:00+00:00,7.129425382518768,7.049242498086201,12.339877695774891,87.97623726143472,7.052768882527465,7.231634049173839,SL,-0.9894469871923285,0.08748151376783855,0.0,-1.0329403823294496,0.9459318344788519,-1.0919818370406509,1,92.4660001731386,
SOL,-1,LEGACY_SMC,2023-02-09 12:00:00+00:00,2023-02-09 14:30:00+00:00,22.800439305114747,22.991109172084222,5.160507345098928,117.66183450552695,22.97961936240302,22.561532562063714,SL,-0.9839532489850139,0.11815381113001946,0.0,-1.0432761428622699,0.924660001731386,-1.1282808177154633,10,91.30721506870647,
BTC,-1,LEGACY_SMC,2023-02-09 13:00:00+00:00,2023-02-09 14:30:00+00:00,22706.25784,22804.86752469954,0.004992284040503419,113.35608863418763,22793.47078930489,22589.973907593474,SL,-0.49228755516459977,0.11360223241176992,0.0,-0.5492117432592759,0.435391814940048,-1.261419540775934,6,90.75800332544719,
BTC,-1,LEGACY_SMC,2023-02-09 14:45:00+00:00,2023-02-09 15:30:00+00:00,22691.4608,22565.09596093121,0.005999481751662757,136.1370049881708,22786.234429301596,22565.09596093121,TP,0.7581235460450199,0.13575794321514828,0.0,0.690434105323957,0.5685926595337704,1.214285998503908,3,91.33507501224246,
ETH,-1,LEGACY_SMC,2023-02-09 14:45:00+00:00,2023-02-09 16:15:00+00:00,1636.3626034179688,1624.7121775204616,0.05535926565419897,90.58783206921197,1645.100422841099,1624.7121775204616,TP,0.6449590222446576,0.09026535255808965,0.0,0.5999875857211739,0.48371926668349013,1.2403632169436847,6,91.93506259796364,
LINK,1,LEGACY_SMC,2023-02-09 19:30:00+00:00,2023-02-09 19:45:00+00:00,7.400479967880249,7.235405414697032,5.694158707476155,42.13950744860817,7.239024927160612,7.615753355506431,SL,-0.9399607043909466,0.041669527096412695,0.0,-0.9605604777630552,0.9193506259796363,-1.044824956462619,1,90.95343236647628,
BTC,-1,LEGACY_SMC,2023-02-11 12:30:00+00:00,2023-02-11 13:45:00+00:00,21711.95674,21762.26667505798,0.006283641321851419,136.43014854971443,21751.390979568198,21659.377753909073,SL,-0.316129586829982,0.13658821334312943,0.0,-0.3845027258982542,0.24779061724650506,-1.5517243153551141,5,90.45532311896277,
SOL,-1,LEGACY_SMC,2023-02-11 13:30:00+00:00,2023-02-11 14:45:00+00:00,20.440910694885254,20.56253994896873,4.441235326345069,90.78289468078913,20.5522638170602,20.292439865318656,SL,-0.5401841399525359,0.0910529867507654,0.0,-0.5858456793629068,0.4945454199021925,-1.18461450816544,5,89.80179973304155,
LINK,-1,LEGACY_SMC,2023-02-11 14:30:00+00:00,2023-02-11 15:00:00+00:00,6.959607765674591,7.0045849219685765,19.448712869165245,135.3554131166178,7.001084379778687,6.904305613535797,SL,-0.8747477984332852,0.13579278701583447,0.0,-0.9428628788908108,0.80666675849573,-1.1688381465588826,2,88.85893685415074,
SOL,-1,LEGACY_SMC,2023-02-11 15:15:00+00:00,2023-02-11 16:30:00+00:00,20.540891076278687,20.376835050924125,4.317842201596312,88.6923263475492,20.66393309529461,20.376835050924125,TP,0.7083680297020803,0.08833814233269816,0.0,0.6643760505431567,0.5312760222765679,1.2505289579910697,5,89.41232253887951,
ETH,-1,LEGACY_SMC,2023-02-11 15:00:00+00:00,2023-02-11 16:45:00+00:00,1524.695,1517.7238422579167,0.08741971691467876,133.28840528122612,1529.9233683065622,1517.7238422579167,TP,0.6094166363804914,0.13298369696303589,0.0,0.5430771420580686,0.4570624772853536,1.1881901688442786,7,89.95539968093757,
SOL,-1,LEGACY_SMC,2023-02-11 22:15:00+00:00,2023-02-11 22:30:00+00:00,20.680862466049195,20.82907275054169,6.524539280840909,134.93309952140635,20.818663418832276,20.49712786233842,SL,-0.967003822995896,0.1354166014329043,0.0,-1.034953874668097,0.899087729370517,-1.1511155595380052,1,88.85297925650877,
ETH,-1,LEGACY_SMC,2023-02-12 15:30:00+00:00,2023-02-12 16:15:00+00:00,1532.8734177001954,1540.4473393492863,0.08694747220858286,133.27946888476316,1539.6775005989869,1523.8013071684734,SL,-0.6585333420943094,0.13360873555581032,0.0,-0.7255023432077381,0.591597808747561,-1.2263438648355698,3,88.06083717885866,
SOL,1,LEGACY_SMC,2023-02-13 01:45:00+00:00,2023-02-13 02:00:00+00:00,21.219243152618407,20.826581393241884,2.5656050722567714,54.44019786180755,20.876007016507256,21.676891334099942,SL_GAP,-1.007415001537675,0.053936490361038716,0.0,-1.03413139296781,0.8806083717885865,-1.1743374536258449,1,86.99948568695996,
ETH,-1,LEGACY_SMC,2023-02-13 07:30:00+00:00,2023-02-13 08:15:00+00:00,1523.3052633544921,1514.5591126576755,0.08566846821172648,130.49922853043995,1529.8648763771046,1514.5591126576755,TP,0.749269332945201,0.13012459386396735,0.0,0.6843943533464537,0.5619519997089008,1.2178875663775195,3,87.61863042604118,
LINK,-1,LEGACY_SMC,2023-02-13 22:45:00+00:00,2023-02-13 23:15:00+00:00,6.594680994510651,6.647247289601087,17.792632391958016,117.33673467756012,6.643925326937619,6.529021884608027,SL,-0.9352927647513187,0.11780438105993576,0.0,-0.9944287784724745,0.8761863042604118,-1.1349512924786824,2,86.56553328022993,
LINK,-1,LEGACY_SMC,2023-02-13 23:15:00+00:00,2023-02-13 23:30:00+00:00,6.612677043628692,6.670333316802978,17.962337544451437,118.77913713010379,6.660869843182763,6.548419977556598,SL_GAP,-1.0356414403116179,0.11929695785025961,0.0,-1.0955488295968256,0.8656553328022993,-1.2655716288956658,1,85.41059488206805,
XRP,-1,LEGACY_SMC,2023-02-13 23:30:00+00:00,2023-02-14 00:00:00+00:00,0.37273544414043425,0.36979131043614644,343.718029334587,128.1158923231021,0.37494354441865013,0.36979131043614644,TP,1.0119518349353438,0.1276099164056344,0.0,0.9483998646912604,0.7589638762015174,1.2495981619544756,2,86.25231157558942,
SOL,-1,LEGACY_SMC,2023-02-14 00:00:00+00:00,2023-02-14 00:15:00+00:00,20.758847888183595,20.990276762494855,3.9038974124585226,81.0404125563,20.979786869060327,20.464262580347956,SL,-0.9034745835919132,0.08149214984809595,0.0,-0.9444465271618592,0.8625231157558941,-1.0949811198209678,1,85.24272553422425,
ETH,-1,LEGACY_SMC,2023-02-13 23:45:00+00:00,2023-02-14 01:30:00+00:00,1507.8483944091797,1494.8208488858484,0.05653781264267476,85.25045001666416,1517.6190535516782,1494.8208488858484,TP,0.7365489279920244,0.08488217555266815,0.0,0.6942919774476883,0.5524116959940184,1.2568379389548736,7,85.89792173266345,
SOL,-1,LEGACY_SMC,2023-02-14 00:15:00+00:00,2023-02-14 06:00:00+00:00,20.754848978042602,20.99160435685026,3.76738747170355,78.19155801697693,20.981113799950286,20.45316254883236,SL,-0.8919492479783979,0.07863753264096612,0.0,-0.9314910016108756,0.8524272553422425,-1.0927513119426122,23,84.96643073105257,
LINK,-1,LEGACY_SMC,2023-02-14 00:00:00+00:00,2023-02-14 09:00:00+00:00,6.6686660762786865,6.603451452124708,7.383577958036046,49.238615850314034,6.7175770443941705,6.603451452124708,TP,0.4815172614449199,0.04899785721959157,0.0,0.45713871215048535,0.3611379460836916,1.2658285209512328,36,85.42356944320305,
LINK,-1,LEGACY_SMC,2023-02-14 10:00:00+00:00,2023-02-14 11:30:00+00:00,6.664666689395904,6.617731563455003,19.226070880435724,128.13535416480457,6.699868033851581,6.617731563455003,TP,0.9023780581219527,0.1276841651357436,0.0,0.8387615700686114,0.6767835435914645,1.2393350547762783,6,86.19826333618926,
XRP,-1,LEGACY_SMC,2023-02-14 13:30:00+00:00,2023-02-14 14:00:00+00:00,0.37066584843397143,0.3681089825288054,348.8246774029852,129.29739500428389,0.37258349786284595,0.3681089825288054,TP,0.8918979245322276,0.12885144604201776,0.0,0.8276951759923518,0.6689234433991706,1.2373541160201742,2,86.91829149388325,
ETH,1,LEGACY_SMC,2023-02-14 13:45:00+00:00,2023-02-14 14:30:00+00:00,1509.171769116211,1496.802491137196,0.057009177717933325,86.03664159243391,1497.5512667705814,1524.6657722437171,SL,-0.7051623665481793,0.08568406040915982,0.0,-0.7478281061611222,0.6624752833936575,-1.1288392562062517,3,86.17046338772212,
SOL,1,LEGACY_SMC,2023-02-15 03:00:00+00:00,2023-02-15 09:45:00+00:00,21.52230324897766,21.74804953063666,5.0895168832584545,109.5381257522801,21.35299353773341,21.74804953063666,TP,1.148939511836295,0.11011259550819824,0.0,1.093595979204237,0.8617046338772213,1.2691076921376476,27,87.20929030405023,
SOL,1,LEGACY_SMC,2023-02-16 13:45:00+00:00,2023-02-16 14:00:00+00:00,23.5207039478302,23.288349237442016,4.321282477122253,101.63960581933884,23.31889050294259,23.789788541013674,SL_GAP,-1.0040703384772707,0.1011375706501002,0.0,-1.0543881062177014,0.8720929030405022,-1.209031861790914,1,86.10408239492286,
BTC,1,LEGACY_SMC,2023-02-16 14:00:00+00:00,2023-02-16 14:30:00+00:00,24461.59134,24321.37118174823,0.005279955902999085,129.1561235923843,24333.53795072359,24632.329192368547,SL,-0.7403562522808991,0.12878594546624383,0.0,-0.8045641359509508,0.6761162486090239,-1.189978997851602,2,85.19196887855549,
ETH,1,LEGACY_SMC,2023-02-16 14:00:00+00:00,2023-02-16 14:30:00+00:00,1676.8252882324218,1666.1650983680254,0.05125318531606019,85.94263724043236,1666.9985976668588,1689.9275423198392,SL,-0.5463686866242975,0.0856694528971202,0.0,-0.5890668209012015,0.5036491926003814,-1.169597468944211,2,84.60290205765429,
BTC,1,LEGACY_SMC,2023-02-16 14:45:00+00:00,2023-02-16 15:15:00+00:00,24385.27608,24579.072020835894,0.005204138459214092,126.90435308648144,24239.929124373077,24579.072020835894,TP,1.0085409089436586,0.12740862354095328,0.0,0.944584461945946,0.7564056817077534,1.2487802310174845,2,85.44181220724886,
ETH,1,LEGACY_SMC,2023-02-16 14:45:00+00:00,2023-02-16 15:15:00+00:00,1675.3650353027344,1690.3575695762265,0.050403506004312267,84.4442716162962,1664.1206345976154,1690.3575695762265,TP,0.7556762912738156,0.0848221097619331,0.0,0.7130763173200306,0.5667572184553589,1.2581689197774137,2,86.15488852456889,
BTC,1,LEGACY_SMC,2023-02-16 23:15:00+00:00,2023-02-16 23:30:00+00:00,24072.41352,23808.266498176872,0.0034156333618113204,82.22253871822987,23820.176586470105,24408.72943137319,SL,-0.9022293801621725,0.0817714240281488,0.0,-0.9428895348312063,0.861548885245689,-1.0944121116961592,1,85.17088772037856,
BTC,1,LEGACY_SMC,2023-02-16 23:30:00+00:00,2023-02-16 23:45:00+00:00,23865.57216,23592.44288493281,0.0032591671735944638,77.78188936292192,23604.245007436526,24214.008363417965,SL,-0.8901739674466357,0.0773368023791986,0.0,-0.9286198251443734,0.8517088772037856,-1.0903019212305163,1,84.20337695055274,
ETH,1,LEGACY_SMC,2023-02-16 23:45:00+00:00,2023-02-17 09:00:00+00:00,1646.5992735351563,1672.5955084722693,0.04318747293175228,71.11246155524252,1627.1020973323216,1672.5955084722693,TP,1.122711692674043,0.07167381740157955,0.0,1.0865941060500848,0.8420337695055274,1.2904400576335222,37,85.25441482582521,
ETH,1,LEGACY_SMC,2023-02-17 15:00:00+00:00,2023-02-17 15:15:00+00:00,1659.3217882324218,1675.6407587838728,0.06965669356575567,115.58286932988753,1647.0825603188337,1675.6407587838728,TP,1.1367255310110134,0.11615123209539305,0.0,1.078365733580564,0.8525441482582521,1.2648796379444578,1,86.27498912474083,
BTC,1,LEGACY_SMC,2023-02-18 08:00:00+00:00,2023-02-18 14:45:00+00:00,24524.904,24670.363218562154,0.00527677839991183,129.41248368711123,24415.809586078383,24670.363218562154,TP,0.7675560625768335,0.12979626171839964,0.0,0.7024660427019895,0.5756670469326203,1.220264467881224,27,86.8696923138392,
ETH,1,LEGACY_SMC,2023-02-18 08:00:00+00:00,2023-02-18 18:00:00+00:00,1691.5381911621093,1700.0005060121598,0.050908234865788646,86.11322352013195,1685.1914550245715,1700.0005060121598,TP,0.4308015118946199,0.08632862427607926,0.0,0.3875294993786066,0.32310113392096496,1.1994061880123321,40,87.2572218132178,
ETH,1,LEGACY_SMC,2023-02-18 20:15:00+00:00,2023-02-19 00:15:00+00:00,1685.0469029296876,1698.1920371027725,0.07767488993467393,130.88583271982668,1675.1880522998738,1698.1920371027725,TP,1.0210468500708905,0.13139635614486211,0.0,0.9550934102859416,0.7657851375531767,1.2472080789366577,16,88.14687230714382,
LINK,1,LEGACY_SMC,2023-02-19 00:15:00+00:00,2023-02-19 00:45:00+00:00,7.966593152618408,8.059054847926229,12.711119202921644,101.26431520411192,7.897246881137543,8.059054847926229,TP,1.1752916307619252,0.1018519610194929,0.0,1.1240718273444883,0.8814687230714382,1.2752259926225293,2,89.22031197688626,
SOL,1,LEGACY_SMC,2023-02-19 01:30:00+00:00,2023-02-19 05:15:00+00:00,23.305660795211793,23.5508099911949,4.85257214457186,113.09240038568521,23.121798898224462,23.5508099911949,TP,1.1896041596918112,0.11368720246553113,0.0,1.1324631574191226,0.8922031197688627,1.2692884975704888,15,90.29622893411255,
BTC,1,LEGACY_SMC,2023-02-19 07:30:00+00:00,2023-02-19 14:15:00+00:00,24629.925,24740.95680850156,0.005499178069002192,135.44434340116882,24546.65114362383,24740.95680850156,TP,0.6105836862734332,0.13574963524430556,0.0,0.542556222729712,0.45793776470507486,1.184781567598239,27,90.77106298514168,
ETH,1,LEGACY_SMC,2023-02-19 17:00:00+00:00,2023-02-19 17:45:00+00:00,1699.4898544189452,1685.5512507696058,0.06931519346316527,117.80046804773576,1686.3944479936024,1716.9503963194024,SL,-0.9661570085603477,0.1173173895434556,0.0,-1.0245741640799355,0.9077106298514167,-1.128745362657754,3,89.65545928121182,
LINK,1,LEGACY_SMC,2023-02-19 17:00:00+00:00,2023-02-19 17:45:00+00:00,8.056611305236816,7.93890683994667,7.975885793366505,64.2586116521143,7.942878279086212,8.208255340104285,SL,-0.9387973725234746,0.06378921296585255,0.0,-0.97045727966327,0.9071216275111782,-1.0698204631344337,3,88.68500200154855,
LINK,1,LEGACY_SMC,2023-02-19 18:00:00+00:00,2023-02-20 00:00:00+00:00,7.900579967880248,8.07248912223351,6.878439358290886,54.343660204392044,7.771648102115302,8.07248912223351,TP,1.1824666933539745,0.054934893551069036,0.0,1.1547036299051014,0.8868500200154855,1.3020280812362601,24,89.81253380135146,
ETH,-1,LEGACY_SMC,2023-02-20 04:30:00+00:00,2023-02-20 06:45:00+00:00,1685.91275,1696.9920487566274,0.07990852474543964,134.71880070202718,1696.1439767682434,1672.271114309009,SL,-0.8853304188560788,0.13516146591145523,0.0,-0.9531324844165204,0.8175622373863869,-1.1658225402674292,9,88.79204191658394,
BTC,-1,LEGACY_SMC,2023-02-20 08:30:00+00:00,2023-02-20 09:30:00+00:00,24465.106,24593.487708868855,0.005444001055007729,133.18806287487592,24581.1971103137,24310.31785291507,SL,-0.6989101585257452,0.1335375179541388,0.0,-0.765853645042446,0.632000127024804,-1.2117934985990733,4,87.95959424010407,
SOL,1,LEGACY_SMC,2023-02-20 16:15:00+00:00,2023-02-20 16:30:00+00:00,26.145227389526365,25.732205619659968,2.1981697694907885,57.47164846411942,25.745078158739336,26.678759697242402,SL,-0.9078919686618953,0.057017702479788476,0.0,-0.936173846909624,0.8795959424010407,-1.064322607439664,1,86.95233854846289,
LINK,1,LEGACY_SMC,2023-02-20 16:15:00+00:00,2023-02-20 16:30:00+00:00,8.065612929725647,7.977881389346087,10.500384997010208,84.69204099898273,7.981872325508841,8.177267068681388,SL,-0.9212149503661317,0.08423143352379968,0.0,-0.9631003633904399,0.8793085841587203,-1.0952928024828594,1,85.98923818507245,
SOL,1,LEGACY_SMC,2023-02-20 16:45:00+00:00,2023-02-20 19:30:00+00:00,25.878173791122435,26.44932154562213,2.0060958452005333,51.914096923748055,25.449812975247664,26.44932154562213,TP,1.1457771372974515,0.05248698549239678,0.0,1.1192472002669287,0.8593328529730904,1.3024606197640363,11,87.02657544911409,
XRP,1,LEGACY_SMC,2023-02-21 00:15:00+00:00,2023-02-21 01:15:00+00:00,0.39721942428946494,0.3941865537021236,266.0007457716353,105.6606630959773,0.394383745574911,0.4010003292422035,SL,-0.8067458380616602,0.10525729017694646,0.0,-0.8591727966906181,0.754292652840096,-1.1390443662093523,4,86.11457232087548,
ETH,1,LEGACY_SMC,2023-02-20 16:45:00+00:00,2023-02-21 02:30:00+00:00,1696.0991617675782,1713.47643285362,0.06597832134424622,111.90577552680793,1683.0662084530466,1713.47643285362,TP,1.146523175800951,0.11247903711470841,0.0,1.0899970264496466,0.8598923818507246,1.2675970266228822,39,87.20456934732513,
BTC,1,LEGACY_SMC,2023-02-21 08:45:00+00:00,2023-02-21 09:00:00+00:00,24813.66174,24642.08490343833,0.005271565937812599,130.8068540209877,24654.412109493074,25025.9945806759,SL,-0.9044786073361462,0.13035461471731963,0.0,-0.9694297950429719,0.8394949277895496,-1.1547774298000228,1,86.16973612527167,
ETH,-1,LEGACY_SMC,2023-02-21 18:15:00+00:00,2023-02-21 20:30:00+00:00,1679.0641444091798,1663.235455976804,0.07258528209157197,121.87534457178425,1690.9356607334619,1663.235455976804,TP,1.1489298150036058,0.12130087966428246,0.0,1.0885666076252154,0.8616973612527167,1.2632818163011212,9,87.15066673483065,
XRP,-1,LEGACY_SMC,2023-02-21 19:30:00+00:00,2023-02-21 21:15:00+00:00,0.3932113550722599,0.3900580887758523,237.52277332763396,93.39665156068018,0.3955763047945656,0.3900580887758523,TP,0.7489725557632922,0.09302216528279852,0.0,0.7026487162608338,0.5617294168224725,1.2508668679584163,7,87.85331545109149,
LINK,-1,LEGACY_SMC,2023-02-22 19:15:00+00:00,2023-02-22 22:00:00+00:00,7.549489918231965,7.631006215200808,11.306340024935325,85.35710003035177,7.627192618891362,7.445886317352768,SL,-0.9216509711033437,0.08581792551590345,0.0,-0.9647903466040713,0.8785331545109151,-1.098183195079503,11,86.84584655447223,
SOL,-1,LEGACY_SMC,2023-02-22 23:30:00+00:00,2023-02-23 02:30:00+00:00,24.240151839065554,24.51205860965957,3.344638938750254,81.07455572215724,24.499808705306915,23.893942684077075,SL,-0.9094299726385745,0.08152927070847653,0.0,-0.9504219654859725,0.8684584655447223,-1.0943781460980293,12,85.78978332916772,
BTC,-1,LEGACY_SMC,2023-02-23 00:30:00+00:00,2023-02-23 02:30:00+00:00,24180.26298,24338.7800813617,0.0053848861785587045,130.20796391491672,24326.616772975212,23985.124589366384,SL,-0.8535965481878077,0.1306347621890106,0.0,-0.91912732841936,0.7880985169718657,-1.1662594315631376,8,84.87065600074835,
LINK,1,LEGACY_SMC,2023-02-24 12:15:00+00:00,2023-02-24 12:30:00+00:00,7.912581974887848,7.83194108837337,11.061963630341191,87.52869402830265,7.835859017882311,8.01487925089523,SL,-0.8920465537416232,0.08708267075143183,0.0,-0.9353648774789037,0.8487065600074836,-1.102106336341569,1,83.8915267762553,
BTC,-1,LEGACY_SMC,2023-02-24 12:30:00+00:00,2023-02-24 13:30:00+00:00,23895.120020000002,23762.607787944813,0.005266233861100436,125.83729016438295,23994.504194041394,23762.607787944813,TP,0.6978404034590354,0.12548836996265345,0.0,0.6352706785785734,0.5233803025942766,1.2137840790524248,4,84.46387880975169,
SOL,-1,LEGACY_SMC,2023-02-26 02:30:00+00:00,2023-02-26 03:30:00+00:00,22.45350858306885,22.69632893283783,3.648896705236642,81.9305334897626,22.684986439618022,22.144871441003286,SL,-0.8860263742364403,0.08237354667688082,0.0,-0.9274346541684397,0.8446387880975169,-1.0980251762500914,4,83.49547888883838,
ETH,-1,LEGACY_SMC,2023-02-26 03:45:00+00:00,2023-02-26 14:00:00+00:00,1604.0791444091797,1612.150386227907,0.05829323928128894,93.50696939116955,1611.3447138709714,1594.391718460124,SL,-0.4704988306362122,0.09374221880648766,0.0,-0.5174875647471151,0.42353357915105255,-1.2218336165561834,41,82.87369390539772,
LINK,-1,LEGACY_SMC,2023-02-26 03:30:00+00:00,2023-02-26 17:00:00+00:00,7.3895215940475465,7.318040947129869,15.574468053336199,115.0878679959315,7.443132079235805,7.318040947129869,TP,1.1132730518511784,0.1145312314700059,0.0,1.0562857543791382,0.8349547888883838,1.2650813773826282,54,83.88393147639307,
BTC,-1,LEGACY_SMC,2023-02-26 14:30:00+00:00,2023-02-26 18:30:00+00:00,23218.65534,23309.00702553528,0.003966481495976363,92.09636676756278,23297.3583463621,23113.71799818387,SL,-0.3583782888059598,0.09227555591196576,0.0,-0.40460566133414416,0.3121740184129744,-1.296090121116012,16,83.47932581505893,
SOL,1,LEGACY_SMC,2023-02-27 05:00:00+00:00,2023-02-27 05:45:00+00:00,23.007600859451294,22.845845443313635,5.4425052610885185,125.21898872258839,22.85727408035381,23.208036564914604,SL,-0.8803547033387711,0.12477881137091901,0.0,-0.9425240203483959,0.8181542861205436,-1.152012568213238,3,82.47419230034923,
LINK,-1,LEGACY_SMC,2023-02-27 13:45:00+00:00,2023-02-27 15:00:00+00:00,7.398520095348358,7.457962412099572,14.802817476505494,109.51894256769977,7.454235294452346,7.324233163209708,SL,-0.8799137652488381,0.1099588994503242,0.0,-0.9351131934153124,0.8247419230034924,-1.1338252213612192,5,81.48431963565007,
ETH,1,LEGACY_SMC,2023-02-27 16:15:00+00:00,2023-02-27 16:30:00+00:00,1637.8775588378905,1626.2460812598201,0.07462491856851462,122.2264794534751,1627.0596110653528,1652.301489201274,SL,-0.8679980670950085,0.1217924804199276,0.0,-0.9286773077881986,0.8072884716040748,-1.1503661212242078,1,80.49452908813514,
ETH,1,LEGACY_SMC,2023-02-27 16:45:00+00:00,2023-02-27 18:00:00+00:00,1639.0377029296874,1626.5439068012904,0.06891585655804551,112.95568722833075,1627.3575855940874,1654.6111927104876,SL,-0.8610206618500706,0.11252517689740571,0.0,-0.9170679951333109,0.8049452908813515,-1.1392923289596415,5,79.52098324938767,
LINK,-1,LEGACY_SMC,2023-02-28 04:00:00+00:00,2023-02-28 04:30:00+00:00,7.295540531349182,7.233038842368242,16.349916001634835,119.28147487408151,7.342416798084887,7.233038842368242,TP,1.0218973647986744,0.11877052619168217,0.0,0.9627675760440331,0.7664230235990023,1.2561830039017194,2,80.42411008799466,
LINK,-1,LEGACY_SMC,2023-02-28 06:00:00+00:00,2023-02-28 08:00:00+00:00,7.317535967350007,7.239979176856679,13.826274411551115,101.17426030097633,7.3757035602200025,7.239979176856679,TP,1.0723214678399329,0.10063809956705637,0.0,1.0222704984233646,0.8042411008799466,1.271099546273953,8,81.39579345626754,
SOL,-1,LEGACY_SMC,2023-02-28 15:00:00+00:00,2023-02-28 15:30:00+00:00,22.39052145767212,22.590946146569756,4.303584920224437,96.35951050119941,22.579656318410553,22.138341643354206,SL,-0.862544668780547,0.09679078283558967,0.0,-0.911155696365537,0.8139579345626754,-1.1194137407789804,2,80.4364580046514,
SOL,-1,LEGACY_SMC,2023-02-28 16:15:00+00:00,2023-02-28 19:15:00+00:00,22.544489986419677,22.279720067863465,4.050634273624977,91.31948382038665,22.743067425336836,22.279720067863465,TP,1.0724861067286853,0.09078324076702231,0.0,1.0273626078718563,0.804364580046514,1.2772350167537796,12,81.41816087061305,
ETH,1,LEGACY_SMC,2023-02-28 20:15:00+00:00,2023-02-28 21:00:00+00:00,1631.3161882324218,1620.9280327450922,0.07486423673527567,122.12724130591957,1621.73890219619,1644.0859029473975,SL,-0.7777013316462993,0.12173839064009641,0.0,-0.8383761016334359,0.716996209097902,-1.1692894481105411,3,80.51872114832666,
BTC,1,LEGACY_SMC,2023-03-01 14:45:00+00:00,2023-03-01 15:00:00+00:00,23725.144080000002,23599.713156537935,0.0050907206849927795,120.77808172248999,23611.51891599593,23876.644298672098,SL,-0.6385337966060899,0.12045881482418695,0.0,-0.6986035705690319,0.5784339727312255,-1.2077498962766562,1,79.75972853689639,
BTC,1,LEGACY_SMC,2023-03-01 16:15:00+00:00,2023-03-01 19:45:00+00:00,23613.92184,23453.447756759586,0.005066485508675021,119.63959280534459,23465.18034693305,23812.243830755928,SL,-0.8130396172554624,0.11923307299671687,0.0,-0.872452893849507,0.7535966191623754,-1.1577186941460016,14,78.78765075712126,
ETH,1,LEGACY_SMC,2023-03-01 16:15:00+00:00,2023-03-01 19:45:00+00:00,1647.8495235351563,1636.2531230317495,0.04831155873692931,79.61017904588968,1637.07165886118,1662.2200097671248,SL,-0.5602401840572948,0.07933005895386103,0.0,-0.599765153488211,0.5206954422554868,-1.1518540490583504,14,78.18788560363305,
ETH,1,LEGACY_SMC,2023-03-02 06:15:00+00:00,2023-03-02 12:30:00+00:00,1643.8587353027344,1635.529538020691,0.07134544221274029,117.28182840544957,1636.3477118766293,1653.873433204208,SL,-0.5942502633645426,0.11698470327376731,0.0,-0.6525940524355851,0.5358772878057209,-1.2178050223173094,25,77.47665063699473,
ETH,-1,LEGACY_SMC,2023-03-02 19:15:00+00:00,2023-03-02 19:30:00+00:00,1639.0521288818359,1649.7244744262694,0.04718055060872649,77.33138191705035,1648.0598215138923,1627.0418720390942,SL_GAP,-0.5035271390729605,0.07758314548658683,0.0,-0.5424445936010222,0.4249878980945912,-1.2763765651517167,1,76.83743286445744,
BTC,-1,LEGACY_SMC,2023-03-02 19:15:00+00:00,2023-03-02 20:30:00+00:00,23413.21642,23540.54489748055,0.004963648474039608,116.2149759554921,23528.78050722694,23259.13097036408,SL,-0.6320138029481218,0.11653098285696616,0.0,-0.6904372978273419,0.5736195052177788,-1.2036503144453088,5,76.1469955666301,
BTC,-1,LEGACY_SMC,2023-03-03 14:15:00+00:00,2023-03-03 15:00:00+00:00,22401.71876,22267.634814088,0.0050987379394251955,114.22049334994514,22502.281719434,22267.634814088,TP,0.683658902089349,0.11387866389890047,0.0,0.6268904848654211,0.5127441765670071,1.222618439204247,3,76.67877369484559,
ETH,-1,LEGACY_SMC,2023-03-03 14:15:00+00:00,2023-03-03 15:00:00+00:00,1574.7250310546876,1565.0430690899818,0.04826507387073036,76.00421994994267,1581.986502528217,1565.0430690899818,TP,0.4673006094401274,0.07577056964522261,0.0,0.42953214976987614,0.35047545708009553,1.2255698397497587,3,77.10830584461546,
SOL,-1,LEGACY_SMC,2023-03-03 20:15:00+00:00,2023-03-03 21:00:00+00:00,21.455707084655764,21.264786362095066,5.385013898991515,115.539280863562,21.59889762657629,21.264786362095066,TP,1.02811074459486,0.11502522549126458,0.0,0.9708551595353765,0.7710830584461545,1.2590798733041704,3,78.02139136371905,
XRP,-1,LEGACY_SMC,2023-03-03 21:30:00+00:00,2023-03-03 21:45:00+00:00,0.37149567711353304,0.37345876072281886,315.0294720921135,117.03208704557858,0.37327212466048865,0.3691270803842589,SL,-0.6184291931059929,0.11734130164213158,0.0,-0.6772544512253351,0.5596333329167547,-1.2101753262185986,1,77.28562086897092,
LINK,-1,LEGACY_SMC,2023-03-04 00:15:00+00:00,2023-03-04 00:30:00+00:00,6.961607220745087,6.9983074382596335,16.652538361830878,115.92843130345639,6.994810033243012,6.917336804081187,SL,-0.6111517800485239,0.11623400719348066,0.0,-0.6694215715902764,0.5529111088423757,-1.2107218699075109,1,76.55823508172892,
LINK,-1,LEGACY_SMC,2023-03-04 01:15:00+00:00,2023-03-04 01:45:00+00:00,6.995600817394257,6.949877398326963,10.923248822452656,76.41468839095066,7.029893381694727,6.949877398326963,TP,0.49944828348532294,0.07616496424920799,0.0,0.4614906634315903,0.3745862126139922,1.232001199967155,2,76.92409972465374,
SOL,-1,LEGACY_SMC,2023-03-04 01:15:00+00:00,2023-03-04 04:30:00+00:00,21.464706062698365,21.28023915355942,5.350054749743775,114.83735262259339,21.603056244552572,21.28023915355942,TP,0.9869080634093614,0.1143438985908887,0.0,0.9299828411297695,0.7401810475570163,1.2564261732980033,13,77.85408256578351,
XRP,1,LEGACY_SMC,2023-03-04 18:15:00+00:00,2023-03-04 19:00:00+00:00,0.37596516475081443,0.37391057570159963,310.61687304481126,116.78112384867526,0.37409762451385653,0.3784552184000916,SL,-0.6381900258592113,0.11646202883574566,0.0,-0.6962614927706193,0.5800895086892284,-1.2002656182213904,3,77.09943051108856,
BTC,-1,LEGACY_SMC,2023-03-05 13:45:00+00:00,2023-03-05 19:15:00+00:00,22441.41082,22370.629046226797,0.0051533812510381576,115.64914576663284,22494.497150329902,22370.629046226797,TP,0.36476546587805336,0.11546676303369383,0.0,0.30712327572767595,0.2735740994085306,1.122632867627743,22,77.31025177939347,
ETH,-1,LEGACY_SMC,2023-03-05 13:45:00+00:00,2023-03-05 19:15:00+00:00,1571.3557099365235,1565.9823617848804,0.04897355105037861,76.95486907888025,1575.3857210502558,1565.9823617848804,TP,0.2631519400159502,0.07682329310887229,0.0,0.22480608144651806,0.19736395501196544,1.1390432535307113,22,77.53505786083998,
ETH,-1,LEGACY_SMC,2023-03-05 21:30:00+00:00,2023-03-05 21:45:00+00:00,1570.7058155273437,1562.1800537109375,0.07404479288326371,116.30258679125998,1575.6118722670442,1564.1644065410765,TP_GAP,0.6312882678678354,0.11598694265732606,0.0,0.5734526186061394,0.3632679551646627,1.5785940115367563,1,78.0503591860505,
SOL,-1,LEGACY_SMC,2023-03-06 14:00:00+00:00,2023-03-06 15:45:00+00:00,20.834832901763917,20.972430469553924,5.6192213938593145,117.07553877907574,20.96194949480652,20.665344111040444,SL,-0.773191196668612,0.11746213437741004,0.0,-0.8321155616564841,0.7142962791395105,-1.164944555862599,7,77.1207538476232,
LINK,-1,LEGACY_SMC,2023-03-06 15:30:00+00:00,2023-03-06 15:45:00+00:00,6.9146166893959045,6.952127090996216,11.266570261522734,77.90401476257668,6.948652764613909,6.8692352557718985,SL,-0.422613575167843,0.0781153215501606,0.0,-0.46177688933671523,0.3834698328701223,-1.2042065626922855,1,76.65897695828649,
BTC,-1,LEGACY_SMC,2023-03-07 15:45:00+00:00,2023-03-07 19:45:00+00:00,22321.5348,22113.613023413072,0.004915885721810455,109.7301142122152,22477.4761324402,22113.613023413072,TP,1.0221196927771472,0.10921905436582663,0.0,0.9677656955174282,0.7665897695828648,1.262429703495824,16,77.5718775966978,
ETH,1,LEGACY_SMC,2023-03-08 15:15:00+00:00,2023-03-08 16:30:00+00:00,1561.5522382324218,1552.317493229152,0.07451420038740195,116.35781639504671,1553.0940402492765,1572.8298355432821,SL,-0.6881196397002074,0.11601375657519661,0.0,-0.7459544880778807,0.6302558594324066,-1.1835740626825264,5,76.7677442004224,
SOL,-1,LEGACY_SMC,2023-03-09 07:00:00+00:00,2023-03-09 07:45:00+00:00,18.697260013580323,18.487273707385356,4.874460345628241,91.13905250809782,18.854749743226545,18.487273707385356,TP,1.023569922672316,0.09062726754676168,0.0,0.9785121813796033,0.7676774420042242,1.2746397482058864,3,77.70068685554794,
BTC,-1,LEGACY_SMC,2023-03-09 14:30:00+00:00,2023-03-09 15:45:00+00:00,21741.05092,21629.396460878466,0.0053608738010040005,116.55103028332192,21824.791764341153,21629.396460878466,TP,0.5985654646699101,0.11625174755098697,0.0,0.5405892322605841,0.4489240985024326,1.20418848991163,5,78.14422307363303,
ETH,-1,LEGACY_SMC,2023-03-09 14:30:00+00:00,2023-03-09 15:45:00+00:00,1540.3519021728516,1532.5372718962294,0.05034888323784528,77.55499806769379,1546.2128748803182,1532.5372718962294,TP,0.39345790734458225,0.0773582691140215,0.0,0.3548771372644076,0.29509343050843095,1.2025924692832788,5,78.49910021089744,
XRP,1,LEGACY_SMC,2023-03-09 16:45:00+00:00,2023-03-09 17:15:00+00:00,0.3893878643274307,0.38593953171058604,241.14494037153668,93.8989133246383,0.3861325980095908,0.39372821941788394,SL,-0.8315479632702366,0.09348313934300317,0.0,-0.8780816459509206,0.7849910021089744,-1.1185881667329267,2,77.5740691082842,
XRP,1,LEGACY_SMC,2023-03-09 17:15:00+00:00,2023-03-09 19:00:00+00:00,0.38729743925929067,0.38380651503550883,235.14954081359284,91.07281500010257,0.38399851429265514,0.39169600588147135,SL,-0.820889228237346,0.0906623703859839,0.0,-0.8660151911232786,0.775740691082842,-1.116372005591745,7,76.66251750966087,
LINK,-1,LEGACY_SMC,2023-03-10 07:45:00+00:00,2023-03-10 08:30:00+00:00,6.167766348743439,6.093391928348758,13.743527609418727,84.76686710239919,6.2235471640394495,6.093391928348758,TP,1.0221669001288076,0.0842557836523348,0.0,0.9802945500276724,0.7666251750966088,1.2787142685526045,3,77.60042862613736,
ETH,-1,LEGACY_SMC,2023-03-10 13:45:00+00:00,2023-03-10 14:15:00+00:00,1418.1762689453126,1396.9937484096288,0.048845574346963655,69.27163438186778,1434.0631593470755,1396.9937484096288,TP,1.0346723816818277,0.06875429819102688,0.0,1.0005539006817348,0.7760042862613736,1.2893664614949412,2,78.50406650057552,
BTC,-1,LEGACY_SMC,2023-03-10 14:00:00+00:00,2023-03-10 14:15:00+00:00,20177.9636,19928.4,0.0029049903692443483,58.616789928963016,20358.022429872603,19937.885160169863,TP_GAP,0.7249798545139421,0.05825430000170605,0.0,0.6960339494767176,0.5230691666773194,1.3306728704697288,1,79.20010045005223,
LINK,-1,LEGACY_SMC,2023-03-10 13:45:00+00:00,2023-03-10 14:30:00+00:00,6.202759196186066,6.105479757578539,10.631337778977798,65.94362817631489,6.275718775141711,6.105479757578539,TP,1.0342105707859492,0.0654265228909219,0.0,1.0017558619831848,0.7756579280894643,1.2914918106369724,3,80.20185631203542,
ETH,-1,LEGACY_SMC,2023-03-10 16:45:00+00:00,2023-03-11 00:45:00+00:00,1421.1257521728517,1442.0351594086528,0.03970908423458546,56.43160220097039,1441.314502157574,1394.2074188598885,SL,-0.8302934132216788,0.056846748907581235,0.0,-0.8589243610287749,0.8016767737343251,-1.0714098114976967,32,79.28053721130325,
BTC,-1,LEGACY_SMC,2023-03-10 16:45:00+00:00,2023-03-11 01:00:00+00:00,20093.4805,20339.394746526268,0.003401992860610704,68.3578772058204,20329.23013146054,19779.147658052618,SL,-0.8365985110048199,0.06877617646132281,0.0,-0.8711957488632325,0.8020185631203542,-1.0862538461375952,33,78.40934146244003,
ETH,-1,LEGACY_SMC,2023-03-11 01:00:00+00:00,2023-03-11 01:30:00+00:00,1435.7128,1450.5999440996366,0.055365200986908884,79.48852773147772,1449.8750065963384,1416.8298578715487,SL,-0.824229725197452,0.07990064259407645,0.0,-0.8643861039257895,0.7840934146244003,-1.1024019431917451,2,77.46464641019698,
LINK,-1,LEGACY_SMC,2023-03-11 01:15:00+00:00,2023-03-11 01:30:00+00:00,6.264746594047547,6.328425617294155,12.950143742463467,81.12936890302416,6.325262985801254,6.184058071709271,SL,-0.8246525044232436,0.08154169515523578,0.0,-0.8656295151269673,0.7836959719857428,-1.1045476129392624,1,76.59901689507001,
BTC,-1,LEGACY_SMC,2023-03-11 01:30:00+00:00,2023-03-11 01:45:00+00:00,20343.73044,20611.600649999997,0.004888014287491513,99.440445051596,20500.438281650724,20134.786651132366,SL_GAP,-1.3093534136733387,0.10009512175843267,0.0,-1.3597283129059734,0.7659901689507,-1.7751250185999279,1,75.1513698787674,
ETH,-1,LEGACY_SMC,2023-03-11 01:30:00+00:00,2023-03-11 01:45:00+00:00,1444.581021118164,1465.0821505737304,0.05288520382371108,76.39696174169877,1459.0556361593985,1425.2815343965178,SL_GAP,-1.084206409873913,0.07693906494663573,0.0,-1.1229469939496994,0.7654929667254422,-1.46695925731799,1,74.0284228848177,
BTC,-1,LEGACY_SMC,2023-03-11 02:00:00+00:00,2023-03-11 03:00:00+00:00,20575.884000000002,20322.00389633352,0.0038878416394571257,79.99577858383965,20766.294077749862,20322.00389633352,TP,0.987045638464236,0.07950225576460754,0.0,0.9475412719915483,0.740284228848177,1.2799695509734776,4,74.8884693131734,
XRP,-1,LEGACY_SMC,2023-03-11 02:00:00+00:00,2023-03-11 03:00:00+00:00,0.3726154541909695,0.36874584037882896,254.93818793456876,94.99390868786207,0.37551766455007485,0.36874584037882896,TP,0.9865123332736818,0.09450065252122523,0.0,0.9395086350963876,0.7398842499552578,1.2698048852279278,4,75.82797794826979,
SOL,-1,LEGACY_SMC,2023-03-11 18:15:00+00:00,2023-03-11 18:30:00+00:00,17.668466484832763,17.941763953200866,2.868674426567776,50.685077961709595,17.932797554423654,17.316025058711574,SL,-0.7840014583532925,0.05107707869088624,0.0,-0.809735998063324,0.7582797794826979,-1.0678591464165506,1,74.99289941122562,
LINK,-1,LEGACY_SMC,2023-03-11 19:15:00+00:00,2023-03-11 20:30:00+00:00,6.074785013580322,6.132357151366472,13.758273826453161,83.57855565367205,6.1292925051139155,6.0021083582021975,SL,-0.7920932364361426,0.08397460227189013,0.0,-0.8342785608811967,0.7499289941122562,-1.1124767377060691,5,74.11683157251758,
XRP,-1,LEGACY_SMC,2023-03-12 00:15:00+00:00,2023-03-12 07:45:00+00:00,0.36387722411155704,0.3608999110864553,305.5295577518542,111.17524735877637,0.36611020888038337,0.3608999110864553,TP,0.9096571318481684,0.11072041879285228,0.0,0.8545243367347043,0.6822428488861348,1.2525222332925074,30,74.9157682855729,
SOL,1,LEGACY_SMC,2023-03-12 08:00:00+00:00,2023-03-12 09:00:00+00:00,17.909581337356567,18.137847151024623,4.37593739694572,78.37120673777974,17.738381977105522,18.137847151024623,TP,0.9988769104742897,0.0788706451930169,0.0,0.9591918686501627,0.7491576828557289,1.2803604509451205,4,75.83577455085417,
XRP,-1,LEGACY_SMC,2023-03-12 18:45:00+00:00,2023-03-12 22:15:00+00:00,0.3612377431869507,0.3654378760411654,188.7633499128907,68.18844651894132,0.36525524841695695,0.3558810695469423,SL,-0.7928311476407619,0.06858486209276171,0.0,-0.827321786474053,0.7583577455085417,-1.0909386649954569,14,74.97435854112064,
XRP,1,LEGACY_SMC,2023-03-13 08:30:00+00:00,2023-03-13 08:45:00+00:00,0.3665332875072956,0.36370161399575845,282.95075153828964,103.71086916398927,0.3638835557736453,0.3700662631521627,SL,-0.8012241482004971,0.10331025708988903,0.0,-0.8526789707083915,0.7497435854112062,-1.1372941193497896,1,74.06982413583025,
BTC,1,LEGACY_SMC,2023-03-13 10:30:00+00:00,2023-03-13 13:00:00+00:00,22009.30098,22291.474147022363,0.0034999701267347505,77.03189594031387,21797.67110473323,22291.474147022363,TP,0.9875976551444074,0.07752569476788607,0.0,0.9485879083466783,0.7406982413583024,1.2806671534782437,10,74.97989609620677,
SOL,1,LEGACY_SMC,2023-03-13 13:00:00+00:00,2023-03-13 13:15:00+00:00,19.105819682693483,19.466113484482594,2.7747686554280198,53.01422959179759,18.83559933135165,19.466113484482594,TP,0.9997319479494237,0.0535140955657723,0.0,0.9727249671795501,0.7497989609620678,1.2973143706833707,1,75.92611394859041,
LINK,1,LEGACY_SMC,2023-03-14 01:15:00+00:00,2023-03-14 05:00:00+00:00,6.70934178314209,6.7970192966288066,11.546269342305013,77.46786733773956,6.643583648027053,6.7970192966288066,TP,1.012348185981209,0.07797404143073017,0.0,0.9731080782193485,0.7592611394859041,1.281651368168586,15,76.8604880931409,
LINK,1,LEGACY_SMC,2023-03-14 05:30:00+00:00,2023-03-14 07:45:00+00:00,6.721343790149689,6.658573835330947,12.930985541064278,86.91359936694779,6.661904787724809,6.800595793382863,SL,-0.8116773781744069,0.08650776067786059,0.0,-0.8547283391687935,0.768604880931409,-1.1120516670841571,9,75.91030742159619,
XRP,1,LEGACY_SMC,2023-03-14 05:30:00+00:00,2023-03-14 08:00:00+00:00,0.36980394172668457,0.3668887054488799,281.20594090846765,103.99106538491247,0.3670722415696647,0.373446208602711,SL,-0.8197817604705573,0.1035811745046772,0.0,-0.8713674022827782,0.7681703129345744,-1.1343414183164264,10,75.03894001931342,
LINK,1,LEGACY_SMC,2023-03-14 08:00:00+00:00,2023-03-14 08:15:00+00:00,6.688337197780609,6.6136916029453285,3.08435437616245,20.62920210522472,6.635038105534811,6.7594026541083405,SL_GAP,-0.23023346709144776,0.020514085371678994,0.0,-0.2404329514105144,0.16439328841381481,-1.4625472470949707,1,74.70481261769022,
ETH,1,LEGACY_SMC,2023-03-14 08:00:00+00:00,2023-03-14 10:45:00+00:00,1667.7734293945311,1683.6048244511085,0.06319842292368608,105.40065053176188,1655.8998831020983,1683.6048244511085,TP,1.0005192002575265,0.10590091013189065,0.0,0.9473186153915167,0.7503894001931342,1.2624360300767805,11,75.65213123308175,
SOL,1,LEGACY_SMC,2023-03-14 08:00:00+00:00,2023-03-14 12:30:00+00:00,20.01300257835388,20.339104946285744,3.065959120734981,61.35904778839677,19.768425802404984,20.339104946285744,TP,0.9998165292539709,0.06185895605302376,0.0,0.9686370970951456,0.7498623969404754,1.2917531283703463,18,76.62076833017689,
BTC,1,LEGACY_SMC,2023-03-14 19:30:00+00:00,2023-03-14 19:45:00+00:00,24477.29448,25068.517419420383,0.0017279611061842613,42.295812846058716,24033.877275434712,25068.517419420383,TP,1.0216102444023543,0.042806617968259894,0.0,0.9999515328571237,0.7662076833017689,1.3050659170475785,1,77.59957195661099,
BTC,1,LEGACY_SMC,2023-03-14 21:15:00+00:00,2023-03-15 01:15:00+00:00,24299.658959999997,24987.00075469273,0.0015053077921502007,36.578465979080434,23784.152613980445,24987.00075469273,TP,1.0346609594214744,0.03709579645879117,0.0,1.0158543959522235,0.7759957195661099,1.309097937447681,16,78.57396080430914,
SOL,1,LEGACY_SMC,2023-03-15 10:00:00+00:00,2023-03-15 11:00:00+00:00,20.750149489974977,20.508067868751407,2.119720385429335,43.98451487460608,20.51832703226754,21.05924610025156,SL,-0.5131453474453825,0.043727942200883385,0.0,-0.5348810322089629,0.49139878940278514,-1.0884866705899363,4,77.96410486467181,
ETH,1,LEGACY_SMC,2023-03-14 21:15:00+00:00,2023-03-15 11:15:00+00:00,1684.7968529296875,1655.7697872820988,0.02751229648159305,46.35263052905648,1656.5980863252614,1722.3952084022555,SL,-0.7986012360871234,0.04595332991101292,0.0,-0.821378250733608,0.7758128272362145,-1.0587324956455253,56,77.14272661393821,
BTC,1,LEGACY_SMC,2023-03-15 10:00:00+00:00,2023-03-15 11:15:00+00:00,24519.4029,24325.421133927608,0.00432169169919438,105.96529998213262,24337.589928892052,24761.8201948106,SL,-0.8383293882301266,0.10554613528801757,0.0,-0.8908928735270778,0.7857396080430914,-1.13382711576151,5,76.25183374041113,
ETH,1,LEGACY_SMC,2023-03-15 11:15:00+00:00,2023-03-15 11:30:00+00:00,1676.1651220458984,1658.6202261962892,0.0631925773709029,105.92119416129435,1664.098541299736,1692.253896374115,SL_GAP,-1.1087071884408657,0.1053668405670739,0.0,-1.1611134319272924,0.7625183374041112,-1.5227350936636401,1,75.0377597114032,
BTC,1,LEGACY_SMC,2023-03-15 11:45:00+00:00,2023-03-15 12:30:00+00:00,24605.820180000002,24919.07200704217,0.003193926982855337,78.58919300818837,24370.881309718377,24919.07200704217,TP,1.000503462818713,0.07908944473959774,0.0,0.9607086145832096,0.750377597114032,1.2803002358787297,3,75.91640281625291,
ETH,1,LEGACY_SMC,2023-03-15 11:45:00+00:00,2023-03-15 12:30:00+00:00,1671.1641220458985,1690.6999443520997,0.051186969209271495,85.54182645880263,1656.5122553162475,1690.6999443520997,TP,0.9999795348653214,0.0860418162262353,0.0,0.9567086318684874,0.749984651148991,1.2756376152535804,3,76.8731114481214,
SOL,1,LEGACY_SMC,2023-03-15 13:00:00+00:00,2023-03-15 14:30:00+00:00,20.531105827331544,20.169795322485957,2.1887417685270587,44.937288878329845,20.179885265118514,20.999399910282246,SL,-0.7908153933631348,0.04454188118164828,0.0,-0.8128886301056182,0.7687311144812141,-1.057442081883474,6,76.03775417357663,
XRP,-1,LEGACY_SMC,2023-03-16 05:00:00+00:00,2023-03-16 06:00:00+00:00,0.3628374204695225,0.36544839640843657,248.53602144937113,90.17816891644773,0.3652657635266733,0.35959962972665477,SL,-0.64892157195774,0.09050262970242662,0.0,-0.6943351172019427,0.6035307221384586,-1.1504552986826284,4,75.24843423333095,
SOL,-1,LEGACY_SMC,2023-03-16 03:15:00+00:00,2023-03-16 07:15:00+00:00,19.292140327072143,19.571346085264118,2.8213818533253243,54.43049463060703,19.561565302612813,18.93290702635125,SL,-0.7877460595067747,0.05482436766036042,0.0,-0.8153551798518316,0.7601507368230642,-1.072623021138526,16,74.43307905347912,
BTC,1,LEGACY_SMC,2023-03-15 17:15:00+00:00,2023-03-16 09:30:00+00:00,24313.46172,24856.877646150933,0.001865673554132754,45.36098254042306,23905.8997753868,24856.877646150933,TP,1.0138367223143552,0.045867900901580244,0.0,0.9906493126829865,0.7603775417357663,1.3028387324822388,65,75.39389576898343,
SOL,-1,LEGACY_SMC,2023-03-16 07:15:00+00:00,2023-03-16 09:30:00+00:00,19.440111444091798,19.692470589687787,3.0691796458556766,59.66519435737255,19.682629275050264,19.116754336147174,SL,-0.7745355531087381,0.060052462133926926,0.0,-0.8047554180639788,0.7443307905347912,-1.0811798037882772,9,74.58914035091945,
LINK,-1,LEGACY_SMC,2023-03-16 09:45:00+00:00,2023-03-16 12:45:00+00:00,6.640671798324585,6.551638864319307,11.170269546397694,74.17809395644713,6.707446498828544,6.551638864319307,TP,0.9945218713455927,0.07368083302077433,0.0,0.9579300853030419,0.7458914035091945,1.2842755403752735,12,75.50998138924427,
LINK,-1,LEGACY_SMC,2023-03-16 19:30:00+00:00,2023-03-16 20:45:00+00:00,6.650669550418854,6.568384309750418,12.235484075612538,81.3741613763111,6.712383480920181,6.568384309750418,TP,1.006799751856594,0.08087076150038279,0.0,0.9666160710443669,0.7550998138924427,1.2801169504486896,5,76.43591037960049,
BTC,1,LEGACY_SMC,2023-03-18 08:30:00+00:00,2023-03-18 12:30:00+00:00,27247.4484,27530.63796463587,0.003598810122253056,98.05839310748783,27035.0562265231,27530.63796463587,TP,1.0191454717279977,0.09856796584335184,0.0,0.9696067024383899,0.7643591037960049,1.2685224753954945,16,77.35648788548512,
LINK,1,LEGACY_SMC,2023-03-18 15:30:00+00:00,2023-03-18 15:45:00+00:00,7.070413567256927,6.971512404680253,10.0179579773199,70.83110599905238,6.993195746958004,7.173370660988824,SL_GAP,-0.9907876906012084,0.07033571215375178,0.0,-1.025707849755434,0.7735648788548513,-1.325949351880922,1,76.29536448273016,
BTC,1,LEGACY_SMC,2023-03-18 16:45:00+00:00,2023-03-18 17:30:00+00:00,27290.35698,26974.55192524091,0.002523737358582236,68.87369343947148,26988.045948215018,27693.43835571331,SL,-0.7970090147246245,0.06847518893210917,0.0,-0.8310473569369979,0.7629536448273017,-1.0892501301636872,3,75.36905344917618,
ETH,1,LEGACY_SMC,2023-03-18 16:45:00+00:00,2023-03-18 17:30:00+00:00,1787.6675206054688,1765.0393395482126,0.03507020299748171,62.693862839638605,1765.922300698562,1816.6611471480112,SL,-0.7935749031417432,0.06229707538806774,0.0,-0.8245250471099916,0.7626092763601042,-1.0811893753055408,3,74.54452840206619,
SOL,1,LEGACY_SMC,2023-03-18 16:45:00+00:00,2023-03-18 22:45:00+00:00,21.950388345336915,21.490785170041363,1.6983217525473187,37.278822003746825,21.501535938010367,22.54885822177231,SL,-0.7805540701442542,0.0368885449686747,0.0,-0.7988032041110554,0.762295807045906,-1.0478913785537205,24,73.74572519795514,
XRP,1,LEGACY_SMC,2023-03-18 16:45:00+00:00,2023-03-19 05:45:00+00:00,0.37629523186683655,0.38204059463243295,57.61692712276355,21.680974951114933,0.37198620979263924,0.38204059463243295,TP,0.33103014775920675,0.021846490024994537,0.0,0.3200241452097697,0.24827261081940588,1.2890030203233174,52,74.06574934316491,
SOL,1,LEGACY_SMC,2023-03-19 11:15:00+00:00,2023-03-19 11:45:00+00:00,21.43028579521179,21.76980302611565,2.908669235863268,62.33361300829013,21.1756478720339,21.76980302611565,TP,0.9875433245755391,0.0628273846705779,0.0,0.9558827464091062,0.7406574934316491,1.2905867487821736,2,74.99046528306987,
SOL,1,LEGACY_SMC,2023-03-20 00:00:00+00:00,2023-03-20 01:15:00+00:00,21.87137397994995,22.25029876007624,2.6387106963753646,57.71222846531976,21.58718039485523,22.25029876007624,TP,0.9998728704409253,0.05821216490054022,0.0,0.9705168197730449,0.7499046528306986,1.2941869557811005,5,75.86732468105149,
SOL,1,LEGACY_SMC,2023-03-20 01:15:00+00:00,2023-03-20 01:45:00+00:00,21.951389903640745,22.358327734202202,2.485795748419413,54.566671694366995,21.646186530719653,22.358327734202202,TP,1.0115643290806895,0.05507245385890734,0.0,0.9837752110689657,0.7586732468105148,1.2967047608503217,2,76.82381655627326,
LINK,1,LEGACY_SMC,2023-03-20 00:00:00+00:00,2023-03-20 02:15:00+00:00,7.085416910648346,7.184680233640695,10.069057655144112,71.34347138405127,7.010969418404083,7.184680233640695,TP,0.9994881222511629,0.07184321544517686,0.0,0.9633166424980116,0.7496160916883722,1.2850799938516773,9,77.78713319877127,
XRP,1,LEGACY_SMC,2023-03-20 00:15:00+00:00,2023-03-20 02:30:00+00:00,0.38864772466421127,0.3843164453620318,149.90218657224204,58.25914373349195,0.3845086997118877,0.39416642460064266,SL,-0.6492682380517971,0.057934509614466057,0.0,-0.6780731757995172,0.6204488906303692,-1.0928751522314792,9,77.06871189195957,
BTC,1,LEGACY_SMC,2023-03-20 02:15:00+00:00,2023-03-20 02:30:00+00:00,27743.34756,27462.177701622324,0.0029086706948345037,80.69626202438033,27475.91565945205,28099.923427397265,SL,-0.8178305273339087,0.08028734676071338,0.0,-0.8577697430824319,0.7778713319877127,-1.102714173680309,1,76.21094214887714,
XRP,1,LEGACY_SMC,2023-03-20 02:45:00+00:00,2023-03-20 03:30:00+00:00,0.3848169430017471,0.38067797181176416,193.01058189466517,74.2737420916934,0.3808684060147715,0.39008165898438124,SL,-0.7988652378238669,0.07387430947278148,0.0,-0.8356026762508016,0.7621094214887714,-1.0964339931901932,3,75.33820260158049,
BTC,1,LEGACY_SMC,2023-03-20 03:30:00+00:00,2023-03-20 06:45:00+00:00,27281.755259999998,27664.727846819354,0.002622927600024006,71.5580688485541,26994.525819885483,27664.727846819354,TP,1.0045093680210797,0.07206032353256464,0.0,0.9682280789127922,0.753382026015805,1.2851754428403102,13,76.25612981544411,
SOL,1,LEGACY_SMC,2023-03-20 04:15:00+00:00,2023-03-20 07:15:00+00:00,21.866371911621094,22.62228707690961,1.3282341198241951,29.04366124978055,21.29943553765471,22.62228707690961,TP,1.0040323142287544,0.029545677406894927,0.0,0.9890084674467498,0.7530242356715622,1.3133819877188044,12,77.24513828289086,
BTC,1,LEGACY_SMC,2023-03-20 16:15:00+00:00,2023-03-20 18:45:00+00:00,27609.0207,28000.55537629914,0.0026305082013178393,72.625755381704,27315.369692775646,28000.55537629914,TP,1.0299351771052117,0.07314072297025662,0.0,0.993107331825807,0.7724513828289087,1.285656746692331,10,78.18437489484587,
SOL,1,LEGACY_SMC,2023-03-20 18:30:00+00:00,2023-03-20 19:15:00+00:00,22.560510955810546,22.053440956262886,1.5565110395191983,35.11568435991293,22.064473192859314,23.221894639745525,SL,-0.789260052104928,0.03472105433386047,0.0,-0.806423264258832,0.7720882540520002,-1.0444703180324764,3,77.37795163058705,
XRP,-1,LEGACY_SMC,2023-03-21 01:45:00+00:00,2023-03-21 02:15:00+00:00,0.37953408004045486,0.3829840841388092,237.45709045451866,90.12305837473882,0.38279268779491177,0.375189269701179,SL,-0.8192279352513845,0.0905326723423645,0.0,-0.8646990784063796,0.7737795163058705,-1.1175006060312525,2,76.46819102299331,
XRP,1,LEGACY_SMC,2023-03-22 09:30:00+00:00,2023-03-22 12:00:00+00:00,0.4467693453669548,0.4388493627853728,99.30355961445821,44.36578632155986,0.4390688972339898,0.45703660954424147,SL,-0.7864824624355985,0.04397254509034206,0.0,-0.8082721143651607,0.7646819102299331,-1.057004361620272,10,75.63773601546737,
XRP,1,LEGACY_SMC,2023-03-22 12:15:00+00:00,2023-03-22 15:30:00+00:00,0.44590916774868966,0.43796775644521113,97.94693407484205,43.67543585684859,0.43818684987014617,0.45620559158674767,SL,-0.777836889403017,0.043286517412147084,0.0,-0.7992856888867398,0.7563773601546737,-1.056728732233989,13,74.8166126086522,
ETH,1,LEGACY_SMC,2023-03-22 18:00:00+00:00,2023-03-22 18:30:00+00:00,1788.0875264648437,1772.5610396942047,0.05110507128884526,91.38034051068082,1773.4477635759927,1807.607210316645,SL,-0.7934822132788159,0.09098359940404141,0.0,-0.8387756424275169,0.7481661260865221,-1.1211088195277585,2,73.912681274901,
XRP,1,LEGACY_SMC,2023-03-22 18:15:00+00:00,2023-03-22 18:30:00+00:00,0.43793756847381593,0.429311780434054,88.89632892733124,38.93104213668399,0.4295265437059069,0.44915226816436127,SL,-0.766800890840117,0.03854764169126393,0.0,-0.785883011463039,0.7477092243839687,-1.0510543214315984,1,73.12679826343796,
BTC,1,LEGACY_SMC,2023-03-22 18:45:00+00:00,2023-03-22 19:00:00+00:00,28205.53998,27854.696595312857,0.002170520325563973,61.22069782009726,27868.63091076824,28654.752072309017,SL,-0.7615126975531079,0.0608399414713207,0.0,-0.79174229011438,0.7312679826343798,-1.0826978739888797,1,72.24553807232493,
SOL,1,LEGACY_SMC,2023-03-22 18:45:00+00:00,2023-03-22 19:00:00+00:00,22.447489393615722,22.01605086296464,1.738626108899474,39.02779113898432,22.02706439516222,23.00805605822039,SL,-0.7501102937751974,0.03865273599209672,0.0,-0.769249134197802,0.7309618791452792,-1.0523792774218164,1,71.47628893812713,
LINK,1,LEGACY_SMC,2023-03-22 18:45:00+00:00,2023-03-22 19:00:00+00:00,7.40548060541153,7.279601944864001,5.978275877569563,44.27200606514099,7.283243566647324,7.568463323763803,SL,-0.752537359852059,0.04389573738521496,0.0,-0.7742970942047035,0.7307667401895843,-1.0595680558803566,1,70.70199184392243,
XRP,1,LEGACY_SMC,2023-03-22 18:45:00+00:00,2023-03-22 19:00:00+00:00,0.43788755017519,0.42840498377910546,78.82230714085328,34.515306973064625,0.42861929342581834,0.4502452258410189,SL,-0.7474377609557086,0.03414158809258677,0.0,-0.764321695561763,0.7305453801592587,-1.0462343836807797,1,69.93767014836067,
XRP,-1,LEGACY_SMC,2023-03-23 05:45:00+00:00,2023-03-23 06:30:00+00:00,0.4251949487388134,0.43011527163959984,148.63364500994228,63.1982750708654,0.4299003214788604,0.41892111841875074,SL,-0.7313255273697786,0.06356393783455028,0.0,-0.7632903276688963,0.6993767014836066,-1.0913865532690865,3,69.09035112989821,
ETH,-1,LEGACY_SMC,2023-03-23 06:00:00+00:00,2023-03-23 10:00:00+00:00,1748.6201767089844,1759.193436261584,0.05996677146525292,104.85910651623784,1758.3142791220232,1735.6947068249328,SL,-0.6340442392335465,0.10517612863585463,0.0,-0.6867908146112822,0.5813240239634524,-1.1814251369292463,16,68.36962692963267,
BTC,-1,LEGACY_SMC,2023-03-23 08:15:00+00:00,2023-03-23 13:15:00+00:00,27613.9761,27408.864430974154,0.0024576964600366864,67.86677130850767,27767.809851769387,27408.864430974154,TP,0.504102222877038,0.06761472019706916,0.0,0.4704208883342227,0.37807666715778515,1.2442473423992042,20,68.78877059776967,
ETH,-1,LEGACY_SMC,2023-03-23 10:15:00+00:00,2023-03-23 13:15:00+00:00,1753.9690822998048,1744.2760431965412,0.05846992482899391,102.55444039444902,1761.2388616272524,1744.2760431965412,TP,0.5667512677323197,0.10227106476058286,0.0,0.5157574231689613,0.42506345079923635,1.2133657273971576,12,69.30452802093863,
LINK,1,LEGACY_SMC,2023-03-24 07:45:00+00:00,2023-03-24 08:00:00+00:00,7.463492293167114,7.416530162648927,13.92870628761568,103.95679203140796,7.4202402827903216,7.521161640336171,SL,-0.6541217226285009,0.10362973117009372,0.0,-0.7057730577828906,0.6024445488872499,-1.1715153852524594,1,68.54677656714004,
ETH,1,LEGACY_SMC,2023-03-24 08:15:00+00:00,2023-03-24 08:30:00+00:00,1808.0614911621094,1799.924629108818,0.05686762610303903,102.82016485071006,1800.8250416296328,1817.710090538745,SL,-0.46272402889858477,0.10258880283626076,0.0,-0.5139027493094905,0.4115197063263924,-1.2487925642663977,1,67.9814637354052,
LINK,1,LEGACY_SMC,2023-03-24 08:30:00+00:00,2023-03-24 08:45:00+00:00,7.41848321685791,7.367016649259256,13.745693374541057,101.97219560310779,7.370702000259385,7.482191505655942,SL,-0.7074436572511859,0.10161847377448219,0.0,-0.7580760332241141,0.6567859524258497,-1.154220839261479,1,67.17240160437953,
BTC,1,LEGACY_SMC,2023-03-24 09:00:00+00:00,2023-03-24 11:45:00+00:00,28038.706619999997,27879.13434828312,0.003593553860102029,100.7586024065693,27893.080888727483,28232.874261696685,SL,-0.573431552993428,0.10047188663007259,0.0,-0.6235241384202159,0.5233139087445228,-1.1914916229077621,11,66.49849816475603,
XRP,-1,LEGACY_SMC,2023-03-25 03:30:00+00:00,2023-03-25 04:15:00+00:00,0.4278244180858135,0.43193644206034304,170.67685950644523,73.01972809905908,0.4317205817694583,0.4226295331742871,SL,-0.7018273381879115,0.07337064176815304,0.0,-0.738688115906535,0.6649849816475603,-1.1108342839207717,3,65.72330018479995,
SOL,-1,LEGACY_SMC,2023-03-25 13:45:00+00:00,2023-03-25 14:00:00+00:00,20.77984359664917,20.946762544091257,4.200892554237371,87.2938902433806,20.936294396892812,20.571242529657646,SL,-0.7012085634706076,0.08764449452511591,0.0,-0.7452061128740332,0.6572330018479996,-1.1338537638534156,1,64.93444712680423,
BTC,-1,LEGACY_SMC,2023-03-25 14:00:00+00:00,2023-03-25 15:45:00+00:00,27559.58698,27702.70042247291,0.0035342209867256272,97.40167069020634,27688.855994475674,27387.228294032433,SL,-0.5057945318703087,0.0976545679561415,0.0,-0.554748264481347,0.45686526389326715,-1.2142491634272008,7,64.29859167945855,
ETH,-1,LEGACY_SMC,2023-03-25 14:00:00+00:00,2023-03-25 15:45:00+00:00,1753.8691267089844,1763.4058445430474,0.03695412277429049,64.81269503844146,1762.5245822519214,1742.3285193184017,SL,-0.3524210417037292,0.06498890555929332,0.0,-0.38500359974380177,0.3198547668011083,-1.203682545032084,7,63.91358807971475,
BTC,-1,LEGACY_SMC,2023-03-25 16:00:00+00:00,2023-03-25 17:15:00+00:00,27639.27104,27452.3257082519,0.0034686291827605354,95.87038211957213,27779.480038811074,27452.3257082519,TP,0.6484440332823037,0.09554616010293099,0.0,0.6008330642391588,0.4863330249617309,1.2354354596553212,5,64.43458907784309,
ETH,-1,LEGACY_SMC,2023-03-25 16:00:00+00:00,2023-03-25 17:30:00+00:00,1754.2290400634765,1741.6942800030902,0.036365690366040745,63.793750102065275,1763.6301101087663,1741.6942800030902,TP,0.4558352031686246,0.06356583250048095,0.0,0.42416624571917627,0.34187640237646844,1.2407005653817886,6,64.85875532356226,
LINK,-1,LEGACY_SMC,2023-03-26 01:45:00+00:00,2023-03-26 06:15:00+00:00,7.1405717983245856,7.191301590433435,13.624697815960678,97.2881329853434,7.1877077365651525,7.077723880670496,SL,-0.691178087749577,0.09763372202921819,0.0,-0.7401677432861234,0.6422129147995098,-1.1525270299448802,18,64.06994351378347,
SOL,-1,LEGACY_SMC,2023-03-26 06:15:00+00:00,2023-03-26 08:30:00+00:00,20.78384250679016,20.92102473092766,4.624020569790083,96.1049152706752,20.91056944620456,20.614873254237633,SL,-0.6343334262213405,0.09642208198378588,0.0,-0.6827030505697887,0.5859879745987115,-1.1650461786989883,9,63.33918800557834,
SOL,-1,LEGACY_SMC,2023-03-26 09:00:00+00:00,2023-03-26 13:30:00+00:00,20.86582683906555,21.005687730365985,4.553319776932566,95.00878200836752,20.995190135298337,20.693342444088504,SL,-0.636831362377678,0.09532719768955636,0.0,-0.6846541690630507,0.5890324551459285,-1.1623369189282322,18,62.60702944551111,
XRP,1,LEGACY_SMC,2023-03-26 14:45:00+00:00,2023-03-26 16:45:00+00:00,0.44799959281682966,0.4436383535265744,151.2499482417063,67.75991522585099,0.4438602836684086,0.4535186716813911,SL,-0.6596372169208072,0.06743009661739058,0.0,-0.6931873559252724,0.6260702944551111,-1.107203715085341,8,61.87996213197291,
BTC,1,LEGACY_SMC,2023-03-27 06:15:00+00:00,2023-03-27 09:15:00+00:00,27757.450380000002,27913.75041195151,0.0033439650229849156,92.81994319795936,27640.22535603637,27913.75041195151,TP,0.5226618399372694,0.09308127411792799,0.0,0.47599053741832115,0.391996379952949,1.2142727886299713,12,62.309542697792246,
BTC,1,LEGACY_SMC,2023-03-27 13:45:00+00:00,2023-03-27 14:00:00+00:00,27794.0577,27650.495034414656,0.003362744477812909,93.46431404668837,27664.327198013663,27967.03170264845,SL,-0.4827645609172196,0.09322293176622976,0.0,-0.5292553356601052,0.4362505291584544,-1.213191274933376,1,61.7335552051088,
ETH,-1,LEGACY_SMC,2023-03-28 01:45:00+00:00,2023-03-28 06:00:00+00:00,1719.7959866455078,1730.9689845850232,0.05384378933706071,92.6003328076632,1730.103932618714,1706.052058681233,SL,-0.601596547318682,0.09290113108132253,0.0,-0.6481975119961729,0.5550188714791172,-1.1678837338786985,17,61.00824862431425,
SOL,-1,LEGACY_SMC,2023-03-28 01:45:00+00:00,2023-03-28 06:15:00+00:00,19.879022820281982,20.070536763033843,3.099639521829635,61.61780478909924,20.060506509778953,19.637044567619352,SL,-0.5936241859350867,0.061914616882066786,0.0,-0.6247299004226039,0.5625340165322709,-1.1105637740340366,18,60.38351872389165,
LINK,-1,LEGACY_SMC,2023-03-28 06:15:00+00:00,2023-03-28 08:30:00+00:00,6.885622683906555,6.831055248409133,9.013604107677777,62.0642769075794,6.926548260529621,6.831055248409133,TP,0.49184926074500246,0.0618183522772069,0.0,0.4610630469215853,0.36888694555875184,1.2498762899381397,9,60.76915786212117,
SOL,-1,LEGACY_SMC,2023-03-28 06:15:00+00:00,2023-03-28 09:45:00+00:00,19.96400681190491,19.78296770298,4.447180433920247,88.78354047655404,20.099786143598593,19.78296770298,TP,0.8051135829852167,0.08838098368506143,0.0,0.7611243695384323,0.6038351872389165,1.2604836313344587,14,61.5302822316596,
ETH,-1,LEGACY_SMC,2023-03-28 11:30:00+00:00,2023-03-28 11:45:00+00:00,1730.413857763672,1740.5413017614555,0.053337196147266674,92.29542334748939,1739.6714660284415,1718.0703800773126,SL,-0.5401694669802387,0.09256550808097952,0.0,-0.5865872633874736,0.49377486787256725,-1.1879650050128903,1,60.89754725659838,
ETH,-1,LEGACY_SMC,2023-03-28 11:45:00+00:00,2023-03-28 12:00:00+00:00,1731.7435478271484,1746.3326909179686,0.052748180294658255,91.34632088489757,1741.0770417390215,1719.2988892779842,SL_GAP,-0.769550750099154,0.09173109625994715,0.0,-0.8156086859166524,0.4923248196425785,-1.6566475086687154,1,60.03626541023928,
SOL,-1,LEGACY_SMC,2023-03-28 12:15:00+00:00,2023-03-28 13:15:00+00:00,20.097978882980346,19.86585548991338,2.981578285134955,59.923697412595075,20.27207142778057,19.86585548991338,TP,0.6920940682403147,0.05957765037847492,0.0,0.6624782665681374,0.5190705511802334,1.2762778875854768,4,60.62375462904344,
BTC,-1,LEGACY_SMC,2023-03-28 12:00:00+00:00,2023-03-28 17:15:00+00:00,27048.38924,26825.696057939404,0.0033293811811234836,90.05439811535892,27215.409126545448,26825.696057939404,TP,0.741430489517057,0.0896836828706004,0.0,0.6967740057041361,0.5560728671377928,1.2530264411039462,21,61.320528634747575,
XRP,1,LEGACY_SMC,2023-03-29 15:15:00+00:00,2023-03-29 20:00:00+00:00,0.538957779443264,0.5551368608591322,50.53482502791582,27.23613708159939,0.5268234683813628,0.5551368608591322,TP,0.8176070484633047,0.027644940605831045,0.0,0.8035801763982733,0.6132052863474757,1.3104586576295767,19,62.110490742605045,
SOL,1,LEGACY_SMC,2023-03-29 22:15:00+00:00,2023-03-30 00:45:00+00:00,21.055210795211792,20.88837991395879,3.971729649138405,83.62560498420169,20.8988293286231,21.263719417330048,SL,-0.6626071574644372,0.08329430140546948,0.0,-0.7040886563778058,0.6211049074260505,-1.1336066547850219,10,61.34671809915724,
XRP,1,LEGACY_SMC,2023-03-29 22:15:00+00:00,2023-03-30 01:00:00+00:00,0.5412282167315483,0.531563562997513,66.0393675917892,35.74236915578327,0.5318294777363811,0.5537598687251045,SL,-0.6382476205893189,0.035423245345488616,0.0,-0.6557996813569159,0.6206867794011294,-1.0565710485885735,11,60.690918417800326,
ETH,1,LEGACY_SMC,2023-03-30 01:00:00+00:00,2023-03-30 02:15:00+00:00,1785.3770235351562,1798.670181777699,0.050990001790458164,91.03637762670049,1775.407154853249,1798.670181777699,TP,0.6778181625881041,0.09137528670799454,0.0,0.6319610646934598,0.508363621941081,1.2431280237567897,5,61.24707273220754,
SOL,1,LEGACY_SMC,2023-03-30 01:15:00+00:00,2023-03-30 02:15:00+00:00,20.837166783142088,21.09150581538327,2.9071669664215447,60.57712294576696,20.6464125089612,21.09150581538327,TP,0.7394060328031938,0.06094682596216856,0.0,0.7087477683139087,0.5545545246024005,1.27804884257695,4,61.95582050052145,
LINK,1,LEGACY_SMC,2023-03-30 03:15:00+00:00,2023-03-30 04:45:00+00:00,7.336467038154602,7.468220380740411,6.264977311459537,45.962799540309334,7.237652031215244,7.468220380740411,TP,0.8254317020090508,0.04637551539131386,0.0,0.8020375863878916,0.6190737765067923,1.2955444356139545,6,62.680502591595705,
SOL,1,LEGACY_SMC,2023-03-30 03:15:00+00:00,2023-03-30 09:15:00+00:00,20.868173120498657,20.5341959795424,1.9130800177207583,39.92248500316342,20.544468213649225,21.299779662964568,SL,-0.638924994738925,0.03960302250579396,0.0,-0.6585667747431372,0.6192733889318082,-1.0634507900930583,24,62.02193581685257,
XRP,1,LEGACY_SMC,2023-03-30 03:15:00+00:00,2023-03-30 10:45:00+00:00,0.5285256554603577,0.54478386513473,22.444494945456185,11.862491402523915,0.5163319982045784,0.54478386513473,TP,0.364907304858616,0.012044945054953222,0.0,0.35879360550492473,0.2736804786439626,1.3109945118580701,30,62.38072942235749,
ETH,1,LEGACY_SMC,2023-03-30 15:45:00+00:00,2023-03-30 16:00:00+00:00,1791.1582088378907,1780.6509731898366,0.05224055232633273,93.57109413353623,1781.5417440618673,1803.9801618725885,SL,-0.5489037936772798,0.09329664223669759,0.0,-0.5954148888472093,0.5023694313261833,-1.1852132150545054,1,61.73852898644351,
BTC,1,LEGACY_SMC,2023-03-30 03:15:00+00:00,2023-03-30 16:15:00+00:00,28397.37834,28074.47109329508,0.0020059321673733073,56.96321468127601,28088.515350970563,28809.195658705914,SL,-0.6477300332433455,0.05663934966465434,0.0,-0.6758877755673619,0.6195582050052145,-1.0909189324055086,52,61.016337314136315,
ETH,1,LEGACY_SMC,2023-03-30 16:00:00+00:00,2023-03-30 16:15:00+00:00,1789.8779235351562,1779.2290049000926,0.05173972607961847,92.60779347966528,1780.1190644323087,1802.8897356722862,SL,-0.5509721332223372,0.09233230741305411,0.0,-0.5970005438955587,0.5049206968309214,-1.1823649686823419,1,60.419336770240754,
ETH,1,LEGACY_SMC,2023-03-30 16:30:00+00:00,2023-03-30 17:15:00+00:00,1788.1975338134764,1776.5087031600071,0.033724490372821964,60.30605051379656,1777.3974018609374,1802.597709750195,SL,-0.39419985684247055,0.06010895058537533,0.0,-0.4241557821709476,0.36422894605860856,-1.1645306798397517,3,59.91971346023522,
BTC,1,LEGACY_SMC,2023-03-30 16:15:00+00:00,2023-03-30 17:30:00+00:00,28197.03828,28006.032472140072,0.0032141320749861793,90.62900515536113,28020.042493386765,28433.03266215098,SL,-0.6139178935512438,0.0903220462085855,0.0,-0.6589254371821488,0.5688878348910094,-1.1582695160081764,5,59.260788023053074,
SOL,-1,LEGACY_SMC,2023-03-31 01:15:00+00:00,2023-03-31 03:45:00+00:00,20.695860762786864,20.496846691919,3.969014695538687,82.14217550432357,20.845121315937764,20.496846691919,TP,0.7898897718935319,0.0817472306183768,0.0,0.7492136290273169,0.5924173289201524,1.2646720351563145,10,59.949875433290394,
XRP,1,LEGACY_SMC,2023-03-30 17:45:00+00:00,2023-03-31 05:00:00+00:00,0.5330866208195686,0.5441391585574235,71.48981157523129,38.11026207566773,0.5247972175161775,0.5441391585574235,TP,0.790143840307377,0.038505333995821414,0.0,0.7706936373493894,0.5926078802305308,1.3005119625638144,45,60.72056907063978,
BTC,1,LEGACY_SMC,2023-04-01 06:45:00+00:00,2023-04-01 07:15:00+00:00,28490.797019999998,28364.579003699717,0.003196851725208763,91.08085360595967,28378.768387893662,28640.168529475115,SL,-0.40350028316198205,0.09087910346437869,0.0,-0.4488389598233809,0.35813892582191764,-1.2532537723826291,2,60.19588632501161,
BTC,1,LEGACY_SMC,2023-04-01 12:15:00+00:00,2023-04-01 14:30:00+00:00,28405.68,28314.3250927127,0.003164261436758307,89.8829978088967,28328.48933738139,28508.60088349148,SL,-0.28907081018783154,0.08973846240380279,0.0,-0.33386777368718595,0.24425143700188884,-1.3669019834041103,9,59.81707705241997,
LINK,1,LEGACY_SMC,2023-04-01 14:30:00+00:00,2023-04-01 15:15:00+00:00,7.499499744987488,7.4572639092340935,11.85892094827533,88.93597462741761,7.460994406437312,7.550840196387722,SL,-0.5008714373838437,0.08868553890872569,0.0,-0.5450889889788605,0.4566317659531173,-1.1937167530189416,3,59.2275200761274,
ETH,1,LEGACY_SMC,2023-04-01 06:45:00+00:00,2023-04-01 16:45:00+00:00,1821.0540793945313,1813.537392713292,0.033281119264609096,60.606718003632324,1814.4446150208023,1829.8666985595032,SL,-0.2501637459130208,0.06048163613067581,0.0,-0.2803420230418805,0.21997037209725961,-1.2744535564904516,40,58.90344701199217,
BTC,1,LEGACY_SMC,2023-04-01 15:15:00+00:00,2023-04-01 20:30:00+00:00,28335.666,28455.688306515694,0.0030866428968596028,87.46208218668616,28245.64927011323,28455.688306515694,TP,0.37046599987137085,0.08764731518662185,0.0,0.3265497257780921,0.27784949990353097,1.1752755570604583,21,59.20009847009862,
ETH,1,LEGACY_SMC,2023-04-01 17:00:00+00:00,2023-04-01 20:30:00+00:00,1815.9430720458984,1824.5904987483111,0.03292863981464222,59.796535343294266,1809.4575020190887,1824.5904987483111,TP,0.284747999207269,0.0599389093428979,0.0,0.25470735753601825,0.2135609994054555,1.1926679414551926,14,59.45480582763464,
ETH,1,LEGACY_SMC,2023-04-02 12:15:00+00:00,2023-04-02 12:30:00+00:00,1817.7034338134765,1812.533221435547,0.049063123875136706,89.18220874145196,1813.810496963009,1822.8940162807667,SL_GAP,-0.25366677035912516,0.08905537535627239,0.0,-0.29813104134467155,0.19099964293257393,-1.560898422464155,1,59.11208368191924,
LINK,-1,LEGACY_SMC,2023-04-03 08:45:00+00:00,2023-04-03 11:00:00+00:00,7.348529904651642,7.288178292627989,8.028986653190005,59.001248525015654,7.393793613669381,7.288178292627989,TP,0.48456228743641067,0.05875896738129745,0.0,0.45530394431762106,0.36342171557730263,1.2528253673404235,9,59.49355293921291,
SOL,-1,LEGACY_SMC,2023-04-03 08:30:00+00:00,2023-04-03 11:30:00+00:00,20.50389782028198,20.33924904302976,4.324452174901613,88.66812552287885,20.62738440322115,20.33924904302976,TP,0.71201576288326,0.08831211764143723,0.0,0.6680377080032621,0.5340118221624565,1.2509792485456108,12,60.16159064721617,
SOL,-1,LEGACY_SMC,2023-04-03 14:00:00+00:00,2023-04-03 14:30:00+00:00,20.486901021957397,20.30400989056429,4.385967410517751,89.85488022480796,20.624069370502227,20.30400989056429,TP,0.8021545419628824,0.08945380295382652,0.0,0.7576281791214599,0.6016159064721618,1.259322054106156,2,60.87429138622523,
SOL,-1,LEGACY_SMC,2023-04-03 20:15:00+00:00,2023-04-03 21:00:00+00:00,20.484902520370483,20.118061714496438,2.2125597956561283,45.324071734506624,20.760033124776015,20.118061714496438,TP,0.8116572184830056,0.04491824312526512,0.0,0.7894010112249938,0.6087429138622523,1.2967724030108732,3,61.64103036158297,
XRP,-1,LEGACY_SMC,2023-04-04 13:15:00+00:00,2023-04-04 13:30:00+00:00,0.5005598702311516,0.5050023883581162,148.4601719890985,74.3132044253576,0.5047118949483336,0.49502383727490895,SL_GAP,-0.659537005193854,0.07464297292795452,0.0,-0.6970233759091298,0.6164103036158297,-1.130778268663629,1,60.90685038346116,
LINK,1,LEGACY_SMC,2023-04-05 11:00:00+00:00,2023-04-05 12:00:00+00:00,7.483496274089813,7.440956410551455,12.208234256962132,91.36027557519174,7.4446787499264175,7.53525297297434,SL,-0.5193366193354743,0.09110060726552399,0.0,-0.5647570888134024,0.473893428262017,-1.1917385959215003,4,60.29641315686016,
ETH,1,LEGACY_SMC,2023-04-05 12:45:00+00:00,2023-04-05 13:00:00+00:00,1909.7318455810546,1922.0999755859375,0.031514035607381134,60.18335738219105,1900.6092473353642,1921.8953099086418,TP_GAP,0.38976968937059914,0.06037824222687635,0.0,0.35948312583481834,0.287489885946519,1.250420078783892,1,60.58058229413624,
BTC,1,LEGACY_SMC,2023-04-05 12:45:00+00:00,2023-04-05 13:30:00+00:00,28484.495759999998,28358.141888725706,0.0031752227772379655,90.44461973529025,28372.32805275208,28634.05270299722,SL,-0.4012016900623259,0.09024401889025908,0.0,-0.4462233990849399,0.3561574589241488,-1.2528823639770312,3,60.1343588950513,
ETH,1,LEGACY_SMC,2023-04-05 14:15:00+00:00,2023-04-05 19:30:00+00:00,1896.0891029296874,1916.329677136395,0.039613078351715354,75.10992619618739,1880.9086722746567,1916.329677136395,TP,0.8017914519340172,0.0755108219221544,0.0,0.7638355931099565,0.601343588950513,1.270214910652046,21,60.86063952506316,
ETH,1,LEGACY_SMC,2023-04-06 01:45:00+00:00,2023-04-06 05:30:00+00:00,1896.6492735351562,1884.7582481143697,0.048132757363957925,91.29095928759475,1885.7010986637015,1911.246840030429,SL,-0.5723478413873718,0.09100478536690106,0.0,-0.6177071471104755,0.5269658446659122,-1.1721957947807637,15,60.197286898308896,
LINK,-1,LEGACY_SMC,2023-04-07 16:45:00+00:00,2023-04-07 20:00:00+00:00,7.207558310604096,7.248583632184292,8.336306748566374,60.084416985374574,7.2449611516084875,7.157687855931573,SL,-0.34199966515109087,0.060255416817950117,0.0,-0.3722128734763537,0.31180155588046493,-1.1937492499846556,13,59.74988385116612,
SOL,-1,LEGACY_SMC,2023-04-07 14:45:00+00:00,2023-04-08 00:30:00+00:00,20.512896798324586,20.350590364345422,4.40191023409421,90.29593034746334,20.634626623808963,20.350590364345422,TP,0.7144583527922211,0.08993870117106723,0.0,0.6696676167948856,0.5358437645941776,1.2497441624650794,39,60.419551467961,
XRP,1,LEGACY_SMC,2023-04-08 12:30:00+00:00,2023-04-08 17:45:00+00:00,0.5095818955421447,0.5076892959146515,177.85036712405343,90.62932720194149,0.5079432675484257,0.5117667328671035,SL,-0.33659953856851577,0.09046102743265724,0.0,-0.38174590240020223,0.2914305902626851,-1.309903336009134,21,59.992490901959826,
SOL,-1,LEGACY_SMC,2023-04-09 05:30:00+00:00,2023-04-09 06:00:00+00:00,20.189961444091796,20.086469717288537,4.45710293217391,89.98873635293974,20.267580239194242,20.086469717288537,TP,0.46127327899054854,0.08975809971344448,0.0,0.41650954745357394,0.34595495924291536,1.2039415430409195,2,60.36400608123693,
SOL,-1,LEGACY_SMC,2023-04-09 12:30:00+00:00,2023-04-09 13:30:00+00:00,20.248949659347534,20.126800147724726,4.471639795897096,90.54600912185539,20.34056179306464,20.126800147724726,TP,0.546208617221945,0.09027290481324442,0.0,0.5012087169696283,0.40965646291645874,1.2234854380213693,4,60.81994179364563,
BTC,1,LEGACY_SMC,2023-04-10 14:00:00+00:00,2023-04-10 14:30:00+00:00,28215.54198,28297.579688676113,0.0032333212934607058,91.22991269046845,28154.01369849292,28297.579688676113,TP,0.2652542703291955,0.09136253982563305,0.0,0.2195066868487967,0.1989407027468937,1.1033774577948912,2,60.993833524149196,
XRP,1,LEGACY_SMC,2023-04-11 15:00:00+00:00,2023-04-11 16:30:00+00:00,0.5185537117481231,0.5152119966139616,176.43447190416325,91.4907502862238,0.5154697314797013,0.5226656854393522,SL,-0.5895937449499508,0.09119595341374884,0.0,-0.6350443232205877,0.5441204300218646,-1.1671025166157967,6,60.31304382578549,
ETH,1,LEGACY_SMC,2023-04-11 16:30:00+00:00,2023-04-11 17:00:00+00:00,1907.6815088378905,1897.1262618696971,0.047423831137195394,90.46956573867824,1898.0752995194568,1920.4897879291354,SL,-0.5005702498309968,0.09021928061376275,0.0,-0.5455547475754204,0.45556324858595193,-1.197538978986558,2,59.692154316906425,
LINK,1,LEGACY_SMC,2023-04-11 16:30:00+00:00,2023-04-11 17:00:00+00:00,7.368473503017426,7.3233948798701896,8.169935990671606,60.19995686861215,7.327058409074726,7.423693628274359,SL,-0.3682894656605272,0.06001581213578189,0.0,-0.39820529936200305,0.3383586665595071,-1.1768733557530164,2,59.29394901754442,
XRP,1,LEGACY_SMC,2023-04-11 17:15:00+00:00,2023-04-11 19:15:00+00:00,0.5140328087210655,0.5185611354749651,173.02577193001602,88.94092352631662,0.5106365636556408,0.5185611354749651,TP,0.7835172321448186,0.08933268214238904,0.0,0.7386550117655879,0.587637924108614,1.2569900298488244,8,59.95854218111528,
ETH,1,LEGACY_SMC,2023-04-11 17:30:00+00:00,2023-04-11 19:15:00+00:00,1902.1503735351562,1916.2571877110947,0.03111361419504655,59.182772863136535,1891.570262903202,1916.2571877110947,TP,0.43891397379136565,0.05940222985003222,0.0,0.4091031303729017,0.3291854803435295,1.2427739216990135,7,60.367645311488175,
LINK,1,LEGACY_SMC,2023-04-11 20:15:00+00:00,2023-04-12 00:45:00+00:00,7.317463184738159,7.271874492056504,8.23433674421489,60.25445597652913,7.275512248180594,7.373397766814913,SL,-0.3753926472692694,0.0600667596528945,0.0,-0.40533217893389933,0.3454381383501832,-1.1733857207249054,18,59.8869101705824,
ETH,1,LEGACY_SMC,2023-04-11 20:15:00+00:00,2023-04-12 01:45:00+00:00,1893.7686926513672,1881.874977228619,0.047815484709727595,90.55146796723227,1882.8163854213294,1908.3717689580844,SL,-0.5687037679382726,0.09026711608326314,0.0,-0.6136951500379196,0.5236898788941129,-1.1718675016860605,22,59.27321502054448,
SOL,1,LEGACY_SMC,2023-04-12 02:30:00+00:00,2023-04-12 07:00:00+00:00,22.590517642593383,23.05831413600523,1.688163149102074,38.13647940336641,22.239670272534497,23.05831413600523,TP,0.7897168014570503,0.038531337804094935,0.0,0.7702537033546385,0.5922876010927907,1.3004724426672014,18,59.979945572932024,
BTC,1,LEGACY_SMC,2023-04-12 02:30:00+00:00,2023-04-12 12:30:00+00:00,29948.088419999996,30139.58708116334,0.002968797917380288,88.90982253081671,29804.464424127487,30139.58708116334,TP,0.5685208264428463,0.08919408294403813,0.0,0.5237816547642166,0.42639061983214016,1.2284080146285041,40,60.50372722769624,
XRP,-1,LEGACY_SMC,2023-04-13 06:30:00+00:00,2023-04-13 07:45:00+00:00,0.5053688838601113,0.5076430426362942,179.58286261776652,90.75559084154436,0.507389347962313,0.5026749317238421,SL,-0.40839994307425564,0.09095979081308149,0.0,-0.453981938466565,0.36284072728983524,-1.251187929914843,5,60.00436749380891,
SOL,1,LEGACY_SMC,2023-04-13 23:00:00+00:00,2023-04-14 00:15:00+00:00,24.40487961845398,24.192732089985586,2.9995418098164195,73.2034567790893,24.204834507239205,24.67160643340701,SL,-0.6363453814901623,0.07288528408834422,0.0,-0.6726289371889619,0.6000436749380891,-1.120966631734535,5,59.295136828230405,
SOL,1,LEGACY_SMC,2023-04-14 00:30:00+00:00,2023-04-14 00:45:00+00:00,24.33886643371582,24.825000762939453,3.0611181148041426,74.504144934046,24.145162255685353,24.59713867108977,TP_GAP,1.4881146014146296,0.07524820223475331,0.0,1.4501184716468993,0.5929513682823041,2.4455942750375743,1,60.70800322741029,
BTC,1,LEGACY_SMC,2023-04-14 14:30:00+00:00,2023-04-14 15:00:00+00:00,30606.12,30456.8860867273,0.002975287453656832,91.06200484111542,30472.122147801198,30784.783802931735,SL,-0.4440137898203739,0.09083999794620523,0.0,-0.48932278534602147,0.3986821284640564,-1.2273506897115327,2,60.17314943964371,
SOL,1,LEGACY_SMC,2023-04-14 15:00:00+00:00,2023-04-14 15:15:00+00:00,24.432885096359254,24.141637095495273,2.155421531096336,52.663166603495505,24.15371395247151,24.80511328820958,SL,-0.6277622119509876,0.052349285497520014,0.0,-0.6537799141467598,0.6017314943964371,-1.0864977489711247,1,59.4930379421952,
ETH,1,LEGACY_SMC,2023-04-14 15:30:00+00:00,2023-04-14 16:15:00+00:00,2068.483682373047,2049.7584128833773,0.03361211830355229,69.52611824089034,2050.78380478577,2092.083519156083,SL,-0.6293959733526762,0.069211420254214,0.0,-0.663844334486445,0.594930379421952,-1.1158353270368397,3,58.79443054858831,
ETH,1,LEGACY_SMC,2023-04-14 16:45:00+00:00,2023-04-14 18:00:00+00:00,2058.231632373047,2083.7321308615387,0.03074158495378571,63.27330258116506,2039.1062585066784,2083.7321308615387,TP,0.7839257406478535,0.06366526545148898,0.0,0.7518971264869471,0.5879443054858831,1.2788577412371938,5,59.51469102378467,
ETH,1,LEGACY_SMC,2023-04-15 17:45:00+00:00,2023-04-15 19:45:00+00:00,2094.3186823242186,2083.2653214509473,0.042625813009797196,89.272036535677,2084.3074751885415,2107.6669585051213,SL,-0.47115849371386814,0.08903645728882006,0.0,-0.5155589327348498,0.4267358433677181,-1.208145368493438,8,58.954496072781986,
ETH,1,LEGACY_SMC,2023-04-15 20:00:00+00:00,2023-04-15 20:45:00+00:00,2100.7000853027344,2089.724894289038,0.04209632052089386,88.43174410917298,2090.770279428752,2113.939826468044,SL,-0.46201515869060317,0.08820073652982768,0.0,-0.5060000231658444,0.4180082907814148,-1.2105023616156987,3,58.40428017756155,
ETH,1,LEGACY_SMC,2023-04-16 01:30:00+00:00,2023-04-16 04:30:00+00:00,2084.5767440917966,2098.944381260024,0.04202599904975457,87.60642026634233,2073.8010162156265,2098.944381260024,TP,0.6038143059791368,0.08790832741933188,0.0,0.559709188692976,0.4528607294843382,1.2359411012085408,12,58.92018615612136,
ETH,1,LEGACY_SMC,2023-04-16 11:45:00+00:00,2023-04-16 12:45:00+00:00,2086.747344140625,2094.9595719388017,0.04235312889332046,88.38027923418204,2080.5881732919925,2094.9595719388017,TP,0.347813542437484,0.0885541860054008,0.0,0.30344949604917426,0.2608601568281178,1.1632650219140932,4,59.17944551255344,
LINK,1,LEGACY_SMC,2023-04-16 14:00:00+00:00,2023-04-16 14:15:00+00:00,7.9645924206733705,7.914244295933552,7.416385036715218,59.06848405221743,7.918203397632368,8.026444451394706,SL,-0.3734010789470582,0.058881783512743896,0.0,-0.4027486204336934,0.34403885634912806,-1.1706486433177394,1,58.70277806595923,
ETH,1,LEGACY_SMC,2023-04-16 14:00:00+00:00,2023-04-16 15:30:00+00:00,2086.3871646972657,2096.8039787111397,0.042546833958169286,88.76916826883016,2078.57455418686,2096.8039787111397,TP,0.44320245622142995,0.08899076949694087,0.0,0.39859627085890414,0.3324018421660773,1.1991397769081984,6,59.0723804483701,
LINK,1,LEGACY_SMC,2023-04-16 14:30:00+00:00,2023-04-16 16:45:00+00:00,7.924584458827972,7.990263025104736,7.3174533248200335,57.98777689606791,7.8753255341204,7.990263025104736,TP,0.48059984317131516,0.05822807681765357,0.0,0.45136565480169555,0.36044988237848796,1.2522286089352697,9,59.523746103171796,
LINK,1,LEGACY_SMC,2023-04-17 00:45:00+00:00,2023-04-17 01:00:00+00:00,7.978595636558532,7.897080389976795,7.674073671983472,61.228330713916044,7.901030905429509,8.082015278063897,SL,-0.625554007658154,0.06091555371008697,0.0,-0.655855396011283,0.5952374610317179,-1.1018382392709234,1,58.837276541803554,
XRP,-1,LEGACY_SMC,2023-04-18 00:30:00+00:00,2023-04-18 01:15:00+00:00,0.5125574945449829,0.5099212205608481,172.18734630161543,88.25591481270533,0.514534700033084,0.5099212205608481,TP,0.4539330214521575,0.08802894830197924,0.0,0.4100320305565309,0.34044976608911814,1.204383352254084,3,59.20318061495373,
LINK,1,LEGACY_SMC,2023-04-18 01:30:00+00:00,2023-04-18 05:00:00+00:00,8.070614044189453,8.155982675092428,9.246672146234342,74.62632208541432,8.00658757101222,8.155982675092428,TP,0.7893757415327,0.07502100995618066,0.0,0.7516678926192264,0.5920318061495373,1.269641064570385,14,59.91753534653025,
BTC,-1,LEGACY_SMC,2023-04-18 05:45:00+00:00,2023-04-18 06:15:00+00:00,29550.5887,29654.942929597124,0.003041438664123648,89.87630301979537,29640.122868163045,29431.209809115942,SL,-0.3173869886615286,0.09003499651412614,0.0,-0.36248383366575704,0.2723126808112344,-1.3311309359002226,2,59.5101133613546,
BTC,-1,LEGACY_SMC,2023-04-18 07:45:00+00:00,2023-04-18 08:00:00+00:00,29724.054,29841.68835945003,0.0030031290496926127,89.2651700420319,29826.77497196405,29587.092704047936,SL,-0.3532711621063635,0.08944180562308508,0.0,-0.39808038270843266,0.30848433491789495,-1.2904395382487874,1,59.06740039362515,
BTC,-1,LEGACY_SMC,2023-04-18 08:15:00+00:00,2023-04-18 09:30:00+00:00,29768.64508,29886.893784729054,0.0029763229180344588,88.60110059043772,29871.957805826143,29630.894778898473,SL,-0.3519463299129792,0.08877707375539423,0.0,-0.3964228533731545,0.3074920336009651,-1.289213410606909,5,58.62667698995678,
LINK,1,LEGACY_SMC,2023-04-19 01:15:00+00:00,2023-04-19 06:15:00+00:00,8.536706847381591,8.46932381429833,9.28426856755432,79.25707905357065,8.473560594595627,8.62090185109621,SL,-0.6256021760414012,0.07894427796554995,0.0,-0.6649179144801658,0.5862667698995678,-1.134155897312876,20,57.922130535949826,
XRP,-1,LEGACY_SMC,2023-04-20 06:15:00+00:00,2023-04-20 07:30:00+00:00,0.4978604092299938,0.4929285627839488,156.59349541022442,77.96170170768949,0.5015592940645275,0.4929285627839488,TP,0.7722950738126787,0.07757555417078316,0.0,0.7337003704957403,0.5792213053594982,1.266701282751268,5,58.61685005559172,
SOL,-1,LEGACY_SMC,2023-04-20 13:45:00+00:00,2023-04-20 14:30:00+00:00,22.96540531349182,22.58492418431187,2.052603966840315,47.13888204656896,23.250766160376784,22.58492418431187,TP,0.7809770750626511,0.04674839350903763,0.0,0.7577981225768979,0.5857328062969865,1.293760763320927,3,59.301461039182776,
LINK,-1,LEGACY_SMC,2023-04-20 14:00:00+00:00,2023-04-20 15:15:00+00:00,7.935412397861481,7.829841672541836,1.5243749829881443,12.096544138994005,8.014590441851215,7.829841672541836,TP,0.16092937261318052,0.012016079452687416,0.0,0.1549615652299901,0.12069702945988572,1.2838888075658264,5,59.456422604412765,
ETH,-1,LEGACY_SMC,2023-04-20 13:00:00+00:00,2023-04-20 15:30:00+00:00,1971.0556611816407,1953.3770449234898,0.044209229349660296,87.13885178612547,1984.3146233752539,1953.3770449234898,TP,0.7815580007412263,0.08674807278575486,0.0,0.7383793538485341,0.5861685005559172,1.2596708167502373,10,60.1948019582613,
ETH,-1,LEGACY_SMC,2023-04-22 05:00:00+00:00,2023-04-22 07:45:00+00:00,1860.017936645508,1848.8148962499874,0.048543727003101646,90.29220293739195,1868.4202169421483,1848.8148962499874,TP,0.5438373345648658,0.09002028427010951,0.0,0.4989631517634523,0.40787800092364934,1.2233146936915904,11,60.618578040203765,
SOL,-1,LEGACY_SMC,2023-04-22 06:15:00+00:00,2023-04-22 10:15:00+00:00,21.397720027160645,21.214676942856507,2.807866288012279,60.081936704589566,21.535002340388747,21.214676942856507,TP,0.5139605056713797,0.059824956451753876,0.0,0.48417651757192065,0.38547037925352984,1.2560667268637786,16,61.10275455777568,
SOL,-1,LEGACY_SMC,2023-04-22 13:00:00+00:00,2023-04-22 14:45:00+00:00,21.494700749206544,21.617323864538456,4.2640338614645215,91.65413183666352,21.606520604236337,21.345607609166816,SL,-0.5228691159735419,0.09191556639465029,0.0,-0.5689576164498604,0.4768036482310925,-1.1932744612182657,7,60.487969875407494,
BTC,-1,LEGACY_SMC,2023-04-22 15:15:00+00:00,2023-04-22 16:00:00+00:00,27429.0131,27541.800201783844,0.0033078825870374185,90.73195481311124,27528.036183692,27296.982321744003,SL,-0.3730864900331954,0.09091849805812785,0.0,-0.4186390106847676,0.32755673425950976,-1.278065650615191,3,59.99377760985022,
ETH,-1,LEGACY_SMC,2023-04-22 15:15:00+00:00,2023-04-22 16:00:00+00:00,1861.6676310546875,1871.2681787359463,0.032430361856636676,60.3745549318911,1870.3330122298314,1850.1137894878289,SL,-0.3113492353251181,0.06053022954955366,0.0,-0.3416921874087262,0.2810214471356049,-1.2158936297977465,3,59.652085422441495,
ETH,-1,LEGACY_SMC,2023-04-22 16:30:00+00:00,2023-04-22 17:15:00+00:00,1875.9147810546876,1886.9237784207032,0.047698397089954866,89.47812813366224,1885.9807880266899,1862.4934384253513,SL,-0.5251115279264789,0.08974068389762548,0.0,-0.5701131477572732,0.4801323976608171,-1.187408203518109,3,59.00746309173625,
ETH,-1,LEGACY_SMC,2023-04-22 17:30:00+00:00,2023-04-22 20:45:00+00:00,1882.9532900634765,1869.2201948941727,0.04672363378918462,87.9784199670662,1893.2531114404544,1869.2201948941727,TP,0.6416601094825736,0.08765758991232492,0.0,0.5979917295537818,0.4812450821119301,1.2425929152969468,13,59.561465611306495,
SOL,-1,LEGACY_SMC,2023-04-22 16:30:00+00:00,2023-04-22 22:15:00+00:00,21.823633515167238,21.996017486996017,2.7282458588252254,59.540237762274415,21.985024974508764,21.608444902711867,SL,-0.47030585726971114,0.05977539069090927,0.0,-0.5003111290794832,0.44031558059827985,-1.1362557927195858,23,59.06115448222701,
SOL,1,LEGACY_SMC,2023-04-23 14:15:00+00:00,2023-04-23 14:45:00+00:00,21.908380128479003,21.747298917336376,3.9321118530795878,86.14620118496559,21.758178006339545,22.10864962466495,SL,-0.6333893396423367,0.08582950651514443,0.0,-0.6761457455649983,0.5906115448222701,-1.144823110033292,2,58.34193563606953,
LINK,-1,LEGACY_SMC,2023-04-24 00:15:00+00:00,2023-04-24 00:45:00+00:00,7.090581607627869,7.141946416916596,12.2065442006286,86.55149780167378,7.138377228302446,7.0268541133951,SL,-0.6269868149397059,0.08686499120914364,0.0,-0.6705760572480126,0.5834193563606953,-1.1493894570639396,2,57.598486253962555,
XRP,-1,LEGACY_SMC,2023-04-24 00:30:00+00:00,2023-04-24 00:45:00+00:00,0.4624274993181229,0.4660294360422152,128.0095842127355,59.19515191624794,0.4657965377733286,0.45793544804451525,SL,-0.46108242241163966,0.05942569312745376,0.0,-0.4909105395809694,0.431269211847598,-1.1382925701509328,1,57.10757571438159,
BTC,-1,LEGACY_SMC,2023-04-25 00:30:00+00:00,2023-04-25 02:15:00+00:00,27487.701360000003,27322.368542215903,0.0031163523806405457,85.66136357157238,27611.700973338076,27322.368542215903,TP,0.5152353202994879,0.08540374591142263,0.0,0.4726622561738515,0.3864264902246131,1.2231621488969693,7,57.53740728876965,
LINK,-1,LEGACY_SMC,2023-04-25 11:45:00+00:00,2023-04-25 13:15:00+00:00,7.054589032649994,7.1045164430424474,12.234038089775776,86.30611093315447,7.100965960062417,6.992753129433431,SL,-0.6108138404651446,0.08661151785338705,0.0,-0.6542723028519545,0.5673770964503473,-1.1531524746861397,6,56.83998193045112,
SOL,-1,LEGACY_SMC,2023-04-25 13:45:00+00:00,2023-04-25 14:30:00+00:00,21.047789645767214,20.83341453537704,3.5352351509464253,74.40888580544247,21.20857097855984,20.83341453537704,TP,0.7578664257393566,0.07402995259257278,0.0,0.721040916049505,0.5683998193045112,1.2685452942820497,3,57.5238184035979,
SOL,-1,LEGACY_SMC,2023-04-25 18:15:00+00:00,2023-04-25 20:15:00+00:00,21.224754291534424,21.438274095829456,2.836395942789336,60.20180695920879,21.42756031567162,20.9543462593515,SL,-0.6056267066076022,0.060504620312512594,0.0,-0.6360304234405104,0.575238184035979,-1.105681856823206,8,56.857687076677784,
ETH,1,LEGACY_SMC,2023-04-26 07:30:00+00:00,2023-04-26 08:15:00+00:00,1863.1625970703124,1872.080258555277,0.04577514101513391,85.28653061501667,1856.474350956589,1872.080258555277,TP,0.4082072119994823,0.08549063422101641,0.0,0.3653598430859742,0.30615540899960914,1.1933803302049144,3,57.18040365445625,
LINK,1,LEGACY_SMC,2023-04-26 19:15:00+00:00,2023-04-26 19:30:00+00:00,7.338467293167114,7.198399141073227,11.687809191647666,85.77060548168437,7.290341287076303,7.402635301288196,SL_GAP,-1.6370898355000372,0.08495206056393435,0.0,-1.6791565933231294,0.5624875763454759,-2.985233210363038,1,55.45836175839228,
XRP,-1,LEGACY_SMC,2023-04-27 15:30:00+00:00,2023-04-27 15:45:00+00:00,0.46117775050997734,0.4572232408369911,180.38065050969692,83.18754263758842,0.464143632764717,0.4572232408369911,TP,0.7133170272601427,0.08283088412395835,0.0,0.6720799144549785,0.5349877704451045,1.256252855828489,1,56.08884790152846,
ETH,1,LEGACY_SMC,2023-04-28 09:15:00+00:00,2023-04-28 11:45:00+00:00,1907.4014235351563,1896.896050291295,0.029350759950652432,55.9836813117131,1897.8449727776838,1920.1433578784527,SL,-0.30834068827257655,0.05582951096757681,0.0,-0.3361783585842968,0.28048909216280526,-1.198543429949738,10,55.682611066362156,
BTC,1,LEGACY_SMC,2023-04-28 09:15:00+00:00,2023-04-28 12:30:00+00:00,29223.743580000002,29415.034850774016,0.0028789354663606957,84.1332718522927,29080.27512691949,29415.034850774016,TP,0.5507152238365168,0.08440862946421096,0.0,0.5083732302984523,0.41303641787739553,1.2308193861233714,13,56.163447668753804,
ETH,1,LEGACY_SMC,2023-04-28 12:00:00+00:00,2023-04-28 12:30:00+00:00,1903.3806,1914.8405428642916,0.028934442125559488,55.07325581361269,1894.7856428517812,1914.8405428642916,TP,0.3315870535690647,0.05523904934039722,0.0,0.30388463213547384,0.24869029017680017,1.2219400762266779,2,56.467332300889275,
BTC,1,LEGACY_SMC,2023-04-29 16:00:00+00:00,2023-04-29 17:30:00+00:00,29275.954019999997,29194.70905871047,0.002893193451303758,84.70099845133392,29209.313715568253,29364.80775924232,SL,-0.23505738995429226,0.08458346975635678,0.0,-0.27729036048498207,0.19280329237481308,-1.4382034511419266,6,56.14769144117862,
SOL,1,LEGACY_SMC,2023-04-29 17:45:00+00:00,2023-04-29 22:00:00+00:00,23.22864573097229,23.008126963839487,2.6863773909781865,62.40090871472593,23.019636782230602,23.507324329294537,SL,-0.5923966303119428,0.062104710399569954,0.0,-0.6233008863541498,0.5614769144117863,-1.1101095527803337,17,55.49319010046711,
XRP,-1,LEGACY_SMC,2023-05-01 12:30:00+00:00,2023-05-01 13:30:00+00:00,0.4652969187676907,0.46325477864587294,178.89605925428424,83.23978515070067,0.466828523859054,0.46325477864587294,TP,0.36533082023825914,0.08305711974058155,0.0,0.3238935930730279,0.2739981151786918,1.1821015369459604,4,55.77546380096479,
XRP,-1,LEGACY_SMC,2023-05-02 05:15:00+00:00,2023-05-02 10:15:00+00:00,0.4649269969344139,0.4615562668155768,179.94910223131083,83.6631957014472,0.46745504452354175,0.4615562668155768,TP,0.6065598587487749,0.0833599157720728,0.0,0.5650315408274257,0.45491989406158373,1.2420462332010827,20,56.27082830153833,
BTC,-1,LEGACY_SMC,2023-05-02 07:30:00+00:00,2023-05-02 12:30:00+00:00,28067.285420000004,28188.932102039944,0.001983479484149486,55.670884806337995,28174.844679700094,27923.873073733215,SL,-0.24128369814107684,0.05579152665540853,0.0,-0.26923978239331636,0.21334158494543606,-1.2620126660359101,20,56.00158851914502,
SOL,-1,LEGACY_SMC,2023-05-02 13:00:00+00:00,2023-05-02 13:45:00+00:00,22.03959182548523,21.87599289299957,3.8114309667741826,84.00238277871753,22.162291024849473,21.87599289299957,TP,0.6235460374070388,0.08369060976001402,0.0,0.5818566190363836,0.4676595280552825,1.2441885263323487,3,56.54144394679204,
SOL,-1,LEGACY_SMC,2023-05-02 14:45:00+00:00,2023-05-02 19:00:00+00:00,22.196560013580324,22.390747226237533,3.089739715549994,68.58159302254805,22.379557447513776,21.95256343500239,SL,-0.59998794319893,0.06888158699414751,0.0,-0.6345787336818035,0.5654144394679205,-1.1223249520811136,17,55.83623127167239,
LINK,-1,LEGACY_SMC,2023-05-02 14:45:00+00:00,2023-05-02 19:15:00+00:00,6.930613760185242,6.979027384792068,10.487713262960872,72.68628985315388,6.975539614984576,6.870712620452798,SL,-0.5077482128970163,0.07294016395960239,0.0,-0.5443452319300418,0.4711694832288258,-1.1553066387062207,18,55.291886039742344,
LINK,-1,LEGACY_SMC,2023-05-02 19:15:00+00:00,2023-05-02 19:30:00+00:00,6.948609809303284,6.998731059093993,11.859197235293593,82.40493423962344,6.995233442372807,6.886444965210588,SL,-0.5943977869474342,0.08270213313309716,0.0,-0.6358974529607196,0.5529188603974234,-1.150073724205489,1,54.614786119661815,
ETH,1,LEGACY_SMC,2023-05-03 12:30:00+00:00,2023-05-03 12:45:00+00:00,1860.1720088378906,1849.324875,0.04404010961904117,81.92217917949273,1853.859436949646,1868.58877135555,SL_GAP,-0.47770896327311385,0.08168332469785618,0.0,-0.5184311983812236,0.2780063579363764,-1.86481777693685,1,54.05539383169085,
LINK,1,LEGACY_SMC,2023-05-04 09:45:00+00:00,2023-05-04 10:15:00+00:00,7.059411687755585,7.094345686850447,11.48581416326425,81.08309074753627,7.033211188434438,7.094345686850447,TP,0.4012454215832322,0.0812837134583279,0.0,0.3605032534986724,0.300934066187419,1.197947637055335,2,54.37535553981575,
ETH,1,LEGACY_SMC,2023-05-04 12:45:00+00:00,2023-05-04 13:15:00+00:00,1899.249769116211,1890.481463137598,0.042944869408976065,81.56303330972362,1891.4271767259609,1909.679892303211,SL,-0.3765537551894769,0.08137475643212888,0.0,-0.417146994966744,0.335940208638939,-1.2417298800188705,2,53.91742702819415,
SOL,1,LEGACY_SMC,2023-05-04 13:30:00+00:00,2023-05-04 13:45:00+00:00,22.101419522094726,21.866062308311463,3.564424518968438,78.77884164856214,21.95015407449928,22.303106785555322,SL_GAP,-0.8389130235251611,0.07835938513679955,0.0,-0.8778829878376796,0.5391742702819415,-1.6281989631638443,1,52.972196493347255,
LINK,1,LEGACY_SMC,2023-05-04 13:30:00+00:00,2023-05-04 13:45:00+00:00,7.035406719875335,6.996748778494693,7.9478350856243525,55.916252369862534,7.000248902946166,7.0822838091142275,SL,-0.3072469428430799,0.055762628898441,0.0,-0.3350514455565896,0.2794285309236114,-1.1990595393001728,1,52.63714504779067,
LINK,1,LEGACY_SMC,2023-05-05 11:45:00+00:00,2023-05-05 12:30:00+00:00,7.031406209850311,6.999685108046985,11.229008140800737,78.955717571686,7.003186701397683,7.069032221120481,SL,-0.3561965103847152,0.07877761931649363,0.0,-0.3954962709153659,0.31687709014395,-1.2481062317749163,3,52.20217091808946,
ETH,1,LEGACY_SMC,2023-05-05 12:45:00+00:00,2023-05-05 13:30:00+00:00,1902.7704926513672,1918.25427416281,0.04115223390290466,78.30325637713419,1891.1576565177854,1918.25427416281,TP,0.6371921984603588,0.07862185247636436,0.0,0.5977219741725616,0.4778941488452621,1.2507413526967008,3,52.76074126407345,
LINK,1,LEGACY_SMC,2023-05-06 01:30:00+00:00,2023-05-06 03:00:00+00:00,7.1914380572319025,7.150190788286913,11.004907678586449,79.14111189611017,7.153767672122974,7.24166523737714,SL,-0.45392238673343205,0.07891415070274346,0.0,-0.4932659814881204,0.41455911034055226,-1.1898568121754989,6,52.20157381920018,
XRP,1,LEGACY_SMC,2023-05-06 02:30:00+00:00,2023-05-06 08:00:00+00:00,0.4635827073097229,0.46095799628549844,113.59745314878535,52.661814874203316,0.4611885905807888,0.46677486294830167,SL,-0.2981604876034382,0.0525127346304016,0.0,-0.32434231479673814,0.27196556294781254,-1.1925859703751396,22,51.83831044456654,
BTC,1,LEGACY_SMC,2023-05-06 06:15:00+00:00,2023-05-06 08:00:00+00:00,29380.975019999998,29261.18800708633,0.0026494055973571,77.84211967379713,29275.82592004635,29521.17381993819,SL,-0.3173643825041596,0.07768343748254505,0.0,-0.3561267601498061,0.27858261397425416,-1.278352425046591,7,51.48218368441673,
SOL,1,LEGACY_SMC,2023-05-06 08:15:00+00:00,2023-05-06 10:15:00+00:00,22.631526208877563,22.457542336846284,3.1632778503447407,71.58980557603888,22.468776725208887,22.8485255204358,SL,-0.5503593287137586,0.071314625911682,0.0,-0.5858790518374212,0.5148218368441674,-1.1380229234813175,8,50.86050972979129,
SOL,1,LEGACY_SMC,2023-05-06 12:45:00+00:00,2023-05-06 13:00:00+00:00,22.448489044189454,22.157916125297547,3.2323871295103217,72.56220706339145,22.291142452670584,22.658284499547946,SL_GAP,-0.9392441632104485,0.07209258498178624,0.0,-0.975055644660539,0.5086050972979129,-1.917117327059357,1,49.84917298159906,
BTC,-1,LEGACY_SMC,2023-05-07 01:00:00+00:00,2023-05-07 01:15:00+00:00,28936.611520000002,29061.550075272185,0.00258405374868158,74.7737594723986,29047.02656199119,28789.39146401175,SL,-0.32284794210594603,0.07493518344345157,0.0,-0.3603962458131983,0.2853184031681669,-1.2631370490349352,1,49.426512003158535,
ETH,-1,LEGACY_SMC,2023-05-07 01:00:00+00:00,2023-05-07 01:15:00+00:00,1905.1988400634766,1915.1698245874882,0.02611575481570251,49.75570578225857,1914.2127182283741,1893.1803358436132,SL,-0.26039978710024997,0.0498859056758087,0.0,-0.2854078398849294,0.23540423209307773,-1.2124159253521003,1,49.1411041632736,
SOL,-1,LEGACY_SMC,2023-05-07 07:00:00+00:00,2023-05-07 08:00:00+00:00,21.988601430511476,22.10470067530271,3.3522666949898774,73.7116562449104,22.093653848378523,21.84853154002208,SL,-0.38919563162712667,0.07390625406072396,0.0,-0.4262460575653954,0.35216372164385934,-1.2103633377558833,4,48.678002277585755,
SOL,-1,LEGACY_SMC,2023-05-07 11:15:00+00:00,2023-05-07 12:15:00+00:00,22.085582152557375,22.209554992662042,3.306093672877158,73.01700341637863,22.198455764779652,21.93508400292767,SL,-0.40986582227865087,0.07322193632751794,0.0,-0.4465792568979795,0.3731707352028594,-1.196715644529881,4,48.17062115346793,
LINK,-1,LEGACY_SMC,2023-05-07 11:15:00+00:00,2023-05-07 13:15:00+00:00,6.925614645767212,6.954500309393765,7.015511764433855,48.58673102331528,6.951024796995268,6.891734444129803,SL,-0.20264771299556544,0.048688054879813064,0.0,-0.22704240236372086,0.17826521487647498,-1.2736214550945621,8,47.943578751104205,
LINK,-1,LEGACY_SMC,2023-05-07 13:30:00+00:00,2023-05-07 13:45:00+00:00,6.940611512279511,6.969735626015178,6.894736069909965,47.85368454094589,6.966252499765296,6.9064235289651315,SL,-0.2008030774774668,0.04795408607968463,0.0,-0.2248303212866785,0.17678784128635053,-1.2717521728347345,1,47.65886390348373,
BTC,-1,LEGACY_SMC,2023-05-07 13:30:00+00:00,2023-05-07 14:30:00+00:00,28899.119020000002,29008.87370399181,0.0024884969011299742,71.9153681266563,28994.376515733944,28772.109025688078,SL,-0.27312419099811086,0.07205193022215536,0.0,-0.3092184371569381,0.23704798294331653,-1.304455044575845,4,47.32602957051076,
LINK,-1,LEGACY_SMC,2023-05-07 14:00:00+00:00,2023-05-07 14:30:00+00:00,6.943611171627045,6.974417202854829,6.802194199043196,47.23179163205302,6.970931736986336,6.90718375114799,SL,-0.20954860691317606,0.047336565935509604,0.0,-0.23326927703265915,0.18583979120155242,-1.2552170637108988,2,47.0927602934781,
XRP,-1,LEGACY_SMC,2023-05-07 14:45:00+00:00,2023-05-07 16:15:00+00:00,0.4590081880092621,0.4570627369206533,153.89516415073572,70.63914044021715,0.46046727632571866,0.4570627369206533,TP,0.29939551462867475,0.0704894426829028,0.0,0.2642256421658805,0.2245466359715061,1.176707195022995,6,47.298164134739906,
LINK,-1,LEGACY_SMC,2023-05-07 15:00:00+00:00,2023-05-07 16:15:00+00:00,6.970605722045899,6.9308604988898,6.74323914480876,47.00446136792783,7.0004146394129725,6.9308604988898,TP,0.26801154460536536,0.04687045559562515,0.0,0.24464331969370412,0.2010086584540225,1.2170785157976782,5,47.54280745443361,
ETH,-1,LEGACY_SMC,2023-05-08 13:30:00+00:00,2023-05-08 14:00:00+00:00,1865.256878881836,1850.9514984468187,0.038232916864727545,71.3142111816504,1875.9859142080988,1850.9514984468187,TP,0.5469364208903141,0.07104074297120525,0.0,0.511552783509934,0.41020231566773346,1.247074343491262,2,48.01870313235272,
ETH,-1,LEGACY_SMC,2023-05-08 15:15:00+00:00,2023-05-08 17:30:00+00:00,1865.9767055908203,1848.9774068175013,0.037663281505642875,70.27880594563916,1878.7261796708094,1848.9774068175013,TP,0.6402493750980419,0.06995868125809014,0.0,0.6054300968127714,0.4801870313235272,1.2608214244021543,9,48.58899382619268,
ETH,-1,LEGACY_SMC,2023-05-09 12:30:00+00:00,2023-05-09 14:00:00+00:00,1847.5803611816407,1836.4003363949591,0.03944807612734937,72.88349073928902,1855.965379771652,1836.4003363949591,TP,0.44103046889066644,0.07266297550484369,0.0,0.40480923875546726,0.3307728516680021,1.2238284874774903,6,48.93311237484712,
SOL,-1,LEGACY_SMC,2023-05-09 12:30:00+00:00,2023-05-09 15:00:00+00:00,20.852828950881957,20.65476255661187,2.3257223073667124,48.49788946276857,21.00137874658452,20.65476255661187,TP,0.46064743149362886,0.04826756574702175,0.0,0.4366288104779914,0.34548557362022164,1.2638119904768002,10,49.36974118532511,
ETH,-1,LEGACY_SMC,2023-05-09 17:00:00+00:00,2023-05-09 18:45:00+00:00,1853.4392965820314,1840.2633443348639,0.039955239923181424,74.05461177798767,1863.321260767407,1840.2633443348639,TP,0.5264483332519595,0.0737913876113617,0.0,0.48968425152959166,0.39483624993896965,1.240221108384255,7,49.82239813096571,
XRP,-1,LEGACY_SMC,2023-05-10 00:00:00+00:00,2023-05-10 01:15:00+00:00,0.42831432986855505,0.43061262731912614,116.10393971579572,49.72898113447016,0.4303974286048238,0.42553686488686343,SL,-0.2668413886500723,0.0498624018287952,0.0,-0.2918392999116324,0.2418559700977935,-1.2066656853400324,5,49.46832754188863,
ETH,-1,LEGACY_SMC,2023-05-09 20:15:00+00:00,2023-05-10 06:00:00+00:00,1851.5496599365235,1838.5910754428428,0.04036272902289353,74.73359719644856,1861.268598306784,1838.5910754428428,TP,0.5230438344387058,0.07447207527922921,0.0,0.4859385577577009,0.3922828758290271,1.2387452720966916,39,49.92979748881719,
BTC,-1,LEGACY_SMC,2023-05-10 01:30:00+00:00,2023-05-10 06:00:00+00:00,27743.65016,27596.77076945096,0.0017639071058079192,48.93722165827302,27853.80970291178,27596.77076945096,TP,0.25908160068619174,0.04880768085792992,0.0,0.23474253065739834,0.19431120051464218,1.2080751394447253,18,50.164540019474586,
BTC,-1,LEGACY_SMC,2023-05-10 12:30:00+00:00,2023-05-10 12:45:00+00:00,27709.556979999998,28004.595299999997,0.0027155544234620196,75.24681002921187,27792.125192579246,27599.46602989433,SL_GAP,-0.8011926149668019,0.07564740633669528,0.0,-0.8392166162888913,0.22421847490692984,-3.742852218744415,1,49.26266475741762,
ETH,-1,LEGACY_SMC,2023-05-10 12:30:00+00:00,2023-05-10 12:45:00+00:00,1850.0199366455079,1872.936,0.02706483347294454,50.07048150693808,1856.2170172318945,1841.7571625303258,SL_GAP,-0.6202194385447742,0.05038059122621047,0.0,-0.6455647890175157,0.16772295408897134,-3.848994864919118,1,48.617099968400105,
SOL,-1,LEGACY_SMC,2023-05-11 12:30:00+00:00,2023-05-11 12:45:00+00:00,20.659866757583618,20.478574994773506,3.529821891316474,72.92564995260015,20.7958355796912,20.478574994773506,TP,0.6399276330824866,0.07260568613605892,0.0,0.6037847719227277,0.47994572481185865,1.2580271908024905,1,49.18442191534653,
BTC,-1,LEGACY_SMC,2023-05-11 12:45:00+00:00,2023-05-11 13:30:00+00:00,27355.0279,27500.36331670186,0.002697004482785404,73.77663287301979,27486.62000669851,27179.571757735317,SL,-0.3919702703523978,0.07397261800819599,0.0,-0.4290545719240839,0.3549045016650571,-1.208929641385632,3,48.69393292642381,
ETH,-1,LEGACY_SMC,2023-05-11 12:45:00+00:00,2023-05-11 13:45:00+00:00,1819.6660232910156,1806.2271509354694,0.026978687570078375,49.09220112425527,1829.745177557675,1806.2271509354694,TP,0.3625631385744444,0.04891091955496805,0.0,0.33819831958160396,0.27192235393083025,1.2437312147850579,4,49.03213124600541,
XRP,-1,LEGACY_SMC,2023-05-12 01:30:00+00:00,2023-05-12 02:45:00+00:00,0.4202159468650818,0.4166236763726262,175.02476385700362,73.54819686900812,0.4229101497344235,0.4166236763726262,TP,0.6287362946525208,0.07323382872168185,0.0,0.592276564365343,0.47155222098939065,1.2560147911564359,5,49.58763371193625,
SOL,-1,LEGACY_SMC,2023-05-12 09:15:00+00:00,2023-05-12 12:30:00+00:00,20.256947479629517,20.442187048082875,2.833197268850996,57.39192827454441,20.4319710625516,20.023582702400073,SL,-0.5248202394251918,0.05765433839425701,0.0,-0.5537786136821766,0.4958763371193626,-1.1167675733413276,13,49.0051591341168,
SOL,-1,LEGACY_SMC,2023-05-12 12:30:00+00:00,2023-05-12 12:45:00+00:00,20.343929972839355,20.497539359287952,3.4181917949921146,69.53945451105363,20.487295711432235,20.152775654715512,SL,-0.5250663443923672,0.06980198768324983,0.0,-0.5600986048200902,0.49005159134116805,-1.1429380390077262,1,48.41029080204118,
ETH,-1,LEGACY_SMC,2023-05-12 13:00:00+00:00,2023-05-12 14:00:00+00:00,1772.015521118164,1781.805487947839,0.04097900686402595,72.61543620306178,1780.9150304326229,1760.1495086988857,SL,-0.401183117911838,0.0728160277620177,0.0,-0.4376914275723248,0.36469305328366936,-1.2001638737875138,4,47.91213189561393,
SOL,-1,LEGACY_SMC,2023-05-12 13:00:00+00:00,2023-05-12 14:00:00+00:00,20.353928201675416,20.518908720256977,2.3739654099207237,48.31952150678735,20.50865439306045,20.147626613162036,SL,-0.39165804442341046,0.048515350528999066,0.0,-0.4160136341990158,0.36731462635684503,-1.1325811833990511,4,47.496118261414914,
ETH,-1,LEGACY_SMC,2023-05-12 14:30:00+00:00,2023-05-12 15:15:00+00:00,1774.8449111816406,1761.2183681436254,0.04014107201326681,71.24417739212237,1785.064818460152,1761.2183681436254,TP,0.5469840453808453,0.07097068536943195,0.0,0.5116354487074746,0.41023803403564085,1.2471672693883484,3,47.97213162142633,
LINK,1,LEGACY_SMC,2023-05-13 10:15:00+00:00,2023-05-13 11:45:00+00:00,6.577315413665771,6.549403591693126,10.9403598438705,71.95819743213949,6.552679931658956,6.610162723008193,SL,-0.3053653762787885,0.0718055147440001,0.0,-0.34119179230671887,0.2695210380817613,-1.2659189602973244,6,47.59496073040354,
LINK,1,LEGACY_SMC,2023-05-13 12:15:00+00:00,2023-05-13 12:30:00+00:00,6.554310573291779,6.586537962404107,10.892440981744599,71.3924410956053,6.530140031457532,6.586537962404107,TP,0.35103493390176,0.07156795856255618,0.0,0.3151631958870065,0.26327620042632,1.19708198225539,1,47.87442770574275,
SOL,1,LEGACY_SMC,2023-05-13 13:00:00+00:00,2023-05-13 13:15:00+00:00,21.007200859451295,20.876342739458593,3.4184298060017615,71.81164155861413,20.886786132524854,21.16775382868655,SL,-0.44732929774040725,0.07158797690974392,0.0,-0.4830114538708441,0.41162929160690903,-1.1734137091781662,1,47.3555104310926,
SOL,1,LEGACY_SMC,2023-05-13 13:15:00+00:00,2023-05-13 13:30:00+00:00,20.986196751022337,20.856770962798304,3.384761254712745,71.0332656466389,20.867204565080844,21.14485299894433,SL,-0.43807539334136414,0.07081422794996822,0.0,-0.4733729884680129,0.4027601405883426,-1.175322333974064,1,46.846620809801266,
SOL,1,LEGACY_SMC,2023-05-13 13:45:00+00:00,2023-05-13 18:45:00+00:00,20.892178088378905,21.05167255465331,3.363456453292869,70.2699312147019,20.7725572386731,21.05167255465331,TP,0.5364526918551534,0.07053815756062948,0.0,0.5010494999018749,0.4023395188913621,1.2453400085641748,20,47.31253534409579,
BTC,-1,LEGACY_SMC,2023-05-13 19:00:00+00:00,2023-05-13 19:15:00+00:00,26780.1429,26893.44,0.0026500531860919863,70.96880301614368,26874.37330682951,26654.50235756065,SL_GAP,-0.3002433408299818,0.07111892468655867,0.0,-0.3358778640084686,0.24971558984529368,-1.3450416300262031,1,46.941173078579254,
ETH,1,LEGACY_SMC,2023-05-15 14:15:00+00:00,2023-05-15 14:45:00+00:00,1818.8837235351562,1827.6641576887575,0.03871152328584127,70.41175961786888,1812.2983979199553,1827.6641576887575,TP,0.33990398119693627,0.07058171160846735,0.0,0.30452814939740336,0.25492798589769555,1.1945653919676464,2,47.1870687689782,
BTC,1,LEGACY_SMC,2023-05-15 14:30:00+00:00,2023-05-15 14:45:00+00:00,27310.36098,27442.394874767975,0.0017155818047725022,46.85315837905692,27211.33555892402,27442.394874767975,TP,0.22651494747718318,0.04696641585279551,0.0,0.20297511081391612,0.16988621060788894,1.1947709592651932,1,47.39004387979212,
SOL,1,LEGACY_SMC,2023-05-15 19:30:00+00:00,2023-05-15 20:15:00+00:00,21.209240923690796,21.074864412366896,3.351608201134907,71.08506581968817,21.085407115924856,21.37435266737872,SL,-0.4503774173930815,0.07085987711099162,0.0,-0.4856947615942291,0.4150424056860903,-1.1702292463136295,3,46.86880658528804,
ETH,1,LEGACY_SMC,2023-05-15 23:45:00+00:00,2023-05-16 00:30:00+00:00,1819.61385,1812.818517675346,0.03863633477945448,70.30320987793206,1813.7253803655285,1827.4651428459617,SL,-0.2625467346329827,0.07017193651061557,0.0,-0.29756706620463225,0.22750888413609083,-1.307936027793245,3,46.51269745035797,
LINK,1,LEGACY_SMC,2023-05-16 00:00:00+00:00,2023-05-16 00:45:00+00:00,6.6353266244888305,6.603246425278957,7.0502825588551215,46.78092757294063,6.606549700129022,6.673695856968575,SL,-0.2261744689739665,0.04666784033845364,0.0,-0.24945184552594984,0.20288544791145327,-1.2295206388327067,3,46.26324560483202,
BTC,1,LEGACY_SMC,2023-05-16 01:00:00+00:00,2023-05-16 01:15:00+00:00,27216.9423,27084.435330457283,0.002549693776851929,69.39486840724803,27097.98432261859,27375.552936508542,SL,-0.3378521956325699,0.06922594230943174,0.0,-0.3723807037383776,0.30330641463626734,-1.227737646712635,1,45.83307921588036,
LINK,1,LEGACY_SMC,2023-05-16 01:00:00+00:00,2023-05-16 01:15:00+00:00,6.623324617481232,6.583479328564344,6.971801124988999,46.17650201932298,6.586772714921805,6.672060487560467,SL,-0.2777934300962675,0.04603760530427485,0.0,-0.30074278439088087,0.25483259538429814,-1.1801582287279546,1,45.532336431489476,
XRP,-1,LEGACY_SMC,2023-05-16 19:30:00+00:00,2023-05-16 21:30:00+00:00,0.4238152281999588,0.42578936149470364,161.15160594232006,68.29850464723421,0.4255765732080996,0.4214667681891044,SL,-0.3181347507923326,0.06845757202263038,0.0,-0.3524430704913459,0.2838435766803773,-1.2416806278065442,8,45.14574410867451,
SOL,-1,LEGACY_SMC,2023-05-17 16:45:00+00:00,2023-05-17 18:00:00+00:00,20.724854291534424,20.883321447294854,3.049755224105444,63.205732644431244,20.872885004792458,20.527480007190377,SL,-0.48328603612950327,0.063447375662496,0.0,-0.5151305454697837,0.4514574410867451,-1.1410389963442957,5,44.599010696882516,
BTC,1,LEGACY_SMC,2023-05-18 05:30:00+00:00,2023-05-18 06:00:00+00:00,27278.55462,27191.01115768635,0.0024524215808808046,66.89851604532377,27204.61346441856,27377.14282744192,SL,-0.21469347624302018,0.06679116930720226,0.0,-0.24803538752756055,0.1813348856631896,-1.367830501121886,2,44.317526051332294,
BTC,1,LEGACY_SMC,2023-05-18 06:30:00+00:00,2023-05-18 07:30:00+00:00,27186.736259999998,27290.06382645014,0.0024451735743950035,66.47628907699844,27109.24058516239,27290.06382645014,TP,0.25265383499043,0.06660261599449366,0.0,0.21928936353443554,0.1894903762428225,1.1572585789445429,4,44.48146005498324,
ETH,1,LEGACY_SMC,2023-05-18 06:30:00+00:00,2023-05-18 07:30:00+00:00,1817.3533882324218,1824.1641637853647,0.02434002708356515,44.23443068998604,1812.2453065677148,1824.1641637853647,TP,0.16577446141871396,0.044317317920695404,0.0,0.1435743588430116,0.12433084606403132,1.1547766575083847,4,44.62503441382625,
LINK,1,LEGACY_SMC,2023-05-18 12:15:00+00:00,2023-05-18 12:30:00+00:00,6.695338567256927,6.664791505744272,9.997635063309966,66.93755162073937,6.668125568528536,6.731622565561449,SL,-0.3053983732600045,0.06678485243410937,0.0,-0.3387144498837442,0.27206563026477254,-1.244973316012425,1,44.252851188132134,
BTC,1,LEGACY_SMC,2023-05-18 15:00:00+00:00,2023-05-18 15:15:00+00:00,27254.34978,27092.64514333674,0.0024355479884135473,66.3792767821982,27106.19824245797,27451.885163389376,SL,-0.39383940254234723,0.06618235708092704,0.0,-0.4268321212321752,0.36083017924086846,-1.1829169115791942,1,43.79282942850886,
SOL,-1,LEGACY_SMC,2023-05-19 08:45:00+00:00,2023-05-19 10:45:00+00:00,20.484902520370483,20.38735444036689,2.1338016048582045,43.71071787333041,20.558063580373176,20.38735444036689,TP,0.20814824966249912,0.043606643748499166,0.0,0.18639696485066515,0.15611118724687434,1.1940013277581245,8,43.92452641235148,
BTC,-1,LEGACY_SMC,2023-05-19 07:30:00+00:00,2023-05-19 12:00:00+00:00,26884.72198,26979.14395436134,0.0024433670614719626,65.68924414276329,26965.661123799444,26776.803121600737,SL,-0.23070754203365568,0.06580459791378011,0.0,-0.26366751787605414,0.19776403794330763,-1.3332429931049388,18,43.66085889447543,
BTC,-1,LEGACY_SMC,2023-05-19 12:15:00+00:00,2023-05-19 13:45:00+00:00,26947.30946,26846.83291951672,0.002430346095922006,65.49128834171314,27022.666865362462,26846.83291951672,TP,0.24419276789528815,0.0653691919577655,0.0,0.21156922010837922,0.18314457592147051,1.1552033088825777,6,43.81789297302093,
SOL,-1,LEGACY_SMC,2023-05-19 12:15:00+00:00,2023-05-19 13:45:00+00:00,20.50189931869507,20.404856659760444,2.1256076867136846,43.57899478404829,20.57468131289604,20.404856659760444,TP,0.20627462177057554,0.043475857473163,0.0,0.18458826168943668,0.15470596632793165,1.1931554165025753,6,44.002481234710366,
SOL,-1,LEGACY_SMC,2023-05-19 15:30:00+00:00,2023-05-19 15:45:00+00:00,20.367925340652466,20.48430845100414,2.1563303992839726,43.91997658239528,20.474071415296493,20.226397241127096,SL,-0.2509604388145347,0.044045456801802545,0.0,-0.2730459073251396,0.2288860075195807,-1.1929340298435724,1,43.67447347816799,
ETH,1,LEGACY_SMC,2023-05-19 15:45:00+00:00,2023-05-19 19:15:00+00:00,1818.7036338134765,1807.6730044830636,0.02374353965126742,43.18246184335442,1808.5772931296283,1832.2054213919407,SL,-0.2619061848850926,0.04305150875091188,0.0,-0.28336646271432725,0.2404351715491918,-1.1785566183537832,14,43.369515784531984,
XRP,1,LEGACY_SMC,2023-05-20 05:00:00+00:00,2023-05-20 11:00:00+00:00,0.4636027086675167,0.46652257588795987,91.50090544377498,42.42006760926441,0.4614128082521843,0.46652257588795987,TP,0.2671704944461499,0.04255365285648748,0.0,0.2458268753942946,0.20037787083461367,1.226816486123826,24,43.59413262612164,
BTC,-1,LEGACY_SMC,2023-05-19 15:30:00+00:00,2023-05-20 15:30:00+00:00,26872.6244,26950.08894,0.0024561695526866944,66.00372185206555,27003.430140099448,26698.216746534068,TIME,-0.19026604456088264,0.066098854874346,0.0,-0.22336303850919587,0.32128107614891216,-0.695226252310199,96,43.37076958761244,
SOL,-1,LEGACY_SMC,2023-05-20 18:15:00+00:00,2023-05-20 19:00:00+00:00,20.320935762786867,20.2376832457917,3.2014349703596863,65.05615438141866,20.38337515053324,20.2376832457917,TP,0.2665275192787903,0.06492289062177928,0.0,0.2341327058477204,0.19989563945908706,1.1712747035467008,3,43.57237421626945,
ETH,1,LEGACY_SMC,2023-05-20 21:15:00+00:00,2023-05-21 00:30:00+00:00,1816.5732029296876,1823.0276956377436,0.03597904076697643,65.35856132440418,1811.7323333986456,1823.0276956377436,TP,0.23222645627329974,0.06547467455254083,0.0,0.199431062382961,0.1741698422049748,1.1450378541898032,13,43.739125997990215,
BTC,1,LEGACY_SMC,2023-05-21 08:15:00+00:00,2023-05-21 09:00:00+00:00,27077.71446,27018.367975464545,0.0024229773563017817,65.60868899698532,27031.883917423256,27138.821850102322,SL,-0.14379518820551837,0.06553679140288257,0.0,-0.17652763510990827,0.11104636689047306,-1.589675016419227,3,43.529794018381814,
ETH,1,LEGACY_SMC,2023-05-21 09:30:00+00:00,2023-05-21 10:30:00+00:00,1815.6030382324218,1811.3476264017042,0.03596308755417169,65.29469102757272,1812.2537532783433,1820.0687515045263,SL,-0.15303774824715324,0.06521817215344915,0.0,-0.18560857488681604,0.12045062804739445,-1.5409514910439777,4,43.31153809798121,
SOL,-1,LEGACY_SMC,2023-05-21 10:45:00+00:00,2023-05-21 11:00:00+00:00,20.267944959259033,20.20875279381246,3.2054215302816242,64.96730714697182,20.31233908334396,20.20875279381246,TP,0.1897358415464322,0.0648724392261986,0.0,0.1573470558937195,0.1423018811598213,1.1057271668601538,1,43.43640150030144,
XRP,1,LEGACY_SMC,2023-05-21 11:00:00+00:00,2023-05-21 11:15:00+00:00,0.4669933710336685,0.4648974363058806,139.5193300201145,65.15460225045217,0.4653720740648628,0.4691551003254094,SL_GAP,-0.2924234089868598,0.06500839054595875,0.0,-0.32485449840759245,0.22620226685141326,-1.4361239740403726,1,43.078969700768624,
SOL,-1,LEGACY_SMC,2023-05-22 06:45:00+00:00,2023-05-22 09:00:00+00:00,19.71205640335083,19.82217127427386,3.2781183874944944,64.61845455115294,19.81226514170301,19.57844475221459,SL,-0.3609695831093703,0.06479893934270763,0.0,-0.3934592951765014,0.328496107779905,-1.1977593824037704,9,42.65320117831655,
SOL,-1,LEGACY_SMC,2023-05-22 09:30:00+00:00,2023-05-22 10:30:00+00:00,19.81903535423279,19.91931494398831,3.228199588120243,63.979801767474825,19.909360263856385,19.698602141401327,SL,-0.3237225303456466,0.06414166303264765,0.0,-0.3558742924945568,0.2915868360438932,-1.2204744813685153,4,42.26533698493826,
SOL,-1,LEGACY_SMC,2023-05-22 10:45:00+00:00,2023-05-22 11:30:00+00:00,19.877024318695067,19.75731892905763,3.189511893778751,63.39800547740739,19.966803360923148,19.75731892905763,TP,0.3818017639980297,0.06320710459540838,0.0,0.350293662141325,0.28635132299852795,1.2233003098195072,3,42.58393164434088,
BTC,1,LEGACY_SMC,2023-05-23 13:45:00+00:00,2023-05-23 14:15:00+00:00,27240.947099999998,27357.04206534296,0.0023448486292354837,63.87589746651132,27153.875875992777,27357.04206534296,TP,0.2722251203455887,0.06401201002668411,0.0,0.24015105905216025,0.20416884025918727,1.1762375627313866,2,42.770892711273525,
ETH,1,LEGACY_SMC,2023-05-23 13:45:00+00:00,2023-05-23 14:45:00+00:00,1846.5392779541016,1855.2352322491574,0.023018241355580973,42.50408677250773,1840.0173122328097,1855.2352322491574,TP,0.20016557478069538,0.042604169559898084,0.0,0.17881344860705117,0.15012418108552414,1.1911035738152207,4,42.94970615988058,
ETH,1,LEGACY_SMC,2023-05-23 19:15:00+00:00,2023-05-24 02:00:00+00:00,1851.5502897216797,1843.7760304797437,0.023153125085938003,42.8691754608308,1844.6983796695783,1860.6861697911481,SL,-0.1799983966790556,0.042779176262491274,0.0,-0.20134298521113148,0.15864313051389975,-1.2691566572023143,27,42.69471630731911,
BTC,1,LEGACY_SMC,2023-05-23 19:15:00+00:00,2023-05-24 03:00:00+00:00,27188.4366,27087.409913175383,0.0023695573301122015,64.42455923982087,27100.96039337207,27305.07154217058,SL,-0.23938852630222354,0.06430486497666976,0.0,-0.27148111165898287,0.20727988662562746,-1.3097320539802813,31,42.423235195660126,
LINK,-1,LEGACY_SMC,2023-05-24 20:45:00+00:00,2023-05-25 00:30:00+00:00,6.329733651256562,6.288917335853302,10.053322351226829,63.63485279349019,6.3603458878090064,6.288917335853302,TP,0.41033957593831233,0.06342968300552104,0.0,0.3787273193295364,0.3077546819537365,1.2306143221777823,15,42.77014508859292,
SOL,-1,LEGACY_SMC,2023-05-25 04:00:00+00:00,2023-05-25 12:00:00+00:00,19.361126771163942,19.506810650601533,3.1463593244133192,60.91706174760001,19.497062119541763,19.179879639993512,SL,-0.4583738324851709,0.06114624866384259,0.0,-0.4890615502752135,0.4277014508859292,-1.1434647912981932,32,42.2506250074439,
XRP,-1,LEGACY_SMC,2023-05-25 12:15:00+00:00,2023-05-25 13:00:00+00:00,0.45367925766110423,0.45100252288474957,139.69326664369413,63.37593751116585,0.45568680874337025,0.45100252288474957,TP,0.37392182484776065,0.06318897659874198,0.0,0.3424208170046016,0.28044136863582436,1.2210067960738793,3,42.56135785569292,
LINK,-1,LEGACY_SMC,2023-05-26 07:30:00+00:00,2023-05-26 07:45:00+00:00,6.288741961860657,6.3132769803368145,10.151797795285969,63.84203678353938,6.310121919377126,6.260235351838698,SL,-0.24907454647355814,0.06396657405677617,0.0,-0.28112010213856464,0.21704500557900033,-1.295215715232121,1,42.24831673516258,
SOL,-1,LEGACY_SMC,2023-05-26 12:45:00+00:00,2023-05-26 13:00:00+00:00,19.26014713897705,19.353099576672452,3.2903422100289172,63.37247510274388,19.343427862741084,19.149106173958337,SL,-0.3058453292742645,0.063525397767381,0.0,-0.3376844894902736,0.27402208068255884,-1.232325835382093,1,41.87894600812094,
XRP,1,LEGACY_SMC,2023-05-27 04:30:00+00:00,2023-05-27 04:45:00+00:00,0.4682736367821693,0.47367032015587024,103.46835419251549,48.451502509594846,0.46422612425189363,0.47367032015587024,TP,0.5583859467749459,0.048730695482982325,0.0,0.533881002546761,0.41878946008120943,1.2748195774631808,1,42.38860125941291,
BTC,1,LEGACY_SMC,2023-05-27 11:00:00+00:00,2023-05-27 12:15:00+00:00,26687.03634,26736.692362572707,0.0023825388881349037,63.58290188911936,26649.794323070466,26736.692362572707,TP,0.11830740480958146,0.06364205559152415,0.0,0.08645680016261699,0.08873055360719043,0.974374627992976,5,42.42211204731494,
ETH,1,LEGACY_SMC,2023-05-27 11:15:00+00:00,2023-05-27 13:15:00+00:00,1827.0253661865233,1831.60479995702,0.023157381071485416,42.309122632051505,1823.5907908586507,1831.60479995702,TP,0.10604769291502217,0.04236214647850902,0.0,0.0848401077525389,0.07953576968626795,1.0666912269434763,8,42.50695215506748,
LINK,1,LEGACY_SMC,2023-05-27 14:00:00+00:00,2023-05-27 14:15:00+00:00,6.346268790149688,6.374713513225537,6.685385227557626,42.42725161977673,6.324935247842801,6.374713513225537,TP,0.1901639314532447,0.042522333585503364,0.0,0.1688552236776297,0.1426229485899365,1.1839274488926403,1,42.62271353881893,
SOL,1,LEGACY_SMC,2023-05-27 14:00:00+00:00,2023-05-27 15:15:00+00:00,19.493897771072387,19.591489733456722,3.2707890941757856,63.76042823260122,19.420703799284137,19.591489733456722,TP,0.31920272624589746,0.06392002959572418,0.0,0.2871629107664739,0.23940204468441728,1.1995006606773788,5,42.909876449585404,
ETH,1,LEGACY_SMC,2023-05-28 11:45:00+00:00,2023-05-28 12:30:00+00:00,1844.248780883789,1838.6707966420574,0.03490028858445747,64.36481467437811,1839.5905919380264,1850.4596994781396,SL,-0.19467325975599098,0.06426747804450011,0.0,-0.22675833046330204,0.16257213848804902,-1.3948166799809394,3,42.65093571178491,
BTC,1,LEGACY_SMC,2023-05-28 12:45:00+00:00,2023-05-28 14:15:00+00:00,27142.82748,27235.43426935024,0.0015684056953422937,42.570965207325315,27073.372387987318,27235.43426935024,TP,0.14524501584428115,0.042643587715247455,0.0,0.12388691073269635,0.10893376188321373,1.1372682682666708,6,42.7215489381301,
ETH,1,LEGACY_SMC,2023-05-28 12:30:00+00:00,2023-05-28 15:00:00+00:00,1843.3886235351563,1838.0823657357857,0.03470586871963368,63.976403567677366,1839.00186666912,1849.2376326898711,SL,-0.18415828657748634,0.06388432442438863,0.0,-0.2160544092180363,0.15224620789760382,-1.419111925358088,10,42.50549452891206,
BTC,1,LEGACY_SMC,2023-05-29 07:45:00+00:00,2023-05-29 10:45:00+00:00,27891.877259999997,27763.131952213946,0.0022859071549409253,63.758241793368086,27777.020462445165,28045.019656739776,SL,-0.29429982023320755,0.06361109188325148,0.0,-0.326031791219775,0.2625519753241922,-1.2417799973403345,12,42.1475836167956,
BTC,1,LEGACY_SMC,2023-05-29 11:00:00+00:00,2023-05-29 14:30:00+00:00,27872.173319999998,27755.05237090713,0.002268261419708817,63.2213754251934,27768.936839326794,28009.821960897603,SL,-0.2656609302670301,0.06308854496005989,0.0,-0.2971387875144933,0.23416732621754335,-1.26891651501563,14,41.818834141568516,
SOL,1,LEGACY_SMC,2023-05-29 14:45:00+00:00,2023-05-29 15:15:00+00:00,20.67213286743164,20.574381440865857,2.0191638712478452,41.74042382755309,20.584673777754734,20.788744987000843,SL,-0.19737614888456465,0.04164173575311081,0.0,-0.2181476727238989,0.1765942340878319,-1.23530461711111,2,41.548452131324666,
ETH,1,LEGACY_SMC,2023-05-29 14:45:00+00:00,2023-05-29 15:30:00+00:00,1894.1788088378905,1886.0849717551407,0.033116330369484796,62.728251212352774,1887.0284859981398,1903.712572624225,SL,-0.26803818278912994,0.06259423212095822,0.0,-0.29926828930391175,0.2367924534096583,-1.2638421748440112,3,41.249183842020756,
SOL,1,LEGACY_SMC,2023-05-29 15:45:00+00:00,2023-05-29 16:00:00+00:00,20.625124489974976,20.472758301734924,1.996198454090733,41.17184162231696,20.514094335854672,20.773164695468715,SL_GAP,-0.30415314942048893,0.041019765047606724,0.0,-0.32458699365693716,0.22163822201240585,-1.4644901529609315,1,40.873074039671145,
BTC,1,LEGACY_SMC,2023-05-29 15:45:00+00:00,2023-05-29 16:15:00+00:00,27686.0361,27545.88699251051,0.0022348369242728514,61.873775763031134,27559.666825923472,27854.528465435375,SL,-0.31321040032139963,0.06171717056287043,0.0,-0.3439906830027545,0.2824147197997833,-1.2180338306963079,2,40.50892890200032,
BTC,1,LEGACY_SMC,2023-05-29 16:15:00+00:00,2023-05-29 17:00:00+00:00,27680.43498,27536.539377227993,0.0021951748011512094,60.76339335300048,27550.31453449524,27853.928907339687,SL,-0.31587600120157766,0.060605455352399695,0.0,-0.3460997598774771,0.28563712308662437,-1.2116763960422483,3,40.132447445446346,
LINK,1,LEGACY_SMC,2023-05-29 16:00:00+00:00,2023-05-29 18:30:00+00:00,6.560311815261841,6.608626552065042,6.144358754773287,40.308909336146726,6.52407576265944,6.608626552065042,TP,0.29686307606131573,0.040457340874177385,0.0,0.2765601898552117,0.22264730704598407,1.2421447783246389,10,40.378996530662825,
BTC,1,LEGACY_SMC,2023-05-29 17:15:00+00:00,2023-05-30 03:15:00+00:00,27679.63482,27868.784462303953,0.0021684610244243514,60.022209277469145,27537.772588272033,27868.784462303953,TP,0.41016362711993054,0.06022729109102912,0.0,0.37994744066763597,0.30762272033994986,1.2351085129465111,40,40.75894397133046,
ETH,1,LEGACY_SMC,2023-05-30 15:00:00+00:00,2023-05-30 17:45:00+00:00,1897.4693838134765,1909.1253178477878,0.032221028954955544,61.138415956995686,1888.727433287743,1909.1253178477878,TP,0.37556618801659486,0.061326199051003984,0.0,0.34480919694408874,0.28167464101244793,1.2241400067280133,11,41.05284269982037,
BTC,1,LEGACY_SMC,2023-05-30 16:30:00+00:00,2023-05-31 04:45:00+00:00,27698.138519999997,27537.948143225443,0.0014687817710929776,40.68252095138422,27551.724005228058,27893.35787302925,SL,-0.23528470531098,0.04056487859872873,0.0,-0.25550832343401664,0.2150509703204477,-1.188129135401172,49,40.76852061278824,
SOL,1,LEGACY_SMC,2023-05-31 02:15:00+00:00,2023-05-31 04:45:00+00:00,21.083216273117063,20.92255661543446,2.7333366242467694,57.627527196226346,20.933023126997956,21.28347380127587,SL,-0.4391369263828111,0.05740795873303495,0.0,-0.4677311215177329,0.4105284269982037,-1.1393391803286244,10,40.30078949127051,
LINK,-1,LEGACY_SMC,2023-05-31 23:15:00+00:00,2023-06-01 00:00:00+00:00,6.472705177116394,6.495742557508379,9.339400232629924,60.45118423690576,6.492496309353703,6.446317000799983,SL,-0.2151553157920887,0.060558761894801805,0.0,-0.24548848556843764,0.18483730502113113,-1.3281327897546045,3,40.025075413583615,
ETH,-1,LEGACY_SMC,2023-06-01 13:00:00+00:00,2023-06-01 14:15:00+00:00,1864.37705,1856.8160686653653,0.02142808419422624,39.95002839718315,1870.0477860009762,1856.8160686653653,TP,0.16201734462952735,0.03986901972486838,0.0,0.14212333910325053,0.12151300847214673,1.1696141910257132,5,40.117204931928086,
BTC,-1,LEGACY_SMC,2023-06-01 13:00:00+00:00,2023-06-01 16:30:00+00:00,26937.511420000003,26824.7570827075,0.002228773556112535,60.037613120375426,27022.07717296938,26824.7570827075,TP,0.25130388529452385,0.059911961177728165,0.0,0.2214107306769834,0.18847791397089494,1.1747303756299743,14,40.33861566260507,
BTC,-1,LEGACY_SMC,2023-06-02 04:30:00+00:00,2023-06-02 04:45:00+00:00,26978.003320000003,27104.022718727392,0.0022428614444216623,60.50792349390761,27090.4774799874,26828.037773350145,SL,-0.28264405065486053,0.06064924551923505,0.0,-0.31303933442714177,0.2522639569294441,-1.2409197819516324,1,39.99532236643098,
XRP,1,LEGACY_SMC,2023-06-02 12:45:00+00:00,2023-06-02 15:00:00+00:00,0.5151429884076119,0.5186609586671803,116.45889568466076,59.992983549646475,0.5125045107129356,0.5186609586671803,TP,0.40969893148082215,0.06019783301538689,0.0,0.3794975902402585,0.3072741986106101,1.2350454153203168,9,40.324863299327916,
ETH,1,LEGACY_SMC,2023-06-02 14:00:00+00:00,2023-06-02 15:45:00+00:00,1879.8959235351563,1892.0347658399376,0.02123539427753186,39.92033113699393,1870.7917918065702,1892.0347658399376,TP,0.2577731024148143,0.04004921768820134,0.0,0.23768405029510994,0.19332982681111194,1.2294225584101577,7,40.562547349623024,
SOL,1,LEGACY_SMC,2023-06-03 15:30:00+00:00,2023-06-03 16:00:00+00:00,21.17923423690796,21.276040513007175,1.9116126730771392,40.48649257334249,21.106629529833548,21.276040513007175,TP,0.18505610422466479,0.04057902062545482,0.0,0.1647203298858812,0.1387920781684986,1.1868136284111603,2,40.67660252271002,
ETH,1,LEGACY_SMC,2023-06-03 15:30:00+00:00,2023-06-03 17:00:00+00:00,1902.5803911621094,1897.0636878246307,0.03197963213910278,60.84382102443453,1898.0126941717165,1908.6706538159667,SL,-0.17642214335312947,0.06075560995275797,0.0,-0.20675584279367018,0.14607326947565374,-1.4154255842690677,6,40.46984667991635,
BTC,1,LEGACY_SMC,2023-06-03 17:45:00+00:00,2023-06-03 19:45:00+00:00,27179.534819999997,27087.54678135486,0.0022334734726660982,60.70477001987453,27101.097330019868,27284.118139973503,SL,-0.20545284411649703,0.06060204359781628,0.0,-0.23570250270437604,0.17518805313313238,-1.3454256639592674,8,40.18359480934335,
SOL,1,LEGACY_SMC,2023-06-03 18:15:00+00:00,2023-06-03 20:00:00+00:00,21.10322073097229,21.004138348664725,1.9141137853951848,40.39396571739151,21.014645671500475,21.221320810268043,SL,-0.18965495386470496,0.04029913824045916,0.0,-0.20975710924646837,0.16954274237719877,-1.237193089514859,7,39.97383770009688,
ETH,1,LEGACY_SMC,2023-06-04 16:15:00+00:00,2023-06-04 22:15:00+00:00,1900.3299411621094,1907.5640730822151,0.031552813672702275,59.96075655014532,1894.90434222203,1907.5640730822151,TP,0.22825721655884343,0.06007488515842474,0.0,0.19816270967549135,0.17119291241913795,1.1575403845593926,24,40.1420200314973,
SOL,1,LEGACY_SMC,2023-06-04 23:45:00+00:00,2023-06-05 00:00:00+00:00,21.9563900642395,21.79462139880919,1.8248333914050472,40.06675374393825,21.805524160889636,22.15754460203932,SL,-0.29520086236025833,0.039919153312758124,0.0,-0.3150866388010473,0.2753051380573181,-1.144499666894872,1,39.77679350080066,
BTC,1,LEGACY_SMC,2023-06-04 23:45:00+00:00,2023-06-05 00:15:00+00:00,27165.331980000003,27044.71827951048,0.0022165394515177186,60.21303004724595,27058.247403212088,27308.11141571722,SL,-0.26734502552856493,0.06007935753448167,0.0,-0.2973178680394236,0.23735718909949116,-1.2526179180306993,2,39.479475632761236,
SOL,1,LEGACY_SMC,2023-06-05 00:15:00+00:00,2023-06-05 02:45:00+00:00,21.864372610473634,21.688901212626547,2.3981964861250398,52.43506156576643,21.699751088170633,22.083867973544304,SL,-0.42081488973233233,0.052224654120900264,0.0,-0.44682201307034936,0.39479475632761235,-1.1317830490624938,10,39.006436088908,
XRP,1,LEGACY_SMC,2023-06-05 13:15:00+00:00,2023-06-05 14:30:00+00:00,0.5318163706541061,0.5365751116915407,109.29063179263886,58.12254714645547,0.5282473148760303,0.5365751116915407,TP,0.5200858145187814,0.05838259005371486,0.0,0.4907644980382943,0.39006436088908003,1.2581628757871826,5,39.46813931337307,
XRP,1,LEGACY_SMC,2023-06-05 15:15:00+00:00,2023-06-05 15:30:00+00:00,0.5314562865972519,0.5195200901925564,88.70359859103145,47.1420851150028,0.5270068459950344,0.5373888740668751,SL_GAP,-1.0587835745858183,0.046612693327709884,0.0,-1.0818252253560268,0.39468139313373074,-2.741008935755605,1,38.362743045459545,
ETH,-1,LEGACY_SMC,2023-06-06 10:00:00+00:00,2023-06-06 10:45:00+00:00,1816.5865611816407,1821.748257895415,0.028846771815115416,52.40265801281199,1820.837838975927,1810.918190789259,SL,-0.14889828728107807,0.05247710715645253,0.0,-0.1751740654311246,0.12263564045444558,-1.4284107359164893,3,38.13964270740113,
ETH,-1,LEGACY_SMC,2023-06-06 11:00:00+00:00,2023-06-06 11:30:00+00:00,1818.0063211181641,1812.2618865693712,0.02854732622425514,51.89921952671818,1822.3146470297588,1812.2618865693712,TP,0.16398824703827347,0.05181722540319904,0.0,0.13812063139843353,0.12299118527870512,1.1230124426026484,2,38.25181372903621,
XRP,-1,LEGACY_SMC,2023-06-06 05:15:00+00:00,2023-06-06 12:00:00+00:00,0.509258143389225,0.5032630256297906,85.31996553381765,43.449887241784644,0.5137544817088009,0.5032630256297906,TP,0.511503240606121,0.04319413562148158,0.0,0.4900340486055317,0.38362743045459546,1.2773696813724849,27,38.74184777764174,
ETH,-1,LEGACY_SMC,2023-06-06 14:45:00+00:00,2023-06-06 16:00:00+00:00,1835.5528599365234,1848.9672886509893,0.031004005022243986,56.909490088066285,1848.0432670174807,1818.8989838285804,SL,-0.4159010152338342,0.0571174405956832,0.0,-0.4445637107854843,0.38725264386787234,-1.1479939977818874,5,38.25224593095771,
BTC,-1,LEGACY_SMC,2023-06-06 16:15:00+00:00,2023-06-06 16:45:00+00:00,26142.670420000002,26345.01138078559,0.002022055675205985,52.86193508780063,26331.845458056563,25890.437035924584,SL,-0.4091446880831268,0.0530665074318422,0.0,-0.4357802279710687,0.3825224593095771,-1.1392278214398643,2,37.790034735442745,
XRP,-1,LEGACY_SMC,2023-06-06 14:15:00+00:00,2023-06-06 17:30:00+00:00,0.5103379039525986,0.5165572690331998,64.9898458494644,33.16678170901815,0.5162991194734631,0.502389616591446,SL,-0.40419557786981175,0.03336887949795306,0.0,-0.42098106651325573,0.38741847777641736,-1.086631357723231,13,37.36905366892949,
ETH,1,LEGACY_SMC,2023-06-07 03:45:00+00:00,2023-06-07 09:00:00+00:00,1878.12555,1869.0095071392598,0.029845491694308845,56.05358050339423,1869.9444793789492,1889.033644161401,SL,-0.2720727814851853,0.05591754411265164,0.0,-0.29996353534613984,0.24416807527112638,-1.2285125113635667,21,37.04106334333166,
BTC,1,LEGACY_SMC,2023-06-07 09:45:00+00:00,2023-06-07 10:00:00+00:00,26734.3458,26474.756,0.0020782851927873803,55.561595014997486,26618.181905886755,26889.23099215099,SL_GAP,-0.5395016375386331,0.055291844196228165,0.0,-0.5670126842273625,0.24142170107207647,-2.3486400837598307,1,36.42778405592202,
ETH,1,LEGACY_SMC,2023-06-07 09:45:00+00:00,2023-06-07 10:00:00+00:00,1867.9935191162108,1851.2738511962891,0.019792151830941577,36.97161134956291,1861.7859446772998,1876.270285034759,SL_GAP,-0.33091820603401295,0.0368061522465459,0.0,-0.3492385526057774,0.12286125579679896,-2.8425442206401126,1,36.07854550331624,
XRP,1,LEGACY_SMC,2023-06-07 10:15:00+00:00,2023-06-07 11:45:00+00:00,0.5241348357796669,0.5310167325714088,69.90039053692291,36.63722971500467,0.5189734131858605,0.5310167325714088,TP,0.48104727337755515,0.03687775335169345,0.0,0.46248813488336404,0.3607854550331625,1.2818924056704373,6,36.52271502334211,
LINK,-1,LEGACY_SMC,2023-06-08 07:15:00+00:00,2023-06-08 08:45:00+00:00,5.9688057902336125,6.002486518610749,6.107458713486898,36.45423493267333,5.999486775223138,5.927897810247577,SL,-0.20570365800352933,0.036557086761675094,0.0,-0.22403362729886775,0.18738284911263983,-1.195593024440547,6,36.2530622423094,
ETH,-1,LEGACY_SMC,2023-06-08 06:45:00+00:00,2023-06-08 11:00:00+00:00,1842.6814388183593,1850.0037557596356,0.02973062591336682,54.784072535013166,1849.0792161515599,1834.1510690407586,SL,-0.2176970658001944,0.05489292106791327,0.0,-0.2451979506006011,0.1902099245704036,-1.2890912561707286,17,36.0078642917088,
ETH,-1,LEGACY_SMC,2023-06-08 11:15:00+00:00,2023-06-08 12:30:00+00:00,1844.4310888183595,1850.7168366255444,0.029283716136104615,54.0117964375632,1849.7919406552169,1837.2832863692165,SL,-0.18407005448874353,0.05410383146480757,0.0,-0.2111679877347695,0.15698566343824605,-1.3451418627016047,5,35.76969040575525,
ETH,-1,LEGACY_SMC,2023-06-08 12:45:00+00:00,2023-06-08 13:00:00+00:00,1847.9602900634766,1839.4021848286234,0.029034463509380853,53.65453560863287,1854.3788689896164,1839.4021848286234,TP,0.24847999415078653,0.05353029561155748,0.0,0.2217769663435455,0.18635999561308825,1.1900459946564297,1,35.96464010429448,
SOL,-1,LEGACY_SMC,2023-06-08 13:00:00+00:00,2023-06-08 16:45:00+00:00,18.850229291534426,18.629616543559983,2.173621148944117,40.973257050525106,19.015688852515257,18.629616543559983,TP,0.4795285347239264,0.04073349278316314,0.0,0.45928167046602586,0.3596464010429448,1.2770367481341311,15,36.378991582915795,
LINK,-1,LEGACY_SMC,2023-06-08 14:45:00+00:00,2023-06-08 16:45:00+00:00,5.999799727535248,5.95543154198708,8.148126414042999,48.88712663889794,6.033075866696374,5.95543154198708,TP,0.36151758460819133,0.048706367846593844,0.0,0.3372547800810465,0.2711381884561417,1.2438483195649128,8,36.71624636299684,
SOL,-1,LEGACY_SMC,2023-06-08 20:45:00+00:00,2023-06-09 00:30:00+00:00,18.993200340652468,18.79551362758393,2.4763927929587517,47.03462443881348,19.14146537545387,18.79551362758393,TP,0.48954995150663333,0.04678984946306017,0.0,0.4662774142629799,0.3671624636299684,1.2699484845294562,15,37.15900646504042,
SOL,-1,LEGACY_SMC,2023-06-09 10:15:00+00:00,2023-06-09 10:30:00+00:00,18.875223910140992,19.00587507211098,2.952998595561788,55.73850969756063,18.996376883669146,18.71368661210345,SL,-0.3858126978058953,0.05593141604646358,0.0,-0.41387485900357857,0.3577645606767746,-1.1568358202407234,1,36.71726235118806,
SOL,-1,LEGACY_SMC,2023-06-09 10:30:00+00:00,2023-06-09 10:45:00+00:00,18.921214237213135,19.116553851127623,2.910801222178546,55.075893526782096,19.04485629386993,18.756358161670743,SL_GAP,-0.5685947869221765,0.05536019092024319,0.0,-0.5964170310790287,0.3598974496292681,-1.657186044784147,1,36.093307373345645,
BTC,-1,LEGACY_SMC,2023-06-10 01:15:00+00:00,2023-06-10 01:45:00+00:00,26503.39826,26416.86887509368,0.0020427554432417326,54.139961060018464,26568.295298679743,26416.86887509368,TP,0.1767583720177443,0.054051581874009595,0.0,0.14977677067374395,0.13256877901331007,1.12980425548542,2,36.21601416348938,
BTC,-1,LEGACY_SMC,2023-06-10 17:15:00+00:00,2023-06-10 17:30:00+00:00,25675.26392,25834.911,0.002115811600398695,54.32402124523408,25795.426992644254,25515.046489807664,SL_GAP,-0.33778314383377606,0.05449291281715096,0.0,-0.36511404602831,0.2542424230402609,-1.4360862426586136,1,35.816425993444355,
SOL,-1,LEGACY_SMC,2023-06-10 17:15:00+00:00,2023-06-10 17:30:00+00:00,15.056988419532777,15.437300776603466,0.9712584203906686,14.624226788195994,15.429585983611661,14.560191667427599,SL,-0.36938157918352976,0.01480891757778776,0.0,-0.3768783833672195,0.3618885215286677,-1.041421213845724,1,35.439547610077135,
BTC,-1,LEGACY_SMC,2023-06-10 18:00:00+00:00,2023-06-10 18:15:00+00:00,26014.696020000003,25771.612312225745,0.0019438871728355606,50.56963389849432,26197.0088008307,25771.612312225745,TP,0.4725273014676881,0.050333370247760474,0.0,0.4474787481691748,0.3543954761007714,1.262653668981755,1,35.8427585297549,
ETH,-1,LEGACY_SMC,2023-06-10 18:00:00+00:00,2023-06-10 18:15:00+00:00,1760.027928881836,1739.4043290866243,0.02157126171767377,37.9660230843254,1775.4956287282448,1739.4043290866243,TP,0.4448770687430748,0.037743584549953864,0.0,0.42611649573528365,0.3336578015573061,1.2771063459221936,1,36.26887502549019,
ETH,-1,LEGACY_SMC,2023-06-11 05:45:00+00:00,2023-06-11 09:45:00+00:00,1754.9389810546875,1745.8718476609117,0.031000116314893095,54.403312538235284,1761.7393311000192,1745.8718476609117,TP,0.28108218984969957,0.05426277144331043,0.0,0.2540210746755068,0.21081164238727115,1.2049670113041375,16,36.495694443896575,
BTC,-1,LEGACY_SMC,2023-06-11 11:45:00+00:00,2023-06-11 13:00:00+00:00,25827.23352,25741.974615629857,0.0021196053237158654,54.74354166584486,25891.17769827761,25741.974615629857,TP,0.18071522759714034,0.054653184052046284,0.0,0.15343381437801648,0.13553642069785526,1.1320485931973887,5,36.603542854933266,
XRP,-1,LEGACY_SMC,2023-06-11 11:45:00+00:00,2023-06-11 13:30:00+00:00,0.5089582132101059,0.5055571637471654,71.57221176775967,36.427265016814275,0.5115090003073114,0.5055571637471654,TP,0.24342063239420336,0.03630555470061718,0.0,0.22532871020199333,0.18256547429565848,1.2342350659198642,7,36.82887156513526,
BTC,-1,LEGACY_SMC,2023-06-11 16:30:00+00:00,2023-06-11 16:45:00+00:00,25828.233320000003,25957.47225,0.0021388728630124857,55.24330734770289,25901.015668800752,25731.19018826567,SL_GAP,-0.2764256402217614,0.055381520167813766,0.0,-0.30418550671572375,0.1556721907562311,-1.9540131428615366,1,36.49706440474568,
BTC,-1,LEGACY_SMC,2023-06-11 17:00:00+00:00,2023-06-11 17:15:00+00:00,25868.22532,25968.69714365898,0.0014082385613373336,36.428632408986786,25955.719284016974,25751.566701310705,SL,-0.14148829640445987,0.03649937655718902,0.0,-0.15977335675715548,0.12321237401296152,-1.2967314203389009,1,36.29170393348047,
ETH,-1,LEGACY_SMC,2023-06-11 16:45:00+00:00,2023-06-11 17:30:00+00:00,1755.528828881836,1763.4701713470338,0.031184675356193434,54.745596607118514,1762.5888769085796,1746.1154315128447,SL,-0.24764818666954466,0.05486942070045329,0.0,-0.2751448090664387,0.22016530571313062,-1.2497191970152866,3,36.01655912441403,
LINK,-1,LEGACY_SMC,2023-06-11 17:45:00+00:00,2023-06-11 18:00:00+00:00,5.179964032649994,5.221562878159074,6.940014998070318,35.94902807605576,5.218953401458345,5.127978207572193,SL,-0.28869661173542605,0.036093376381923475,0.0,-0.30681547407932164,0.27058680429525034,-1.1338892703154158,1,35.66475671695337,
ETH,-1,LEGACY_SMC,2023-06-11 17:45:00+00:00,2023-06-11 19:15:00+00:00,1755.6087689453125,1764.6162853253456,0.03077270952518461,54.024838686621045,1763.7344181162875,1744.7745700506791,SL,-0.27718568510610303,0.0541634315291741,0.0,-0.3043366972919666,0.25004824164197287,-1.217111927256524,6,35.34869269961229,
SOL,-1,LEGACY_SMC,2023-06-11 18:30:00+00:00,2023-06-11 19:15:00+00:00,15.696859809303284,15.943511561841142,1.4942249840517885,23.454640098219357,15.93554378994617,15.378614501779436,SL,-0.3685532110022262,0.023638916703720474,0.0,-0.380464807656837,0.3566475671695337,-1.0667808858933885,3,34.96822789195546,
ETH,-1,LEGACY_SMC,2023-06-11 19:30:00+00:00,2023-06-11 20:00:00+00:00,1763.7471555908203,1773.1267739015136,0.029739150349111516,52.45234183793319,1772.2406535747264,1752.422491612279,SL,-0.2789418791589884,0.05259181277751268,0.0,-0.30530752101753444,0.25258941353325853,-1.208710676931575,2,34.63669420001896,
ETH,-1,LEGACY_SMC,2023-06-12 09:15:00+00:00,2023-06-12 13:15:00+00:00,1751.839503417969,1739.5402847635235,0.029657420784643968,51.95504130002844,1761.063917408803,1739.5402847635235,TP,0.364763102957231,0.051772659748549825,0.0,0.33896796385869543,0.27357232721792496,1.2390433173771884,16,34.93241345342311,
SOL,-1,LEGACY_SMC,2023-06-12 09:15:00+00:00,2023-06-12 13:15:00+00:00,15.526893733024597,15.221943967161643,1.5132860360974252,23.496631470154746,15.755606057421812,15.221943967161643,TP,0.4614762223915877,0.023265893358958952,0.0,0.44995864476770614,0.3461071667936894,1.3000558437899132,16,35.382372098190814,
LINK,-1,LEGACY_SMC,2023-06-12 09:30:00+00:00,2023-06-12 13:30:00+00:00,5.174964918231964,5.113849222875226,2.1344585544891523,11.045748138901473,5.220801689749518,5.113849222875226,TP,0.13044891876774334,0.010980523679517601,0.0,0.12499126915767647,0.09783668907580655,1.2775500718429853,16,35.50736336734849,
ETH,-1,LEGACY_SMC,2023-06-13 00:30:00+00:00,2023-06-13 00:45:00+00:00,1743.7711711181641,1734.7004370250297,0.028713162754619177,50.06918544312873,1750.5742216880149,1734.7004370250297,TP,0.26044946432004196,0.04993896071096871,0.0,0.2355450963306376,0.1953370982400282,1.2058390262417138,1,35.698548416288276,
LINK,-1,LEGACY_SMC,2023-06-12 18:00:00+00:00,2023-06-13 02:30:00+00:00,5.163966961860657,5.214012390289406,7.484732110803969,38.65090933856928,5.211406686945934,5.100713995080287,SL,-0.3745766251596014,0.038838197651149084,0.0,-0.39408936814146583,0.3550736336734849,-1.109880686054709,34,35.30445904814681,
SOL,-1,LEGACY_SMC,2023-06-13 02:45:00+00:00,2023-06-13 08:15:00+00:00,15.33393249320984,15.542831331483718,1.7552940755271342,26.91556085986425,15.535063799583927,15.06575741804439,SL,-0.3666788932066396,0.02709890030646757,0.0,-0.38032001308317503,0.35304459048146813,-1.0772577270324686,22,34.9106812546337,
ETH,-1,LEGACY_SMC,2023-06-13 12:45:00+00:00,2023-06-13 14:00:00+00:00,1745.270871118164,1733.032573180214,0.030004524081926935,52.36602188195055,1754.4495945716264,1733.032573180214,TP,0.36720430520101566,0.052182419729350046,0.0,0.3412048964126409,0.27540322890076174,1.23892845328836,5,35.20828052824172,
BTC,1,LEGACY_SMC,2023-06-13 13:00:00+00:00,2023-06-13 14:00:00+00:00,26087.7165,25919.70306435538,0.0013356946640876468,34.84522372728126,25932.669399054907,26294.44596792679,SL,-0.22441464948554932,0.03473301640253848,0.0,-0.24172505402444716,0.20709558541461826,-1.167214904849365,4,34.96655547421727,
LINK,1,LEGACY_SMC,2023-06-14 13:45:00+00:00,2023-06-14 14:45:00+00:00,5.362072261047363,5.398883032553766,9.781634908642761,52.44983321132591,5.334464182417561,5.398883032553766,TP,0.36006952758110167,0.05262986797511646,0.0,0.3336645762116482,0.27005214568582625,1.2355561010791873,4,35.273995133823256,
BTC,-1,LEGACY_SMC,2023-06-14 18:15:00+00:00,2023-06-14 18:30:00+00:00,25872.724420000002,25993.946129776672,0.0020450491352133715,52.91099270073488,25980.9556519507,25728.416110732407,SL,-0.24790435274786476,0.05303494487710882,0.0,-0.27448380127460614,0.22133818730384947,-1.2401104600075143,1,34.95545190800181,
LINK,1,LEGACY_SMC,2023-06-14 18:15:00+00:00,2023-06-14 18:30:00+00:00,5.40508060541153,5.4766271589117155,6.513844836596421,35.20785639294735,5.351420690286391,5.4766271589117155,TP,0.4660431480934548,0.03544087796699408,0.0,0.4482061983229344,0.3495323610700882,1.282302436749369,1,35.40365810632475,
BTC,-1,LEGACY_SMC,2023-06-15 13:30:00+00:00,2023-06-15 17:45:00+00:00,25059.18716,25179.984428352218,0.0021192023037465164,53.105487159487126,25167.400727988224,24914.90240268237,SL,-0.25599384937830366,0.053233484084176275,0.0,-0.28267458988273636,0.2293264425772726,-1.2326297251460125,17,35.09443077286227,
ETH,-1,LEGACY_SMC,2023-06-15 18:00:00+00:00,2023-06-15 18:30:00+00:00,1649.8599034179688,1658.070172398811,0.031906737081274096,52.6416461592934,1657.2415516229996,1640.017705811261,SL,-0.2619628937382764,0.05277262760616254,0.0,-0.28841469826479227,0.23552430850437794,-1.224564462565575,2,34.762180937160245,
BTC,-1,LEGACY_SMC,2023-06-15 18:15:00+00:00,2023-06-15 18:45:00+00:00,25121.07478,25229.492634118844,0.0013943921198407885,35.028628715163165,25216.884192022833,24993.328897302887,SL,-0.15117700143336543,0.03510421721587985,0.0,-0.1687669042916637,0.13359588913121945,-1.2632642021334868,2,34.59341403286858,
BTC,-1,LEGACY_SMC,2023-06-15 18:45:00+00:00,2023-06-15 19:00:00+00:00,25168.865220000003,25408.59795,0.002061679006809941,51.89012104930287,25263.269764040102,25042.99249461321,SL_GAP,-0.49425193668622763,0.052137247017645987,0.0,-0.5204441231792222,0.194631866594936,-2.673992354306298,1,34.02976057347393,
ETH,-1,LEGACY_SMC,2023-06-15 18:45:00+00:00,2023-06-15 19:00:00+00:00,1653.8691111816406,1670.0946397705077,0.020877438938857337,34.52855138155696,1661.4707992540925,1643.733527085038,SL_GAP,-0.3387474823647562,0.03469792512273934,0.0,-0.35618113179671707,0.15870377856485482,-2.244314124198136,1,33.67357944167721,
XRP,-1,LEGACY_SMC,2023-06-15 19:15:00+00:00,2023-06-15 20:15:00+00:00,0.4822335284411907,0.4764304066304021,77.3425966257698,37.2971932696487,0.4865858697992822,0.4764304066304021,TP,0.44882850938203145,0.03707277901495769,0.0,0.4304043270018981,0.33662138203652464,1.2786006771108727,4,34.07389393401953,
SOL,-1,LEGACY_SMC,2023-06-15 19:15:00+00:00,2023-06-15 21:00:00+00:00,14.765046049118043,14.989817873018275,1.5497734293126804,22.88247604950131,14.982326709663445,14.475338501724174,SL,-0.3483454003387286,0.023056648749670675,0.0,-0.3599608110636486,0.33673579441677215,-1.068971036141561,7,33.71393312295588,
BTC,1,LEGACY_SMC,2023-06-16 11:45:00+00:00,2023-06-16 13:00:00+00:00,25504.69992,25591.70698337173,0.001982807084304398,50.57089968443382,25439.444622471205,25591.70698337173,TP,0.17251822163798716,0.050657158795252816,0.0,0.14714651268495127,0.12938866622848497,1.1372442190965015,5,33.83579418579861,
BTC,1,LEGACY_SMC,2023-06-16 15:00:00+00:00,2023-06-16 15:45:00+00:00,25619.52288,25790.594106516022,0.0019810552880482803,50.753691278697914,25491.219460112985,25790.594106516022,TP,0.3389015579224703,0.050923142057659146,0.0,0.3133552615041601,0.2541761684418509,1.232827071967795,3,34.10688642562757,
ETH,-1,LEGACY_SMC,2023-06-16 15:00:00+00:00,2023-06-16 15:45:00+00:00,1671.0657444091796,1679.7292985619886,0.020210067847235273,33.77235207170024,1678.889853635171,1660.6335987745244,SL,-0.17509101722646592,0.03385989758031348,0.0,-0.19206473877092928,0.1581257783014652,-1.2146326856634329,3,33.91482168685664,
BTC,1,LEGACY_SMC,2023-06-17 15:30:00+00:00,2023-06-17 15:45:00+00:00,26515.50204,26399.757195758655,0.001918584549277686,50.87223253028496,26412.963677597454,26652.21985653673,SL,-0.22206626981999542,0.05076119939537496,0.0,-0.2473913529502279,0.1967285178137594,-1.2575266448376865,1,33.62506860194317,
ETH,1,LEGACY_SMC,2023-06-17 15:30:00+00:00,2023-06-17 16:00:00+00:00,1733.7966411621094,1725.5313592425296,0.019524337856315365,33.851231396193796,1726.3945565207898,1743.6660873505357,SL,-0.1613741566755712,0.03377054431785601,0.0,-0.17821908529533032,0.14452080137816606,-1.233172550911798,2,33.44684951664784,
LINK,1,LEGACY_SMC,2023-06-17 16:15:00+00:00,2023-06-17 17:45:00+00:00,5.321064171695709,5.287337548695011,9.42861665563856,50.17027427497176,5.289982539964994,5.362506347336662,SL,-0.31799539936282223,0.05001127657529035,0.0,-0.3429215388006267,0.2930567906206454,-1.1701538738425958,6,33.078842840709726,
BTC,1,LEGACY_SMC,2023-06-18 01:00:00+00:00,2023-06-18 04:00:00+00:00,26457.19038,26557.561356795504,0.0018754169867777391,49.61826426106459,26381.91214740337,26557.561356795504,TP,0.18823743486176295,0.04971238297849547,0.0,0.16333418401379976,0.1411780761463239,1.1569373125931548,12,33.21736789259299,
BTC,1,LEGACY_SMC,2023-06-18 12:45:00+00:00,2023-06-18 13:30:00+00:00,26564.11176,26479.171892415485,0.0018756904913311313,49.826051838889484,26492.418101466217,26659.70330471171,SL,-0.1593209019632002,0.04974639138790789,0.0,-0.18415426743166335,0.134475113600557,-1.3694300937991593,3,33.00830059924188,
BTC,1,LEGACY_SMC,2023-06-18 20:30:00+00:00,2023-06-18 23:00:00+00:00,26469.392819999997,26355.549256460956,0.0018705548417964361,49.51245089886282,26368.73362327259,26603.605082303206,SL,-0.2129506289853143,0.04940597558437016,0.0,-0.23760037912025306,0.18828854780979135,-1.2618950110565217,10,32.729470789654385,
ETH,1,LEGACY_SMC,2023-06-18 20:30:00+00:00,2023-06-18 23:00:00+00:00,1727.7455044189453,1719.6725165909477,0.019069017949317976,32.94641003561831,1720.532782982439,1737.3624663342873,SL,-0.1539439497967122,0.03286943806071995,0.0,-0.170340182839623,0.13753951453617105,-1.238481780411009,10,32.55913060681476,
XRP,1,LEGACY_SMC,2023-06-18 23:15:00+00:00,2023-06-19 00:15:00+00:00,0.4896679058253765,0.48524978255781176,66.36759699851828,32.49808223692699,0.4854925288222228,0.4952350751629147,SL,-0.2932202245115137,0.03235147212467124,0.0,-0.3093226555177214,0.2771097382621844,-1.11624606719905,4,32.20913956222347,
BTC,1,LEGACY_SMC,2023-06-18 23:15:00+00:00,2023-06-19 00:45:00+00:00,26421.58326,26300.215791884635,0.0018484394152170178,48.83869591022214,26313.372478123696,26565.86430250174,SL,-0.22434041178953407,0.04872652570432738,0.0,-0.24864758953875038,0.20002107437161046,-1.243106959203703,6,31.960491972684718,
XRP,1,LEGACY_SMC,2023-06-19 01:00:00+00:00,2023-06-19 01:45:00+00:00,0.48443688007593155,0.4895207027656072,83.82272926916659,40.606821446604535,0.4806240130586748,0.4895207027656072,TP,0.42613989296912963,0.0408198913930891,0.0,0.4056234122993428,0.3196049197268472,1.2691400765858423,3,32.34581197426076,
XRP,1,LEGACY_SMC,2023-06-19 14:30:00+00:00,2023-06-19 16:45:00+00:00,0.48821761363148686,0.4916200359046787,99.37928621725992,48.51871796139115,0.485665796926593,0.4916200359046787,TP,0.33813029691950985,0.048687783109850905,0.0,0.31370187279035455,0.253597722689631,1.2370058747502353,9,32.63525448807042,
BTC,1,LEGACY_SMC,2023-06-19 16:45:00+00:00,2023-06-19 17:00:00+00:00,26468.2926,26586.644783846114,0.001849491482956692,48.95288173210564,26379.528462115417,26586.644783846114,TP,0.21889135601271037,0.04906232741011199,0.0,0.19430546946865118,0.1641685170095311,1.1835732758514863,1,32.80508351667302,
LINK,-1,LEGACY_SMC,2023-06-19 18:30:00+00:00,2023-06-19 18:45:00+00:00,5.148970095348358,5.088593852406693,7.244589796325272,37.30217621434468,5.1942522775546065,5.088593852406693,TP,0.4374011135556403,0.03708347565756686,0.0,0.4189687260052458,0.3280508351667302,1.2771457380753413,1,33.2054011545711,
SOL,1,LEGACY_SMC,2023-06-20 08:30:00+00:00,2023-06-20 09:30:00+00:00,15.914182451820373,15.810403810077869,3.1297933074883946,49.80810173185665,15.818312966561148,16.042008432166007,SL,-0.3248056983859267,0.049645698882663694,0.0,-0.34954734640266205,0.3000516733566804,-1.1649571638520564,4,32.83094975730251,
SOL,1,LEGACY_SMC,2023-06-20 09:45:00+00:00,2023-06-20 11:00:00+00:00,15.934185955810547,15.831134596885068,2.0565463348667588,32.769391726507564,15.83905412394704,16.06102839829522,SL,-0.21192989450123156,0.032663426779256946,0.0,-0.22820862541723475,0.19564302014805476,-1.1664542146432602,5,32.56173322370405,
BTC,1,LEGACY_SMC,2023-06-20 09:45:00+00:00,2023-06-20 12:00:00+00:00,26809.3608,26923.894559122622,0.001836911555010061,49.24642463595377,26723.46048065803,26923.894559122622,TP,0.210388385571086,0.04935161882873931,0.0,0.18565997906032355,0.15779128917831953,1.176617416760628,9,32.73131424855273,
SOL,1,LEGACY_SMC,2023-06-20 11:15:00+00:00,2023-06-20 12:00:00+00:00,15.841167897605896,15.961968136177283,2.030021311002356,32.15790842330635,15.750567718677356,15.961968136177283,TP,0.24522705867408554,0.0322805219526434,0.0,0.22902549093309532,0.18392029400556234,1.245243175427769,3,32.960339739485825,
BTC,1,LEGACY_SMC,2023-06-20 14:45:00+00:00,2023-06-20 15:45:00+00:00,26749.14876,26900.734929164708,0.0018483021666529003,49.44050960922874,26635.459133126467,26900.734929164708,TP,0.28017704490174256,0.049580598131679615,0.0,0.25531670157467734,0.21013278367631028,1.2150255524524372,4,33.19093618625589,
LINK,-1,LEGACY_SMC,2023-06-20 17:15:00+00:00,2023-06-20 17:45:00+00:00,5.114976975440979,5.157179045568535,8.376310275142771,42.84463419650496,5.154601744696187,5.0621439497673695,SL,-0.35349763364174175,0.04302138301332584,0.0,-0.3750966995568151,0.3319093618625589,-1.13011786546756,2,32.79441716960083,
SOL,1,LEGACY_SMC,2023-06-21 10:45:00+00:00,2023-06-21 12:45:00+00:00,16.737346052169798,16.607201841542913,2.6916752417441945,45.05149998113038,16.615509596341084,16.899794659941417,SL,-0.3503059496007265,0.04487634700633002,0.0,-0.3726565466164913,0.32794417169600826,-1.1363414226551027,8,32.39923487299377,
XRP,1,LEGACY_SMC,2023-06-21 13:15:00+00:00,2023-06-21 15:00:00+00:00,0.49289855732917787,0.4972375587623307,98.59808187069689,48.59885230949066,0.4896443062543132,0.4972375587623307,TP,0.4278172185430764,0.0488127609187622,0.0,0.40330388377905957,0.3208629139073087,1.2569351779170295,7,32.778239330618085,
ETH,1,LEGACY_SMC,2023-06-23 02:15:00+00:00,2023-06-23 03:15:00+00:00,1869.0237544189454,1880.126641506243,0.01750474281266927,32.716780131873165,1860.6965891034722,1880.126641506243,TP,0.19435318294125165,0.03281395672334379,0.0,0.17789761628384443,0.14576488720593775,1.2204421770828067,4,32.915194877338024,
BTC,1,LEGACY_SMC,2023-06-23 02:15:00+00:00,2023-06-23 04:15:00+00:00,29885.976,30067.24765443131,0.001645164909318241,49.16735899592713,29750.022259176516,30067.24765443131,TP,0.2982217649244563,0.04931646987838936,0.0,0.2734889745440305,0.22366632369334075,1.2227543692227867,8,33.188683851882054,
ETH,1,LEGACY_SMC,2023-06-23 14:00:00+00:00,2023-06-23 14:45:00+00:00,1872.9444602783203,1883.9561761388989,0.026580086507437227,49.783025777823084,1864.6856733828865,1883.9561761388989,TP,0.292692360169496,0.04992937195790783,0.0,0.2676545011004997,0.21951927012711897,1.2192756514975047,3,33.43144684009364,
XRP,-1,LEGACY_SMC,2023-06-23 16:30:00+00:00,2023-06-23 17:45:00+00:00,0.49571084008812905,0.5010395560067494,65.83168849624124,32.63348160889176,0.5007891614260365,0.4889397449709192,SL,-0.35079836643957923,0.032808880792111556,0.0,-0.3672905064272449,0.3343144684009364,-1.0986377831149114,5,33.04783959286195,
XRP,-1,LEGACY_SMC,2023-06-24 12:45:00+00:00,2023-06-24 13:15:00+00:00,0.49318133753538135,0.49034857770798174,66.88386681148269,32.985874893625336,0.49530590740593106,0.49034857770798174,TP,0.1894659310047143,0.03289114192812298,0.0,0.17306772652340396,0.1420994482535357,1.2179338389450622,2,33.179628502243894,
BTC,1,LEGACY_SMC,2023-06-24 01:45:00+00:00,2023-06-24 15:30:00+00:00,30543.6075,30327.464842445723,0.0016229831197671371,49.57175938929292,30342.636160525984,30811.569285965346,SL,-0.350795884672198,0.049396361446956825,0.0,-0.37540636642450836,0.3261730915233153,-1.1509421720573594,55,32.78753347988623,
SOL,1,LEGACY_SMC,2023-06-24 15:15:00+00:00,2023-06-24 15:30:00+00:00,17.040408056259157,16.886361538996006,1.9587155281799082,33.377311866316816,16.89480894346774,17.23454020664771,SL,-0.3017333054253675,0.033226445213604135,0.0,-0.3182710947058133,0.2851872431137645,-1.116007473654252,1,32.469262385180414,
BTC,1,LEGACY_SMC,2023-06-24 15:30:00+00:00,2023-06-24 15:45:00+00:00,30572.1132,30424.780000000002,0.0015930823381149401,48.70389357777062,30463.46737038266,30716.974306156455,SL_GAP,-0.2347139187379518,0.04858653661840165,0.0,-0.25894850856746815,0.17308175227323022,-1.4961051940281203,1,32.18596192982406,
BTC,1,LEGACY_SMC,2023-06-24 16:15:00+00:00,2023-06-24 17:00:00+00:00,30459.29064,30655.64299066535,0.0015850317548542915,48.27894289473609,30312.026377000984,30655.64299066535,TP,0.3112247109448665,0.048434555250208525,0.0,0.286929627142026,0.23341853320865272,1.2292495510009043,3,32.44875208551871,
XRP,-1,LEGACY_SMC,2023-06-25 03:00:00+00:00,2023-06-25 03:15:00+00:00,0.48666263845562935,0.489375146416928,77.97786069983427,37.948911429306875,0.4891305811263648,0.483372048227982,SL,-0.21151556795333576,0.03805466921328354,0.0,-0.23059578145196585,0.19244488979378727,-1.1982432045821474,1,32.17762231337856,
SOL,-1,LEGACY_SMC,2023-06-25 03:00:00+00:00,2023-06-25 03:30:00+00:00,16.78564175758362,16.92041612268896,2.568806755784314,43.11906994705609,16.91196014261765,16.61721724420491,SL,-0.3462092995891389,0.04329217459685066,0.0,-0.3679419392124615,0.3244875208551871,-1.1339170709639317,2,31.809680374166103,
XRP,-1,LEGACY_SMC,2023-06-25 04:45:00+00:00,2023-06-25 08:15:00+00:00,0.4900919613420963,0.4928360217053917,97.35830073724314,47.71452056124915,0.4925897268419707,0.4867616073422638,SL,-0.2671570540908609,0.047848099088294585,0.0,-0.2911478928985309,0.24317820470788273,-1.1972614620141293,14,31.494675220986945,
XRP,-1,LEGACY_SMC,2023-06-25 08:45:00+00:00,2023-06-25 09:30:00+00:00,0.49042189645767215,0.49354406687579744,96.32933026178172,47.242012831480416,0.49329741816671413,0.48658786751228283,SL,-0.30075658534115635,0.047392391124151,0.0,-0.3245279700495671,0.27699708038522824,-1.17159346805474,3,31.146526244521638,
ETH,1,LEGACY_SMC,2023-06-25 13:30:00+00:00,2023-06-25 14:45:00+00:00,1906.3812,1894.6832311472272,0.01630740300408605,31.088126507813165,1895.6310466705622,1920.714737772584,SL,-0.1907634924114134,0.03099274476160746,0.0,-0.20621217391911428,0.17530708269885975,-1.1762911728634655,5,30.90141011266523,
BTC,1,LEGACY_SMC,2023-06-25 13:15:00+00:00,2023-06-25 15:00:00+00:00,30613.021380000002,30485.17968590337,0.001526141075291094,46.71978936678246,30500.429900853796,30763.143352194944,SL,-0.19510446049566726,0.04662223713653462,0.0,-0.21836680294881067,0.1718304810528049,-1.2708269313504672,7,30.683043309716417,
LINK,1,LEGACY_SMC,2023-06-25 15:15:00+00:00,2023-06-25 17:30:00+00:00,6.198239426708222,6.140628660141579,4.941001870877289,30.6255126035107,6.143700510396777,6.270957981790147,SL,-0.2846549053884556,0.030483185150816473,0.0,-0.2998253342375167,0.26947688753046706,-1.1126198502037339,9,30.344892936694855,
BTC,1,LEGACY_SMC,2023-06-25 15:15:00+00:00,2023-06-25 18:00:00+00:00,30609.32064,30459.114341218086,0.0015036127559273599,46.02456496457462,30474.351516976574,30789.279470697904,SL,-0.22585210686912424,0.04591163891114006,0.0,-0.24875146329797698,0.20294129503435474,-1.2257311320294242,11,30.096141473396877,
BTC,-1,LEGACY_SMC,2023-06-26 07:30:00+00:00,2023-06-26 10:00:00+00:00,30413.816020000002,30221.10816209251,0.0014843323896090075,45.14421221009532,30558.34691343062,30221.10816209251,TP,0.2860425152242598,0.045001190952483186,0.0,0.2636134303768242,0.2145318864181962,1.2287843768965478,10,30.337182797668653,
XRP,-1,LEGACY_SMC,2023-06-26 14:15:00+00:00,2023-06-26 14:30:00+00:00,0.48521292626261714,0.48180070616636583,93.7851646843254,45.50577419650298,0.4877720913348056,0.48180070616636583,TP,0.3200156236660934,0.04534576638466994,0.0,0.2974227443796749,0.24001171774956745,1.239200932222864,1,30.611852654950074,
ETH,-1,LEGACY_SMC,2023-06-27 03:15:00+00:00,2023-06-27 08:00:00+00:00,1872.0954767089845,1881.5665116702114,0.016320992070839608,30.55445543122203,1880.6261985709261,1860.7211808930624,SL,-0.15457668650482903,0.030631743774474446,0.0,-0.16993120256369246,0.13922984386728743,-1.2205084617179438,19,30.403685335179556,
ETH,-1,LEGACY_SMC,2023-06-27 08:15:00+00:00,2023-06-27 10:00:00+00:00,1876.3246111816406,1884.3582074822439,0.016037435194421554,30.09143435552378,1883.4164992326278,1866.8687604469912,SL,-0.12883828004906892,0.030155853495548314,0.0,-0.14394841636685535,0.11373569502379834,-1.2656397478094739,7,30.24469120163494,
XRP,-1,LEGACY_SMC,2023-06-27 02:15:00+00:00,2023-06-27 14:00:00+00:00,0.4813037329673767,0.4843264446386693,95.40291470279843,45.91777898242511,0.4840844024374506,0.4775961736739449,SL,-0.28837550374748006,0.046061966734298854,0.0,-0.31147858099056636,0.2652839722701343,-1.1741326787484654,47,29.91836564613354,
SOL,-1,LEGACY_SMC,2023-06-27 10:30:00+00:00,2023-06-27 14:00:00+00:00,16.614676430511476,16.768846248839235,1.7872119957227555,29.69394902166224,16.76046601583132,16.420290316751686,SL,-0.27553414869376863,0.029831716096009125,0.0,-0.2905188902789466,0.2605568957350695,-1.1149921381253407,14,29.627846755854595,
XRP,-1,LEGACY_SMC,2023-06-27 14:15:00+00:00,2023-06-27 15:15:00+00:00,0.48256346355676655,0.4790008693390264,92.09518227140703,44.441770133781894,0.48523540922007163,0.4790008693390264,TP,0.32809776384183836,0.04427772125186098,0.0,0.30604092765686836,0.24607332288137748,1.2436981143396797,4,29.911666798444575,
BTC,-1,LEGACY_SMC,2023-06-29 05:15:00+00:00,2023-06-29 07:00:00+00:00,30240.350720000002,30343.90192268902,0.0014836964231368167,44.867500197666864,30328.737553912066,30122.50160811725,SL,-0.15363854904121058,0.04494431947218747,0.0,-0.17614911841456463,0.13113922932771666,-1.3432221564637103,7,29.69815613871958,
ETH,-1,LEGACY_SMC,2023-06-29 05:30:00+00:00,2023-06-29 07:00:00+00:00,1839.7819944091798,1846.8093659074957,0.0162277827013875,29.855582423197482,1845.8864226961477,1831.6427566932225,SL,-0.11403865763659457,0.02991260175201578,0.0,-0.1290234681770116,0.09906133575711917,-1.3024604119346246,6,29.56913267054257,
ETH,-1,LEGACY_SMC,2023-06-29 07:30:00+00:00,2023-06-29 09:00:00+00:00,1846.6105844726562,1853.398133861803,0.024018978001515198,44.35369900581385,1852.4718979128468,1838.7954998857356,SL,-0.16302999946211397,0.04443521400554491,0.0,-0.18528836396475196,0.140782758579922,-1.3161296584451017,6,29.361667457074912,
LINK,-1,LEGACY_SMC,2023-06-29 09:15:00+00:00,2023-06-29 09:30:00+00:00,5.889821594047547,5.923503803963594,7.477730943518427,44.042501185612366,5.920543532197495,5.848859009847615,SL,-0.2518665033353077,0.04416843443728002,0.0,-0.27401368717978153,0.22973038754873001,-1.1927620464300057,1,29.065632519302323,
ETH,-1,LEGACY_SMC,2023-06-29 09:30:00+00:00,2023-06-29 10:00:00+00:00,1854.3590344726563,1861.7603744715095,0.023511330852577873,43.59844877895348,1860.8299594917637,1845.7311344471798,SL,-0.174015353465457,0.04368545645568621,0.0,-0.19590158553166645,0.1521400590464585,-1.2876397364342067,2,28.847931709381182,
LINK,-1,LEGACY_SMC,2023-06-29 10:15:00+00:00,2023-06-29 10:30:00+00:00,5.920815531349183,5.966982225179672,7.308435355730692,43.27189756407177,5.954031647033987,5.876527377102777,SL_GAP,-0.33740629744794304,0.04344060071279574,0.0,-0.3592109493787029,0.24275783425086464,-1.479708988536684,1,28.467084811220445,
ETH,1,LEGACY_SMC,2023-07-01 04:45:00+00:00,2023-07-01 12:00:00+00:00,1914.9728838134765,1927.8726259055265,0.022298293400268232,42.70062721683067,1905.298077244439,1927.8726259055265,TP,0.28764223395632127,0.04284444833380883,0.0,0.26614809923092775,0.21573167546724348,1.2336996811177108,29,28.71188259684296,
BTC,1,LEGACY_SMC,2023-07-02 02:30:00+00:00,2023-07-02 03:30:00+00:00,30577.1142,30497.559701629478,0.0014084986442332232,43.06782389526444,30512.816109684318,30662.844987087577,SL,-0.11205240309753468,0.04301179769371567,0.0,-0.13353028884361814,0.09056377303642373,-1.4744338090895768,4,28.54248937214322,
ETH,1,LEGACY_SMC,2023-07-02 02:30:00+00:00,2023-07-02 03:45:00+00:00,1918.6136264648437,1911.8969029813854,0.014936852017348581,28.658047816973877,1912.8533296462085,1926.2940222230238,SL,-0.10032670471386643,0.028607884464616942,0.0,-0.11460556526999643,0.08604070115595776,-1.3319924608966387,5,28.427883806873222,
LINK,1,LEGACY_SMC,2023-07-02 04:00:00+00:00,2023-07-02 05:45:00+00:00,6.383276369476318,6.470304360836598,4.355362508473387,27.801482580841274,6.318005375956108,6.470304360836598,TP,0.3790384507583096,0.027991001806220432,0.0,0.3649481902425098,0.2842788380687322,1.2837684040142079,7,28.757620768526124,
XRP,1,LEGACY_SMC,2023-07-02 12:15:00+00:00,2023-07-02 12:45:00+00:00,0.4786657282412052,0.4826043876152196,61.155573912720286,29.273077322941106,0.47571173371069436,0.4826043876152196,TP,0.2408709744645688,0.02939351281017339,0.0,0.22611400031586595,0.18065323084842574,1.2516465897340268,2,28.96909823018052,
ETH,1,LEGACY_SMC,2023-07-02 04:15:00+00:00,2023-07-02 14:30:00+00:00,1916.3932117675781,1924.9428267909964,0.02224020328221832,42.620974598374204,1909.9810005000145,1924.9428267909964,TP,0.19014517610552975,0.04271604718642697,0.0,0.16873961621828987,0.14260888207914604,1.1832335669291736,41,29.13783784639881,
LINK,1,LEGACY_SMC,2023-07-02 15:30:00+00:00,2023-07-02 17:15:00+00:00,6.4762949046134946,6.404023584922552,4.215571374176612,27.3012834106145,6.407227198521812,6.568385179402405,SL,-0.304664906463105,0.02714895095738295,0.0,-0.3181632157151807,0.2911598446801401,-1.0927441456245648,7,28.784170610593524,
ETH,1,LEGACY_SMC,2023-07-02 15:30:00+00:00,2023-07-02 17:45:00+00:00,1914.7929161865234,1904.2961000260389,0.022825840016498507,43.706756769598215,1905.2487243882329,1927.5185052509107,SL,-0.23959864636181563,0.043586957446417315,0.0,-0.2613322254234338,0.21785419507455642,-1.1995739872440734,9,28.52283838517009,
LINK,1,LEGACY_SMC,2023-07-02 18:00:00+00:00,2023-07-02 19:30:00+00:00,6.37227401304245,6.459844292236588,4.342849141306897,27.673824725713658,6.306596303646846,6.459844292236588,TP,0.3803045118022692,0.027863976981614795,0.0,0.36627744718351124,0.2852283838517009,1.28415497166632,6,28.87527891999074,
XRP,1,LEGACY_SMC,2023-07-03 03:00:00+00:00,2023-07-03 11:00:00+00:00,0.4809061485886574,0.4848798545674432,90.06522064044928,43.312918379986115,0.47792586910456797,0.4848798545674432,TP,0.35789270573961773,0.04349186473285592,0.0,0.3360573001967549,0.2684195293047171,1.2519852823944624,32,29.175269192111497,
BTC,1,LEGACY_SMC,2023-07-03 10:15:00+00:00,2023-07-03 14:30:00+00:00,30637.32624,30742.194973295347,0.0009407197464374994,28.821137772015746,30558.674690028485,30742.194973295347,TP,0.09865208819482213,0.028870463816113155,0.0,0.08419219326471684,0.0739890661461183,1.1379004716514296,17,29.259461385376213,
XRP,1,LEGACY_SMC,2023-07-03 16:15:00+00:00,2023-07-03 17:15:00+00:00,0.4829665865242481,0.48757574493875494,84.64151515754808,40.879023653881404,0.47950971771336803,0.48757574493875494,TP,0.3901261518050193,0.04107408672978392,0.0,0.3694915769021761,0.2925946138537621,1.2628105898314548,4,29.60851345045145,
LINK,1,LEGACY_SMC,2023-07-04 02:00:00+00:00,2023-07-04 03:00:00+00:00,6.591318152618408,6.544919456361136,4.4836247930153235,29.55299748773185,6.548193553137704,6.64881761859268,SL,-0.208034344902693,0.02944898031528051,0.0,-0.22270682647410758,0.19335452342053977,-1.1518056186858763,4,29.348823740145637,
BTC,1,LEGACY_SMC,2023-07-04 09:00:00+00:00,2023-07-04 11:30:00+00:00,30933.48546,31061.248834224258,0.0009361793132601916,28.959289174686923,30837.662929331807,31061.248834224258,TP,0.11960942794107059,0.02901909388865746,0.0,0.10506997863975659,0.08970707095580209,1.1712563738874462,10,29.43941407419805,
XRP,1,LEGACY_SMC,2023-07-04 14:00:00+00:00,2023-07-04 15:30:00+00:00,0.48638726583123204,0.48301725854698946,60.00519968371233,29.18576500981795,0.48325888799098493,0.49055843628489487,SL,-0.20221796002654122,0.02908465602980468,0.0,-0.2167097335514369,0.1877189369901285,-1.1544372508503653,6,29.208111458141705,
BTC,1,LEGACY_SMC,2023-07-04 17:00:00+00:00,2023-07-04 18:00:00+00:00,30966.39204,30829.363149774832,0.0009238243975185781,28.607508469677093,30844.785542546102,31128.534036605197,SL,-0.12659063195490414,0.028544213153699642,0.0,-0.14083109087376522,0.11234304924469066,-1.253580811813517,4,29.052976613033103,
ETH,1,LEGACY_SMC,2023-07-03 21:30:00+00:00,2023-07-04 19:00:00+00:00,1954.7009206054688,1943.6208473132976,0.02272100540164493,44.412770175677174,1944.5931438852401,1968.1779562324405,SL,-0.2517504051220428,0.04428689497311616,0.0,-0.2738309150073203,0.22965884945893683,-1.1923377464114724,86,28.779145698025783,
XRP,1,LEGACY_SMC,2023-07-05 08:30:00+00:00,2023-07-05 09:15:00+00:00,0.4880275858283043,0.4854923430570868,88.45548858425822,43.16871854703867,0.485735210662418,0.49108408604948606,SL,-0.22425613800775518,0.0430565904780348,0.0,-0.24572836921227065,0.20277316531689424,-1.2118387007878777,3,28.511832969539995,
SOL,-1,LEGACY_SMC,2023-07-06 00:00:00+00:00,2023-07-06 00:15:00+00:00,18.989201430511475,19.144567728996275,1.4986608777026165,28.458373282722107,19.116063409109085,18.82005212571466,SL_GAP,-0.23284139325263756,0.028574793979348426,0.0,-0.24718700059062493,0.19012308419218468,-1.300141966668064,1,28.22903290758085,
XRP,-1,LEGACY_SMC,2023-07-05 22:30:00+00:00,2023-07-06 01:00:00+00:00,0.47765445333719253,0.4748473377003874,89.53700558114295,42.76774945430999,0.4797597900647964,0.4748473377003874,TP,0.25134072843953503,0.042642079090090226,0.0,0.2300825240765998,0.18850554632965377,1.2205610315265591,10,28.45911543165745,
ETH,-1,LEGACY_SMC,2023-07-06 04:30:00+00:00,2023-07-06 05:30:00+00:00,1913.8071034179688,1920.2357442021766,0.022305630003800397,42.68867314748618,1919.2761061491021,1906.5150997764579,SL,-0.14339488275988044,0.042760370588866115,0.0,-0.16481091677500348,0.12198955141043297,-1.3510248613055256,4,28.272960178308704,
BTC,-1,LEGACY_SMC,2023-07-06 06:00:00+00:00,2023-07-06 06:45:00+00:00,30575.483679999998,30674.255080937997,0.0013870406993824228,42.409440267463054,30658.925618128935,30464.22776249475,SL,-0.13699995303602483,0.04247794024398107,0.0,-0.15827317314627437,0.11573736422018588,-1.3675201108361665,3,28.079372310839712,
LINK,-1,LEGACY_SMC,2023-07-06 06:15:00+00:00,2023-07-06 07:00:00+00:00,6.3607275885581975,6.400545917299412,4.436591252349334,28.219948377974376,6.397347243677573,6.311901381732363,SL,-0.17665764897644082,0.028308277202462595,0.0,-0.19085595198991623,0.16246644156667128,-1.174740765843602,3,27.888516358849795,
ETH,-1,LEGACY_SMC,2023-07-06 07:00:00+00:00,2023-07-06 07:30:00+00:00,1923.1453232910158,1930.2671732305337,0.02175226907277482,41.83277453827469,1929.302521969549,1914.9357250529715,SL,-0.15491639618031874,0.04191023273636485,0.0,-0.17591024164754626,0.1339330423899872,-1.3134192915242644,2,27.691689729933113,
XRP,-1,LEGACY_SMC,2023-07-07 05:30:00+00:00,2023-07-07 06:30:00+00:00,0.4694061052441597,0.4663215183157452,88.48954909373002,41.53753459489967,0.47171954544047057,0.4663215183157452,TP,0.27295370643581385,0.04140105774168176,0.0,0.2523214159915819,0.20471527982685794,1.2325480355202985,4,27.923242378627243,
BTC,-1,LEGACY_SMC,2023-07-07 12:45:00+00:00,2023-07-07 13:15:00+00:00,30153.56808,30296.792771375636,0.0013890516524219202,41.88486356794087,30281.651945402937,29982.789592796085,SL,-0.19894649422294575,0.04198433681505234,0.0,-0.21998839925402766,0.17791510488653475,-1.2364796085994223,2,27.66837610443966,
ETH,-1,LEGACY_SMC,2023-07-07 12:45:00+00:00,2023-07-07 13:30:00+00:00,1859.9979211181642,1869.210999105472,0.01498436422037092,27.87088629916731,1868.2768606751345,1848.9593350422037,SL,-0.13805211615250146,0.02793991235724356,0.0,-0.15205658536016137,0.12405464568007882,-1.2257226202741007,3,27.5163195190795,
BTC,-1,LEGACY_SMC,2023-07-07 14:15:00+00:00,2023-07-07 16:00:00+00:00,30308.937,30468.051245190105,0.0009061593423742055,27.464726419981226,30452.82483277372,30117.086556301714,SL,-0.14418285978383205,0.027536817849873142,0.0,-0.15798731442371458,0.13038530392188233,-1.2116957177809657,7,27.323962601806485,
ETH,-1,LEGACY_SMC,2023-07-07 14:00:00+00:00,2023-07-07 18:30:00+00:00,1872.755378881836,1861.1348101498272,0.022039439717568964,41.274479278619246,1881.4708054308423,1861.1348101498272,TP,0.2561108240529721,0.04114642386659276,0.0,0.23560163982568894,0.1920831180397278,1.22656088796393,18,27.559564241632174,
LINK,-1,LEGACY_SMC,2023-07-08 09:30:00+00:00,2023-07-08 11:15:00+00:00,6.185762397861481,6.146174602866548,6.682983228832059,41.33934636244826,6.215453244107681,6.146174602866548,TP,0.2645645700175792,0.04120706407743947,0.0,0.24402717912136387,0.1984234275131844,1.2298304800986732,7,27.782921747572313,
BTC,-1,LEGACY_SMC,2023-07-08 16:45:00+00:00,2023-07-08 18:00:00+00:00,30278.04318,30200.668765749873,0.0013763895630113329,41.67438262135847,30336.073990687593,30200.668765749873,TP,0.10649733621799057,0.04162113395324947,0.0,0.08571339357542032,0.07987300216348917,1.0731209702118956,5,27.847797949837055,
ETH,-1,LEGACY_SMC,2023-07-09 00:45:00+00:00,2023-07-09 01:00:00+00:00,1866.2066400634767,1872.7398190585645,0.02238321096281962,41.77169692475558,1871.8039171000146,1858.7436040147595,SL,-0.14623352370491294,0.04184481368660804,0.0,-0.16719248892914318,0.1252850327261734,-1.3344969090965872,1,27.659719612445535,
XRP,-1,LEGACY_SMC,2023-07-09 14:45:00+00:00,2023-07-09 15:15:00+00:00,0.4689461983978748,0.47062204422712045,88.474071354912,41.4895794186683,0.4703868508017196,0.4670253285260818,SL,-0.14826890347650917,0.041563713870406555,0.0,-0.16908782763758157,0.12746038357538836,-1.3265912348174602,2,27.46988699509862,
SOL,1,LEGACY_SMC,2023-07-09 15:15:00+00:00,2023-07-09 15:45:00+00:00,21.466292293167115,21.241613155187043,1.283321637218133,27.548157370670214,21.252239274824454,21.751696317623995,SL,-0.28833559920134466,0.027403989571069542,0.0,-0.3019655100870791,0.2746988699509862,-1.0992601103199224,2,27.154147406326206,
XRP,-1,LEGACY_SMC,2023-07-10 08:15:00+00:00,2023-07-10 09:00:00+00:00,0.4683263148844242,0.4658460880353854,86.97188224313459,40.73122110948931,0.47018648502120336,0.4658460880353854,TP,0.21570999745086444,0.04062336611076388,0.0,0.19545224189484522,0.16178249808815073,1.2081173439932222,3,27.329234037666307,
LINK,-1,LEGACY_SMC,2023-07-10 12:45:00+00:00,2023-07-10 15:00:00+00:00,6.118775885581971,6.15508288696013,6.699681737501723,40.99385105649946,6.152006883518371,6.074467888333436,SL,-0.24324535407670625,0.04111547373353781,0.0,-0.26386390228199436,0.22263710999346134,-1.18517484479449,9,27.044873209856064,
LINK,-1,LEGACY_SMC,2023-07-10 15:15:00+00:00,2023-07-10 16:45:00+00:00,6.134772956371307,6.172260918599102,6.612683159309532,40.567309814784096,6.169176330433886,6.0889017909545355,SL,-0.2478960165005707,0.040691257823034385,0.0,-0.268303619416213,0.22749861228703874,-1.1793637627894182,6,26.75628593553246,
BTC,1,LEGACY_SMC,2023-07-11 09:30:00+00:00,2023-07-11 13:30:00+00:00,30433.185419999998,30327.06200909965,0.0013187718718699509,40.13442890329869,30342.23312566248,30554.45514578336,SL,-0.13995256924227717,0.040064452618677554,0.0,-0.15994980740930537,0.1199453274543574,-1.3335226207137647,16,26.562915854721805,
BTC,1,LEGACY_SMC,2023-07-11 13:45:00+00:00,2023-07-11 14:15:00+00:00,30382.97538,30500.750343172116,0.001306691370442113,39.701171737401175,30294.64415762091,30500.750343172116,TP,0.15389552803114198,0.03977811950141674,0.0,0.13396799439842583,0.11542164602335886,1.1606834507568329,2,26.67703326325153,
XRP,1,LEGACY_SMC,2023-07-11 09:45:00+00:00,2023-07-11 15:15:00+00:00,0.4729945831954479,0.47544976024730706,56.461783809409916,26.70611789940333,0.4711532004065535,0.47544976024730706,TP,0.13862367591589622,0.02677542973736128,0.0,0.1252013051282366,0.10396775693692373,1.2042320505596276,22,26.802234568379767,
ETH,1,LEGACY_SMC,2023-07-12 13:45:00+00:00,2023-07-12 14:00:00+00:00,1883.7967279541015,1894.5378050240354,0.02134166136716488,40.203351852569654,1875.740920151651,1894.5378050240354,TP,0.22923242954514902,0.040317968067342225,0.0,0.2090161374040916,0.1719243221588642,1.2157450137331545,1,26.977773039668293,
LINK,1,LEGACY_SMC,2023-07-12 13:45:00+00:00,2023-07-12 14:30:00+00:00,6.234246401596069,6.285619372349492,4.291132986292475,26.751980378564056,6.195716673531002,6.285619372349492,TP,0.2204482494038528,0.026862204503265985,0.0,0.20696203508986885,0.1653361870528896,1.251764896596191,3,27.184735074758162,
LINK,1,LEGACY_SMC,2023-07-12 16:15:00+00:00,2023-07-12 17:00:00+00:00,6.22224439458847,6.280909537583174,6.178509346901772,38.44419515067202,6.178245537342442,6.280909537583174,TP,0.36246313433010524,0.03862542671783707,0.0,0.34305980518760415,0.27184735074758165,1.2619575075651386,3,27.50857278237043,
SOL,1,LEGACY_SMC,2023-07-12 19:30:00+00:00,2023-07-12 19:45:00+00:00,22.04540856628418,21.813480620114134,1.2446430995084974,27.438665647871122,21.824392816522394,22.34009623263323,SL,-0.28866751778372607,0.02729433188897926,0.0,-0.3022425168487698,0.2750857278237043,-1.098721184991719,1,27.192610932697722,
XRP,-1,LEGACY_SMC,2023-07-13 03:00:00+00:00,2023-07-13 04:15:00+00:00,0.4713456994235516,0.4730350869726395,86.53715616569917,40.788916399046585,0.47279868762882515,0.4694083818165201,SL,-0.14619479415980985,0.040862013796126494,0.0,-0.16666234975641306,0.1257374672266774,-1.3254788205329202,5,27.005554124741785,
ETH,1,LEGACY_SMC,2023-07-14 08:00:00+00:00,2023-07-14 08:30:00+00:00,1991.7582573486327,2002.9269514024406,0.02033797577474895,40.508331187112674,1983.3817368082766,2002.9269514024406,TP,0.22714862910192854,0.04062190550166364,0.0,0.20678088919382123,0.1703614718264487,1.2137773111309689,2,27.19208084834205,
LINK,1,LEGACY_SMC,2023-07-14 13:00:00+00:00,2023-07-14 13:45:00+00:00,7.033406464862823,7.106172861994469,4.982534415191185,35.044189767207186,6.978831667014089,7.106172861994469,TP,0.3625610779778926,0.03522547030619613,0.0,0.34485770255530007,0.27192080848342054,1.268228439296975,3,27.502970352455527,
BTC,1,LEGACY_SMC,2023-07-14 13:30:00+00:00,2023-07-14 14:45:00+00:00,31164.2316,31299.721938632094,0.0010554473968303758,32.89220711643894,31062.613846025928,31299.721938632094,TP,0.14300292520491054,0.03296370857904139,0.0,0.12648532018408862,0.10725219390368292,1.179326180475878,5,27.629455672639615,
ETH,1,LEGACY_SMC,2023-07-14 16:45:00+00:00,2023-07-14 17:00:00+00:00,1993.14855,1982.501306907071,0.020788053616955474,41.43367892395705,1983.4930534337877,2006.022545421616,SL,-0.22133546028856427,0.04132301119381277,0.0,-0.2419416320203985,0.20071898031674765,-1.2053749557645164,1,27.353011870898577,
LINK,1,LEGACY_SMC,2023-07-14 16:45:00+00:00,2023-07-14 17:00:00+00:00,7.078415541172028,6.998386755375164,1.916325355855073,13.564547180826565,7.001887699224776,7.1804526637683646,SL,-0.153361191420824,0.013487866585116153,0.0,-0.16006678441552685,0.14665224395238835,-1.0914717709160566,1,27.19294508648305,
SOL,1,LEGACY_SMC,2023-07-14 16:30:00+00:00,2023-07-14 17:15:00+00:00,27.36747191162109,26.814187888475455,0.5117795820425202,14.006113336489852,26.827601689320115,28.087298874689058,SL,-0.28315946611627774,0.013864533603431713,0.0,-0.29002094305146453,0.27629455672639613,-1.049680263294731,3,26.902924143431587,
SOL,1,LEGACY_SMC,2023-07-14 17:30:00+00:00,2023-07-14 18:15:00+00:00,27.310461305236817,26.69618315315635,0.4476930819995362,12.226704592570547,26.70953792211741,28.11169248272936,SL,-0.2750080791098837,0.012089200553015607,0.0,-0.280983927366614,0.2690292414343159,-1.0444363812222133,3,26.58833209651345,
LINK,1,LEGACY_SMC,2023-07-14 17:30:00+00:00,2023-07-14 18:15:00+00:00,6.9983996174812315,6.903704208921043,2.947859648311643,20.630299835132558,6.907157787814951,7.120055390369606,SL,-0.27914877377496344,0.020490725448245074,0.0,-0.2893243493056422,0.268968107911353,-1.0756827326197285,3,26.29900774720781,
ETH,1,LEGACY_SMC,2023-07-14 17:45:00+00:00,2023-07-14 18:15:00+00:00,1968.8636646972657,1956.7280805186574,0.017451302135043634,34.35923467534123,1957.70693398565,1983.7393056460867,SL,-0.21178174608614825,0.03425334380229816,0.0,-0.2288554725507758,0.19469947848772484,-1.1754293043224786,2,26.070152274657033,
ETH,1,LEGACY_SMC,2023-07-14 18:15:00+00:00,2023-07-14 18:30:00+00:00,1964.8929,1929.3747958374024,0.019901964331992622,39.10522841198555,1953.3323992001685,1980.306901066442,SL_GAP,-0.7068800421840169,0.03875178839089354,0.0,-0.7260792163689177,0.230076674578219,-3.1558141115346876,1,25.324520444082125,
ETH,-1,LEGACY_SMC,2023-07-15 07:30:00+00:00,2023-07-15 07:45:00+00:00,1936.4626055908204,1943.5612608032225,0.019616583638873475,37.98678066612319,1941.9135933907828,1929.1946218575374,SL_GAP,-0.1392513636976097,0.038056406347972,0.0,-0.1583143797125201,0.10692975809244087,-1.4805455706320516,1,25.147212674036542,
ETH,-1,LEGACY_SMC,2023-07-15 08:45:00+00:00,2023-07-15 13:30:00+00:00,1941.9514978271484,1934.0614675188106,0.019424181836292347,37.720819011054814,1947.8690205584016,1934.0614675188106,TP,0.15325738340301173,0.0376441903193533,0.0,0.13447360258918584,0.11494303755225659,1.1699151636570424,19,25.2628258671202,
SOL,1,LEGACY_SMC,2023-07-15 15:00:00+00:00,2023-07-15 16:00:00+00:00,27.785556686782837,27.308295387446428,0.5449268413847874,15.14109564144653,27.32195636562924,28.403690448320965,SL,-0.2600724923625886,0.015011059395265237,0.0,-0.26751300393713057,0.252628258671202,-1.0589195577098967,4,24.987742315362347,
SOL,1,LEGACY_SMC,2023-07-15 16:15:00+00:00,2023-07-15 18:30:00+00:00,27.38147465057373,28.03376512742494,0.510769219177427,13.985614427200055,26.89225679293532,28.03376512742494,TP,0.333169897538164,0.014152199375969138,0.0,0.3260105053757949,0.24987742315362346,1.304681716584556,9,25.306760013524542,
LINK,1,LEGACY_SMC,2023-07-15 21:30:00+00:00,2023-07-16 00:30:00+00:00,6.917383089351654,6.872738499820127,5.487644609233968,37.960140020286815,6.876176588114183,6.972325091001615,SL,-0.24499364107415011,0.03783764319974974,0.0,-0.26385121426375646,0.2261266343812002,-1.1668294404407082,12,25.023928729250642,
LINK,1,LEGACY_SMC,2023-07-16 01:15:00+00:00,2023-07-16 02:00:00+00:00,6.902380222892761,6.860180983264369,5.438108577296661,37.53589309387596,6.863612789659198,6.954070133870845,SL,-0.22948404697855512,0.03742115107038668,0.0,-0.24813725150200383,0.21082151118721348,-1.1770015787509145,3,24.7570235312017,
XRP,1,LEGACY_SMC,2023-07-16 02:30:00+00:00,2023-07-16 02:45:00+00:00,0.7115522680163383,0.7246478803126677,25.206430949029652,17.935693110379272,0.7017305587940913,0.7246478803126677,TP,0.3300936470826903,0.01810073993392062,0.0,0.3209607537039593,0.247570235312017,1.296443222665467,1,25.06901643835047,
BTC,-1,LEGACY_SMC,2023-07-16 10:30:00+00:00,2023-07-16 14:15:00+00:00,30303.938000000002,30373.65948511384,0.0012408791444044566,37.6035246575257,30358.480244991344,30231.21500667821,SL,-0.08651593679466715,0.03764678262592304,0.0,-0.10536095709182733,0.06768033429875492,-1.556744040694929,15,24.944853718929878,
LINK,-1,LEGACY_SMC,2023-07-16 14:30:00+00:00,2023-07-16 15:45:00+00:00,6.857628405952454,6.811902689384019,5.456300394742363,37.417280578394816,6.89192269337878,6.811902689384019,TP,0.24949324536222836,0.037292533955713705,0.0,0.23090935169571206,0.18711993402167248,1.2340179195925103,5,25.15705443033639,
SOL,1,LEGACY_SMC,2023-07-16 18:45:00+00:00,2023-07-16 19:30:00+00:00,27.800559076309202,27.474233301907102,0.8048151100495459,22.37431001243869,27.487977290552376,28.217334790651634,SL,-0.26263191403742975,0.022242994055419976,0.0,-0.2736877530866304,0.2515705443033639,-1.0879165279246517,3,24.872179522243542,
SOL,1,LEGACY_SMC,2023-07-16 20:15:00+00:00,2023-07-16 23:30:00+00:00,27.57351439361572,27.222233400447607,0.7365975706499479,20.310583716618712,27.235851326110662,28.0237318169558,SL,-0.2587527261831337,0.020181207353527145,0.0,-0.2687786416783515,0.24872179522243545,-1.0806396819304835,13,24.59324558870688,
LINK,-1,LEGACY_SMC,2023-07-17 16:45:00+00:00,2023-07-17 17:00:00+00:00,6.698659809303284,6.790393679380417,3.2144827954764175,21.532726709754748,6.775167437912514,6.596649637824311,SL_GAP,-0.2948769471254118,0.021680165183317453,0.0,-0.3057907489538519,0.2459324558870688,-1.2433932229517106,1,24.276688476398146,
ETH,-1,LEGACY_SMC,2023-07-17 22:00:00+00:00,2023-07-18 06:30:00+00:00,1916.5466677001953,1901.4125667553667,0.019000337079344006,36.41503271459722,1927.8972434088166,1901.4125667553667,TP,0.28755301934456123,0.03627125620492493,0.0,0.2694892794969349,0.21566476450841987,1.249574913691632,34,24.52797023953778,
LINK,1,LEGACY_SMC,2023-07-18 08:30:00+00:00,2023-07-18 11:30:00+00:00,7.101419904613495,7.012939139707124,2.886576049865688,20.498788616696793,7.016447363388818,7.214716626246398,SL,-0.2554064568525264,0.02037108538827053,0.0,-0.2655281479324485,0.2452797023953778,-1.0825524710741505,12,24.25219269729698,
SOL,-1,LEGACY_SMC,2023-07-19 00:45:00+00:00,2023-07-19 01:00:00+00:00,25.719855381393433,26.163074618339536,0.8734248269806122,22.464360236459928,25.997523154831196,25.349631683476417,SL_GAP,-0.38711868534412874,0.02265791957913199,0.0,-0.3985444248050308,0.24252192697296981,-1.6433335730894567,1,23.842416092373718,
XRP,1,LEGACY_SMC,2023-07-19 09:00:00+00:00,2023-07-19 10:00:00+00:00,0.7755750940918922,0.791074624143161,20.510227095925796,15.907221309768726,0.7639504465534406,0.791074624143161,TP,0.3178988812316496,0.01606617075038455,0.0,0.3097863211361494,0.2384241609237372,1.2993075866805222,4,24.14424880285498,
BTC,-1,LEGACY_SMC,2023-07-19 14:00:00+00:00,2023-07-19 14:30:00+00:00,29989.80084,29847.03539665979,0.001207622998148676,36.216373204282476,30096.874922505158,29847.03539665979,TP,0.17240683271852866,0.036130169787923216,0.0,0.1543848495327467,0.1293051245388976,1.1939577034033528,2,24.280525465785587,
LINK,-1,LEGACY_SMC,2023-07-19 16:00:00+00:00,2023-07-19 17:45:00+00:00,6.900619550418854,6.967995738725031,3.800130133018142,26.223252290040794,6.964513481984039,6.815427641665276,SL,-0.2560382834302052,0.026351271431755897,0.0,-0.2692779287169407,0.24280525465785588,-1.1090284231961463,7,23.998135910923626,
XRP,1,LEGACY_SMC,2023-07-20 14:15:00+00:00,2023-07-20 14:30:00+00:00,0.8020403780221939,0.7907447222526365,22.016465503259543,17.658094314946872,0.7911402923988359,0.8165738255200045,SL,-0.24869041558715463,0.017533749107153294,0.0,-0.2573951175368345,0.23998135910923626,-1.07256296277442,1,23.73191174622932,
BTC,-1,LEGACY_SMC,2023-07-21 02:15:00+00:00,2023-07-21 07:30:00+00:00,29893.22016,29758.352449365637,0.001190834156668653,35.59786761934398,29994.370942975773,29758.352449365637,TP,0.16060507645510466,0.03551756508111643,0.0,0.14288644518366023,0.12045380734132742,1.186234361017464,21,23.856999257603306,
LINK,1,LEGACY_SMC,2023-07-21 07:45:00+00:00,2023-07-21 11:00:00+00:00,8.091618152618407,8.242030378233563,2.1148102963955875,17.11223738365885,7.978808983407039,8.242030378233563,TP,0.31809332343470825,0.017271284045376204,0.0,0.3093781580811615,0.23856999257603306,1.2968024802304574,13,24.15782129699264,
SOL,-1,LEGACY_SMC,2023-07-21 13:00:00+00:00,2023-07-21 16:00:00+00:00,25.495899250793457,25.22704159856836,1.1980476705577585,30.5453027061884,25.697542489962277,25.22704159856836,TP,0.32210428395990615,0.03038425056420845,0.0,0.3069926847487919,0.24157821296992643,1.2707796823838942,12,24.434635795934383,
BTC,-1,LEGACY_SMC,2023-07-21 13:30:00+00:00,2023-07-21 17:45:00+00:00,29860.926620000002,29944.29512207506,0.0009983303360701426,29.811068907910467,29929.330456846637,29769.721504204488,SL,-0.08322930469425535,0.029852683560257595,0.0,-0.09817645380055771,0.06828962542758871,-1.4376481520558297,17,24.32082158184286,
ETH,-1,LEGACY_SMC,2023-07-21 17:30:00+00:00,2023-07-21 18:00:00+00:00,1895.5707611816406,1901.4962526697193,0.01649926303063954,31.27552058192549,1900.5459796798796,1888.937136517322,SL,-0.09776624264762626,0.03132440370324931,0.0,-0.11345288605991283,0.08208743863734827,-1.3820980157650316,2,24.207368695782947,
LINK,1,LEGACY_SMC,2023-07-22 02:15:00+00:00,2023-07-22 08:30:00+00:00,8.114622516059875,8.199891745535444,3.785244899348485,30.71583348905401,8.050670593953198,8.199891745535444,TP,0.3227649159437749,0.030877215947025898,0.0,0.307245616741276,0.24207368695782946,1.2692235186833827,25,24.499256395779696,
ETH,-1,LEGACY_SMC,2023-07-23 16:15:00+00:00,2023-07-23 16:30:00+00:00,1877.4344965820312,1881.6297482181903,0.019573990283321647,36.748884593669544,1880.6894035164323,1873.0946206694964,SL,-0.08211781476226801,0.03678994350105068,0.0,-0.10053331596648392,0.0637115167070835,-1.5779457335585065,1,24.380348637516377,
SOL,-1,LEGACY_SMC,2023-07-23 16:45:00+00:00,2023-07-23 17:00:00+00:00,24.841031471252442,25.00049487018585,1.4721821434265403,36.570522956274566,24.972062756317335,24.66632309116592,SL_GAP,-0.23475916843986575,0.036687902540494505,0.0,-0.25316180950222295,0.19290191810276774,-1.312386170091642,1,24.108901566536016,
SOL,-1,LEGACY_SMC,2023-07-23 19:15:00+00:00,2023-07-23 19:30:00+00:00,25.13497138977051,24.89877768442372,1.3609677718344497,34.20788600745861,25.312116668780604,24.89877768442372,TP,0.3214520208871421,0.03404715999701504,0.0,0.3045088038938564,0.24108901566536017,1.263055486179947,1,24.383295623400457,
XRP,-1,LEGACY_SMC,2023-07-23 19:15:00+00:00,2023-07-23 19:30:00+00:00,0.7496400548338891,0.7424250249470529,34.712136689571864,26.021608051372105,0.7550513272490162,0.7424250249470529,TP,0.2504491036512044,0.025896383499546503,0.0,0.23756352417734392,0.18783682773840424,1.2647334765906122,1,24.6208591475778,
BTC,-1,LEGACY_SMC,2023-07-24 23:30:00+00:00,2023-07-25 00:45:00+00:00,29181.26258,29090.148755075083,0.0012655822763021345,36.9312887213667,29249.59794869369,29090.148755075083,TP,0.1153120419510695,0.036873632700391165,0.0,0.09690405361136169,0.08648403146330558,1.1204849261967769,5,24.687010209310138,
ETH,-1,LEGACY_SMC,2023-07-25 00:30:00+00:00,2023-07-25 02:30:00+00:00,1850.4198810546875,1855.4440415270303,0.013280604736406746,24.57469503667609,1854.5167831354627,1844.9573449469872,SL,-0.06672388936546372,0.024608056981358824,0.0,-0.0790445988284845,0.05440933717853751,-1.4527763602248898,8,24.607965610481653,
ETH,-1,LEGACY_SMC,2023-07-25 03:00:00+00:00,2023-07-25 04:45:00+00:00,1852.639407763672,1846.6382498931112,0.01992397887092288,36.91194841572248,1857.1402761665925,1846.6382498931112,TP,0.11956694261412486,0.036852164944415414,0.0,0.10117075187757069,0.08967520696059364,1.1281908936327136,7,24.690680388151364,
BTC,-1,LEGACY_SMC,2023-07-25 09:45:00+00:00,2023-07-25 12:00:00+00:00,29202.05842,29124.246961147808,0.0012682674642162106,37.036020582227046,29260.417014139144,29124.246961147808,TP,0.09868574160543486,0.03698667771142433,0.0,0.08021707418512405,0.07401430620407384,1.0838049871594797,9,24.752379452045375,
BTC,-1,LEGACY_SMC,2023-07-25 18:45:00+00:00,2023-07-26 00:15:00+00:00,29287.541320000004,29175.35296668122,0.0012677257121858005,37.12856917806806,29371.682584989092,29175.35296668122,TP,0.14222406011000627,0.03705745714801306,0.0,0.12373088755102724,0.10666804508250585,1.159962081008643,22,24.85754605500737,
SOL,-1,LEGACY_SMC,2023-07-26 01:45:00+00:00,2023-07-26 03:00:00+00:00,23.426313555908205,23.623923935938986,1.337834659004605,31.34053420780341,23.612117877000486,23.1785744611185,SL,-0.2643700153842505,0.031472719215495534,0.0,-0.2801724674958443,0.2485754605500737,-1.1271123339200475,5,24.561703320407624,
BTC,-1,LEGACY_SMC,2023-07-26 03:15:00+00:00,2023-07-26 06:45:00+00:00,29304.237979999998,29200.66539287985,0.0012572432357994194,36.84255498061144,29381.91742034011,29200.66539287985,TP,0.13021593457105043,0.036777447013325915,0.0,0.11185976504803025,0.09766195092828896,1.1453771298319284,14,24.65514180796535,
BTC,-1,LEGACY_SMC,2023-07-26 14:15:00+00:00,2023-07-26 14:30:00+00:00,29244.94984,29331.179347165096,0.0012645845834676262,36.982712711948025,29316.521086621786,29149.521511170955,SL,-0.10904450540099052,0.03703723496464852,0.0,-0.12759038400966502,0.09050789509746832,-1.4097155156714496,1,24.509060067599712,
XRP,-1,LEGACY_SMC,2023-07-26 16:15:00+00:00,2023-07-26 17:00:00+00:00,0.7052589100837707,0.6992761865727228,52.12779246848904,36.76359010139957,0.7097459527170566,0.6992761865727228,TP,0.3118661695802547,0.036607657016609445,0.0,0.29364030761434506,0.23389962718519103,1.2554116103051933,3,24.784318580163358,
ETH,1,LEGACY_SMC,2023-07-27 08:00:00+00:00,2023-07-27 08:45:00+00:00,1871.8442646972655,1878.9520215701452,0.019860881896741345,37.17647787024504,1866.5134470426058,1878.9520215701452,TP,0.1411663198030151,0.03724706103014654,0.0,0.12250749770799109,0.10587473985226134,1.1570984531243171,3,24.888237838936227,
BTC,1,LEGACY_SMC,2023-07-27 14:30:00+00:00,2023-07-27 14:45:00+00:00,29395.97802,29317.79779193245,0.0012699817891075,37.332356758404345,29332.464023944423,29480.663348074097,SL,-0.09928746591405627,0.03728271302544731,0.0,-0.11790400056030141,0.08066161834402616,-1.4617113192229108,1,24.751667659996723,
ETH,1,LEGACY_SMC,2023-07-27 17:30:00+00:00,2023-07-27 18:15:00+00:00,1868.5236544189452,1862.3138721047546,0.019869966003475948,37.12750148999508,1863.2454948521806,1875.5612005079647,SL,-0.1233881634719521,0.03706580740825911,0.0,-0.14189022013521366,0.10487685115253281,-1.3529221994742064,3,24.59121368911651,
ETH,-1,LEGACY_SMC,2023-07-28 03:45:00+00:00,2023-07-28 05:45:00+00:00,1862.1974322998046,1857.560091117971,0.019808222207738587,36.886820533674765,1865.67543818618,1857.560091117971,TP,0.09185748458285628,0.036840891791383334,0.0,0.07346000305831032,0.06889311343714447,1.0662894938741958,8,24.646230281907986,
BTC,-1,LEGACY_SMC,2023-07-28 12:45:00+00:00,2023-07-28 13:30:00+00:00,29262.846260000002,29329.38548616323,0.0012633543946610603,36.96934542286198,29314.728122102184,29193.670443863757,SL,-0.08406262379066233,0.03701137673475731,0.0,-0.10258932781398865,0.06554517848999064,-1.5651697070236066,3,24.525156281382568,
SOL,1,LEGACY_SMC,2023-07-29 00:15:00+00:00,2023-07-29 01:45:00+00:00,24.882975859451292,25.072724454275882,1.4784298562143554,36.787734422073854,24.74066441333285,25.072724454275882,TP,0.28052998776339366,0.03692799941595555,0.0,0.26199585555847504,0.21039749082254394,1.2452423008193136,6,24.768758269730004,
BTC,1,LEGACY_SMC,2023-07-29 08:15:00+00:00,2023-07-29 08:45:00+00:00,29326.464119999997,29279.834317580695,0.0012668809049931591,37.15313740459501,29294.481558359872,29369.10753552016,SL,-0.059074406288617515,0.037123600201450696,0.0,-0.07762143778777071,0.04051809663464095,-1.915722707502708,2,24.672560263239937,
ETH,1,LEGACY_SMC,2023-07-29 08:45:00+00:00,2023-07-29 09:45:00+00:00,1872.1744088378905,1869.0862097320637,0.01976783798568868,37.0088403948599,1870.0212203422348,1875.0453268320982,SL,-0.06104701959153261,0.03697831688506414,0.0,-0.0795209162791668,0.04256388133477141,-1.868272201346552,4,24.57453492676334,
LINK,-1,LEGACY_SMC,2023-07-29 19:00:00+00:00,2023-07-29 20:15:00+00:00,7.790441416931152,7.822527680717615,4.731670571327625,36.861802390145016,7.81861837153185,7.752872144130222,SL,-0.15182163010225994,0.03693771320519615,0.0,-0.17032844211238357,0.1333240668737542,-1.2775521037298476,5,24.38577558345589,
ETH,1,LEGACY_SMC,2023-07-30 05:30:00+00:00,2023-07-30 06:15:00+00:00,1877.5254544189452,1874.5498965027205,0.01948237947405308,36.57866337518384,1875.4876403228818,1880.242539880363,SL,-0.05797094847091255,0.03654967790094839,0.0,-0.07623129468426902,0.03970146751708078,-1.9201127679089445,3,24.29125495708403,
ETH,1,LEGACY_SMC,2023-07-30 06:45:00+00:00,2023-07-30 09:15:00+00:00,1874.8949235351563,1871.9809860879677,0.019434093067425606,36.436882435626046,1872.917444810373,1877.5315618348675,SL,-0.05662973154131932,0.03640856756985539,0.0,-0.07481985789336168,0.03843050557629462,-1.9468871608994232,10,24.198216657972853,
ETH,1,LEGACY_SMC,2023-07-30 09:30:00+00:00,2023-07-30 10:45:00+00:00,1875.1949102783203,1872.2459965146606,0.019356561170258274,36.29732498695928,1873.182587808565,1877.8780069046609,SL,-0.05708082965209505,0.036268784572133235,0.0,-0.07520095173074864,0.03895164298010595,-1.9306233569956617,5,24.104867043748623,
BTC,1,LEGACY_SMC,2023-07-31 10:00:00+00:00,2023-07-31 12:30:00+00:00,29395.3779,29462.911597727943,0.001230033534136771,36.15730056562293,29344.72762670404,29462.911597727943,TP,0.08306871288962732,0.03619883492206775,0.0,0.06494852825037103,0.06230153466722272,1.042486811878503,10,24.151736921716186,
SOL,-1,LEGACY_SMC,2023-07-31 13:00:00+00:00,2023-07-31 13:15:00+00:00,24.66306566772461,24.488632297772188,0.9774313031382367,24.10645241498797,24.793890695188924,24.488632297772188,TP,0.1704966361033892,0.024021204096936276,0.0,0.1585286582139469,0.127872477077541,1.2397402618377071,1,24.28009855103135,
ETH,-1,LEGACY_SMC,2023-07-31 12:45:00+00:00,2023-07-31 13:45:00+00:00,1870.3059177001953,1866.4511311405988,0.01936988224211001,36.22760538257428,1873.1970076198927,1866.4511311405988,TP,0.07466676172785268,0.03619027200171035,0.0,0.056590292417429466,0.05600007129588951,1.0105396494661834,4,24.33668884344878,
BTC,1,LEGACY_SMC,2023-07-31 14:00:00+00:00,2023-07-31 14:30:00+00:00,29368.8726,29296.91612921196,0.0012429838135895339,36.50503326517317,29311.571915169545,29445.273513107273,SL,-0.08944072847255953,0.03646031290093689,0.0,-0.10764852474090983,0.07122382375184963,-1.5114117590199483,2,24.210787802075284,
LINK,-1,LEGACY_SMC,2023-07-31 18:00:00+00:00,2023-07-31 19:00:00+00:00,7.650469550418854,7.580004079489315,4.581116109341858,35.047689301453175,7.703318653616008,7.580004079489315,TP,0.3228105040276691,0.03488628404943934,0.0,0.30544806462895635,0.24210787802075284,1.2616196842746858,4,24.498712022053514,
ETH,-1,LEGACY_SMC,2023-08-01 01:15:00+00:00,2023-08-01 01:30:00+00:00,1862.2875021728516,1856.8692095474753,0.019732757691926686,36.74806803308027,1866.351221641884,1856.8692095474753,TP,0.10691785548050486,0.036694609105340024,0.0,0.08859728039170497,0.08018839161037977,1.1048641656535825,1,24.56893526842868,
LINK,-1,LEGACY_SMC,2023-08-01 12:45:00+00:00,2023-08-01 14:00:00+00:00,7.491501430511475,7.432384300795096,4.919361391635868,36.853402902643026,7.535839277798758,7.432384300795096,TP,0.29081852551108245,0.036707993639887485,0.0,0.2725372333225165,0.21811389413330964,1.24951798419565,5,24.823045800299877,
XRP,-1,LEGACY_SMC,2023-08-01 14:45:00+00:00,2023-08-01 15:30:00+00:00,0.6918315967321396,0.686070111654123,53.820277761708155,37.23456870044981,0.696152710540652,0.686070111654123,TP,0.31008472721878744,0.03707952633684042,0.0,0.29162248523217194,0.23256354541409055,1.253947538135971,3,25.096051001181824,
SOL,-1,LEGACY_SMC,2023-08-01 18:30:00+00:00,2023-08-01 19:00:00+00:00,23.52529468650818,23.725439680363653,1.332853077347854,31.355761418427544,23.713582888919195,23.274243749960156,SL,-0.26676387097603615,0.03148914335391556,0.0,-0.28257513362073794,0.25096051001181824,-1.1259744953794957,2,24.782125401160496,
LINK,-1,LEGACY_SMC,2023-08-01 18:45:00+00:00,2023-08-01 19:30:00+00:00,7.489501975440979,7.546539912193677,4.185214382149675,31.345171382753986,7.542768527929713,7.4184799054560004,SL,-0.2387159932255346,0.03146452937936675,0.0,-0.25450793691352436,0.22293194156337878,-1.1416396193775966,3,24.51244670094942,
SOL,-1,LEGACY_SMC,2023-08-01 19:15:00+00:00,2023-08-01 23:00:00+00:00,23.63027322883606,23.83519044842621,1.2840108237971135,30.341526595108668,23.8232788090217,23.372932455255203,SL,-0.2631159279361632,0.030473084559076748,0.0,-0.2784182491976856,0.24782125401160499,-1.1234639672376439,15,24.234028451751733,
ETH,1,LEGACY_SMC,2023-08-02 08:30:00+00:00,2023-08-02 13:00:00+00:00,1856.6112382324218,1851.1326819208407,0.019579243047260365,36.3510426776276,1852.0587112764788,1862.681274173679,SL,-0.10726598557254839,0.03629740968484133,0.0,-0.12538787391857592,0.08913503174961226,-1.4067182280340789,18,24.09046505649434,
BTC,1,LEGACY_SMC,2023-08-02 13:45:00+00:00,2023-08-02 14:00:00+00:00,29447.988419999998,29346.650331704135,0.0012271024108458108,36.135697584741514,29361.330997202735,29563.53165039635,SL,-0.12435221245835874,0.03607352147851234,0.0,-0.14235788514450032,0.10633753243220649,-1.3387360218769222,1,23.930039322557473,
BTC,1,LEGACY_SMC,2023-08-02 14:15:00+00:00,2023-08-02 15:00:00+00:00,29360.470919999996,29245.582627649634,0.0012225641435262174,35.89505898383621,29260.21273401664,29494.148501311138,SL,-0.14045830673851056,0.035824829830466955,0.0,-0.1583356070770594,0.12257206327823306,-1.2917756529695084,3,23.753756185988497,
BTC,-1,LEGACY_SMC,2023-08-03 13:45:00+00:00,2023-08-03 14:00:00+00:00,29158.767079999998,29243.184972466875,0.001221952704009279,35.63063427898275,29228.570687123316,29065.69560383557,SL,-0.10315467196666571,0.03568221161496608,0.0,-0.12102156644214042,0.08529670647394005,-1.4188304735906194,1,23.614919302406864,
BTC,-1,LEGACY_SMC,2023-08-03 14:15:00+00:00,2023-08-03 14:30:00+00:00,29198.75908,29287.484328461644,0.0012131467250563136,35.4223789536103,29272.84790450939,29099.973980654144,SL,-0.10763674460105088,0.03547619732591083,0.0,-0.12540175245015656,0.08988061481684084,-1.3952035453440195,1,23.471806360479903,
ETH,-1,LEGACY_SMC,2023-08-03 14:45:00+00:00,2023-08-03 15:00:00+00:00,1840.0619677001953,1848.3337391967773,0.019133980354327017,35.207709540719854,1844.8729519721435,1833.6473220042644,SL_GAP,-0.15827191331108229,0.035286845497375395,0.0,-0.17595490403809774,0.09205327854443314,-1.911446358243136,1,23.278247601671445,
ETH,-1,LEGACY_SMC,2023-08-03 15:15:00+00:00,2023-08-03 16:45:00+00:00,1843.6011767089844,1850.4847689053204,0.018939764111475688,34.91737140250717,1849.559988910865,1835.6560937731435,SL,-0.13037361243819753,0.03498255820872627,0.0,-0.14789748494567023,0.11285849748820197,-1.3104683141925684,6,23.112891431024522,
ETH,-1,LEGACY_SMC,2023-08-04 08:15:00+00:00,2023-08-04 12:30:00+00:00,1837.9722978271484,1842.766932823925,0.018862818110764176,34.66933714653678,1841.8460098190155,1832.8073485046589,SL_AMBIG,-0.09044032785169939,0.034714557310462635,0.0,-0.10782021658889362,0.07306912471607585,-1.475592009728457,17,22.97620176848256,
SOL,-1,LEGACY_SMC,2023-08-04 08:30:00+00:00,2023-08-04 12:30:00+00:00,22.968404972839355,23.1336743749272,1.004403866392621,23.069554759591348,23.122113318268067,22.76346051226774,SL,-0.16599722645342746,0.02315255337281806,0.0,-0.17761500244644984,0.15438525644541023,-1.1504660907128363,16,22.79858676603611,
BTC,-1,LEGACY_SMC,2023-08-04 12:45:00+00:00,2023-08-04 13:00:00+00:00,29189.06102,29262.24969539392,0.0011715991866138543,34.197880149054164,29247.625882452696,29110.974536729744,SL,-0.08574779256085968,0.034240754045334595,0.0,-0.10288960653166719,0.06861454521372948,-1.4995305472210492,1,22.66722029972199,
ETH,-1,LEGACY_SMC,2023-08-04 12:45:00+00:00,2023-08-04 13:30:00+00:00,1838.5522599365236,1843.8553136244914,0.012377042476146667,22.7558394158498,1842.933846701141,1832.710144250367,SL,-0.06563612074926374,0.022788657476224432,0.0,-0.07704685851756327,0.054231085498591555,-1.4207139283532184,3,22.590173441204428,
LINK,-1,LEGACY_SMC,2023-08-04 14:00:00+00:00,2023-08-04 16:45:00+00:00,7.190561512279511,7.2370867191159025,4.712463707311299,33.88526016180664,7.233469984123841,7.133350216487072,SL,-0.21924834869164647,0.03399488433615247,0.0,-0.23630060294689562,0.20220461630259173,-1.1686212079020022,11,22.33693020817663,
LINK,-1,LEGACY_SMC,2023-08-04 17:30:00+00:00,2023-08-04 18:15:00+00:00,7.204558651256561,7.142929920060003,4.650582628877787,33.505395312264945,7.250780199653979,7.142929920060003,TP,0.28660950674249214,0.0333620905588937,0.0,0.2700001138397309,0.21495713005686706,1.2560649361493716,3,22.590177624360226,
ETH,-1,LEGACY_SMC,2023-08-05 06:00:00+00:00,2023-08-05 14:00:00+00:00,1833.0832611816406,1836.8843986147351,0.018485394064804917,33.88526643654034,1835.9664154070317,1829.239055547786,SL,-0.07026552334523253,0.033920399198212964,0.0,-0.08724328932517532,0.05329624200596151,-1.6369501120813852,32,22.48599170181678,
ETH,-1,LEGACY_SMC,2023-08-05 14:30:00+00:00,2023-08-05 15:00:00+00:00,1834.8030099365235,1838.2605506122477,0.018382893079018903,33.72898755272517,1837.3418796724116,1831.4178502886728,SL,-0.0635596005581968,0.03376076735300427,0.0,-0.08045587413483848,0.046671770896387105,-1.7238658955850041,2,22.388671333905577,
ETH,-1,LEGACY_SMC,2023-08-05 15:15:00+00:00,2023-08-05 18:15:00+00:00,1833.9831055908203,1837.6883063912726,0.018311513829370612,33.583007000858366,1836.7699214305574,1830.2673511378375,SL,-0.06784783569807741,0.033616930918707405,0.0,-0.08467326311635563,0.051030816789254495,-1.6592574535116043,12,22.287206567288795,
XRP,-1,LEGACY_SMC,2023-08-06 00:30:00+00:00,2023-08-06 00:45:00+00:00,0.6300039669632912,0.6340461716955375,35.309965050222154,22.245418054975126,0.6337293070420165,0.6250368468583242,SL,-0.14273010782145795,0.02231678310888585,0.0,-0.15392418190285626,0.13154162797998112,-1.17015567061616,1,22.105444271432987,
BTC,-1,LEGACY_SMC,2023-08-05 19:00:00+00:00,2023-08-06 05:45:00+00:00,29077.6833,29126.391009408944,0.0011497067873675203,33.430809850933194,29111.835091863013,29032.14757751598,SL,-0.055999584104587316,0.03345880964298549,0.0,-0.07274298882210621,0.039264546905668295,-1.8526379279727512,43,22.021784882197057,
BTC,-1,LEGACY_SMC,2023-08-06 08:30:00+00:00,2023-08-06 08:45:00+00:00,29097.47934,29135.821757730893,0.0011352418859830896,33.03267732329559,29121.261127167312,29065.770290443586,SL,-0.04352791861796885,0.03305444128260457,0.0,-0.060066021238925627,0.026998080915866054,-2.224825587644877,1,21.945202522296483,
XRP,-1,LEGACY_SMC,2023-08-06 04:45:00+00:00,2023-08-06 09:15:00+00:00,0.6365526709794999,0.6313400963789876,34.29849849511101,21.832800827649272,0.6404621019298841,0.6313400963789876,TP,0.1787834820913242,0.02174340908660361,0.0,0.16795647341854522,0.13408761156849314,1.252587554166043,18,22.11315899571503,
ETH,-1,LEGACY_SMC,2023-08-08 01:15:00+00:00,2023-08-08 05:15:00+00:00,1830.1339,1836.4748666997775,0.013260443730764225,24.26838760071408,1835.5570881556998,1822.902982459067,SL,-0.08408403212104903,0.024310429616774605,0.0,-0.0962602679374666,0.07191388138000408,-1.3385491937059055,16,21.989276638901764,
XRP,-1,LEGACY_SMC,2023-08-08 00:30:00+00:00,2023-08-08 05:30:00+00:00,0.6223554792284965,0.6271117822481427,49.77186059209127,30.975790150884887,0.6267983830566144,0.6164316074576727,SL,-0.2367300508275702,0.031094155176298672,0.0,-0.25233631092842645,0.2211315899571503,-1.141113809100377,20,21.736940327973336,
BTC,1,LEGACY_SMC,2023-08-09 02:45:00+00:00,2023-08-09 10:45:00+00:00,29703.63954,29846.490704759934,0.001097690754294684,32.60541049196,29596.50116643005,29846.490704759934,TP,0.15680640279720554,0.0326838136933586,0.0,0.14042529434982692,0.11760480209790314,1.1940438812432699,32,21.861062917077184,
BTC,1,LEGACY_SMC,2023-08-09 15:45:00+00:00,2023-08-09 16:30:00+00:00,29794.05762,29659.277539424253,0.0011006085439535299,32.79159437561577,29674.11459672261,29953.981651036516,SL,-0.1483401082364123,0.032717424321497574,0.0,-0.16466173537010198,0.1320103162067108,-1.247339905710576,3,21.680005384519273,
BTC,1,LEGACY_SMC,2023-08-09 17:15:00+00:00,2023-08-09 17:30:00+00:00,29591.31708,29448.70169700979,0.0010989712958318551,32.52000807677891,29463.433413716648,29761.828635044472,SL,-0.15673021225030792,0.03244164297065375,0.0,-0.1729118511825722,0.14054047845114473,-1.2303348692717064,1,21.49083352929831,
LINK,1,LEGACY_SMC,2023-08-10 01:00:00+00:00,2023-08-10 04:00:00+00:00,7.649529363441467,7.588721546860268,3.769557332665403,28.835339503400096,7.592517805763149,7.725544773679226,SL,-0.22921855087703386,0.02872073022796158,0.0,-0.2435216113532954,0.21490833529298312,-1.1331417695888992,12,21.232894248193315,
LINK,1,LEGACY_SMC,2023-08-10 09:45:00+00:00,2023-08-10 10:45:00+00:00,7.600519777107238,7.649548583696127,2.788372794622745,21.19308257147795,7.563748172165572,7.649548583696127,TP,0.13671059044527809,0.021261437866700594,0.0,0.12604569386431647,0.10253294283395795,1.2293189913453972,4,21.332418730085745,
ETH,1,LEGACY_SMC,2023-08-10 08:30:00+00:00,2023-08-10 12:30:00+00:00,1852.8805117675781,1856.762951717272,0.017189096204539872,31.84934137228997,1849.9686818053076,1856.762951717272,TP,0.06673563380363721,0.031882709189191796,0.0,0.05077759530059041,0.05005172535272986,1.01450239612611,16,21.383196325386336,
BTC,-1,LEGACY_SMC,2023-08-10 12:45:00+00:00,2023-08-10 13:30:00+00:00,29534.19198,29611.76641993206,0.0010860224146236996,32.074794488079505,29596.96793596408,29450.490705381228,SL,-0.0842475805680981,0.03211691827836355,0.0,-0.10032710160242189,0.0681760952764211,-1.4715876759389637,3,21.266831826539875,
SOL,1,LEGACY_SMC,2023-08-11 07:45:00+00:00,2023-08-11 09:30:00+00:00,24.53990684738159,24.403722842741747,1.2999335302372417,31.900247739809814,24.41593080814582,24.705208233029282,SL,-0.1770301539133175,0.03181173266285316,0.0,-0.19289176270626573,0.1611606103485865,-1.1968914878706747,7,21.0579899399637,
XRP,-1,LEGACY_SMC,2023-08-12 01:00:00+00:00,2023-08-12 02:30:00+00:00,0.6327834311962128,0.6301263964649695,49.917528419215344,31.58698490994555,0.6347762072446453,0.6301263964649695,TP,0.13263260670768193,0.03152066860659171,0.0,0.11690543055606299,0.09947445503076145,1.1752306712302287,6,21.14859262496038,
BTC,-1,LEGACY_SMC,2023-08-12 01:15:00+00:00,2023-08-12 03:30:00+00:00,29433.1122,29386.242601725706,0.0007141108988408733,21.018506208826274,29468.26439870572,29386.242601725706,TP,0.033470090951966604,0.02100177116335029,0.0,0.02297757289302945,0.02510256821397495,0.9153474934185226,9,21.17157019785341,
LINK,-1,LEGACY_SMC,2023-08-13 01:00:00+00:00,2023-08-13 03:15:00+00:00,7.477504291534424,7.441348595616032,4.247052767690667,31.757355296780112,7.504621063473218,7.441348595616032,TP,0.15355514841798967,0.031680577722571115,0.0,0.13775324834380862,0.11516636131349224,1.1961239963884334,9,21.293444768548827,
SOL,1,LEGACY_SMC,2023-08-13 05:30:00+00:00,2023-08-13 13:45:00+00:00,24.759950160598756,24.634271587433286,1.2899931924600794,31.940167152823243,24.64659488487572,24.91109052822947,SL,-0.16212450382155164,0.03185910490091247,0.0,-0.17801352514605248,0.14622753401214925,-1.2173735018417415,33,21.09946115982636,
XRP,-1,LEGACY_SMC,2023-08-13 14:45:00+00:00,2023-08-13 15:15:00+00:00,0.6291041764259339,0.6275989028668404,50.30834784716405,31.649191739739543,0.630233131595254,0.6275989028668404,TP,0.07572782581601281,0.031611327826831535,0.0,0.059941093859051046,0.05679586936200961,1.0553776979271887,2,21.143577657815545,
BTC,-1,LEGACY_SMC,2023-08-13 17:30:00+00:00,2023-08-13 18:45:00+00:00,29403.6181,29445.50014293277,0.0010786212220163245,31.71536648672332,29430.784750557494,29367.395899256677,SL,-0.04517486032868625,0.03173795391688766,0.0,-0.06105513100221225,0.029302525822414636,-2.0836132479579224,5,21.06666484356997,
SOL,-1,LEGACY_SMC,2023-08-14 08:45:00+00:00,2023-08-14 09:00:00+00:00,24.483103269577025,24.59860685024598,1.2906859444007437,31.599997265354958,24.58631369339928,24.345489371147355,SL,-0.14907884809737545,0.03167453668940365,0.0,-0.16495338615410163,0.13321224334302748,-1.2382749664333728,1,20.88591145878319,
SOL,-1,LEGACY_SMC,2023-08-14 09:00:00+00:00,2023-08-14 13:00:00+00:00,24.49909891014099,24.355457424308415,1.278776305327978,31.328867188174787,24.60683002451542,24.355457424308415,TP,0.18368532854480102,0.031237024523902385,0.0,0.16811273761498602,0.13776399640860076,1.2202951569172868,16,21.03835976280409,
BTC,1,LEGACY_SMC,2023-08-15 14:15:00+00:00,2023-08-15 15:00:00+00:00,29422.48332,29482.80720105025,0.0010725654697798684,31.557539644206138,29377.24040921231,29482.80720105025,TP,0.06470131181760806,0.03158989030011494,0.0,0.048890191339596184,0.04852598386320605,1.0075054114805138,3,21.06097172790246,
SOL,1,LEGACY_SMC,2023-08-15 14:15:00+00:00,2023-08-15 16:00:00+00:00,24.85497038154602,24.68299389192534,0.8448576890616543,20.998912838248835,24.69534156270669,25.06780880666513,SL,-0.14529565959386545,0.020926265008451902,0.0,-0.15572246818319294,0.134863634992238,-1.1546661054490743,7,20.905249259719266,
ETH,-1,LEGACY_SMC,2023-08-16 18:30:00+00:00,2023-08-16 19:15:00+00:00,1828.1943465820314,1821.6374376400177,0.017152374389629403,31.357873889578897,1833.1120282885418,1821.6374376400177,TP,0.11246655701212792,0.03130164061107284,0.0,0.09684385334584453,0.08434991775909789,1.1481203054925213,3,20.986414176120324,
SOL,-1,LEGACY_SMC,2023-08-17 13:30:00+00:00,2023-08-17 13:45:00+00:00,23.359327520370485,23.145282577001673,1.30729019465535,30.537419821123205,23.519861227897092,23.145282577001673,TP,0.2798188556816074,0.030397510393282402,0.0,0.2646900551988866,0.20986414176120322,1.2612447890219751,1,21.23583552140865,
SOL,-1,LEGACY_SMC,2023-08-19 07:30:00+00:00,2023-08-19 07:45:00+00:00,21.646668869400024,21.807879885075074,1.4127788435818014,30.581955812709147,21.796981394377887,21.44625216942954,SL,-0.2277555122980453,0.03069583356885817,0.0,-0.2431603679605489,0.2123583552140865,-1.1450473315043797,1,20.977384175541747,
SOL,-1,LEGACY_SMC,2023-08-19 08:30:00+00:00,2023-08-19 11:00:00+00:00,21.82663317451477,21.614663889964678,1.319523516190339,28.80075575303243,21.985610137927342,21.614663889964678,TP,0.27969845567388996,0.028660906525195484,0.0,0.2654379270252107,0.20977384175541747,1.2653528428711045,10,21.228421724690442,
BTC,-1,LEGACY_SMC,2023-08-19 15:30:00+00:00,2023-08-19 15:45:00+00:00,26054.88798,26147.115287529803,0.0012221366144992984,31.842632587035663,26134.048263398105,25949.34093546919,SL,-0.11271436938885972,0.0318989897717301,0.0,-0.12869204286707198,0.09674468075496517,-1.330223448594792,1,21.073214056312874,
ETH,-1,LEGACY_SMC,2023-08-19 15:30:00+00:00,2023-08-19 15:45:00+00:00,1667.9463732910156,1672.7932943036328,0.0127034170721865,21.188618433956645,1671.95731564581,1662.5984501512896,SL,-0.061572459139221554,0.021219404663526256,0.0,-0.07219755458576949,0.05095267358545176,-1.4169532137442864,1,21.001016501727104,
SOL,-1,LEGACY_SMC,2023-08-19 16:15:00+00:00,2023-08-19 16:30:00+00:00,21.902618188095094,22.057877789822783,1.438253841712537,31.501524752590655,22.04685436264146,21.71030328869994,SL,-0.22330271864760723,0.03161317611191446,0.0,-0.23916513238322637,0.2074482321552336,-1.1528906749335854,1,20.735619787169686,
LINK,-1,LEGACY_SMC,2023-08-19 16:15:00+00:00,2023-08-19 16:45:00+00:00,6.205758378791809,6.241052582427437,3.377772435907722,20.961639595786366,6.237933615619627,6.162858063021384,SL,-0.11921578818773787,0.021021247489880233,0.0,-0.1297562158797249,0.10868062807580771,-1.1939222120543544,2,20.590424866353892,
ETH,-1,LEGACY_SMC,2023-08-19 16:30:00+00:00,2023-08-19 16:45:00+00:00,1681.3136944091798,1688.3192380728206,0.01836504988617742,30.877409872137846,1687.4755003226594,1673.097953191207,SL,-0.12865715886255677,0.030941738451569126,0.0,-0.14416019237805697,0.1131618729899961,-1.273929006024858,1,20.446264673975836,
XRP,-1,LEGACY_SMC,2023-08-20 03:00:00+00:00,2023-08-20 04:45:00+00:00,0.5161467643022537,0.5199151480668979,58.27543885673174,30.078679204195915,0.5196553204066946,0.5114686894963325,SL,-0.21960421766522176,0.030188481313028523,0.0,-0.23475335937615233,0.20446264673975836,-1.1481479043697806,7,20.196471974997586,
ETH,-1,LEGACY_SMC,2023-08-20 10:30:00+00:00,2023-08-20 11:00:00+00:00,1670.1258689453125,1674.841303927569,0.018139176529028644,30.29470796249638,1674.0043017766807,1664.954625170155,SL,-0.0855341075543079,0.030337475016273534,0.0,-0.10072422858933325,0.07035157778416766,-1.431726647245157,2,20.080600392427005,
BTC,-1,LEGACY_SMC,2023-08-20 11:30:00+00:00,2023-08-20 12:30:00+00:00,26143.470260000002,26203.410006489656,0.0011521385756781512,30.12090058864051,26190.314849065126,26081.010807913168,SL,-0.06905889414709916,0.03015543003571406,0.0,-0.08415387388849296,0.05397145812371995,-1.5592292076968757,4,19.971364593610847,
ETH,-1,LEGACY_SMC,2023-08-20 11:30:00+00:00,2023-08-20 12:30:00+00:00,1671.91555,1676.7559229670107,0.011988015343652497,20.042949266691203,1675.9179639850183,1666.5789980199754,SL,-0.058026465397526324,0.020071962499389966,0.0,-0.06807695326357069,0.047981000264049826,-1.4188314726439317,4,19.903287640347276,
BTC,-1,LEGACY_SMC,2023-08-20 13:00:00+00:00,2023-08-20 14:30:00+00:00,26181.46266,26113.720231958247,0.0011403080052564533,29.854931460520916,26232.269481031315,26113.720231958247,TP,0.07724723299152186,0.029816307844025156,0.0,0.062358390877757165,0.05793542474363932,1.076343034571494,6,19.940785581006764,
ETH,-1,LEGACY_SMC,2023-08-20 13:45:00+00:00,2023-08-20 14:45:00+00:00,1676.1947232910156,1670.799446324624,0.011851826461437058,19.865968976021627,1680.2411810158096,1670.799446324624,TP,0.06394388631706358,0.019833997032863093,0.0,0.05404287377221129,0.0479579147377997,1.1268812263352126,4,19.994828454778975,
ETH,-1,LEGACY_SMC,2023-08-20 18:00:00+00:00,2023-08-20 20:00:00+00:00,1674.3550034179689,1680.9295734737045,0.017912714221860575,29.992242682168463,1680.08952870935,1666.7089696961277,SL,-0.11776839453999462,0.03005112687943846,0.0,-0.13282340007834884,0.10272091274254018,-1.2930512057584376,8,19.847008933359543,
BTC,-1,LEGACY_SMC,2023-08-20 21:00:00+00:00,2023-08-21 00:15:00+00:00,26225.2539,26124.33356499474,0.0011351849447695647,29.770513400039313,26300.944151253945,26124.33356499474,TP,0.11456324491907136,0.029713231777579778,0.0,0.09973526984151124,0.08592243368930455,1.1607593681779766,13,19.931858946501034,
BTC,-1,LEGACY_SMC,2023-08-21 14:15:00+00:00,2023-08-21 15:15:00+00:00,26097.67942,25981.31708293306,0.0011456109924026167,29.89778841975155,26184.951172800207,25981.31708293306,TP,0.1333059724455462,0.029831135433528777,0.0,0.1184237312218932,0.0999794793341607,1.184480375478716,4,20.03533378351305,
ETH,-1,LEGACY_SMC,2023-08-23 06:30:00+00:00,2023-08-23 06:45:00+00:00,1638.3122866455078,1646.082929201554,0.01834387797750328,30.053000675269573,1645.2602990520281,1629.0482701034807,SL,-0.1425437188549046,0.030124272534697027,0.0,-0.15764149105196684,0.12745349177138768,-1.2368550195135268,1,19.86266579212345,
SOL,-1,LEGACY_SMC,2023-08-23 07:00:00+00:00,2023-08-23 09:45:00+00:00,20.75984713897705,20.934087340369416,1.2127769700537399,25.17706451198739,20.923625527605616,20.541475954138964,SL,-0.21131450350618608,0.02528272176374048,0.0,-0.22400869301393286,0.19862665792123452,-1.127787656291149,11,19.626068566853526,
XRP,1,LEGACY_SMC,2023-08-24 09:00:00+00:00,2023-08-24 09:15:00+00:00,0.5272554052948951,0.5249021435726474,37.153283762609036,19.589269688290674,0.5251647259356153,0.5300429777739349,SL,-0.0874314005343549,0.019545553988023497,0.0,-0.09718231967823306,0.07767560349195457,-1.2511305391827299,1,19.504372060906007,
ETH,1,LEGACY_SMC,2023-08-24 08:45:00+00:00,2023-08-24 09:30:00+00:00,1672.8345,1667.9618077475516,0.017598335549799032,29.43910285028029,1668.7962058504768,1678.2188921993643,SL,-0.0857512732894923,0.029396227213635544,0.0,-0.10042794907798769,0.07106725549209876,-1.4131395448238921,3,19.403944111828018,
XRP,1,LEGACY_SMC,2023-08-24 09:30:00+00:00,2023-08-24 09:45:00+00:00,0.5259451524138451,0.5235117860516777,55.34021187220631,29.105916167742027,0.5237736728881217,0.528840458448143,SL,-0.1346630100450438,0.029038584662719507,0.0,-0.1491486366238923,0.12017013702969022,-1.2411455983198423,1,19.240242517120254,
ETH,1,LEGACY_SMC,2023-08-24 10:15:00+00:00,2023-08-24 13:15:00+00:00,1668.213580883789,1662.847006732501,0.01730016114626683,28.860363775680383,1663.6788461555789,1674.259893854736,SL,-0.09284259762067217,0.02881394247687005,0.0,-0.10722635820970203,0.07845164155360891,-1.366782849743562,12,19.108983893491516,
SOL,1,LEGACY_SMC,2023-08-24 12:15:00+00:00,2023-08-24 13:15:00+00:00,21.683336654663087,21.537685612625623,0.8856647557639947,19.204167062400657,21.548459842546894,21.863172404151346,SL,-0.12899799457288202,0.019139668065114218,0.0,-0.13853557910679593,0.11945563886111443,-1.159724065164181,4,18.97044831438472,
BTC,1,LEGACY_SMC,2023-08-24 14:00:00+00:00,2023-08-24 14:15:00+00:00,26364.371819999997,26275.304377892575,0.0007776890577336372,20.503283478435055,26288.448602193672,26465.602777075095,SL,-0.06926677512726616,0.020468650090871423,0.0,-0.07948378347892006,0.05904465571590646,-1.3461638909600306,1,18.867268276278928,
SOL,1,LEGACY_SMC,2023-08-24 13:45:00+00:00,2023-08-24 14:30:00+00:00,21.519302389526366,21.356799173178477,1.2495398451389774,26.889225775307604,21.367482914635794,21.72172835604713,SL,-0.2030542437899281,0.026787698653412642,0.0,-0.21639732955568694,0.1897044831438472,-1.1407075150227175,3,18.640731474265547,
BTC,1,LEGACY_SMC,2023-08-24 14:15:00+00:00,2023-08-24 14:30:00+00:00,26311.2612,26190.99795,0.0007707325301224906,20.27894491538972,26229.264640608413,26420.58994585545,SL_GAP,-0.09269079895325359,0.020232599515913094,0.0,-0.10278392601147182,0.06319741568121742,-1.6263944483100075,1,18.537947548254074,
BTC,-1,LEGACY_SMC,2023-08-25 00:00:00+00:00,2023-08-25 03:15:00+00:00,26170.86478,26060.30831501015,0.0010625144241940144,27.80692132238111,26253.78212874239,26060.30831501015,TP,0.1174678387396178,0.027748187403011305,0.0,0.10362311199779706,0.08810087905471528,1.1761870381956308,13,18.61841560514238,
XRP,-1,LEGACY_SMC,2023-08-25 00:00:00+00:00,2023-08-25 03:15:00+00:00,0.5186062752008438,0.5149965282103971,35.67868300366257,18.5031888966011,0.5213135854436788,0.5149965282103971,TP,0.12879101859557257,0.018438793387303316,0.0,0.1196038196565698,0.09659326394667844,1.238221121946906,13,18.73801942479895,
SOL,-1,LEGACY_SMC,2023-08-25 13:30:00+00:00,2023-08-25 14:00:00+00:00,20.766845708465578,20.590621773310914,1.353456828821174,28.107029137198424,20.899013659831578,20.590621773310914,TP,0.23851148843681874,0.027987773392980017,0.0,0.22457722961243795,0.17888361632761768,1.2554376651304633,2,18.939191697023603,
XRP,-1,LEGACY_SMC,2023-08-25 13:30:00+00:00,2023-08-25 14:15:00+00:00,0.5178164332389832,0.5212549196697059,36.11875645079359,18.702885638377452,0.5209944224584767,0.5135791142796584,SL,-0.12419385395063369,0.01876498256535277,0.0,-0.13360739369679772,0.1147850186221343,-1.1639793703098624,3,18.805584303326803,
BTC,-1,LEGACY_SMC,2023-08-25 14:30:00+00:00,2023-08-25 14:45:00+00:00,26064.88598,25926.3,0.0010822367102098563,28.208376454990205,26165.363083591423,25930.916508544768,TP_GAP,0.14998283507640875,0.028133385037452004,0.0,0.13595363826645185,0.10874001004219727,1.2502632491361196,1,18.918048591449377,
SOL,-1,LEGACY_SMC,2023-08-25 14:30:00+00:00,2023-08-25 14:45:00+00:00,20.583881744003296,20.33937954102114,0.9118942707794375,18.770323832758063,20.76725839623991,20.33937954102114,TP,0.2229601580923777,0.018658843753711872,0.0,0.21368647625504486,0.16722011856928168,1.2778754020947038,1,19.131735067704422,
BTC,-1,LEGACY_SMC,2023-08-26 00:45:00+00:00,2023-08-26 02:15:00+00:00,26044.390079999997,26121.11840753065,0.0011018727070746068,28.697602601556632,26108.06437534298,25959.49101954269,SL,-0.08454484996550535,0.028739875026539387,0.0,-0.09893592369126641,0.07016096818063969,-1.4101276857602847,6,19.008902411180156,
LINK,-1,LEGACY_SMC,2023-08-26 01:15:00+00:00,2023-08-26 06:15:00+00:00,6.017796253395081,5.980746603690804,3.1732319042338966,19.09586306445248,6.045583490673288,5.980746603690804,TP,0.1175671304823008,0.01903707949921133,0.0,0.10807798251531571,0.08817534786172632,1.225716542505736,20,19.102767197213723,
SOL,-1,LEGACY_SMC,2023-08-26 07:15:00+00:00,2023-08-26 08:45:00+00:00,20.36592683906555,20.236481727556995,0.9491600938316705,19.330525029536396,20.463010672696967,20.236481727556995,TP,0.12286413418551184,0.01926909296244364,0.0,0.1132603037378364,0.09214810063913303,1.2291116469278318,6,19.20636223843679,
LINK,-1,LEGACY_SMC,2023-08-27 00:30:00+00:00,2023-08-27 00:45:00+00:00,6.012797138977051,5.988990574734308,3.257969989642257,19.589512632594058,6.030652062159108,5.988990574734308,TP,0.07756107185934631,0.019550732096664386,0.0,0.06780509607897896,0.05817080389450901,1.1656207502640232,1,19.26437257819947,
BTC,-1,LEGACY_SMC,2023-08-26 02:30:00+00:00,2023-08-27 01:30:00+00:00,26055.88778,25979.468712008584,0.0010909777169564518,28.42639296349791,26113.202080993564,25979.468712008584,TP,0.08337150032921625,0.028384707213333304,0.0,0.0691999895976319,0.06252862524691219,1.1066929638125886,92,19.323705298556103,
SOL,-1,LEGACY_SMC,2023-08-27 00:45:00+00:00,2023-08-27 06:45:00+00:00,20.30293780670166,20.38555903196171,0.9720040848219869,19.734538482000765,20.375371346288567,20.20635975391912,SL,-0.08030816844576462,0.019774692566223648,0.0,-0.09021559177098788,0.0704056963565886,-1.281367793226087,24,19.233489706785114,
SOL,-1,LEGACY_SMC,2023-08-27 08:30:00+00:00,2023-08-27 08:45:00+00:00,20.39991852874756,20.50024477100372,1.4142328323283218,28.85023456017767,20.463273537291364,20.315445184022483,SL_GAP,-0.14188466574279018,0.02892117689304907,0.0,-0.15638072535575043,0.08959873317509075,-1.7453452723506326,1,19.062683864149278,
XRP,1,LEGACY_SMC,2023-08-27 18:15:00+00:00,2023-08-27 21:45:00+00:00,0.5247949103951454,0.5223871455138914,54.48609586303722,28.594025796223917,0.5226484697487658,0.5276568312569847,SL,-0.13118970813565647,0.02852843094215609,0.0,-0.1454211261797006,0.11695117082295782,-1.2434345475672146,14,18.902965725071464,
SOL,1,LEGACY_SMC,2023-08-28 01:00:00+00:00,2023-08-28 01:45:00+00:00,20.583116273117064,20.456133740301055,1.377558587891767,28.354448587607195,20.466366923762937,20.738782072255898,SL,-0.17492587859294015,0.028266985648310726,0.0,-0.18901563994744727,0.1608290688335531,-1.1752579388684101,3,18.699772860830215,
XRP,-1,LEGACY_SMC,2023-08-28 12:30:00+00:00,2023-08-28 18:45:00+00:00,0.5208258062005043,0.5236729156205043,53.85612417301561,28.049659291245323,0.5234112100154966,0.517378601113848,SL,-0.1533342784576821,0.028126326430474167,0.0,-0.1674357752425336,0.1392398288976126,-1.2024991453103147,25,18.518312255942057,
SOL,-1,LEGACY_SMC,2023-08-29 14:15:00+00:00,2023-08-29 14:30:00+00:00,20.420914237213136,21.23361107254028,1.3602460722984706,27.777468383913085,20.554271464062666,20.243104601413762,SL_GAP,-1.105467678223146,0.02833020222302466,0.0,-1.1199091462542141,0.18139864403468872,-6.173745962731974,1,17.375272580285657,
XRP,-1,LEGACY_SMC,2023-08-29 14:15:00+00:00,2023-08-29 14:30:00+00:00,0.5198959809303284,0.5358077546954154,35.5524779925913,18.483590420462168,0.5221810381156962,0.5168492380165047,SL_GAP,-0.5657029866063475,0.018766441913765343,0.0,-0.5752276333098818,0.08123944529459975,-7.080644522176704,1,16.800044946975774,
LINK,1,LEGACY_SMC,2023-08-30 01:45:00+00:00,2023-08-30 03:00:00+00:00,6.117223375511169,6.075591013989195,4.119527091547133,25.20006742046366,6.078630329153771,6.168680770654365,SL,-0.17150564117485645,0.02511431459987623,0.0,-0.18401992206450085,0.15898510001463373,-1.1574664672825492,5,16.60342499120104,
XRP,1,LEGACY_SMC,2023-08-30 03:30:00+00:00,2023-08-30 06:45:00+00:00,0.5325664662837982,0.529073505679089,43.61706591634698,23.22898666473641,0.5293381747664722,0.5368708549735663,SL,-0.15235269293880752,0.023152810318267006,0.0,-0.16389100992470632,0.14080860390839478,-1.1639275255603567,13,16.418791110509126,
SOL,1,LEGACY_SMC,2023-08-30 03:15:00+00:00,2023-08-30 12:30:00+00:00,21.53830719680786,21.33175797950313,0.8476411216005351,18.256754869679092,21.34242919410018,21.799477867084768,SL,-0.17507961022189367,0.018169215064568145,0.0,-0.18412044785162227,0.1660342499120104,-1.108930524570663,37,16.223275551204207,
XRP,1,LEGACY_SMC,2023-08-30 07:00:00+00:00,2023-08-30 13:30:00+00:00,0.5302560262799263,0.5273850961603593,42.97965846136859,22.79022290659372,0.5276489206206696,0.5337321671589353,SL,-0.12339159600544407,0.022728527108590996,0.0,-0.1347250116607382,0.1120525108075543,-1.2023381777863327,26,16.08855053954347,
ETH,1,LEGACY_SMC,2023-08-30 13:45:00+00:00,2023-08-30 14:30:00+00:00,1714.3428,1706.8706534075166,0.009367079038849068,16.05838450728182,1707.7245156653491,1723.1671791128674,SL,-0.06999218772165819,0.01602338841342099,0.0,-0.07798638388143828,0.06199399246425022,-1.2579667929341753,3,15.990468550503731,
BTC,1,LEGACY_SMC,2023-08-30 13:45:00+00:00,2023-08-30 14:45:00+00:00,27303.85968,27174.393181065938,0.0008838613328720126,24.132825809315204,27187.987174653263,27458.356353795654,SL,-0.11443043231013442,0.024075610593160136,0.0,-0.12643962999863695,0.10241522701898793,-1.2345784282174648,4,15.864028920505094,
LINK,-1,LEGACY_SMC,2023-08-31 05:30:00+00:00,2023-08-31 07:00:00+00:00,5.972805177116395,5.995831424161332,2.651063176636839,15.834283866279147,5.992835006658003,5.946098737727583,SL,-0.061044035636975746,0.015864805884097638,0.0,-0.0689916995879338,0.05310034353207186,-1.2992703059682427,6,15.775222057293641,
LINK,-1,LEGACY_SMC,2023-08-31 07:00:00+00:00,2023-08-31 07:30:00+00:00,5.971805449581146,5.996798905716441,2.6193103399866398,15.64201176247646,5.993802004714084,5.942476709403897,SL,-0.06546561808717874,0.01567474457152005,0.0,-0.07331935677746056,0.05761580430378945,-1.2725563352525875,2,15.694081694634942,
LINK,-1,LEGACY_SMC,2023-08-31 07:45:00+00:00,2023-08-31 11:00:00+00:00,5.977804291534424,6.00628495357107,2.5827477954897526,15.439160855829716,6.003283311915113,5.943832264360172,SL,-0.07355836708923617,0.015475940039374334,0.0,-0.08131472670069564,0.06580588371946285,-1.2356756281451757,13,15.605047387506332,
ETH,1,LEGACY_SMC,2023-08-30 15:00:00+00:00,2023-08-31 11:15:00+00:00,1703.3506117675781,1715.1659839413435,0.013970138159673616,23.79604338075764,1694.4890826372541,1715.1659839413435,TP,0.1650623816754652,0.023878574571595375,0.0,0.15308182879424864,0.12379678625659889,1.2365573729591768,81,15.758129216300581,
BTC,1,LEGACY_SMC,2023-08-31 12:15:00+00:00,2023-08-31 13:00:00+00:00,27271.553219999998,27134.274767587678,0.0008667344185998246,23.637193824450872,27147.848691933643,27436.49259075514,SL,-0.11898395963787577,0.023577701844631933,0.0,-0.13074306457028226,0.107218972211758,-1.2194023303269879,3,15.615567554818073,
ETH,1,LEGACY_SMC,2023-08-31 14:00:00+00:00,2023-08-31 14:15:00+00:00,1704.9408955810547,1697.3439362047038,0.013738512222292774,23.42335133222711,1698.1930327210644,1713.9380460610419,SL,-0.10437091924425886,0.02337116587260498,0.0,-0.11603040945075029,0.09270559637633347,-1.2516009171628752,1,15.487825469701209,
BTC,-1,LEGACY_SMC,2023-09-01 12:15:00+00:00,2023-09-01 12:30:00+00:00,26077.183520000002,26001.22231103911,0.0008908837178192245,23.231738204551814,26134.154426720674,26001.22231103911,TP,0.06767260424912307,0.023197901902427254,0.0,0.05609057144897172,0.05075445318684393,1.1051359620107377,1,15.532300172047904,
SOL,-1,LEGACY_SMC,2023-09-01 12:30:00+00:00,2023-09-01 13:30:00+00:00,19.85302895088196,19.743448479036147,0.7808973203827719,15.503177109225316,19.93521430476632,19.743448479036147,TP,0.0855710968306754,0.015460391560809979,0.0,0.07786229382447808,0.06417832262300587,1.2132179627357065,4,15.590761652188734,
BTC,-1,LEGACY_SMC,2023-09-01 12:30:00+00:00,2023-09-01 13:45:00+00:00,26056.88758,25972.666457393454,0.0008941378814542154,23.298450258071856,26120.053421954908,25972.666457393454,TP,0.07530529614111157,0.023260797610001303,0.0,0.0636937236601462,0.056478972105834496,1.127742260266213,5,15.65445537584888,
LINK,1,LEGACY_SMC,2023-09-01 14:00:00+00:00,2023-09-01 14:45:00+00:00,5.9781956365585325,5.941313688370986,3.927888026978491,23.481683063773318,5.944285831286629,6.023408710254404,SL,-0.14486816269750463,0.023409248982424566,0.0,-0.15653657014804254,0.133193918124683,-1.1752531373204926,3,15.48617796416895,
ETH,-1,LEGACY_SMC,2023-09-02 11:00:00+00:00,2023-09-02 13:30:00+00:00,1634.0030900634765,1637.8282572096493,0.009459676958068462,15.457141380486135,1637.0097523334828,1629.9942070368015,SL,-0.03618484551341149,0.01547523380324284,0.0,-0.04393150862641126,0.028442053796271894,-1.544596917687065,10,15.42290325137917,
BTC,-1,LEGACY_SMC,2023-09-02 10:15:00+00:00,2023-09-02 14:30:00+00:00,25838.73122,25892.68379971392,0.0008990095817194472,23.229266946253425,25879.743927750045,25784.04760966661,SL,-0.04850388612129425,0.02325351888931407,0.0,-0.060142771537481605,0.036870817239548784,-1.6311754400976661,17,15.362760479841688,
BTC,-1,LEGACY_SMC,2023-09-02 15:00:00+00:00,2023-09-02 15:15:00+00:00,25859.227120000003,25934.06055,0.0008911380302599906,23.04414071976253,25907.829272123618,25794.424250501852,SL_GAP,-0.06668691540779455,0.02307748417746643,0.0,-0.07824232922537971,0.043311226109834115,-1.806513836088659,1,15.265329102604458,
ETH,-1,LEGACY_SMC,2023-09-02 15:00:00+00:00,2023-09-02 15:15:00+00:00,1637.3824189453126,1641.6652745465562,0.009364919964035675,15.333955303941984,1640.8448521204962,1632.765841378401,SL,-0.040108599923168974,0.015354009603903568,0.0,-0.04779563187510155,0.032425409566416374,-1.4740178308990248,1,15.217533470729355,
BTC,-1,LEGACY_SMC,2023-09-02 15:30:00+00:00,2023-09-02 16:30:00+00:00,25940.8108,25865.39710130006,0.0005855252834067831,15.18900059547174,25997.37107402495,25865.39710130006,TP,0.0441566273040362,0.015166922281819721,0.0,0.03658420531995235,0.03311747047802555,1.1046799405838403,4,15.235110025648524,
XRP,-1,LEGACY_SMC,2023-09-02 15:15:00+00:00,2023-09-02 16:45:00+00:00,0.5008098021149635,0.49792373695382025,45.578780825967414,22.826300206094032,0.502974350985821,0.49792373695382025,TP,0.1315433314292089,0.02276052854037943,0.0,0.12019595299187649,0.09865749857190859,1.2183154319919145,6,15.3553059786404,
ETH,-1,LEGACY_SMC,2023-09-03 12:45:00+00:00,2023-09-03 13:00:00+00:00,1638.0823521728516,1632.2900390625,0.014060928583601605,23.0329589679606,1640.7631041205063,1634.5080162426455,TP_GAP,0.08144530097851373,0.022992236317471344,0.0,0.06996954414502268,0.037693861686323625,1.8562583140800766,1,15.413759043301443,
ETH,-1,LEGACY_SMC,2023-09-03 13:00:00+00:00,2023-09-03 13:30:00+00:00,1631.9635810546874,1636.301306265164,0.014167374096675622,23.120638564952166,1635.4835644829225,1627.2702698170406,SL,-0.061454175785401466,0.02315136565284487,0.0,-0.07304522215577025,0.04986892204190451,-1.4647443571046284,2,15.32146107274065,
LINK,1,LEGACY_SMC,2023-09-03 13:15:00+00:00,2023-09-03 16:45:00+00:00,6.0012,5.967108092495737,2.5636303147862516,15.384858245095252,5.970093139065269,6.042675814579642,SL,-0.08739904756681738,0.015341158721311844,0.0,-0.09504777716558159,0.07974649169011637,-1.1918740893947268,14,15.22641329557507,
ETH,-1,LEGACY_SMC,2023-09-03 18:30:00+00:00,2023-09-03 20:45:00+00:00,1635.7827633544923,1642.0464427797647,0.013962501901246042,22.839619943362603,1641.2258298648323,1628.5253413407056,SL,-0.08745663588416101,0.022883348261304684,0.0,-0.0989201741737844,0.07599882649923134,-1.3016013368941282,9,15.108474379544282,
SOL,-1,LEGACY_SMC,2023-09-03 18:30:00+00:00,2023-09-03 20:45:00+00:00,19.469104972839357,19.600013758942566,0.7806144037873266,15.19786377064587,19.590218649617757,19.30762007046816,SL,-0.10218928401447916,0.01524895841265311,0.0,-0.10983931054180933,0.09454308058886153,-1.1617911100175204,9,14.998635069002471,
LINK,1,LEGACY_SMC,2023-09-04 14:00:00+00:00,2023-09-04 14:45:00+00:00,6.042208089351654,6.005601058893515,3.7234653740496713,22.497952603503705,6.008605361574302,6.0870117263881225,SL,-0.1363050103576596,0.022429800098324876,0.0,-0.1474858341542326,0.12511859335258502,-1.1787683205374324,3,14.839900258546486,
BTC,-1,LEGACY_SMC,2023-09-05 15:30:00+00:00,2023-09-05 15:45:00+00:00,25685.961779999998,25804.036339009424,0.0008666154134493822,22.25985038781973,25791.140768625115,25545.72312849984,SL,-0.1023252327738077,0.022311013004206633,0.0,-0.11350632058410447,0.0911497327135438,-1.245273213700151,1,14.715264012768472,
SOL,1,LEGACY_SMC,2023-09-06 05:00:00+00:00,2023-09-06 05:15:00+00:00,20.049009076309204,19.90433615691587,1.092319311488447,21.899919790259695,19.914293303567653,20.228630106631275,SL,-0.15802902370274904,0.02182090527840832,0.0,-0.16889996908602753,0.14715264012768473,-1.147787555421857,1,14.535414083787314,
LINK,1,LEGACY_SMC,2023-09-06 14:15:00+00:00,2023-09-06 15:00:00+00:00,6.132226241970062,6.178451125527194,3.5554984870676294,21.80312112568097,6.0975575793022125,6.178451125527194,TP,0.16435250355225997,0.0218852973774571,0.0,0.15336876673764335,0.12326437766419655,1.2442261880026588,3,14.677881289962116,
LINK,1,LEGACY_SMC,2023-09-06 17:15:00+00:00,2023-09-06 17:30:00+00:00,6.155230605411529,6.2226279456413005,2.9037508483118666,17.87325609201889,6.104682600239201,6.2226279456413005,TP,0.19570508386616153,0.017971108633951974,0.0,0.186670603278219,0.14677881289962116,1.2717816665125843,1,14.855615265194325,
SOL,-1,LEGACY_SMC,2023-09-06 18:00:00+00:00,2023-09-06 18:15:00+00:00,19.638071798324585,19.337127055007596,0.6581768733337062,12.92532469452411,19.863780355812327,19.337127055007596,TP,0.198074870202591,0.012826287259422814,0.0,0.19171124529043027,0.14855615265194325,1.2904968381861397,1,15.030063448887296,
XRP,-1,LEGACY_SMC,2023-09-06 18:00:00+00:00,2023-09-07 08:45:00+00:00,0.5019995708465577,0.49739834079855516,43.02951586983692,21.600798500393278,0.5054504933825595,0.49739834079855516,TP,0.19798870137129418,0.021501804149707635,0.0,0.1872872964717832,0.14849152602847063,1.2612658882357648,59,15.217350745359079,
LINK,1,LEGACY_SMC,2023-09-07 13:00:00+00:00,2023-09-07 14:30:00+00:00,6.225244777107239,6.2620265386359435,3.6666873248067637,22.82602611803862,6.197658455960711,6.2620265386359435,TP,0.13486721878136582,0.022893459727429302,0.0,0.12338677211295582,0.10115041408602436,1.219834572382673,6,15.329324504413016,
BTC,-1,LEGACY_SMC,2023-09-07 15:30:00+00:00,2023-09-07 16:15:00+00:00,25741.15074,25837.452107442907,0.000893277343692659,22.993986756619524,25824.539837524146,25629.965276634477,SL,-0.08602382970336957,0.023036998671471208,0.0,-0.09756383499653101,0.0744895915292961,-1.3097646663582525,3,15.220263676038174,
XRP,-1,LEGACY_SMC,2023-09-07 16:15:00+00:00,2023-09-07 20:45:00+00:00,0.5004098753452301,0.5024800398045334,45.62339122165943,22.830395514057262,0.5022289253418625,0.4979844753497203,SL,-0.09444792301996967,0.022877619475567247,0.0,-0.10591034473850829,0.08299122964811848,-1.2761630980474263,18,15.102938133542638,
LINK,1,LEGACY_SMC,2023-09-08 06:15:00+00:00,2023-09-08 08:15:00+00:00,6.317263184738159,6.283383186703836,3.5861110322338026,22.65440720031396,6.2865264499288,6.358245497817303,SL,-0.1214974347229435,0.022593658482952486,0.0,-0.132763889605739,0.11022534379468471,-1.2044769835604827,8,14.958847040336742,
SOL,1,LEGACY_SMC,2023-09-08 08:30:00+00:00,2023-09-08 09:30:00+00:00,19.79495856628418,19.66174984925226,1.1335346060649585,22.438270560505114,19.671585642073296,19.95945579856536,SL,-0.15099669058519577,0.022362772215212517,0.0,-0.16214032752015572,0.13984747904446596,-1.159408297010499,4,14.785487577536333,
BTC,1,LEGACY_SMC,2023-09-08 09:30:00+00:00,2023-09-08 09:45:00+00:00,26136.32622,26041.51769043005,0.0008485596322766017,22.1782313663045,26054.544962911503,26245.367896117998,SL,-0.0804506909885615,0.022138006020810223,0.0,-0.09149958132621946,0.06939627344213256,-1.3185085709612085,1,14.682898880526961,
BTC,1,LEGACY_SMC,2023-09-08 09:45:00+00:00,2023-09-08 10:00:00+00:00,26126.92434,26028.760139331473,0.0008429751636349875,22.02434832079044,26041.781029846396,26240.44875353814,SL,-0.08274998312165081,0.02198297332922962,0.0,-0.09372078229048521,0.07177369580916039,-1.3057817524080144,1,14.570838239853517,
ETH,1,LEGACY_SMC,2023-09-08 09:45:00+00:00,2023-09-08 10:00:00+00:00,1642.6385206054688,1634.722269042969,0.008921846323026734,14.655368445125976,1638.3980462707984,1648.2924863850294,SL_GAP,-0.07062757989504381,0.014620054655178454,0.0,-0.07791995032765928,0.03783286035066792,-2.0595839068320307,1,14.492918289525857,
ETH,-1,LEGACY_SMC,2023-09-08 19:45:00+00:00,2023-09-08 23:00:00+00:00,1634.5530288818359,1639.9930692290948,0.013299891193594524,21.739377434288784,1639.1734824878508,1628.3924240738158,SL,-0.07235194470730755,0.021775553406642438,0.0,-0.08325780939680559,0.061451530225050455,-1.3548533143421366,13,14.398790791411907,
XRP,1,LEGACY_SMC,2023-09-09 03:00:00+00:00,2023-09-09 03:15:00+00:00,0.5028205423593521,0.5014486594391798,42.95406485537384,21.59818618711786,0.5016995091937767,0.504315253246786,SL,-0.0589279479270614,0.02156872221315433,0.0,-0.0696975770466568,0.0481529312991523,-1.4474212714830879,1,14.318294121271691,
BTC,-1,LEGACY_SMC,2023-09-09 15:15:00+00:00,2023-09-09 15:30:00+00:00,25873.024360000003,25920.016329676106,0.0008301094175566081,21.477441181907537,25907.06279827697,25827.639775630712,SL,-0.03900847657766732,0.02149694542019637,0.0,-0.04976670140690992,0.028255628172628958,-1.7613022475684543,1,14.257788699273828,
BTC,-1,LEGACY_SMC,2023-09-09 16:45:00+00:00,2023-09-09 22:15:00+00:00,25884.62204,25937.582690681767,0.0008262312277869653,21.38668304891074,25924.620380491524,25831.29091934463,SL,-0.04375774343719461,0.021408561920629336,0.0,-0.054472963833368575,0.03304787797375428,-1.6483044350572074,22,14.192622393916004,
ETH,-1,LEGACY_SMC,2023-09-10 14:00:00+00:00,2023-09-10 14:30:00+00:00,1626.6645922363282,1622.5465191893134,0.013087475864711677,21.288933590874006,1629.7531470215893,1622.5465191893134,TP,0.05389518161192629,0.021261986000068043,0.0,0.04327766240729525,0.04042138620894397,1.0706624998852532,2,14.225255589527862,
BTC,-1,LEGACY_SMC,2023-09-10 20:00:00+00:00,2023-09-10 20:15:00+00:00,25797.63944,25895.519933872936,0.0008271254210649513,21.337883384291793,25882.578644550664,25684.38716726578,SL,-0.08095944470869859,0.021378363106646144,0.0,-0.09166886612319884,0.07025537532889059,-1.3047950522513618,1,14.122917781712518,
SOL,-1,LEGACY_SMC,2023-09-10 20:30:00+00:00,2023-09-10 21:30:00+00:00,18.369324591445924,18.60385911685869,0.6270240880183929,11.518008999465218,18.59456183594072,18.06900826545286,SL,-0.14705879690576606,0.011591538397918103,0.0,-0.15289133080395156,0.14122917781712518,-1.0825760877963013,4,13.953679577325923,
XRP,-1,LEGACY_SMC,2023-09-10 20:30:00+00:00,2023-09-11 00:15:00+00:00,0.499690054833889,0.4962975033274687,42.377745886614825,21.175738165819176,0.5022344684637043,0.4962975033274687,TP,0.14376868564633247,0.02110385382299601,0.0,0.13325270090624605,0.10782651423475348,1.2358064419678465,15,14.086932278232169,
SOL,-1,LEGACY_SMC,2023-09-12 03:15:00+00:00,2023-09-12 03:30:00+00:00,17.856428610229493,18.36517890071869,0.8343560117527155,14.898618559378164,18.02526459966091,17.631313957654267,SL_GAP,-0.42447886335060125,0.015110857991053463,0.0,-0.43214041206196563,0.1408693227823217,-3.067668698384605,1,13.647342556890514,
BTC,1,LEGACY_SMC,2023-09-13 00:15:00+00:00,2023-09-13 07:30:00+00:00,25871.873340000002,26047.245896308083,0.0007912459050147688,20.47101383533577,25740.34392276894,26047.245896308083,TP,0.1387628170307408,0.020540395243851144,0.0,0.12845792870455755,0.1040721127730556,1.2343165261252913,29,13.765564978677403,
SOL,-1,LEGACY_SMC,2023-09-13 07:45:00+00:00,2023-09-13 08:30:00+00:00,18.00639822883606,18.26281780070783,0.5562331333198645,10.015755306630739,18.253690955230216,17.676674593643845,SL,-0.14262906190677313,0.010087069837584126,0.0,-0.14770825409104188,0.13755240804943397,-1.0738325572458032,3,13.602524673199039,
ETH,-1,LEGACY_SMC,2023-09-13 07:45:00+00:00,2023-09-13 09:15:00+00:00,1588.672192236328,1595.9726592204863,0.012997236037064399,20.648347468016105,1595.175071684644,1580.0016863052401,SL,-0.09488589257390007,0.020695790414303056,0.0,-0.10525750925419507,0.08451945911033791,-1.245364207984154,6,13.497267163944844,
ETH,1,LEGACY_SMC,2023-09-15 00:30:00+00:00,2023-09-15 02:00:00+00:00,1626.2552397216796,1633.0866232933845,0.012449399240295263,20.245900745917268,1621.1317020429008,1633.0866232933845,TP,0.08504662144774876,0.020288424056641143,0.0,0.07488114776406625,0.06378496608581298,1.1739623356281956,6,13.555289381441945,
BTC,1,LEGACY_SMC,2023-09-15 01:15:00+00:00,2023-09-15 03:00:00+00:00,26487.396419999997,26607.615982432497,0.000508617743110459,13.471959788012448,26397.23174817562,26607.615982432497,TP,0.06114580252214482,0.013502532689273521,0.0,0.05437924972687752,0.04585935189160908,1.1857832150660492,7,13.609668631168823,
ETH,1,LEGACY_SMC,2023-09-15 11:30:00+00:00,2023-09-15 11:45:00+00:00,1624.814888232422,1620.0016305098234,0.01256420229442964,20.414502946753235,1620.8120365280872,1630.1520238382013,SL,-0.06047474372195406,0.020384265574892257,0.0,-0.0706517578234697,0.05029263856786384,-1.4048131065570102,1,13.522017546620734,
ETH,1,LEGACY_SMC,2023-09-15 11:45:00+00:00,2023-09-15 12:00:00+00:00,1623.9947779541014,1619.1678500775647,0.01245132905509746,20.220893364066452,1619.9778389970631,1629.350696563486,SL,-0.06010166731598166,0.02019084253040846,0.0,-0.07018206316435689,0.050016228748323774,-1.4031858242952584,1,13.441725036774345,
LINK,1,LEGACY_SMC,2023-09-15 11:30:00+00:00,2023-09-15 13:30:00+00:00,6.124224744987488,6.158787605231377,2.218101240259617,13.584150502485382,6.09830259980457,6.158787605231377,TP,0.07666392317389147,0.013622482464072327,0.0,0.06983351596106183,0.05749794238041958,1.214539391671223,8,13.511558552735407,
XRP,1,LEGACY_SMC,2023-09-15 15:00:00+00:00,2023-09-15 15:45:00+00:00,0.4896779214084148,0.49351984728958187,41.38911913939281,20.26733782910311,0.48679647699753953,0.49351984728958187,TP,0.1590139280203398,0.02034684479311328,0.0,0.1488007521417781,0.11926044601525487,1.2476957542381206,3,13.650225635962633,
LINK,1,LEGACY_SMC,2023-09-16 08:30:00+00:00,2023-09-16 12:00:00+00:00,6.276255095386505,6.24028237350424,2.1708218126618655,13.624631462895202,6.24340407554201,6.320056455179165,SL,-0.07809036932284008,0.013585586278233783,0.0,-0.08486363986962626,0.07131371044661733,-1.190004549449883,14,13.548312011134586,
LINK,1,LEGACY_SMC,2023-09-16 13:45:00+00:00,2023-09-16 14:45:00+00:00,6.22224439458847,6.190205450829105,2.152831152942599,13.39544157389252,6.193302101880045,6.260834118199704,SL,-0.0689744362325366,0.013360954355776252,0.0,-0.07563766980136659,0.06230786938028141,-1.2139344605049787,4,13.465976620546273,
ETH,1,LEGACY_SMC,2023-09-16 08:30:00+00:00,2023-09-16 15:00:00+00:00,1635.6371206054687,1630.3726809110176,0.012518264715320554,20.475338453943948,1631.1882750485418,1641.568914681371,SL,-0.06590164967297993,0.02044238762910746,0.0,-0.07610636807511541,0.05569182635918896,-1.3665626187990532,26,13.389870252471159,
SOL,1,LEGACY_SMC,2023-09-16 15:15:00+00:00,2023-09-16 23:30:00+00:00,18.975794522094727,19.141002974380076,0.7043059108901251,13.364764245747772,18.851888182880717,19.141002974380076,TP,0.11635728947358016,0.013422942890484561,0.0,0.10961672870596949,0.08726796710518386,1.2560935282684964,33,13.4827621963649,
ETH,1,LEGACY_SMC,2023-09-16 15:15:00+00:00,2023-09-17 00:00:00+00:00,1635.4970779541015,1631.005905986391,0.012280551062696793,20.08480537870674,1631.8218168948383,1640.3974260331192,SL,-0.05515406668082053,0.02005722834536633,0.0,-0.06516889233683348,0.04513423110702309,-1.443890606717191,35,13.417593304028067,
XRP,1,LEGACY_SMC,2023-09-17 00:15:00+00:00,2023-09-17 00:45:00+00:00,0.49750948137044904,0.49577172474798553,40.454284209019626,20.1263899560421,0.49601973461529314,0.4994958103773236,SL,-0.07029970029124462,0.02009124010589648,0.0,-0.08032774541912005,0.0602666386325414,-1.332872501964072,2,13.320506145972633,
BTC,1,LEGACY_SMC,2023-09-17 00:30:00+00:00,2023-09-17 00:45:00+00:00,26509.20078,26448.32231237189,0.0005051995127173735,13.392435316583015,26461.553088916346,26572.731034778204,SL,-0.030755772180701683,0.013377057430492664,0.0,-0.03743661195290284,0.024071590317569752,-1.5552197199691462,1,13.283069534019731,
BTC,1,LEGACY_SMC,2023-09-18 17:45:00+00:00,2023-09-18 18:30:00+00:00,26813.46162,26632.873616409204,0.0007430821347650224,19.924604301029596,26646.196714766586,27036.48149364455,SL,-0.1341917192212007,0.019857508441418995,0.0,-0.14408692551210492,0.1242915628521135,-1.159265538269437,3,13.129020306357111,
SOL,1,LEGACY_SMC,2023-09-20 06:15:00+00:00,2023-09-20 08:45:00+00:00,19.930985445785524,20.092721322299624,0.6574889851245999,13.104403393282695,19.80968353839995,20.092721322299624,TP,0.1063395573074936,0.013157573171936441,0.0,0.09973418583219851,0.07975466798062021,1.2505122064633656,10,13.212355525262902,
BTC,1,LEGACY_SMC,2023-09-20 06:15:00+00:00,2023-09-20 09:45:00+00:00,27057.51042,26934.75751750347,0.0007278397071217192,19.693530459535665,26948.231633320127,27203.215468906496,SL,-0.08934443660141514,0.01964885824123496,0.0,-0.09914652961288227,0.07953744009169465,-1.2465391078538774,14,13.11320899565002,
LINK,1,LEGACY_SMC,2023-09-20 10:00:00+00:00,2023-09-20 12:30:00+00:00,6.813362197780609,6.752796865531211,2.2930303860110857,15.62324655041021,6.756174953007715,6.889611857477801,SL,-0.1388781471867272,0.015553807476816846,0.0,-0.14662033138833894,0.1311320899565002,-1.1181117561458571,10,12.958777040986474,
ETH,-1,LEGACY_SMC,2023-09-20 18:45:00+00:00,2023-09-20 19:15:00+00:00,1633.0433211181642,1623.1891899922769,0.011903031175051846,19.43816556147971,1640.4339194625795,1623.1891899922769,TP,0.11729402999448536,0.01937951854648247,0.0,0.10763359422874275,0.08797052249586267,1.2235188694463517,2,13.056691552434478,
SOL,1,LEGACY_SMC,2023-09-20 19:30:00+00:00,2023-09-20 20:45:00+00:00,20.048009425735472,20.333506606529813,0.6097756209527496,12.224787396444425,19.83388654013972,20.333506606529813,TP,0.17408922069912855,0.01231183200679399,0.0,0.16788978239055677,0.13056691552434477,1.2858524053840652,5,13.218468941126812,
ETH,-1,LEGACY_SMC,2023-09-22 01:30:00+00:00,2023-09-22 08:00:00+00:00,1592.7813555908203,1599.7073800714522,0.01244847784166547,19.827703411690216,1598.9079261083982,1584.6125949007167,SL,-0.08621846227797873,0.019870812642829208,0.0,-0.09617542321496284,0.07626647733346913,-1.261044518870898,26,13.105782824050074,
BTC,-1,LEGACY_SMC,2023-09-22 08:00:00+00:00,2023-09-22 12:45:00+00:00,26667.565420000003,26580.66673261701,0.0007338792439442333,19.570772748262982,26732.739435537245,26580.66673261701,TP,0.06377314299637693,0.019538886176764796,0.0,0.054019643193743624,0.047829857247281365,1.1294125950337033,19,13.150017080869686,
SOL,-1,LEGACY_SMC,2023-09-22 04:15:00+00:00,2023-09-22 13:45:00+00:00,19.683062874603273,19.516328781647257,0.6703064658136001,13.1936843118622,19.808113444320284,19.516328781647257,TP,0.11176294057998347,0.013137802841572208,0.0,0.10522197989434236,0.083822205434987,1.2552995873623625,38,13.255239060764028,
BTC,-1,LEGACY_SMC,2023-09-23 17:15:00+00:00,2023-09-23 18:00:00+00:00,26578.6832,26621.067123681438,0.0007480753821222431,19.882858591146043,26607.76324206041,26539.90981058612,SL,-0.03170636990383196,0.019898711776097956,0.0,-0.041663652384356896,0.021754063576472152,-1.9152124033239346,3,13.203633979084099,
LINK,1,LEGACY_SMC,2023-09-24 12:00:00+00:00,2023-09-24 14:15:00+00:00,7.096418790149689,7.158414620213774,2.7909078584986355,19.805450968626147,7.049921917601624,7.158414620213774,TP,0.17302464932000217,0.019891963293286147,0.0,0.1630354115110291,0.12976848699000224,1.2563559558461204,9,13.350177226528128,
BTC,-1,LEGACY_SMC,2023-09-24 13:15:00+00:00,2023-09-24 15:15:00+00:00,26590.580820000003,26564.98342569078,0.0004956220119667668,13.178877165373322,26609.778865731918,26564.98342569078,TP,0.012686632068642914,0.013172533849339002,0.0,0.006103536801990574,0.009514974051481735,0.6414664684282656,8,13.356280763330119,
LINK,1,LEGACY_SMC,2023-09-24 18:30:00+00:00,2023-09-24 18:45:00+00:00,7.106421019077301,7.051496877935097,1.875942573780945,13.331237736898878,7.055024390130162,7.174949857673486,SL,-0.10303453469701304,0.013279720469550373,0.0,-0.10964863629811397,0.09641712439075897,-1.1372319698493638,1,13.229949297591057,
SOL,1,LEGACY_SMC,2023-09-24 18:30:00+00:00,2023-09-24 19:15:00+00:00,19.55390923690796,19.451923539486213,1.024573700443503,20.03442114499518,19.461654366669546,19.676915730559177,SL,-0.10449186339970984,0.019982175213295324,0.0,-0.11445682804050758,0.09452191378410639,-1.2109025670167206,3,13.11549246955055,
LINK,1,LEGACY_SMC,2023-09-24 19:30:00+00:00,2023-09-24 23:00:00+00:00,7.061411942768097,7.003314601219473,2.402371812856177,16.96413701027205,7.006818010224585,7.134203852826114,SL,-0.13957141573829263,0.016894351302402903,0.0,-0.1479836985355595,0.1311549246955055,-1.1283121764518136,14,12.959026702509853,
BTC,-1,LEGACY_SMC,2023-09-25 15:45:00+00:00,2023-09-25 16:00:00+00:00,26259.747,26359.932158714662,0.0007402409495325594,19.43854005376478,26346.758779325002,26143.73129423333,SL,-0.0741611570160123,0.019475620632272782,0.0,-0.08391750762140268,0.06440968214805765,-1.3028710098041265,1,12.865389924861567,
BTC,-1,LEGACY_SMC,2023-09-25 16:00:00+00:00,2023-09-25 16:15:00+00:00,26238.55124,26378.1825,0.0007354859157723965,19.29808488729235,26327.983606516074,26119.308084645236,SL_GAP,-0.10269682513155234,0.019349433299858127,0.0,-0.1123972159877643,0.06577624598676705,-1.7087812522833319,1,12.73692303277078,
XRP,-1,LEGACY_SMC,2023-09-25 16:00:00+00:00,2023-09-25 16:15:00+00:00,0.4991601563334465,0.5016642674503216,25.72574584693874,12.841267318752454,0.5014135606699865,0.49615561721805984,SL,-0.0644201261652212,0.012873477381835065,0.0,-0.07087296988768005,0.05797050725221849,-1.2225694279217783,1,12.6660500628831,
LINK,1,LEGACY_SMC,2023-09-26 11:15:00+00:00,2023-09-26 13:30:00+00:00,7.3944787259101865,7.342887405040446,2.5693596260885925,18.99907509432465,7.346560685383137,7.4583694466129185,SL,-0.1325566568992936,0.018932796765875004,0.0,-0.1419899161180063,0.12311867869147766,-1.1532768027328977,9,12.51456060921793,
ETH,1,LEGACY_SMC,2023-09-26 13:45:00+00:00,2023-09-26 14:00:00+00:00,1589.1077970703125,1583.7440179932703,0.011812817826729414,18.771840913826896,1584.5362861363383,1595.203144982278,SL,-0.06336134509992213,0.018740160241276935,0.0,-0.07271558488428562,0.05400242585593881,-1.34652441500068,1,12.426213555972693,
LINK,1,LEGACY_SMC,2023-09-26 13:45:00+00:00,2023-09-26 14:15:00+00:00,7.375474872493744,7.3226974171258,1.6935988562119857,12.491095808075645,7.326360597424512,7.440960572586053,SL,-0.08938383804492774,0.012446403889053182,0.0,-0.0955846940299431,0.08317988008093168,-1.1491323855834115,2,12.330628861942749,
LINK,1,LEGACY_SMC,2023-09-26 14:30:00+00:00,2023-09-26 17:15:00+00:00,7.3504697771072385,7.297149882858607,2.48253562545793,18.247803085520527,7.300800283000107,7.416695769250081,SL,-0.1323685370178776,0.01818161881701159,0.0,-0.14142625429212893,0.1233062886194275,-1.1469508641901216,11,12.180078706107858,
SOL,-1,LEGACY_SMC,2023-09-27 10:45:00+00:00,2023-09-27 11:15:00+00:00,19.19316110343933,19.302785197986655,0.9519077113299416,18.27011805916179,19.29313862867232,19.059857736462007,SL,-0.10435202094716108,0.01832229406963537,0.0,-0.11353925598721555,0.09516937722896739,-1.1930230006029376,2,12.057404391091064,
BTC,1,LEGACY_SMC,2023-09-27 14:30:00+00:00,2023-09-27 14:45:00+00:00,26343.46764,26183.949555298266,0.0006865499574237751,18.086106586636596,26197.048079337932,26538.693720882755,SL,-0.10951713426029676,0.018031348019506448,0.0,-0.1185054289864849,0.10052434313854991,-1.1788729504370117,1,11.92985590881126,
LINK,1,LEGACY_SMC,2023-09-29 02:45:00+00:00,2023-09-29 07:30:00+00:00,7.714542420673371,7.791136904948484,2.0767127940895156,16.020888945558692,7.657096557467035,7.791136904948484,TP,0.1590647454508162,0.0161004213182841,0.0,0.15097476860531145,0.11929855908811261,1.2655204703168554,19,12.072820232943792,
LINK,1,LEGACY_SMC,2023-09-29 12:15:00+00:00,2023-09-29 13:30:00+00:00,7.710541910648346,7.774536868329296,2.3486326329938803,18.10923034941569,7.662545692387634,7.774536868329296,TP,0.15030064595654097,0.01818438067239396,0.0,0.14117088045885484,0.11272548446740521,1.2523421933012377,5,12.204936498227939,
BTC,1,LEGACY_SMC,2023-09-29 13:45:00+00:00,2023-09-29 14:00:00+00:00,26958.790680000002,26855.023779841755,0.0006790885008400499,18.30740474734191,26868.458008846177,27079.234241538437,SL,-0.0704669086652832,0.01827217129300927,0.0,-0.07958537758462152,0.06134387823072809,-1.297364625126619,1,12.116197418269646,
SOL,1,LEGACY_SMC,2023-09-29 14:15:00+00:00,2023-09-29 14:30:00+00:00,20.10502003211975,20.273983132317262,0.9039680685902943,18.174296127404467,19.978297706971617,20.273983132317262,TP,0.15273724734857352,0.018250664751078755,0.0,0.143573730661197,0.11455293551142935,1.2533396025182797,1,12.25068400086714,
XRP,1,LEGACY_SMC,2023-09-29 23:15:00+00:00,2023-09-30 01:45:00+00:00,0.5192638046622277,0.5137401849410234,23.260993528453596,12.07859199980827,0.5139971835327898,0.5262859661681448,SL,-0.12848488258857182,0.012014349558513984,0.0,-0.13445993614718169,0.1225068400086714,-1.0975708469638448,10,12.110184768720053,
XRP,1,LEGACY_SMC,2023-09-30 02:00:00+00:00,2023-10-01 02:00:00+00:00,0.5154230670332909,0.5161067775845528,28.351431627208136,14.612981844080263,0.5111516126221146,0.5211183395815259,TIME,0.019384172946903363,0.014622673930553713,0.0,0.01206798993838978,0.12110184768720053,0.09965157566844678,96,12.107124160811194,
SOL,1,LEGACY_SMC,2023-10-01 02:45:00+00:00,2023-10-01 08:15:00+00:00,21.22924538154602,21.415779887448053,0.6888420331852726,14.623596551613218,21.08934450211949,21.415779887448053,TP,0.12849280830476795,0.014687842955765602,0.0,0.12111676362480896,0.09636960622857658,1.2567942151546747,22,12.220929126160197,
ETH,1,LEGACY_SMC,2023-09-30 21:45:00+00:00,2023-10-01 08:45:00+00:00,1673.4846544189452,1681.1695517403023,0.00934828640890444,15.644213850414769,1667.7209814279272,1681.1695517403023,TP,0.07184062118306857,0.015680134161006304,0.0,0.06398259394726966,0.053880465887303025,1.187491475687986,44,12.284911720107466,
XRP,1,LEGACY_SMC,2023-10-01 15:00:00+00:00,2023-10-01 17:30:00+00:00,0.5179535517811775,0.5153891661898469,35.57725884259657,18.4273675801612,0.5156469896846891,0.5210289679098287,SL,-0.09123380995499572,0.018381750675183703,0.0,-0.10040187684009882,0.08206115674328947,-1.2235006283689653,10,12.175296159477286,
ETH,1,LEGACY_SMC,2023-10-01 20:15:00+00:00,2023-10-01 20:30:00+00:00,1676.3452117675781,1670.5954723674192,0.007249382402783503,12.152467479178267,1671.4311879614,1682.8972435091491,SL,-0.04168205962810281,0.012131626449364215,0.0,-0.04773745233787789,0.0356236377073674,-1.340049905347123,1,12.112351001280212,
BTC,1,LEGACY_SMC,2023-10-01 18:00:00+00:00,2023-10-01 21:30:00+00:00,27075.71406,27159.999738461895,0.0006745138539558034,18.26294423921593,27012.499801153575,27159.999738461895,TP,0.05685185781261323,0.01829137016812224,0.0,0.04769195976409896,0.04263889335946054,1.1185083853382245,14,12.160042961044311,
SOL,1,LEGACY_SMC,2023-10-02 12:15:00+00:00,2023-10-02 14:00:00+00:00,23.87377328109741,23.606350182643244,0.4757189381488124,11.357206074889149,23.61815926227438,24.214591972861452,SL,-0.12721823243308142,0.011293596958672608,0.0,-0.13283322635430944,0.12160042961044312,-1.092374646864748,7,12.021531131652557,
ETH,1,LEGACY_SMC,2023-10-02 14:30:00+00:00,2023-10-02 15:45:00+00:00,1712.3323882324219,1701.441846037284,0.010530839001470336,18.032296697478834,1702.2929925335507,1725.7182491642502,SL,-0.11468654649571623,0.017974953424230975,0.0,-0.12364535157120779,0.10572325977686642,-1.169518910334081,5,11.88287013635222,
XRP,1,LEGACY_SMC,2023-10-02 14:30:00+00:00,2023-10-02 15:45:00+00:00,0.520934141600132,0.5181873483933754,23.03360406350773,11.99899076078071,0.518446571679215,0.5242509014946878,SL,-0.06326854716876255,0.01196735648719633,0.0,-0.06923640827556853,0.0572977006386916,-1.2083627702996347,5,11.813633728076653,
ETH,1,LEGACY_SMC,2023-10-02 15:45:00+00:00,2023-10-02 16:00:00+00:00,1705.2809293945313,1691.1640047607423,0.010391513965037253,17.72045059211498,1695.0920931156495,1718.8660444330403,SL_GAP,-0.1466962194753972,0.017647102482377282,0.0,-0.155483096661717,0.10587743447947852,-1.4685196843511843,1,11.649290406118878,
BTC,1,LEGACY_SMC,2023-10-02 16:15:00+00:00,2023-10-02 18:30:00+00:00,28065.71202,27847.856257331565,0.0005712540337984604,16.032651202850936,27861.787150907017,28337.611845457308,SL,-0.12445098321058308,0.015970425711245642,0.0,-0.13240508332040327,0.11649290406118877,-1.1365935495165997,9,11.508868997197048,
BTC,1,LEGACY_SMC,2023-10-02 19:15:00+00:00,2023-10-02 21:30:00+00:00,27776.85426,27543.693132752313,0.000524603133747359,14.57182479043968,27557.471868686654,28069.364115084463,SL,-0.12231705802220362,0.014510666261428577,0.0,-0.12954181188841235,0.11508868997197048,-1.1255824696585033,9,11.372041272913416,
LINK,-1,LEGACY_SMC,2023-10-03 05:15:00+00:00,2023-10-03 06:30:00+00:00,7.589481880092621,7.657456418163585,1.7727895384805903,13.4545540795162,7.653629603361905,7.5039515824002425,SL,-0.12050454997525595,0.013514806354503828,0.0,-0.12729207929000166,0.11372041272913416,-1.1193423962784348,5,11.238021916583657,
BTC,-1,LEGACY_SMC,2023-10-03 07:00:00+00:00,2023-10-03 11:15:00+00:00,27624.87392,27507.397860100355,0.000610212119834192,16.857032874875486,27712.980964924736,27507.397860100355,TP,0.07168531554113225,0.01682119021710492,0.0,0.06329264176146507,0.05376398665584863,1.1772311857491295,17,11.292886041907686,
BTC,-1,LEGACY_SMC,2023-10-04 02:30:00+00:00,2023-10-04 08:45:00+00:00,27437.211460000002,27576.169019639074,0.0006173852283624718,16.93932906286153,27562.38782572621,27270.309639031726,SL,-0.08579034469045989,0.016982224235206757,0.0,-0.09430290439423589,0.07728203913945986,-1.2202434801708701,25,11.190113472982018,
ETH,-1,LEGACY_SMC,2023-10-04 19:15:00+00:00,2023-10-04 19:30:00+00:00,1652.1494844726562,1642.7436976008394,0.010159595343656586,16.785170209473026,1659.203824626519,1642.7436976008394,TP,0.09555898850633694,0.01673739071521986,0.0,0.0872141828958536,0.07166924137975386,1.216898368349286,1,11.268935070773136,
ETH,-1,LEGACY_SMC,2023-10-05 01:00:00+00:00,2023-10-05 04:00:00+00:00,1649.8300021728517,1641.766612033264,0.009842954619834976,16.23920184182962,1655.8775447775424,1641.766612033264,TP,0.07936758322598636,0.016199518050216626,0.0,0.07128766609668455,0.05952568741948978,1.1975950079216338,12,11.326144016930128,
XRP,1,LEGACY_SMC,2023-10-04 19:45:00+00:00,2023-10-05 05:15:00+00:00,0.5292258520245552,0.5239598036182532,22.520135764273455,11.918238037556277,0.524221914575541,0.5358977686232408,SL,-0.11859212505115599,0.0118589419750307,0.0,-0.12449194800740855,0.11268935070773135,-1.104735693528736,38,11.20165206892272,
XRP,1,LEGACY_SMC,2023-10-05 05:15:00+00:00,2023-10-05 05:30:00+00:00,0.5278055469632149,0.5251947939571925,31.834599314196137,16.80247810338408,0.5254575227185517,0.5309362459560991,SL,-0.08311227585505702,0.01676092196545655,0.0,-0.09147195876882154,0.07474841100887046,-1.2237311473814003,1,11.101778871102207,
BTC,1,LEGACY_SMC,2023-10-05 06:15:00+00:00,2023-10-05 07:15:00+00:00,27655.22994,27576.318664106348,0.0006021525889599351,16.65266830665331,27590.11372096683,27742.051565377562,SL,-0.047516629077495175,0.016628909992114565,0.0,-0.05581920491628308,0.0392098998741059,-1.4235997820832467,4,11.037633332032597,
BTC,1,LEGACY_SMC,2023-10-05 07:45:00+00:00,2023-10-05 09:00:00+00:00,27593.617619999997,27682.538242674098,0.0006000101264739095,16.556449998048894,27526.927152994424,27682.538242674098,TP,0.05335327405682597,0.016583126635077307,0.0,0.04504837242077311,0.040014955542618386,1.1257883911127633,5,11.074403479454345,
ETH,-1,LEGACY_SMC,2023-10-05 13:30:00+00:00,2023-10-05 15:00:00+00:00,1644.4010344726562,1637.8314459722394,0.010101918492473279,16.611605219181516,1649.328225847969,1637.8314459722394,TP,0.06636544756030012,0.016578422495401368,0.0,0.05809282767448951,0.04977408567022681,1.1671299812391873,6,11.124190504519243,
SOL,-1,LEGACY_SMC,2023-10-06 02:00:00+00:00,2023-10-06 02:15:00+00:00,23.108378269577027,23.31452332210742,0.5719565865301989,13.2169891553159,23.30287188616434,22.84905344746061,SL,-0.11790602057537145,0.013275942165603587,0.0,-0.12457346816331707,0.11124190504519244,-1.1198429954315205,1,10.993008541778266,
BTC,-1,LEGACY_SMC,2023-10-06 02:30:00+00:00,2023-10-06 06:45:00+00:00,27564.58598,27465.136946682836,0.0003980613624570185,10.97239665076243,27639.17275498787,27465.136946682836,TP,0.03958681769726349,0.0109526032419138,0.0,0.03412041278073091,0.0296901132729469,1.1492180062452246,17,11.013397999827282,
ETH,-1,LEGACY_SMC,2023-10-06 02:15:00+00:00,2023-10-06 07:15:00+00:00,1622.8953267089844,1628.5319151015617,0.010160552280414742,16.4895128126674,1627.718056073525,1616.4650208895966,SL,-0.05727085104596078,0.01651814823819038,0.0,-0.06554424287781746,0.04900159384270706,-1.3375941012900838,20,10.947853756949463,
ETH,-1,LEGACY_SMC,2023-10-06 08:00:00+00:00,2023-10-06 08:15:00+00:00,1630.4738888183595,1635.618427209773,0.010071783883227608,16.421780635424195,1634.801026696425,1624.7043716476055,SL,-0.051814678857284795,0.01644768797485284,0.0,-0.060051476514425536,0.043581997540803954,-1.3778963770121349,1,10.879591390117325,
XRP,-1,LEGACY_SMC,2023-10-06 15:30:00+00:00,2023-10-06 15:45:00+00:00,0.5229054134845734,0.5254747841236868,31.20906126487718,16.319387085175986,0.5252121780346695,0.5198297274177787,SL,-0.08018764568826466,0.01635948090802012,0.0,-0.08838743305369678,0.0719919561675942,-1.227740399884879,1,10.78304426352104,
LINK,1,LEGACY_SMC,2023-10-07 02:00:00+00:00,2023-10-07 05:15:00+00:00,7.632526241970062,7.5813512557465765,2.1191628934519953,16.17456639528156,7.585143827660406,7.695702794382936,SL,-0.10844813187772773,0.016120342329342695,0.0,-0.11648119100942965,0.10041105420719126,-1.1600435024721358,13,10.653094376286207,
ETH,1,LEGACY_SMC,2023-10-07 03:15:00+00:00,2023-10-07 07:45:00+00:00,1641.8783588378906,1636.216295730101,0.006555190887067167,10.762826055526936,1637.034813136669,1648.3364197728527,SL,-0.037115904486182,0.010744268103283845,0.0,-0.04247875956170238,0.03175036664174054,-1.3378982372398114,18,10.610615616724505,
SOL,1,LEGACY_SMC,2023-10-07 11:15:00+00:00,2023-10-07 11:45:00+00:00,23.566712674713134,23.376124296815565,0.44939321230860046,10.590720712443146,23.387818205918524,23.805238633105947,SL,-0.0856491233720741,0.01054789615075711,0.0,-0.09090165916660964,0.08039395999585043,-1.1307025947136025,2,10.50646063548913,
ETH,1,LEGACY_SMC,2023-10-07 08:15:00+00:00,2023-10-07 15:30:00+00:00,1639.317788232422,1635.2807957877517,0.009708870079576179,15.915923425086758,1636.0988452103568,1643.609712261842,SL,-0.03919463515753364,0.01589632610750799,0.0,-0.04713299955249825,0.03125229959478842,-1.5081450057632901,29,10.454152521854814,
SOL,1,LEGACY_SMC,2023-10-07 12:00:00+00:00,2023-10-07 17:15:00+00:00,23.476694522094725,23.276259466013485,0.4408724641322531,10.35022816363607,23.287903417722344,23.72841599459123,SL,-0.08836629707302253,0.010306045015099559,0.0,-0.09349722800630406,0.08323279939090104,-1.1233219198503266,21,10.36065529384851,
BTC,1,LEGACY_SMC,2023-10-07 19:00:00+00:00,2023-10-07 19:45:00+00:00,27896.678219999998,27833.66172564486,0.0005570908055150074,15.540982940772764,27847.58551840406,27962.13515546125,SL,-0.03510590960103631,0.015523429985972247,0.0,-0.042858848116622175,0.027349092676989387,-1.5671031073247332,3,10.3100259542615,
BTC,1,LEGACY_SMC,2023-10-07 20:00:00+00:00,2023-10-07 21:15:00+00:00,27867.5724,27939.05437453428,0.0005549474747715108,15.46503893139225,27813.960919099292,27939.05437453428,TP,0.03966874125947974,0.01548487330202199,0.0,0.03191638742315387,0.029751555944609296,1.072763639070676,5,10.334209822218957,
LINK,-1,LEGACY_SMC,2023-10-08 02:30:00+00:00,2023-10-08 03:45:00+00:00,7.572485081768036,7.614813600079793,2.0470578107377615,15.501314733328435,7.611008096031777,7.521121062749715,SL,-0.08664892402703761,0.015544639195341953,0.0,-0.09444290585571535,0.07885883724175309,-1.1976198123006438,5,10.226858842407177,
XRP,-1,LEGACY_SMC,2023-10-08 02:30:00+00:00,2023-10-08 05:30:00+00:00,0.5226054833054543,0.5213130522454353,19.737322910508862,10.3148331788023,0.5235748066004685,0.5213130522454353,TP,0.025509129171165722,0.010302078614216717,0.0,0.020364467146350155,0.019131846878373743,1.0644276674286863,12,10.247223309553528,
